// Created by Crowbar 0.74
version 1
nodes
  0 "ValveBiped.Bip01_Pelvis" -1
  1 "ValveBiped.Bip01_L_Thigh" 0
  2 "ValveBiped.Bip01_L_Calf" 1
  3 "ValveBiped.Bip01_L_Foot" 2
  4 "ValveBiped.Bip01_L_Toe0" 3
  5 "ValveBiped.Bip01_R_Thigh" 0
  6 "ValveBiped.Bip01_R_Calf" 5
  7 "ValveBiped.Bip01_R_Foot" 6
  8 "ValveBiped.Bip01_R_Toe0" 7
  9 "ValveBiped.Bip01_Spine" 0
  10 "ValveBiped.Bip01_Spine1" 9
  11 "ValveBiped.Bip01_Spine2" 10
  12 "ValveBiped.Bip01_Spine4" 11
  13 "ValveBiped.Bip01_Neck1" 12
  14 "ValveBiped.Bip01_Head1" 13
  15 "ValveBiped.Bip01_L_Clavicle" 12
  16 "ValveBiped.Bip01_L_UpperArm" 15
  17 "ValveBiped.Bip01_L_Forearm" 16
  18 "ValveBiped.Bip01_L_Hand" 17
  19 "ValveBiped.Bip01_L_Finger4" 18
  20 "ValveBiped.Bip01_L_Finger41" 19
  21 "ValveBiped.Bip01_L_Finger42" 20
  22 "ValveBiped.Bip01_L_Finger3" 18
  23 "ValveBiped.Bip01_L_Finger31" 22
  24 "ValveBiped.Bip01_L_Finger32" 23
  25 "ValveBiped.Bip01_L_Finger2" 18
  26 "ValveBiped.Bip01_L_Finger21" 25
  27 "ValveBiped.Bip01_L_Finger22" 26
  28 "ValveBiped.Bip01_L_Finger1" 18
  29 "ValveBiped.Bip01_L_Finger11" 28
  30 "ValveBiped.Bip01_L_Finger12" 29
  31 "ValveBiped.Bip01_L_Finger0" 18
  32 "ValveBiped.Bip01_L_Finger01" 31
  33 "ValveBiped.Bip01_L_Finger02" 32
  34 "ValveBiped.Bip01_R_Clavicle" 12
  35 "ValveBiped.Bip01_R_UpperArm" 34
  36 "ValveBiped.Bip01_R_Forearm" 35
  37 "ValveBiped.Bip01_R_Hand" 36
  38 "ValveBiped.Bip01_R_Finger4" 37
  39 "ValveBiped.Bip01_R_Finger41" 38
  40 "ValveBiped.Bip01_R_Finger42" 39
  41 "ValveBiped.Bip01_R_Finger3" 37
  42 "ValveBiped.Bip01_R_Finger31" 41
  43 "ValveBiped.Bip01_R_Finger32" 42
  44 "ValveBiped.Bip01_R_Finger2" 37
  45 "ValveBiped.Bip01_R_Finger21" 44
  46 "ValveBiped.Bip01_R_Finger22" 45
  47 "ValveBiped.Bip01_R_Finger1" 37
  48 "ValveBiped.Bip01_R_Finger11" 47
  49 "ValveBiped.Bip01_R_Finger12" 48
  50 "ValveBiped.Bip01_R_Finger0" 37
  51 "ValveBiped.Bip01_R_Finger01" 50
  52 "ValveBiped.Bip01_R_Finger02" 51
  53 "ValveBiped.Bip01_L_Elbow" 16
  54 "ValveBiped.Bip01_L_Ulna" 17
  55 "ValveBiped.Bip01_R_Ulna" 36
  56 "ValveBiped.Bip01_R_Shoulder" 35
  57 "ValveBiped.Bip01_L_Shoulder" 16
  58 "ValveBiped.Bip01_R_Latt" 11
  59 "ValveBiped.Bip01_R_Trapezius" 34
  60 "ValveBiped.Bip01_R_Wrist" 36
  61 "ValveBiped.Bip01_R_Bicep" 35
  62 "ValveBiped.Bip01_L_Bicep" 16
  63 "ValveBiped.Bip01_L_Trapezius" 15
  64 "ValveBiped.Bip01_L_Wrist" 17
  65 "ValveBiped.Bip01_L_Latt" 11
  66 "ValveBiped.Bip01_R_Elbow" 35
end
skeleton
  time 0
    0 -0.002349 0.382829 38.488790 1.570796 0.000000 0.055850
    1 3.890452 -0.000004 -0.000003 -1.637364 -0.008038 -1.528016
    2 17.848177 0.000000 0.000000 0.000000 0.000000 0.125737
    3 16.525253 0.000000 0.000000 -0.064304 -0.028823 -1.098973
    4 6.879454 0.000000 0.000000 -0.007299 -0.002951 -0.584373
    5 -3.890452 0.000004 0.000007 -1.235639 0.032883 -1.610826
    6 17.848173 0.000000 0.000000 0.000000 0.000000 0.089515
    7 16.525257 0.000000 0.000000 -0.017855 -0.123148 -1.094716
    8 6.879455 0.000000 0.000000 -0.081202 -0.002951 -0.584516
    9 0.000005 3.345128 -2.981901 1.531328 0.150499 1.566172
    10 3.998799 0.000000 0.000000 0.000000 0.000000 -0.000868
    11 3.518565 0.000000 0.000000 -0.017201 0.002876 0.191544
    12 8.923110 0.000000 0.000000 0.000000 0.000000 0.214362
    13 3.307271 0.000000 0.000000 3.141590 0.000000 0.406093
    14 3.601524 -0.000001 0.000000 0.053606 0.015300 0.339084
    15 2.056784 0.981236 1.937660 1.747946 -1.118157 2.814288
    16 6.028142 0.000001 0.000000 -1.131620 -0.006477 -0.926786
    17 11.692554 0.000000 0.000001 0.000000 0.000000 -0.329651
    18 11.481672 0.000000 -0.000032 1.568538 -0.005127 0.042471
    19 3.851891 0.123226 -1.223225 -0.630885 -0.018267 -0.184369
    20 1.312564 0.000001 0.000000 -0.010427 0.069216 -0.299519
    21 0.729362 0.000000 0.000000 -0.010427 0.069220 -0.299499
    22 3.926700 0.316309 -0.458788 -0.097248 -0.066041 -0.320850
    23 1.539095 0.000001 0.000000 -0.003296 0.021430 -0.306424
    24 1.196321 -0.000001 0.000000 -0.003308 0.021443 -0.306671
    25 3.883690 0.211047 0.404099 0.145549 0.028242 -0.322375
    26 1.719576 0.000000 0.000000 0.003811 -0.024733 -0.306239
    27 1.209180 0.000000 0.000000 0.003811 -0.024732 -0.306209
    28 3.867672 0.115964 1.301215 0.606557 0.043935 -0.315981
    29 1.719428 0.000000 0.000000 0.012979 -0.087488 -0.294848
    30 1.099666 -0.000001 0.000000 0.012979 -0.087480 -0.294833
    31 0.837299 -0.302047 1.313446 -1.404045 -0.282251 -0.427077
    32 1.789784 0.000000 -0.000001 -0.000024 -0.000259 0.260046
    33 1.206999 0.000000 -0.000001 -0.000036 -0.000310 0.303713
    34 2.056792 0.981240 -1.937610 -1.816178 1.118479 2.817929
    35 6.028143 0.000001 0.000000 1.310061 0.105450 -0.921817
    36 11.692554 0.000000 0.000001 0.000000 0.000000 -0.321359
    37 11.481699 0.000000 0.000003 -1.560004 -0.064157 0.034916
    38 3.851859 0.133064 1.220452 0.630261 0.016747 -0.184511
    39 1.312561 0.000001 0.000000 0.010750 -0.071449 -0.299029
    40 0.729364 0.000000 0.000000 0.010750 -0.071438 -0.299007
    41 3.926668 0.319868 0.458387 0.097557 0.063419 -0.321392
    42 1.539095 0.000000 0.000000 0.003679 -0.023915 -0.306273
    43 1.196326 0.000001 0.000000 0.003691 -0.023925 -0.306466
    44 3.883656 0.207493 -0.403698 -0.145121 -0.030874 -0.322134
    45 1.719576 0.000002 0.000000 -0.003428 0.022227 -0.306415
    46 1.209181 -0.000001 0.000000 -0.003428 0.022229 -0.306370
    47 3.867642 0.104977 -1.303937 -0.606295 -0.046512 -0.315602
    48 1.719425 0.000000 0.000000 -0.012656 0.085117 -0.295505
    49 1.099666 0.000001 0.000000 -0.012656 0.085110 -0.295484
    50 0.837268 -0.312959 -1.310521 1.401911 0.278797 -0.429216
    51 1.789784 0.000000 0.000000 0.000216 0.001729 0.260038
    52 1.206998 0.000000 0.000000 0.000300 0.002007 0.303683
    53 11.687500 0.000001 0.000002 0.000000 0.000000 -0.029498
    54 5.738281 0.000001 0.000001 0.000687 0.000000 0.000000
    55 5.738281 0.000000 0.000000 0.000080 0.000000 0.000000
    56 1.500000 0.000000 0.000003 0.000000 0.000000 0.000000
    57 1.499023 0.000000 0.000001 0.000000 0.000000 0.000000
    58 2.078125 1.478516 -5.000000 0.000000 0.000000 0.000000
    59 5.164063 0.000001 0.000000 0.000000 0.000000 0.000000
    60 11.476563 0.000000 0.000002 0.000149 0.000000 0.000000
    61 5.558594 0.000000 0.000000 0.000000 0.000000 0.000000
    62 5.558594 0.000001 0.000000 0.000000 0.000000 0.000000
    63 5.164063 0.000000 0.000000 0.000000 0.000000 0.000000
    64 11.476563 0.000001 0.000005 0.001270 0.000000 0.000000
    65 2.078125 1.478516 5.000000 0.000000 0.000000 0.000000
    66 11.687500 0.000001 0.000001 0.000000 0.000000 -0.029498
  time 1
    0 -0.021881 0.402361 38.488790 1.571385 0.000000 0.051933
    1 3.890452 -0.000004 -0.000003 -1.641334 -0.008308 -1.527493
    2 17.848177 0.000000 0.000000 0.000000 0.000000 0.124980
    3 16.525253 0.000000 0.000000 -0.064721 -0.028451 -1.098405
    4 6.879454 0.000000 0.000000 -0.007299 -0.002951 -0.584373
    5 -3.890452 0.000004 0.000007 -1.239608 0.014187 -1.616186
    6 17.848173 0.000000 0.000000 0.000000 0.000000 0.126560
    7 16.525257 0.000000 0.000000 -0.018492 -0.122701 -1.113400
    8 6.879455 0.000000 0.000000 -0.081321 -0.002951 -0.584391
    9 0.000005 3.345128 -2.981901 1.530418 0.149712 1.564184
    10 3.998799 0.000000 0.000000 0.000000 0.000000 -0.000868
    11 3.518565 0.000000 0.000000 -0.017201 0.002876 0.191544
    12 8.923110 0.000000 0.000000 0.000000 0.000000 0.214362
    13 3.307271 0.000000 0.000000 3.141590 0.000000 0.406093
    14 3.601524 -0.000001 0.000000 0.055800 0.016405 0.338344
    15 2.056784 0.981236 1.937660 1.747946 -1.118157 2.814288
    16 6.028142 0.000001 0.000000 -1.136208 0.014116 -0.914639
    17 11.692554 0.000000 0.000001 0.000000 0.000000 -0.396764
    18 11.481672 0.000000 -0.000032 1.570086 -0.022778 0.071707
    19 3.851891 0.123226 -1.223225 -0.630885 -0.018267 -0.184369
    20 1.312564 0.000001 0.000000 -0.010427 0.069216 -0.299519
    21 0.729362 0.000000 0.000000 -0.010427 0.069220 -0.299499
    22 3.926700 0.316309 -0.458788 -0.097248 -0.066041 -0.320850
    23 1.539095 0.000001 0.000000 -0.003296 0.021430 -0.306424
    24 1.196321 -0.000001 0.000000 -0.003308 0.021443 -0.306671
    25 3.883690 0.211047 0.404099 0.145549 0.028242 -0.322375
    26 1.719576 0.000000 0.000000 0.003811 -0.024733 -0.306239
    27 1.209180 0.000000 0.000000 0.003811 -0.024732 -0.306209
    28 3.867672 0.115964 1.301215 0.606557 0.043935 -0.315981
    29 1.719428 0.000000 0.000000 0.012979 -0.087488 -0.294848
    30 1.099666 -0.000001 0.000000 0.012979 -0.087480 -0.294833
    31 0.837299 -0.302047 1.313446 -1.404045 -0.282251 -0.427077
    32 1.789784 0.000000 -0.000001 -0.000024 -0.000259 0.260046
    33 1.206999 0.000000 -0.000001 -0.000048 -0.000310 0.303713
    34 2.056792 0.981240 -1.937610 -1.816178 1.118479 2.817929
    35 6.028143 0.000001 0.000000 1.307754 0.105450 -0.922283
    36 11.692554 0.000000 0.000001 0.000000 0.000000 -0.323973
    37 11.481699 0.000000 0.000003 -1.560004 -0.064157 0.034916
    38 3.851859 0.133064 1.220452 0.630261 0.016747 -0.184511
    39 1.312561 0.000001 0.000000 0.010750 -0.071449 -0.299029
    40 0.729364 0.000000 0.000000 0.010750 -0.071438 -0.299007
    41 3.926668 0.319868 0.458387 0.097557 0.063419 -0.321392
    42 1.539095 0.000000 0.000000 0.003679 -0.023915 -0.306273
    43 1.196326 0.000001 0.000000 0.003691 -0.023925 -0.306466
    44 3.883656 0.207493 -0.403698 -0.145121 -0.030874 -0.322134
    45 1.719576 0.000002 0.000000 -0.003428 0.022227 -0.306415
    46 1.209181 -0.000001 0.000000 -0.003428 0.022229 -0.306370
    47 3.867642 0.104977 -1.303937 -0.606295 -0.046512 -0.315602
    48 1.719425 0.000000 0.000000 -0.012656 0.085117 -0.295505
    49 1.099666 0.000001 0.000000 -0.012656 0.085110 -0.295484
    50 0.837268 -0.312959 -1.310521 1.401911 0.278797 -0.429216
    51 1.789784 0.000000 0.000000 0.000216 0.001729 0.260038
    52 1.206998 0.000000 0.000000 0.000300 0.002007 0.303683
    53 11.687500 0.000001 0.000002 0.000000 0.000000 -0.029498
    54 5.738281 0.000001 0.000001 0.000687 0.000000 0.000000
    55 5.738281 0.000000 0.000000 0.000080 0.000000 0.000000
    56 1.500000 0.000000 0.000003 0.000000 0.000000 0.000000
    57 1.499023 0.000000 0.000001 0.000000 0.000000 0.000000
    58 2.078125 1.478516 -5.000000 0.000000 0.000000 0.000000
    59 5.164063 0.000001 0.000000 0.000000 0.000000 0.000000
    60 11.476563 0.000000 0.000002 0.000149 0.000000 0.000000
    61 5.558594 0.000000 0.000000 0.000000 0.000000 0.000000
    62 5.558594 0.000001 0.000000 0.000000 0.000000 0.000000
    63 5.164063 0.000000 0.000000 0.000000 0.000000 0.000000
    64 11.476563 0.000001 0.000005 0.001270 0.000000 0.000000
    65 2.078125 1.478516 5.000000 0.000000 0.000000 0.000000
    66 11.687500 0.000001 0.000001 0.000000 0.000000 -0.029498
  time 2
    0 -0.076570 0.457050 38.488790 1.573269 0.000000 0.040942
    1 3.890452 -0.000004 -0.000003 -1.652632 -0.009071 -1.525857
    2 17.848177 0.000000 0.000000 0.000000 0.000000 0.122860
    3 16.525253 0.000000 0.000000 -0.065850 -0.027390 -1.096655
    4 6.879454 0.000000 0.000000 -0.007299 -0.002951 -0.584373
    5 -3.890452 0.000004 0.000007 -1.250420 0.022003 -1.610437
    6 17.848173 0.000000 0.000000 0.000000 0.000000 0.097898
    7 16.525257 0.000000 0.000000 -0.020527 -0.121377 -1.096135
    8 6.879455 0.000000 0.000000 -0.081333 -0.002951 -0.584373
    9 0.000005 3.345128 -2.981901 1.527888 0.147495 1.558665
    10 3.998799 0.000000 0.000000 0.000000 0.000000 -0.000868
    11 3.518565 0.000000 0.000000 -0.017201 0.002876 0.191544
    12 8.923110 0.000000 0.000000 0.000000 0.000000 0.214362
    13 3.307271 0.000000 0.000000 3.141590 0.000000 0.406093
    14 3.601524 -0.000001 0.000000 0.061995 0.019484 0.336252
    15 2.056784 0.981236 1.937660 1.747946 -1.118157 2.814288
    16 6.028142 0.000001 0.000000 -1.149016 0.050665 -0.891279
    17 11.692554 0.000000 0.000001 0.000000 0.000000 -0.538422
    18 11.481672 0.000000 -0.000032 1.576390 -0.072202 0.129173
    19 3.851891 0.123226 -1.223225 -0.630885 -0.018267 -0.184369
    20 1.312564 0.000001 0.000000 -0.010427 0.069216 -0.299519
    21 0.729362 0.000000 0.000000 -0.010427 0.069220 -0.299499
    22 3.926700 0.316309 -0.458788 -0.097248 -0.066041 -0.320850
    23 1.539095 0.000001 0.000000 -0.003296 0.021430 -0.306424
    24 1.196321 -0.000001 0.000000 -0.003308 0.021443 -0.306671
    25 3.883690 0.211047 0.404099 0.145549 0.028242 -0.322375
    26 1.719576 0.000000 0.000000 0.003811 -0.024733 -0.306239
    27 1.209180 0.000000 0.000000 0.003811 -0.024732 -0.306209
    28 3.867672 0.115964 1.301215 0.606557 0.043935 -0.315981
    29 1.719428 0.000000 0.000000 0.012979 -0.087488 -0.294848
    30 1.099666 -0.000001 0.000000 0.012979 -0.087480 -0.294833
    31 0.837299 -0.302047 1.313446 -1.404045 -0.282251 -0.427077
    32 1.789784 0.000000 -0.000001 -0.000024 -0.000259 0.260046
    33 1.206999 0.000000 -0.000001 -0.000048 -0.000310 0.303713
    34 2.056792 0.981240 -1.937610 -1.816178 1.118479 2.817929
    35 6.028143 0.000001 0.000000 1.301277 0.105545 -0.923495
    36 11.692554 0.000000 0.000001 0.000000 0.000000 -0.331090
    37 11.481699 0.000000 0.000003 -1.560004 -0.064157 0.034916
    38 3.851859 0.133064 1.220452 0.630261 0.016747 -0.184511
    39 1.312561 0.000001 0.000000 0.010750 -0.071449 -0.299029
    40 0.729364 0.000000 0.000000 0.010750 -0.071438 -0.299007
    41 3.926668 0.319868 0.458387 0.097557 0.063419 -0.321392
    42 1.539095 0.000000 0.000000 0.003679 -0.023915 -0.306273
    43 1.196326 0.000001 0.000000 0.003691 -0.023925 -0.306466
    44 3.883656 0.207493 -0.403698 -0.145121 -0.030874 -0.322134
    45 1.719576 0.000002 0.000000 -0.003428 0.022227 -0.306415
    46 1.209181 -0.000001 0.000000 -0.003428 0.022229 -0.306370
    47 3.867642 0.104977 -1.303937 -0.606295 -0.046512 -0.315602
    48 1.719425 0.000000 0.000000 -0.012656 0.085117 -0.295505
    49 1.099666 0.000001 0.000000 -0.012656 0.085110 -0.295484
    50 0.837268 -0.312959 -1.310521 1.401911 0.278797 -0.429216
    51 1.789784 0.000000 0.000000 0.000216 0.001729 0.260038
    52 1.206998 0.000000 0.000000 0.000300 0.002007 0.303683
    53 11.687500 0.000001 0.000002 0.000000 0.000000 -0.029498
    54 5.738281 0.000001 0.000001 0.000687 0.000000 0.000000
    55 5.738281 0.000000 0.000000 0.000080 0.000000 0.000000
    56 1.500000 0.000000 0.000003 0.000000 0.000000 0.000000
    57 1.499023 0.000000 0.000001 0.000000 0.000000 0.000000
    58 2.078125 1.478516 -5.000000 0.000000 0.000000 0.000000
    59 5.164063 0.000001 0.000000 0.000000 0.000000 0.000000
    60 11.476563 0.000000 0.000002 0.000149 0.000000 0.000000
    61 5.558594 0.000000 0.000000 0.000000 0.000000 0.000000
    62 5.558594 0.000001 0.000000 0.000000 0.000000 0.000000
    63 5.164063 0.000000 0.000000 0.000000 0.000000 0.000000
    64 11.476563 0.000001 0.000005 0.001270 0.000000 0.000000
    65 2.078125 1.478516 5.000000 0.000000 0.000000 0.000000
    66 11.687500 0.000001 0.000001 0.000000 0.000000 -0.029498
  time 3
    0 -0.166416 0.542990 38.492696 1.576096 0.000030 0.023886
    1 3.890452 -0.000004 -0.000003 -1.670191 -0.010013 -1.523436
    2 17.848177 0.000000 0.000000 0.000000 0.000000 0.119225
    3 16.525253 0.000000 0.000000 -0.067666 -0.025709 -1.093865
    4 6.879454 0.000000 0.000000 -0.007299 -0.002951 -0.584373
    5 -3.890452 0.000004 0.000007 -1.267397 0.008503 -1.610049
    6 17.848173 0.000000 0.000000 0.000000 0.000000 0.109954
    7 16.525257 0.000000 0.000000 -0.023672 -0.119307 -1.098500
    8 6.879455 0.000000 0.000000 -0.081333 -0.002951 -0.584373
    9 0.000005 3.345128 -2.981901 1.523941 0.144025 1.550114
    10 3.998799 0.000000 0.000000 0.000000 0.000000 -0.000868
    11 3.518565 0.000000 0.000000 -0.017201 0.002876 0.191544
    12 8.923110 0.000000 0.000000 0.000000 0.000000 0.214362
    13 3.307271 0.000000 0.000000 3.141590 0.000000 0.406093
    14 3.601524 -0.000001 0.000000 0.071577 0.024289 0.332906
    15 2.056784 0.981236 1.937660 1.747946 -1.118157 2.814288
    16 6.028142 0.000001 0.000000 -1.169088 0.078168 -0.869508
    17 11.692554 0.000000 0.000001 0.000000 0.000000 -0.694119
    18 11.481672 0.000000 -0.000032 1.592428 -0.147378 0.184344
    19 3.851891 0.123226 -1.223225 -0.630885 -0.018267 -0.184369
    20 1.312564 0.000001 0.000000 -0.010427 0.069216 -0.299519
    21 0.729362 0.000000 0.000000 -0.010427 0.069220 -0.299499
    22 3.926700 0.316309 -0.458788 -0.097248 -0.066041 -0.320850
    23 1.539095 0.000001 0.000000 -0.003296 0.021430 -0.306424
    24 1.196321 -0.000001 0.000000 -0.003308 0.021443 -0.306671
    25 3.883690 0.211047 0.404099 0.145549 0.028242 -0.322375
    26 1.719576 0.000000 0.000000 0.003811 -0.024733 -0.306239
    27 1.209180 0.000000 0.000000 0.003811 -0.024732 -0.306209
    28 3.867672 0.115964 1.301215 0.606557 0.043935 -0.315981
    29 1.719428 0.000000 0.000000 0.012979 -0.087488 -0.294848
    30 1.099666 -0.000001 0.000000 0.012979 -0.087480 -0.294833
    31 0.837299 -0.302047 1.313446 -1.404045 -0.282251 -0.427077
    32 1.789784 0.000000 -0.000001 -0.000024 -0.000259 0.260046
    33 1.206999 0.000000 -0.000001 -0.000048 -0.000310 0.303713
    34 2.056792 0.981240 -1.937610 -1.816178 1.118479 2.817929
    35 6.028143 0.000001 0.000000 1.291341 0.106070 -0.925266
    36 11.692554 0.000000 0.000001 0.000000 0.000000 -0.341547
    37 11.481699 0.000000 0.000003 -1.560004 -0.064157 0.034916
    38 3.851859 0.133064 1.220452 0.630261 0.016747 -0.184511
    39 1.312561 0.000001 0.000000 0.010750 -0.071449 -0.299029
    40 0.729364 0.000000 0.000000 0.010750 -0.071438 -0.299007
    41 3.926668 0.319868 0.458387 0.097557 0.063419 -0.321392
    42 1.539095 0.000000 0.000000 0.003679 -0.023915 -0.306273
    43 1.196326 0.000001 0.000000 0.003691 -0.023925 -0.306466
    44 3.883656 0.207493 -0.403698 -0.145121 -0.030874 -0.322134
    45 1.719576 0.000002 0.000000 -0.003428 0.022227 -0.306415
    46 1.209181 -0.000001 0.000000 -0.003428 0.022229 -0.306370
    47 3.867642 0.104977 -1.303937 -0.606295 -0.046512 -0.315602
    48 1.719425 0.000000 0.000000 -0.012656 0.085117 -0.295505
    49 1.099666 0.000001 0.000000 -0.012656 0.085110 -0.295484
    50 0.837268 -0.312959 -1.310521 1.401911 0.278797 -0.429216
    51 1.789784 0.000000 0.000000 0.000216 0.001729 0.260038
    52 1.206998 0.000000 0.000000 0.000300 0.002007 0.303683
    53 11.687500 0.000001 0.000002 0.000000 0.000000 -0.029498
    54 5.738281 0.000001 0.000001 0.000687 0.000000 0.000000
    55 5.738281 0.000000 0.000000 0.000080 0.000000 0.000000
    56 1.500000 0.000000 0.000003 0.000000 0.000000 0.000000
    57 1.499023 0.000000 0.000001 0.000000 0.000000 0.000000
    58 2.078125 1.478516 -5.000000 0.000000 0.000000 0.000000
    59 5.164063 0.000001 0.000000 0.000000 0.000000 0.000000
    60 11.476563 0.000000 0.000002 0.000149 0.000000 0.000000
    61 5.558594 0.000000 0.000000 0.000000 0.000000 0.000000
    62 5.558594 0.000001 0.000000 0.000000 0.000000 0.000000
    63 5.164063 0.000000 0.000000 0.000000 0.000000 0.000000
    64 11.476563 0.000001 0.000005 0.001270 0.000000 0.000000
    65 2.078125 1.478516 5.000000 0.000000 0.000000 0.000000
    66 11.687500 0.000001 0.000001 0.000000 0.000000 -0.029498
  time 4
    0 -0.279701 0.656275 38.492696 1.579806 0.000061 0.001776
    1 3.890452 -0.000004 -0.000003 -1.693016 -0.010911 -1.520295
    2 17.848177 0.000000 0.000000 0.000000 0.000000 0.114001
    3 16.525253 0.000000 0.000000 -0.070021 -0.023498 -1.089987
    4 6.879454 0.000000 0.000000 -0.007299 -0.002951 -0.584373
    5 -3.890452 0.000004 0.000007 -1.289274 -0.007661 -1.608651
    6 17.848173 0.000000 0.000000 0.000000 0.000000 0.122568
    7 16.525257 0.000000 0.000000 -0.027701 -0.116659 -1.100014
    8 6.879455 0.000000 0.000000 -0.081333 -0.002951 -0.584373
    9 0.000005 3.345128 -2.981901 1.518830 0.139528 1.539076
    10 3.998799 0.000000 0.000000 0.000000 0.000000 -0.000868
    11 3.518565 0.000000 0.000000 -0.017201 0.002876 0.191544
    12 8.923110 0.000000 0.000000 0.000000 0.000000 0.214362
    13 3.307271 0.000000 0.000000 3.141590 0.000000 0.406093
    14 3.601524 -0.000001 0.000000 0.083892 0.030540 0.328466
    15 2.056784 0.981236 1.937660 1.747946 -1.118157 2.814288
    16 6.028142 0.000001 0.000000 -1.196042 0.087123 -0.853156
    17 11.692554 0.000000 0.000001 0.000000 0.000000 -0.840357
    18 11.481672 0.000000 -0.000032 1.624724 -0.240540 0.224485
    19 3.851891 0.123226 -1.223225 -0.630885 -0.018267 -0.184369
    20 1.312564 0.000001 0.000000 -0.010427 0.069216 -0.299519
    21 0.729362 0.000000 0.000000 -0.010427 0.069220 -0.299499
    22 3.926700 0.316309 -0.458788 -0.097248 -0.066041 -0.320850
    23 1.539095 0.000001 0.000000 -0.003296 0.021430 -0.306424
    24 1.196321 -0.000001 0.000000 -0.003308 0.021443 -0.306671
    25 3.883690 0.211047 0.404099 0.145549 0.028242 -0.322375
    26 1.719576 0.000000 0.000000 0.003811 -0.024733 -0.306239
    27 1.209180 0.000000 0.000000 0.003811 -0.024732 -0.306209
    28 3.867672 0.115964 1.301215 0.606557 0.043935 -0.315981
    29 1.719428 0.000000 0.000000 0.012979 -0.087488 -0.294848
    30 1.099666 -0.000001 0.000000 0.012979 -0.087480 -0.294833
    31 0.837299 -0.302047 1.313446 -1.404045 -0.282251 -0.427077
    32 1.789784 0.000000 -0.000001 -0.000024 -0.000259 0.260046
    33 1.206999 0.000000 -0.000001 -0.000048 -0.000310 0.303713
    34 2.056792 0.981240 -1.937610 -1.816178 1.118479 2.817929
    35 6.028143 0.000001 0.000000 1.278920 0.107264 -0.927316
    36 11.692554 0.000000 0.000001 0.000000 0.000000 -0.354182
    37 11.481699 0.000000 0.000003 -1.560004 -0.064157 0.034916
    38 3.851859 0.133064 1.220452 0.630261 0.016747 -0.184511
    39 1.312561 0.000001 0.000000 0.010750 -0.071449 -0.299029
    40 0.729364 0.000000 0.000000 0.010750 -0.071438 -0.299007
    41 3.926668 0.319868 0.458387 0.097557 0.063419 -0.321392
    42 1.539095 0.000000 0.000000 0.003679 -0.023915 -0.306273
    43 1.196326 0.000001 0.000000 0.003691 -0.023925 -0.306466
    44 3.883656 0.207493 -0.403698 -0.145121 -0.030874 -0.322134
    45 1.719576 0.000002 0.000000 -0.003428 0.022227 -0.306415
    46 1.209181 -0.000001 0.000000 -0.003428 0.022229 -0.306370
    47 3.867642 0.104977 -1.303937 -0.606295 -0.046512 -0.315602
    48 1.719425 0.000000 0.000000 -0.012656 0.085117 -0.295505
    49 1.099666 0.000001 0.000000 -0.012656 0.085110 -0.295484
    50 0.837268 -0.312959 -1.310521 1.401911 0.278797 -0.429216
    51 1.789784 0.000000 0.000000 0.000216 0.001729 0.260038
    52 1.206998 0.000000 0.000000 0.000300 0.002007 0.303683
    53 11.687500 0.000001 0.000002 0.000000 0.000000 -0.029498
    54 5.738281 0.000001 0.000001 0.000687 0.000000 0.000000
    55 5.738281 0.000000 0.000000 0.000080 0.000000 0.000000
    56 1.500000 0.000000 0.000003 0.000000 0.000000 0.000000
    57 1.499023 0.000000 0.000001 0.000000 0.000000 0.000000
    58 2.078125 1.478516 -5.000000 0.000000 0.000000 0.000000
    59 5.164063 0.000001 0.000000 0.000000 0.000000 0.000000
    60 11.476563 0.000000 0.000002 0.000149 0.000000 0.000000
    61 5.558594 0.000000 0.000000 0.000000 0.000000 0.000000
    62 5.558594 0.000001 0.000000 0.000000 0.000000 0.000000
    63 5.164063 0.000000 0.000000 0.000000 0.000000 0.000000
    64 11.476563 0.000001 0.000005 0.001270 0.000000 0.000000
    65 2.078125 1.478516 5.000000 0.000000 0.000000 0.000000
    66 11.687500 0.000001 0.000001 0.000000 0.000000 -0.029498
  time 5
    0 -0.412518 0.785185 38.496603 1.584163 0.000091 -0.024251
    1 3.890452 -0.000004 -0.000003 -1.719888 -0.011405 -1.516696
    2 17.848177 0.000000 0.000000 0.000000 0.000000 0.107111
    3 16.525253 0.000000 0.000000 -0.072868 -0.020844 -1.084974
    4 6.879454 0.000000 0.000000 -0.007299 -0.002951 -0.584373
    5 -3.890452 0.000004 0.000007 -1.315205 -0.009260 -1.601892
    6 17.848173 0.000000 0.000000 0.000000 0.000000 0.100293
    7 16.525257 0.000000 0.000000 -0.032408 -0.113582 -1.082464
    8 6.879455 0.000000 0.000000 -0.081333 -0.002951 -0.584373
    9 0.000005 3.345128 -2.981901 1.512758 0.134162 1.526001
    10 3.998799 0.000000 0.000000 0.000000 0.000000 -0.000868
    11 3.518565 0.000000 0.000000 -0.017201 0.002876 0.191544
    12 8.923110 0.000000 0.000000 0.000000 0.000000 0.214362
    13 3.307271 0.000000 0.000000 3.141590 0.000000 0.406093
    14 3.601524 -0.000001 0.000000 0.098323 0.037957 0.323061
    15 2.056784 0.981236 1.937660 1.747946 -1.118157 2.814288
    16 6.028142 0.000001 0.000000 -1.228731 0.074167 -0.841943
    17 11.692554 0.000000 0.000001 0.000000 0.000000 -0.967151
    18 11.481672 0.000000 -0.000032 1.680247 -0.341580 0.241739
    19 3.851891 0.123226 -1.223225 -0.630885 -0.018267 -0.184369
    20 1.312564 0.000001 0.000000 -0.010427 0.069216 -0.299519
    21 0.729362 0.000000 0.000000 -0.010427 0.069220 -0.299499
    22 3.926700 0.316309 -0.458788 -0.097248 -0.066041 -0.320850
    23 1.539095 0.000001 0.000000 -0.003296 0.021430 -0.306424
    24 1.196321 -0.000001 0.000000 -0.003308 0.021443 -0.306671
    25 3.883690 0.211047 0.404099 0.145549 0.028242 -0.322375
    26 1.719576 0.000000 0.000000 0.003811 -0.024733 -0.306239
    27 1.209180 0.000000 0.000000 0.003811 -0.024732 -0.306209
    28 3.867672 0.115964 1.301215 0.606557 0.043935 -0.315981
    29 1.719428 0.000000 0.000000 0.012979 -0.087488 -0.294848
    30 1.099666 -0.000001 0.000000 0.012979 -0.087480 -0.294833
    31 0.837299 -0.302047 1.313446 -1.404045 -0.282251 -0.427077
    32 1.789784 0.000000 -0.000001 -0.000024 -0.000259 0.260046
    33 1.206999 0.000000 -0.000001 -0.000048 -0.000310 0.303713
    34 2.056792 0.981240 -1.937610 -1.816178 1.118479 2.817929
    35 6.028143 0.000001 0.000000 1.264636 0.109460 -0.929460
    36 11.692554 0.000000 0.000001 0.000000 0.000000 -0.367617
    37 11.481699 0.000000 0.000003 -1.560004 -0.064157 0.034916
    38 3.851859 0.133064 1.220452 0.630261 0.016747 -0.184511
    39 1.312561 0.000001 0.000000 0.010750 -0.071449 -0.299029
    40 0.729364 0.000000 0.000000 0.010750 -0.071438 -0.299007
    41 3.926668 0.319868 0.458387 0.097557 0.063419 -0.321392
    42 1.539095 0.000000 0.000000 0.003679 -0.023915 -0.306273
    43 1.196326 0.000001 0.000000 0.003691 -0.023925 -0.306466
    44 3.883656 0.207493 -0.403698 -0.145121 -0.030874 -0.322134
    45 1.719576 0.000002 0.000000 -0.003428 0.022227 -0.306415
    46 1.209181 -0.000001 0.000000 -0.003428 0.022229 -0.306370
    47 3.867642 0.104977 -1.303937 -0.606295 -0.046512 -0.315602
    48 1.719425 0.000000 0.000000 -0.012656 0.085117 -0.295505
    49 1.099666 0.000001 0.000000 -0.012656 0.085110 -0.295484
    50 0.837268 -0.312959 -1.310521 1.401911 0.278797 -0.429216
    51 1.789784 0.000000 0.000000 0.000216 0.001729 0.260038
    52 1.206998 0.000000 0.000000 0.000300 0.002007 0.303683
    53 11.687500 0.000001 0.000002 0.000000 0.000000 -0.029498
    54 5.738281 0.000001 0.000001 0.000687 0.000000 0.000000
    55 5.738281 0.000000 0.000000 0.000080 0.000000 0.000000
    56 1.500000 0.000000 0.000003 0.000000 0.000000 0.000000
    57 1.499023 0.000000 0.000001 0.000000 0.000000 0.000000
    58 2.078125 1.478516 -5.000000 0.000000 0.000000 0.000000
    59 5.164063 0.000001 0.000000 0.000000 0.000000 0.000000
    60 11.476563 0.000000 0.000002 0.000149 0.000000 0.000000
    61 5.558594 0.000000 0.000000 0.000000 0.000000 0.000000
    62 5.558594 0.000001 0.000000 0.000000 0.000000 0.000000
    63 5.164063 0.000000 0.000000 0.000000 0.000000 0.000000
    64 11.476563 0.000001 0.000005 0.001270 0.000000 0.000000
    65 2.078125 1.478516 5.000000 0.000000 0.000000 0.000000
    66 11.687500 0.000001 0.000001 0.000000 0.000000 -0.029498
  time 6
    0 -0.560960 0.929721 38.496603 1.588933 0.000152 -0.052993
    1 3.890452 -0.000004 -0.000003 -1.749584 -0.011135 -1.512967
    2 17.848177 0.000000 0.000000 0.000000 0.000000 0.098102
    3 16.525253 0.000000 0.000000 -0.076082 -0.017855 -1.078732
    4 6.879454 0.000000 0.000000 -0.007299 -0.002951 -0.584373
    5 -3.890452 0.000004 0.000007 -1.343754 -0.028355 -1.598706
    6 17.848173 0.000000 0.000000 0.000000 0.000000 0.113467
    7 16.525257 0.000000 0.000000 -0.037547 -0.110189 -1.082748
    8 6.879455 0.000000 0.000000 -0.081333 -0.002951 -0.584373
    9 0.000005 3.345128 -2.981901 1.505927 0.128139 1.511434
    10 3.998799 0.000000 0.000000 0.000000 0.000000 -0.000868
    11 3.518565 0.000000 0.000000 -0.017201 0.002876 0.191544
    12 8.923110 0.000000 0.000000 0.000000 0.000000 0.214362
    13 3.307271 0.000000 0.000000 3.141590 0.000000 0.406093
    14 3.601524 -0.000001 0.000000 0.114255 0.046261 0.316851
    15 2.056784 0.981236 1.937660 1.747946 -1.118157 2.814288
    16 6.028142 0.000001 0.000000 -1.265435 0.038800 -0.833440
    17 11.692554 0.000000 0.000001 0.000000 0.000000 -1.069323
    18 11.481672 0.000000 -0.000032 1.764250 -0.438273 0.229292
    19 3.851891 0.123226 -1.223225 -0.630885 -0.018267 -0.184369
    20 1.312564 0.000001 0.000000 -0.010427 0.069216 -0.299519
    21 0.729362 0.000000 0.000000 -0.010427 0.069220 -0.299499
    22 3.926700 0.316309 -0.458788 -0.097248 -0.066041 -0.320850
    23 1.539095 0.000001 0.000000 -0.003296 0.021430 -0.306424
    24 1.196321 -0.000001 0.000000 -0.003308 0.021443 -0.306671
    25 3.883690 0.211047 0.404099 0.145549 0.028242 -0.322375
    26 1.719576 0.000000 0.000000 0.003811 -0.024733 -0.306239
    27 1.209180 0.000000 0.000000 0.003811 -0.024732 -0.306209
    28 3.867672 0.115964 1.301215 0.606557 0.043935 -0.315981
    29 1.719428 0.000000 0.000000 0.012979 -0.087488 -0.294848
    30 1.099666 -0.000001 0.000000 0.012979 -0.087480 -0.294833
    31 0.837299 -0.302047 1.313446 -1.404045 -0.282251 -0.427077
    32 1.789784 0.000000 -0.000001 -0.000024 -0.000259 0.260046
    33 1.206999 0.000000 -0.000001 -0.000048 -0.000310 0.303713
    34 2.056792 0.981240 -1.937610 -1.816178 1.118479 2.817929
    35 6.028143 0.000001 0.000000 1.249553 0.112849 -0.931510
    36 11.692554 0.000000 0.000001 0.000000 0.000000 -0.380760
    37 11.481699 0.000000 0.000003 -1.560004 -0.064157 0.034916
    38 3.851859 0.133064 1.220452 0.630261 0.016747 -0.184511
    39 1.312561 0.000001 0.000000 0.010750 -0.071449 -0.299029
    40 0.729364 0.000000 0.000000 0.010750 -0.071438 -0.299007
    41 3.926668 0.319868 0.458387 0.097557 0.063419 -0.321392
    42 1.539095 0.000000 0.000000 0.003679 -0.023915 -0.306273
    43 1.196326 0.000001 0.000000 0.003691 -0.023925 -0.306466
    44 3.883656 0.207493 -0.403698 -0.145121 -0.030874 -0.322134
    45 1.719576 0.000002 0.000000 -0.003428 0.022227 -0.306415
    46 1.209181 -0.000001 0.000000 -0.003428 0.022229 -0.306370
    47 3.867642 0.104977 -1.303937 -0.606295 -0.046512 -0.315602
    48 1.719425 0.000000 0.000000 -0.012656 0.085117 -0.295505
    49 1.099666 0.000001 0.000000 -0.012656 0.085110 -0.295484
    50 0.837268 -0.312959 -1.310521 1.401911 0.278797 -0.429216
    51 1.789784 0.000000 0.000000 0.000216 0.001729 0.260038
    52 1.206998 0.000000 0.000000 0.000300 0.002007 0.303683
    53 11.687500 0.000001 0.000002 0.000000 0.000000 -0.029498
    54 5.738281 0.000001 0.000001 0.000687 0.000000 0.000000
    55 5.738281 0.000000 0.000000 0.000080 0.000000 0.000000
    56 1.500000 0.000000 0.000003 0.000000 0.000000 0.000000
    57 1.499023 0.000000 0.000001 0.000000 0.000000 0.000000
    58 2.078125 1.478516 -5.000000 0.000000 0.000000 0.000000
    59 5.164063 0.000001 0.000000 0.000000 0.000000 0.000000
    60 11.476563 0.000000 0.000002 0.000149 0.000000 0.000000
    61 5.558594 0.000000 0.000000 0.000000 0.000000 0.000000
    62 5.558594 0.000001 0.000000 0.000000 0.000000 0.000000
    63 5.164063 0.000000 0.000000 0.000000 0.000000 0.000000
    64 11.476563 0.000001 0.000005 0.001270 0.000000 0.000000
    65 2.078125 1.478516 5.000000 0.000000 0.000000 0.000000
    66 11.687500 0.000001 0.000001 0.000000 0.000000 -0.029498
  time 7
    0 -0.717214 1.082069 38.500509 1.593997 0.000213 -0.083252
    1 3.890452 -0.000004 -0.000003 -1.780960 -0.028416 -1.505311
    2 17.848177 0.000000 0.000000 0.000000 0.000000 0.126569
    3 16.525253 0.000000 0.000000 -0.079567 -0.014600 -1.091548
    4 6.879454 0.000000 0.000000 -0.007323 -0.002951 -0.584449
    5 -3.890452 0.000004 0.000007 -1.373823 -0.046429 -1.594278
    6 17.848173 0.000000 0.000000 0.000000 0.000000 0.123527
    7 16.525257 0.000000 0.000000 -0.042912 -0.106664 -1.081045
    8 6.879455 0.000000 0.000000 -0.081333 -0.002951 -0.584373
    9 0.000005 3.345128 -2.981901 1.498439 0.121649 1.495773
    10 3.998799 0.000000 0.000000 0.000000 0.000000 -0.000868
    11 3.518565 0.000000 0.000000 -0.017201 0.002876 0.191544
    12 8.923110 0.000000 0.000000 0.000000 0.000000 0.214362
    13 3.307271 0.000000 0.000000 3.141590 0.000000 0.406093
    14 3.601524 -0.000001 0.000000 0.131110 0.055171 0.309901
    15 2.056784 0.981236 1.937660 1.747946 -1.118157 2.814288
    16 6.028142 0.000001 0.000000 -1.304145 -0.017160 -0.823910
    17 11.692554 0.000000 0.000001 0.000000 0.000000 -1.144544
    18 11.481672 0.000000 -0.000032 1.877619 -0.517091 0.183017
    19 3.851891 0.123226 -1.223225 -0.630885 -0.018267 -0.184369
    20 1.312564 0.000001 0.000000 -0.010427 0.069216 -0.299519
    21 0.729362 0.000000 0.000000 -0.010427 0.069220 -0.299499
    22 3.926700 0.316309 -0.458788 -0.097248 -0.066041 -0.320850
    23 1.539095 0.000001 0.000000 -0.003296 0.021430 -0.306424
    24 1.196321 -0.000001 0.000000 -0.003308 0.021443 -0.306671
    25 3.883690 0.211047 0.404099 0.145549 0.028242 -0.322375
    26 1.719576 0.000000 0.000000 0.003811 -0.024733 -0.306239
    27 1.209180 0.000000 0.000000 0.003811 -0.024732 -0.306209
    28 3.867672 0.115964 1.301215 0.606557 0.043935 -0.315981
    29 1.719428 0.000000 0.000000 0.012979 -0.087488 -0.294848
    30 1.099666 -0.000001 0.000000 0.012979 -0.087480 -0.294833
    31 0.837299 -0.302047 1.313446 -1.404045 -0.282251 -0.427077
    32 1.789784 0.000000 -0.000001 -0.000024 -0.000259 0.260046
    33 1.206999 0.000000 -0.000001 -0.000048 -0.000310 0.303713
    34 2.056792 0.981240 -1.937610 -1.816178 1.118479 2.817929
    35 6.028143 0.000001 0.000000 1.234382 0.117575 -0.933375
    36 11.692554 0.000000 0.000001 0.000000 0.000000 -0.392887
    37 11.481699 0.000000 0.000003 -1.560004 -0.064157 0.034916
    38 3.851859 0.133064 1.220452 0.630261 0.016747 -0.184511
    39 1.312561 0.000001 0.000000 0.010750 -0.071449 -0.299029
    40 0.729364 0.000000 0.000000 0.010750 -0.071438 -0.299007
    41 3.926668 0.319868 0.458387 0.097557 0.063419 -0.321392
    42 1.539095 0.000000 0.000000 0.003679 -0.023915 -0.306273
    43 1.196326 0.000001 0.000000 0.003691 -0.023925 -0.306466
    44 3.883656 0.207493 -0.403698 -0.145121 -0.030874 -0.322134
    45 1.719576 0.000002 0.000000 -0.003428 0.022227 -0.306415
    46 1.209181 -0.000001 0.000000 -0.003428 0.022229 -0.306370
    47 3.867642 0.104977 -1.303937 -0.606295 -0.046512 -0.315602
    48 1.719425 0.000000 0.000000 -0.012656 0.085117 -0.295505
    49 1.099666 0.000001 0.000000 -0.012656 0.085110 -0.295484
    50 0.837268 -0.312959 -1.310521 1.401911 0.278797 -0.429216
    51 1.789784 0.000000 0.000000 0.000216 0.001729 0.260038
    52 1.206998 0.000000 0.000000 0.000300 0.002007 0.303683
    53 11.687500 0.000001 0.000002 0.000000 0.000000 -0.029498
    54 5.738281 0.000001 0.000001 0.000687 0.000000 0.000000
    55 5.738281 0.000000 0.000000 0.000080 0.000000 0.000000
    56 1.500000 0.000000 0.000003 0.000000 0.000000 0.000000
    57 1.499023 0.000000 0.000001 0.000000 0.000000 0.000000
    58 2.078125 1.478516 -5.000000 0.000000 0.000000 0.000000
    59 5.164063 0.000001 0.000000 0.000000 0.000000 0.000000
    60 11.476563 0.000000 0.000002 0.000149 0.000000 0.000000
    61 5.558594 0.000000 0.000000 0.000000 0.000000 0.000000
    62 5.558594 0.000001 0.000000 0.000000 0.000000 0.000000
    63 5.164063 0.000000 0.000000 0.000000 0.000000 0.000000
    64 11.476563 0.000001 0.000005 0.001270 0.000000 0.000000
    65 2.078125 1.478516 5.000000 0.000000 0.000000 0.000000
    66 11.687500 0.000001 0.000001 0.000000 0.000000 -0.029498
  time 8
    0 -0.881282 1.238324 38.500509 1.599062 0.000274 -0.113763
    1 3.890452 -0.000004 -0.000003 -1.812641 -0.031962 -1.499946
    2 17.848177 0.000000 0.000000 0.000000 0.000000 0.126494
    3 16.525253 0.000000 0.000000 -0.083075 -0.011203 -1.088521
    4 6.879454 0.000000 0.000000 -0.007479 -0.002939 -0.584869
    5 -3.890452 0.000004 0.000007 -1.404400 -0.062993 -1.588762
    6 17.848173 0.000000 0.000000 0.000000 0.000000 0.130552
    7 16.525257 0.000000 0.000000 -0.048298 -0.103121 -1.077687
    8 6.879455 0.000000 0.000000 -0.081333 -0.002951 -0.584373
    9 0.000005 3.345128 -2.981901 1.490495 0.114902 1.479615
    10 3.998799 0.000000 0.000000 0.000000 0.000000 -0.000868
    11 3.518565 0.000000 0.000000 -0.017201 0.002876 0.191544
    12 8.923110 0.000000 0.000000 0.000000 0.000000 0.214362
    13 3.307271 0.000000 0.000000 3.141590 0.000000 0.406093
    14 3.601524 -0.000001 0.000000 0.148196 0.064424 0.302340
    15 2.056784 0.981236 1.937660 1.747946 -1.118157 2.814288
    16 6.028142 0.000001 0.000000 -1.343047 -0.089167 -0.809987
    17 11.692554 0.000000 0.000001 0.000000 0.000000 -1.192739
    18 11.481672 0.000000 -0.000032 2.012887 -0.566329 0.105641
    19 3.851891 0.123226 -1.223225 -0.630885 -0.018267 -0.184369
    20 1.312564 0.000001 0.000000 -0.010427 0.069216 -0.299519
    21 0.729362 0.000000 0.000000 -0.010427 0.069220 -0.299499
    22 3.926700 0.316309 -0.458788 -0.097248 -0.066041 -0.320850
    23 1.539095 0.000001 0.000000 -0.003296 0.021430 -0.306424
    24 1.196321 -0.000001 0.000000 -0.003308 0.021443 -0.306671
    25 3.883690 0.211047 0.404099 0.145549 0.028242 -0.322375
    26 1.719576 0.000000 0.000000 0.003811 -0.024733 -0.306239
    27 1.209180 0.000000 0.000000 0.003811 -0.024732 -0.306209
    28 3.867672 0.115964 1.301215 0.606557 0.043935 -0.315981
    29 1.719428 0.000000 0.000000 0.012979 -0.087488 -0.294848
    30 1.099666 -0.000001 0.000000 0.012979 -0.087480 -0.294833
    31 0.837299 -0.302047 1.313446 -1.404045 -0.282251 -0.427077
    32 1.789784 0.000000 -0.000001 -0.000024 -0.000259 0.260046
    33 1.206999 0.000000 -0.000001 -0.000048 -0.000310 0.303713
    34 2.056792 0.981240 -1.937610 -1.816178 1.118479 2.817929
    35 6.028143 0.000001 0.000000 1.220098 0.123494 -0.935052
    36 11.692554 0.000000 0.000001 0.000000 0.000000 -0.403199
    37 11.481699 0.000000 0.000003 -1.560004 -0.064157 0.034916
    38 3.851859 0.133064 1.220452 0.630261 0.016747 -0.184511
    39 1.312561 0.000001 0.000000 0.010750 -0.071449 -0.299029
    40 0.729364 0.000000 0.000000 0.010750 -0.071438 -0.299007
    41 3.926668 0.319868 0.458387 0.097557 0.063419 -0.321392
    42 1.539095 0.000000 0.000000 0.003679 -0.023915 -0.306273
    43 1.196326 0.000001 0.000000 0.003691 -0.023925 -0.306466
    44 3.883656 0.207493 -0.403698 -0.145121 -0.030874 -0.322134
    45 1.719576 0.000002 0.000000 -0.003428 0.022227 -0.306415
    46 1.209181 -0.000001 0.000000 -0.003428 0.022229 -0.306370
    47 3.867642 0.104977 -1.303937 -0.606295 -0.046512 -0.315602
    48 1.719425 0.000000 0.000000 -0.012656 0.085117 -0.295505
    49 1.099666 0.000001 0.000000 -0.012656 0.085110 -0.295484
    50 0.837268 -0.312959 -1.310521 1.401911 0.278797 -0.429216
    51 1.789784 0.000000 0.000000 0.000216 0.001729 0.260038
    52 1.206998 0.000000 0.000000 0.000300 0.002007 0.303683
    53 11.687500 0.000001 0.000002 0.000000 0.000000 -0.029498
    54 5.738281 0.000001 0.000001 0.000687 0.000000 0.000000
    55 5.738281 0.000000 0.000000 0.000080 0.000000 0.000000
    56 1.500000 0.000000 0.000003 0.000000 0.000000 0.000000
    57 1.499023 0.000000 0.000001 0.000000 0.000000 0.000000
    58 2.078125 1.478516 -5.000000 0.000000 0.000000 0.000000
    59 5.164063 0.000001 0.000000 0.000000 0.000000 0.000000
    60 11.476563 0.000000 0.000002 0.000149 0.000000 0.000000
    61 5.558594 0.000000 0.000000 0.000000 0.000000 0.000000
    62 5.558594 0.000001 0.000000 0.000000 0.000000 0.000000
    63 5.164063 0.000000 0.000000 0.000000 0.000000 0.000000
    64 11.476563 0.000001 0.000005 0.001270 0.000000 0.000000
    65 2.078125 1.478516 5.000000 0.000000 0.000000 0.000000
    66 11.687500 0.000001 0.000001 0.000000 0.000000 -0.029498
  time 9
    0 -1.041443 1.386766 38.504416 1.604008 0.000335 -0.143454
    1 3.890452 -0.000004 -0.000003 -1.843329 -0.018003 -1.499357
    2 17.848177 0.000000 0.000000 0.000000 0.000000 0.089470
    3 16.525253 0.000000 0.000000 -0.086584 -0.007789 -1.066247
    4 6.879454 0.000000 0.000000 -0.007659 -0.002927 -0.585289
    5 -3.890452 0.000004 0.000007 -1.434131 -0.077692 -1.582702
    6 17.848173 0.000000 0.000000 0.000000 0.000000 0.135103
    7 16.525257 0.000000 0.000000 -0.053498 -0.099690 -1.073240
    8 6.879455 0.000000 0.000000 -0.081333 -0.002951 -0.584373
    9 0.000005 3.345128 -2.981901 1.482196 0.108059 1.463407
    10 3.998799 0.000000 0.000000 0.000000 0.000000 -0.000868
    11 3.518565 0.000000 0.000000 -0.017201 0.002876 0.191544
    12 8.923110 0.000000 0.000000 0.000000 0.000000 0.214362
    13 3.307271 0.000000 0.000000 3.141590 0.000000 0.406093
    14 3.601524 -0.000001 0.000000 0.164975 0.073738 0.294264
    15 2.056784 0.981236 1.937660 1.747946 -1.118157 2.814288
    16 6.028142 0.000001 0.000000 -1.381089 -0.170403 -0.788963
    17 11.692554 0.000000 0.000001 0.000000 0.000000 -1.216687
    18 11.481672 0.000000 -0.000032 2.153464 -0.579929 0.009003
    19 3.851891 0.123226 -1.223225 -0.630885 -0.018267 -0.184369
    20 1.312564 0.000001 0.000000 -0.010427 0.069216 -0.299519
    21 0.729362 0.000000 0.000000 -0.010427 0.069220 -0.299499
    22 3.926700 0.316309 -0.458788 -0.097248 -0.066041 -0.320850
    23 1.539095 0.000001 0.000000 -0.003296 0.021430 -0.306424
    24 1.196321 -0.000001 0.000000 -0.003308 0.021443 -0.306671
    25 3.883690 0.211047 0.404099 0.145549 0.028242 -0.322375
    26 1.719576 0.000000 0.000000 0.003811 -0.024733 -0.306239
    27 1.209180 0.000000 0.000000 0.003811 -0.024732 -0.306209
    28 3.867672 0.115964 1.301215 0.606557 0.043935 -0.315981
    29 1.719428 0.000000 0.000000 0.012979 -0.087488 -0.294848
    30 1.099666 -0.000001 0.000000 0.012979 -0.087480 -0.294833
    31 0.837299 -0.302047 1.313446 -1.404045 -0.282251 -0.427077
    32 1.789784 0.000000 -0.000001 -0.000024 -0.000259 0.260046
    33 1.206999 0.000000 -0.000001 -0.000048 -0.000310 0.303713
    34 2.056792 0.981240 -1.937610 -1.816178 1.118479 2.817929
    35 6.028143 0.000001 0.000000 1.207234 0.130416 -0.936450
    36 11.692554 0.000000 0.000001 0.000000 0.000000 -0.411260
    37 11.481699 0.000000 0.000003 -1.560004 -0.064157 0.034916
    38 3.851859 0.133064 1.220452 0.630261 0.016747 -0.184511
    39 1.312561 0.000001 0.000000 0.010750 -0.071449 -0.299029
    40 0.729364 0.000000 0.000000 0.010750 -0.071438 -0.299007
    41 3.926668 0.319868 0.458387 0.097557 0.063419 -0.321392
    42 1.539095 0.000000 0.000000 0.003679 -0.023915 -0.306273
    43 1.196326 0.000001 0.000000 0.003691 -0.023925 -0.306466
    44 3.883656 0.207493 -0.403698 -0.145121 -0.030874 -0.322134
    45 1.719576 0.000002 0.000000 -0.003428 0.022227 -0.306415
    46 1.209181 -0.000001 0.000000 -0.003428 0.022229 -0.306370
    47 3.867642 0.104977 -1.303937 -0.606295 -0.046512 -0.315602
    48 1.719425 0.000000 0.000000 -0.012656 0.085117 -0.295505
    49 1.099666 0.000001 0.000000 -0.012656 0.085110 -0.295484
    50 0.837268 -0.312959 -1.310521 1.401911 0.278797 -0.429216
    51 1.789784 0.000000 0.000000 0.000216 0.001729 0.260038
    52 1.206998 0.000000 0.000000 0.000300 0.002007 0.303683
    53 11.687500 0.000001 0.000002 0.000000 0.000000 -0.029498
    54 5.738281 0.000001 0.000001 0.000687 0.000000 0.000000
    55 5.738281 0.000000 0.000000 0.000080 0.000000 0.000000
    56 1.500000 0.000000 0.000003 0.000000 0.000000 0.000000
    57 1.499023 0.000000 0.000001 0.000000 0.000000 0.000000
    58 2.078125 1.478516 -5.000000 0.000000 0.000000 0.000000
    59 5.164063 0.000001 0.000000 0.000000 0.000000 0.000000
    60 11.476563 0.000000 0.000002 0.000149 0.000000 0.000000
    61 5.558594 0.000000 0.000000 0.000000 0.000000 0.000000
    62 5.558594 0.000001 0.000000 0.000000 0.000000 0.000000
    63 5.164063 0.000000 0.000000 0.000000 0.000000 0.000000
    64 11.476563 0.000001 0.000005 0.001270 0.000000 0.000000
    65 2.078125 1.478516 5.000000 0.000000 0.000000 0.000000
    66 11.687500 0.000001 0.000001 0.000000 0.000000 -0.029498
  time 10
    0 -1.193791 1.531302 38.504416 1.608660 0.000395 -0.171122
    1 3.890452 -0.000004 -0.000003 -1.872110 -0.020831 -1.494646
    2 17.848177 0.000000 0.000000 0.000000 0.000000 0.089470
    3 16.525253 0.000000 0.000000 -0.089946 -0.004498 -1.063267
    4 6.879454 0.000000 0.000000 -0.007851 -0.002915 -0.585709
    5 -3.890452 0.000004 0.000007 -1.461921 -0.090215 -1.576332
    6 17.848173 0.000000 0.000000 0.000000 0.000000 0.137498
    7 16.525257 0.000000 0.000000 -0.058349 -0.096464 -1.068179
    8 6.879455 0.000000 0.000000 -0.081333 -0.002951 -0.584373
    9 0.000005 3.345128 -2.981901 1.473544 0.101377 1.447547
    10 3.998799 0.000000 0.000000 0.000000 0.000000 -0.000868
    11 3.518565 0.000000 0.000000 -0.017201 0.002876 0.191544
    12 8.923110 0.000000 0.000000 0.000000 0.000000 0.214362
    13 3.307271 0.000000 0.000000 3.141590 0.000000 0.406093
    14 3.601524 -0.000001 0.000000 0.180752 0.082820 0.285738
    15 2.056784 0.981236 1.937660 1.747946 -1.118157 2.814288
    16 6.028142 0.000001 0.000000 -1.417601 -0.252275 -0.759997
    17 11.692554 0.000000 0.000001 0.000000 0.000000 -1.221716
    18 11.481672 0.000000 -0.000032 2.279275 -0.560420 -0.090506
    19 3.851891 0.123226 -1.223225 -0.630885 -0.018267 -0.184369
    20 1.312564 0.000001 0.000000 -0.010427 0.069216 -0.299519
    21 0.729362 0.000000 0.000000 -0.010427 0.069220 -0.299499
    22 3.926700 0.316309 -0.458788 -0.097248 -0.066041 -0.320850
    23 1.539095 0.000001 0.000000 -0.003296 0.021430 -0.306424
    24 1.196321 -0.000001 0.000000 -0.003308 0.021443 -0.306671
    25 3.883690 0.211047 0.404099 0.145549 0.028242 -0.322375
    26 1.719576 0.000000 0.000000 0.003811 -0.024733 -0.306239
    27 1.209180 0.000000 0.000000 0.003811 -0.024732 -0.306209
    28 3.867672 0.115964 1.301215 0.606557 0.043935 -0.315981
    29 1.719428 0.000000 0.000000 0.012979 -0.087488 -0.294848
    30 1.099666 -0.000001 0.000000 0.012979 -0.087480 -0.294833
    31 0.837299 -0.302047 1.313446 -1.404045 -0.282251 -0.427077
    32 1.789784 0.000000 -0.000001 -0.000024 -0.000259 0.260046
    33 1.206999 0.000000 -0.000001 -0.000048 -0.000310 0.303713
    34 2.056792 0.981240 -1.937610 -1.816178 1.118479 2.817929
    35 6.028143 0.000001 0.000000 1.196587 0.138053 -0.937382
    36 11.692554 0.000000 0.000001 0.000000 0.000000 -0.416633
    37 11.481699 0.000000 0.000003 -1.560004 -0.064157 0.034916
    38 3.851859 0.133064 1.220452 0.630261 0.016747 -0.184511
    39 1.312561 0.000001 0.000000 0.010750 -0.071449 -0.299029
    40 0.729364 0.000000 0.000000 0.010750 -0.071438 -0.299007
    41 3.926668 0.319868 0.458387 0.097557 0.063419 -0.321392
    42 1.539095 0.000000 0.000000 0.003679 -0.023915 -0.306273
    43 1.196326 0.000001 0.000000 0.003691 -0.023925 -0.306466
    44 3.883656 0.207493 -0.403698 -0.145121 -0.030874 -0.322134
    45 1.719576 0.000002 0.000000 -0.003428 0.022227 -0.306415
    46 1.209181 -0.000001 0.000000 -0.003428 0.022229 -0.306370
    47 3.867642 0.104977 -1.303937 -0.606295 -0.046512 -0.315602
    48 1.719425 0.000000 0.000000 -0.012656 0.085117 -0.295505
    49 1.099666 0.000001 0.000000 -0.012656 0.085110 -0.295484
    50 0.837268 -0.312959 -1.310521 1.401911 0.278797 -0.429216
    51 1.789784 0.000000 0.000000 0.000216 0.001729 0.260038
    52 1.206998 0.000000 0.000000 0.000300 0.002007 0.303683
    53 11.687500 0.000001 0.000002 0.000000 0.000000 -0.029498
    54 5.738281 0.000001 0.000001 0.000687 0.000000 0.000000
    55 5.738281 0.000000 0.000000 0.000080 0.000000 0.000000
    56 1.500000 0.000000 0.000003 0.000000 0.000000 0.000000
    57 1.499023 0.000000 0.000001 0.000000 0.000000 0.000000
    58 2.078125 1.478516 -5.000000 0.000000 0.000000 0.000000
    59 5.164063 0.000001 0.000000 0.000000 0.000000 0.000000
    60 11.476563 0.000000 0.000002 0.000149 0.000000 0.000000
    61 5.558594 0.000000 0.000000 0.000000 0.000000 0.000000
    62 5.558594 0.000001 0.000000 0.000000 0.000000 0.000000
    63 5.164063 0.000000 0.000000 0.000000 0.000000 0.000000
    64 11.476563 0.000001 0.000005 0.001270 0.000000 0.000000
    65 2.078125 1.478516 5.000000 0.000000 0.000000 0.000000
    66 11.687500 0.000001 0.000001 0.000000 0.000000 -0.029498
  time 11
    0 -1.334421 1.660212 38.504416 1.612723 0.000487 -0.195696
    1 3.890452 -0.000004 -0.000003 -1.897989 -0.039997 -1.484635
    2 17.848177 0.000000 0.000000 0.000000 0.000000 0.126494
    3 16.525253 0.000000 0.000000 -0.093038 -0.001438 -1.079630
    4 6.879454 0.000000 0.000000 -0.008054 -0.002891 -0.586090
    5 -3.890452 0.000004 0.000007 -1.486753 -0.100562 -1.570350
    6 17.848173 0.000000 0.000000 0.000000 0.000000 0.138377
    7 16.525257 0.000000 0.000000 -0.062707 -0.093593 -1.062976
    8 6.879455 0.000000 0.000000 -0.081333 -0.002951 -0.584373
    9 0.000005 3.345128 -2.981901 1.464689 0.095015 1.432632
    10 3.998799 0.000000 0.000000 0.000000 0.000000 -0.000868
    11 3.518565 0.000000 0.000000 -0.017201 0.002876 0.191544
    12 8.923110 0.000000 0.000000 0.000000 0.000000 0.214362
    13 3.307271 0.000000 0.000000 3.141590 0.000000 0.406093
    14 3.601524 -0.000001 0.000000 0.194914 0.091435 0.276825
    15 2.056784 0.981236 1.937660 1.747946 -1.118157 2.814288
    16 6.028142 0.000001 0.000000 -1.452297 -0.325691 -0.724771
    17 11.692554 0.000000 0.000001 0.000000 0.000000 -1.215711
    18 11.481672 0.000000 -0.000032 2.376440 -0.517388 -0.180185
    19 3.851891 0.123226 -1.223225 -0.630885 -0.018267 -0.184369
    20 1.312564 0.000001 0.000000 -0.010427 0.069216 -0.299519
    21 0.729362 0.000000 0.000000 -0.010427 0.069220 -0.299499
    22 3.926700 0.316309 -0.458788 -0.097248 -0.066041 -0.320850
    23 1.539095 0.000001 0.000000 -0.003296 0.021430 -0.306424
    24 1.196321 -0.000001 0.000000 -0.003308 0.021443 -0.306671
    25 3.883690 0.211047 0.404099 0.145549 0.028242 -0.322375
    26 1.719576 0.000000 0.000000 0.003811 -0.024733 -0.306239
    27 1.209180 0.000000 0.000000 0.003811 -0.024732 -0.306209
    28 3.867672 0.115964 1.301215 0.606557 0.043935 -0.315981
    29 1.719428 0.000000 0.000000 0.012979 -0.087488 -0.294848
    30 1.099666 -0.000001 0.000000 0.012979 -0.087480 -0.294833
    31 0.837299 -0.302047 1.313446 -1.404045 -0.282251 -0.427077
    32 1.789784 0.000000 -0.000001 -0.000024 -0.000259 0.260046
    33 1.206999 0.000000 -0.000001 -0.000048 -0.000310 0.303713
    34 2.056792 0.981240 -1.937610 -1.816178 1.118479 2.817929
    35 6.028143 0.000001 0.000000 1.188691 0.145882 -0.937941
    36 11.692554 0.000000 0.000001 0.000000 0.000000 -0.419248
    37 11.481699 0.000000 0.000003 -1.560004 -0.064157 0.034916
    38 3.851859 0.133064 1.220452 0.630261 0.016747 -0.184511
    39 1.312561 0.000001 0.000000 0.010750 -0.071449 -0.299029
    40 0.729364 0.000000 0.000000 0.010750 -0.071438 -0.299007
    41 3.926668 0.319868 0.458387 0.097557 0.063419 -0.321392
    42 1.539095 0.000000 0.000000 0.003679 -0.023915 -0.306273
    43 1.196326 0.000001 0.000000 0.003691 -0.023925 -0.306466
    44 3.883656 0.207493 -0.403698 -0.145121 -0.030874 -0.322134
    45 1.719576 0.000002 0.000000 -0.003428 0.022227 -0.306415
    46 1.209181 -0.000001 0.000000 -0.003428 0.022229 -0.306370
    47 3.867642 0.104977 -1.303937 -0.606295 -0.046512 -0.315602
    48 1.719425 0.000000 0.000000 -0.012656 0.085117 -0.295505
    49 1.099666 0.000001 0.000000 -0.012656 0.085110 -0.295484
    50 0.837268 -0.312959 -1.310521 1.401911 0.278797 -0.429216
    51 1.789784 0.000000 0.000000 0.000216 0.001729 0.260038
    52 1.206998 0.000000 0.000000 0.000300 0.002007 0.303683
    53 11.687500 0.000001 0.000002 0.000000 0.000000 -0.029498
    54 5.738281 0.000001 0.000001 0.000687 0.000000 0.000000
    55 5.738281 0.000000 0.000000 0.000080 0.000000 0.000000
    56 1.500000 0.000000 0.000003 0.000000 0.000000 0.000000
    57 1.499023 0.000000 0.000001 0.000000 0.000000 0.000000
    58 2.078125 1.478516 -5.000000 0.000000 0.000000 0.000000
    59 5.164063 0.000001 0.000000 0.000000 0.000000 0.000000
    60 11.476563 0.000000 0.000002 0.000149 0.000000 0.000000
    61 5.558594 0.000000 0.000000 0.000000 0.000000 0.000000
    62 5.558594 0.000001 0.000000 0.000000 0.000000 0.000000
    63 5.164063 0.000000 0.000000 0.000000 0.000000 0.000000
    64 11.476563 0.000001 0.000005 0.001270 0.000000 0.000000
    65 2.078125 1.478516 5.000000 0.000000 0.000000 0.000000
    66 11.687500 0.000001 0.000001 0.000000 0.000000 -0.029498
  time 12
    0 -1.455518 1.765684 38.504416 1.616139 0.000547 -0.216290
    1 3.890452 -0.000004 -0.000003 -1.919288 -0.024870 -1.486532
    2 17.848177 0.000000 0.000000 0.000000 0.000000 0.089470
    3 16.525253 0.000000 0.000000 -0.095712 0.001216 -1.058018
    4 6.879454 0.000000 0.000000 -0.008246 -0.002879 -0.586434
    5 -3.890452 0.000004 0.000007 -1.507616 -0.108689 -1.564911
    6 17.848173 0.000000 0.000000 0.000000 0.000000 0.138536
    7 16.525257 0.000000 0.000000 -0.066428 -0.091112 -1.058340
    8 6.879455 0.000000 0.000000 -0.081333 -0.002951 -0.584373
    9 0.000005 3.345128 -2.981901 1.455581 0.089217 1.419159
    10 3.998799 0.000000 0.000000 0.000000 0.000000 -0.000868
    11 3.518565 0.000000 0.000000 -0.017201 0.002876 0.191544
    12 8.923110 0.000000 0.000000 0.000000 0.000000 0.214362
    13 3.307271 0.000000 0.000000 3.141590 0.000000 0.406093
    14 3.601524 -0.000001 0.000000 0.206882 0.099288 0.267591
    15 2.056784 0.981236 1.937660 1.747946 -1.118157 2.814288
    16 6.028142 0.000001 0.000000 -1.484508 -0.381652 -0.687675
    17 11.692554 0.000000 0.000001 0.000000 0.000000 -1.208279
    18 11.481672 0.000000 -0.000032 2.440866 -0.462687 -0.254727
    19 3.851891 0.123226 -1.223225 -0.630885 -0.018267 -0.184369
    20 1.312564 0.000001 0.000000 -0.010427 0.069216 -0.299519
    21 0.729362 0.000000 0.000000 -0.010427 0.069220 -0.299499
    22 3.926700 0.316309 -0.458788 -0.097248 -0.066041 -0.320850
    23 1.539095 0.000001 0.000000 -0.003296 0.021430 -0.306424
    24 1.196321 -0.000001 0.000000 -0.003308 0.021443 -0.306671
    25 3.883690 0.211047 0.404099 0.145549 0.028242 -0.322375
    26 1.719576 0.000000 0.000000 0.003811 -0.024733 -0.306239
    27 1.209180 0.000000 0.000000 0.003811 -0.024732 -0.306209
    28 3.867672 0.115964 1.301215 0.606557 0.043935 -0.315981
    29 1.719428 0.000000 0.000000 0.012979 -0.087488 -0.294848
    30 1.099666 -0.000001 0.000000 0.012979 -0.087480 -0.294833
    31 0.837299 -0.302047 1.313446 -1.404045 -0.282251 -0.427077
    32 1.789784 0.000000 -0.000001 -0.000024 -0.000259 0.260046
    33 1.206999 0.000000 -0.000001 -0.000048 -0.000310 0.303713
    34 2.056792 0.981240 -1.937610 -1.816178 1.118479 2.817929
    35 6.028143 0.000001 0.000000 1.183812 0.153472 -0.937941
    36 11.692554 0.000000 0.000001 0.000000 0.000000 -0.418885
    37 11.481699 0.000000 0.000003 -1.560004 -0.064157 0.034916
    38 3.851859 0.133064 1.220452 0.630261 0.016747 -0.184511
    39 1.312561 0.000001 0.000000 0.010750 -0.071449 -0.299029
    40 0.729364 0.000000 0.000000 0.010750 -0.071438 -0.299007
    41 3.926668 0.319868 0.458387 0.097557 0.063419 -0.321392
    42 1.539095 0.000000 0.000000 0.003679 -0.023915 -0.306273
    43 1.196326 0.000001 0.000000 0.003691 -0.023925 -0.306466
    44 3.883656 0.207493 -0.403698 -0.145121 -0.030874 -0.322134
    45 1.719576 0.000002 0.000000 -0.003428 0.022227 -0.306415
    46 1.209181 -0.000001 0.000000 -0.003428 0.022229 -0.306370
    47 3.867642 0.104977 -1.303937 -0.606295 -0.046512 -0.315602
    48 1.719425 0.000000 0.000000 -0.012656 0.085117 -0.295505
    49 1.099666 0.000001 0.000000 -0.012656 0.085110 -0.295484
    50 0.837268 -0.312959 -1.310521 1.401911 0.278797 -0.429216
    51 1.789784 0.000000 0.000000 0.000216 0.001729 0.260038
    52 1.206998 0.000000 0.000000 0.000300 0.002007 0.303683
    53 11.687500 0.000001 0.000002 0.000000 0.000000 -0.029498
    54 5.738281 0.000001 0.000001 0.000687 0.000000 0.000000
    55 5.738281 0.000000 0.000000 0.000080 0.000000 0.000000
    56 1.500000 0.000000 0.000003 0.000000 0.000000 0.000000
    57 1.499023 0.000000 0.000001 0.000000 0.000000 0.000000
    58 2.078125 1.478516 -5.000000 0.000000 0.000000 0.000000
    59 5.164063 0.000001 0.000000 0.000000 0.000000 0.000000
    60 11.476563 0.000000 0.000002 0.000149 0.000000 0.000000
    61 5.558594 0.000000 0.000000 0.000000 0.000000 0.000000
    62 5.558594 0.000001 0.000000 0.000000 0.000000 0.000000
    63 5.164063 0.000000 0.000000 0.000000 0.000000 0.000000
    64 11.476563 0.000001 0.000005 0.001270 0.000000 0.000000
    65 2.078125 1.478516 5.000000 0.000000 0.000000 0.000000
    66 11.687500 0.000001 0.000001 0.000000 0.000000 -0.029498
  time 13
    0 -1.553177 1.851624 38.500509 1.618730 0.000608 -0.231893
    1 3.890452 -0.000004 -0.000003 -1.935624 -0.026127 -1.483457
    2 17.848177 0.000000 0.000000 0.000000 0.000000 0.089470
    3 16.525253 0.000000 0.000000 -0.097896 0.003374 -1.056079
    4 6.879454 0.000000 0.000000 -0.008402 -0.002867 -0.586625
    5 -3.890452 0.000004 0.000007 -1.523496 -0.114773 -1.560405
    6 17.848173 0.000000 0.000000 0.000000 0.000000 0.138696
    7 16.525257 0.000000 0.000000 -0.069387 -0.089155 -1.054745
    8 6.879455 0.000000 0.000000 -0.081333 -0.002951 -0.584373
    9 0.000005 3.345128 -2.981901 1.446271 0.084189 1.407575
    10 3.998799 0.000000 0.000000 0.000000 0.000000 -0.000868
    11 3.518565 0.000000 0.000000 -0.017201 0.002876 0.191544
    12 8.923110 0.000000 0.000000 0.000000 0.000000 0.214362
    13 3.307271 0.000000 0.000000 3.141590 0.000000 0.406093
    14 3.601524 -0.000001 0.000000 0.215964 0.106130 0.258131
    15 2.056784 0.981236 1.937660 1.747946 -1.118157 2.814288
    16 6.028142 0.000001 0.000000 -1.512992 -0.411973 -0.655626
    17 11.692554 0.000000 0.000001 0.000000 0.000000 -1.209330
    18 11.481672 0.000000 -0.000032 2.475706 -0.406872 -0.314238
    19 3.851891 0.123226 -1.223225 -0.630885 -0.018267 -0.184369
    20 1.312564 0.000001 0.000000 -0.010427 0.069216 -0.299519
    21 0.729362 0.000000 0.000000 -0.010427 0.069220 -0.299499
    22 3.926700 0.316309 -0.458788 -0.097248 -0.066041 -0.320850
    23 1.539095 0.000001 0.000000 -0.003296 0.021430 -0.306424
    24 1.196321 -0.000001 0.000000 -0.003308 0.021443 -0.306671
    25 3.883690 0.211047 0.404099 0.145549 0.028242 -0.322375
    26 1.719576 0.000000 0.000000 0.003811 -0.024733 -0.306239
    27 1.209180 0.000000 0.000000 0.003811 -0.024732 -0.306209
    28 3.867672 0.115964 1.301215 0.606557 0.043935 -0.315981
    29 1.719428 0.000000 0.000000 0.012979 -0.087488 -0.294848
    30 1.099666 -0.000001 0.000000 0.012979 -0.087480 -0.294833
    31 0.837299 -0.302047 1.313446 -1.404045 -0.282251 -0.427077
    32 1.789784 0.000000 -0.000001 -0.000024 -0.000259 0.260046
    33 1.206999 0.000000 -0.000001 -0.000048 -0.000310 0.303713
    34 2.056792 0.981240 -1.937610 -1.816178 1.118479 2.817929
    35 6.028143 0.000001 0.000000 1.182481 0.160155 -0.937103
    36 11.692554 0.000000 0.000001 0.000000 0.000000 -0.415835
    37 11.481699 0.000000 0.000003 -1.560004 -0.064157 0.034916
    38 3.851859 0.133064 1.220452 0.630261 0.016747 -0.184511
    39 1.312561 0.000001 0.000000 0.010750 -0.071449 -0.299029
    40 0.729364 0.000000 0.000000 0.010750 -0.071438 -0.299007
    41 3.926668 0.319868 0.458387 0.097557 0.063419 -0.321392
    42 1.539095 0.000000 0.000000 0.003679 -0.023915 -0.306273
    43 1.196326 0.000001 0.000000 0.003691 -0.023925 -0.306466
    44 3.883656 0.207493 -0.403698 -0.145121 -0.030874 -0.322134
    45 1.719576 0.000002 0.000000 -0.003428 0.022227 -0.306415
    46 1.209181 -0.000001 0.000000 -0.003428 0.022229 -0.306370
    47 3.867642 0.104977 -1.303937 -0.606295 -0.046512 -0.315602
    48 1.719425 0.000000 0.000000 -0.012656 0.085117 -0.295505
    49 1.099666 0.000001 0.000000 -0.012656 0.085110 -0.295484
    50 0.837268 -0.312959 -1.310521 1.401911 0.278797 -0.429216
    51 1.789784 0.000000 0.000000 0.000216 0.001729 0.260038
    52 1.206998 0.000000 0.000000 0.000300 0.002007 0.303683
    53 11.687500 0.000001 0.000002 0.000000 0.000000 -0.029498
    54 5.738281 0.000001 0.000001 0.000687 0.000000 0.000000
    55 5.738281 0.000000 0.000000 0.000080 0.000000 0.000000
    56 1.500000 0.000000 0.000003 0.000000 0.000000 0.000000
    57 1.499023 0.000000 0.000001 0.000000 0.000000 0.000000
    58 2.078125 1.478516 -5.000000 0.000000 0.000000 0.000000
    59 5.164063 0.000001 0.000000 0.000000 0.000000 0.000000
    60 11.476563 0.000000 0.000002 0.000149 0.000000 0.000000
    61 5.558594 0.000000 0.000000 0.000000 0.000000 0.000000
    62 5.558594 0.000001 0.000000 0.000000 0.000000 0.000000
    63 5.164063 0.000000 0.000000 0.000000 0.000000 0.000000
    64 11.476563 0.000001 0.000005 0.001270 0.000000 0.000000
    65 2.078125 1.478516 5.000000 0.000000 0.000000 0.000000
    66 11.687500 0.000001 0.000001 0.000000 0.000000 -0.029498
  time 14
    0 -1.623492 1.910220 38.500509 1.620378 0.000669 -0.241811
    1 3.890452 -0.000004 -0.000003 -1.946236 -0.043453 -1.474689
    2 17.848177 0.000000 0.000000 0.000000 0.000000 0.126494
    3 16.525253 0.000000 0.000000 -0.099466 0.004913 -1.074003
    4 6.879454 0.000000 0.000000 -0.008486 -0.002855 -0.586739
    5 -3.890452 0.000004 0.000007 -1.533547 -0.118991 -1.557298
    6 17.848173 0.000000 0.000000 0.000000 0.000000 0.139574
    7 16.525257 0.000000 0.000000 -0.071484 -0.087775 -1.052900
    8 6.879455 0.000000 0.000000 -0.081333 -0.002951 -0.584373
    9 0.000005 3.345128 -2.981901 1.436707 0.080141 1.398476
    10 3.998799 0.000000 0.000000 0.000000 0.000000 -0.000868
    11 3.518565 0.000000 0.000000 -0.017201 0.002876 0.191544
    12 8.923110 0.000000 0.000000 0.000000 0.000000 0.214362
    13 3.307271 0.000000 0.000000 3.141590 0.000000 0.406093
    14 3.601524 -0.000001 0.000000 0.221544 0.111666 0.248479
    15 2.056784 0.981236 1.937660 1.747946 -1.118157 2.814288
    16 6.028142 0.000001 0.000000 -1.536027 -0.409927 -0.636845
    17 11.692554 0.000000 0.000001 0.000000 0.000000 -1.226821
    18 11.481672 0.000000 -0.000032 2.486269 -0.357783 -0.362019
    19 3.851891 0.123226 -1.223225 -0.630885 -0.018267 -0.184369
    20 1.312564 0.000001 0.000000 -0.010427 0.069216 -0.299519
    21 0.729362 0.000000 0.000000 -0.010427 0.069220 -0.299499
    22 3.926700 0.316309 -0.458788 -0.097248 -0.066041 -0.320850
    23 1.539095 0.000001 0.000000 -0.003296 0.021430 -0.306424
    24 1.196321 -0.000001 0.000000 -0.003308 0.021443 -0.306671
    25 3.883690 0.211047 0.404099 0.145549 0.028242 -0.322375
    26 1.719576 0.000000 0.000000 0.003811 -0.024733 -0.306239
    27 1.209180 0.000000 0.000000 0.003811 -0.024732 -0.306209
    28 3.867672 0.115964 1.301215 0.606557 0.043935 -0.315981
    29 1.719428 0.000000 0.000000 0.012979 -0.087488 -0.294848
    30 1.099666 -0.000001 0.000000 0.012979 -0.087480 -0.294833
    31 0.837299 -0.302047 1.313446 -1.404045 -0.282251 -0.427077
    32 1.789784 0.000000 -0.000001 -0.000024 -0.000259 0.260046
    33 1.206999 0.000000 -0.000001 -0.000048 -0.000310 0.303713
    34 2.056792 0.981240 -1.937610 -1.816178 1.118479 2.817929
    35 6.028143 0.000001 0.000000 1.184787 0.165310 -0.935145
    36 11.692554 0.000000 0.000001 0.000000 0.000000 -0.410098
    37 11.481699 0.000000 0.000003 -1.560004 -0.064157 0.034916
    38 3.851859 0.133064 1.220452 0.630261 0.016747 -0.184511
    39 1.312561 0.000001 0.000000 0.010750 -0.071449 -0.299029
    40 0.729364 0.000000 0.000000 0.010750 -0.071438 -0.299007
    41 3.926668 0.319868 0.458387 0.097557 0.063419 -0.321392
    42 1.539095 0.000000 0.000000 0.003679 -0.023915 -0.306273
    43 1.196326 0.000001 0.000000 0.003691 -0.023925 -0.306466
    44 3.883656 0.207493 -0.403698 -0.145121 -0.030874 -0.322134
    45 1.719576 0.000002 0.000000 -0.003428 0.022227 -0.306415
    46 1.209181 -0.000001 0.000000 -0.003428 0.022229 -0.306370
    47 3.867642 0.104977 -1.303937 -0.606295 -0.046512 -0.315602
    48 1.719425 0.000000 0.000000 -0.012656 0.085117 -0.295505
    49 1.099666 0.000001 0.000000 -0.012656 0.085110 -0.295484
    50 0.837268 -0.312959 -1.310521 1.401911 0.278797 -0.429216
    51 1.789784 0.000000 0.000000 0.000216 0.001729 0.260038
    52 1.206998 0.000000 0.000000 0.000300 0.002007 0.303683
    53 11.687500 0.000001 0.000002 0.000000 0.000000 -0.029498
    54 5.738281 0.000001 0.000001 0.000687 0.000000 0.000000
    55 5.738281 0.000000 0.000000 0.000080 0.000000 0.000000
    56 1.500000 0.000000 0.000003 0.000000 0.000000 0.000000
    57 1.499023 0.000000 0.000001 0.000000 0.000000 0.000000
    58 2.078125 1.478516 -5.000000 0.000000 0.000000 0.000000
    59 5.164063 0.000001 0.000000 0.000000 0.000000 0.000000
    60 11.476563 0.000000 0.000002 0.000149 0.000000 0.000000
    61 5.558594 0.000000 0.000000 0.000000 0.000000 0.000000
    62 5.558594 0.000001 0.000000 0.000000 0.000000 0.000000
    63 5.164063 0.000000 0.000000 0.000000 0.000000 0.000000
    64 11.476563 0.000001 0.000005 0.001270 0.000000 0.000000
    65 2.078125 1.478516 5.000000 0.000000 0.000000 0.000000
    66 11.687500 0.000001 0.000001 0.000000 0.000000 -0.029498
  time 15
    0 -1.662556 1.937564 38.496603 1.620908 0.000700 -0.245222
    1 3.890452 -0.000004 -0.000003 -1.949900 -0.043767 -1.473380
    2 17.848177 0.000000 0.000000 0.000000 0.000000 0.126569
    3 16.525253 0.000000 0.000000 -0.100325 0.005727 -1.073577
    4 6.879454 0.000000 0.000000 -0.008486 -0.002855 -0.586701
    5 -3.890452 0.000004 0.000007 -1.537094 -0.121434 -1.555744
    6 17.848173 0.000000 0.000000 0.000000 0.000000 0.141810
    7 16.525257 0.000000 0.000000 -0.072594 -0.087029 -1.053137
    8 6.879455 0.000000 0.000000 -0.081333 -0.002951 -0.584373
    9 0.000005 3.345128 -2.981901 1.426891 0.077313 1.392411
    10 3.998799 0.000000 0.000000 0.000000 0.000000 -0.000868
    11 3.518565 0.000000 0.000000 -0.017201 0.002876 0.191544
    12 8.923110 0.000000 0.000000 0.000000 0.000000 0.214362
    13 3.307271 0.000000 0.000000 3.141590 0.000000 0.406093
    14 3.601524 -0.000001 0.000000 0.223045 0.115646 0.238730
    15 2.056784 0.981236 1.937660 1.747946 -1.118157 2.814288
    16 6.028142 0.000001 0.000000 -1.552180 -0.393562 -0.631425
    17 11.692554 0.000000 0.000001 0.000000 0.000000 -1.247315
    18 11.481672 0.000000 -0.000032 2.469015 -0.324524 -0.396098
    19 3.851891 0.123226 -1.223225 -0.630885 -0.018267 -0.184369
    20 1.312564 0.000001 0.000000 -0.010427 0.069216 -0.299519
    21 0.729362 0.000000 0.000000 -0.010427 0.069220 -0.299499
    22 3.926700 0.316309 -0.458788 -0.097248 -0.066041 -0.320850
    23 1.539095 0.000001 0.000000 -0.003296 0.021430 -0.306424
    24 1.196321 -0.000001 0.000000 -0.003308 0.021443 -0.306671
    25 3.883690 0.211047 0.404099 0.145549 0.028242 -0.322375
    26 1.719576 0.000000 0.000000 0.003811 -0.024733 -0.306239
    27 1.209180 0.000000 0.000000 0.003811 -0.024732 -0.306209
    28 3.867672 0.115964 1.301215 0.606557 0.043935 -0.315981
    29 1.719428 0.000000 0.000000 0.012979 -0.087488 -0.294848
    30 1.099666 -0.000001 0.000000 0.012979 -0.087480 -0.294833
    31 0.837299 -0.302047 1.313446 -1.404045 -0.282251 -0.427077
    32 1.789784 0.000000 -0.000001 -0.000024 -0.000259 0.260046
    33 1.206999 0.000000 -0.000001 -0.000048 -0.000310 0.303713
    34 2.056792 0.981240 -1.937610 -1.816178 1.118479 2.817929
    35 6.028143 0.000001 0.000000 1.190909 0.168270 -0.931697
    36 11.692554 0.000000 0.000001 0.000000 0.000000 -0.402183
    37 11.481699 0.000000 0.000003 -1.560004 -0.064157 0.034916
    38 3.851859 0.133064 1.220452 0.630261 0.016747 -0.184511
    39 1.312561 0.000001 0.000000 0.010750 -0.071449 -0.299029
    40 0.729364 0.000000 0.000000 0.010750 -0.071438 -0.299007
    41 3.926668 0.319868 0.458387 0.097557 0.063419 -0.321392
    42 1.539095 0.000000 0.000000 0.003679 -0.023915 -0.306273
    43 1.196326 0.000001 0.000000 0.003691 -0.023925 -0.306466
    44 3.883656 0.207493 -0.403698 -0.145121 -0.030874 -0.322134
    45 1.719576 0.000002 0.000000 -0.003428 0.022227 -0.306415
    46 1.209181 -0.000001 0.000000 -0.003428 0.022229 -0.306370
    47 3.867642 0.104977 -1.303937 -0.606295 -0.046512 -0.315602
    48 1.719425 0.000000 0.000000 -0.012656 0.085117 -0.295505
    49 1.099666 0.000001 0.000000 -0.012656 0.085110 -0.295484
    50 0.837268 -0.312959 -1.310521 1.401911 0.278797 -0.429216
    51 1.789784 0.000000 0.000000 0.000216 0.001729 0.260038
    52 1.206998 0.000000 0.000000 0.000300 0.002007 0.303683
    53 11.687500 0.000001 0.000002 0.000000 0.000000 -0.029498
    54 5.738281 0.000001 0.000001 0.000687 0.000000 0.000000
    55 5.738281 0.000000 0.000000 0.000080 0.000000 0.000000
    56 1.500000 0.000000 0.000003 0.000000 0.000000 0.000000
    57 1.499023 0.000000 0.000001 0.000000 0.000000 0.000000
    58 2.078125 1.478516 -5.000000 0.000000 0.000000 0.000000
    59 5.164063 0.000001 0.000000 0.000000 0.000000 0.000000
    60 11.476563 0.000000 0.000002 0.000149 0.000000 0.000000
    61 5.558594 0.000000 0.000000 0.000000 0.000000 0.000000
    62 5.558594 0.000001 0.000000 0.000000 0.000000 0.000000
    63 5.164063 0.000000 0.000000 0.000000 0.000000 0.000000
    64 11.476563 0.000001 0.000005 0.001270 0.000000 0.000000
    65 2.078125 1.478516 5.000000 0.000000 0.000000 0.000000
    66 11.687500 0.000001 0.000001 0.000000 0.000000 -0.029498
  time 16
    0 -1.682088 1.941470 38.488790 1.620908 0.000730 -0.245159
    1 3.890452 -0.000004 -0.000003 -1.949747 -0.027249 -1.479269
    2 17.848177 0.000000 0.000000 0.000000 0.000000 0.089470
    3 16.525253 0.000000 0.000000 -0.100841 0.006116 -1.054755
    4 6.879454 0.000000 0.000000 -0.008390 -0.002867 -0.586510
    5 -3.890452 0.000004 0.000007 -1.537010 -0.123832 -1.555200
    6 17.848173 0.000000 0.000000 0.000000 0.000000 0.146760
    7 16.525257 0.000000 0.000000 -0.073087 -0.086693 -1.055644
    8 6.879455 0.000000 0.000000 -0.081333 -0.002951 -0.584373
    9 0.000005 3.345128 -2.981901 1.417530 0.075354 1.388235
    10 3.998799 0.000000 0.000000 0.000000 0.000000 -0.000868
    11 3.518565 0.000000 0.000000 -0.017201 0.002876 0.191544
    12 8.923110 0.000000 0.000000 0.000000 0.000000 0.214362
    13 3.307271 0.000000 0.000000 3.141590 0.000000 0.406093
    14 3.601524 -0.000001 0.000000 0.220389 0.117528 0.230268
    15 2.056784 0.981236 1.937660 1.747946 -1.118157 2.814288
    16 6.028142 0.000001 0.000000 -1.564415 -0.381834 -0.631892
    17 11.692554 0.000000 0.000001 0.000000 0.000000 -1.259777
    18 11.481672 0.000000 -0.000032 2.397565 -0.318912 -0.416581
    19 3.851891 0.123226 -1.223225 -0.630885 -0.018267 -0.184369
    20 1.312564 0.000001 0.000000 -0.010427 0.069216 -0.299519
    21 0.729362 0.000000 0.000000 -0.010427 0.069220 -0.299499
    22 3.926700 0.316309 -0.458788 -0.097248 -0.066041 -0.320850
    23 1.539095 0.000001 0.000000 -0.003296 0.021430 -0.306424
    24 1.196321 -0.000001 0.000000 -0.003308 0.021443 -0.306671
    25 3.883690 0.211047 0.404099 0.145549 0.028242 -0.322375
    26 1.719576 0.000000 0.000000 0.003811 -0.024733 -0.306239
    27 1.209180 0.000000 0.000000 0.003811 -0.024732 -0.306209
    28 3.867672 0.115964 1.301215 0.606557 0.043935 -0.315981
    29 1.719428 0.000000 0.000000 0.012979 -0.087488 -0.294848
    30 1.099666 -0.000001 0.000000 0.012979 -0.087480 -0.294833
    31 0.837299 -0.302047 1.313446 -1.404045 -0.282251 -0.427077
    32 1.789784 0.000000 -0.000001 -0.000024 -0.000259 0.260046
    33 1.206999 0.000000 -0.000001 -0.000048 -0.000310 0.303713
    34 2.056792 0.981240 -1.937610 -1.816178 1.118479 2.817929
    35 6.028143 0.000001 0.000000 1.198362 0.170466 -0.927876
    36 11.692554 0.000000 0.000001 0.000000 0.000000 -0.392524
    37 11.481699 0.000000 0.000003 -1.560004 -0.064157 0.034916
    38 3.851859 0.133064 1.220452 0.630261 0.016747 -0.184511
    39 1.312561 0.000001 0.000000 0.010750 -0.071449 -0.299029
    40 0.729364 0.000000 0.000000 0.010750 -0.071438 -0.299007
    41 3.926668 0.319868 0.458387 0.097557 0.063419 -0.321392
    42 1.539095 0.000000 0.000000 0.003679 -0.023915 -0.306273
    43 1.196326 0.000001 0.000000 0.003691 -0.023925 -0.306466
    44 3.883656 0.207493 -0.403698 -0.145121 -0.030874 -0.322134
    45 1.719576 0.000002 0.000000 -0.003428 0.022227 -0.306415
    46 1.209181 -0.000001 0.000000 -0.003428 0.022229 -0.306370
    47 3.867642 0.104977 -1.303937 -0.606295 -0.046512 -0.315602
    48 1.719425 0.000000 0.000000 -0.012656 0.085117 -0.295505
    49 1.099666 0.000001 0.000000 -0.012656 0.085110 -0.295484
    50 0.837268 -0.312959 -1.310521 1.401911 0.278797 -0.429216
    51 1.789784 0.000000 0.000000 0.000216 0.001729 0.260038
    52 1.206998 0.000000 0.000000 0.000300 0.002007 0.303683
    53 11.687500 0.000001 0.000002 0.000000 0.000000 -0.029498
    54 5.738281 0.000001 0.000001 0.000687 0.000000 0.000000
    55 5.738281 0.000000 0.000000 0.000080 0.000000 0.000000
    56 1.500000 0.000000 0.000003 0.000000 0.000000 0.000000
    57 1.499023 0.000000 0.000001 0.000000 0.000000 0.000000
    58 2.078125 1.478516 -5.000000 0.000000 0.000000 0.000000
    59 5.164063 0.000001 0.000000 0.000000 0.000000 0.000000
    60 11.476563 0.000000 0.000002 0.000149 0.000000 0.000000
    61 5.558594 0.000000 0.000000 0.000000 0.000000 0.000000
    62 5.558594 0.000001 0.000000 0.000000 0.000000 0.000000
    63 5.164063 0.000000 0.000000 0.000000 0.000000 0.000000
    64 11.476563 0.000001 0.000005 0.001270 0.000000 0.000000
    65 2.078125 1.478516 5.000000 0.000000 0.000000 0.000000
    66 11.687500 0.000001 0.000001 0.000000 0.000000 -0.029498
  time 17
    0 -1.697713 1.945377 38.477071 1.620791 0.000760 -0.244843
    1 3.890452 -0.000004 -0.000003 -1.949518 -0.027160 -1.478811
    2 17.848177 0.000000 0.000000 0.000000 0.000000 0.089470
    3 16.525253 0.000000 0.000000 -0.101307 0.006435 -1.055701
    4 6.879454 0.000000 0.000000 -0.008234 -0.002879 -0.586167
    5 -3.890452 0.000004 0.000007 -1.536757 -0.127251 -1.554889
    6 17.848173 0.000000 0.000000 0.000000 0.000000 0.154264
    7 16.525257 0.000000 0.000000 -0.073457 -0.086451 -1.059617
    8 6.879455 0.000000 0.000000 -0.081333 -0.002951 -0.584373
    9 0.000005 3.345128 -2.981901 1.409384 0.073780 1.384307
    10 3.998799 0.000000 0.000000 0.000000 0.000000 -0.000868
    11 3.518565 0.000000 0.000000 -0.017201 0.002876 0.191544
    12 8.923110 0.000000 0.000000 0.000000 0.000000 0.214362
    13 3.307271 0.000000 0.000000 3.141590 0.000000 0.406093
    14 3.601524 -0.000001 0.000000 0.214925 0.116828 0.224862
    15 2.056784 0.981236 1.937660 1.747946 -1.118157 2.814288
    16 6.028142 0.000001 0.000000 -1.576075 -0.371787 -0.635910
    17 11.692554 0.000000 0.000001 0.000000 0.000000 -1.269987
    18 11.481672 0.000000 -0.000032 2.280602 -0.333479 -0.420132
    19 3.851891 0.123226 -1.223225 -0.630885 -0.018267 -0.184369
    20 1.312564 0.000001 0.000000 -0.010427 0.069216 -0.299519
    21 0.729362 0.000000 0.000000 -0.010427 0.069220 -0.299499
    22 3.926700 0.316309 -0.458788 -0.097248 -0.066041 -0.320850
    23 1.539095 0.000001 0.000000 -0.003296 0.021430 -0.306424
    24 1.196321 -0.000001 0.000000 -0.003308 0.021443 -0.306671
    25 3.883690 0.211047 0.404099 0.145549 0.028242 -0.322375
    26 1.719576 0.000000 0.000000 0.003811 -0.024733 -0.306239
    27 1.209180 0.000000 0.000000 0.003811 -0.024732 -0.306209
    28 3.867672 0.115964 1.301215 0.606557 0.043935 -0.315981
    29 1.719428 0.000000 0.000000 0.012979 -0.087488 -0.294848
    30 1.099666 -0.000001 0.000000 0.012979 -0.087480 -0.294833
    31 0.837299 -0.302047 1.313446 -1.404045 -0.282251 -0.427077
    32 1.789784 0.000000 -0.000001 -0.000024 -0.000259 0.260046
    33 1.206999 0.000000 -0.000001 -0.000048 -0.000310 0.303713
    34 2.056792 0.981240 -1.937610 -1.816178 1.118479 2.817929
    35 6.028143 0.000001 0.000000 1.204217 0.173664 -0.925079
    36 11.692554 0.000000 0.000001 0.000000 0.000000 -0.381704
    37 11.481699 0.000000 0.000003 -1.560004 -0.064157 0.034916
    38 3.851859 0.133064 1.220452 0.630261 0.016747 -0.184511
    39 1.312561 0.000001 0.000000 0.010750 -0.071449 -0.299029
    40 0.729364 0.000000 0.000000 0.010750 -0.071438 -0.299007
    41 3.926668 0.319868 0.458387 0.097557 0.063419 -0.321392
    42 1.539095 0.000000 0.000000 0.003679 -0.023915 -0.306273
    43 1.196326 0.000001 0.000000 0.003691 -0.023925 -0.306466
    44 3.883656 0.207493 -0.403698 -0.145121 -0.030874 -0.322134
    45 1.719576 0.000002 0.000000 -0.003428 0.022227 -0.306415
    46 1.209181 -0.000001 0.000000 -0.003428 0.022229 -0.306370
    47 3.867642 0.104977 -1.303937 -0.606295 -0.046512 -0.315602
    48 1.719425 0.000000 0.000000 -0.012656 0.085117 -0.295505
    49 1.099666 0.000001 0.000000 -0.012656 0.085110 -0.295484
    50 0.837268 -0.312959 -1.310521 1.401911 0.278797 -0.429216
    51 1.789784 0.000000 0.000000 0.000216 0.001729 0.260038
    52 1.206998 0.000000 0.000000 0.000300 0.002007 0.303683
    53 11.687500 0.000001 0.000002 0.000000 0.000000 -0.029498
    54 5.738281 0.000001 0.000001 0.000687 0.000000 0.000000
    55 5.738281 0.000000 0.000000 0.000080 0.000000 0.000000
    56 1.500000 0.000000 0.000003 0.000000 0.000000 0.000000
    57 1.499023 0.000000 0.000001 0.000000 0.000000 0.000000
    58 2.078125 1.478516 -5.000000 0.000000 0.000000 0.000000
    59 5.164063 0.000001 0.000000 0.000000 0.000000 0.000000
    60 11.476563 0.000000 0.000002 0.000149 0.000000 0.000000
    61 5.558594 0.000000 0.000000 0.000000 0.000000 0.000000
    62 5.558594 0.000001 0.000000 0.000000 0.000000 0.000000
    63 5.164063 0.000000 0.000000 0.000000 0.000000 0.000000
    64 11.476563 0.000001 0.000005 0.001270 0.000000 0.000000
    65 2.078125 1.478516 5.000000 0.000000 0.000000 0.000000
    66 11.687500 0.000001 0.000001 0.000000 0.000000 -0.029498
  time 18
    0 -1.709432 1.941470 38.465352 1.620673 0.000760 -0.244337
    1 3.890452 -0.000004 -0.000003 -1.948984 -0.026890 -1.478484
    2 17.848177 0.000000 0.000000 0.000000 0.000000 0.089470
    3 16.525253 0.000000 0.000000 -0.101748 0.006665 -1.057025
    4 6.879454 0.000000 0.000000 -0.008030 -0.002903 -0.585785
    5 -3.890452 0.000004 0.000007 -1.536165 -0.130981 -1.554734
    6 17.848173 0.000000 0.000000 0.000000 0.000000 0.162727
    7 16.525257 0.000000 0.000000 -0.073704 -0.086302 -1.064253
    8 6.879455 0.000000 0.000000 -0.081333 -0.002951 -0.584373
    9 0.000005 3.345128 -2.981901 1.402654 0.072623 1.380628
    10 3.998799 0.000000 0.000000 0.000000 0.000000 -0.000868
    11 3.518565 0.000000 0.000000 -0.017201 0.002876 0.191544
    12 8.923110 0.000000 0.000000 0.000000 0.000000 0.214362
    13 3.307271 0.000000 0.000000 3.141590 0.000000 0.406093
    14 3.601524 -0.000001 0.000000 0.208960 0.113967 0.222835
    15 2.056784 0.981236 1.937660 1.747946 -1.118157 2.814288
    16 6.028142 0.000001 0.000000 -1.587163 -0.363786 -0.643292
    17 11.692554 0.000000 0.000001 0.000000 0.000000 -1.277719
    18 11.481672 0.000000 -0.000032 2.139030 -0.357337 -0.401873
    19 3.851891 0.123226 -1.223225 -0.630885 -0.018267 -0.184369
    20 1.312564 0.000001 0.000000 -0.010427 0.069216 -0.299519
    21 0.729362 0.000000 0.000000 -0.010427 0.069220 -0.299499
    22 3.926700 0.316309 -0.458788 -0.097248 -0.066041 -0.320850
    23 1.539095 0.000001 0.000000 -0.003296 0.021430 -0.306424
    24 1.196321 -0.000001 0.000000 -0.003308 0.021443 -0.306671
    25 3.883690 0.211047 0.404099 0.145549 0.028242 -0.322375
    26 1.719576 0.000000 0.000000 0.003811 -0.024733 -0.306239
    27 1.209180 0.000000 0.000000 0.003811 -0.024732 -0.306209
    28 3.867672 0.115964 1.301215 0.606557 0.043935 -0.315981
    29 1.719428 0.000000 0.000000 0.012979 -0.087488 -0.294848
    30 1.099666 -0.000001 0.000000 0.012979 -0.087480 -0.294833
    31 0.837299 -0.302047 1.313446 -1.404045 -0.282251 -0.427077
    32 1.789784 0.000000 -0.000001 -0.000024 -0.000259 0.260046
    33 1.206999 0.000000 -0.000001 -0.000048 -0.000310 0.303713
    34 2.056792 0.981240 -1.937610 -1.816178 1.118479 2.817929
    35 6.028143 0.000001 0.000000 1.208298 0.177530 -0.923402
    36 11.692554 0.000000 0.000001 0.000000 0.000000 -0.370667
    37 11.481699 0.000000 0.000003 -1.560004 -0.064157 0.034916
    38 3.851859 0.133064 1.220452 0.630261 0.016747 -0.184511
    39 1.312561 0.000001 0.000000 0.010750 -0.071449 -0.299029
    40 0.729364 0.000000 0.000000 0.010750 -0.071438 -0.299007
    41 3.926668 0.319868 0.458387 0.097557 0.063419 -0.321392
    42 1.539095 0.000000 0.000000 0.003679 -0.023915 -0.306273
    43 1.196326 0.000001 0.000000 0.003691 -0.023925 -0.306466
    44 3.883656 0.207493 -0.403698 -0.145121 -0.030874 -0.322134
    45 1.719576 0.000002 0.000000 -0.003428 0.022227 -0.306415
    46 1.209181 -0.000001 0.000000 -0.003428 0.022229 -0.306370
    47 3.867642 0.104977 -1.303937 -0.606295 -0.046512 -0.315602
    48 1.719425 0.000000 0.000000 -0.012656 0.085117 -0.295505
    49 1.099666 0.000001 0.000000 -0.012656 0.085110 -0.295484
    50 0.837268 -0.312959 -1.310521 1.401911 0.278797 -0.429216
    51 1.789784 0.000000 0.000000 0.000216 0.001729 0.260038
    52 1.206998 0.000000 0.000000 0.000300 0.002007 0.303683
    53 11.687500 0.000001 0.000002 0.000000 0.000000 -0.029498
    54 5.738281 0.000001 0.000001 0.000687 0.000000 0.000000
    55 5.738281 0.000000 0.000000 0.000080 0.000000 0.000000
    56 1.500000 0.000000 0.000003 0.000000 0.000000 0.000000
    57 1.499023 0.000000 0.000001 0.000000 0.000000 0.000000
    58 2.078125 1.478516 -5.000000 0.000000 0.000000 0.000000
    59 5.164063 0.000001 0.000000 0.000000 0.000000 0.000000
    60 11.476563 0.000000 0.000002 0.000149 0.000000 0.000000
    61 5.558594 0.000000 0.000000 0.000000 0.000000 0.000000
    62 5.558594 0.000001 0.000000 0.000000 0.000000 0.000000
    63 5.164063 0.000000 0.000000 0.000000 0.000000 0.000000
    64 11.476563 0.000001 0.000005 0.001270 0.000000 0.000000
    65 2.078125 1.478516 5.000000 0.000000 0.000000 0.000000
    66 11.687500 0.000001 0.000001 0.000000 0.000000 -0.029498
  time 19
    0 -1.713338 1.929751 38.453633 1.620437 0.000730 -0.243453
    1 3.890452 -0.000004 -0.000003 -1.948144 -0.026531 -1.478353
    2 17.848177 0.000000 0.000000 0.000000 0.000000 0.089470
    3 16.525253 0.000000 0.000000 -0.102116 0.006824 -1.058633
    4 6.879454 0.000000 0.000000 -0.007791 -0.002915 -0.585327
    5 -3.890452 0.000004 0.000007 -1.535321 -0.134623 -1.554889
    6 17.848173 0.000000 0.000000 0.000000 0.000000 0.171589
    7 16.525257 0.000000 0.000000 -0.073786 -0.086227 -1.069267
    8 6.879455 0.000000 0.000000 -0.081333 -0.002951 -0.584373
    9 0.000005 3.345128 -2.981901 1.397493 0.071964 1.377297
    10 3.998799 0.000000 0.000000 0.000000 0.000000 -0.000868
    11 3.518565 0.000000 0.000000 -0.017201 0.002876 0.191544
    12 8.923110 0.000000 0.000000 0.000000 0.000000 0.214362
    13 3.307271 0.000000 0.000000 3.141590 0.000000 0.406093
    14 3.601524 -0.000001 0.000000 0.205073 0.110064 0.223801
    15 2.056784 0.981236 1.937660 1.747946 -1.118157 2.814288
    16 6.028142 0.000001 0.000000 -1.597390 -0.358013 -0.653196
    17 11.692554 0.000000 0.000001 0.000000 0.000000 -1.282974
    18 11.481672 0.000000 -0.000032 1.984019 -0.384167 -0.362378
    19 3.851891 0.123226 -1.223225 -0.630885 -0.018267 -0.184369
    20 1.312564 0.000001 0.000000 -0.010427 0.069216 -0.299519
    21 0.729362 0.000000 0.000000 -0.010427 0.069220 -0.299499
    22 3.926700 0.316309 -0.458788 -0.097248 -0.066041 -0.320850
    23 1.539095 0.000001 0.000000 -0.003296 0.021430 -0.306424
    24 1.196321 -0.000001 0.000000 -0.003308 0.021443 -0.306671
    25 3.883690 0.211047 0.404099 0.145549 0.028242 -0.322375
    26 1.719576 0.000000 0.000000 0.003811 -0.024733 -0.306239
    27 1.209180 0.000000 0.000000 0.003811 -0.024732 -0.306209
    28 3.867672 0.115964 1.301215 0.606557 0.043935 -0.315981
    29 1.719428 0.000000 0.000000 0.012979 -0.087488 -0.294848
    30 1.099666 -0.000001 0.000000 0.012979 -0.087480 -0.294833
    31 0.837299 -0.302047 1.313446 -1.404045 -0.282251 -0.427077
    32 1.789784 0.000000 -0.000001 -0.000024 -0.000259 0.260046
    33 1.206999 0.000000 -0.000001 -0.000048 -0.000310 0.303713
    34 2.056792 0.981240 -1.937610 -1.816178 1.118479 2.817929
    35 6.028143 0.000001 0.000000 1.210428 0.181540 -0.923122
    36 11.692554 0.000000 0.000001 0.000000 0.000000 -0.360210
    37 11.481699 0.000000 0.000003 -1.560004 -0.064157 0.034916
    38 3.851859 0.133064 1.220452 0.630261 0.016747 -0.184511
    39 1.312561 0.000001 0.000000 0.010750 -0.071449 -0.299029
    40 0.729364 0.000000 0.000000 0.010750 -0.071438 -0.299007
    41 3.926668 0.319868 0.458387 0.097557 0.063419 -0.321392
    42 1.539095 0.000000 0.000000 0.003679 -0.023915 -0.306273
    43 1.196326 0.000001 0.000000 0.003691 -0.023925 -0.306466
    44 3.883656 0.207493 -0.403698 -0.145121 -0.030874 -0.322134
    45 1.719576 0.000002 0.000000 -0.003428 0.022227 -0.306415
    46 1.209181 -0.000001 0.000000 -0.003428 0.022229 -0.306370
    47 3.867642 0.104977 -1.303937 -0.606295 -0.046512 -0.315602
    48 1.719425 0.000000 0.000000 -0.012656 0.085117 -0.295505
    49 1.099666 0.000001 0.000000 -0.012656 0.085110 -0.295484
    50 0.837268 -0.312959 -1.310521 1.401911 0.278797 -0.429216
    51 1.789784 0.000000 0.000000 0.000216 0.001729 0.260038
    52 1.206998 0.000000 0.000000 0.000300 0.002007 0.303683
    53 11.687500 0.000001 0.000002 0.000000 0.000000 -0.029498
    54 5.738281 0.000001 0.000001 0.000687 0.000000 0.000000
    55 5.738281 0.000000 0.000000 0.000080 0.000000 0.000000
    56 1.500000 0.000000 0.000003 0.000000 0.000000 0.000000
    57 1.499023 0.000000 0.000001 0.000000 0.000000 0.000000
    58 2.078125 1.478516 -5.000000 0.000000 0.000000 0.000000
    59 5.164063 0.000001 0.000000 0.000000 0.000000 0.000000
    60 11.476563 0.000000 0.000002 0.000149 0.000000 0.000000
    61 5.558594 0.000000 0.000000 0.000000 0.000000 0.000000
    62 5.558594 0.000001 0.000000 0.000000 0.000000 0.000000
    63 5.164063 0.000000 0.000000 0.000000 0.000000 0.000000
    64 11.476563 0.000001 0.000005 0.001270 0.000000 0.000000
    65 2.078125 1.478516 5.000000 0.000000 0.000000 0.000000
    66 11.687500 0.000001 0.000001 0.000000 0.000000 -0.029498
  time 20
    0 -1.717245 1.914126 38.441914 1.620202 0.000669 -0.242126
    1 3.890452 -0.000004 -0.000003 -1.946846 -0.026037 -1.478353
    2 17.848177 0.000000 0.000000 0.000000 0.000000 0.089470
    3 16.525253 0.000000 0.000000 -0.102435 0.006930 -1.060430
    4 6.879454 0.000000 0.000000 -0.007551 -0.002939 -0.584831
    5 -3.890452 0.000004 0.000007 -1.533969 -0.137998 -1.555200
    6 17.848173 0.000000 0.000000 0.000000 0.000000 0.180452
    7 16.525257 0.000000 0.000000 -0.073745 -0.086264 -1.074423
    8 6.879455 0.000000 0.000000 -0.081333 -0.002951 -0.584373
    9 0.000005 3.345128 -2.981901 1.394153 0.071836 1.374413
    10 3.998799 0.000000 0.000000 0.000000 0.000000 -0.000868
    11 3.518565 0.000000 0.000000 -0.017201 0.002876 0.191544
    12 8.923110 0.000000 0.000000 0.000000 0.000000 0.214362
    13 3.307271 0.000000 0.000000 3.141590 0.000000 0.406093
    14 3.601524 -0.000001 0.000000 0.204650 0.106254 0.227243
    15 2.056784 0.981236 1.937660 1.747946 -1.118157 2.814288
    16 6.028142 0.000001 0.000000 -1.605993 -0.354831 -0.665157
    17 11.692554 0.000000 0.000001 0.000000 0.000000 -1.285526
    18 11.481672 0.000000 -0.000032 1.825359 -0.409399 -0.306346
    19 3.851891 0.123226 -1.223225 -0.630885 -0.018267 -0.184369
    20 1.312564 0.000001 0.000000 -0.010427 0.069216 -0.299519
    21 0.729362 0.000000 0.000000 -0.010427 0.069220 -0.299499
    22 3.926700 0.316309 -0.458788 -0.097248 -0.066041 -0.320850
    23 1.539095 0.000001 0.000000 -0.003296 0.021430 -0.306424
    24 1.196321 -0.000001 0.000000 -0.003308 0.021443 -0.306671
    25 3.883690 0.211047 0.404099 0.145549 0.028242 -0.322375
    26 1.719576 0.000000 0.000000 0.003811 -0.024733 -0.306239
    27 1.209180 0.000000 0.000000 0.003811 -0.024732 -0.306209
    28 3.867672 0.115964 1.301215 0.606557 0.043935 -0.315981
    29 1.719428 0.000000 0.000000 0.012979 -0.087488 -0.294848
    30 1.099666 -0.000001 0.000000 0.012979 -0.087480 -0.294833
    31 0.837299 -0.302047 1.313446 -1.404045 -0.282251 -0.427077
    32 1.789784 0.000000 -0.000001 -0.000024 -0.000259 0.260046
    33 1.206999 0.000000 -0.000001 -0.000048 -0.000310 0.303713
    34 2.056792 0.981240 -1.937610 -1.816178 1.118479 2.817929
    35 6.028143 0.000001 0.000000 1.210339 0.185264 -0.924147
    36 11.692554 0.000000 0.000001 0.000000 0.000000 -0.351350
    37 11.481699 0.000000 0.000003 -1.560004 -0.064157 0.034916
    38 3.851859 0.133064 1.220452 0.630261 0.016747 -0.184511
    39 1.312561 0.000001 0.000000 0.010750 -0.071449 -0.299029
    40 0.729364 0.000000 0.000000 0.010750 -0.071438 -0.299007
    41 3.926668 0.319868 0.458387 0.097557 0.063419 -0.321392
    42 1.539095 0.000000 0.000000 0.003679 -0.023915 -0.306273
    43 1.196326 0.000001 0.000000 0.003691 -0.023925 -0.306466
    44 3.883656 0.207493 -0.403698 -0.145121 -0.030874 -0.322134
    45 1.719576 0.000002 0.000000 -0.003428 0.022227 -0.306415
    46 1.209181 -0.000001 0.000000 -0.003428 0.022229 -0.306370
    47 3.867642 0.104977 -1.303937 -0.606295 -0.046512 -0.315602
    48 1.719425 0.000000 0.000000 -0.012656 0.085117 -0.295505
    49 1.099666 0.000001 0.000000 -0.012656 0.085110 -0.295484
    50 0.837268 -0.312959 -1.310521 1.401911 0.278797 -0.429216
    51 1.789784 0.000000 0.000000 0.000216 0.001729 0.260038
    52 1.206998 0.000000 0.000000 0.000300 0.002007 0.303683
    53 11.687500 0.000001 0.000002 0.000000 0.000000 -0.029498
    54 5.738281 0.000001 0.000001 0.000687 0.000000 0.000000
    55 5.738281 0.000000 0.000000 0.000080 0.000000 0.000000
    56 1.500000 0.000000 0.000003 0.000000 0.000000 0.000000
    57 1.499023 0.000000 0.000001 0.000000 0.000000 0.000000
    58 2.078125 1.478516 -5.000000 0.000000 0.000000 0.000000
    59 5.164063 0.000001 0.000000 0.000000 0.000000 0.000000
    60 11.476563 0.000000 0.000002 0.000149 0.000000 0.000000
    61 5.558594 0.000000 0.000000 0.000000 0.000000 0.000000
    62 5.558594 0.000001 0.000000 0.000000 0.000000 0.000000
    63 5.164063 0.000000 0.000000 0.000000 0.000000 0.000000
    64 11.476563 0.000001 0.000005 0.001270 0.000000 0.000000
    65 2.078125 1.478516 5.000000 0.000000 0.000000 0.000000
    66 11.687500 0.000001 0.000001 0.000000 0.000000 -0.029498
  time 21
    0 -1.717245 1.894594 38.430194 1.619848 0.000608 -0.240421
    1 3.890452 -0.000004 -0.000003 -1.945091 -0.025454 -1.478549
    2 17.848177 0.000000 0.000000 0.000000 0.000000 0.089546
    3 16.525253 0.000000 0.000000 -0.102681 0.006948 -1.062464
    4 6.879454 0.000000 0.000000 -0.007299 -0.002951 -0.584373
    5 -3.890452 0.000004 0.000007 -1.532195 -0.140973 -1.555822
    6 17.848173 0.000000 0.000000 0.000000 0.000000 0.188994
    7 16.525257 0.000000 0.000000 -0.073581 -0.086357 -1.079674
    8 6.879455 0.000000 0.000000 -0.081333 -0.002951 -0.584373
    9 0.000005 3.345128 -2.981901 1.392838 0.072350 1.371927
    10 3.998799 0.000000 0.000000 0.000000 0.000000 -0.000868
    11 3.518565 0.000000 0.000000 -0.017201 0.002876 0.191544
    12 8.923110 0.000000 0.000000 0.000000 0.000000 0.214362
    13 3.307271 0.000000 0.000000 3.141590 0.000000 0.406093
    14 3.601524 -0.000001 0.000000 0.207806 0.103191 0.232584
    15 2.056784 0.981236 1.937660 1.747946 -1.118157 2.814288
    16 6.028142 0.000001 0.000000 -1.613161 -0.354513 -0.679079
    17 11.692554 0.000000 0.000001 0.000000 0.000000 -1.285226
    18 11.481672 0.000000 -0.000032 1.673943 -0.429577 -0.241418
    19 3.851891 0.123226 -1.223225 -0.630885 -0.018267 -0.184369
    20 1.312564 0.000001 0.000000 -0.010427 0.069216 -0.299519
    21 0.729362 0.000000 0.000000 -0.010427 0.069220 -0.299499
    22 3.926700 0.316309 -0.458788 -0.097248 -0.066041 -0.320850
    23 1.539095 0.000001 0.000000 -0.003296 0.021430 -0.306424
    24 1.196321 -0.000001 0.000000 -0.003308 0.021443 -0.306671
    25 3.883690 0.211047 0.404099 0.145549 0.028242 -0.322375
    26 1.719576 0.000000 0.000000 0.003811 -0.024733 -0.306239
    27 1.209180 0.000000 0.000000 0.003811 -0.024732 -0.306209
    28 3.867672 0.115964 1.301215 0.606557 0.043935 -0.315981
    29 1.719428 0.000000 0.000000 0.012979 -0.087488 -0.294848
    30 1.099666 -0.000001 0.000000 0.012979 -0.087480 -0.294833
    31 0.837299 -0.302047 1.313446 -1.404045 -0.282251 -0.427077
    32 1.789784 0.000000 -0.000001 -0.000024 -0.000259 0.260046
    33 1.206999 0.000000 -0.000001 -0.000048 -0.000310 0.303713
    34 2.056792 0.981240 -1.937610 -1.816178 1.118479 2.817929
    35 6.028143 0.000001 0.000000 1.209008 0.187030 -0.925266
    36 11.692554 0.000000 0.000001 0.000000 0.000000 -0.345178
    37 11.481699 0.000000 0.000003 -1.560004 -0.064157 0.034916
    38 3.851859 0.133064 1.220452 0.630261 0.016747 -0.184511
    39 1.312561 0.000001 0.000000 0.010750 -0.071449 -0.299029
    40 0.729364 0.000000 0.000000 0.010750 -0.071438 -0.299007
    41 3.926668 0.319868 0.458387 0.097557 0.063419 -0.321392
    42 1.539095 0.000000 0.000000 0.003679 -0.023915 -0.306273
    43 1.196326 0.000001 0.000000 0.003691 -0.023925 -0.306466
    44 3.883656 0.207493 -0.403698 -0.145121 -0.030874 -0.322134
    45 1.719576 0.000002 0.000000 -0.003428 0.022227 -0.306415
    46 1.209181 -0.000001 0.000000 -0.003428 0.022229 -0.306370
    47 3.867642 0.104977 -1.303937 -0.606295 -0.046512 -0.315602
    48 1.719425 0.000000 0.000000 -0.012656 0.085117 -0.295505
    49 1.099666 0.000001 0.000000 -0.012656 0.085110 -0.295484
    50 0.837268 -0.312959 -1.310521 1.401911 0.278797 -0.429216
    51 1.789784 0.000000 0.000000 0.000216 0.001729 0.260038
    52 1.206998 0.000000 0.000000 0.000300 0.002007 0.303683
    53 11.687500 0.000001 0.000002 0.000000 0.000000 -0.029498
    54 5.738281 0.000001 0.000001 0.000687 0.000000 0.000000
    55 5.738281 0.000000 0.000000 0.000080 0.000000 0.000000
    56 1.500000 0.000000 0.000003 0.000000 0.000000 0.000000
    57 1.499023 0.000000 0.000001 0.000000 0.000000 0.000000
    58 2.078125 1.478516 -5.000000 0.000000 0.000000 0.000000
    59 5.164063 0.000001 0.000000 0.000000 0.000000 0.000000
    60 11.476563 0.000000 0.000002 0.000149 0.000000 0.000000
    61 5.558594 0.000000 0.000000 0.000000 0.000000 0.000000
    62 5.558594 0.000001 0.000000 0.000000 0.000000 0.000000
    63 5.164063 0.000000 0.000000 0.000000 0.000000 0.000000
    64 11.476563 0.000001 0.000005 0.001270 0.000000 0.000000
    65 2.078125 1.478516 5.000000 0.000000 0.000000 0.000000
    66 11.687500 0.000001 0.000001 0.000000 0.000000 -0.029498
  time 22
    0 -1.713338 1.867249 38.414569 1.619495 0.000487 -0.238210
    1 3.890452 -0.000004 -0.000003 -1.942953 -0.031244 -1.476325
    2 17.848177 0.000000 0.000000 0.000000 0.000000 0.104007
    3 16.525253 0.000000 0.000000 -0.102632 0.006895 -1.070503
    4 6.879454 0.000000 0.000000 -0.007299 -0.002951 -0.584373
    5 -3.890452 0.000004 0.000007 -1.529915 -0.143549 -1.556599
    6 17.848173 0.000000 0.000000 0.000000 0.000000 0.197058
    7 16.525257 0.000000 0.000000 -0.073314 -0.086544 -1.084877
    8 6.879455 0.000000 0.000000 -0.081333 -0.002951 -0.584373
    9 0.000005 3.345128 -2.981901 1.393850 0.073571 1.370038
    10 3.998799 0.000000 0.000000 0.000000 0.000000 -0.000868
    11 3.518565 0.000000 0.000000 -0.017201 0.002876 0.191544
    12 8.923110 0.000000 0.000000 0.000000 0.000000 0.214362
    13 3.307271 0.000000 0.000000 3.141590 0.000000 0.406093
    14 3.601524 -0.000001 0.000000 0.214155 0.101076 0.239341
    15 2.056784 0.981236 1.937660 1.747946 -1.118157 2.814288
    16 6.028142 0.000001 0.000000 -1.618992 -0.357331 -0.695151
    17 11.692554 0.000000 0.000001 0.000000 0.000000 -1.281773
    18 11.481672 0.000000 -0.000032 1.541384 -0.443215 -0.176598
    19 3.851891 0.123226 -1.223225 -0.630885 -0.018267 -0.184369
    20 1.312564 0.000001 0.000000 -0.010427 0.069216 -0.299519
    21 0.729362 0.000000 0.000000 -0.010427 0.069220 -0.299499
    22 3.926700 0.316309 -0.458788 -0.097248 -0.066041 -0.320850
    23 1.539095 0.000001 0.000000 -0.003296 0.021430 -0.306424
    24 1.196321 -0.000001 0.000000 -0.003308 0.021443 -0.306671
    25 3.883690 0.211047 0.404099 0.145549 0.028242 -0.322375
    26 1.719576 0.000000 0.000000 0.003811 -0.024733 -0.306239
    27 1.209180 0.000000 0.000000 0.003811 -0.024732 -0.306209
    28 3.867672 0.115964 1.301215 0.606557 0.043935 -0.315981
    29 1.719428 0.000000 0.000000 0.012979 -0.087488 -0.294848
    30 1.099666 -0.000001 0.000000 0.012979 -0.087480 -0.294833
    31 0.837299 -0.302047 1.313446 -1.404045 -0.282251 -0.427077
    32 1.789784 0.000000 -0.000001 -0.000024 -0.000259 0.260046
    33 1.206999 0.000000 -0.000001 -0.000048 -0.000310 0.303713
    34 2.056792 0.981240 -1.937610 -1.816178 1.118479 2.817929
    35 6.028143 0.000001 0.000000 1.207500 0.185502 -0.925173
    36 11.692554 0.000000 0.000001 0.000000 0.000000 -0.341983
    37 11.481699 0.000000 0.000003 -1.560004 -0.064157 0.034916
    38 3.851859 0.133064 1.220452 0.630261 0.016747 -0.184511
    39 1.312561 0.000001 0.000000 0.010750 -0.071449 -0.299029
    40 0.729364 0.000000 0.000000 0.010750 -0.071438 -0.299007
    41 3.926668 0.319868 0.458387 0.097557 0.063419 -0.321392
    42 1.539095 0.000000 0.000000 0.003679 -0.023915 -0.306273
    43 1.196326 0.000001 0.000000 0.003691 -0.023925 -0.306466
    44 3.883656 0.207493 -0.403698 -0.145121 -0.030874 -0.322134
    45 1.719576 0.000002 0.000000 -0.003428 0.022227 -0.306415
    46 1.209181 -0.000001 0.000000 -0.003428 0.022229 -0.306370
    47 3.867642 0.104977 -1.303937 -0.606295 -0.046512 -0.315602
    48 1.719425 0.000000 0.000000 -0.012656 0.085117 -0.295505
    49 1.099666 0.000001 0.000000 -0.012656 0.085110 -0.295484
    50 0.837268 -0.312959 -1.310521 1.401911 0.278797 -0.429216
    51 1.789784 0.000000 0.000000 0.000216 0.001729 0.260038
    52 1.206998 0.000000 0.000000 0.000300 0.002007 0.303683
    53 11.687500 0.000001 0.000002 0.000000 0.000000 -0.029498
    54 5.738281 0.000001 0.000001 0.000687 0.000000 0.000000
    55 5.738281 0.000000 0.000000 0.000080 0.000000 0.000000
    56 1.500000 0.000000 0.000003 0.000000 0.000000 0.000000
    57 1.499023 0.000000 0.000001 0.000000 0.000000 0.000000
    58 2.078125 1.478516 -5.000000 0.000000 0.000000 0.000000
    59 5.164063 0.000001 0.000000 0.000000 0.000000 0.000000
    60 11.476563 0.000000 0.000002 0.000149 0.000000 0.000000
    61 5.558594 0.000000 0.000000 0.000000 0.000000 0.000000
    62 5.558594 0.000001 0.000000 0.000000 0.000000 0.000000
    63 5.164063 0.000000 0.000000 0.000000 0.000000 0.000000
    64 11.476563 0.000001 0.000005 0.001270 0.000000 0.000000
    65 2.078125 1.478516 5.000000 0.000000 0.000000 0.000000
    66 11.687500 0.000001 0.000001 0.000000 0.000000 -0.029498
  time 23
    0 -1.705526 1.835999 38.402850 1.619142 0.000365 -0.235683
    1 3.890452 -0.000004 -0.000003 -1.940434 -0.035957 -1.474754
    2 17.848177 0.000000 0.000000 0.000000 0.000000 0.116121
    3 16.525253 0.000000 0.000000 -0.102534 0.006806 -1.077455
    4 6.879454 0.000000 0.000000 -0.007299 -0.002951 -0.584373
    5 -3.890452 0.000004 0.000007 -1.527296 -0.145680 -1.557531
    6 17.848173 0.000000 0.000000 0.000000 0.000000 0.204643
    7 16.525257 0.000000 0.000000 -0.072923 -0.086805 -1.089986
    8 6.879455 0.000000 0.000000 -0.081333 -0.002951 -0.584373
    9 0.000005 3.345128 -2.981901 1.397493 0.075643 1.368845
    10 3.998799 0.000000 0.000000 0.000000 0.000000 -0.000868
    11 3.518565 0.000000 0.000000 -0.017201 0.002876 0.191544
    12 8.923110 0.000000 0.000000 0.000000 0.000000 0.214362
    13 3.307271 0.000000 0.000000 3.141590 0.000000 0.406093
    14 3.601524 -0.000001 0.000000 0.219658 0.093954 0.249026
    15 2.056784 0.981236 1.937660 1.747946 -1.118157 2.814288
    16 6.028142 0.000001 0.000000 -1.623580 -0.363559 -0.713371
    17 11.692554 0.000000 0.000001 0.000000 0.000000 -1.274941
    18 11.481672 0.000000 -0.000032 1.439408 -0.450164 -0.120208
    19 3.851891 0.123226 -1.223225 -0.630885 -0.018267 -0.184369
    20 1.312564 0.000001 0.000000 -0.010427 0.069216 -0.299519
    21 0.729362 0.000000 0.000000 -0.010427 0.069220 -0.299499
    22 3.926700 0.316309 -0.458788 -0.097248 -0.066041 -0.320850
    23 1.539095 0.000001 0.000000 -0.003296 0.021430 -0.306424
    24 1.196321 -0.000001 0.000000 -0.003308 0.021443 -0.306671
    25 3.883690 0.211047 0.404099 0.145549 0.028242 -0.322375
    26 1.719576 0.000000 0.000000 0.003811 -0.024733 -0.306239
    27 1.209180 0.000000 0.000000 0.003811 -0.024732 -0.306209
    28 3.867672 0.115964 1.301215 0.606557 0.043935 -0.315981
    29 1.719428 0.000000 0.000000 0.012979 -0.087488 -0.294848
    30 1.099666 -0.000001 0.000000 0.012979 -0.087480 -0.294833
    31 0.837299 -0.302047 1.313446 -1.404045 -0.282251 -0.427077
    32 1.789784 0.000000 -0.000001 -0.000024 -0.000259 0.260046
    33 1.206999 0.000000 -0.000001 -0.000048 -0.000310 0.303713
    34 2.056792 0.981240 -1.937610 -1.816178 1.118479 2.817929
    35 6.028143 0.000001 0.000000 1.206524 0.180729 -0.923775
    36 11.692554 0.000000 0.000001 0.000000 0.000000 -0.341474
    37 11.481699 0.000000 0.000003 -1.560004 -0.064157 0.034916
    38 3.851859 0.133064 1.220452 0.630261 0.016747 -0.184511
    39 1.312561 0.000001 0.000000 0.010750 -0.071449 -0.299029
    40 0.729364 0.000000 0.000000 0.010750 -0.071438 -0.299007
    41 3.926668 0.319868 0.458387 0.097557 0.063419 -0.321392
    42 1.539095 0.000000 0.000000 0.003679 -0.023915 -0.306273
    43 1.196326 0.000001 0.000000 0.003691 -0.023925 -0.306466
    44 3.883656 0.207493 -0.403698 -0.145121 -0.030874 -0.322134
    45 1.719576 0.000002 0.000000 -0.003428 0.022227 -0.306415
    46 1.209181 -0.000001 0.000000 -0.003428 0.022229 -0.306370
    47 3.867642 0.104977 -1.303937 -0.606295 -0.046512 -0.315602
    48 1.719425 0.000000 0.000000 -0.012656 0.085117 -0.295505
    49 1.099666 0.000001 0.000000 -0.012656 0.085110 -0.295484
    50 0.837268 -0.312959 -1.310521 1.401911 0.278797 -0.429216
    51 1.789784 0.000000 0.000000 0.000216 0.001729 0.260038
    52 1.206998 0.000000 0.000000 0.000300 0.002007 0.303683
    53 11.687500 0.000001 0.000002 0.000000 0.000000 -0.029498
    54 5.738281 0.000001 0.000001 0.000687 0.000000 0.000000
    55 5.738281 0.000000 0.000000 0.000080 0.000000 0.000000
    56 1.500000 0.000000 0.000003 0.000000 0.000000 0.000000
    57 1.499023 0.000000 0.000001 0.000000 0.000000 0.000000
    58 2.078125 1.478516 -5.000000 0.000000 0.000000 0.000000
    59 5.164063 0.000001 0.000000 0.000000 0.000000 0.000000
    60 11.476563 0.000000 0.000002 0.000149 0.000000 0.000000
    61 5.558594 0.000000 0.000000 0.000000 0.000000 0.000000
    62 5.558594 0.000001 0.000000 0.000000 0.000000 0.000000
    63 5.164063 0.000000 0.000000 0.000000 0.000000 0.000000
    64 11.476563 0.000001 0.000005 0.001270 0.000000 0.000000
    65 2.078125 1.478516 5.000000 0.000000 0.000000 0.000000
    66 11.687500 0.000001 0.000001 0.000000 0.000000 -0.029498
  time 24
    0 -1.697713 1.796935 38.391131 1.618847 0.000182 -0.232967
    1 3.890452 -0.000004 -0.000003 -1.937686 -0.039862 -1.473577
    2 17.848177 0.000000 0.000000 0.000000 0.000000 0.126342
    3 16.525253 0.000000 0.000000 -0.102362 0.006647 -1.083556
    4 6.879454 0.000000 0.000000 -0.007299 -0.002951 -0.584373
    5 -3.890452 0.000004 0.000007 -1.524509 -0.147457 -1.558618
    6 17.848173 0.000000 0.000000 0.000000 0.000000 0.211509
    7 16.525257 0.000000 0.000000 -0.072450 -0.087122 -1.094858
    8 6.879455 0.000000 0.000000 -0.081333 -0.002951 -0.584373
    9 0.000005 3.345128 -2.981901 1.404172 0.078679 1.368447
    10 3.998799 0.000000 0.000000 0.000000 0.000000 -0.000868
    11 3.518565 0.000000 0.000000 -0.017201 0.002876 0.191544
    12 8.923110 0.000000 0.000000 0.000000 0.000000 0.214362
    13 3.307271 0.000000 0.000000 3.141590 0.000000 0.406093
    14 3.601524 -0.000001 0.000000 0.221351 0.079119 0.261799
    15 2.056784 0.981236 1.937660 1.747946 -1.118157 2.814288
    16 6.028142 0.000001 0.000000 -1.627116 -0.373378 -0.734115
    17 11.692554 0.000000 0.000001 0.000000 0.000000 -1.264431
    18 11.481672 0.000000 -0.000032 1.379295 -0.450610 -0.078668
    19 3.851891 0.123226 -1.223225 -0.630885 -0.018267 -0.184369
    20 1.312564 0.000001 0.000000 -0.010427 0.069216 -0.299519
    21 0.729362 0.000000 0.000000 -0.010427 0.069220 -0.299499
    22 3.926700 0.316309 -0.458788 -0.097248 -0.066041 -0.320850
    23 1.539095 0.000001 0.000000 -0.003296 0.021430 -0.306424
    24 1.196321 -0.000001 0.000000 -0.003308 0.021443 -0.306671
    25 3.883690 0.211047 0.404099 0.145549 0.028242 -0.322375
    26 1.719576 0.000000 0.000000 0.003811 -0.024733 -0.306239
    27 1.209180 0.000000 0.000000 0.003811 -0.024732 -0.306209
    28 3.867672 0.115964 1.301215 0.606557 0.043935 -0.315981
    29 1.719428 0.000000 0.000000 0.012979 -0.087488 -0.294848
    30 1.099666 -0.000001 0.000000 0.012979 -0.087480 -0.294833
    31 0.837299 -0.302047 1.313446 -1.404045 -0.282251 -0.427077
    32 1.789784 0.000000 -0.000001 -0.000024 -0.000259 0.260046
    33 1.206999 0.000000 -0.000001 -0.000048 -0.000310 0.303713
    34 2.056792 0.981240 -1.937610 -1.816178 1.118479 2.817929
    35 6.028143 0.000001 0.000000 1.206435 0.172900 -0.921258
    36 11.692554 0.000000 0.000001 0.000000 0.000000 -0.343362
    37 11.481699 0.000000 0.000003 -1.560004 -0.064157 0.034916
    38 3.851859 0.133064 1.220452 0.630261 0.016747 -0.184511
    39 1.312561 0.000001 0.000000 0.010750 -0.071449 -0.299029
    40 0.729364 0.000000 0.000000 0.010750 -0.071438 -0.299007
    41 3.926668 0.319868 0.458387 0.097557 0.063419 -0.321392
    42 1.539095 0.000000 0.000000 0.003679 -0.023915 -0.306273
    43 1.196326 0.000001 0.000000 0.003691 -0.023925 -0.306466
    44 3.883656 0.207493 -0.403698 -0.145121 -0.030874 -0.322134
    45 1.719576 0.000002 0.000000 -0.003428 0.022227 -0.306415
    46 1.209181 -0.000001 0.000000 -0.003428 0.022229 -0.306370
    47 3.867642 0.104977 -1.303937 -0.606295 -0.046512 -0.315602
    48 1.719425 0.000000 0.000000 -0.012656 0.085117 -0.295505
    49 1.099666 0.000001 0.000000 -0.012656 0.085110 -0.295484
    50 0.837268 -0.312959 -1.310521 1.401911 0.278797 -0.429216
    51 1.789784 0.000000 0.000000 0.000216 0.001729 0.260038
    52 1.206998 0.000000 0.000000 0.000300 0.002007 0.303683
    53 11.687500 0.000001 0.000002 0.000000 0.000000 -0.029498
    54 5.738281 0.000001 0.000001 0.000687 0.000000 0.000000
    55 5.738281 0.000000 0.000000 0.000080 0.000000 0.000000
    56 1.500000 0.000000 0.000003 0.000000 0.000000 0.000000
    57 1.499023 0.000000 0.000001 0.000000 0.000000 0.000000
    58 2.078125 1.478516 -5.000000 0.000000 0.000000 0.000000
    59 5.164063 0.000001 0.000000 0.000000 0.000000 0.000000
    60 11.476563 0.000000 0.000002 0.000149 0.000000 0.000000
    61 5.558594 0.000000 0.000000 0.000000 0.000000 0.000000
    62 5.558594 0.000001 0.000000 0.000000 0.000000 0.000000
    63 5.164063 0.000000 0.000000 0.000000 0.000000 0.000000
    64 11.476563 0.000001 0.000005 0.001270 0.000000 0.000000
    65 2.078125 1.478516 5.000000 0.000000 0.000000 0.000000
    66 11.687500 0.000001 0.000001 0.000000 0.000000 -0.029498
  time 25
    0 -1.685994 1.761778 38.383318 1.618553 0.000000 -0.230061
    1 3.890452 -0.000004 -0.000003 -1.934556 -0.027833 -1.478680
    2 17.848177 0.000000 0.000000 0.000000 0.000000 0.101054
    3 16.525253 0.000000 0.000000 -0.102141 0.006435 -1.071354
    4 6.879454 0.000000 0.000000 -0.007299 -0.002951 -0.584373
    5 -3.890452 0.000004 0.000007 -1.521553 -0.148878 -1.559862
    6 17.848173 0.000000 0.000000 0.000000 0.000000 0.217816
    7 16.525257 0.000000 0.000000 -0.071895 -0.087495 -1.099446
    8 6.879455 0.000000 0.000000 -0.081333 -0.002951 -0.584373
    9 0.000005 3.345128 -2.981901 1.414191 0.082871 1.369044
    10 3.998799 0.000000 0.000000 0.000000 0.000000 -0.000868
    11 3.518565 0.000000 0.000000 -0.017201 0.002876 0.191544
    12 8.923110 0.000000 0.000000 0.000000 0.000000 0.214362
    13 3.307271 0.000000 0.000000 3.141590 0.000000 0.406093
    14 3.601524 -0.000001 0.000000 0.220005 0.060101 0.275988
    15 2.056784 0.981236 1.937660 1.747946 -1.118157 2.814288
    16 6.028142 0.000001 0.000000 -1.629315 -0.366377 -0.753830
    17 11.692554 0.000000 0.000001 0.000000 0.000000 -1.277719
    18 11.481672 0.000000 -0.000032 1.366299 -0.444441 -0.046060
    19 3.851891 0.123226 -1.223225 -0.630885 -0.018267 -0.184369
    20 1.312564 0.000001 0.000000 -0.010427 0.069216 -0.299519
    21 0.729362 0.000000 0.000000 -0.010427 0.069220 -0.299499
    22 3.926700 0.316309 -0.458788 -0.097248 -0.066041 -0.320850
    23 1.539095 0.000001 0.000000 -0.003296 0.021430 -0.306424
    24 1.196321 -0.000001 0.000000 -0.003308 0.021443 -0.306671
    25 3.883690 0.211047 0.404099 0.145549 0.028242 -0.322375
    26 1.719576 0.000000 0.000000 0.003811 -0.024733 -0.306239
    27 1.209180 0.000000 0.000000 0.003811 -0.024732 -0.306209
    28 3.867672 0.115964 1.301215 0.606557 0.043935 -0.315981
    29 1.719428 0.000000 0.000000 0.012979 -0.087488 -0.294848
    30 1.099666 -0.000001 0.000000 0.012979 -0.087480 -0.294833
    31 0.837299 -0.302047 1.313446 -1.404045 -0.282251 -0.427077
    32 1.789784 0.000000 -0.000001 -0.000024 -0.000259 0.260046
    33 1.206999 0.000000 -0.000001 -0.000048 -0.000310 0.303713
    34 2.056792 0.981240 -1.937610 -1.816178 1.118479 2.817929
    35 6.028143 0.000001 0.000000 1.207855 0.162064 -0.917716
    36 11.692554 0.000000 0.000001 0.000000 0.000000 -0.347284
    37 11.481699 0.000000 0.000003 -1.560004 -0.064157 0.034916
    38 3.851859 0.133064 1.220452 0.630261 0.016747 -0.184511
    39 1.312561 0.000001 0.000000 0.010750 -0.071449 -0.299029
    40 0.729364 0.000000 0.000000 0.010750 -0.071438 -0.299007
    41 3.926668 0.319868 0.458387 0.097557 0.063419 -0.321392
    42 1.539095 0.000000 0.000000 0.003679 -0.023915 -0.306273
    43 1.196326 0.000001 0.000000 0.003691 -0.023925 -0.306466
    44 3.883656 0.207493 -0.403698 -0.145121 -0.030874 -0.322134
    45 1.719576 0.000002 0.000000 -0.003428 0.022227 -0.306415
    46 1.209181 -0.000001 0.000000 -0.003428 0.022229 -0.306370
    47 3.867642 0.104977 -1.303937 -0.606295 -0.046512 -0.315602
    48 1.719425 0.000000 0.000000 -0.012656 0.085117 -0.295505
    49 1.099666 0.000001 0.000000 -0.012656 0.085110 -0.295484
    50 0.837268 -0.312959 -1.310521 1.401911 0.278797 -0.429216
    51 1.789784 0.000000 0.000000 0.000216 0.001729 0.260038
    52 1.206998 0.000000 0.000000 0.000300 0.002007 0.303683
    53 11.687500 0.000001 0.000002 0.000000 0.000000 -0.029498
    54 5.738281 0.000001 0.000001 0.000687 0.000000 0.000000
    55 5.738281 0.000000 0.000000 0.000080 0.000000 0.000000
    56 1.500000 0.000000 0.000003 0.000000 0.000000 0.000000
    57 1.499023 0.000000 0.000001 0.000000 0.000000 0.000000
    58 2.078125 1.478516 -5.000000 0.000000 0.000000 0.000000
    59 5.164063 0.000001 0.000000 0.000000 0.000000 0.000000
    60 11.476563 0.000000 0.000002 0.000149 0.000000 0.000000
    61 5.558594 0.000000 0.000000 0.000000 0.000000 0.000000
    62 5.558594 0.000001 0.000000 0.000000 0.000000 0.000000
    63 5.164063 0.000000 0.000000 0.000000 0.000000 0.000000
    64 11.476563 0.000001 0.000005 0.001270 0.000000 0.000000
    65 2.078125 1.478516 5.000000 0.000000 0.000000 0.000000
    66 11.687500 0.000001 0.000001 0.000000 0.000000 -0.029498
  time 26
    0 -1.670368 1.718807 38.371599 1.618317 -0.000243 -0.225133
    1 3.890452 -0.000004 -0.000003 -1.929594 -0.031379 -1.478026
    2 17.848177 0.000000 0.000000 0.000000 0.000000 0.109610
    3 16.525253 0.000000 0.000000 -0.101822 0.006134 -1.076415
    4 6.879454 0.000000 0.000000 -0.007299 -0.002951 -0.584373
    5 -3.890452 0.000004 0.000007 -1.516485 -0.149455 -1.561415
    6 17.848173 0.000000 0.000000 0.000000 0.000000 0.222686
    7 16.525257 0.000000 0.000000 -0.071279 -0.087905 -1.103656
    8 6.879455 0.000000 0.000000 -0.081333 -0.002951 -0.584373
    9 0.000005 3.345128 -2.981901 1.427701 0.088365 1.370883
    10 3.998799 0.000000 0.000000 0.000000 0.000000 -0.000868
    11 3.518565 0.000000 0.000000 -0.017201 0.002876 0.191544
    12 8.923110 0.000000 0.000000 0.000000 0.000000 0.214362
    13 3.307271 0.000000 0.000000 3.141590 0.000000 0.406093
    14 3.601524 -0.000001 0.000000 0.216079 0.039357 0.290210
    15 2.056784 0.981236 1.937660 1.747946 -1.118157 2.814288
    16 6.028142 0.000001 0.000000 -1.628263 -0.329737 -0.770649
    17 11.692554 0.000000 0.000001 0.000000 0.000000 -1.329818
    18 11.481672 0.000000 -0.000032 1.349266 -0.434631 -0.010296
    19 3.851891 0.123226 -1.223225 -0.630885 -0.018267 -0.184369
    20 1.312564 0.000001 0.000000 -0.010427 0.069216 -0.299519
    21 0.729362 0.000000 0.000000 -0.010427 0.069220 -0.299499
    22 3.926700 0.316309 -0.458788 -0.097248 -0.066041 -0.320850
    23 1.539095 0.000001 0.000000 -0.003296 0.021430 -0.306424
    24 1.196321 -0.000001 0.000000 -0.003308 0.021443 -0.306671
    25 3.883690 0.211047 0.404099 0.145549 0.028242 -0.322375
    26 1.719576 0.000000 0.000000 0.003811 -0.024733 -0.306239
    27 1.209180 0.000000 0.000000 0.003811 -0.024732 -0.306209
    28 3.867672 0.115964 1.301215 0.606557 0.043935 -0.315981
    29 1.719428 0.000000 0.000000 0.012979 -0.087488 -0.294848
    30 1.099666 -0.000001 0.000000 0.012979 -0.087480 -0.294833
    31 0.837299 -0.302047 1.313446 -1.404045 -0.282251 -0.427077
    32 1.789784 0.000000 -0.000001 -0.000024 -0.000259 0.260046
    33 1.206999 0.000000 -0.000001 -0.000048 -0.000310 0.303713
    34 2.056792 0.981240 -1.937610 -1.816178 1.118479 2.817929
    35 6.028143 0.000001 0.000000 1.212823 0.147409 -0.913336
    36 11.692554 0.000000 0.000001 0.000000 0.000000 -0.352730
    37 11.481699 0.000000 0.000003 -1.560004 -0.064157 0.034916
    38 3.851859 0.133064 1.220452 0.630261 0.016747 -0.184511
    39 1.312561 0.000001 0.000000 0.010750 -0.071449 -0.299029
    40 0.729364 0.000000 0.000000 0.010750 -0.071438 -0.299007
    41 3.926668 0.319868 0.458387 0.097557 0.063419 -0.321392
    42 1.539095 0.000000 0.000000 0.003679 -0.023915 -0.306273
    43 1.196326 0.000001 0.000000 0.003691 -0.023925 -0.306466
    44 3.883656 0.207493 -0.403698 -0.145121 -0.030874 -0.322134
    45 1.719576 0.000002 0.000000 -0.003428 0.022227 -0.306415
    46 1.209181 -0.000001 0.000000 -0.003428 0.022229 -0.306370
    47 3.867642 0.104977 -1.303937 -0.606295 -0.046512 -0.315602
    48 1.719425 0.000000 0.000000 -0.012656 0.085117 -0.295505
    49 1.099666 0.000001 0.000000 -0.012656 0.085110 -0.295484
    50 0.837268 -0.312959 -1.310521 1.401911 0.278797 -0.429216
    51 1.789784 0.000000 0.000000 0.000216 0.001729 0.260038
    52 1.206998 0.000000 0.000000 0.000300 0.002007 0.303683
    53 11.687500 0.000001 0.000002 0.000000 0.000000 -0.029498
    54 5.738281 0.000001 0.000001 0.000687 0.000000 0.000000
    55 5.738281 0.000000 0.000000 0.000080 0.000000 0.000000
    56 1.500000 0.000000 0.000003 0.000000 0.000000 0.000000
    57 1.499023 0.000000 0.000001 0.000000 0.000000 0.000000
    58 2.078125 1.478516 -5.000000 0.000000 0.000000 0.000000
    59 5.164063 0.000001 0.000000 0.000000 0.000000 0.000000
    60 11.476563 0.000000 0.000002 0.000149 0.000000 0.000000
    61 5.558594 0.000000 0.000000 0.000000 0.000000 0.000000
    62 5.558594 0.000001 0.000000 0.000000 0.000000 0.000000
    63 5.164063 0.000000 0.000000 0.000000 0.000000 0.000000
    64 11.476563 0.000001 0.000005 0.001270 0.000000 0.000000
    65 2.078125 1.478516 5.000000 0.000000 0.000000 0.000000
    66 11.687500 0.000001 0.000001 0.000000 0.000000 -0.029498
  time 27
    0 -1.654743 1.679744 38.367693 1.618082 -0.000578 -0.216100
    1 3.890452 -0.000004 -0.000003 -1.920509 -0.034566 -1.477961
    2 17.848177 0.000000 0.000000 0.000000 0.000000 0.115515
    3 16.525253 0.000000 0.000000 -0.101356 0.005709 -1.079820
    4 6.879454 0.000000 0.000000 -0.007299 -0.002951 -0.584373
    5 -3.890452 0.000004 0.000007 -1.507278 -0.148789 -1.563513
    6 17.848173 0.000000 0.000000 0.000000 0.000000 0.226119
    7 16.525257 0.000000 0.000000 -0.070580 -0.088371 -1.107582
    8 6.879455 0.000000 0.000000 -0.081333 -0.002951 -0.584373
    9 0.000005 3.345128 -2.981901 1.444753 0.095369 1.374264
    10 3.998799 0.000000 0.000000 0.000000 0.000000 -0.000868
    11 3.518565 0.000000 0.000000 -0.017201 0.002876 0.191544
    12 8.923110 0.000000 0.000000 0.000000 0.000000 0.214362
    13 3.307271 0.000000 0.000000 3.141590 0.000000 0.406093
    14 3.601524 -0.000001 0.000000 0.209691 0.018799 0.303466
    15 2.056784 0.981236 1.937660 1.747946 -1.118157 2.814288
    16 6.028142 0.000001 0.000000 -1.622719 -0.274095 -0.784291
    17 11.692554 0.000000 0.000001 0.000000 0.000000 -1.402787
    18 11.481672 0.000000 -0.000032 1.316085 -0.426716 0.030705
    19 3.851891 0.123226 -1.223225 -0.630885 -0.018267 -0.184369
    20 1.312564 0.000001 0.000000 -0.010427 0.069216 -0.299519
    21 0.729362 0.000000 0.000000 -0.010427 0.069220 -0.299499
    22 3.926700 0.316309 -0.458788 -0.097248 -0.066041 -0.320850
    23 1.539095 0.000001 0.000000 -0.003296 0.021430 -0.306424
    24 1.196321 -0.000001 0.000000 -0.003308 0.021443 -0.306671
    25 3.883690 0.211047 0.404099 0.145549 0.028242 -0.322375
    26 1.719576 0.000000 0.000000 0.003811 -0.024733 -0.306239
    27 1.209180 0.000000 0.000000 0.003811 -0.024732 -0.306209
    28 3.867672 0.115964 1.301215 0.606557 0.043935 -0.315981
    29 1.719428 0.000000 0.000000 0.012979 -0.087488 -0.294848
    30 1.099666 -0.000001 0.000000 0.012979 -0.087480 -0.294833
    31 0.837299 -0.302047 1.313446 -1.404045 -0.282251 -0.427077
    32 1.789784 0.000000 -0.000001 -0.000024 -0.000259 0.260046
    33 1.206999 0.000000 -0.000001 -0.000048 -0.000310 0.303713
    34 2.056792 0.981240 -1.937610 -1.816178 1.118479 2.817929
    35 6.028143 0.000001 0.000000 1.223470 0.128220 -0.908583
    36 11.692554 0.000000 0.000001 0.000000 0.000000 -0.359411
    37 11.481699 0.000000 0.000003 -1.560004 -0.064157 0.034916
    38 3.851859 0.133064 1.220452 0.630261 0.016747 -0.184511
    39 1.312561 0.000001 0.000000 0.010750 -0.071449 -0.299029
    40 0.729364 0.000000 0.000000 0.010750 -0.071438 -0.299007
    41 3.926668 0.319868 0.458387 0.097557 0.063419 -0.321392
    42 1.539095 0.000000 0.000000 0.003679 -0.023915 -0.306273
    43 1.196326 0.000001 0.000000 0.003691 -0.023925 -0.306466
    44 3.883656 0.207493 -0.403698 -0.145121 -0.030874 -0.322134
    45 1.719576 0.000002 0.000000 -0.003428 0.022227 -0.306415
    46 1.209181 -0.000001 0.000000 -0.003428 0.022229 -0.306370
    47 3.867642 0.104977 -1.303937 -0.606295 -0.046512 -0.315602
    48 1.719425 0.000000 0.000000 -0.012656 0.085117 -0.295505
    49 1.099666 0.000001 0.000000 -0.012656 0.085110 -0.295484
    50 0.837268 -0.312959 -1.310521 1.401911 0.278797 -0.429216
    51 1.789784 0.000000 0.000000 0.000216 0.001729 0.260038
    52 1.206998 0.000000 0.000000 0.000300 0.002007 0.303683
    53 11.687500 0.000001 0.000002 0.000000 0.000000 -0.029498
    54 5.738281 0.000001 0.000001 0.000687 0.000000 0.000000
    55 5.738281 0.000000 0.000000 0.000080 0.000000 0.000000
    56 1.500000 0.000000 0.000003 0.000000 0.000000 0.000000
    57 1.499023 0.000000 0.000001 0.000000 0.000000 0.000000
    58 2.078125 1.478516 -5.000000 0.000000 0.000000 0.000000
    59 5.164063 0.000001 0.000000 0.000000 0.000000 0.000000
    60 11.476563 0.000000 0.000002 0.000149 0.000000 0.000000
    61 5.558594 0.000000 0.000000 0.000000 0.000000 0.000000
    62 5.558594 0.000001 0.000000 0.000000 0.000000 0.000000
    63 5.164063 0.000000 0.000000 0.000000 0.000000 0.000000
    64 11.476563 0.000001 0.000005 0.001270 0.000000 0.000000
    65 2.078125 1.478516 5.000000 0.000000 0.000000 0.000000
    66 11.687500 0.000001 0.000001 0.000000 0.000000 -0.029498
  time 28
    0 -1.639117 1.632867 38.363786 1.617787 -0.000973 -0.203150
    1 3.890452 -0.000004 -0.000003 -1.907379 -0.037708 -1.478288
    2 17.848177 0.000000 0.000000 0.000000 0.000000 0.119680
    3 16.525253 0.000000 0.000000 -0.100742 0.005143 -1.081948
    4 6.879454 0.000000 0.000000 -0.007299 -0.002951 -0.584373
    5 -3.890452 0.000004 0.000007 -1.494186 -0.147057 -1.566077
    6 17.848173 0.000000 0.000000 0.000000 0.000000 0.228355
    7 16.525257 0.000000 0.000000 -0.069799 -0.088893 -1.111366
    8 6.879455 0.000000 0.000000 -0.081333 -0.002951 -0.584373
    9 0.000005 3.345128 -2.981901 1.464739 0.103931 1.379484
    10 3.998799 0.000000 0.000000 0.000000 0.000000 -0.000868
    11 3.518565 0.000000 0.000000 -0.017201 0.002876 0.191544
    12 8.923110 0.000000 0.000000 0.000000 0.000000 0.214362
    13 3.307271 0.000000 0.000000 3.141590 0.000000 0.406093
    14 3.601524 -0.000001 0.000000 0.200956 -0.000001 0.314856
    15 2.056784 0.981236 1.937660 1.747946 -1.118157 2.814288
    16 6.028142 0.000001 0.000000 -1.614308 -0.206588 -0.792607
    17 11.692554 0.000000 0.000001 0.000000 0.000000 -1.483563
    18 11.481672 0.000000 -0.000032 1.278757 -0.421179 0.072352
    19 3.851891 0.123226 -1.223225 -0.630885 -0.018267 -0.184369
    20 1.312564 0.000001 0.000000 -0.010427 0.069216 -0.299519
    21 0.729362 0.000000 0.000000 -0.010427 0.069220 -0.299499
    22 3.926700 0.316309 -0.458788 -0.097248 -0.066041 -0.320850
    23 1.539095 0.000001 0.000000 -0.003296 0.021430 -0.306424
    24 1.196321 -0.000001 0.000000 -0.003308 0.021443 -0.306671
    25 3.883690 0.211047 0.404099 0.145549 0.028242 -0.322375
    26 1.719576 0.000000 0.000000 0.003811 -0.024733 -0.306239
    27 1.209180 0.000000 0.000000 0.003811 -0.024732 -0.306209
    28 3.867672 0.115964 1.301215 0.606557 0.043935 -0.315981
    29 1.719428 0.000000 0.000000 0.012979 -0.087488 -0.294848
    30 1.099666 -0.000001 0.000000 0.012979 -0.087480 -0.294833
    31 0.837299 -0.302047 1.313446 -1.404045 -0.282251 -0.427077
    32 1.789784 0.000000 -0.000001 -0.000024 -0.000259 0.260046
    33 1.206999 0.000000 -0.000001 -0.000048 -0.000310 0.303713
    34 2.056792 0.981240 -1.937610 -1.816178 1.118479 2.817929
    35 6.028143 0.000001 0.000000 1.239262 0.104734 -0.903550
    36 11.692554 0.000000 0.000001 0.000000 0.000000 -0.366963
    37 11.481699 0.000000 0.000003 -1.560004 -0.064157 0.034916
    38 3.851859 0.133064 1.220452 0.630261 0.016747 -0.184511
    39 1.312561 0.000001 0.000000 0.010750 -0.071449 -0.299029
    40 0.729364 0.000000 0.000000 0.010750 -0.071438 -0.299007
    41 3.926668 0.319868 0.458387 0.097557 0.063419 -0.321392
    42 1.539095 0.000000 0.000000 0.003679 -0.023915 -0.306273
    43 1.196326 0.000001 0.000000 0.003691 -0.023925 -0.306466
    44 3.883656 0.207493 -0.403698 -0.145121 -0.030874 -0.322134
    45 1.719576 0.000002 0.000000 -0.003428 0.022227 -0.306415
    46 1.209181 -0.000001 0.000000 -0.003428 0.022229 -0.306370
    47 3.867642 0.104977 -1.303937 -0.606295 -0.046512 -0.315602
    48 1.719425 0.000000 0.000000 -0.012656 0.085117 -0.295505
    49 1.099666 0.000001 0.000000 -0.012656 0.085110 -0.295484
    50 0.837268 -0.312959 -1.310521 1.401911 0.278797 -0.429216
    51 1.789784 0.000000 0.000000 0.000216 0.001729 0.260038
    52 1.206998 0.000000 0.000000 0.000300 0.002007 0.303683
    53 11.687500 0.000001 0.000002 0.000000 0.000000 -0.029498
    54 5.738281 0.000001 0.000001 0.000687 0.000000 0.000000
    55 5.738281 0.000000 0.000000 0.000080 0.000000 0.000000
    56 1.500000 0.000000 0.000003 0.000000 0.000000 0.000000
    57 1.499023 0.000000 0.000001 0.000000 0.000000 0.000000
    58 2.078125 1.478516 -5.000000 0.000000 0.000000 0.000000
    59 5.164063 0.000001 0.000000 0.000000 0.000000 0.000000
    60 11.476563 0.000000 0.000002 0.000149 0.000000 0.000000
    61 5.558594 0.000000 0.000000 0.000000 0.000000 0.000000
    62 5.558594 0.000001 0.000000 0.000000 0.000000 0.000000
    63 5.164063 0.000000 0.000000 0.000000 0.000000 0.000000
    64 11.476563 0.000001 0.000005 0.001270 0.000000 0.000000
    65 2.078125 1.478516 5.000000 0.000000 0.000000 0.000000
    66 11.687500 0.000001 0.000001 0.000000 0.000000 -0.029498
  time 29
    0 -1.619586 1.589897 38.363786 1.617493 -0.001429 -0.186473
    1 3.890452 -0.000004 -0.000003 -1.890584 -0.041074 -1.478942
    2 17.848177 0.000000 0.000000 0.000000 0.000000 0.122784
    3 16.525253 0.000000 0.000000 -0.100006 0.004453 -1.083130
    4 6.879454 0.000000 0.000000 -0.007299 -0.002951 -0.584373
    5 -3.890452 0.000004 0.000007 -1.477293 -0.144304 -1.569029
    6 17.848173 0.000000 0.000000 0.000000 0.000000 0.229632
    7 16.525257 0.000000 0.000000 -0.068894 -0.089472 -1.115151
    8 6.879455 0.000000 0.000000 -0.081333 -0.002951 -0.584373
    9 0.000005 3.345128 -2.981901 1.486598 0.113906 1.386644
    10 3.998799 0.000000 0.000000 0.000000 0.000000 -0.000868
    11 3.518565 0.000000 0.000000 -0.017201 0.002876 0.191544
    12 8.923110 0.000000 0.000000 0.000000 0.000000 0.214362
    13 3.307271 0.000000 0.000000 3.141590 0.000000 0.406093
    14 3.601524 -0.000001 0.000000 0.189873 -0.015567 0.323543
    15 2.056784 0.981236 1.937660 1.747946 -1.118157 2.814288
    16 6.028142 0.000001 0.000000 -1.605037 -0.132445 -0.793822
    17 11.692554 0.000000 0.000001 0.000000 0.000000 -1.562612
    18 11.481672 0.000000 -0.000032 1.238387 -0.415865 0.111740
    19 3.851891 0.123226 -1.223225 -0.630885 -0.018267 -0.184369
    20 1.312564 0.000001 0.000000 -0.010427 0.069216 -0.299519
    21 0.729362 0.000000 0.000000 -0.010427 0.069220 -0.299499
    22 3.926700 0.316309 -0.458788 -0.097248 -0.066041 -0.320850
    23 1.539095 0.000001 0.000000 -0.003296 0.021430 -0.306424
    24 1.196321 -0.000001 0.000000 -0.003308 0.021443 -0.306671
    25 3.883690 0.211047 0.404099 0.145549 0.028242 -0.322375
    26 1.719576 0.000000 0.000000 0.003811 -0.024733 -0.306239
    27 1.209180 0.000000 0.000000 0.003811 -0.024732 -0.306209
    28 3.867672 0.115964 1.301215 0.606557 0.043935 -0.315981
    29 1.719428 0.000000 0.000000 0.012979 -0.087488 -0.294848
    30 1.099666 -0.000001 0.000000 0.012979 -0.087480 -0.294833
    31 0.837299 -0.302047 1.313446 -1.404045 -0.282251 -0.427077
    32 1.789784 0.000000 -0.000001 -0.000024 -0.000259 0.260046
    33 1.206999 0.000000 -0.000001 -0.000048 -0.000310 0.303713
    34 2.056792 0.981240 -1.937610 -1.816178 1.118479 2.817929
    35 6.028143 0.000001 0.000000 1.259135 0.077429 -0.898610
    36 11.692554 0.000000 0.000001 0.000000 0.000000 -0.374951
    37 11.481699 0.000000 0.000003 -1.560004 -0.064157 0.034916
    38 3.851859 0.133064 1.220452 0.630261 0.016747 -0.184511
    39 1.312561 0.000001 0.000000 0.010750 -0.071449 -0.299029
    40 0.729364 0.000000 0.000000 0.010750 -0.071438 -0.299007
    41 3.926668 0.319868 0.458387 0.097557 0.063419 -0.321392
    42 1.539095 0.000000 0.000000 0.003679 -0.023915 -0.306273
    43 1.196326 0.000001 0.000000 0.003691 -0.023925 -0.306466
    44 3.883656 0.207493 -0.403698 -0.145121 -0.030874 -0.322134
    45 1.719576 0.000002 0.000000 -0.003428 0.022227 -0.306415
    46 1.209181 -0.000001 0.000000 -0.003428 0.022229 -0.306370
    47 3.867642 0.104977 -1.303937 -0.606295 -0.046512 -0.315602
    48 1.719425 0.000000 0.000000 -0.012656 0.085117 -0.295505
    49 1.099666 0.000001 0.000000 -0.012656 0.085110 -0.295484
    50 0.837268 -0.312959 -1.310521 1.401911 0.278797 -0.429216
    51 1.789784 0.000000 0.000000 0.000216 0.001729 0.260038
    52 1.206998 0.000000 0.000000 0.000300 0.002007 0.303683
    53 11.687500 0.000001 0.000002 0.000000 0.000000 -0.029498
    54 5.738281 0.000001 0.000001 0.000687 0.000000 0.000000
    55 5.738281 0.000000 0.000000 0.000080 0.000000 0.000000
    56 1.500000 0.000000 0.000003 0.000000 0.000000 0.000000
    57 1.499023 0.000000 0.000001 0.000000 0.000000 0.000000
    58 2.078125 1.478516 -5.000000 0.000000 0.000000 0.000000
    59 5.164063 0.000001 0.000000 0.000000 0.000000 0.000000
    60 11.476563 0.000000 0.000002 0.000149 0.000000 0.000000
    61 5.558594 0.000000 0.000000 0.000000 0.000000 0.000000
    62 5.558594 0.000001 0.000000 0.000000 0.000000 0.000000
    63 5.164063 0.000000 0.000000 0.000000 0.000000 0.000000
    64 11.476563 0.000001 0.000005 0.001270 0.000000 0.000000
    65 2.078125 1.478516 5.000000 0.000000 0.000000 0.000000
    66 11.687500 0.000001 0.000001 0.000000 0.000000 -0.029498
  time 30
    0 -1.600054 1.543021 38.363786 1.617140 -0.001946 -0.166385
    1 3.890452 -0.000004 -0.000003 -1.870354 -0.044620 -1.479924
    2 17.848177 0.000000 0.000000 0.000000 0.000000 0.124904
    3 16.525253 0.000000 0.000000 -0.099197 0.003693 -1.083508
    4 6.879454 0.000000 0.000000 -0.007299 -0.002951 -0.584373
    5 -3.890452 0.000004 0.000007 -1.456937 -0.140662 -1.572370
    6 17.848173 0.000000 0.000000 0.000000 0.000000 0.230031
    7 16.525257 0.000000 0.000000 -0.067907 -0.090143 -1.118840
    8 6.879455 0.000000 0.000000 -0.081333 -0.002951 -0.584373
    9 0.000005 3.345128 -2.981901 1.508812 0.124701 1.395543
    10 3.998799 0.000000 0.000000 0.000000 0.000000 -0.000868
    11 3.518565 0.000000 0.000000 -0.017201 0.002876 0.191544
    12 8.923110 0.000000 0.000000 0.000000 0.000000 0.214362
    13 3.307271 0.000000 0.000000 3.141590 0.000000 0.406093
    14 3.601524 -0.000001 0.000000 0.176250 -0.026561 0.328788
    15 2.056784 0.981236 1.937660 1.747946 -1.118157 2.814288
    16 6.028142 0.000001 0.000000 -1.597486 -0.055073 -0.787375
    17 11.692554 0.000000 0.000001 0.000000 0.000000 -1.633479
    18 11.481672 0.000000 -0.000032 1.198348 -0.408061 0.145280
    19 3.851891 0.123226 -1.223225 -0.630885 -0.018267 -0.184369
    20 1.312564 0.000001 0.000000 -0.010427 0.069216 -0.299519
    21 0.729362 0.000000 0.000000 -0.010427 0.069220 -0.299499
    22 3.926700 0.316309 -0.458788 -0.097248 -0.066041 -0.320850
    23 1.539095 0.000001 0.000000 -0.003296 0.021430 -0.306424
    24 1.196321 -0.000001 0.000000 -0.003308 0.021443 -0.306671
    25 3.883690 0.211047 0.404099 0.145549 0.028242 -0.322375
    26 1.719576 0.000000 0.000000 0.003811 -0.024733 -0.306239
    27 1.209180 0.000000 0.000000 0.003811 -0.024732 -0.306209
    28 3.867672 0.115964 1.301215 0.606557 0.043935 -0.315981
    29 1.719428 0.000000 0.000000 0.012979 -0.087488 -0.294848
    30 1.099666 -0.000001 0.000000 0.012979 -0.087480 -0.294833
    31 0.837299 -0.302047 1.313446 -1.404045 -0.282251 -0.427077
    32 1.789784 0.000000 -0.000001 -0.000024 -0.000259 0.260046
    33 1.206999 0.000000 -0.000001 -0.000048 -0.000310 0.303713
    34 2.056792 0.981240 -1.937610 -1.816178 1.118479 2.817929
    35 6.028143 0.000001 0.000000 1.281670 0.047547 -0.893950
    36 11.692554 0.000000 0.000001 0.000000 0.000000 -0.383084
    37 11.481699 0.000000 0.000003 -1.560004 -0.064157 0.034916
    38 3.851859 0.133064 1.220452 0.630261 0.016747 -0.184511
    39 1.312561 0.000001 0.000000 0.010750 -0.071449 -0.299029
    40 0.729364 0.000000 0.000000 0.010750 -0.071438 -0.299007
    41 3.926668 0.319868 0.458387 0.097557 0.063419 -0.321392
    42 1.539095 0.000000 0.000000 0.003679 -0.023915 -0.306273
    43 1.196326 0.000001 0.000000 0.003691 -0.023925 -0.306466
    44 3.883656 0.207493 -0.403698 -0.145121 -0.030874 -0.322134
    45 1.719576 0.000002 0.000000 -0.003428 0.022227 -0.306415
    46 1.209181 -0.000001 0.000000 -0.003428 0.022229 -0.306370
    47 3.867642 0.104977 -1.303937 -0.606295 -0.046512 -0.315602
    48 1.719425 0.000000 0.000000 -0.012656 0.085117 -0.295505
    49 1.099666 0.000001 0.000000 -0.012656 0.085110 -0.295484
    50 0.837268 -0.312959 -1.310521 1.401911 0.278797 -0.429216
    51 1.789784 0.000000 0.000000 0.000216 0.001729 0.260038
    52 1.206998 0.000000 0.000000 0.000300 0.002007 0.303683
    53 11.687500 0.000001 0.000002 0.000000 0.000000 -0.029498
    54 5.738281 0.000001 0.000001 0.000687 0.000000 0.000000
    55 5.738281 0.000000 0.000000 0.000080 0.000000 0.000000
    56 1.500000 0.000000 0.000003 0.000000 0.000000 0.000000
    57 1.499023 0.000000 0.000001 0.000000 0.000000 0.000000
    58 2.078125 1.478516 -5.000000 0.000000 0.000000 0.000000
    59 5.164063 0.000001 0.000000 0.000000 0.000000 0.000000
    60 11.476563 0.000000 0.000002 0.000149 0.000000 0.000000
    61 5.558594 0.000000 0.000000 0.000000 0.000000 0.000000
    62 5.558594 0.000001 0.000000 0.000000 0.000000 0.000000
    63 5.164063 0.000000 0.000000 0.000000 0.000000 0.000000
    64 11.476563 0.000001 0.000005 0.001270 0.000000 0.000000
    65 2.078125 1.478516 5.000000 0.000000 0.000000 0.000000
    66 11.687500 0.000001 0.000001 0.000000 0.000000 -0.029498
  time 31
    0 -1.576616 1.492238 38.363786 1.616786 -0.002524 -0.143391
    1 3.890452 -0.000004 -0.000003 -1.847223 -0.048301 -1.481167
    2 17.848177 0.000000 0.000000 0.000000 0.000000 0.126267
    3 16.525253 0.000000 0.000000 -0.098289 0.002861 -1.083225
    4 6.879454 0.000000 0.000000 -0.007299 -0.002951 -0.584373
    5 -3.890452 0.000004 0.000007 -1.433794 -0.136133 -1.575943
    6 17.848173 0.000000 0.000000 0.000000 0.000000 0.229552
    7 16.525257 0.000000 0.000000 -0.066777 -0.090889 -1.122483
    8 6.879455 0.000000 0.000000 -0.081333 -0.002951 -0.584373
    9 0.000005 3.345128 -2.981901 1.529861 0.135367 1.405437
    10 3.998799 0.000000 0.000000 0.000000 0.000000 -0.000868
    11 3.518565 0.000000 0.000000 -0.017201 0.002876 0.191544
    12 8.923110 0.000000 0.000000 0.000000 0.000000 0.214362
    13 3.307271 0.000000 0.000000 3.141590 0.000000 0.406093
    14 3.601524 -0.000001 0.000000 0.160780 -0.033870 0.330364
    15 2.056784 0.981236 1.937660 1.747946 -1.118157 2.814288
    16 6.028142 0.000001 0.000000 -1.603316 0.002569 -0.790552
    17 11.692554 0.000000 0.000001 0.000000 0.000000 -1.681374
    18 11.481672 0.000000 -0.000032 1.179601 -0.387362 0.172040
    19 3.851891 0.123226 -1.223225 -0.630885 -0.018267 -0.184369
    20 1.312564 0.000001 0.000000 -0.010427 0.069216 -0.299519
    21 0.729362 0.000000 0.000000 -0.010427 0.069220 -0.299499
    22 3.926700 0.316309 -0.458788 -0.097248 -0.066041 -0.320850
    23 1.539095 0.000001 0.000000 -0.003296 0.021430 -0.306424
    24 1.196321 -0.000001 0.000000 -0.003308 0.021443 -0.306671
    25 3.883690 0.211047 0.404099 0.145549 0.028242 -0.322375
    26 1.719576 0.000000 0.000000 0.003811 -0.024733 -0.306239
    27 1.209180 0.000000 0.000000 0.003811 -0.024732 -0.306209
    28 3.867672 0.115964 1.301215 0.606557 0.043935 -0.315981
    29 1.719428 0.000000 0.000000 0.012979 -0.087488 -0.294848
    30 1.099666 -0.000001 0.000000 0.012979 -0.087480 -0.294833
    31 0.837299 -0.302047 1.313446 -1.404045 -0.282251 -0.427077
    32 1.789784 0.000000 -0.000001 -0.000024 -0.000259 0.260046
    33 1.206999 0.000000 -0.000001 -0.000036 -0.000310 0.303713
    34 2.056792 0.981240 -1.937610 -1.816178 1.118479 2.817929
    35 6.028143 0.000001 0.000000 1.305447 0.016662 -0.890128
    36 11.692554 0.000000 0.000001 0.000000 0.000000 -0.391145
    37 11.481699 0.000000 0.000003 -1.560004 -0.064157 0.034916
    38 3.851859 0.133064 1.220452 0.630261 0.016747 -0.184511
    39 1.312561 0.000001 0.000000 0.010750 -0.071449 -0.299029
    40 0.729364 0.000000 0.000000 0.010750 -0.071438 -0.299007
    41 3.926668 0.319868 0.458387 0.097557 0.063419 -0.321392
    42 1.539095 0.000000 0.000000 0.003679 -0.023915 -0.306273
    43 1.196326 0.000001 0.000000 0.003691 -0.023925 -0.306466
    44 3.883656 0.207493 -0.403698 -0.145121 -0.030874 -0.322134
    45 1.719576 0.000002 0.000000 -0.003428 0.022227 -0.306415
    46 1.209181 -0.000001 0.000000 -0.003428 0.022229 -0.306370
    47 3.867642 0.104977 -1.303937 -0.606295 -0.046512 -0.315602
    48 1.719425 0.000000 0.000000 -0.012656 0.085117 -0.295505
    49 1.099666 0.000001 0.000000 -0.012656 0.085110 -0.295484
    50 0.837268 -0.312959 -1.310521 1.401911 0.278797 -0.429216
    51 1.789784 0.000000 0.000000 0.000216 0.001729 0.260038
    52 1.206998 0.000000 0.000000 0.000300 0.002007 0.303683
    53 11.687500 0.000001 0.000002 0.000000 0.000000 -0.029498
    54 5.738281 0.000001 0.000001 0.000687 0.000000 0.000000
    55 5.738281 0.000000 0.000000 0.000080 0.000000 0.000000
    56 1.500000 0.000000 0.000003 0.000000 0.000000 0.000000
    57 1.499023 0.000000 0.000001 0.000000 0.000000 0.000000
    58 2.078125 1.478516 -5.000000 0.000000 0.000000 0.000000
    59 5.164063 0.000001 0.000000 0.000000 0.000000 0.000000
    60 11.476563 0.000000 0.000002 0.000149 0.000000 0.000000
    61 5.558594 0.000000 0.000000 0.000000 0.000000 0.000000
    62 5.558594 0.000001 0.000000 0.000000 0.000000 0.000000
    63 5.164063 0.000000 0.000000 0.000000 0.000000 0.000000
    64 11.476563 0.000001 0.000005 0.001270 0.000000 0.000000
    65 2.078125 1.478516 5.000000 0.000000 0.000000 0.000000
    66 11.687500 0.000001 0.000001 0.000000 0.000000 -0.029498
  time 32
    0 -1.553177 1.445362 38.367693 1.616315 -0.003133 -0.118122
    1 3.890452 -0.000004 -0.000003 -1.821802 -0.052026 -1.482737
    2 17.848177 0.000000 0.000000 0.000000 0.000000 0.126948
    3 16.525253 0.000000 0.000000 -0.097356 0.001977 -1.082279
    4 6.879454 0.000000 0.000000 -0.007299 -0.002951 -0.584373
    5 -3.890452 0.000004 0.000007 -1.408370 -0.130804 -1.579439
    6 17.848173 0.000000 0.000000 0.000000 0.000000 0.228355
    7 16.525257 0.000000 0.000000 -0.065523 -0.091709 -1.126030
    8 6.879455 0.000000 0.000000 -0.081333 -0.002951 -0.584373
    9 0.000005 3.345128 -2.981901 1.548482 0.144909 1.415281
    10 3.998799 0.000000 0.000000 0.000000 0.000000 -0.000868
    11 3.518565 0.000000 0.000000 -0.017201 0.002876 0.191544
    12 8.923110 0.000000 0.000000 0.000000 0.000000 0.214362
    13 3.307271 0.000000 0.000000 3.141590 0.000000 0.406093
    14 3.601524 -0.000001 0.000000 0.144425 -0.039514 0.329174
    15 2.056784 0.981236 1.937660 1.747946 -1.118157 2.814288
    16 6.028142 0.000001 0.000000 -1.631513 0.041437 -0.818023
    17 11.692554 0.000000 0.000001 0.000000 0.000000 -1.710427
    18 11.481672 0.000000 -0.000032 1.197463 -0.348418 0.188613
    19 3.851891 0.123226 -1.223225 -0.630885 -0.018267 -0.184369
    20 1.312564 0.000001 0.000000 -0.010427 0.069216 -0.299519
    21 0.729362 0.000000 0.000000 -0.010427 0.069220 -0.299499
    22 3.926700 0.316309 -0.458788 -0.097248 -0.066041 -0.320850
    23 1.539095 0.000001 0.000000 -0.003296 0.021430 -0.306424
    24 1.196321 -0.000001 0.000000 -0.003308 0.021443 -0.306671
    25 3.883690 0.211047 0.404099 0.145549 0.028242 -0.322375
    26 1.719576 0.000000 0.000000 0.003811 -0.024733 -0.306239
    27 1.209180 0.000000 0.000000 0.003811 -0.024732 -0.306209
    28 3.867672 0.115964 1.301215 0.606557 0.043935 -0.315981
    29 1.719428 0.000000 0.000000 0.012979 -0.087488 -0.294848
    30 1.099666 -0.000001 0.000000 0.012979 -0.087480 -0.294833
    31 0.837299 -0.302047 1.313446 -1.404045 -0.282251 -0.427077
    32 1.789784 0.000000 -0.000001 -0.000024 -0.000259 0.260046
    33 1.206999 0.000000 -0.000001 -0.000048 -0.000310 0.303713
    34 2.056792 0.981240 -1.937610 -1.816178 1.118479 2.817929
    35 6.028143 0.000001 0.000000 1.329224 -0.013268 -0.887705
    36 11.692554 0.000000 0.000001 0.000000 0.000000 -0.398987
    37 11.481699 0.000000 0.000003 -1.560004 -0.064157 0.034916
    38 3.851859 0.133064 1.220452 0.630261 0.016747 -0.184511
    39 1.312561 0.000001 0.000000 0.010750 -0.071449 -0.299029
    40 0.729364 0.000000 0.000000 0.010750 -0.071438 -0.299007
    41 3.926668 0.319868 0.458387 0.097557 0.063419 -0.321392
    42 1.539095 0.000000 0.000000 0.003679 -0.023915 -0.306273
    43 1.196326 0.000001 0.000000 0.003691 -0.023925 -0.306466
    44 3.883656 0.207493 -0.403698 -0.145121 -0.030874 -0.322134
    45 1.719576 0.000002 0.000000 -0.003428 0.022227 -0.306415
    46 1.209181 -0.000001 0.000000 -0.003428 0.022229 -0.306370
    47 3.867642 0.104977 -1.303937 -0.606295 -0.046512 -0.315602
    48 1.719425 0.000000 0.000000 -0.012656 0.085117 -0.295505
    49 1.099666 0.000001 0.000000 -0.012656 0.085110 -0.295484
    50 0.837268 -0.312959 -1.310521 1.401911 0.278797 -0.429216
    51 1.789784 0.000000 0.000000 0.000216 0.001729 0.260038
    52 1.206998 0.000000 0.000000 0.000300 0.002007 0.303683
    53 11.687500 0.000001 0.000002 0.000000 0.000000 -0.029498
    54 5.738281 0.000001 0.000001 0.000687 0.000000 0.000000
    55 5.738281 0.000000 0.000000 0.000080 0.000000 0.000000
    56 1.500000 0.000000 0.000003 0.000000 0.000000 0.000000
    57 1.499023 0.000000 0.000001 0.000000 0.000000 0.000000
    58 2.078125 1.478516 -5.000000 0.000000 0.000000 0.000000
    59 5.164063 0.000001 0.000000 0.000000 0.000000 0.000000
    60 11.476563 0.000000 0.000002 0.000149 0.000000 0.000000
    61 5.558594 0.000000 0.000000 0.000000 0.000000 0.000000
    62 5.558594 0.000001 0.000000 0.000000 0.000000 0.000000
    63 5.164063 0.000000 0.000000 0.000000 0.000000 0.000000
    64 11.476563 0.000001 0.000005 0.001270 0.000000 0.000000
    65 2.078125 1.478516 5.000000 0.000000 0.000000 0.000000
    66 11.687500 0.000001 0.000001 0.000000 0.000000 -0.029498
  time 33
    0 -1.525833 1.394579 38.367693 1.615785 -0.003771 -0.091401
    1 3.890452 -0.000004 -0.000003 -1.794854 -0.055617 -1.484504
    2 17.848177 0.000000 0.000000 0.000000 0.000000 0.126948
    3 16.525253 0.000000 0.000000 -0.096399 0.001092 -1.080860
    4 6.879454 0.000000 0.000000 -0.007299 -0.002951 -0.584373
    5 -3.890452 0.000004 0.000007 -1.381425 -0.124720 -1.583091
    6 17.848173 0.000000 0.000000 0.000000 0.000000 0.226359
    7 16.525257 0.000000 0.000000 -0.064146 -0.092642 -1.129294
    8 6.879455 0.000000 0.000000 -0.081333 -0.002951 -0.584373
    9 0.000005 3.345128 -2.981901 1.563965 0.152684 1.424329
    10 3.998799 0.000000 0.000000 0.000000 0.000000 -0.000868
    11 3.518565 0.000000 0.000000 -0.017201 0.002876 0.191544
    12 8.923110 0.000000 0.000000 0.000000 0.000000 0.214362
    13 3.307271 0.000000 0.000000 3.141590 0.000000 0.406093
    14 3.601524 -0.000001 0.000000 0.127723 -0.043791 0.325956
    15 2.056784 0.981236 1.937660 1.747946 -1.118157 2.814288
    16 6.028142 0.000001 0.000000 -1.678921 0.077304 -0.858389
    17 11.692554 0.000000 0.000001 0.000000 0.000000 -1.731672
    18 11.481672 0.000000 -0.000032 1.237225 -0.296059 0.195895
    19 3.851891 0.123226 -1.223225 -0.630885 -0.018267 -0.184369
    20 1.312564 0.000001 0.000000 -0.010427 0.069216 -0.299519
    21 0.729362 0.000000 0.000000 -0.010427 0.069220 -0.299499
    22 3.926700 0.316309 -0.458788 -0.097248 -0.066041 -0.320850
    23 1.539095 0.000001 0.000000 -0.003296 0.021430 -0.306424
    24 1.196321 -0.000001 0.000000 -0.003308 0.021443 -0.306671
    25 3.883690 0.211047 0.404099 0.145549 0.028242 -0.322375
    26 1.719576 0.000000 0.000000 0.003811 -0.024733 -0.306239
    27 1.209180 0.000000 0.000000 0.003811 -0.024732 -0.306209
    28 3.867672 0.115964 1.301215 0.606557 0.043935 -0.315981
    29 1.719428 0.000000 0.000000 0.012979 -0.087488 -0.294848
    30 1.099666 -0.000001 0.000000 0.012979 -0.087480 -0.294833
    31 0.837299 -0.302047 1.313446 -1.404045 -0.282251 -0.427077
    32 1.789784 0.000000 -0.000001 -0.000024 -0.000259 0.260046
    33 1.206999 0.000000 -0.000001 -0.000048 -0.000310 0.303713
    34 2.056792 0.981240 -1.937610 -1.816178 1.118479 2.817929
    35 6.028143 0.000001 0.000000 1.352025 -0.041002 -0.886866
    36 11.692554 0.000000 0.000001 0.000000 0.000000 -0.406249
    37 11.481699 0.000000 0.000003 -1.560004 -0.064157 0.034916
    38 3.851859 0.133064 1.220452 0.630261 0.016747 -0.184511
    39 1.312561 0.000001 0.000000 0.010750 -0.071449 -0.299029
    40 0.729364 0.000000 0.000000 0.010750 -0.071438 -0.299007
    41 3.926668 0.319868 0.458387 0.097557 0.063419 -0.321392
    42 1.539095 0.000000 0.000000 0.003679 -0.023915 -0.306273
    43 1.196326 0.000001 0.000000 0.003691 -0.023925 -0.306466
    44 3.883656 0.207493 -0.403698 -0.145121 -0.030874 -0.322134
    45 1.719576 0.000002 0.000000 -0.003428 0.022227 -0.306415
    46 1.209181 -0.000001 0.000000 -0.003428 0.022229 -0.306370
    47 3.867642 0.104977 -1.303937 -0.606295 -0.046512 -0.315602
    48 1.719425 0.000000 0.000000 -0.012656 0.085117 -0.295505
    49 1.099666 0.000001 0.000000 -0.012656 0.085110 -0.295484
    50 0.837268 -0.312959 -1.310521 1.401911 0.278797 -0.429216
    51 1.789784 0.000000 0.000000 0.000216 0.001729 0.260038
    52 1.206998 0.000000 0.000000 0.000300 0.002007 0.303683
    53 11.687500 0.000001 0.000002 0.000000 0.000000 -0.029498
    54 5.738281 0.000001 0.000001 0.000687 0.000000 0.000000
    55 5.738281 0.000000 0.000000 0.000080 0.000000 0.000000
    56 1.500000 0.000000 0.000003 0.000000 0.000000 0.000000
    57 1.499023 0.000000 0.000001 0.000000 0.000000 0.000000
    58 2.078125 1.478516 -5.000000 0.000000 0.000000 0.000000
    59 5.164063 0.000001 0.000000 0.000000 0.000000 0.000000
    60 11.476563 0.000000 0.000002 0.000149 0.000000 0.000000
    61 5.558594 0.000000 0.000000 0.000000 0.000000 0.000000
    62 5.558594 0.000001 0.000000 0.000000 0.000000 0.000000
    63 5.164063 0.000000 0.000000 0.000000 0.000000 0.000000
    64 11.476563 0.000001 0.000005 0.001270 0.000000 0.000000
    65 2.078125 1.478516 5.000000 0.000000 0.000000 0.000000
    66 11.687500 0.000001 0.000001 0.000000 0.000000 -0.029498
  time 34
    0 -1.498488 1.343796 38.371599 1.615196 -0.004410 -0.064111
    1 3.890452 -0.000004 -0.000003 -1.767371 -0.058804 -1.486532
    2 17.848177 0.000000 0.000000 0.000000 0.000000 0.126115
    3 16.525253 0.000000 0.000000 -0.095467 0.000207 -1.078968
    4 6.879454 0.000000 0.000000 -0.007299 -0.002951 -0.584373
    5 -3.890452 0.000004 0.000007 -1.354059 -0.118103 -1.586509
    6 17.848173 0.000000 0.000000 0.000000 0.000000 0.223644
    7 16.525257 0.000000 0.000000 -0.062625 -0.093648 -1.132227
    8 6.879455 0.000000 0.000000 -0.081333 -0.002951 -0.584373
    9 0.000005 3.345128 -2.981901 1.576109 0.158531 1.432284
    10 3.998799 0.000000 0.000000 0.000000 0.000000 -0.000868
    11 3.518565 0.000000 0.000000 -0.017201 0.002876 0.191544
    12 8.923110 0.000000 0.000000 0.000000 0.000000 0.214362
    13 3.307271 0.000000 0.000000 3.141590 0.000000 0.406093
    14 3.601524 -0.000001 0.000000 0.111137 -0.047041 0.321484
    15 2.056784 0.981236 1.937660 1.747946 -1.118157 2.814288
    16 6.028142 0.000001 0.000000 -1.740285 0.119854 -0.905295
    17 11.692554 0.000000 0.000001 0.000000 0.000000 -1.750289
    18 11.481672 0.000000 -0.000032 1.299052 -0.257932 0.195680
    19 3.851891 0.123226 -1.223225 -0.630885 -0.018267 -0.184369
    20 1.312564 0.000001 0.000000 -0.010427 0.069216 -0.299519
    21 0.729362 0.000000 0.000000 -0.010427 0.069220 -0.299499
    22 3.926700 0.316309 -0.458788 -0.097248 -0.066041 -0.320850
    23 1.539095 0.000001 0.000000 -0.003296 0.021430 -0.306424
    24 1.196321 -0.000001 0.000000 -0.003308 0.021443 -0.306671
    25 3.883690 0.211047 0.404099 0.145549 0.028242 -0.322375
    26 1.719576 0.000000 0.000000 0.003811 -0.024733 -0.306239
    27 1.209180 0.000000 0.000000 0.003811 -0.024732 -0.306209
    28 3.867672 0.115964 1.301215 0.606557 0.043935 -0.315981
    29 1.719428 0.000000 0.000000 0.012979 -0.087488 -0.294848
    30 1.099666 -0.000001 0.000000 0.012979 -0.087480 -0.294833
    31 0.837299 -0.302047 1.313446 -1.404045 -0.282251 -0.427077
    32 1.789784 0.000000 -0.000001 -0.000024 -0.000259 0.260046
    33 1.206999 0.000000 -0.000001 -0.000048 -0.000310 0.303713
    34 2.056792 0.981240 -1.937610 -1.816178 1.118479 2.817929
    35 6.028143 0.000001 0.000000 1.373229 -0.065586 -0.887612
    36 11.692554 0.000000 0.000001 0.000000 0.000000 -0.412857
    37 11.481699 0.000000 0.000003 -1.560004 -0.064157 0.034916
    38 3.851859 0.133064 1.220452 0.630261 0.016747 -0.184511
    39 1.312561 0.000001 0.000000 0.010750 -0.071449 -0.299029
    40 0.729364 0.000000 0.000000 0.010750 -0.071438 -0.299007
    41 3.926668 0.319868 0.458387 0.097557 0.063419 -0.321392
    42 1.539095 0.000000 0.000000 0.003679 -0.023915 -0.306273
    43 1.196326 0.000001 0.000000 0.003691 -0.023925 -0.306466
    44 3.883656 0.207493 -0.403698 -0.145121 -0.030874 -0.322134
    45 1.719576 0.000002 0.000000 -0.003428 0.022227 -0.306415
    46 1.209181 -0.000001 0.000000 -0.003428 0.022229 -0.306370
    47 3.867642 0.104977 -1.303937 -0.606295 -0.046512 -0.315602
    48 1.719425 0.000000 0.000000 -0.012656 0.085117 -0.295505
    49 1.099666 0.000001 0.000000 -0.012656 0.085110 -0.295484
    50 0.837268 -0.312959 -1.310521 1.401911 0.278797 -0.429216
    51 1.789784 0.000000 0.000000 0.000216 0.001729 0.260038
    52 1.206998 0.000000 0.000000 0.000300 0.002007 0.303683
    53 11.687500 0.000001 0.000002 0.000000 0.000000 -0.029498
    54 5.738281 0.000001 0.000001 0.000687 0.000000 0.000000
    55 5.738281 0.000000 0.000000 0.000080 0.000000 0.000000
    56 1.500000 0.000000 0.000003 0.000000 0.000000 0.000000
    57 1.499023 0.000000 0.000001 0.000000 0.000000 0.000000
    58 2.078125 1.478516 -5.000000 0.000000 0.000000 0.000000
    59 5.164063 0.000001 0.000000 0.000000 0.000000 0.000000
    60 11.476563 0.000000 0.000002 0.000149 0.000000 0.000000
    61 5.558594 0.000000 0.000000 0.000000 0.000000 0.000000
    62 5.558594 0.000001 0.000000 0.000000 0.000000 0.000000
    63 5.164063 0.000000 0.000000 0.000000 0.000000 0.000000
    64 11.476563 0.000001 0.000005 0.001270 0.000000 0.000000
    65 2.078125 1.478516 5.000000 0.000000 0.000000 0.000000
    66 11.687500 0.000001 0.000001 0.000000 0.000000 -0.029498
  time 35
    0 -1.467237 1.296920 38.375505 1.614549 -0.005018 -0.037264
    1 3.890452 -0.000004 -0.000003 -1.740271 -0.061452 -1.488691
    2 17.848177 0.000000 0.000000 0.000000 0.000000 0.124601
    3 16.525253 0.000000 0.000000 -0.094534 -0.000659 -1.076698
    4 6.879454 0.000000 0.000000 -0.007299 -0.002951 -0.584373
    5 -3.890452 0.000004 0.000007 -1.327114 -0.111087 -1.589617
    6 17.848173 0.000000 0.000000 0.000000 0.000000 0.220291
    7 16.525257 0.000000 0.000000 -0.060980 -0.094730 -1.134781
    8 6.879455 0.000000 0.000000 -0.081333 -0.002951 -0.584373
    9 0.000005 3.345128 -2.981901 1.585014 0.162579 1.438996
    10 3.998799 0.000000 0.000000 0.000000 0.000000 -0.000868
    11 3.518565 0.000000 0.000000 -0.017201 0.002876 0.191544
    12 8.923110 0.000000 0.000000 0.000000 0.000000 0.214362
    13 3.307271 0.000000 0.000000 3.141590 0.000000 0.406093
    14 3.601524 -0.000001 0.000000 0.095090 -0.049529 0.316497
    15 2.056784 0.981236 1.937660 1.747946 -1.118157 2.814288
    16 6.028142 0.000001 0.000000 -1.808244 0.164540 -0.954444
    17 11.692554 0.000000 0.000001 0.000000 0.000000 -1.759898
    18 11.481672 0.000000 -0.000032 1.378742 -0.256111 0.176165
    19 3.851891 0.123226 -1.223225 -0.630885 -0.018267 -0.184369
    20 1.312564 0.000001 0.000000 -0.010427 0.069216 -0.299519
    21 0.729362 0.000000 0.000000 -0.010427 0.069220 -0.299499
    22 3.926700 0.316309 -0.458788 -0.097248 -0.066041 -0.320850
    23 1.539095 0.000001 0.000000 -0.003296 0.021430 -0.306424
    24 1.196321 -0.000001 0.000000 -0.003308 0.021443 -0.306671
    25 3.883690 0.211047 0.404099 0.145549 0.028242 -0.322375
    26 1.719576 0.000000 0.000000 0.003811 -0.024733 -0.306239
    27 1.209180 0.000000 0.000000 0.003811 -0.024732 -0.306209
    28 3.867672 0.115964 1.301215 0.606557 0.043935 -0.315981
    29 1.719428 0.000000 0.000000 0.012979 -0.087488 -0.294848
    30 1.099666 -0.000001 0.000000 0.012979 -0.087480 -0.294833
    31 0.837299 -0.302047 1.313446 -1.404045 -0.282251 -0.427077
    32 1.789784 0.000000 -0.000001 -0.000024 -0.000259 0.260046
    33 1.206999 0.000000 -0.000001 -0.000048 -0.000310 0.303713
    34 2.056792 0.981240 -1.937610 -1.816178 1.118479 2.817929
    35 6.028143 0.000001 0.000000 1.392482 -0.086542 -0.889383
    36 11.692554 0.000000 0.000001 0.000000 0.000000 -0.418667
    37 11.481699 0.000000 0.000003 -1.560004 -0.064157 0.034916
    38 3.851859 0.133064 1.220452 0.630261 0.016747 -0.184511
    39 1.312561 0.000001 0.000000 0.010750 -0.071449 -0.299029
    40 0.729364 0.000000 0.000000 0.010750 -0.071438 -0.299007
    41 3.926668 0.319868 0.458387 0.097557 0.063419 -0.321392
    42 1.539095 0.000000 0.000000 0.003679 -0.023915 -0.306273
    43 1.196326 0.000001 0.000000 0.003691 -0.023925 -0.306466
    44 3.883656 0.207493 -0.403698 -0.145121 -0.030874 -0.322134
    45 1.719576 0.000002 0.000000 -0.003428 0.022227 -0.306415
    46 1.209181 -0.000001 0.000000 -0.003428 0.022229 -0.306370
    47 3.867642 0.104977 -1.303937 -0.606295 -0.046512 -0.315602
    48 1.719425 0.000000 0.000000 -0.012656 0.085117 -0.295505
    49 1.099666 0.000001 0.000000 -0.012656 0.085110 -0.295484
    50 0.837268 -0.312959 -1.310521 1.401911 0.278797 -0.429216
    51 1.789784 0.000000 0.000000 0.000216 0.001729 0.260038
    52 1.206998 0.000000 0.000000 0.000300 0.002007 0.303683
    53 11.687500 0.000001 0.000002 0.000000 0.000000 -0.029498
    54 5.738281 0.000001 0.000001 0.000687 0.000000 0.000000
    55 5.738281 0.000000 0.000000 0.000080 0.000000 0.000000
    56 1.500000 0.000000 0.000003 0.000000 0.000000 0.000000
    57 1.499023 0.000000 0.000001 0.000000 0.000000 0.000000
    58 2.078125 1.478516 -5.000000 0.000000 0.000000 0.000000
    59 5.164063 0.000001 0.000000 0.000000 0.000000 0.000000
    60 11.476563 0.000000 0.000002 0.000149 0.000000 0.000000
    61 5.558594 0.000000 0.000000 0.000000 0.000000 0.000000
    62 5.558594 0.000001 0.000000 0.000000 0.000000 0.000000
    63 5.164063 0.000000 0.000000 0.000000 0.000000 0.000000
    64 11.476563 0.000001 0.000005 0.001270 0.000000 0.000000
    65 2.078125 1.478516 5.000000 0.000000 0.000000 0.000000
    66 11.687500 0.000001 0.000001 0.000000 0.000000 -0.029498
  time 36
    0 -1.435986 1.246137 38.383318 1.613842 -0.005626 -0.011995
    1 3.890452 -0.000004 -0.000003 -1.714697 -0.063292 -1.490916
    2 17.848177 0.000000 0.000000 0.000000 0.000000 0.122330
    3 16.525253 0.000000 0.000000 -0.093627 -0.001508 -1.074286
    4 6.879454 0.000000 0.000000 -0.007299 -0.002951 -0.584373
    5 -3.890452 0.000004 0.000007 -1.301690 -0.103848 -1.592336
    6 17.848173 0.000000 0.000000 0.000000 0.000000 0.216299
    7 16.525257 0.000000 0.000000 -0.059274 -0.095868 -1.136768
    8 6.879455 0.000000 0.000000 -0.081333 -0.002951 -0.584373
    9 0.000005 3.345128 -2.981901 1.592351 0.165310 1.445111
    10 3.998799 0.000000 0.000000 0.000000 0.000000 -0.000868
    11 3.518565 0.000000 0.000000 -0.017201 0.002876 0.191544
    12 8.923110 0.000000 0.000000 0.000000 0.000000 0.214362
    13 3.307271 0.000000 0.000000 3.141590 0.000000 0.406093
    14 3.601524 -0.000001 0.000000 0.080044 -0.051581 0.311638
    15 2.056784 0.981236 1.937660 1.747946 -1.118157 2.814288
    16 6.028142 0.000001 0.000000 -1.873622 0.207726 -0.996678
    17 11.692554 0.000000 0.000001 0.000000 0.000000 -1.754568
    18 11.481672 0.000000 -0.000032 1.455943 -0.284056 0.125048
    19 3.851891 0.123226 -1.223225 -0.630885 -0.018267 -0.184369
    20 1.312564 0.000001 0.000000 -0.010427 0.069216 -0.299519
    21 0.729362 0.000000 0.000000 -0.010427 0.069220 -0.299499
    22 3.926700 0.316309 -0.458788 -0.097248 -0.066041 -0.320850
    23 1.539095 0.000001 0.000000 -0.003296 0.021430 -0.306424
    24 1.196321 -0.000001 0.000000 -0.003308 0.021443 -0.306671
    25 3.883690 0.211047 0.404099 0.145549 0.028242 -0.322375
    26 1.719576 0.000000 0.000000 0.003811 -0.024733 -0.306239
    27 1.209180 0.000000 0.000000 0.003811 -0.024732 -0.306209
    28 3.867672 0.115964 1.301215 0.606557 0.043935 -0.315981
    29 1.719428 0.000000 0.000000 0.012979 -0.087488 -0.294848
    30 1.099666 -0.000001 0.000000 0.012979 -0.087480 -0.294833
    31 0.837299 -0.302047 1.313446 -1.404045 -0.282251 -0.427077
    32 1.789784 0.000000 -0.000001 -0.000024 -0.000259 0.260046
    33 1.206999 0.000000 -0.000001 -0.000048 -0.000310 0.303713
    34 2.056792 0.981240 -1.937610 -1.816178 1.118479 2.817929
    35 6.028143 0.000001 0.000000 1.410581 -0.104061 -0.891806
    36 11.692554 0.000000 0.000001 0.000000 0.000000 -0.423387
    37 11.481699 0.000000 0.000003 -1.560004 -0.064157 0.034916
    38 3.851859 0.133064 1.220452 0.630261 0.016747 -0.184511
    39 1.312561 0.000001 0.000000 0.010750 -0.071449 -0.299029
    40 0.729364 0.000000 0.000000 0.010750 -0.071438 -0.299007
    41 3.926668 0.319868 0.458387 0.097557 0.063419 -0.321392
    42 1.539095 0.000000 0.000000 0.003679 -0.023915 -0.306273
    43 1.196326 0.000001 0.000000 0.003691 -0.023925 -0.306466
    44 3.883656 0.207493 -0.403698 -0.145121 -0.030874 -0.322134
    45 1.719576 0.000002 0.000000 -0.003428 0.022227 -0.306415
    46 1.209181 -0.000001 0.000000 -0.003428 0.022229 -0.306370
    47 3.867642 0.104977 -1.303937 -0.606295 -0.046512 -0.315602
    48 1.719425 0.000000 0.000000 -0.012656 0.085117 -0.295505
    49 1.099666 0.000001 0.000000 -0.012656 0.085110 -0.295484
    50 0.837268 -0.312959 -1.310521 1.401911 0.278797 -0.429216
    51 1.789784 0.000000 0.000000 0.000216 0.001729 0.260038
    52 1.206998 0.000000 0.000000 0.000300 0.002007 0.303683
    53 11.687500 0.000001 0.000002 0.000000 0.000000 -0.029498
    54 5.738281 0.000001 0.000001 0.000687 0.000000 0.000000
    55 5.738281 0.000000 0.000000 0.000080 0.000000 0.000000
    56 1.500000 0.000000 0.000003 0.000000 0.000000 0.000000
    57 1.499023 0.000000 0.000001 0.000000 0.000000 0.000000
    58 2.078125 1.478516 -5.000000 0.000000 0.000000 0.000000
    59 5.164063 0.000001 0.000000 0.000000 0.000000 0.000000
    60 11.476563 0.000000 0.000002 0.000149 0.000000 0.000000
    61 5.558594 0.000000 0.000000 0.000000 0.000000 0.000000
    62 5.558594 0.000001 0.000000 0.000000 0.000000 0.000000
    63 5.164063 0.000000 0.000000 0.000000 0.000000 0.000000
    64 11.476563 0.000001 0.000005 0.001270 0.000000 0.000000
    65 2.078125 1.478516 5.000000 0.000000 0.000000 0.000000
    66 11.687500 0.000001 0.000001 0.000000 0.000000 -0.029498
  time 37
    0 -1.400829 1.195354 38.387224 1.613135 -0.006204 0.010683
    1 3.890452 -0.000004 -0.000003 -1.691795 -0.064235 -1.493206
    2 17.848177 0.000000 0.000000 0.000000 0.000000 0.119453
    3 16.525253 0.000000 0.000000 -0.092743 -0.002322 -1.071780
    4 6.879454 0.000000 0.000000 -0.007299 -0.002951 -0.584373
    5 -3.890452 0.000004 0.000007 -1.279054 -0.096654 -1.594666
    6 17.848173 0.000000 0.000000 0.000000 0.000000 0.211908
    7 16.525257 0.000000 0.000000 -0.057506 -0.097042 -1.138282
    8 6.879455 0.000000 0.000000 -0.081333 -0.002951 -0.584373
    9 0.000005 3.345128 -2.981901 1.599284 0.167269 1.451027
    10 3.998799 0.000000 0.000000 0.000000 0.000000 -0.000868
    11 3.518565 0.000000 0.000000 -0.017201 0.002876 0.191544
    12 8.923110 0.000000 0.000000 0.000000 0.000000 0.214362
    13 3.307271 0.000000 0.000000 3.141590 0.000000 0.406093
    14 3.601524 -0.000001 0.000000 0.066305 -0.053478 0.307552
    15 2.056784 0.981236 1.937660 1.747946 -1.118157 2.814288
    16 6.028142 0.000001 0.000000 -1.928581 0.249140 -1.026672
    17 11.692554 0.000000 0.000001 0.000000 0.000000 -1.732648
    18 11.481672 0.000000 -0.000032 1.518047 -0.331101 0.045556
    19 3.851891 0.123226 -1.223225 -0.630885 -0.018267 -0.184369
    20 1.312564 0.000001 0.000000 -0.010427 0.069216 -0.299519
    21 0.729362 0.000000 0.000000 -0.010427 0.069220 -0.299499
    22 3.926700 0.316309 -0.458788 -0.097248 -0.066041 -0.320850
    23 1.539095 0.000001 0.000000 -0.003296 0.021430 -0.306424
    24 1.196321 -0.000001 0.000000 -0.003308 0.021443 -0.306671
    25 3.883690 0.211047 0.404099 0.145549 0.028242 -0.322375
    26 1.719576 0.000000 0.000000 0.003811 -0.024733 -0.306239
    27 1.209180 0.000000 0.000000 0.003811 -0.024732 -0.306209
    28 3.867672 0.115964 1.301215 0.606557 0.043935 -0.315981
    29 1.719428 0.000000 0.000000 0.012979 -0.087488 -0.294848
    30 1.099666 -0.000001 0.000000 0.012979 -0.087480 -0.294833
    31 0.837299 -0.302047 1.313446 -1.404045 -0.282251 -0.427077
    32 1.789784 0.000000 -0.000001 -0.000024 -0.000259 0.260046
    33 1.206999 0.000000 -0.000001 -0.000048 -0.000310 0.303713
    34 2.056792 0.981240 -1.937610 -1.816178 1.118479 2.817929
    35 6.028143 0.000001 0.000000 1.427881 -0.118525 -0.894509
    36 11.692554 0.000000 0.000001 0.000000 0.000000 -0.427018
    37 11.481699 0.000000 0.000003 -1.560004 -0.064157 0.034916
    38 3.851859 0.133064 1.220452 0.630261 0.016747 -0.184511
    39 1.312561 0.000001 0.000000 0.010750 -0.071449 -0.299029
    40 0.729364 0.000000 0.000000 0.010750 -0.071438 -0.299007
    41 3.926668 0.319868 0.458387 0.097557 0.063419 -0.321392
    42 1.539095 0.000000 0.000000 0.003679 -0.023915 -0.306273
    43 1.196326 0.000001 0.000000 0.003691 -0.023925 -0.306466
    44 3.883656 0.207493 -0.403698 -0.145121 -0.030874 -0.322134
    45 1.719576 0.000002 0.000000 -0.003428 0.022227 -0.306415
    46 1.209181 -0.000001 0.000000 -0.003428 0.022229 -0.306370
    47 3.867642 0.104977 -1.303937 -0.606295 -0.046512 -0.315602
    48 1.719425 0.000000 0.000000 -0.012656 0.085117 -0.295505
    49 1.099666 0.000001 0.000000 -0.012656 0.085110 -0.295484
    50 0.837268 -0.312959 -1.310521 1.401911 0.278797 -0.429216
    51 1.789784 0.000000 0.000000 0.000216 0.001729 0.260038
    52 1.206998 0.000000 0.000000 0.000300 0.002007 0.303683
    53 11.687500 0.000001 0.000002 0.000000 0.000000 -0.029498
    54 5.738281 0.000001 0.000001 0.000687 0.000000 0.000000
    55 5.738281 0.000000 0.000000 0.000080 0.000000 0.000000
    56 1.500000 0.000000 0.000003 0.000000 0.000000 0.000000
    57 1.499023 0.000000 0.000001 0.000000 0.000000 0.000000
    58 2.078125 1.478516 -5.000000 0.000000 0.000000 0.000000
    59 5.164063 0.000001 0.000000 0.000000 0.000000 0.000000
    60 11.476563 0.000000 0.000002 0.000149 0.000000 0.000000
    61 5.558594 0.000000 0.000000 0.000000 0.000000 0.000000
    62 5.558594 0.000001 0.000000 0.000000 0.000000 0.000000
    63 5.164063 0.000000 0.000000 0.000000 0.000000 0.000000
    64 11.476563 0.000001 0.000005 0.001270 0.000000 0.000000
    65 2.078125 1.478516 5.000000 0.000000 0.000000 0.000000
    66 11.687500 0.000001 0.000001 0.000000 0.000000 -0.029498
  time 38
    0 -1.361765 1.148478 38.391131 1.612370 -0.006721 0.029697
    1 3.890452 -0.000004 -0.000003 -1.672481 -0.064100 -1.495496
    2 17.848177 0.000000 0.000000 0.000000 0.000000 0.115970
    3 16.525253 0.000000 0.000000 -0.091860 -0.003136 -1.069415
    4 6.879454 0.000000 0.000000 -0.007299 -0.002951 -0.584373
    5 -3.890452 0.000004 0.000007 -1.260049 -0.089815 -1.596609
    6 17.848173 0.000000 0.000000 0.000000 0.000000 0.207277
    7 16.525257 0.000000 0.000000 -0.055739 -0.098198 -1.139133
    8 6.879455 0.000000 0.000000 -0.081333 -0.002951 -0.584373
    9 0.000005 3.345128 -2.981901 1.605558 0.168683 1.456844
    10 3.998799 0.000000 0.000000 0.000000 0.000000 -0.000868
    11 3.518565 0.000000 0.000000 -0.017201 0.002876 0.191544
    12 8.923110 0.000000 0.000000 0.000000 0.000000 0.214362
    13 3.307271 0.000000 0.000000 3.141590 0.000000 0.406093
    14 3.601524 -0.000001 0.000000 0.054145 -0.055438 0.304721
    15 2.056784 0.981236 1.937660 1.747946 -1.118157 2.814288
    16 6.028142 0.000001 0.000000 -1.968725 0.290462 -1.042650
    17 11.692554 0.000000 0.000001 0.000000 0.000000 -1.695563
    18 11.481672 0.000000 -0.000032 1.558749 -0.386694 -0.043657
    19 3.851891 0.123226 -1.223225 -0.630885 -0.018267 -0.184369
    20 1.312564 0.000001 0.000000 -0.010427 0.069216 -0.299519
    21 0.729362 0.000000 0.000000 -0.010427 0.069220 -0.299499
    22 3.926700 0.316309 -0.458788 -0.097248 -0.066041 -0.320850
    23 1.539095 0.000001 0.000000 -0.003296 0.021430 -0.306424
    24 1.196321 -0.000001 0.000000 -0.003308 0.021443 -0.306671
    25 3.883690 0.211047 0.404099 0.145549 0.028242 -0.322375
    26 1.719576 0.000000 0.000000 0.003811 -0.024733 -0.306239
    27 1.209180 0.000000 0.000000 0.003811 -0.024732 -0.306209
    28 3.867672 0.115964 1.301215 0.606557 0.043935 -0.315981
    29 1.719428 0.000000 0.000000 0.012979 -0.087488 -0.294848
    30 1.099666 -0.000001 0.000000 0.012979 -0.087480 -0.294833
    31 0.837299 -0.302047 1.313446 -1.404045 -0.282251 -0.427077
    32 1.789784 0.000000 -0.000001 -0.000024 -0.000259 0.260046
    33 1.206999 0.000000 -0.000001 -0.000048 -0.000310 0.303713
    34 2.056792 0.981240 -1.937610 -1.816178 1.118479 2.817929
    35 6.028143 0.000001 0.000000 1.443407 -0.129552 -0.896932
    36 11.692554 0.000000 0.000001 0.000000 0.000000 -0.429269
    37 11.481699 0.000000 0.000003 -1.560004 -0.064157 0.034916
    38 3.851859 0.133064 1.220452 0.630261 0.016747 -0.184511
    39 1.312561 0.000001 0.000000 0.010750 -0.071449 -0.299029
    40 0.729364 0.000000 0.000000 0.010750 -0.071438 -0.299007
    41 3.926668 0.319868 0.458387 0.097557 0.063419 -0.321392
    42 1.539095 0.000000 0.000000 0.003679 -0.023915 -0.306273
    43 1.196326 0.000001 0.000000 0.003691 -0.023925 -0.306466
    44 3.883656 0.207493 -0.403698 -0.145121 -0.030874 -0.322134
    45 1.719576 0.000002 0.000000 -0.003428 0.022227 -0.306415
    46 1.209181 -0.000001 0.000000 -0.003428 0.022229 -0.306370
    47 3.867642 0.104977 -1.303937 -0.606295 -0.046512 -0.315602
    48 1.719425 0.000000 0.000000 -0.012656 0.085117 -0.295505
    49 1.099666 0.000001 0.000000 -0.012656 0.085110 -0.295484
    50 0.837268 -0.312959 -1.310521 1.401911 0.278797 -0.429216
    51 1.789784 0.000000 0.000000 0.000216 0.001729 0.260038
    52 1.206998 0.000000 0.000000 0.000300 0.002007 0.303683
    53 11.687500 0.000001 0.000002 0.000000 0.000000 -0.029498
    54 5.738281 0.000001 0.000001 0.000687 0.000000 0.000000
    55 5.738281 0.000000 0.000000 0.000080 0.000000 0.000000
    56 1.500000 0.000000 0.000003 0.000000 0.000000 0.000000
    57 1.499023 0.000000 0.000001 0.000000 0.000000 0.000000
    58 2.078125 1.478516 -5.000000 0.000000 0.000000 0.000000
    59 5.164063 0.000001 0.000000 0.000000 0.000000 0.000000
    60 11.476563 0.000000 0.000002 0.000149 0.000000 0.000000
    61 5.558594 0.000000 0.000000 0.000000 0.000000 0.000000
    62 5.558594 0.000001 0.000000 0.000000 0.000000 0.000000
    63 5.164063 0.000000 0.000000 0.000000 0.000000 0.000000
    64 11.476563 0.000001 0.000005 0.001270 0.000000 0.000000
    65 2.078125 1.478516 5.000000 0.000000 0.000000 0.000000
    66 11.687500 0.000001 0.000001 0.000000 0.000000 -0.029498
  time 39
    0 -1.318795 1.097695 38.398944 1.611604 -0.007178 0.044100
    1 3.890452 -0.000004 -0.000003 -1.657823 -0.062799 -1.497590
    2 17.848177 0.000000 0.000000 0.000000 0.000000 0.112033
    3 16.525253 0.000000 0.000000 -0.090976 -0.003967 -1.067335
    4 6.879454 0.000000 0.000000 -0.007299 -0.002951 -0.584373
    5 -3.890452 0.000004 0.000007 -1.245690 -0.083510 -1.598162
    6 17.848173 0.000000 0.000000 0.000000 0.000000 0.202567
    7 16.525257 0.000000 0.000000 -0.053991 -0.099355 -1.139417
    8 6.879455 0.000000 0.000000 -0.081333 -0.002951 -0.584373
    9 0.000005 3.345128 -2.981901 1.610972 0.169663 1.462512
    10 3.998799 0.000000 0.000000 0.000000 0.000000 -0.000868
    11 3.518565 0.000000 0.000000 -0.017201 0.002876 0.191544
    12 8.923110 0.000000 0.000000 0.000000 0.000000 0.214362
    13 3.307271 0.000000 0.000000 3.141590 0.000000 0.406093
    14 3.601524 -0.000001 0.000000 0.043716 -0.057693 0.303627
    15 2.056784 0.981236 1.937660 1.747946 -1.118157 2.814288
    16 6.028142 0.000001 0.000000 -1.990900 0.332966 -1.044986
    17 11.692554 0.000000 0.000001 0.000000 0.000000 -1.645566
    18 11.481672 0.000000 -0.000032 1.574842 -0.440688 -0.114217
    19 3.851891 0.123226 -1.223225 -0.630885 -0.018267 -0.184369
    20 1.312564 0.000001 0.000000 -0.010427 0.069216 -0.299519
    21 0.729362 0.000000 0.000000 -0.010427 0.069220 -0.299499
    22 3.926700 0.316309 -0.458788 -0.097248 -0.066041 -0.320850
    23 1.539095 0.000001 0.000000 -0.003296 0.021430 -0.306424
    24 1.196321 -0.000001 0.000000 -0.003308 0.021443 -0.306671
    25 3.883690 0.211047 0.404099 0.145549 0.028242 -0.322375
    26 1.719576 0.000000 0.000000 0.003811 -0.024733 -0.306239
    27 1.209180 0.000000 0.000000 0.003811 -0.024732 -0.306209
    28 3.867672 0.115964 1.301215 0.606557 0.043935 -0.315981
    29 1.719428 0.000000 0.000000 0.012979 -0.087488 -0.294848
    30 1.099666 -0.000001 0.000000 0.012979 -0.087480 -0.294833
    31 0.837299 -0.302047 1.313446 -1.404045 -0.282251 -0.427077
    32 1.789784 0.000000 -0.000001 -0.000024 -0.000259 0.260046
    33 1.206999 0.000000 -0.000001 -0.000048 -0.000310 0.303713
    34 2.056792 0.981240 -1.937610 -1.816178 1.118479 2.817929
    35 6.028143 0.000001 0.000000 1.456360 -0.136808 -0.898517
    36 11.692554 0.000000 0.000001 0.000000 0.000000 -0.429922
    37 11.481699 0.000000 0.000003 -1.560004 -0.064157 0.034916
    38 3.851859 0.133064 1.220452 0.630261 0.016747 -0.184511
    39 1.312561 0.000001 0.000000 0.010750 -0.071449 -0.299029
    40 0.729364 0.000000 0.000000 0.010750 -0.071438 -0.299007
    41 3.926668 0.319868 0.458387 0.097557 0.063419 -0.321392
    42 1.539095 0.000000 0.000000 0.003679 -0.023915 -0.306273
    43 1.196326 0.000001 0.000000 0.003691 -0.023925 -0.306466
    44 3.883656 0.207493 -0.403698 -0.145121 -0.030874 -0.322134
    45 1.719576 0.000002 0.000000 -0.003428 0.022227 -0.306415
    46 1.209181 -0.000001 0.000000 -0.003428 0.022229 -0.306370
    47 3.867642 0.104977 -1.303937 -0.606295 -0.046512 -0.315602
    48 1.719425 0.000000 0.000000 -0.012656 0.085117 -0.295505
    49 1.099666 0.000001 0.000000 -0.012656 0.085110 -0.295484
    50 0.837268 -0.312959 -1.310521 1.401911 0.278797 -0.429216
    51 1.789784 0.000000 0.000000 0.000216 0.001729 0.260038
    52 1.206998 0.000000 0.000000 0.000300 0.002007 0.303683
    53 11.687500 0.000001 0.000002 0.000000 0.000000 -0.029498
    54 5.738281 0.000001 0.000001 0.000687 0.000000 0.000000
    55 5.738281 0.000000 0.000000 0.000080 0.000000 0.000000
    56 1.500000 0.000000 0.000003 0.000000 0.000000 0.000000
    57 1.499023 0.000000 0.000001 0.000000 0.000000 0.000000
    58 2.078125 1.478516 -5.000000 0.000000 0.000000 0.000000
    59 5.164063 0.000001 0.000000 0.000000 0.000000 0.000000
    60 11.476563 0.000000 0.000002 0.000149 0.000000 0.000000
    61 5.558594 0.000000 0.000000 0.000000 0.000000 0.000000
    62 5.558594 0.000001 0.000000 0.000000 0.000000 0.000000
    63 5.164063 0.000000 0.000000 0.000000 0.000000 0.000000
    64 11.476563 0.000001 0.000005 0.001270 0.000000 0.000000
    65 2.078125 1.478516 5.000000 0.000000 0.000000 0.000000
    66 11.687500 0.000001 0.000001 0.000000 0.000000 -0.029498
  time 40
    0 -1.271919 1.050818 38.402850 1.610839 -0.007542 0.053197
    1 3.890452 -0.000004 -0.000003 -1.648434 -0.060420 -1.499619
    2 17.848177 0.000000 0.000000 0.000000 0.000000 0.107868
    3 16.525253 0.000000 0.000000 -0.090069 -0.004834 -1.065632
    4 6.879454 0.000000 0.000000 -0.007299 -0.002951 -0.584373
    5 -3.890452 0.000004 0.000007 -1.236652 -0.078092 -1.599483
    6 17.848173 0.000000 0.000000 0.000000 0.000000 0.198016
    7 16.525257 0.000000 0.000000 -0.052326 -0.100455 -1.139180
    8 6.879455 0.000000 0.000000 -0.081333 -0.002951 -0.584373
    9 0.000005 3.345128 -2.981901 1.615475 0.170305 1.468031
    10 3.998799 0.000000 0.000000 0.000000 0.000000 -0.000868
    11 3.518565 0.000000 0.000000 -0.017201 0.002876 0.191544
    12 8.923110 0.000000 0.000000 0.000000 0.000000 0.214362
    13 3.307271 0.000000 0.000000 3.141590 0.000000 0.406093
    14 3.601524 -0.000001 0.000000 0.035250 -0.060429 0.304624
    15 2.056784 0.981236 1.937660 1.747946 -1.118157 2.814288
    16 6.028142 0.000001 0.000000 -1.991474 0.377516 -1.034428
    17 11.692554 0.000000 0.000001 0.000000 0.000000 -1.585059
    18 11.481672 0.000000 -0.000032 1.563395 -0.476771 -0.135632
    19 3.851891 0.123226 -1.223225 -0.630885 -0.018267 -0.184369
    20 1.312564 0.000001 0.000000 -0.010427 0.069216 -0.299519
    21 0.729362 0.000000 0.000000 -0.010427 0.069220 -0.299499
    22 3.926700 0.316309 -0.458788 -0.097248 -0.066041 -0.320850
    23 1.539095 0.000001 0.000000 -0.003296 0.021430 -0.306424
    24 1.196321 -0.000001 0.000000 -0.003308 0.021443 -0.306671
    25 3.883690 0.211047 0.404099 0.145549 0.028242 -0.322375
    26 1.719576 0.000000 0.000000 0.003811 -0.024733 -0.306239
    27 1.209180 0.000000 0.000000 0.003811 -0.024732 -0.306209
    28 3.867672 0.115964 1.301215 0.606557 0.043935 -0.315981
    29 1.719428 0.000000 0.000000 0.012979 -0.087488 -0.294848
    30 1.099666 -0.000001 0.000000 0.012979 -0.087480 -0.294833
    31 0.837299 -0.302047 1.313446 -1.404045 -0.282251 -0.427077
    32 1.789784 0.000000 -0.000001 -0.000024 -0.000259 0.260046
    33 1.206999 0.000000 -0.000001 -0.000048 -0.000310 0.303713
    34 2.056792 0.981240 -1.937610 -1.816178 1.118479 2.817929
    35 6.028143 0.000001 0.000000 1.464878 -0.139863 -0.898703
    36 11.692554 0.000000 0.000001 0.000000 0.000000 -0.428833
    37 11.481699 0.000000 0.000003 -1.560004 -0.064157 0.034916
    38 3.851859 0.133064 1.220452 0.630261 0.016747 -0.184511
    39 1.312561 0.000001 0.000000 0.010750 -0.071449 -0.299029
    40 0.729364 0.000000 0.000000 0.010750 -0.071438 -0.299007
    41 3.926668 0.319868 0.458387 0.097557 0.063419 -0.321392
    42 1.539095 0.000000 0.000000 0.003679 -0.023915 -0.306273
    43 1.196326 0.000001 0.000000 0.003691 -0.023925 -0.306466
    44 3.883656 0.207493 -0.403698 -0.145121 -0.030874 -0.322134
    45 1.719576 0.000002 0.000000 -0.003428 0.022227 -0.306415
    46 1.209181 -0.000001 0.000000 -0.003428 0.022229 -0.306370
    47 3.867642 0.104977 -1.303937 -0.606295 -0.046512 -0.315602
    48 1.719425 0.000000 0.000000 -0.012656 0.085117 -0.295505
    49 1.099666 0.000001 0.000000 -0.012656 0.085110 -0.295484
    50 0.837268 -0.312959 -1.310521 1.401911 0.278797 -0.429216
    51 1.789784 0.000000 0.000000 0.000216 0.001729 0.260038
    52 1.206998 0.000000 0.000000 0.000300 0.002007 0.303683
    53 11.687500 0.000001 0.000002 0.000000 0.000000 -0.029498
    54 5.738281 0.000001 0.000001 0.000687 0.000000 0.000000
    55 5.738281 0.000000 0.000000 0.000080 0.000000 0.000000
    56 1.500000 0.000000 0.000003 0.000000 0.000000 0.000000
    57 1.499023 0.000000 0.000001 0.000000 0.000000 0.000000
    58 2.078125 1.478516 -5.000000 0.000000 0.000000 0.000000
    59 5.164063 0.000001 0.000000 0.000000 0.000000 0.000000
    60 11.476563 0.000000 0.000002 0.000149 0.000000 0.000000
    61 5.558594 0.000000 0.000000 0.000000 0.000000 0.000000
    62 5.558594 0.000001 0.000000 0.000000 0.000000 0.000000
    63 5.164063 0.000000 0.000000 0.000000 0.000000 0.000000
    64 11.476563 0.000001 0.000005 0.001270 0.000000 0.000000
    65 2.078125 1.478516 5.000000 0.000000 0.000000 0.000000
    66 11.687500 0.000001 0.000001 0.000000 0.000000 -0.029498
  time 41
    0 -1.225042 1.007848 38.406756 1.610073 -0.007847 0.059135
    1 3.890452 -0.000004 -0.000003 -1.642174 -0.057412 -1.501516
    2 17.848177 0.000000 0.000000 0.000000 0.000000 0.103704
    3 16.525253 0.000000 0.000000 -0.089112 -0.005701 -1.064261
    4 6.879454 0.000000 0.000000 -0.007299 -0.002951 -0.584373
    5 -3.890452 0.000004 0.000007 -1.230655 -0.073163 -1.600571
    6 17.848173 0.000000 0.000000 0.000000 0.000000 0.193705
    7 16.525257 0.000000 0.000000 -0.050703 -0.101518 -1.138565
    8 6.879455 0.000000 0.000000 -0.081333 -0.002951 -0.584373
    9 0.000005 3.345128 -2.981901 1.618866 0.170675 1.473400
    10 3.998799 0.000000 0.000000 0.000000 0.000000 -0.000868
    11 3.518565 0.000000 0.000000 -0.017201 0.002876 0.191544
    12 8.923110 0.000000 0.000000 0.000000 0.000000 0.214362
    13 3.307271 0.000000 0.000000 3.141590 0.000000 0.406093
    14 3.601524 -0.000001 0.000000 0.028554 -0.063073 0.306780
    15 2.056784 0.981236 1.937660 1.747946 -1.118157 2.814288
    16 6.028142 0.000001 0.000000 -1.976467 0.418430 -1.018543
    17 11.692554 0.000000 0.000001 0.000000 0.000000 -1.514492
    18 11.481672 0.000000 -0.000032 1.535246 -0.462836 -0.101626
    19 3.851891 0.123226 -1.223225 -0.630885 -0.018267 -0.184369
    20 1.312564 0.000001 0.000000 -0.010427 0.069216 -0.299519
    21 0.729362 0.000000 0.000000 -0.010427 0.069220 -0.299499
    22 3.926700 0.316309 -0.458788 -0.097248 -0.066041 -0.320850
    23 1.539095 0.000001 0.000000 -0.003296 0.021430 -0.306424
    24 1.196321 -0.000001 0.000000 -0.003308 0.021443 -0.306671
    25 3.883690 0.211047 0.404099 0.145549 0.028242 -0.322375
    26 1.719576 0.000000 0.000000 0.003811 -0.024733 -0.306239
    27 1.209180 0.000000 0.000000 0.003811 -0.024732 -0.306209
    28 3.867672 0.115964 1.301215 0.606557 0.043935 -0.315981
    29 1.719428 0.000000 0.000000 0.012979 -0.087488 -0.294848
    30 1.099666 -0.000001 0.000000 0.012979 -0.087480 -0.294833
    31 0.837299 -0.302047 1.313446 -1.404045 -0.282251 -0.427077
    32 1.789784 0.000000 -0.000001 -0.000024 -0.000259 0.260046
    33 1.206999 0.000000 -0.000001 -0.000048 -0.000310 0.303713
    34 2.056792 0.981240 -1.937610 -1.816178 1.118479 2.817929
    35 6.028143 0.000001 0.000000 1.469580 -0.139338 -0.897864
    36 11.692554 0.000000 0.000001 0.000000 0.000000 -0.425275
    37 11.481699 0.000000 0.000003 -1.560004 -0.064157 0.034916
    38 3.851859 0.133064 1.220452 0.630261 0.016747 -0.184511
    39 1.312561 0.000001 0.000000 0.010750 -0.071449 -0.299029
    40 0.729364 0.000000 0.000000 0.010750 -0.071438 -0.299007
    41 3.926668 0.319868 0.458387 0.097557 0.063419 -0.321392
    42 1.539095 0.000000 0.000000 0.003679 -0.023915 -0.306273
    43 1.196326 0.000001 0.000000 0.003691 -0.023925 -0.306466
    44 3.883656 0.207493 -0.403698 -0.145121 -0.030874 -0.322134
    45 1.719576 0.000002 0.000000 -0.003428 0.022227 -0.306415
    46 1.209181 -0.000001 0.000000 -0.003428 0.022229 -0.306370
    47 3.867642 0.104977 -1.303937 -0.606295 -0.046512 -0.315602
    48 1.719425 0.000000 0.000000 -0.012656 0.085117 -0.295505
    49 1.099666 0.000001 0.000000 -0.012656 0.085110 -0.295484
    50 0.837268 -0.312959 -1.310521 1.401911 0.278797 -0.429216
    51 1.789784 0.000000 0.000000 0.000216 0.001729 0.260038
    52 1.206998 0.000000 0.000000 0.000300 0.002007 0.303683
    53 11.687500 0.000001 0.000002 0.000000 0.000000 -0.029498
    54 5.738281 0.000001 0.000001 0.000687 0.000000 0.000000
    55 5.738281 0.000000 0.000000 0.000080 0.000000 0.000000
    56 1.500000 0.000000 0.000003 0.000000 0.000000 0.000000
    57 1.499023 0.000000 0.000001 0.000000 0.000000 0.000000
    58 2.078125 1.478516 -5.000000 0.000000 0.000000 0.000000
    59 5.164063 0.000001 0.000000 0.000000 0.000000 0.000000
    60 11.476563 0.000000 0.000002 0.000149 0.000000 0.000000
    61 5.558594 0.000000 0.000000 0.000000 0.000000 0.000000
    62 5.558594 0.000001 0.000000 0.000000 0.000000 0.000000
    63 5.164063 0.000000 0.000000 0.000000 0.000000 0.000000
    64 11.476563 0.000001 0.000005 0.001270 0.000000 0.000000
    65 2.078125 1.478516 5.000000 0.000000 0.000000 0.000000
    66 11.687500 0.000001 0.000001 0.000000 0.000000 -0.029498
  time 42
    0 -1.178166 0.964878 38.414569 1.609249 -0.008090 0.064631
    1 3.890452 -0.000004 -0.000003 -1.636296 -0.054405 -1.503348
    2 17.848177 0.000000 0.000000 0.000000 0.000000 0.099691
    3 16.525253 0.000000 0.000000 -0.088179 -0.006586 -1.063031
    4 6.879454 0.000000 0.000000 -0.007299 -0.002951 -0.584373
    5 -3.890452 0.000004 0.000007 -1.225249 -0.068233 -1.601659
    6 17.848173 0.000000 0.000000 0.000000 0.000000 0.189234
    7 16.525257 0.000000 0.000000 -0.049120 -0.102580 -1.137809
    8 6.879455 0.000000 0.000000 -0.081333 -0.002951 -0.584373
    9 0.000005 3.345128 -2.981901 1.621143 0.170819 1.478670
    10 3.998799 0.000000 0.000000 0.000000 0.000000 -0.000868
    11 3.518565 0.000000 0.000000 -0.017201 0.002876 0.191544
    12 8.923110 0.000000 0.000000 0.000000 0.000000 0.214362
    13 3.307271 0.000000 0.000000 3.141590 0.000000 0.406093
    14 3.601524 -0.000001 0.000000 0.023513 -0.064923 0.308807
    15 2.056784 0.981236 1.937660 1.747946 -1.118157 2.814288
    16 6.028142 0.000001 0.000000 -1.955344 0.449751 -1.004901
    17 11.692554 0.000000 0.000001 0.000000 0.000000 -1.434392
    18 11.481672 0.000000 -0.000032 1.520923 -0.389109 -0.055244
    19 3.851891 0.123226 -1.223225 -0.630885 -0.018267 -0.184369
    20 1.312564 0.000001 0.000000 -0.010427 0.069216 -0.299519
    21 0.729362 0.000000 0.000000 -0.010427 0.069220 -0.299499
    22 3.926700 0.316309 -0.458788 -0.097248 -0.066041 -0.320850
    23 1.539095 0.000001 0.000000 -0.003296 0.021430 -0.306424
    24 1.196321 -0.000001 0.000000 -0.003308 0.021443 -0.306671
    25 3.883690 0.211047 0.404099 0.145549 0.028242 -0.322375
    26 1.719576 0.000000 0.000000 0.003811 -0.024733 -0.306239
    27 1.209180 0.000000 0.000000 0.003811 -0.024732 -0.306209
    28 3.867672 0.115964 1.301215 0.606557 0.043935 -0.315981
    29 1.719428 0.000000 0.000000 0.012979 -0.087488 -0.294848
    30 1.099666 -0.000001 0.000000 0.012979 -0.087480 -0.294833
    31 0.837299 -0.302047 1.313446 -1.404045 -0.282251 -0.427077
    32 1.789784 0.000000 -0.000001 -0.000024 -0.000259 0.260046
    33 1.206999 0.000000 -0.000001 -0.000048 -0.000310 0.303713
    34 2.056792 0.981240 -1.937610 -1.816178 1.118479 2.817929
    35 6.028143 0.000001 0.000000 1.472951 -0.136139 -0.897212
    36 11.692554 0.000000 0.000001 0.000000 0.000000 -0.419030
    37 11.481699 0.000000 0.000003 -1.560004 -0.064157 0.034916
    38 3.851859 0.133064 1.220452 0.630261 0.016747 -0.184511
    39 1.312561 0.000001 0.000000 0.010750 -0.071449 -0.299029
    40 0.729364 0.000000 0.000000 0.010750 -0.071438 -0.299007
    41 3.926668 0.319868 0.458387 0.097557 0.063419 -0.321392
    42 1.539095 0.000000 0.000000 0.003679 -0.023915 -0.306273
    43 1.196326 0.000001 0.000000 0.003691 -0.023925 -0.306466
    44 3.883656 0.207493 -0.403698 -0.145121 -0.030874 -0.322134
    45 1.719576 0.000002 0.000000 -0.003428 0.022227 -0.306415
    46 1.209181 -0.000001 0.000000 -0.003428 0.022229 -0.306370
    47 3.867642 0.104977 -1.303937 -0.606295 -0.046512 -0.315602
    48 1.719425 0.000000 0.000000 -0.012656 0.085117 -0.295505
    49 1.099666 0.000001 0.000000 -0.012656 0.085110 -0.295484
    50 0.837268 -0.312959 -1.310521 1.401911 0.278797 -0.429216
    51 1.789784 0.000000 0.000000 0.000216 0.001729 0.260038
    52 1.206998 0.000000 0.000000 0.000300 0.002007 0.303683
    53 11.687500 0.000001 0.000002 0.000000 0.000000 -0.029498
    54 5.738281 0.000001 0.000001 0.000687 0.000000 0.000000
    55 5.738281 0.000000 0.000000 0.000080 0.000000 0.000000
    56 1.500000 0.000000 0.000003 0.000000 0.000000 0.000000
    57 1.499023 0.000000 0.000001 0.000000 0.000000 0.000000
    58 2.078125 1.478516 -5.000000 0.000000 0.000000 0.000000
    59 5.164063 0.000001 0.000000 0.000000 0.000000 0.000000
    60 11.476563 0.000000 0.000002 0.000149 0.000000 0.000000
    61 5.558594 0.000000 0.000000 0.000000 0.000000 0.000000
    62 5.558594 0.000001 0.000000 0.000000 0.000000 0.000000
    63 5.164063 0.000000 0.000000 0.000000 0.000000 0.000000
    64 11.476563 0.000001 0.000005 0.001270 0.000000 0.000000
    65 2.078125 1.478516 5.000000 0.000000 0.000000 0.000000
    66 11.687500 0.000001 0.000001 0.000000 0.000000 -0.029498
  time 43
    0 -1.131289 0.921908 38.418475 1.608366 -0.008303 0.069684
    1 3.890452 -0.000004 -0.000003 -1.630952 -0.051353 -1.505049
    2 17.848177 0.000000 0.000000 0.000000 0.000000 0.095906
    3 16.525253 0.000000 0.000000 -0.087247 -0.007453 -1.061849
    4 6.879454 0.000000 0.000000 -0.007299 -0.002951 -0.584373
    5 -3.890452 0.000004 0.000007 -1.220266 -0.063304 -1.602513
    6 17.848173 0.000000 0.000000 0.000000 0.000000 0.184683
    7 16.525257 0.000000 0.000000 -0.047558 -0.103606 -1.136910
    8 6.879455 0.000000 0.000000 -0.081333 -0.002951 -0.584373
    9 0.000005 3.345128 -2.981901 1.622104 0.170755 1.483841
    10 3.998799 0.000000 0.000000 0.000000 0.000000 -0.000868
    11 3.518565 0.000000 0.000000 -0.017201 0.002876 0.191544
    12 8.923110 0.000000 0.000000 0.000000 0.000000 0.214362
    13 3.307271 0.000000 0.000000 3.141590 0.000000 0.406093
    14 3.601524 -0.000001 0.000000 0.020049 -0.066012 0.310770
    15 2.056784 0.981236 1.937660 1.747946 -1.118157 2.814288
    16 6.028142 0.000001 0.000000 -1.928199 0.471526 -0.991819
    17 11.692554 0.000000 0.000001 0.000000 0.000000 -1.343781
    18 11.481672 0.000000 -0.000032 1.533089 -0.287251 -0.037523
    19 3.851891 0.123226 -1.223225 -0.630885 -0.018267 -0.184369
    20 1.312564 0.000001 0.000000 -0.010427 0.069216 -0.299519
    21 0.729362 0.000000 0.000000 -0.010427 0.069220 -0.299499
    22 3.926700 0.316309 -0.458788 -0.097248 -0.066041 -0.320850
    23 1.539095 0.000001 0.000000 -0.003296 0.021430 -0.306424
    24 1.196321 -0.000001 0.000000 -0.003308 0.021443 -0.306671
    25 3.883690 0.211047 0.404099 0.145549 0.028242 -0.322375
    26 1.719576 0.000000 0.000000 0.003811 -0.024733 -0.306239
    27 1.209180 0.000000 0.000000 0.003811 -0.024732 -0.306209
    28 3.867672 0.115964 1.301215 0.606557 0.043935 -0.315981
    29 1.719428 0.000000 0.000000 0.012979 -0.087488 -0.294848
    30 1.099666 -0.000001 0.000000 0.012979 -0.087492 -0.294833
    31 0.837299 -0.302047 1.313446 -1.404045 -0.282251 -0.427077
    32 1.789784 0.000000 -0.000001 -0.000024 -0.000259 0.260046
    33 1.206999 0.000000 -0.000001 -0.000048 -0.000310 0.303713
    34 2.056792 0.981240 -1.937610 -1.816178 1.118479 2.817929
    35 6.028143 0.000001 0.000000 1.474814 -0.130363 -0.896746
    36 11.692554 0.000000 0.000001 0.000000 0.000000 -0.410461
    37 11.481699 0.000000 0.000003 -1.560004 -0.064157 0.034916
    38 3.851859 0.133064 1.220452 0.630261 0.016747 -0.184511
    39 1.312561 0.000001 0.000000 0.010750 -0.071449 -0.299029
    40 0.729364 0.000000 0.000000 0.010750 -0.071438 -0.299007
    41 3.926668 0.319868 0.458387 0.097557 0.063419 -0.321392
    42 1.539095 0.000000 0.000000 0.003679 -0.023915 -0.306273
    43 1.196326 0.000001 0.000000 0.003691 -0.023925 -0.306466
    44 3.883656 0.207493 -0.403698 -0.145121 -0.030874 -0.322134
    45 1.719576 0.000002 0.000000 -0.003428 0.022227 -0.306415
    46 1.209181 -0.000001 0.000000 -0.003428 0.022229 -0.306370
    47 3.867642 0.104977 -1.303937 -0.606295 -0.046512 -0.315602
    48 1.719425 0.000000 0.000000 -0.012656 0.085117 -0.295505
    49 1.099666 0.000001 0.000000 -0.012656 0.085110 -0.295484
    50 0.837268 -0.312959 -1.310521 1.401911 0.278797 -0.429216
    51 1.789784 0.000000 0.000000 0.000216 0.001729 0.260038
    52 1.206998 0.000000 0.000000 0.000300 0.002007 0.303683
    53 11.687500 0.000001 0.000002 0.000000 0.000000 -0.029498
    54 5.738281 0.000001 0.000001 0.000687 0.000000 0.000000
    55 5.738281 0.000000 0.000000 0.000080 0.000000 0.000000
    56 1.500000 0.000000 0.000003 0.000000 0.000000 0.000000
    57 1.499023 0.000000 0.000001 0.000000 0.000000 0.000000
    58 2.078125 1.478516 -5.000000 0.000000 0.000000 0.000000
    59 5.164063 0.000001 0.000000 0.000000 0.000000 0.000000
    60 11.476563 0.000000 0.000002 0.000149 0.000000 0.000000
    61 5.558594 0.000000 0.000000 0.000000 0.000000 0.000000
    62 5.558594 0.000001 0.000000 0.000000 0.000000 0.000000
    63 5.164063 0.000000 0.000000 0.000000 0.000000 0.000000
    64 11.476563 0.000001 0.000005 0.001270 0.000000 0.000000
    65 2.078125 1.478516 5.000000 0.000000 0.000000 0.000000
    66 11.687500 0.000001 0.000001 0.000000 0.000000 -0.029498
  time 44
    0 -1.084413 0.882844 38.422382 1.607482 -0.008455 0.074233
    1 3.890452 -0.000004 -0.000003 -1.626066 -0.048301 -1.506685
    2 17.848177 0.000000 0.000000 0.000000 0.000000 0.092347
    3 16.525253 0.000000 0.000000 -0.086314 -0.008319 -1.060808
    4 6.879454 0.000000 0.000000 -0.007299 -0.002951 -0.584373
    5 -3.890452 0.000004 0.000007 -1.215705 -0.058419 -1.603290
    6 17.848173 0.000000 0.000000 0.000000 0.000000 0.179972
    7 16.525257 0.000000 0.000000 -0.046036 -0.104613 -1.135869
    8 6.879455 0.000000 0.000000 -0.081333 -0.002951 -0.584373
    9 0.000005 3.345128 -2.981901 1.621800 0.170530 1.488812
    10 3.998799 0.000000 0.000000 0.000000 0.000000 -0.000868
    11 3.518565 0.000000 0.000000 -0.017201 0.002876 0.191544
    12 8.923110 0.000000 0.000000 0.000000 0.000000 0.214362
    13 3.307271 0.000000 0.000000 3.141590 0.000000 0.406093
    14 3.601524 -0.000001 0.000000 0.018164 -0.066385 0.312636
    15 2.056784 0.981236 1.937660 1.747946 -1.118157 2.814288
    16 6.028142 0.000001 0.000000 -1.895127 0.482027 -0.977990
    17 11.692554 0.000000 0.000001 0.000000 0.000000 -1.241910
    18 11.481672 0.000000 -0.000032 1.564279 -0.189073 -0.053271
    19 3.851891 0.123226 -1.223225 -0.630885 -0.018267 -0.184369
    20 1.312564 0.000001 0.000000 -0.010427 0.069216 -0.299519
    21 0.729362 0.000000 0.000000 -0.010427 0.069220 -0.299499
    22 3.926700 0.316309 -0.458788 -0.097248 -0.066041 -0.320850
    23 1.539095 0.000001 0.000000 -0.003296 0.021430 -0.306424
    24 1.196321 -0.000001 0.000000 -0.003308 0.021443 -0.306671
    25 3.883690 0.211047 0.404099 0.145549 0.028242 -0.322375
    26 1.719576 0.000000 0.000000 0.003811 -0.024733 -0.306239
    27 1.209180 0.000000 0.000000 0.003811 -0.024732 -0.306209
    28 3.867672 0.115964 1.301215 0.606557 0.043935 -0.315981
    29 1.719428 0.000000 0.000000 0.012979 -0.087488 -0.294848
    30 1.099666 -0.000001 0.000000 0.012979 -0.087480 -0.294833
    31 0.837299 -0.302047 1.313446 -1.404045 -0.282251 -0.427077
    32 1.789784 0.000000 -0.000001 -0.000024 -0.000259 0.260046
    33 1.206999 0.000000 -0.000001 -0.000048 -0.000310 0.303713
    34 2.056792 0.981240 -1.937610 -1.816178 1.118479 2.817929
    35 6.028143 0.000001 0.000000 1.475080 -0.122200 -0.896280
    36 11.692554 0.000000 0.000001 0.000000 0.000000 -0.399859
    37 11.481699 0.000000 0.000003 -1.560004 -0.064157 0.034916
    38 3.851859 0.133064 1.220452 0.630261 0.016747 -0.184511
    39 1.312561 0.000001 0.000000 0.010750 -0.071449 -0.299029
    40 0.729364 0.000000 0.000000 0.010750 -0.071438 -0.299007
    41 3.926668 0.319868 0.458387 0.097557 0.063419 -0.321392
    42 1.539095 0.000000 0.000000 0.003679 -0.023915 -0.306273
    43 1.196326 0.000001 0.000000 0.003691 -0.023925 -0.306466
    44 3.883656 0.207493 -0.403698 -0.145121 -0.030874 -0.322134
    45 1.719576 0.000002 0.000000 -0.003428 0.022227 -0.306415
    46 1.209181 -0.000001 0.000000 -0.003428 0.022229 -0.306370
    47 3.867642 0.104977 -1.303937 -0.606295 -0.046512 -0.315602
    48 1.719425 0.000000 0.000000 -0.012656 0.085117 -0.295505
    49 1.099666 0.000001 0.000000 -0.012656 0.085110 -0.295484
    50 0.837268 -0.312959 -1.310521 1.401911 0.278797 -0.429216
    51 1.789784 0.000000 0.000000 0.000216 0.001729 0.260038
    52 1.206998 0.000000 0.000000 0.000300 0.002007 0.303683
    53 11.687500 0.000001 0.000002 0.000000 0.000000 -0.029498
    54 5.738281 0.000001 0.000001 0.000687 0.000000 0.000000
    55 5.738281 0.000000 0.000000 0.000080 0.000000 0.000000
    56 1.500000 0.000000 0.000003 0.000000 0.000000 0.000000
    57 1.499023 0.000000 0.000001 0.000000 0.000000 0.000000
    58 2.078125 1.478516 -5.000000 0.000000 0.000000 0.000000
    59 5.164063 0.000001 0.000000 0.000000 0.000000 0.000000
    60 11.476563 0.000000 0.000002 0.000149 0.000000 0.000000
    61 5.558594 0.000000 0.000000 0.000000 0.000000 0.000000
    62 5.558594 0.000001 0.000000 0.000000 0.000000 0.000000
    63 5.164063 0.000000 0.000000 0.000000 0.000000 0.000000
    64 11.476563 0.000001 0.000005 0.001270 0.000000 0.000000
    65 2.078125 1.478516 5.000000 0.000000 0.000000 0.000000
    66 11.687500 0.000001 0.000001 0.000000 0.000000 -0.029498
  time 45
    0 -1.037537 0.843781 38.426288 1.606481 -0.008546 0.078402
    1 3.890452 -0.000004 -0.000003 -1.621638 -0.063158 -1.507274
    2 17.848177 0.000000 0.000000 0.000000 0.000000 0.126115
    3 16.525253 0.000000 0.000000 -0.085382 -0.009186 -1.079157
    4 6.879454 0.000000 0.000000 -0.007299 -0.002951 -0.584373
    5 -3.890452 0.000004 0.000007 -1.211566 -0.053534 -1.603989
    6 17.848173 0.000000 0.000000 0.000000 0.000000 0.175262
    7 16.525257 0.000000 0.000000 -0.044536 -0.105583 -1.134734
    8 6.879455 0.000000 0.000000 -0.081333 -0.002951 -0.584373
    9 0.000005 3.345128 -2.981901 1.620131 0.170161 1.493734
    10 3.998799 0.000000 0.000000 0.000000 0.000000 -0.000868
    11 3.518565 0.000000 0.000000 -0.017201 0.002876 0.191544
    12 8.923110 0.000000 0.000000 0.000000 0.000000 0.214362
    13 3.307271 0.000000 0.000000 3.141590 0.000000 0.406093
    14 3.601524 -0.000001 0.000000 0.017625 -0.066105 0.314405
    15 2.056784 0.981236 1.937660 1.747946 -1.118157 2.814288
    16 6.028142 0.000001 0.000000 -1.856704 0.478890 -0.964629
    17 11.692554 0.000000 0.000001 0.000000 0.000000 -1.132232
    18 11.481672 0.000000 -0.000032 1.604981 -0.109103 -0.087923
    19 3.851891 0.123226 -1.223225 -0.630885 -0.018267 -0.184369
    20 1.312564 0.000001 0.000000 -0.010427 0.069216 -0.299519
    21 0.729362 0.000000 0.000000 -0.010427 0.069220 -0.299499
    22 3.926700 0.316309 -0.458788 -0.097248 -0.066041 -0.320850
    23 1.539095 0.000001 0.000000 -0.003296 0.021430 -0.306424
    24 1.196321 -0.000001 0.000000 -0.003308 0.021443 -0.306671
    25 3.883690 0.211047 0.404099 0.145549 0.028242 -0.322375
    26 1.719576 0.000000 0.000000 0.003811 -0.024733 -0.306239
    27 1.209180 0.000000 0.000000 0.003811 -0.024732 -0.306209
    28 3.867672 0.115964 1.301215 0.606557 0.043935 -0.315981
    29 1.719428 0.000000 0.000000 0.012979 -0.087488 -0.294848
    30 1.099666 -0.000001 0.000000 0.012979 -0.087480 -0.294833
    31 0.837299 -0.302047 1.313446 -1.404045 -0.282251 -0.427077
    32 1.789784 0.000000 -0.000001 -0.000024 -0.000259 0.260046
    33 1.206999 0.000000 -0.000001 -0.000048 -0.000310 0.303713
    34 2.056792 0.981240 -1.937610 -1.816178 1.118479 2.817929
    35 6.028143 0.000001 0.000000 1.473838 -0.111746 -0.895907
    36 11.692554 0.000000 0.000001 0.000000 0.000000 -0.387586
    37 11.481699 0.000000 0.000003 -1.560004 -0.064157 0.034916
    38 3.851859 0.133064 1.220452 0.630261 0.016747 -0.184511
    39 1.312561 0.000001 0.000000 0.010750 -0.071449 -0.299029
    40 0.729364 0.000000 0.000000 0.010750 -0.071438 -0.299007
    41 3.926668 0.319868 0.458387 0.097557 0.063419 -0.321392
    42 1.539095 0.000000 0.000000 0.003679 -0.023915 -0.306273
    43 1.196326 0.000001 0.000000 0.003691 -0.023925 -0.306466
    44 3.883656 0.207493 -0.403698 -0.145121 -0.030874 -0.322134
    45 1.719576 0.000002 0.000000 -0.003428 0.022227 -0.306415
    46 1.209181 -0.000001 0.000000 -0.003428 0.022229 -0.306370
    47 3.867642 0.104977 -1.303937 -0.606295 -0.046512 -0.315602
    48 1.719425 0.000000 0.000000 -0.012656 0.085117 -0.295505
    49 1.099666 0.000001 0.000000 -0.012656 0.085110 -0.295484
    50 0.837268 -0.312959 -1.310521 1.401911 0.278797 -0.429216
    51 1.789784 0.000000 0.000000 0.000216 0.001729 0.260038
    52 1.206998 0.000000 0.000000 0.000300 0.002007 0.303683
    53 11.687500 0.000001 0.000002 0.000000 0.000000 -0.029498
    54 5.738281 0.000001 0.000001 0.000687 0.000000 0.000000
    55 5.738281 0.000000 0.000000 0.000080 0.000000 0.000000
    56 1.500000 0.000000 0.000003 0.000000 0.000000 0.000000
    57 1.499023 0.000000 0.000001 0.000000 0.000000 0.000000
    58 2.078125 1.478516 -5.000000 0.000000 0.000000 0.000000
    59 5.164063 0.000001 0.000000 0.000000 0.000000 0.000000
    60 11.476563 0.000000 0.000002 0.000149 0.000000 0.000000
    61 5.558594 0.000000 0.000000 0.000000 0.000000 0.000000
    62 5.558594 0.000001 0.000000 0.000000 0.000000 0.000000
    63 5.164063 0.000000 0.000000 0.000000 0.000000 0.000000
    64 11.476563 0.000001 0.000005 0.001270 0.000000 0.000000
    65 2.078125 1.478516 5.000000 0.000000 0.000000 0.000000
    66 11.687500 0.000001 0.000001 0.000000 0.000000 -0.029498
  time 46
    0 -0.990660 0.808623 38.430194 1.605480 -0.008637 0.082129
    1 3.890452 -0.000004 -0.000003 -1.617669 -0.060599 -1.508779
    2 17.848177 0.000000 0.000000 0.000000 0.000000 0.123920
    3 16.525253 0.000000 0.000000 -0.084474 -0.010035 -1.078826
    4 6.879454 0.000000 0.000000 -0.007299 -0.002951 -0.584373
    5 -3.890452 0.000004 0.000007 -1.207934 -0.048694 -1.604533
    6 17.848173 0.000000 0.000000 0.000000 0.000000 0.170472
    7 16.525257 0.000000 0.000000 -0.043076 -0.106552 -1.133409
    8 6.879455 0.000000 0.000000 -0.081333 -0.002951 -0.584373
    9 0.000005 3.345128 -2.981901 1.616993 0.169679 1.498458
    10 3.998799 0.000000 0.000000 0.000000 0.000000 -0.000868
    11 3.518565 0.000000 0.000000 -0.017201 0.002876 0.191544
    12 8.923110 0.000000 0.000000 0.000000 0.000000 0.214362
    13 3.307271 0.000000 0.000000 3.141590 0.000000 0.406093
    14 3.601524 -0.000001 0.000000 0.018125 -0.065266 0.316111
    15 2.056784 0.981236 1.937660 1.747946 -1.118157 2.814288
    16 6.028142 0.000001 0.000000 -1.814265 0.462116 -0.952949
    17 11.692554 0.000000 0.000001 0.000000 0.000000 -1.020452
    18 11.481672 0.000000 -0.000032 1.649112 -0.050315 -0.126521
    19 3.851891 0.123226 -1.223225 -0.630885 -0.018267 -0.184369
    20 1.312564 0.000001 0.000000 -0.010427 0.069216 -0.299519
    21 0.729362 0.000000 0.000000 -0.010427 0.069220 -0.299499
    22 3.926700 0.316309 -0.458788 -0.097248 -0.066041 -0.320850
    23 1.539095 0.000001 0.000000 -0.003296 0.021430 -0.306424
    24 1.196321 -0.000001 0.000000 -0.003308 0.021443 -0.306671
    25 3.883690 0.211047 0.404099 0.145549 0.028242 -0.322375
    26 1.719576 0.000000 0.000000 0.003811 -0.024733 -0.306239
    27 1.209180 0.000000 0.000000 0.003811 -0.024732 -0.306209
    28 3.867672 0.115964 1.301215 0.606557 0.043935 -0.315981
    29 1.719428 0.000000 0.000000 0.012979 -0.087488 -0.294848
    30 1.099666 -0.000001 0.000000 0.012979 -0.087480 -0.294833
    31 0.837299 -0.302047 1.313446 -1.404045 -0.282251 -0.427077
    32 1.789784 0.000000 -0.000001 -0.000024 -0.000259 0.260046
    33 1.206999 0.000000 -0.000001 -0.000048 -0.000310 0.303713
    34 2.056792 0.981240 -1.937610 -1.816178 1.118479 2.817929
    35 6.028143 0.000001 0.000000 1.470911 -0.099144 -0.895627
    36 11.692554 0.000000 0.000001 0.000000 0.000000 -0.374007
    37 11.481699 0.000000 0.000003 -1.560004 -0.064157 0.034916
    38 3.851859 0.133064 1.220452 0.630261 0.016747 -0.184511
    39 1.312561 0.000001 0.000000 0.010750 -0.071449 -0.299029
    40 0.729364 0.000000 0.000000 0.010750 -0.071438 -0.299007
    41 3.926668 0.319868 0.458387 0.097557 0.063419 -0.321392
    42 1.539095 0.000000 0.000000 0.003679 -0.023915 -0.306273
    43 1.196326 0.000001 0.000000 0.003691 -0.023925 -0.306466
    44 3.883656 0.207493 -0.403698 -0.145121 -0.030874 -0.322134
    45 1.719576 0.000002 0.000000 -0.003428 0.022227 -0.306415
    46 1.209181 -0.000001 0.000000 -0.003428 0.022229 -0.306370
    47 3.867642 0.104977 -1.303937 -0.606295 -0.046512 -0.315602
    48 1.719425 0.000000 0.000000 -0.012656 0.085117 -0.295505
    49 1.099666 0.000001 0.000000 -0.012656 0.085110 -0.295484
    50 0.837268 -0.312959 -1.310521 1.401911 0.278797 -0.429216
    51 1.789784 0.000000 0.000000 0.000216 0.001729 0.260038
    52 1.206998 0.000000 0.000000 0.000300 0.002007 0.303683
    53 11.687500 0.000001 0.000002 0.000000 0.000000 -0.029498
    54 5.738281 0.000001 0.000001 0.000687 0.000000 0.000000
    55 5.738281 0.000000 0.000000 0.000080 0.000000 0.000000
    56 1.500000 0.000000 0.000003 0.000000 0.000000 0.000000
    57 1.499023 0.000000 0.000001 0.000000 0.000000 0.000000
    58 2.078125 1.478516 -5.000000 0.000000 0.000000 0.000000
    59 5.164063 0.000001 0.000000 0.000000 0.000000 0.000000
    60 11.476563 0.000000 0.000002 0.000149 0.000000 0.000000
    61 5.558594 0.000000 0.000000 0.000000 0.000000 0.000000
    62 5.558594 0.000001 0.000000 0.000000 0.000000 0.000000
    63 5.164063 0.000000 0.000000 0.000000 0.000000 0.000000
    64 11.476563 0.000001 0.000005 0.001270 0.000000 0.000000
    65 2.078125 1.478516 5.000000 0.000000 0.000000 0.000000
    66 11.687500 0.000001 0.000001 0.000000 0.000000 -0.029498
  time 47
    0 -0.943784 0.773466 38.434101 1.604420 -0.008637 0.085414
    1 3.890452 -0.000004 -0.000003 -1.614081 -0.058086 -1.510219
    2 17.848177 0.000000 0.000000 0.000000 0.000000 0.121951
    3 16.525253 0.000000 0.000000 -0.083566 -0.010885 -1.078590
    4 6.879454 0.000000 0.000000 -0.007299 -0.002951 -0.584373
    5 -3.890452 0.000004 0.000007 -1.204724 -0.043853 -1.604999
    6 17.848173 0.000000 0.000000 0.000000 0.000000 0.165522
    7 16.525257 0.000000 0.000000 -0.041658 -0.107503 -1.131943
    8 6.879455 0.000000 0.000000 -0.081333 -0.002951 -0.584373
    9 0.000005 3.345128 -2.981901 1.612439 0.169068 1.503131
    10 3.998799 0.000000 0.000000 0.000000 0.000000 -0.000868
    11 3.518565 0.000000 0.000000 -0.017201 0.002876 0.191544
    12 8.923110 0.000000 0.000000 0.000000 0.000000 0.214362
    13 3.307271 0.000000 0.000000 3.141590 0.000000 0.406093
    14 3.601524 -0.000001 0.000000 0.019511 -0.063928 0.317720
    15 2.056784 0.981236 1.937660 1.747946 -1.118157 2.814288
    16 6.028142 0.000001 0.000000 -1.769533 0.434431 -0.944166
    17 11.692554 0.000000 0.000001 0.000000 0.000000 -0.912425
    18 11.481672 0.000000 -0.000032 1.692690 -0.010441 -0.159774
    19 3.851891 0.123226 -1.223225 -0.630885 -0.018267 -0.184369
    20 1.312564 0.000001 0.000000 -0.010427 0.069216 -0.299519
    21 0.729362 0.000000 0.000000 -0.010427 0.069220 -0.299499
    22 3.926700 0.316309 -0.458788 -0.097248 -0.066041 -0.320850
    23 1.539095 0.000001 0.000000 -0.003296 0.021430 -0.306424
    24 1.196321 -0.000001 0.000000 -0.003308 0.021443 -0.306671
    25 3.883690 0.211047 0.404099 0.145549 0.028242 -0.322375
    26 1.719576 0.000000 0.000000 0.003811 -0.024733 -0.306239
    27 1.209180 0.000000 0.000000 0.003811 -0.024732 -0.306209
    28 3.867672 0.115964 1.301215 0.606557 0.043935 -0.315981
    29 1.719428 0.000000 0.000000 0.012979 -0.087488 -0.294848
    30 1.099666 -0.000001 0.000000 0.012979 -0.087480 -0.294833
    31 0.837299 -0.302047 1.313446 -1.404045 -0.282251 -0.427077
    32 1.789784 0.000000 -0.000001 -0.000024 -0.000259 0.260046
    33 1.206999 0.000000 -0.000001 -0.000048 -0.000310 0.303713
    34 2.056792 0.981240 -1.937610 -1.816178 1.118479 2.817929
    35 6.028143 0.000001 0.000000 1.466208 -0.084728 -0.895534
    36 11.692554 0.000000 0.000001 0.000000 0.000000 -0.359701
    37 11.481699 0.000000 0.000003 -1.560004 -0.064157 0.034916
    38 3.851859 0.133064 1.220452 0.630261 0.016747 -0.184511
    39 1.312561 0.000001 0.000000 0.010750 -0.071449 -0.299029
    40 0.729364 0.000000 0.000000 0.010750 -0.071438 -0.299007
    41 3.926668 0.319868 0.458387 0.097557 0.063419 -0.321392
    42 1.539095 0.000000 0.000000 0.003679 -0.023915 -0.306273
    43 1.196326 0.000001 0.000000 0.003691 -0.023925 -0.306466
    44 3.883656 0.207493 -0.403698 -0.145121 -0.030874 -0.322134
    45 1.719576 0.000002 0.000000 -0.003428 0.022227 -0.306415
    46 1.209181 -0.000001 0.000000 -0.003428 0.022229 -0.306370
    47 3.867642 0.104977 -1.303937 -0.606295 -0.046512 -0.315602
    48 1.719425 0.000000 0.000000 -0.012656 0.085117 -0.295505
    49 1.099666 0.000001 0.000000 -0.012656 0.085110 -0.295484
    50 0.837268 -0.312959 -1.310521 1.401911 0.278797 -0.429216
    51 1.789784 0.000000 0.000000 0.000216 0.001729 0.260038
    52 1.206998 0.000000 0.000000 0.000300 0.002007 0.303683
    53 11.687500 0.000001 0.000002 0.000000 0.000000 -0.029498
    54 5.738281 0.000001 0.000001 0.000687 0.000000 0.000000
    55 5.738281 0.000000 0.000000 0.000080 0.000000 0.000000
    56 1.500000 0.000000 0.000003 0.000000 0.000000 0.000000
    57 1.499023 0.000000 0.000001 0.000000 0.000000 0.000000
    58 2.078125 1.478516 -5.000000 0.000000 0.000000 0.000000
    59 5.164063 0.000001 0.000000 0.000000 0.000000 0.000000
    60 11.476563 0.000000 0.000002 0.000149 0.000000 0.000000
    61 5.558594 0.000000 0.000000 0.000000 0.000000 0.000000
    62 5.558594 0.000001 0.000000 0.000000 0.000000 0.000000
    63 5.164063 0.000000 0.000000 0.000000 0.000000 0.000000
    64 11.476563 0.000001 0.000005 0.001270 0.000000 0.000000
    65 2.078125 1.478516 5.000000 0.000000 0.000000 0.000000
    66 11.687500 0.000001 0.000001 0.000000 0.000000 -0.029498
  time 48
    0 -0.900814 0.738309 38.438007 1.603360 -0.008637 0.088257
    1 3.890452 -0.000004 -0.000003 -1.610874 -0.055572 -1.511593
    2 17.848177 0.000000 0.000000 0.000000 0.000000 0.120134
    3 16.525253 0.000000 0.000000 -0.082658 -0.011734 -1.078448
    4 6.879454 0.000000 0.000000 -0.007299 -0.002951 -0.584373
    5 -3.890452 0.000004 0.000007 -1.201852 -0.039057 -1.605388
    6 17.848173 0.000000 0.000000 0.000000 0.000000 0.160492
    7 16.525257 0.000000 0.000000 -0.040260 -0.108417 -1.130335
    8 6.879455 0.000000 0.000000 -0.081333 -0.002951 -0.584373
    9 0.000005 3.345128 -2.981901 1.606317 0.168378 1.507606
    10 3.998799 0.000000 0.000000 0.000000 0.000000 -0.000868
    11 3.518565 0.000000 0.000000 -0.017201 0.002876 0.191544
    12 8.923110 0.000000 0.000000 0.000000 0.000000 0.214362
    13 3.307271 0.000000 0.000000 3.141590 0.000000 0.406093
    14 3.601524 -0.000001 0.000000 0.021473 -0.062202 0.319232
    15 2.056784 0.981236 1.937660 1.747946 -1.118157 2.814288
    16 6.028142 0.000001 0.000000 -1.723940 0.399609 -0.938279
    17 11.692554 0.000000 0.000001 0.000000 0.000000 -0.811530
    18 11.481672 0.000000 -0.000032 1.732950 0.014457 -0.183988
    19 3.851891 0.123226 -1.223225 -0.630885 -0.018267 -0.184369
    20 1.312564 0.000001 0.000000 -0.010427 0.069216 -0.299519
    21 0.729362 0.000000 0.000000 -0.010427 0.069220 -0.299499
    22 3.926700 0.316309 -0.458788 -0.097248 -0.066041 -0.320850
    23 1.539095 0.000001 0.000000 -0.003296 0.021430 -0.306424
    24 1.196321 -0.000001 0.000000 -0.003308 0.021443 -0.306671
    25 3.883690 0.211047 0.404099 0.145549 0.028242 -0.322375
    26 1.719576 0.000000 0.000000 0.003811 -0.024733 -0.306239
    27 1.209180 0.000000 0.000000 0.003811 -0.024732 -0.306209
    28 3.867672 0.115964 1.301215 0.606557 0.043935 -0.315981
    29 1.719428 0.000000 0.000000 0.012979 -0.087488 -0.294848
    30 1.099666 -0.000001 0.000000 0.012979 -0.087480 -0.294833
    31 0.837299 -0.302047 1.313446 -1.404045 -0.282251 -0.427077
    32 1.789784 0.000000 -0.000001 -0.000024 -0.000259 0.260046
    33 1.206999 0.000000 -0.000001 -0.000048 -0.000310 0.303713
    34 2.056792 0.981240 -1.937610 -1.816178 1.118479 2.817929
    35 6.028143 0.000001 0.000000 1.459820 -0.068689 -0.895534
    36 11.692554 0.000000 0.000001 0.000000 0.000000 -0.345178
    37 11.481699 0.000000 0.000003 -1.560004 -0.064157 0.034916
    38 3.851859 0.133064 1.220452 0.630261 0.016747 -0.184511
    39 1.312561 0.000001 0.000000 0.010750 -0.071449 -0.299029
    40 0.729364 0.000000 0.000000 0.010750 -0.071438 -0.299007
    41 3.926668 0.319868 0.458387 0.097557 0.063419 -0.321392
    42 1.539095 0.000000 0.000000 0.003679 -0.023915 -0.306273
    43 1.196326 0.000001 0.000000 0.003691 -0.023925 -0.306466
    44 3.883656 0.207493 -0.403698 -0.145121 -0.030874 -0.322134
    45 1.719576 0.000002 0.000000 -0.003428 0.022227 -0.306415
    46 1.209181 -0.000001 0.000000 -0.003428 0.022229 -0.306370
    47 3.867642 0.104977 -1.303937 -0.606295 -0.046512 -0.315602
    48 1.719425 0.000000 0.000000 -0.012656 0.085117 -0.295505
    49 1.099666 0.000001 0.000000 -0.012656 0.085110 -0.295484
    50 0.837268 -0.312959 -1.310521 1.401911 0.278797 -0.429216
    51 1.789784 0.000000 0.000000 0.000216 0.001729 0.260038
    52 1.206998 0.000000 0.000000 0.000300 0.002007 0.303683
    53 11.687500 0.000001 0.000002 0.000000 0.000000 -0.029498
    54 5.738281 0.000001 0.000001 0.000687 0.000000 0.000000
    55 5.738281 0.000000 0.000000 0.000080 0.000000 0.000000
    56 1.500000 0.000000 0.000003 0.000000 0.000000 0.000000
    57 1.499023 0.000000 0.000001 0.000000 0.000000 0.000000
    58 2.078125 1.478516 -5.000000 0.000000 0.000000 0.000000
    59 5.164063 0.000001 0.000000 0.000000 0.000000 0.000000
    60 11.476563 0.000000 0.000002 0.000149 0.000000 0.000000
    61 5.558594 0.000000 0.000000 0.000000 0.000000 0.000000
    62 5.558594 0.000001 0.000000 0.000000 0.000000 0.000000
    63 5.164063 0.000000 0.000000 0.000000 0.000000 0.000000
    64 11.476563 0.000001 0.000005 0.001270 0.000000 0.000000
    65 2.078125 1.478516 5.000000 0.000000 0.000000 0.000000
    66 11.687500 0.000001 0.000001 0.000000 0.000000 -0.029498
  time 49
    0 -0.853937 0.707058 38.441914 1.602241 -0.008577 0.090720
    1 3.890452 -0.000004 -0.000003 -1.608126 -0.053103 -1.512836
    2 17.848177 0.000000 0.000000 0.000000 0.000000 0.118544
    3 16.525253 0.000000 0.000000 -0.081750 -0.012565 -1.078448
    4 6.879454 0.000000 0.000000 -0.007299 -0.002951 -0.584373
    5 -3.890452 0.000004 0.000007 -1.199487 -0.034261 -1.605698
    6 17.848173 0.000000 0.000000 0.000000 0.000000 0.155462
    7 16.525257 0.000000 0.000000 -0.038904 -0.109312 -1.128632
    8 6.879455 0.000000 0.000000 -0.081333 -0.002951 -0.584373
    9 0.000005 3.345128 -2.981901 1.598676 0.167607 1.512030
    10 3.998799 0.000000 0.000000 0.000000 0.000000 -0.000868
    11 3.518565 0.000000 0.000000 -0.017201 0.002876 0.191544
    12 8.923110 0.000000 0.000000 0.000000 0.000000 0.214362
    13 3.307271 0.000000 0.000000 3.141590 0.000000 0.406093
    14 3.601524 -0.000001 0.000000 0.023821 -0.060134 0.320680
    15 2.056784 0.981236 1.937660 1.747946 -1.118157 2.814288
    16 6.028142 0.000001 0.000000 -1.678539 0.360696 -0.934915
    17 11.692554 0.000000 0.000001 0.000000 0.000000 -0.718292
    18 11.481672 0.000000 -0.000032 1.768453 0.028429 -0.199233
    19 3.851891 0.123226 -1.223225 -0.630885 -0.018267 -0.184369
    20 1.312564 0.000001 0.000000 -0.010427 0.069216 -0.299519
    21 0.729362 0.000000 0.000000 -0.010427 0.069220 -0.299499
    22 3.926700 0.316309 -0.458788 -0.097248 -0.066041 -0.320850
    23 1.539095 0.000001 0.000000 -0.003296 0.021430 -0.306424
    24 1.196321 -0.000001 0.000000 -0.003308 0.021443 -0.306671
    25 3.883690 0.211047 0.404099 0.145549 0.028242 -0.322375
    26 1.719576 0.000000 0.000000 0.003811 -0.024733 -0.306239
    27 1.209180 0.000000 0.000000 0.003811 -0.024732 -0.306209
    28 3.867672 0.115964 1.301215 0.606557 0.043935 -0.315981
    29 1.719428 0.000000 0.000000 0.012979 -0.087488 -0.294848
    30 1.099666 -0.000001 0.000000 0.012979 -0.087480 -0.294833
    31 0.837299 -0.302047 1.313446 -1.404045 -0.282251 -0.427077
    32 1.789784 0.000000 -0.000001 -0.000024 -0.000259 0.260046
    33 1.206999 0.000000 -0.000001 -0.000048 -0.000310 0.303713
    34 2.056792 0.981240 -1.937610 -1.816178 1.118479 2.817929
    35 6.028143 0.000001 0.000000 1.451658 -0.051313 -0.895907
    36 11.692554 0.000000 0.000001 0.000000 0.000000 -0.331017
    37 11.481699 0.000000 0.000003 -1.560004 -0.064157 0.034916
    38 3.851859 0.133064 1.220452 0.630261 0.016747 -0.184511
    39 1.312561 0.000001 0.000000 0.010750 -0.071449 -0.299029
    40 0.729364 0.000000 0.000000 0.010750 -0.071438 -0.299007
    41 3.926668 0.319868 0.458387 0.097557 0.063419 -0.321392
    42 1.539095 0.000000 0.000000 0.003679 -0.023915 -0.306273
    43 1.196326 0.000001 0.000000 0.003691 -0.023925 -0.306466
    44 3.883656 0.207493 -0.403698 -0.145121 -0.030874 -0.322134
    45 1.719576 0.000002 0.000000 -0.003428 0.022227 -0.306415
    46 1.209181 -0.000001 0.000000 -0.003428 0.022229 -0.306370
    47 3.867642 0.104977 -1.303937 -0.606295 -0.046512 -0.315602
    48 1.719425 0.000000 0.000000 -0.012656 0.085117 -0.295505
    49 1.099666 0.000001 0.000000 -0.012656 0.085110 -0.295484
    50 0.837268 -0.312959 -1.310521 1.401911 0.278797 -0.429216
    51 1.789784 0.000000 0.000000 0.000216 0.001729 0.260038
    52 1.206998 0.000000 0.000000 0.000300 0.002007 0.303683
    53 11.687500 0.000001 0.000002 0.000000 0.000000 -0.029498
    54 5.738281 0.000001 0.000001 0.000687 0.000000 0.000000
    55 5.738281 0.000000 0.000000 0.000080 0.000000 0.000000
    56 1.500000 0.000000 0.000003 0.000000 0.000000 0.000000
    57 1.499023 0.000000 0.000001 0.000000 0.000000 0.000000
    58 2.078125 1.478516 -5.000000 0.000000 0.000000 0.000000
    59 5.164063 0.000001 0.000000 0.000000 0.000000 0.000000
    60 11.476563 0.000000 0.000002 0.000149 0.000000 0.000000
    61 5.558594 0.000000 0.000000 0.000000 0.000000 0.000000
    62 5.558594 0.000001 0.000000 0.000000 0.000000 0.000000
    63 5.164063 0.000000 0.000000 0.000000 0.000000 0.000000
    64 11.476563 0.000001 0.000005 0.001270 0.000000 0.000000
    65 2.078125 1.478516 5.000000 0.000000 0.000000 0.000000
    66 11.687500 0.000001 0.000001 0.000000 0.000000 -0.029498
  time 50
    0 -0.807061 0.679713 38.445820 1.601064 -0.008455 0.092742
    1 3.890452 -0.000004 -0.000003 -1.605836 -0.050635 -1.514079
    2 17.848177 0.000000 0.000000 0.000000 0.000000 0.117181
    3 16.525253 0.000000 0.000000 -0.080867 -0.013397 -1.078543
    4 6.879454 0.000000 0.000000 -0.007299 -0.002951 -0.584373
    5 -3.890452 0.000004 0.000007 -1.197545 -0.029510 -1.605931
    6 17.848173 0.000000 0.000000 0.000000 0.000000 0.150272
    7 16.525257 0.000000 0.000000 -0.037568 -0.110189 -1.126787
    8 6.879455 0.000000 0.000000 -0.081333 -0.002951 -0.584373
    9 0.000005 3.345128 -2.981901 1.589417 0.166755 1.516306
    10 3.998799 0.000000 0.000000 0.000000 0.000000 -0.000868
    11 3.518565 0.000000 0.000000 -0.017201 0.002876 0.191544
    12 8.923110 0.000000 0.000000 0.000000 0.000000 0.214362
    13 3.307271 0.000000 0.000000 3.141590 0.000000 0.406093
    14 3.601524 -0.000001 0.000000 0.026437 -0.057786 0.322031
    15 2.056784 0.981236 1.937660 1.747946 -1.118157 2.814288
    16 6.028142 0.000001 0.000000 -1.634380 0.319465 -0.933233
    17 11.692554 0.000000 0.000001 0.000000 0.000000 -0.631510
    18 11.481672 0.000000 -0.000032 1.798482 0.035044 -0.206874
    19 3.851891 0.123226 -1.223225 -0.630885 -0.018267 -0.184369
    20 1.312564 0.000001 0.000000 -0.010427 0.069216 -0.299519
    21 0.729362 0.000000 0.000000 -0.010427 0.069220 -0.299499
    22 3.926700 0.316309 -0.458788 -0.097248 -0.066041 -0.320850
    23 1.539095 0.000001 0.000000 -0.003296 0.021430 -0.306424
    24 1.196321 -0.000001 0.000000 -0.003308 0.021443 -0.306671
    25 3.883690 0.211047 0.404099 0.145549 0.028242 -0.322375
    26 1.719576 0.000000 0.000000 0.003811 -0.024733 -0.306239
    27 1.209180 0.000000 0.000000 0.003811 -0.024732 -0.306209
    28 3.867672 0.115964 1.301215 0.606557 0.043935 -0.315981
    29 1.719428 0.000000 0.000000 0.012979 -0.087488 -0.294848
    30 1.099666 -0.000001 0.000000 0.012979 -0.087480 -0.294833
    31 0.837299 -0.302047 1.313446 -1.404045 -0.282251 -0.427077
    32 1.789784 0.000000 -0.000001 -0.000024 -0.000259 0.260046
    33 1.206999 0.000000 -0.000001 -0.000048 -0.000310 0.303713
    34 2.056792 0.981240 -1.937610 -1.816178 1.118479 2.817929
    35 6.028143 0.000001 0.000000 1.441633 -0.033031 -0.896466
    36 11.692554 0.000000 0.000001 0.000000 0.000000 -0.318019
    37 11.481699 0.000000 0.000003 -1.560004 -0.064157 0.034916
    38 3.851859 0.133064 1.220452 0.630261 0.016747 -0.184511
    39 1.312561 0.000001 0.000000 0.010750 -0.071449 -0.299029
    40 0.729364 0.000000 0.000000 0.010750 -0.071438 -0.299007
    41 3.926668 0.319868 0.458387 0.097557 0.063419 -0.321392
    42 1.539095 0.000000 0.000000 0.003679 -0.023915 -0.306273
    43 1.196326 0.000001 0.000000 0.003691 -0.023925 -0.306466
    44 3.883656 0.207493 -0.403698 -0.145121 -0.030874 -0.322134
    45 1.719576 0.000002 0.000000 -0.003428 0.022227 -0.306415
    46 1.209181 -0.000001 0.000000 -0.003428 0.022229 -0.306370
    47 3.867642 0.104977 -1.303937 -0.606295 -0.046512 -0.315602
    48 1.719425 0.000000 0.000000 -0.012656 0.085117 -0.295505
    49 1.099666 0.000001 0.000000 -0.012656 0.085110 -0.295484
    50 0.837268 -0.312959 -1.310521 1.401911 0.278797 -0.429216
    51 1.789784 0.000000 0.000000 0.000216 0.001729 0.260038
    52 1.206998 0.000000 0.000000 0.000300 0.002007 0.303683
    53 11.687500 0.000001 0.000002 0.000000 0.000000 -0.029498
    54 5.738281 0.000001 0.000001 0.000687 0.000000 0.000000
    55 5.738281 0.000000 0.000000 0.000080 0.000000 0.000000
    56 1.500000 0.000000 0.000003 0.000000 0.000000 0.000000
    57 1.499023 0.000000 0.000001 0.000000 0.000000 0.000000
    58 2.078125 1.478516 -5.000000 0.000000 0.000000 0.000000
    59 5.164063 0.000001 0.000000 0.000000 0.000000 0.000000
    60 11.476563 0.000000 0.000002 0.000149 0.000000 0.000000
    61 5.558594 0.000000 0.000000 0.000000 0.000000 0.000000
    62 5.558594 0.000001 0.000000 0.000000 0.000000 0.000000
    63 5.164063 0.000000 0.000000 0.000000 0.000000 0.000000
    64 11.476563 0.000001 0.000005 0.001270 0.000000 0.000000
    65 2.078125 1.478516 5.000000 0.000000 0.000000 0.000000
    66 11.687500 0.000001 0.000001 0.000000 0.000000 -0.029498
  time 51
    0 -0.764091 0.648462 38.449726 1.599886 -0.008333 0.094384
    1 3.890452 -0.000004 -0.000003 -1.603851 -0.048211 -1.515191
    2 17.848177 0.000000 0.000000 0.000000 0.000000 0.115970
    3 16.525253 0.000000 0.000000 -0.079984 -0.014228 -1.078732
    4 6.879454 0.000000 0.000000 -0.007299 -0.002951 -0.584373
    5 -3.890452 0.000004 0.000007 -1.195940 -0.024803 -1.606087
    6 17.848173 0.000000 0.000000 0.000000 0.000000 0.145083
    7 16.525257 0.000000 0.000000 -0.036273 -0.111028 -1.124848
    8 6.879455 0.000000 0.000000 -0.081333 -0.002951 -0.584373
    9 0.000005 3.345128 -2.981901 1.578487 0.165840 1.520433
    10 3.998799 0.000000 0.000000 0.000000 0.000000 -0.000868
    11 3.518565 0.000000 0.000000 -0.017201 0.002876 0.191544
    12 8.923110 0.000000 0.000000 0.000000 0.000000 0.214362
    13 3.307271 0.000000 0.000000 3.141590 0.000000 0.406093
    14 3.601524 -0.000001 0.000000 0.029093 -0.055205 0.323350
    15 2.056784 0.981236 1.937660 1.747946 -1.118157 2.814288
    16 6.028142 0.000001 0.000000 -1.592229 0.276779 -0.932953
    17 11.692554 0.000000 0.000001 0.000000 0.000000 -0.549082
    18 11.481672 0.000000 -0.000032 1.823202 0.037125 -0.208667
    19 3.851891 0.123226 -1.223225 -0.630885 -0.018267 -0.184369
    20 1.312564 0.000001 0.000000 -0.010427 0.069216 -0.299519
    21 0.729362 0.000000 0.000000 -0.010427 0.069220 -0.299499
    22 3.926700 0.316309 -0.458788 -0.097248 -0.066041 -0.320850
    23 1.539095 0.000001 0.000000 -0.003296 0.021430 -0.306424
    24 1.196321 -0.000001 0.000000 -0.003308 0.021443 -0.306671
    25 3.883690 0.211047 0.404099 0.145549 0.028242 -0.322375
    26 1.719576 0.000000 0.000000 0.003811 -0.024733 -0.306239
    27 1.209180 0.000000 0.000000 0.003811 -0.024732 -0.306209
    28 3.867672 0.115964 1.301215 0.606557 0.043935 -0.315981
    29 1.719428 0.000000 0.000000 0.012979 -0.087488 -0.294848
    30 1.099666 -0.000001 0.000000 0.012979 -0.087480 -0.294833
    31 0.837299 -0.302047 1.313446 -1.404045 -0.282251 -0.427077
    32 1.789784 0.000000 -0.000001 -0.000024 -0.000259 0.260046
    33 1.206999 0.000000 -0.000001 -0.000048 -0.000310 0.303713
    34 2.056792 0.981240 -1.937610 -1.816178 1.118479 2.817929
    35 6.028143 0.000001 0.000000 1.429744 -0.014175 -0.897491
    36 11.692554 0.000000 0.000001 0.000000 0.000000 -0.306836
    37 11.481699 0.000000 0.000003 -1.560004 -0.064157 0.034916
    38 3.851859 0.133064 1.220452 0.630261 0.016747 -0.184511
    39 1.312561 0.000001 0.000000 0.010750 -0.071449 -0.299029
    40 0.729364 0.000000 0.000000 0.010750 -0.071438 -0.299007
    41 3.926668 0.319868 0.458387 0.097557 0.063419 -0.321392
    42 1.539095 0.000000 0.000000 0.003679 -0.023915 -0.306273
    43 1.196326 0.000001 0.000000 0.003691 -0.023925 -0.306466
    44 3.883656 0.207493 -0.403698 -0.145121 -0.030874 -0.322134
    45 1.719576 0.000002 0.000000 -0.003428 0.022227 -0.306415
    46 1.209181 -0.000001 0.000000 -0.003428 0.022229 -0.306370
    47 3.867642 0.104977 -1.303937 -0.606295 -0.046512 -0.315602
    48 1.719425 0.000000 0.000000 -0.012656 0.085117 -0.295505
    49 1.099666 0.000001 0.000000 -0.012656 0.085110 -0.295484
    50 0.837268 -0.312959 -1.310521 1.401911 0.278797 -0.429216
    51 1.789784 0.000000 0.000000 0.000216 0.001729 0.260038
    52 1.206998 0.000000 0.000000 0.000300 0.002007 0.303683
    53 11.687500 0.000001 0.000002 0.000000 0.000000 -0.029498
    54 5.738281 0.000001 0.000001 0.000687 0.000000 0.000000
    55 5.738281 0.000000 0.000000 0.000080 0.000000 0.000000
    56 1.500000 0.000000 0.000003 0.000000 0.000000 0.000000
    57 1.499023 0.000000 0.000001 0.000000 0.000000 0.000000
    58 2.078125 1.478516 -5.000000 0.000000 0.000000 0.000000
    59 5.164063 0.000001 0.000000 0.000000 0.000000 0.000000
    60 11.476563 0.000000 0.000002 0.000149 0.000000 0.000000
    61 5.558594 0.000000 0.000000 0.000000 0.000000 0.000000
    62 5.558594 0.000001 0.000000 0.000000 0.000000 0.000000
    63 5.164063 0.000000 0.000000 0.000000 0.000000 0.000000
    64 11.476563 0.000001 0.000005 0.001270 0.000000 0.000000
    65 2.078125 1.478516 5.000000 0.000000 0.000000 0.000000
    66 11.687500 0.000001 0.000001 0.000000 0.000000 -0.029498
  time 52
    0 -0.721121 0.621118 38.453633 1.598649 -0.008151 0.095648
    1 3.890452 -0.000004 -0.000003 -1.602324 -0.045832 -1.516304
    2 17.848177 0.000000 0.000000 0.000000 0.000000 0.114985
    3 16.525253 0.000000 0.000000 -0.079100 -0.015042 -1.079016
    4 6.879454 0.000000 0.000000 -0.007299 -0.002951 -0.584373
    5 -3.890452 0.000004 0.000007 -1.194757 -0.020140 -1.606165
    6 17.848173 0.000000 0.000000 0.000000 0.000000 0.139734
    7 16.525257 0.000000 0.000000 -0.035019 -0.111867 -1.122719
    8 6.879455 0.000000 0.000000 -0.081333 -0.002951 -0.584373
    9 0.000005 3.345128 -2.981901 1.565938 0.164876 1.524460
    10 3.998799 0.000000 0.000000 0.000000 0.000000 -0.000868
    11 3.518565 0.000000 0.000000 -0.017201 0.002876 0.191544
    12 8.923110 0.000000 0.000000 0.000000 0.000000 0.214362
    13 3.307271 0.000000 0.000000 3.141590 0.000000 0.406093
    14 3.601524 -0.000001 0.000000 0.031787 -0.052452 0.324573
    15 2.056784 0.981236 1.937660 1.747946 -1.118157 2.814288
    16 6.028142 0.000001 0.000000 -1.552849 0.232592 -0.933794
    17 11.692554 0.000000 0.000001 0.000000 0.000000 -0.468532
    18 11.481672 0.000000 -0.000032 1.843166 0.036790 -0.206515
    19 3.851891 0.123226 -1.223225 -0.630885 -0.018267 -0.184369
    20 1.312564 0.000001 0.000000 -0.010427 0.069216 -0.299519
    21 0.729362 0.000000 0.000000 -0.010427 0.069220 -0.299499
    22 3.926700 0.316309 -0.458788 -0.097248 -0.066041 -0.320850
    23 1.539095 0.000001 0.000000 -0.003296 0.021430 -0.306424
    24 1.196321 -0.000001 0.000000 -0.003308 0.021443 -0.306671
    25 3.883690 0.211047 0.404099 0.145549 0.028242 -0.322375
    26 1.719576 0.000000 0.000000 0.003811 -0.024733 -0.306239
    27 1.209180 0.000000 0.000000 0.003811 -0.024732 -0.306209
    28 3.867672 0.115964 1.301215 0.606557 0.043935 -0.315981
    29 1.719428 0.000000 0.000000 0.012979 -0.087488 -0.294848
    30 1.099666 -0.000001 0.000000 0.012979 -0.087480 -0.294833
    31 0.837299 -0.302047 1.313446 -1.404045 -0.282251 -0.427077
    32 1.789784 0.000000 -0.000001 -0.000024 -0.000259 0.260046
    33 1.206999 0.000000 -0.000001 -0.000036 -0.000310 0.303713
    34 2.056792 0.981240 -1.937610 -1.816178 1.118479 2.817929
    35 6.028143 0.000001 0.000000 1.415904 0.004776 -0.898796
    36 11.692554 0.000000 0.000001 0.000000 0.000000 -0.298122
    37 11.481699 0.000000 0.000003 -1.560004 -0.064157 0.034916
    38 3.851859 0.133064 1.220452 0.630261 0.016747 -0.184511
    39 1.312561 0.000001 0.000000 0.010750 -0.071449 -0.299029
    40 0.729364 0.000000 0.000000 0.010750 -0.071438 -0.299007
    41 3.926668 0.319868 0.458387 0.097557 0.063419 -0.321392
    42 1.539095 0.000000 0.000000 0.003679 -0.023915 -0.306273
    43 1.196326 0.000001 0.000000 0.003691 -0.023925 -0.306466
    44 3.883656 0.207493 -0.403698 -0.145121 -0.030874 -0.322134
    45 1.719576 0.000002 0.000000 -0.003428 0.022227 -0.306415
    46 1.209181 -0.000001 0.000000 -0.003428 0.022229 -0.306370
    47 3.867642 0.104977 -1.303937 -0.606295 -0.046512 -0.315602
    48 1.719425 0.000000 0.000000 -0.012656 0.085117 -0.295505
    49 1.099666 0.000001 0.000000 -0.012656 0.085110 -0.295484
    50 0.837268 -0.312959 -1.310521 1.401911 0.278797 -0.429216
    51 1.789784 0.000000 0.000000 0.000216 0.001729 0.260038
    52 1.206998 0.000000 0.000000 0.000300 0.002007 0.303683
    53 11.687500 0.000001 0.000002 0.000000 0.000000 -0.029498
    54 5.738281 0.000001 0.000001 0.000687 0.000000 0.000000
    55 5.738281 0.000000 0.000000 0.000080 0.000000 0.000000
    56 1.500000 0.000000 0.000003 0.000000 0.000000 0.000000
    57 1.499023 0.000000 0.000001 0.000000 0.000000 0.000000
    58 2.078125 1.478516 -5.000000 0.000000 0.000000 0.000000
    59 5.164063 0.000001 0.000000 0.000000 0.000000 0.000000
    60 11.476563 0.000000 0.000002 0.000149 0.000000 0.000000
    61 5.558594 0.000000 0.000000 0.000000 0.000000 0.000000
    62 5.558594 0.000001 0.000000 0.000000 0.000000 0.000000
    63 5.164063 0.000000 0.000000 0.000000 0.000000 0.000000
    64 11.476563 0.000001 0.000005 0.001270 0.000000 0.000000
    65 2.078125 1.478516 5.000000 0.000000 0.000000 0.000000
    66 11.687500 0.000001 0.000001 0.000000 0.000000 -0.029498
  time 53
    0 -0.678151 0.597679 38.457539 1.597354 -0.007938 0.096532
    1 3.890452 -0.000004 -0.000003 -1.601179 -0.043498 -1.517285
    2 17.848177 0.000000 0.000000 0.000000 0.000000 0.114228
    3 16.525253 0.000000 0.000000 -0.078217 -0.015856 -1.079441
    4 6.879454 0.000000 0.000000 -0.007299 -0.002951 -0.584373
    5 -3.890452 0.000004 0.000007 -1.193913 -0.015521 -1.606165
    6 17.848173 0.000000 0.000000 0.000000 0.000000 0.134385
    7 16.525257 0.000000 0.000000 -0.033785 -0.112669 -1.120496
    8 6.879455 0.000000 0.000000 -0.081333 -0.002951 -0.584373
    9 0.000005 3.345128 -2.981901 1.553693 0.163864 1.528338
    10 3.998799 0.000000 0.000000 0.000000 0.000000 -0.000868
    11 3.518565 0.000000 0.000000 -0.017201 0.002876 0.191544
    12 8.923110 0.000000 0.000000 0.000000 0.000000 0.214362
    13 3.307271 0.000000 0.000000 3.141590 0.000000 0.406093
    14 3.601524 -0.000001 0.000000 0.034403 -0.049513 0.325731
    15 2.056784 0.981236 1.937660 1.747946 -1.118157 2.814288
    16 6.028142 0.000001 0.000000 -1.514999 0.186133 -0.935289
    17 11.692554 0.000000 0.000001 0.000000 0.000000 -0.388131
    18 11.481672 0.000000 -0.000032 1.859424 0.035490 -0.200991
    19 3.851891 0.123226 -1.223225 -0.630885 -0.018267 -0.184369
    20 1.312564 0.000001 0.000000 -0.010427 0.069216 -0.299519
    21 0.729362 0.000000 0.000000 -0.010427 0.069220 -0.299499
    22 3.926700 0.316309 -0.458788 -0.097248 -0.066041 -0.320850
    23 1.539095 0.000001 0.000000 -0.003296 0.021430 -0.306424
    24 1.196321 -0.000001 0.000000 -0.003308 0.021443 -0.306671
    25 3.883690 0.211047 0.404099 0.145549 0.028242 -0.322375
    26 1.719576 0.000000 0.000000 0.003811 -0.024733 -0.306239
    27 1.209180 0.000000 0.000000 0.003811 -0.024732 -0.306209
    28 3.867672 0.115964 1.301215 0.606557 0.043935 -0.315981
    29 1.719428 0.000000 0.000000 0.012979 -0.087488 -0.294848
    30 1.099666 -0.000001 0.000000 0.012979 -0.087480 -0.294833
    31 0.837299 -0.302047 1.313446 -1.404045 -0.282251 -0.427077
    32 1.789784 0.000000 -0.000001 -0.000024 -0.000259 0.260046
    33 1.206999 0.000000 -0.000001 -0.000048 -0.000310 0.303713
    34 2.056792 0.981240 -1.937610 -1.816178 1.118479 2.817929
    35 6.028143 0.000001 0.000000 1.401975 0.023202 -0.901033
    36 11.692554 0.000000 0.000001 0.000000 0.000000 -0.292312
    37 11.481699 0.000000 0.000003 -1.560004 -0.064157 0.034916
    38 3.851859 0.133064 1.220452 0.630261 0.016747 -0.184511
    39 1.312561 0.000001 0.000000 0.010750 -0.071449 -0.299029
    40 0.729364 0.000000 0.000000 0.010750 -0.071438 -0.299007
    41 3.926668 0.319868 0.458387 0.097557 0.063419 -0.321392
    42 1.539095 0.000000 0.000000 0.003679 -0.023915 -0.306273
    43 1.196326 0.000001 0.000000 0.003691 -0.023925 -0.306466
    44 3.883656 0.207493 -0.403698 -0.145121 -0.030874 -0.322134
    45 1.719576 0.000002 0.000000 -0.003428 0.022227 -0.306415
    46 1.209181 -0.000001 0.000000 -0.003428 0.022229 -0.306370
    47 3.867642 0.104977 -1.303937 -0.606295 -0.046512 -0.315602
    48 1.719425 0.000000 0.000000 -0.012656 0.085117 -0.295505
    49 1.099666 0.000001 0.000000 -0.012656 0.085110 -0.295484
    50 0.837268 -0.312959 -1.310521 1.401911 0.278797 -0.429216
    51 1.789784 0.000000 0.000000 0.000216 0.001729 0.260038
    52 1.206998 0.000000 0.000000 0.000300 0.002007 0.303683
    53 11.687500 0.000001 0.000002 0.000000 0.000000 -0.029498
    54 5.738281 0.000001 0.000001 0.000687 0.000000 0.000000
    55 5.738281 0.000000 0.000000 0.000080 0.000000 0.000000
    56 1.500000 0.000000 0.000003 0.000000 0.000000 0.000000
    57 1.499023 0.000000 0.000001 0.000000 0.000000 0.000000
    58 2.078125 1.478516 -5.000000 0.000000 0.000000 0.000000
    59 5.164063 0.000001 0.000000 0.000000 0.000000 0.000000
    60 11.476563 0.000000 0.000002 0.000149 0.000000 0.000000
    61 5.558594 0.000000 0.000000 0.000000 0.000000 0.000000
    62 5.558594 0.000001 0.000000 0.000000 0.000000 0.000000
    63 5.164063 0.000000 0.000000 0.000000 0.000000 0.000000
    64 11.476563 0.000001 0.000005 0.001270 0.000000 0.000000
    65 2.078125 1.478516 5.000000 0.000000 0.000000 0.000000
    66 11.687500 0.000001 0.000001 0.000000 0.000000 -0.029498
  time 54
    0 -0.635181 0.574241 38.457539 1.596058 -0.007695 0.096974
    1 3.890452 -0.000004 -0.000003 -1.600416 -0.041209 -1.518267
    2 17.848177 0.000000 0.000000 0.000000 0.000000 0.113623
    3 16.525253 0.000000 0.000000 -0.077358 -0.016652 -1.079961
    4 6.879454 0.000000 0.000000 -0.007299 -0.002951 -0.584373
    5 -3.890452 0.000004 0.000007 -1.193490 -0.010903 -1.606165
    6 17.848173 0.000000 0.000000 0.000000 0.000000 0.128876
    7 16.525257 0.000000 0.000000 -0.032593 -0.113452 -1.118178
    8 6.879455 0.000000 0.000000 -0.081333 -0.002951 -0.584373
    9 0.000005 3.345128 -2.981901 1.543624 0.162820 1.532116
    10 3.998799 0.000000 0.000000 0.000000 0.000000 -0.000868
    11 3.518565 0.000000 0.000000 -0.017201 0.002876 0.191544
    12 8.923110 0.000000 0.000000 0.000000 0.000000 0.214362
    13 3.307271 0.000000 0.000000 3.141590 0.000000 0.406093
    14 3.601524 -0.000001 0.000000 0.036943 -0.046465 0.326825
    15 2.056784 0.981236 1.937660 1.747946 -1.118157 2.814288
    16 6.028142 0.000001 0.000000 -1.477531 0.136810 -0.936410
    17 11.692554 0.000000 0.000001 0.000000 0.000000 -0.314486
    18 11.481672 0.000000 -0.000032 1.872863 0.034858 -0.184633
    19 3.851891 0.123226 -1.223225 -0.630885 -0.018267 -0.184369
    20 1.312564 0.000001 0.000000 -0.010427 0.069216 -0.299519
    21 0.729362 0.000000 0.000000 -0.010427 0.069220 -0.299499
    22 3.926700 0.316309 -0.458788 -0.097248 -0.066041 -0.320850
    23 1.539095 0.000001 0.000000 -0.003296 0.021430 -0.306424
    24 1.196321 -0.000001 0.000000 -0.003308 0.021443 -0.306671
    25 3.883690 0.211047 0.404099 0.145549 0.028242 -0.322375
    26 1.719576 0.000000 0.000000 0.003811 -0.024733 -0.306239
    27 1.209180 0.000000 0.000000 0.003811 -0.024732 -0.306209
    28 3.867672 0.115964 1.301215 0.606557 0.043935 -0.315981
    29 1.719428 0.000000 0.000000 0.012979 -0.087488 -0.294848
    30 1.099666 -0.000001 0.000000 0.012979 -0.087480 -0.294833
    31 0.837299 -0.302047 1.313446 -1.404045 -0.282251 -0.427077
    32 1.789784 0.000000 -0.000001 -0.000024 -0.000259 0.260046
    33 1.206999 0.000000 -0.000001 -0.000048 -0.000310 0.303713
    34 2.056792 0.981240 -1.937610 -1.816178 1.118479 2.817929
    35 6.028143 0.000001 0.000000 1.389909 0.040339 -0.904482
    36 11.692554 0.000000 0.000001 0.000000 0.000000 -0.289625
    37 11.481699 0.000000 0.000003 -1.560004 -0.064157 0.034916
    38 3.851859 0.133064 1.220452 0.630261 0.016747 -0.184511
    39 1.312561 0.000001 0.000000 0.010750 -0.071449 -0.299029
    40 0.729364 0.000000 0.000000 0.010750 -0.071438 -0.299007
    41 3.926668 0.319868 0.458387 0.097557 0.063419 -0.321392
    42 1.539095 0.000000 0.000000 0.003679 -0.023915 -0.306273
    43 1.196326 0.000001 0.000000 0.003691 -0.023925 -0.306466
    44 3.883656 0.207493 -0.403698 -0.145121 -0.030874 -0.322134
    45 1.719576 0.000002 0.000000 -0.003428 0.022227 -0.306415
    46 1.209181 -0.000001 0.000000 -0.003428 0.022229 -0.306370
    47 3.867642 0.104977 -1.303937 -0.606295 -0.046512 -0.315602
    48 1.719425 0.000000 0.000000 -0.012656 0.085117 -0.295505
    49 1.099666 0.000001 0.000000 -0.012656 0.085110 -0.295484
    50 0.837268 -0.312959 -1.310521 1.401911 0.278797 -0.429216
    51 1.789784 0.000000 0.000000 0.000216 0.001729 0.260038
    52 1.206998 0.000000 0.000000 0.000300 0.002007 0.303683
    53 11.687500 0.000001 0.000002 0.000000 0.000000 -0.029498
    54 5.738281 0.000001 0.000001 0.000687 0.000000 0.000000
    55 5.738281 0.000000 0.000000 0.000080 0.000000 0.000000
    56 1.500000 0.000000 0.000003 0.000000 0.000000 0.000000
    57 1.499023 0.000000 0.000001 0.000000 0.000000 0.000000
    58 2.078125 1.478516 -5.000000 0.000000 0.000000 0.000000
    59 5.164063 0.000001 0.000000 0.000000 0.000000 0.000000
    60 11.476563 0.000000 0.000002 0.000149 0.000000 0.000000
    61 5.558594 0.000000 0.000000 0.000000 0.000000 0.000000
    62 5.558594 0.000001 0.000000 0.000000 0.000000 0.000000
    63 5.164063 0.000000 0.000000 0.000000 0.000000 0.000000
    64 11.476563 0.000001 0.000005 0.001270 0.000000 0.000000
    65 2.078125 1.478516 5.000000 0.000000 0.000000 0.000000
    66 11.687500 0.000001 0.000001 0.000000 0.000000 -0.029498
  time 55
    0 -0.592211 0.550803 38.461445 1.594763 -0.007421 0.097100
    1 3.890452 -0.000004 -0.000003 -1.600034 -0.038964 -1.519183
    2 17.848177 0.000000 0.000000 0.000000 0.000000 0.113244
    3 16.525253 0.000000 0.000000 -0.076499 -0.017448 -1.080529
    4 6.879454 0.000000 0.000000 -0.007299 -0.002951 -0.584373
    5 -3.890452 0.000004 0.000007 -1.193406 -0.006329 -1.606009
    6 17.848173 0.000000 0.000000 0.000000 0.000000 0.123367
    7 16.525257 0.000000 0.000000 -0.031442 -0.114198 -1.115718
    8 6.879455 0.000000 0.000000 -0.081333 -0.002951 -0.584373
    9 0.000005 3.345128 -2.981901 1.535478 0.161743 1.535745
    10 3.998799 0.000000 0.000000 0.000000 0.000000 -0.000868
    11 3.518565 0.000000 0.000000 -0.017201 0.002876 0.191544
    12 8.923110 0.000000 0.000000 0.000000 0.000000 0.214362
    13 3.307271 0.000000 0.000000 3.141590 0.000000 0.406093
    14 3.601524 -0.000001 0.000000 0.039291 -0.043293 0.327855
    15 2.056784 0.981236 1.937660 1.747946 -1.118157 2.814288
    16 6.028142 0.000001 0.000000 -1.441401 0.089032 -0.937625
    17 11.692554 0.000000 0.000001 0.000000 0.000000 -0.257583
    18 11.481672 0.000000 -0.000032 1.884531 0.035527 -0.151667
    19 3.851891 0.123226 -1.223225 -0.630885 -0.018267 -0.184369
    20 1.312564 0.000001 0.000000 -0.010427 0.069216 -0.299519
    21 0.729362 0.000000 0.000000 -0.010427 0.069220 -0.299499
    22 3.926700 0.316309 -0.458788 -0.097248 -0.066041 -0.320850
    23 1.539095 0.000001 0.000000 -0.003296 0.021430 -0.306424
    24 1.196321 -0.000001 0.000000 -0.003308 0.021443 -0.306671
    25 3.883690 0.211047 0.404099 0.145549 0.028242 -0.322375
    26 1.719576 0.000000 0.000000 0.003811 -0.024733 -0.306239
    27 1.209180 0.000000 0.000000 0.003811 -0.024732 -0.306209
    28 3.867672 0.115964 1.301215 0.606557 0.043935 -0.315981
    29 1.719428 0.000000 0.000000 0.012979 -0.087488 -0.294848
    30 1.099666 -0.000001 0.000000 0.012979 -0.087480 -0.294833
    31 0.837299 -0.302047 1.313446 -1.404045 -0.282251 -0.427077
    32 1.789784 0.000000 -0.000001 -0.000024 -0.000259 0.260046
    33 1.206999 0.000000 -0.000001 -0.000048 -0.000310 0.303713
    34 2.056792 0.981240 -1.937610 -1.816178 1.118479 2.817929
    35 6.028143 0.000001 0.000000 1.379262 0.055853 -0.908769
    36 11.692554 0.000000 0.000001 0.000000 0.000000 -0.290424
    37 11.481699 0.000000 0.000003 -1.560004 -0.064157 0.034916
    38 3.851859 0.133064 1.220452 0.630261 0.016747 -0.184511
    39 1.312561 0.000001 0.000000 0.010750 -0.071449 -0.299029
    40 0.729364 0.000000 0.000000 0.010750 -0.071438 -0.299007
    41 3.926668 0.319868 0.458387 0.097557 0.063419 -0.321392
    42 1.539095 0.000000 0.000000 0.003679 -0.023915 -0.306273
    43 1.196326 0.000001 0.000000 0.003691 -0.023925 -0.306466
    44 3.883656 0.207493 -0.403698 -0.145121 -0.030874 -0.322134
    45 1.719576 0.000002 0.000000 -0.003428 0.022227 -0.306415
    46 1.209181 -0.000001 0.000000 -0.003428 0.022229 -0.306370
    47 3.867642 0.104977 -1.303937 -0.606295 -0.046512 -0.315602
    48 1.719425 0.000000 0.000000 -0.012656 0.085117 -0.295505
    49 1.099666 0.000001 0.000000 -0.012656 0.085110 -0.295484
    50 0.837268 -0.312959 -1.310521 1.401911 0.278797 -0.429216
    51 1.789784 0.000000 0.000000 0.000216 0.001729 0.260038
    52 1.206998 0.000000 0.000000 0.000300 0.002007 0.303683
    53 11.687500 0.000001 0.000002 0.000000 0.000000 -0.029498
    54 5.738281 0.000001 0.000001 0.000687 0.000000 0.000000
    55 5.738281 0.000000 0.000000 0.000080 0.000000 0.000000
    56 1.500000 0.000000 0.000003 0.000000 0.000000 0.000000
    57 1.499023 0.000000 0.000001 0.000000 0.000000 0.000000
    58 2.078125 1.478516 -5.000000 0.000000 0.000000 0.000000
    59 5.164063 0.000001 0.000000 0.000000 0.000000 0.000000
    60 11.476563 0.000000 0.000002 0.000149 0.000000 0.000000
    61 5.558594 0.000000 0.000000 0.000000 0.000000 0.000000
    62 5.558594 0.000001 0.000000 0.000000 0.000000 0.000000
    63 5.164063 0.000000 0.000000 0.000000 0.000000 0.000000
    64 11.476563 0.000001 0.000005 0.001270 0.000000 0.000000
    65 2.078125 1.478516 5.000000 0.000000 0.000000 0.000000
    66 11.687500 0.000001 0.000001 0.000000 0.000000 -0.029498
  time 56
    0 -0.549240 0.531271 38.465352 1.593408 -0.007117 0.096911
    1 3.890452 -0.000004 -0.000003 -1.599958 -0.036765 -1.520033
    2 17.848177 0.000000 0.000000 0.000000 0.000000 0.113017
    3 16.525253 0.000000 0.000000 -0.075665 -0.018244 -1.081238
    4 6.879454 0.000000 0.000000 -0.007299 -0.002951 -0.584373
    5 -3.890452 0.000004 0.000007 -1.193659 -0.001799 -1.605931
    6 17.848173 0.000000 0.000000 0.000000 0.000000 0.117778
    7 16.525257 0.000000 0.000000 -0.030332 -0.114944 -1.113117
    8 6.879455 0.000000 0.000000 -0.081333 -0.002951 -0.584373
    9 0.000005 3.345128 -2.981901 1.529051 0.160651 1.539226
    10 3.998799 0.000000 0.000000 0.000000 0.000000 -0.000868
    11 3.518565 0.000000 0.000000 -0.017201 0.002876 0.191544
    12 8.923110 0.000000 0.000000 0.000000 0.000000 0.214362
    13 3.307271 0.000000 0.000000 3.141590 0.000000 0.406093
    14 3.601524 -0.000001 0.000000 0.041484 -0.040027 0.328820
    15 2.056784 0.981236 1.937660 1.747946 -1.118157 2.814288
    16 6.028142 0.000001 0.000000 -1.407374 0.048801 -0.938746
    17 11.692554 0.000000 0.000001 0.000000 0.000000 -0.221549
    18 11.481672 0.000000 -0.000032 1.882928 0.037013 -0.116692
    19 3.851891 0.123226 -1.223225 -0.630885 -0.018267 -0.184369
    20 1.312564 0.000001 0.000000 -0.010427 0.069216 -0.299519
    21 0.729362 0.000000 0.000000 -0.010427 0.069220 -0.299499
    22 3.926700 0.316309 -0.458788 -0.097248 -0.066041 -0.320850
    23 1.539095 0.000001 0.000000 -0.003296 0.021430 -0.306424
    24 1.196321 -0.000001 0.000000 -0.003308 0.021443 -0.306671
    25 3.883690 0.211047 0.404099 0.145549 0.028242 -0.322375
    26 1.719576 0.000000 0.000000 0.003811 -0.024733 -0.306239
    27 1.209180 0.000000 0.000000 0.003811 -0.024732 -0.306209
    28 3.867672 0.115964 1.301215 0.606557 0.043935 -0.315981
    29 1.719428 0.000000 0.000000 0.012979 -0.087488 -0.294848
    30 1.099666 -0.000001 0.000000 0.012979 -0.087480 -0.294833
    31 0.837299 -0.302047 1.313446 -1.404045 -0.282251 -0.427077
    32 1.789784 0.000000 -0.000001 -0.000024 -0.000259 0.260046
    33 1.206999 0.000000 -0.000001 -0.000048 -0.000310 0.303713
    34 2.056792 0.981240 -1.937610 -1.816178 1.118479 2.817929
    35 6.028143 0.000001 0.000000 1.369947 0.070412 -0.913616
    36 11.692554 0.000000 0.000001 0.000000 0.000000 -0.292603
    37 11.481699 0.000000 0.000003 -1.560004 -0.064157 0.034916
    38 3.851859 0.133064 1.220452 0.630261 0.016747 -0.184511
    39 1.312561 0.000001 0.000000 0.010750 -0.071449 -0.299029
    40 0.729364 0.000000 0.000000 0.010750 -0.071438 -0.299007
    41 3.926668 0.319868 0.458387 0.097557 0.063419 -0.321392
    42 1.539095 0.000000 0.000000 0.003679 -0.023915 -0.306273
    43 1.196326 0.000001 0.000000 0.003691 -0.023925 -0.306466
    44 3.883656 0.207493 -0.403698 -0.145121 -0.030874 -0.322134
    45 1.719576 0.000002 0.000000 -0.003428 0.022227 -0.306415
    46 1.209181 -0.000001 0.000000 -0.003428 0.022229 -0.306370
    47 3.867642 0.104977 -1.303937 -0.606295 -0.046512 -0.315602
    48 1.719425 0.000000 0.000000 -0.012656 0.085117 -0.295505
    49 1.099666 0.000001 0.000000 -0.012656 0.085110 -0.295484
    50 0.837268 -0.312959 -1.310521 1.401911 0.278797 -0.429216
    51 1.789784 0.000000 0.000000 0.000216 0.001729 0.260038
    52 1.206998 0.000000 0.000000 0.000300 0.002007 0.303683
    53 11.687500 0.000001 0.000002 0.000000 0.000000 -0.029498
    54 5.738281 0.000001 0.000001 0.000687 0.000000 0.000000
    55 5.738281 0.000000 0.000000 0.000080 0.000000 0.000000
    56 1.500000 0.000000 0.000003 0.000000 0.000000 0.000000
    57 1.499023 0.000000 0.000001 0.000000 0.000000 0.000000
    58 2.078125 1.478516 -5.000000 0.000000 0.000000 0.000000
    59 5.164063 0.000001 0.000000 0.000000 0.000000 0.000000
    60 11.476563 0.000000 0.000002 0.000149 0.000000 0.000000
    61 5.558594 0.000000 0.000000 0.000000 0.000000 0.000000
    62 5.558594 0.000001 0.000000 0.000000 0.000000 0.000000
    63 5.164063 0.000000 0.000000 0.000000 0.000000 0.000000
    64 11.476563 0.000001 0.000005 0.001270 0.000000 0.000000
    65 2.078125 1.478516 5.000000 0.000000 0.000000 0.000000
    66 11.687500 0.000001 0.000001 0.000000 0.000000 -0.029498
  time 57
    0 -0.514083 0.511739 38.465352 1.592054 -0.006782 0.096342
    1 3.890452 -0.000004 -0.000003 -1.600263 -0.034611 -1.520884
    2 17.848177 0.000000 0.000000 0.000000 0.000000 0.113017
    3 16.525253 0.000000 0.000000 -0.074831 -0.019022 -1.081995
    4 6.879454 0.000000 0.000000 -0.007299 -0.002951 -0.584373
    5 -3.890452 0.000004 0.000007 -1.194251 0.002686 -1.605698
    6 17.848173 0.000000 0.000000 0.000000 0.000000 0.112030
    7 16.525257 0.000000 0.000000 -0.029263 -0.115634 -1.110420
    8 6.879455 0.000000 0.000000 -0.081333 -0.002951 -0.584373
    9 0.000005 3.345128 -2.981901 1.524093 0.159543 1.542606
    10 3.998799 0.000000 0.000000 0.000000 0.000000 -0.000868
    11 3.518565 0.000000 0.000000 -0.017201 0.002876 0.191544
    12 8.923110 0.000000 0.000000 0.000000 0.000000 0.214362
    13 3.307271 0.000000 0.000000 3.141590 0.000000 0.406093
    14 3.601524 -0.000001 0.000000 0.043524 -0.036684 0.329721
    15 2.056784 0.981236 1.937660 1.747946 -1.118157 2.814288
    16 6.028142 0.000001 0.000000 -1.375449 0.019707 -0.938746
    17 11.692554 0.000000 0.000001 0.000000 0.000000 -0.208562
    18 11.481672 0.000000 -0.000032 1.867499 0.039466 -0.084049
    19 3.851891 0.123226 -1.223225 -0.630885 -0.018267 -0.184369
    20 1.312564 0.000001 0.000000 -0.010427 0.069216 -0.299519
    21 0.729362 0.000000 0.000000 -0.010427 0.069220 -0.299499
    22 3.926700 0.316309 -0.458788 -0.097248 -0.066041 -0.320850
    23 1.539095 0.000001 0.000000 -0.003296 0.021430 -0.306424
    24 1.196321 -0.000001 0.000000 -0.003308 0.021443 -0.306671
    25 3.883690 0.211047 0.404099 0.145549 0.028242 -0.322375
    26 1.719576 0.000000 0.000000 0.003811 -0.024733 -0.306239
    27 1.209180 0.000000 0.000000 0.003811 -0.024732 -0.306209
    28 3.867672 0.115964 1.301215 0.606557 0.043935 -0.315981
    29 1.719428 0.000000 0.000000 0.012979 -0.087488 -0.294848
    30 1.099666 -0.000001 0.000000 0.012979 -0.087480 -0.294833
    31 0.837299 -0.302047 1.313446 -1.404045 -0.282251 -0.427077
    32 1.789784 0.000000 -0.000001 -0.000024 -0.000259 0.260046
    33 1.206999 0.000000 -0.000001 -0.000048 -0.000310 0.303713
    34 2.056792 0.981240 -1.937610 -1.816178 1.118479 2.817929
    35 6.028143 0.000001 0.000000 1.361785 0.084828 -0.918928
    36 11.692554 0.000000 0.000001 0.000000 0.000000 -0.293619
    37 11.481699 0.000000 0.000003 -1.560004 -0.064157 0.034916
    38 3.851859 0.133064 1.220452 0.630261 0.016747 -0.184511
    39 1.312561 0.000001 0.000000 0.010750 -0.071449 -0.299029
    40 0.729364 0.000000 0.000000 0.010750 -0.071438 -0.299007
    41 3.926668 0.319868 0.458387 0.097557 0.063419 -0.321392
    42 1.539095 0.000000 0.000000 0.003679 -0.023915 -0.306273
    43 1.196326 0.000001 0.000000 0.003691 -0.023925 -0.306466
    44 3.883656 0.207493 -0.403698 -0.145121 -0.030874 -0.322134
    45 1.719576 0.000002 0.000000 -0.003428 0.022227 -0.306415
    46 1.209181 -0.000001 0.000000 -0.003428 0.022229 -0.306370
    47 3.867642 0.104977 -1.303937 -0.606295 -0.046512 -0.315602
    48 1.719425 0.000000 0.000000 -0.012656 0.085117 -0.295505
    49 1.099666 0.000001 0.000000 -0.012656 0.085110 -0.295484
    50 0.837268 -0.312959 -1.310521 1.401911 0.278797 -0.429216
    51 1.789784 0.000000 0.000000 0.000216 0.001729 0.260038
    52 1.206998 0.000000 0.000000 0.000300 0.002007 0.303683
    53 11.687500 0.000001 0.000002 0.000000 0.000000 -0.029498
    54 5.738281 0.000001 0.000001 0.000687 0.000000 0.000000
    55 5.738281 0.000000 0.000000 0.000080 0.000000 0.000000
    56 1.500000 0.000000 0.000003 0.000000 0.000000 0.000000
    57 1.499023 0.000000 0.000001 0.000000 0.000000 0.000000
    58 2.078125 1.478516 -5.000000 0.000000 0.000000 0.000000
    59 5.164063 0.000001 0.000000 0.000000 0.000000 0.000000
    60 11.476563 0.000000 0.000002 0.000149 0.000000 0.000000
    61 5.558594 0.000000 0.000000 0.000000 0.000000 0.000000
    62 5.558594 0.000001 0.000000 0.000000 0.000000 0.000000
    63 5.164063 0.000000 0.000000 0.000000 0.000000 0.000000
    64 11.476563 0.000001 0.000005 0.001270 0.000000 0.000000
    65 2.078125 1.478516 5.000000 0.000000 0.000000 0.000000
    66 11.687500 0.000001 0.000001 0.000000 0.000000 -0.029498
  time 58
    0 -0.471113 0.492208 38.469258 1.590700 -0.006417 0.095395
    1 3.890452 -0.000004 -0.000003 -1.600874 -0.032501 -1.521604
    2 17.848177 0.000000 0.000000 0.000000 0.000000 0.113093
    3 16.525253 0.000000 0.000000 -0.074021 -0.019783 -1.082846
    4 6.879454 0.000000 0.000000 -0.007299 -0.002951 -0.584373
    5 -3.890452 0.000004 0.000007 -1.195264 0.007171 -1.605465
    6 17.848173 0.000000 0.000000 0.000000 0.000000 0.106281
    7 16.525257 0.000000 0.000000 -0.028215 -0.116323 -1.107629
    8 6.879455 0.000000 0.000000 -0.081333 -0.002951 -0.584373
    9 0.000005 3.345128 -2.981901 1.520551 0.158434 1.545788
    10 3.998799 0.000000 0.000000 0.000000 0.000000 -0.000868
    11 3.518565 0.000000 0.000000 -0.017201 0.002876 0.191544
    12 8.923110 0.000000 0.000000 0.000000 0.000000 0.214362
    13 3.307271 0.000000 0.000000 3.141590 0.000000 0.406093
    14 3.601524 -0.000001 0.000000 0.045371 -0.033279 0.330590
    15 2.056784 0.981236 1.937660 1.747946 -1.118157 2.814288
    16 6.028142 0.000001 0.000000 -1.345532 0.002024 -0.936690
    17 11.692554 0.000000 0.000001 0.000000 0.000000 -0.216669
    18 11.481672 0.000000 -0.000032 1.845986 0.042513 -0.049576
    19 3.851891 0.123226 -1.223225 -0.630885 -0.018267 -0.184369
    20 1.312564 0.000001 0.000000 -0.010427 0.069216 -0.299519
    21 0.729362 0.000000 0.000000 -0.010427 0.069220 -0.299499
    22 3.926700 0.316309 -0.458788 -0.097248 -0.066041 -0.320850
    23 1.539095 0.000001 0.000000 -0.003296 0.021430 -0.306424
    24 1.196321 -0.000001 0.000000 -0.003308 0.021443 -0.306671
    25 3.883690 0.211047 0.404099 0.145549 0.028242 -0.322375
    26 1.719576 0.000000 0.000000 0.003811 -0.024733 -0.306239
    27 1.209180 0.000000 0.000000 0.003811 -0.024732 -0.306209
    28 3.867672 0.115964 1.301215 0.606557 0.043935 -0.315981
    29 1.719428 0.000000 0.000000 0.012979 -0.087488 -0.294848
    30 1.099666 -0.000001 0.000000 0.012979 -0.087480 -0.294833
    31 0.837299 -0.302047 1.313446 -1.404045 -0.282251 -0.427077
    32 1.789784 0.000000 -0.000001 -0.000024 -0.000259 0.260046
    33 1.206999 0.000000 -0.000001 -0.000048 -0.000310 0.303713
    34 2.056792 0.981240 -1.937610 -1.816178 1.118479 2.817929
    35 6.028143 0.000001 0.000000 1.354776 0.098862 -0.924334
    36 11.692554 0.000000 0.000001 0.000000 0.000000 -0.292893
    37 11.481699 0.000000 0.000003 -1.560004 -0.064157 0.034916
    38 3.851859 0.133064 1.220452 0.630261 0.016747 -0.184511
    39 1.312561 0.000001 0.000000 0.010750 -0.071449 -0.299029
    40 0.729364 0.000000 0.000000 0.010750 -0.071438 -0.299007
    41 3.926668 0.319868 0.458387 0.097557 0.063419 -0.321392
    42 1.539095 0.000000 0.000000 0.003679 -0.023915 -0.306273
    43 1.196326 0.000001 0.000000 0.003691 -0.023925 -0.306466
    44 3.883656 0.207493 -0.403698 -0.145121 -0.030874 -0.322134
    45 1.719576 0.000002 0.000000 -0.003428 0.022227 -0.306415
    46 1.209181 -0.000001 0.000000 -0.003428 0.022229 -0.306370
    47 3.867642 0.104977 -1.303937 -0.606295 -0.046512 -0.315602
    48 1.719425 0.000000 0.000000 -0.012656 0.085117 -0.295505
    49 1.099666 0.000001 0.000000 -0.012656 0.085110 -0.295484
    50 0.837268 -0.312959 -1.310521 1.401911 0.278797 -0.429216
    51 1.789784 0.000000 0.000000 0.000216 0.001729 0.260038
    52 1.206998 0.000000 0.000000 0.000300 0.002007 0.303683
    53 11.687500 0.000001 0.000002 0.000000 0.000000 -0.029498
    54 5.738281 0.000001 0.000001 0.000687 0.000000 0.000000
    55 5.738281 0.000000 0.000000 0.000080 0.000000 0.000000
    56 1.500000 0.000000 0.000003 0.000000 0.000000 0.000000
    57 1.499023 0.000000 0.000001 0.000000 0.000000 0.000000
    58 2.078125 1.478516 -5.000000 0.000000 0.000000 0.000000
    59 5.164063 0.000001 0.000000 0.000000 0.000000 0.000000
    60 11.476563 0.000000 0.000002 0.000149 0.000000 0.000000
    61 5.558594 0.000000 0.000000 0.000000 0.000000 0.000000
    62 5.558594 0.000001 0.000000 0.000000 0.000000 0.000000
    63 5.164063 0.000000 0.000000 0.000000 0.000000 0.000000
    64 11.476563 0.000001 0.000005 0.001270 0.000000 0.000000
    65 2.078125 1.478516 5.000000 0.000000 0.000000 0.000000
    66 11.687500 0.000001 0.000001 0.000000 0.000000 -0.029498
  time 59
    0 -0.432049 0.476582 38.473165 1.589286 -0.006052 0.094195
    1 3.890452 -0.000004 -0.000003 -1.601866 -0.030436 -1.522324
    2 17.848177 0.000000 0.000000 0.000000 0.000000 0.113395
    3 16.525253 0.000000 0.000000 -0.073211 -0.020544 -1.083745
    4 6.879454 0.000000 0.000000 -0.007299 -0.002951 -0.584373
    5 -3.890452 0.000004 0.000007 -1.196447 0.011567 -1.605232
    6 17.848173 0.000000 0.000000 0.000000 0.000000 0.100373
    7 16.525257 0.000000 0.000000 -0.027228 -0.116976 -1.104697
    8 6.879455 0.000000 0.000000 -0.081333 -0.002951 -0.584373
    9 0.000005 3.345128 -2.981901 1.518173 0.157342 1.548821
    10 3.998799 0.000000 0.000000 0.000000 0.000000 -0.000868
    11 3.518565 0.000000 0.000000 -0.017201 0.002876 0.191544
    12 8.923110 0.000000 0.000000 0.000000 0.000000 0.214362
    13 3.307271 0.000000 0.000000 3.141590 0.000000 0.406093
    14 3.601524 -0.000001 0.000000 0.047026 -0.029826 0.331362
    15 2.056784 0.981236 1.937660 1.747946 -1.118157 2.814288
    16 6.028142 0.000001 0.000000 -1.317527 -0.007114 -0.932766
    17 11.692554 0.000000 0.000001 0.000000 0.000000 -0.238365
    18 11.481672 0.000000 -0.000032 1.821764 0.045672 -0.014960
    19 3.851891 0.123226 -1.223225 -0.630885 -0.018267 -0.184369
    20 1.312564 0.000001 0.000000 -0.010427 0.069216 -0.299519
    21 0.729362 0.000000 0.000000 -0.010427 0.069220 -0.299499
    22 3.926700 0.316309 -0.458788 -0.097248 -0.066041 -0.320850
    23 1.539095 0.000001 0.000000 -0.003296 0.021430 -0.306424
    24 1.196321 -0.000001 0.000000 -0.003308 0.021443 -0.306671
    25 3.883690 0.211047 0.404099 0.145549 0.028242 -0.322375
    26 1.719576 0.000000 0.000000 0.003811 -0.024733 -0.306239
    27 1.209180 0.000000 0.000000 0.003811 -0.024732 -0.306209
    28 3.867672 0.115964 1.301215 0.606557 0.043935 -0.315981
    29 1.719428 0.000000 0.000000 0.012979 -0.087488 -0.294848
    30 1.099666 -0.000001 0.000000 0.012979 -0.087480 -0.294833
    31 0.837299 -0.302047 1.313446 -1.404045 -0.282251 -0.427077
    32 1.789784 0.000000 -0.000001 -0.000024 -0.000259 0.260046
    33 1.206999 0.000000 -0.000001 -0.000048 -0.000310 0.303713
    34 2.056792 0.981240 -1.937610 -1.816178 1.118479 2.817929
    35 6.028143 0.000001 0.000000 1.348743 0.112037 -0.929180
    36 11.692554 0.000000 0.000001 0.000000 0.000000 -0.290424
    37 11.481699 0.000000 0.000003 -1.560004 -0.064157 0.034916
    38 3.851859 0.133064 1.220452 0.630261 0.016747 -0.184511
    39 1.312561 0.000001 0.000000 0.010750 -0.071449 -0.299029
    40 0.729364 0.000000 0.000000 0.010750 -0.071438 -0.299007
    41 3.926668 0.319868 0.458387 0.097557 0.063419 -0.321392
    42 1.539095 0.000000 0.000000 0.003679 -0.023915 -0.306273
    43 1.196326 0.000001 0.000000 0.003691 -0.023925 -0.306466
    44 3.883656 0.207493 -0.403698 -0.145121 -0.030874 -0.322134
    45 1.719576 0.000002 0.000000 -0.003428 0.022227 -0.306415
    46 1.209181 -0.000001 0.000000 -0.003428 0.022229 -0.306370
    47 3.867642 0.104977 -1.303937 -0.606295 -0.046512 -0.315602
    48 1.719425 0.000000 0.000000 -0.012656 0.085117 -0.295505
    49 1.099666 0.000001 0.000000 -0.012656 0.085110 -0.295484
    50 0.837268 -0.312959 -1.310521 1.401911 0.278797 -0.429216
    51 1.789784 0.000000 0.000000 0.000216 0.001729 0.260038
    52 1.206998 0.000000 0.000000 0.000300 0.002007 0.303683
    53 11.687500 0.000001 0.000002 0.000000 0.000000 -0.029498
    54 5.738281 0.000001 0.000001 0.000687 0.000000 0.000000
    55 5.738281 0.000000 0.000000 0.000080 0.000000 0.000000
    56 1.500000 0.000000 0.000003 0.000000 0.000000 0.000000
    57 1.499023 0.000000 0.000001 0.000000 0.000000 0.000000
    58 2.078125 1.478516 -5.000000 0.000000 0.000000 0.000000
    59 5.164063 0.000001 0.000000 0.000000 0.000000 0.000000
    60 11.476563 0.000000 0.000002 0.000149 0.000000 0.000000
    61 5.558594 0.000000 0.000000 0.000000 0.000000 0.000000
    62 5.558594 0.000001 0.000000 0.000000 0.000000 0.000000
    63 5.164063 0.000000 0.000000 0.000000 0.000000 0.000000
    64 11.476563 0.000001 0.000005 0.001270 0.000000 0.000000
    65 2.078125 1.478516 5.000000 0.000000 0.000000 0.000000
    66 11.687500 0.000001 0.000001 0.000000 0.000000 -0.029498
  time 60
    0 -0.392986 0.460957 38.473165 1.587873 -0.005626 0.092679
    1 3.890452 -0.000004 -0.000003 -1.603164 -0.028416 -1.522978
    2 17.848177 0.000000 0.000000 0.000000 0.000000 0.113774
    3 16.525253 0.000000 0.000000 -0.072402 -0.021287 -1.084738
    4 6.879454 0.000000 0.000000 -0.007299 -0.002951 -0.584373
    5 -3.890452 0.000004 0.000007 -1.198052 0.016008 -1.604921
    6 17.848173 0.000000 0.000000 0.000000 0.000000 0.094385
    7 16.525257 0.000000 0.000000 -0.026262 -0.117610 -1.101622
    8 6.879455 0.000000 0.000000 -0.081333 -0.002951 -0.584373
    9 0.000005 3.345128 -2.981901 1.516857 0.156250 1.551705
    10 3.998799 0.000000 0.000000 0.000000 0.000000 -0.000868
    11 3.518565 0.000000 0.000000 -0.017201 0.002876 0.191544
    12 8.923110 0.000000 0.000000 0.000000 0.000000 0.214362
    13 3.307271 0.000000 0.000000 3.141590 0.000000 0.406093
    14 3.601524 -0.000001 0.000000 0.048488 -0.026359 0.332102
    15 2.056784 0.981236 1.937660 1.747946 -1.118157 2.814288
    16 6.028142 0.000001 0.000000 -1.291720 -0.011614 -0.927814
    17 11.692554 0.000000 0.000001 0.000000 0.000000 -0.265315
    18 11.481672 0.000000 -0.000032 1.796436 0.048422 0.016823
    19 3.851891 0.123226 -1.223225 -0.630885 -0.018267 -0.184369
    20 1.312564 0.000001 0.000000 -0.010427 0.069216 -0.299519
    21 0.729362 0.000000 0.000000 -0.010427 0.069220 -0.299499
    22 3.926700 0.316309 -0.458788 -0.097248 -0.066041 -0.320850
    23 1.539095 0.000001 0.000000 -0.003296 0.021430 -0.306424
    24 1.196321 -0.000001 0.000000 -0.003308 0.021443 -0.306671
    25 3.883690 0.211047 0.404099 0.145549 0.028242 -0.322375
    26 1.719576 0.000000 0.000000 0.003811 -0.024733 -0.306239
    27 1.209180 0.000000 0.000000 0.003811 -0.024732 -0.306209
    28 3.867672 0.115964 1.301215 0.606557 0.043935 -0.315981
    29 1.719428 0.000000 0.000000 0.012979 -0.087488 -0.294848
    30 1.099666 -0.000001 0.000000 0.012979 -0.087480 -0.294833
    31 0.837299 -0.302047 1.313446 -1.404045 -0.282251 -0.427077
    32 1.789784 0.000000 -0.000001 -0.000024 -0.000259 0.260046
    33 1.206999 0.000000 -0.000001 -0.000048 -0.000310 0.303713
    34 2.056792 0.981240 -1.937610 -1.816178 1.118479 2.817929
    35 6.028143 0.000001 0.000000 1.343774 0.123542 -0.933188
    36 11.692554 0.000000 0.000001 0.000000 0.000000 -0.286939
    37 11.481699 0.000000 0.000003 -1.560004 -0.064157 0.034916
    38 3.851859 0.133064 1.220452 0.630261 0.016747 -0.184511
    39 1.312561 0.000001 0.000000 0.010750 -0.071449 -0.299029
    40 0.729364 0.000000 0.000000 0.010750 -0.071438 -0.299007
    41 3.926668 0.319868 0.458387 0.097557 0.063419 -0.321392
    42 1.539095 0.000000 0.000000 0.003679 -0.023915 -0.306273
    43 1.196326 0.000001 0.000000 0.003691 -0.023925 -0.306466
    44 3.883656 0.207493 -0.403698 -0.145121 -0.030874 -0.322134
    45 1.719576 0.000002 0.000000 -0.003428 0.022227 -0.306415
    46 1.209181 -0.000001 0.000000 -0.003428 0.022229 -0.306370
    47 3.867642 0.104977 -1.303937 -0.606295 -0.046512 -0.315602
    48 1.719425 0.000000 0.000000 -0.012656 0.085117 -0.295505
    49 1.099666 0.000001 0.000000 -0.012656 0.085110 -0.295484
    50 0.837268 -0.312959 -1.310521 1.401911 0.278797 -0.429216
    51 1.789784 0.000000 0.000000 0.000216 0.001729 0.260038
    52 1.206998 0.000000 0.000000 0.000300 0.002007 0.303683
    53 11.687500 0.000001 0.000002 0.000000 0.000000 -0.029498
    54 5.738281 0.000001 0.000001 0.000687 0.000000 0.000000
    55 5.738281 0.000000 0.000000 0.000080 0.000000 0.000000
    56 1.500000 0.000000 0.000003 0.000000 0.000000 0.000000
    57 1.499023 0.000000 0.000001 0.000000 0.000000 0.000000
    58 2.078125 1.478516 -5.000000 0.000000 0.000000 0.000000
    59 5.164063 0.000001 0.000000 0.000000 0.000000 0.000000
    60 11.476563 0.000000 0.000002 0.000149 0.000000 0.000000
    61 5.558594 0.000000 0.000000 0.000000 0.000000 0.000000
    62 5.558594 0.000001 0.000000 0.000000 0.000000 0.000000
    63 5.164063 0.000000 0.000000 0.000000 0.000000 0.000000
    64 11.476563 0.000001 0.000005 0.001270 0.000000 0.000000
    65 2.078125 1.478516 5.000000 0.000000 0.000000 0.000000
    66 11.687500 0.000001 0.000001 0.000000 0.000000 -0.029498
  time 61
    0 -0.353922 0.449237 38.477071 1.586460 -0.005201 0.090847
    1 3.890452 -0.000004 -0.000003 -1.604691 -0.026486 -1.523632
    2 17.848177 0.000000 0.000000 0.000000 0.000000 0.114380
    3 16.525253 0.000000 0.000000 -0.071616 -0.022012 -1.085778
    4 6.879454 0.000000 0.000000 -0.007299 -0.002951 -0.584373
    5 -3.890452 0.000004 0.000007 -1.199994 0.003618 -1.611059
    6 17.848173 0.000000 0.000000 0.000000 0.000000 0.125682
    7 16.525257 0.000000 0.000000 -0.025337 -0.118207 -1.117894
    8 6.879455 0.000000 0.000000 -0.081333 -0.002951 -0.584373
    9 0.000005 3.345128 -2.981901 1.516503 0.155189 1.554389
    10 3.998799 0.000000 0.000000 0.000000 0.000000 -0.000868
    11 3.518565 0.000000 0.000000 -0.017201 0.002876 0.191544
    12 8.923110 0.000000 0.000000 0.000000 0.000000 0.214362
    13 3.307271 0.000000 0.000000 3.141590 0.000000 0.406093
    14 3.601524 -0.000001 0.000000 0.049758 -0.022860 0.332810
    15 2.056784 0.981236 1.937660 1.747946 -1.118157 2.814288
    16 6.028142 0.000001 0.000000 -1.267920 -0.014251 -0.922768
    17 11.692554 0.000000 0.000001 0.000000 0.000000 -0.291290
    18 11.481672 0.000000 -0.000032 1.771052 0.050465 0.043511
    19 3.851891 0.123226 -1.223225 -0.630885 -0.018267 -0.184369
    20 1.312564 0.000001 0.000000 -0.010427 0.069216 -0.299519
    21 0.729362 0.000000 0.000000 -0.010427 0.069220 -0.299499
    22 3.926700 0.316309 -0.458788 -0.097248 -0.066041 -0.320850
    23 1.539095 0.000001 0.000000 -0.003296 0.021430 -0.306424
    24 1.196321 -0.000001 0.000000 -0.003308 0.021443 -0.306671
    25 3.883690 0.211047 0.404099 0.145549 0.028242 -0.322375
    26 1.719576 0.000000 0.000000 0.003811 -0.024733 -0.306239
    27 1.209180 0.000000 0.000000 0.003811 -0.024732 -0.306209
    28 3.867672 0.115964 1.301215 0.606557 0.043935 -0.315981
    29 1.719428 0.000000 0.000000 0.012979 -0.087488 -0.294848
    30 1.099666 -0.000001 0.000000 0.012979 -0.087480 -0.294833
    31 0.837299 -0.302047 1.313446 -1.404045 -0.282251 -0.427077
    32 1.789784 0.000000 -0.000001 -0.000024 -0.000259 0.260046
    33 1.206999 0.000000 -0.000001 -0.000048 -0.000310 0.303713
    34 2.056792 0.981240 -1.937610 -1.816178 1.118479 2.817929
    35 6.028143 0.000001 0.000000 1.339604 0.132850 -0.936264
    36 11.692554 0.000000 0.000001 0.000000 0.000000 -0.283598
    37 11.481699 0.000000 0.000003 -1.560004 -0.064157 0.034916
    38 3.851859 0.133064 1.220452 0.630261 0.016747 -0.184511
    39 1.312561 0.000001 0.000000 0.010750 -0.071449 -0.299029
    40 0.729364 0.000000 0.000000 0.010750 -0.071438 -0.299007
    41 3.926668 0.319868 0.458387 0.097557 0.063419 -0.321392
    42 1.539095 0.000000 0.000000 0.003679 -0.023915 -0.306273
    43 1.196326 0.000001 0.000000 0.003691 -0.023925 -0.306466
    44 3.883656 0.207493 -0.403698 -0.145121 -0.030874 -0.322134
    45 1.719576 0.000002 0.000000 -0.003428 0.022227 -0.306415
    46 1.209181 -0.000001 0.000000 -0.003428 0.022229 -0.306370
    47 3.867642 0.104977 -1.303937 -0.606295 -0.046512 -0.315602
    48 1.719425 0.000000 0.000000 -0.012656 0.085117 -0.295505
    49 1.099666 0.000001 0.000000 -0.012656 0.085110 -0.295484
    50 0.837268 -0.312959 -1.310521 1.401911 0.278797 -0.429216
    51 1.789784 0.000000 0.000000 0.000216 0.001729 0.260038
    52 1.206998 0.000000 0.000000 0.000300 0.002007 0.303683
    53 11.687500 0.000001 0.000002 0.000000 0.000000 -0.029498
    54 5.738281 0.000001 0.000001 0.000687 0.000000 0.000000
    55 5.738281 0.000000 0.000000 0.000080 0.000000 0.000000
    56 1.500000 0.000000 0.000003 0.000000 0.000000 0.000000
    57 1.499023 0.000000 0.000001 0.000000 0.000000 0.000000
    58 2.078125 1.478516 -5.000000 0.000000 0.000000 0.000000
    59 5.164063 0.000001 0.000000 0.000000 0.000000 0.000000
    60 11.476563 0.000000 0.000002 0.000149 0.000000 0.000000
    61 5.558594 0.000000 0.000000 0.000000 0.000000 0.000000
    62 5.558594 0.000001 0.000000 0.000000 0.000000 0.000000
    63 5.164063 0.000000 0.000000 0.000000 0.000000 0.000000
    64 11.476563 0.000001 0.000005 0.001270 0.000000 0.000000
    65 2.078125 1.478516 5.000000 0.000000 0.000000 0.000000
    66 11.687500 0.000001 0.000001 0.000000 0.000000 -0.029498
  time 62
    0 -0.318765 0.437518 38.477071 1.584988 -0.004775 0.088762
    1 3.890452 -0.000004 -0.000003 -1.606523 -0.024601 -1.524221
    2 17.848177 0.000000 0.000000 0.000000 0.000000 0.114985
    3 16.525253 0.000000 0.000000 -0.070856 -0.022720 -1.086819
    4 6.879454 0.000000 0.000000 -0.007299 -0.002951 -0.584373
    5 -3.890452 0.000004 0.000007 -1.202106 0.007082 -1.610981
    6 17.848173 0.000000 0.000000 0.000000 0.000000 0.121451
    7 16.525257 0.000000 0.000000 -0.024453 -0.118785 -1.115576
    8 6.879455 0.000000 0.000000 -0.081333 -0.002951 -0.584373
    9 0.000005 3.345128 -2.981901 1.516958 0.154161 1.556875
    10 3.998799 0.000000 0.000000 0.000000 0.000000 -0.000868
    11 3.518565 0.000000 0.000000 -0.017201 0.002876 0.191544
    12 8.923110 0.000000 0.000000 0.000000 0.000000 0.214362
    13 3.307271 0.000000 0.000000 3.141590 0.000000 0.406093
    14 3.601524 -0.000001 0.000000 0.050874 -0.019361 0.333453
    15 2.056784 0.981236 1.937660 1.747946 -1.118157 2.814288
    16 6.028142 0.000001 0.000000 -1.246032 -0.016842 -0.918470
    17 11.692554 0.000000 0.000001 0.000000 0.000000 -0.312384
    18 11.481672 0.000000 -0.000032 1.746222 0.051506 0.063851
    19 3.851891 0.123226 -1.223225 -0.630885 -0.018267 -0.184369
    20 1.312564 0.000001 0.000000 -0.010427 0.069216 -0.299519
    21 0.729362 0.000000 0.000000 -0.010427 0.069220 -0.299499
    22 3.926700 0.316309 -0.458788 -0.097248 -0.066041 -0.320850
    23 1.539095 0.000001 0.000000 -0.003296 0.021430 -0.306424
    24 1.196321 -0.000001 0.000000 -0.003308 0.021443 -0.306671
    25 3.883690 0.211047 0.404099 0.145549 0.028242 -0.322375
    26 1.719576 0.000000 0.000000 0.003811 -0.024733 -0.306239
    27 1.209180 0.000000 0.000000 0.003811 -0.024732 -0.306209
    28 3.867672 0.115964 1.301215 0.606557 0.043935 -0.315981
    29 1.719428 0.000000 0.000000 0.012979 -0.087488 -0.294848
    30 1.099666 -0.000001 0.000000 0.012979 -0.087480 -0.294833
    31 0.837299 -0.302047 1.313446 -1.404045 -0.282251 -0.427077
    32 1.789784 0.000000 -0.000001 -0.000024 -0.000259 0.260046
    33 1.206999 0.000000 -0.000001 -0.000048 -0.000310 0.303713
    34 2.056792 0.981240 -1.937610 -1.816178 1.118479 2.817929
    35 6.028143 0.000001 0.000000 1.336233 0.139867 -0.938594
    36 11.692554 0.000000 0.000001 0.000000 0.000000 -0.281274
    37 11.481699 0.000000 0.000003 -1.560004 -0.064157 0.034916
    38 3.851859 0.133064 1.220452 0.630261 0.016747 -0.184511
    39 1.312561 0.000001 0.000000 0.010750 -0.071449 -0.299029
    40 0.729364 0.000000 0.000000 0.010750 -0.071438 -0.299007
    41 3.926668 0.319868 0.458387 0.097557 0.063419 -0.321392
    42 1.539095 0.000000 0.000000 0.003679 -0.023915 -0.306273
    43 1.196326 0.000001 0.000000 0.003691 -0.023925 -0.306466
    44 3.883656 0.207493 -0.403698 -0.145121 -0.030874 -0.322134
    45 1.719576 0.000002 0.000000 -0.003428 0.022227 -0.306415
    46 1.209181 -0.000001 0.000000 -0.003428 0.022229 -0.306370
    47 3.867642 0.104977 -1.303937 -0.606295 -0.046512 -0.315602
    48 1.719425 0.000000 0.000000 -0.012656 0.085117 -0.295505
    49 1.099666 0.000001 0.000000 -0.012656 0.085110 -0.295484
    50 0.837268 -0.312959 -1.310521 1.401911 0.278797 -0.429216
    51 1.789784 0.000000 0.000000 0.000216 0.001729 0.260038
    52 1.206998 0.000000 0.000000 0.000300 0.002007 0.303683
    53 11.687500 0.000001 0.000002 0.000000 0.000000 -0.029498
    54 5.738281 0.000001 0.000001 0.000687 0.000000 0.000000
    55 5.738281 0.000000 0.000000 0.000080 0.000000 0.000000
    56 1.500000 0.000000 0.000003 0.000000 0.000000 0.000000
    57 1.499023 0.000000 0.000001 0.000000 0.000000 0.000000
    58 2.078125 1.478516 -5.000000 0.000000 0.000000 0.000000
    59 5.164063 0.000001 0.000000 0.000000 0.000000 0.000000
    60 11.476563 0.000000 0.000002 0.000149 0.000000 0.000000
    61 5.558594 0.000000 0.000000 0.000000 0.000000 0.000000
    62 5.558594 0.000001 0.000000 0.000000 0.000000 0.000000
    63 5.164063 0.000000 0.000000 0.000000 0.000000 0.000000
    64 11.476563 0.000001 0.000005 0.001270 0.000000 0.000000
    65 2.078125 1.478516 5.000000 0.000000 0.000000 0.000000
    66 11.687500 0.000001 0.000001 0.000000 0.000000 -0.029498
  time 63
    0 -0.283607 0.425799 38.477071 1.583574 -0.004319 0.086425
    1 3.890452 -0.000004 -0.000003 -1.608584 -0.022716 -1.524745
    2 17.848177 0.000000 0.000000 0.000000 0.000000 0.115743
    3 16.525253 0.000000 0.000000 -0.070120 -0.023409 -1.087954
    4 6.879454 0.000000 0.000000 -0.007299 -0.002951 -0.584373
    5 -3.890452 0.000004 0.000007 -1.204471 0.010457 -1.610826
    6 17.848173 0.000000 0.000000 0.000000 0.000000 0.117219
    7 16.525257 0.000000 0.000000 -0.023610 -0.119344 -1.113258
    8 6.879455 0.000000 0.000000 -0.081333 -0.002951 -0.584373
    9 0.000005 3.345128 -2.981901 1.518122 0.153198 1.559162
    10 3.998799 0.000000 0.000000 0.000000 0.000000 -0.000868
    11 3.518565 0.000000 0.000000 -0.017201 0.002876 0.191544
    12 8.923110 0.000000 0.000000 0.000000 0.000000 0.214362
    13 3.307271 0.000000 0.000000 3.141590 0.000000 0.406093
    14 3.601524 -0.000001 0.000000 0.051797 -0.015878 0.334032
    15 2.056784 0.981236 1.937660 1.747946 -1.118157 2.814288
    16 6.028142 0.000001 0.000000 -1.226151 -0.020479 -0.915480
    17 11.692554 0.000000 0.000001 0.000000 0.000000 -0.326197
    18 11.481672 0.000000 -0.000032 1.722387 0.051320 0.077267
    19 3.851891 0.123226 -1.223225 -0.630885 -0.018267 -0.184369
    20 1.312564 0.000001 0.000000 -0.010427 0.069216 -0.299519
    21 0.729362 0.000000 0.000000 -0.010427 0.069220 -0.299499
    22 3.926700 0.316309 -0.458788 -0.097248 -0.066041 -0.320850
    23 1.539095 0.000001 0.000000 -0.003296 0.021430 -0.306424
    24 1.196321 -0.000001 0.000000 -0.003308 0.021443 -0.306671
    25 3.883690 0.211047 0.404099 0.145549 0.028242 -0.322375
    26 1.719576 0.000000 0.000000 0.003811 -0.024733 -0.306239
    27 1.209180 0.000000 0.000000 0.003811 -0.024732 -0.306209
    28 3.867672 0.115964 1.301215 0.606557 0.043935 -0.315981
    29 1.719428 0.000000 0.000000 0.012979 -0.087488 -0.294848
    30 1.099666 -0.000001 0.000000 0.012979 -0.087480 -0.294833
    31 0.837299 -0.302047 1.313446 -1.404045 -0.282251 -0.427077
    32 1.789784 0.000000 -0.000001 -0.000024 -0.000259 0.260046
    33 1.206999 0.000000 -0.000001 -0.000036 -0.000310 0.303713
    34 2.056792 0.981240 -1.937610 -1.816178 1.118479 2.817929
    35 6.028143 0.000001 0.000000 1.333483 0.144641 -0.940085
    36 11.692554 0.000000 0.000001 0.000000 0.000000 -0.280185
    37 11.481699 0.000000 0.000003 -1.560004 -0.064157 0.034916
    38 3.851859 0.133064 1.220452 0.630261 0.016747 -0.184511
    39 1.312561 0.000001 0.000000 0.010750 -0.071449 -0.299029
    40 0.729364 0.000000 0.000000 0.010750 -0.071438 -0.299007
    41 3.926668 0.319868 0.458387 0.097557 0.063419 -0.321392
    42 1.539095 0.000000 0.000000 0.003679 -0.023915 -0.306273
    43 1.196326 0.000001 0.000000 0.003691 -0.023925 -0.306466
    44 3.883656 0.207493 -0.403698 -0.145121 -0.030874 -0.322134
    45 1.719576 0.000002 0.000000 -0.003428 0.022227 -0.306415
    46 1.209181 -0.000001 0.000000 -0.003428 0.022229 -0.306370
    47 3.867642 0.104977 -1.303937 -0.606295 -0.046512 -0.315602
    48 1.719425 0.000000 0.000000 -0.012656 0.085117 -0.295505
    49 1.099666 0.000001 0.000000 -0.012656 0.085110 -0.295484
    50 0.837268 -0.312959 -1.310521 1.401911 0.278797 -0.429216
    51 1.789784 0.000000 0.000000 0.000216 0.001729 0.260038
    52 1.206998 0.000000 0.000000 0.000300 0.002007 0.303683
    53 11.687500 0.000001 0.000002 0.000000 0.000000 -0.029498
    54 5.738281 0.000001 0.000001 0.000687 0.000000 0.000000
    55 5.738281 0.000000 0.000000 0.000080 0.000000 0.000000
    56 1.500000 0.000000 0.000003 0.000000 0.000000 0.000000
    57 1.499023 0.000000 0.000001 0.000000 0.000000 0.000000
    58 2.078125 1.478516 -5.000000 0.000000 0.000000 0.000000
    59 5.164063 0.000001 0.000000 0.000000 0.000000 0.000000
    60 11.476563 0.000000 0.000002 0.000149 0.000000 0.000000
    61 5.558594 0.000000 0.000000 0.000000 0.000000 0.000000
    62 5.558594 0.000001 0.000000 0.000000 0.000000 0.000000
    63 5.164063 0.000000 0.000000 0.000000 0.000000 0.000000
    64 11.476563 0.000001 0.000005 0.001270 0.000000 0.000000
    65 2.078125 1.478516 5.000000 0.000000 0.000000 0.000000
    66 11.687500 0.000001 0.000001 0.000000 0.000000 -0.029498
  time 64
    0 -0.248450 0.414080 38.480977 1.582161 -0.003862 0.083898
    1 3.890452 -0.000004 -0.000003 -1.610951 -0.020965 -1.525268
    2 17.848177 0.000000 0.000000 0.000000 0.000000 0.116651
    3 16.525253 0.000000 0.000000 -0.069408 -0.024082 -1.089089
    4 6.879454 0.000000 0.000000 -0.007299 -0.002951 -0.584373
    5 -3.890452 0.000004 0.000007 -1.207089 0.013654 -1.610748
    6 17.848173 0.000000 0.000000 0.000000 0.000000 0.113147
    7 16.525257 0.000000 0.000000 -0.022829 -0.119866 -1.110941
    8 6.879455 0.000000 0.000000 -0.081333 -0.002951 -0.584373
    9 0.000005 3.345128 -2.981901 1.519893 0.152298 1.561201
    10 3.998799 0.000000 0.000000 0.000000 0.000000 -0.000868
    11 3.518565 0.000000 0.000000 -0.017201 0.002876 0.191544
    12 8.923110 0.000000 0.000000 0.000000 0.000000 0.214362
    13 3.307271 0.000000 0.000000 3.141590 0.000000 0.406093
    14 3.601524 -0.000001 0.000000 0.052567 -0.012426 0.334579
    15 2.056784 0.981236 1.937660 1.747946 -1.118157 2.814288
    16 6.028142 0.000001 0.000000 -1.207990 -0.024070 -0.914172
    17 11.692554 0.000000 0.000001 0.000000 0.000000 -0.332578
    18 11.481672 0.000000 -0.000032 1.699934 0.049351 0.083042
    19 3.851891 0.123226 -1.223225 -0.630885 -0.018267 -0.184369
    20 1.312564 0.000001 0.000000 -0.010427 0.069216 -0.299519
    21 0.729362 0.000000 0.000000 -0.010427 0.069220 -0.299499
    22 3.926700 0.316309 -0.458788 -0.097248 -0.066041 -0.320850
    23 1.539095 0.000001 0.000000 -0.003296 0.021430 -0.306424
    24 1.196321 -0.000001 0.000000 -0.003308 0.021443 -0.306671
    25 3.883690 0.211047 0.404099 0.145549 0.028242 -0.322375
    26 1.719576 0.000000 0.000000 0.003811 -0.024733 -0.306239
    27 1.209180 0.000000 0.000000 0.003811 -0.024732 -0.306209
    28 3.867672 0.115964 1.301215 0.606557 0.043935 -0.315981
    29 1.719428 0.000000 0.000000 0.012979 -0.087488 -0.294848
    30 1.099666 -0.000001 0.000000 0.012979 -0.087480 -0.294833
    31 0.837299 -0.302047 1.313446 -1.404045 -0.282251 -0.427077
    32 1.789784 0.000000 -0.000001 -0.000024 -0.000259 0.260046
    33 1.206999 0.000000 -0.000001 -0.000048 -0.000310 0.303713
    34 2.056792 0.981240 -1.937610 -1.816178 1.118479 2.817929
    35 6.028143 0.000001 0.000000 1.331265 0.147266 -0.940831
    36 11.692554 0.000000 0.000001 0.000000 0.000000 -0.280476
    37 11.481699 0.000000 0.000003 -1.560004 -0.064157 0.034916
    38 3.851859 0.133064 1.220452 0.630261 0.016747 -0.184511
    39 1.312561 0.000001 0.000000 0.010750 -0.071449 -0.299029
    40 0.729364 0.000000 0.000000 0.010750 -0.071438 -0.299007
    41 3.926668 0.319868 0.458387 0.097557 0.063419 -0.321392
    42 1.539095 0.000000 0.000000 0.003679 -0.023915 -0.306273
    43 1.196326 0.000001 0.000000 0.003691 -0.023925 -0.306466
    44 3.883656 0.207493 -0.403698 -0.145121 -0.030874 -0.322134
    45 1.719576 0.000002 0.000000 -0.003428 0.022227 -0.306415
    46 1.209181 -0.000001 0.000000 -0.003428 0.022229 -0.306370
    47 3.867642 0.104977 -1.303937 -0.606295 -0.046512 -0.315602
    48 1.719425 0.000000 0.000000 -0.012656 0.085117 -0.295505
    49 1.099666 0.000001 0.000000 -0.012656 0.085110 -0.295484
    50 0.837268 -0.312959 -1.310521 1.401911 0.278797 -0.429216
    51 1.789784 0.000000 0.000000 0.000216 0.001729 0.260038
    52 1.206998 0.000000 0.000000 0.000300 0.002007 0.303683
    53 11.687500 0.000001 0.000002 0.000000 0.000000 -0.029498
    54 5.738281 0.000001 0.000001 0.000687 0.000000 0.000000
    55 5.738281 0.000000 0.000000 0.000080 0.000000 0.000000
    56 1.500000 0.000000 0.000003 0.000000 0.000000 0.000000
    57 1.499023 0.000000 0.000001 0.000000 0.000000 0.000000
    58 2.078125 1.478516 -5.000000 0.000000 0.000000 0.000000
    59 5.164063 0.000001 0.000000 0.000000 0.000000 0.000000
    60 11.476563 0.000000 0.000002 0.000149 0.000000 0.000000
    61 5.558594 0.000000 0.000000 0.000000 0.000000 0.000000
    62 5.558594 0.000001 0.000000 0.000000 0.000000 0.000000
    63 5.164063 0.000000 0.000000 0.000000 0.000000 0.000000
    64 11.476563 0.000001 0.000005 0.001270 0.000000 0.000000
    65 2.078125 1.478516 5.000000 0.000000 0.000000 0.000000
    66 11.687500 0.000001 0.000001 0.000000 0.000000 -0.029498
  time 65
    0 -0.213293 0.406267 38.480977 1.580748 -0.003406 0.081118
    1 3.890452 -0.000004 -0.000003 -1.613470 -0.019215 -1.525726
    2 17.848177 0.000000 0.000000 0.000000 0.000000 0.117560
    3 16.525253 0.000000 0.000000 -0.068721 -0.024719 -1.090271
    4 6.879454 0.000000 0.000000 -0.007299 -0.002951 -0.584373
    5 -3.890452 0.000004 0.000007 -1.209877 0.016763 -1.610593
    6 17.848173 0.000000 0.000000 0.000000 0.000000 0.109235
    7 16.525257 0.000000 0.000000 -0.022069 -0.120351 -1.108623
    8 6.879455 0.000000 0.000000 -0.081333 -0.002951 -0.584373
    9 0.000005 3.345128 -2.981901 1.522069 0.151495 1.562990
    10 3.998799 0.000000 0.000000 0.000000 0.000000 -0.000868
    11 3.518565 0.000000 0.000000 -0.017201 0.002876 0.191544
    12 8.923110 0.000000 0.000000 0.000000 0.000000 0.214362
    13 3.307271 0.000000 0.000000 3.141590 0.000000 0.406093
    14 3.601524 -0.000001 0.000000 0.053183 -0.009020 0.335094
    15 2.056784 0.981236 1.937660 1.747946 -1.118157 2.814288
    16 6.028142 0.000001 0.000000 -1.191741 -0.027343 -0.914919
    17 11.692554 0.000000 0.000001 0.000000 0.000000 -0.331002
    18 11.481672 0.000000 -0.000032 1.679086 0.045300 0.080962
    19 3.851891 0.123226 -1.223225 -0.630885 -0.018267 -0.184369
    20 1.312564 0.000001 0.000000 -0.010427 0.069216 -0.299519
    21 0.729362 0.000000 0.000000 -0.010427 0.069220 -0.299499
    22 3.926700 0.316309 -0.458788 -0.097248 -0.066041 -0.320850
    23 1.539095 0.000001 0.000000 -0.003296 0.021430 -0.306424
    24 1.196321 -0.000001 0.000000 -0.003308 0.021443 -0.306671
    25 3.883690 0.211047 0.404099 0.145549 0.028242 -0.322375
    26 1.719576 0.000000 0.000000 0.003811 -0.024733 -0.306239
    27 1.209180 0.000000 0.000000 0.003811 -0.024732 -0.306209
    28 3.867672 0.115964 1.301215 0.606557 0.043935 -0.315981
    29 1.719428 0.000000 0.000000 0.012979 -0.087488 -0.294848
    30 1.099666 -0.000001 0.000000 0.012979 -0.087480 -0.294833
    31 0.837299 -0.302047 1.313446 -1.404045 -0.282251 -0.427077
    32 1.789784 0.000000 -0.000001 -0.000024 -0.000259 0.260046
    33 1.206999 0.000000 -0.000001 -0.000036 -0.000310 0.303713
    34 2.056792 0.981240 -1.937610 -1.816178 1.118479 2.817929
    35 6.028143 0.000001 0.000000 1.329579 0.147791 -0.940831
    36 11.692554 0.000000 0.000001 0.000000 0.000000 -0.282146
    37 11.481699 0.000000 0.000003 -1.560004 -0.064157 0.034916
    38 3.851859 0.133064 1.220452 0.630261 0.016747 -0.184511
    39 1.312561 0.000001 0.000000 0.010750 -0.071449 -0.299029
    40 0.729364 0.000000 0.000000 0.010750 -0.071438 -0.299007
    41 3.926668 0.319868 0.458387 0.097557 0.063419 -0.321392
    42 1.539095 0.000000 0.000000 0.003679 -0.023915 -0.306273
    43 1.196326 0.000001 0.000000 0.003691 -0.023925 -0.306466
    44 3.883656 0.207493 -0.403698 -0.145121 -0.030874 -0.322134
    45 1.719576 0.000002 0.000000 -0.003428 0.022227 -0.306415
    46 1.209181 -0.000001 0.000000 -0.003428 0.022229 -0.306370
    47 3.867642 0.104977 -1.303937 -0.606295 -0.046512 -0.315602
    48 1.719425 0.000000 0.000000 -0.012656 0.085117 -0.295505
    49 1.099666 0.000001 0.000000 -0.012656 0.085110 -0.295484
    50 0.837268 -0.312959 -1.310521 1.401911 0.278797 -0.429216
    51 1.789784 0.000000 0.000000 0.000216 0.001729 0.260038
    52 1.206998 0.000000 0.000000 0.000300 0.002007 0.303683
    53 11.687500 0.000001 0.000002 0.000000 0.000000 -0.029498
    54 5.738281 0.000001 0.000001 0.000687 0.000000 0.000000
    55 5.738281 0.000000 0.000000 0.000080 0.000000 0.000000
    56 1.500000 0.000000 0.000003 0.000000 0.000000 0.000000
    57 1.499023 0.000000 0.000001 0.000000 0.000000 0.000000
    58 2.078125 1.478516 -5.000000 0.000000 0.000000 0.000000
    59 5.164063 0.000001 0.000000 0.000000 0.000000 0.000000
    60 11.476563 0.000000 0.000002 0.000149 0.000000 0.000000
    61 5.558594 0.000000 0.000000 0.000000 0.000000 0.000000
    62 5.558594 0.000001 0.000000 0.000000 0.000000 0.000000
    63 5.164063 0.000000 0.000000 0.000000 0.000000 0.000000
    64 11.476563 0.000001 0.000005 0.001270 0.000000 0.000000
    65 2.078125 1.478516 5.000000 0.000000 0.000000 0.000000
    66 11.687500 0.000001 0.000001 0.000000 0.000000 -0.029498
  time 66
    0 -0.182042 0.402361 38.484884 1.579393 -0.002920 0.078212
    1 3.890452 -0.000004 -0.000003 -1.616142 -0.017554 -1.526119
    2 17.848177 0.000000 0.000000 0.000000 0.000000 0.118544
    3 16.525253 0.000000 0.000000 -0.068034 -0.025338 -1.091453
    4 6.879454 0.000000 0.000000 -0.007299 -0.002951 -0.584373
    5 -3.890452 0.000004 0.000007 -1.212833 0.019694 -1.610515
    6 17.848173 0.000000 0.000000 0.000000 0.000000 0.105403
    7 16.525257 0.000000 0.000000 -0.021370 -0.120817 -1.106352
    8 6.879455 0.000000 0.000000 -0.081333 -0.002951 -0.584373
    9 0.000005 3.345128 -2.981901 1.524548 0.150820 1.564482
    10 3.998799 0.000000 0.000000 0.000000 0.000000 -0.000868
    11 3.518565 0.000000 0.000000 -0.017201 0.002876 0.191544
    12 8.923110 0.000000 0.000000 0.000000 0.000000 0.214362
    13 3.307271 0.000000 0.000000 3.141590 0.000000 0.406093
    14 3.601524 -0.000001 0.000000 0.053645 -0.005677 0.335577
    15 2.056784 0.981236 1.937660 1.747946 -1.118157 2.814288
    16 6.028142 0.000001 0.000000 -1.177117 -0.029389 -0.916788
    17 11.692554 0.000000 0.000001 0.000000 0.000000 -0.326273
    18 11.481672 0.000000 -0.000032 1.659896 0.039800 0.074935
    19 3.851891 0.123226 -1.223225 -0.630885 -0.018267 -0.184369
    20 1.312564 0.000001 0.000000 -0.010427 0.069216 -0.299519
    21 0.729362 0.000000 0.000000 -0.010427 0.069220 -0.299499
    22 3.926700 0.316309 -0.458788 -0.097248 -0.066041 -0.320850
    23 1.539095 0.000001 0.000000 -0.003296 0.021430 -0.306424
    24 1.196321 -0.000001 0.000000 -0.003308 0.021443 -0.306671
    25 3.883690 0.211047 0.404099 0.145549 0.028242 -0.322375
    26 1.719576 0.000000 0.000000 0.003811 -0.024733 -0.306239
    27 1.209180 0.000000 0.000000 0.003811 -0.024732 -0.306209
    28 3.867672 0.115964 1.301215 0.606557 0.043935 -0.315981
    29 1.719428 0.000000 0.000000 0.012979 -0.087488 -0.294848
    30 1.099666 -0.000001 0.000000 0.012979 -0.087480 -0.294833
    31 0.837299 -0.302047 1.313446 -1.404045 -0.282251 -0.427077
    32 1.789784 0.000000 -0.000001 -0.000024 -0.000259 0.260046
    33 1.206999 0.000000 -0.000001 -0.000048 -0.000310 0.303713
    34 2.056792 0.981240 -1.937610 -1.816178 1.118479 2.817929
    35 6.028143 0.000001 0.000000 1.328160 0.146502 -0.940272
    36 11.692554 0.000000 0.000001 0.000000 0.000000 -0.285123
    37 11.481699 0.000000 0.000003 -1.560004 -0.064157 0.034916
    38 3.851859 0.133064 1.220452 0.630261 0.016747 -0.184511
    39 1.312561 0.000001 0.000000 0.010750 -0.071449 -0.299029
    40 0.729364 0.000000 0.000000 0.010750 -0.071438 -0.299007
    41 3.926668 0.319868 0.458387 0.097557 0.063419 -0.321392
    42 1.539095 0.000000 0.000000 0.003679 -0.023915 -0.306273
    43 1.196326 0.000001 0.000000 0.003691 -0.023925 -0.306466
    44 3.883656 0.207493 -0.403698 -0.145121 -0.030874 -0.322134
    45 1.719576 0.000002 0.000000 -0.003428 0.022227 -0.306415
    46 1.209181 -0.000001 0.000000 -0.003428 0.022229 -0.306370
    47 3.867642 0.104977 -1.303937 -0.606295 -0.046512 -0.315602
    48 1.719425 0.000000 0.000000 -0.012656 0.085117 -0.295505
    49 1.099666 0.000001 0.000000 -0.012656 0.085110 -0.295484
    50 0.837268 -0.312959 -1.310521 1.401911 0.278797 -0.429216
    51 1.789784 0.000000 0.000000 0.000216 0.001729 0.260038
    52 1.206998 0.000000 0.000000 0.000300 0.002007 0.303683
    53 11.687500 0.000001 0.000002 0.000000 0.000000 -0.029498
    54 5.738281 0.000001 0.000001 0.000687 0.000000 0.000000
    55 5.738281 0.000000 0.000000 0.000080 0.000000 0.000000
    56 1.500000 0.000000 0.000003 0.000000 0.000000 0.000000
    57 1.499023 0.000000 0.000001 0.000000 0.000000 0.000000
    58 2.078125 1.478516 -5.000000 0.000000 0.000000 0.000000
    59 5.164063 0.000001 0.000000 0.000000 0.000000 0.000000
    60 11.476563 0.000000 0.000002 0.000149 0.000000 0.000000
    61 5.558594 0.000000 0.000000 0.000000 0.000000 0.000000
    62 5.558594 0.000001 0.000000 0.000000 0.000000 0.000000
    63 5.164063 0.000000 0.000000 0.000000 0.000000 0.000000
    64 11.476563 0.000001 0.000005 0.001270 0.000000 0.000000
    65 2.078125 1.478516 5.000000 0.000000 0.000000 0.000000
    66 11.687500 0.000001 0.000001 0.000000 0.000000 -0.029498
  time 67
    0 -0.150791 0.394548 38.484884 1.577980 -0.002463 0.075180
    1 3.890452 -0.000004 -0.000003 -1.618966 -0.015983 -1.526511
    2 17.848177 0.000000 0.000000 0.000000 0.000000 0.119528
    3 16.525253 0.000000 0.000000 -0.067420 -0.025939 -1.092636
    4 6.879454 0.000000 0.000000 -0.007299 -0.002951 -0.584373
    5 -3.890452 0.000004 0.000007 -1.215958 0.022447 -1.610437
    6 17.848173 0.000000 0.000000 0.000000 0.000000 0.101731
    7 16.525257 0.000000 0.000000 -0.020712 -0.121246 -1.104129
    8 6.879455 0.000000 0.000000 -0.081333 -0.002951 -0.584373
    9 0.000005 3.345128 -2.981901 1.527078 0.150290 1.565625
    10 3.998799 0.000000 0.000000 0.000000 0.000000 -0.000868
    11 3.518565 0.000000 0.000000 -0.017201 0.002876 0.191544
    12 8.923110 0.000000 0.000000 0.000000 0.000000 0.214362
    13 3.307271 0.000000 0.000000 3.141590 0.000000 0.406093
    14 3.601524 -0.000001 0.000000 0.053952 -0.002442 0.336027
    15 2.056784 0.981236 1.937660 1.747946 -1.118157 2.814288
    16 6.028142 0.000001 0.000000 -1.164500 -0.028707 -0.918470
    17 11.692554 0.000000 0.000001 0.000000 0.000000 -0.324171
    18 11.481672 0.000000 -0.000032 1.642310 0.033446 0.069052
    19 3.851891 0.123226 -1.223225 -0.630885 -0.018267 -0.184369
    20 1.312564 0.000001 0.000000 -0.010427 0.069216 -0.299519
    21 0.729362 0.000000 0.000000 -0.010427 0.069220 -0.299499
    22 3.926700 0.316309 -0.458788 -0.097248 -0.066041 -0.320850
    23 1.539095 0.000001 0.000000 -0.003296 0.021430 -0.306424
    24 1.196321 -0.000001 0.000000 -0.003308 0.021443 -0.306671
    25 3.883690 0.211047 0.404099 0.145549 0.028242 -0.322375
    26 1.719576 0.000000 0.000000 0.003811 -0.024733 -0.306239
    27 1.209180 0.000000 0.000000 0.003811 -0.024732 -0.306209
    28 3.867672 0.115964 1.301215 0.606557 0.043935 -0.315981
    29 1.719428 0.000000 0.000000 0.012979 -0.087488 -0.294848
    30 1.099666 -0.000001 0.000000 0.012979 -0.087480 -0.294833
    31 0.837299 -0.302047 1.313446 -1.404045 -0.282251 -0.427077
    32 1.789784 0.000000 -0.000001 -0.000024 -0.000259 0.260046
    33 1.206999 0.000000 -0.000001 -0.000048 -0.000310 0.303713
    34 2.056792 0.981240 -1.937610 -1.816178 1.118479 2.817929
    35 6.028143 0.000001 0.000000 1.326829 0.143591 -0.939060
    36 11.692554 0.000000 0.000001 0.000000 0.000000 -0.289044
    37 11.481699 0.000000 0.000003 -1.560004 -0.064157 0.034916
    38 3.851859 0.133064 1.220452 0.630261 0.016747 -0.184511
    39 1.312561 0.000001 0.000000 0.010750 -0.071449 -0.299029
    40 0.729364 0.000000 0.000000 0.010750 -0.071438 -0.299007
    41 3.926668 0.319868 0.458387 0.097557 0.063419 -0.321392
    42 1.539095 0.000000 0.000000 0.003679 -0.023915 -0.306273
    43 1.196326 0.000001 0.000000 0.003691 -0.023925 -0.306466
    44 3.883656 0.207493 -0.403698 -0.145121 -0.030874 -0.322134
    45 1.719576 0.000002 0.000000 -0.003428 0.022227 -0.306415
    46 1.209181 -0.000001 0.000000 -0.003428 0.022229 -0.306370
    47 3.867642 0.104977 -1.303937 -0.606295 -0.046512 -0.315602
    48 1.719425 0.000000 0.000000 -0.012656 0.085117 -0.295505
    49 1.099666 0.000001 0.000000 -0.012656 0.085110 -0.295484
    50 0.837268 -0.312959 -1.310521 1.401911 0.278797 -0.429216
    51 1.789784 0.000000 0.000000 0.000216 0.001729 0.260038
    52 1.206998 0.000000 0.000000 0.000300 0.002007 0.303683
    53 11.687500 0.000001 0.000002 0.000000 0.000000 -0.029498
    54 5.738281 0.000001 0.000001 0.000687 0.000000 0.000000
    55 5.738281 0.000000 0.000000 0.000080 0.000000 0.000000
    56 1.500000 0.000000 0.000003 0.000000 0.000000 0.000000
    57 1.499023 0.000000 0.000001 0.000000 0.000000 0.000000
    58 2.078125 1.478516 -5.000000 0.000000 0.000000 0.000000
    59 5.164063 0.000001 0.000000 0.000000 0.000000 0.000000
    60 11.476563 0.000000 0.000002 0.000149 0.000000 0.000000
    61 5.558594 0.000000 0.000000 0.000000 0.000000 0.000000
    62 5.558594 0.000001 0.000000 0.000000 0.000000 0.000000
    63 5.164063 0.000000 0.000000 0.000000 0.000000 0.000000
    64 11.476563 0.000001 0.000005 0.001270 0.000000 0.000000
    65 2.078125 1.478516 5.000000 0.000000 0.000000 0.000000
    66 11.687500 0.000001 0.000001 0.000000 0.000000 -0.029498
  time 68
    0 -0.123446 0.390642 38.484884 1.576685 -0.002007 0.072085
    1 3.890452 -0.000004 -0.000003 -1.621867 -0.014457 -1.526838
    2 17.848177 0.000000 0.000000 0.000000 0.000000 0.120588
    3 16.525253 0.000000 0.000000 -0.066807 -0.026488 -1.093723
    4 6.879454 0.000000 0.000000 -0.007299 -0.002951 -0.584373
    5 -3.890452 0.000004 0.000007 -1.219083 0.025023 -1.610360
    6 17.848173 0.000000 0.000000 0.000000 0.000000 0.098377
    7 16.525257 0.000000 0.000000 -0.020116 -0.121638 -1.102000
    8 6.879455 0.000000 0.000000 -0.081333 -0.002951 -0.584373
    9 0.000005 3.345128 -2.981901 1.529406 0.150001 1.566321
    10 3.998799 0.000000 0.000000 0.000000 0.000000 -0.000868
    11 3.518565 0.000000 0.000000 -0.017201 0.002876 0.191544
    12 8.923110 0.000000 0.000000 0.000000 0.000000 0.214362
    13 3.307271 0.000000 0.000000 3.141590 0.000000 0.406093
    14 3.601524 -0.000001 0.000000 0.054183 0.000668 0.336413
    15 2.056784 0.981236 1.937660 1.747946 -1.118157 2.814288
    16 6.028142 0.000001 0.000000 -1.153795 -0.026252 -0.919871
    17 11.692554 0.000000 0.000001 0.000000 0.000000 -0.324020
    18 11.481672 0.000000 -0.000032 1.626438 0.026757 0.063815
    19 3.851891 0.123226 -1.223225 -0.630885 -0.018267 -0.184369
    20 1.312564 0.000001 0.000000 -0.010427 0.069216 -0.299519
    21 0.729362 0.000000 0.000000 -0.010427 0.069220 -0.299499
    22 3.926700 0.316309 -0.458788 -0.097248 -0.066041 -0.320850
    23 1.539095 0.000001 0.000000 -0.003296 0.021430 -0.306424
    24 1.196321 -0.000001 0.000000 -0.003308 0.021443 -0.306671
    25 3.883690 0.211047 0.404099 0.145549 0.028242 -0.322375
    26 1.719576 0.000000 0.000000 0.003811 -0.024733 -0.306239
    27 1.209180 0.000000 0.000000 0.003811 -0.024732 -0.306209
    28 3.867672 0.115964 1.301215 0.606557 0.043935 -0.315981
    29 1.719428 0.000000 0.000000 0.012979 -0.087488 -0.294848
    30 1.099666 -0.000001 0.000000 0.012979 -0.087480 -0.294833
    31 0.837299 -0.302047 1.313446 -1.404045 -0.282251 -0.427077
    32 1.789784 0.000000 -0.000001 -0.000024 -0.000259 0.260046
    33 1.206999 0.000000 -0.000001 -0.000048 -0.000310 0.303713
    34 2.056792 0.981240 -1.937610 -1.816178 1.118479 2.817929
    35 6.028143 0.000001 0.000000 1.325409 0.139342 -0.937475
    36 11.692554 0.000000 0.000001 0.000000 0.000000 -0.293692
    37 11.481699 0.000000 0.000003 -1.560004 -0.064157 0.034916
    38 3.851859 0.133064 1.220452 0.630261 0.016747 -0.184511
    39 1.312561 0.000001 0.000000 0.010750 -0.071449 -0.299029
    40 0.729364 0.000000 0.000000 0.010750 -0.071438 -0.299007
    41 3.926668 0.319868 0.458387 0.097557 0.063419 -0.321392
    42 1.539095 0.000000 0.000000 0.003679 -0.023915 -0.306273
    43 1.196326 0.000001 0.000000 0.003691 -0.023925 -0.306466
    44 3.883656 0.207493 -0.403698 -0.145121 -0.030874 -0.322134
    45 1.719576 0.000002 0.000000 -0.003428 0.022227 -0.306415
    46 1.209181 -0.000001 0.000000 -0.003428 0.022229 -0.306370
    47 3.867642 0.104977 -1.303937 -0.606295 -0.046512 -0.315602
    48 1.719425 0.000000 0.000000 -0.012656 0.085117 -0.295505
    49 1.099666 0.000001 0.000000 -0.012656 0.085110 -0.295484
    50 0.837268 -0.312959 -1.310521 1.401911 0.278797 -0.429216
    51 1.789784 0.000000 0.000000 0.000216 0.001729 0.260038
    52 1.206998 0.000000 0.000000 0.000300 0.002007 0.303683
    53 11.687500 0.000001 0.000002 0.000000 0.000000 -0.029498
    54 5.738281 0.000001 0.000001 0.000687 0.000000 0.000000
    55 5.738281 0.000000 0.000000 0.000080 0.000000 0.000000
    56 1.500000 0.000000 0.000003 0.000000 0.000000 0.000000
    57 1.499023 0.000000 0.000001 0.000000 0.000000 0.000000
    58 2.078125 1.478516 -5.000000 0.000000 0.000000 0.000000
    59 5.164063 0.000001 0.000000 0.000000 0.000000 0.000000
    60 11.476563 0.000000 0.000002 0.000149 0.000000 0.000000
    61 5.558594 0.000000 0.000000 0.000000 0.000000 0.000000
    62 5.558594 0.000001 0.000000 0.000000 0.000000 0.000000
    63 5.164063 0.000000 0.000000 0.000000 0.000000 0.000000
    64 11.476563 0.000001 0.000005 0.001270 0.000000 0.000000
    65 2.078125 1.478516 5.000000 0.000000 0.000000 0.000000
    66 11.687500 0.000001 0.000001 0.000000 0.000000 -0.029498
  time 69
    0 -0.096102 0.386736 38.484884 1.575448 -0.001581 0.068989
    1 3.890452 -0.000004 -0.000003 -1.624845 -0.013065 -1.527100
    2 17.848177 0.000000 0.000000 0.000000 0.000000 0.121648
    3 16.525253 0.000000 0.000000 -0.066243 -0.027018 -1.094858
    4 6.879454 0.000000 0.000000 -0.007299 -0.002951 -0.584373
    5 -3.890452 0.000004 0.000007 -1.222293 0.027332 -1.610282
    6 17.848173 0.000000 0.000000 0.000000 0.000000 0.095264
    7 16.525257 0.000000 0.000000 -0.019561 -0.121992 -1.099966
    8 6.879455 0.000000 0.000000 -0.081333 -0.002951 -0.584373
    9 0.000005 3.345128 -2.981901 1.531075 0.150017 1.566570
    10 3.998799 0.000000 0.000000 0.000000 0.000000 -0.000868
    11 3.518565 0.000000 0.000000 -0.017201 0.002876 0.191544
    12 8.923110 0.000000 0.000000 0.000000 0.000000 0.214362
    13 3.307271 0.000000 0.000000 3.141590 0.000000 0.406093
    14 3.601524 -0.000001 0.000000 0.054260 0.003638 0.336799
    15 2.056784 0.981236 1.937660 1.747946 -1.118157 2.814288
    16 6.028142 0.000001 0.000000 -1.145480 -0.022479 -0.920993
    17 11.692554 0.000000 0.000001 0.000000 0.000000 -0.325372
    18 11.481672 0.000000 -0.000032 1.612226 0.019994 0.059439
    19 3.851891 0.123226 -1.223225 -0.630885 -0.018267 -0.184369
    20 1.312564 0.000001 0.000000 -0.010427 0.069216 -0.299519
    21 0.729362 0.000000 0.000000 -0.010427 0.069220 -0.299499
    22 3.926700 0.316309 -0.458788 -0.097248 -0.066041 -0.320850
    23 1.539095 0.000001 0.000000 -0.003296 0.021430 -0.306424
    24 1.196321 -0.000001 0.000000 -0.003308 0.021443 -0.306671
    25 3.883690 0.211047 0.404099 0.145549 0.028242 -0.322375
    26 1.719576 0.000000 0.000000 0.003811 -0.024733 -0.306239
    27 1.209180 0.000000 0.000000 0.003811 -0.024732 -0.306209
    28 3.867672 0.115964 1.301215 0.606557 0.043935 -0.315981
    29 1.719428 0.000000 0.000000 0.012979 -0.087488 -0.294848
    30 1.099666 -0.000001 0.000000 0.012979 -0.087480 -0.294833
    31 0.837299 -0.302047 1.313446 -1.404045 -0.282251 -0.427077
    32 1.789784 0.000000 -0.000001 -0.000024 -0.000259 0.260046
    33 1.206999 0.000000 -0.000001 -0.000048 -0.000310 0.303713
    34 2.056792 0.981240 -1.937610 -1.816178 1.118479 2.817929
    35 6.028143 0.000001 0.000000 1.323369 0.133948 -0.935611
    36 11.692554 0.000000 0.000001 0.000000 0.000000 -0.298848
    37 11.481699 0.000000 0.000003 -1.560004 -0.064157 0.034916
    38 3.851859 0.133064 1.220452 0.630261 0.016747 -0.184511
    39 1.312561 0.000001 0.000000 0.010750 -0.071449 -0.299029
    40 0.729364 0.000000 0.000000 0.010750 -0.071438 -0.299007
    41 3.926668 0.319868 0.458387 0.097557 0.063419 -0.321392
    42 1.539095 0.000000 0.000000 0.003679 -0.023915 -0.306273
    43 1.196326 0.000001 0.000000 0.003691 -0.023925 -0.306466
    44 3.883656 0.207493 -0.403698 -0.145121 -0.030874 -0.322134
    45 1.719576 0.000002 0.000000 -0.003428 0.022227 -0.306415
    46 1.209181 -0.000001 0.000000 -0.003428 0.022229 -0.306370
    47 3.867642 0.104977 -1.303937 -0.606295 -0.046512 -0.315602
    48 1.719425 0.000000 0.000000 -0.012656 0.085117 -0.295505
    49 1.099666 0.000001 0.000000 -0.012656 0.085110 -0.295484
    50 0.837268 -0.312959 -1.310521 1.401911 0.278797 -0.429216
    51 1.789784 0.000000 0.000000 0.000216 0.001729 0.260038
    52 1.206998 0.000000 0.000000 0.000300 0.002007 0.303683
    53 11.687500 0.000001 0.000002 0.000000 0.000000 -0.029498
    54 5.738281 0.000001 0.000001 0.000687 0.000000 0.000000
    55 5.738281 0.000000 0.000000 0.000080 0.000000 0.000000
    56 1.500000 0.000000 0.000003 0.000000 0.000000 0.000000
    57 1.499023 0.000000 0.000001 0.000000 0.000000 0.000000
    58 2.078125 1.478516 -5.000000 0.000000 0.000000 0.000000
    59 5.164063 0.000001 0.000000 0.000000 0.000000 0.000000
    60 11.476563 0.000000 0.000002 0.000149 0.000000 0.000000
    61 5.558594 0.000000 0.000000 0.000000 0.000000 0.000000
    62 5.558594 0.000001 0.000000 0.000000 0.000000 0.000000
    63 5.164063 0.000000 0.000000 0.000000 0.000000 0.000000
    64 11.476563 0.000001 0.000005 0.001270 0.000000 0.000000
    65 2.078125 1.478516 5.000000 0.000000 0.000000 0.000000
    66 11.687500 0.000001 0.000001 0.000000 0.000000 -0.029498
  time 70
    0 -0.072663 0.386736 38.484884 1.574270 -0.001186 0.065894
    1 3.890452 -0.000004 -0.000003 -1.627746 -0.011764 -1.527362
    2 17.848177 0.000000 0.000000 0.000000 0.000000 0.122632
    3 16.525253 0.000000 0.000000 -0.065752 -0.027496 -1.095899
    4 6.879454 0.000000 0.000000 -0.007299 -0.002951 -0.584373
    5 -3.890452 0.000004 0.000007 -1.225418 0.029419 -1.610204
    6 17.848173 0.000000 0.000000 0.000000 0.000000 0.092389
    7 16.525257 0.000000 0.000000 -0.019068 -0.122309 -1.098074
    8 6.879455 0.000000 0.000000 -0.081333 -0.002951 -0.584373
    9 0.000005 3.345128 -2.981901 1.531328 0.150499 1.566172
    10 3.998799 0.000000 0.000000 0.000000 0.000000 -0.000868
    11 3.518565 0.000000 0.000000 -0.017201 0.002876 0.191544
    12 8.923110 0.000000 0.000000 0.000000 0.000000 0.214362
    13 3.307271 0.000000 0.000000 3.141590 0.000000 0.406093
    14 3.601524 -0.000001 0.000000 0.054299 0.006421 0.337185
    15 2.056784 0.981236 1.937660 1.747946 -1.118157 2.814288
    16 6.028142 0.000001 0.000000 -1.139936 -0.017433 -0.921740
    17 11.692554 0.000000 0.000001 0.000000 0.000000 -0.328149
    18 11.481672 0.000000 -0.000032 1.599838 0.013416 0.056138
    19 3.851891 0.123226 -1.223225 -0.630885 -0.018267 -0.184369
    20 1.312564 0.000001 0.000000 -0.010427 0.069216 -0.299519
    21 0.729362 0.000000 0.000000 -0.010427 0.069220 -0.299499
    22 3.926700 0.316309 -0.458788 -0.097248 -0.066041 -0.320850
    23 1.539095 0.000001 0.000000 -0.003296 0.021430 -0.306424
    24 1.196321 -0.000001 0.000000 -0.003308 0.021443 -0.306671
    25 3.883690 0.211047 0.404099 0.145549 0.028242 -0.322375
    26 1.719576 0.000000 0.000000 0.003811 -0.024733 -0.306239
    27 1.209180 0.000000 0.000000 0.003811 -0.024732 -0.306209
    28 3.867672 0.115964 1.301215 0.606557 0.043935 -0.315981
    29 1.719428 0.000000 0.000000 0.012979 -0.087488 -0.294848
    30 1.099666 -0.000001 0.000000 0.012979 -0.087480 -0.294833
    31 0.837299 -0.302047 1.313446 -1.404045 -0.282251 -0.427077
    32 1.789784 0.000000 -0.000001 -0.000024 -0.000259 0.260046
    33 1.206999 0.000000 -0.000001 -0.000048 -0.000310 0.303713
    34 2.056792 0.981240 -1.937610 -1.816178 1.118479 2.817929
    35 6.028143 0.000001 0.000000 1.320086 0.127838 -0.933654
    36 11.692554 0.000000 0.000001 0.000000 0.000000 -0.304076
    37 11.481699 0.000000 0.000003 -1.560004 -0.064157 0.034916
    38 3.851859 0.133064 1.220452 0.630261 0.016747 -0.184511
    39 1.312561 0.000001 0.000000 0.010750 -0.071449 -0.299029
    40 0.729364 0.000000 0.000000 0.010750 -0.071438 -0.299007
    41 3.926668 0.319868 0.458387 0.097557 0.063419 -0.321392
    42 1.539095 0.000000 0.000000 0.003679 -0.023915 -0.306273
    43 1.196326 0.000001 0.000000 0.003691 -0.023925 -0.306466
    44 3.883656 0.207493 -0.403698 -0.145121 -0.030874 -0.322134
    45 1.719576 0.000002 0.000000 -0.003428 0.022227 -0.306415
    46 1.209181 -0.000001 0.000000 -0.003428 0.022229 -0.306370
    47 3.867642 0.104977 -1.303937 -0.606295 -0.046512 -0.315602
    48 1.719425 0.000000 0.000000 -0.012656 0.085117 -0.295505
    49 1.099666 0.000001 0.000000 -0.012656 0.085110 -0.295484
    50 0.837268 -0.312959 -1.310521 1.401911 0.278797 -0.429216
    51 1.789784 0.000000 0.000000 0.000216 0.001729 0.260038
    52 1.206998 0.000000 0.000000 0.000300 0.002007 0.303683
    53 11.687500 0.000001 0.000002 0.000000 0.000000 -0.029498
    54 5.738281 0.000001 0.000001 0.000687 0.000000 0.000000
    55 5.738281 0.000000 0.000000 0.000080 0.000000 0.000000
    56 1.500000 0.000000 0.000003 0.000000 0.000000 0.000000
    57 1.499023 0.000000 0.000001 0.000000 0.000000 0.000000
    58 2.078125 1.478516 -5.000000 0.000000 0.000000 0.000000
    59 5.164063 0.000001 0.000000 0.000000 0.000000 0.000000
    60 11.476563 0.000000 0.000002 0.000149 0.000000 0.000000
    61 5.558594 0.000000 0.000000 0.000000 0.000000 0.000000
    62 5.558594 0.000001 0.000000 0.000000 0.000000 0.000000
    63 5.164063 0.000000 0.000000 0.000000 0.000000 0.000000
    64 11.476563 0.000001 0.000005 0.001270 0.000000 0.000000
    65 2.078125 1.478516 5.000000 0.000000 0.000000 0.000000
    66 11.687500 0.000001 0.000001 0.000000 0.000000 -0.029498
  time 71
    0 -0.049225 0.382829 38.488790 1.573210 -0.000821 0.062988
    1 3.890452 -0.000004 -0.000003 -1.630494 -0.010597 -1.527624
    2 17.848177 0.000000 0.000000 0.000000 0.000000 0.123541
    3 16.525253 0.000000 0.000000 -0.065286 -0.027903 -1.096845
    4 6.879454 0.000000 0.000000 -0.007299 -0.002951 -0.584373
    5 -3.890452 0.000004 0.000007 -1.228375 0.031240 -1.610127
    6 17.848173 0.000000 0.000000 0.000000 0.000000 0.089914
    7 16.525257 0.000000 0.000000 -0.018636 -0.122589 -1.096419
    8 6.879455 0.000000 0.000000 -0.081333 -0.002951 -0.584373
    9 0.000005 3.345128 -2.981901 1.531328 0.150499 1.566172
    10 3.998799 0.000000 0.000000 0.000000 0.000000 -0.000868
    11 3.518565 0.000000 0.000000 -0.017201 0.002876 0.191544
    12 8.923110 0.000000 0.000000 0.000000 0.000000 0.214362
    13 3.307271 0.000000 0.000000 3.141590 0.000000 0.406093
    14 3.601524 -0.000001 0.000000 0.054222 0.008956 0.337539
    15 2.056784 0.981236 1.937660 1.747946 -1.118157 2.814288
    16 6.028142 0.000001 0.000000 -1.136208 -0.013660 -0.923048
    17 11.692554 0.000000 0.000001 0.000000 0.000000 -0.329050
    18 11.481672 0.000000 -0.000032 1.589220 0.007470 0.051905
    19 3.851891 0.123226 -1.223225 -0.630885 -0.018267 -0.184369
    20 1.312564 0.000001 0.000000 -0.010427 0.069216 -0.299519
    21 0.729362 0.000000 0.000000 -0.010427 0.069220 -0.299499
    22 3.926700 0.316309 -0.458788 -0.097248 -0.066041 -0.320850
    23 1.539095 0.000001 0.000000 -0.003296 0.021430 -0.306424
    24 1.196321 -0.000001 0.000000 -0.003308 0.021443 -0.306671
    25 3.883690 0.211047 0.404099 0.145549 0.028242 -0.322375
    26 1.719576 0.000000 0.000000 0.003811 -0.024733 -0.306239
    27 1.209180 0.000000 0.000000 0.003811 -0.024732 -0.306209
    28 3.867672 0.115964 1.301215 0.606557 0.043935 -0.315981
    29 1.719428 0.000000 0.000000 0.012979 -0.087488 -0.294848
    30 1.099666 -0.000001 0.000000 0.012979 -0.087480 -0.294833
    31 0.837299 -0.302047 1.313446 -1.404045 -0.282251 -0.427077
    32 1.789784 0.000000 -0.000001 -0.000024 -0.000259 0.260046
    33 1.206999 0.000000 -0.000001 -0.000048 -0.000310 0.303713
    34 2.056792 0.981240 -1.937610 -1.816178 1.118479 2.817929
    35 6.028143 0.000001 0.000000 1.316981 0.121919 -0.930858
    36 11.692554 0.000000 0.000001 0.000000 0.000000 -0.309160
    37 11.481699 0.000000 0.000003 -1.560004 -0.064157 0.034916
    38 3.851859 0.133064 1.220452 0.630261 0.016747 -0.184511
    39 1.312561 0.000001 0.000000 0.010750 -0.071449 -0.299029
    40 0.729364 0.000000 0.000000 0.010750 -0.071438 -0.299007
    41 3.926668 0.319868 0.458387 0.097557 0.063419 -0.321392
    42 1.539095 0.000000 0.000000 0.003679 -0.023915 -0.306273
    43 1.196326 0.000001 0.000000 0.003691 -0.023925 -0.306466
    44 3.883656 0.207493 -0.403698 -0.145121 -0.030874 -0.322134
    45 1.719576 0.000002 0.000000 -0.003428 0.022227 -0.306415
    46 1.209181 -0.000001 0.000000 -0.003428 0.022229 -0.306370
    47 3.867642 0.104977 -1.303937 -0.606295 -0.046512 -0.315602
    48 1.719425 0.000000 0.000000 -0.012656 0.085117 -0.295505
    49 1.099666 0.000001 0.000000 -0.012656 0.085110 -0.295484
    50 0.837268 -0.312959 -1.310521 1.401911 0.278797 -0.429216
    51 1.789784 0.000000 0.000000 0.000216 0.001729 0.260038
    52 1.206998 0.000000 0.000000 0.000300 0.002007 0.303683
    53 11.687500 0.000001 0.000002 0.000000 0.000000 -0.029498
    54 5.738281 0.000001 0.000001 0.000687 0.000000 0.000000
    55 5.738281 0.000000 0.000000 0.000080 0.000000 0.000000
    56 1.500000 0.000000 0.000003 0.000000 0.000000 0.000000
    57 1.499023 0.000000 0.000001 0.000000 0.000000 0.000000
    58 2.078125 1.478516 -5.000000 0.000000 0.000000 0.000000
    59 5.164063 0.000001 0.000000 0.000000 0.000000 0.000000
    60 11.476563 0.000000 0.000002 0.000149 0.000000 0.000000
    61 5.558594 0.000000 0.000000 0.000000 0.000000 0.000000
    62 5.558594 0.000001 0.000000 0.000000 0.000000 0.000000
    63 5.164063 0.000000 0.000000 0.000000 0.000000 0.000000
    64 11.476563 0.000001 0.000005 0.001270 0.000000 0.000000
    65 2.078125 1.478516 5.000000 0.000000 0.000000 0.000000
    66 11.687500 0.000001 0.000001 0.000000 0.000000 -0.029498
  time 72
    0 -0.029693 0.382829 38.488790 1.572268 -0.000487 0.060335
    1 3.890452 -0.000004 -0.000003 -1.633089 -0.009609 -1.527754
    2 17.848177 0.000000 0.000000 0.000000 0.000000 0.124374
    3 16.525253 0.000000 0.000000 -0.064893 -0.028274 -1.097648
    4 6.879454 0.000000 0.000000 -0.007299 -0.002951 -0.584373
    5 -3.890452 0.000004 0.000007 -1.231077 0.032039 -1.610360
    6 17.848173 0.000000 0.000000 0.000000 0.000000 0.089515
    7 16.525257 0.000000 0.000000 -0.018307 -0.122813 -1.095615
    8 6.879455 0.000000 0.000000 -0.081286 -0.002951 -0.584427
    9 0.000005 3.345128 -2.981901 1.531328 0.150499 1.566172
    10 3.998799 0.000000 0.000000 0.000000 0.000000 -0.000868
    11 3.518565 0.000000 0.000000 -0.017201 0.002876 0.191544
    12 8.923110 0.000000 0.000000 0.000000 0.000000 0.214362
    13 3.307271 0.000000 0.000000 3.141590 0.000000 0.406093
    14 3.601524 -0.000001 0.000000 0.054068 0.011211 0.337893
    15 2.056784 0.981236 1.937660 1.747946 -1.118157 2.814288
    16 6.028142 0.000001 0.000000 -1.133723 -0.010614 -0.924356
    17 11.692554 0.000000 0.000001 0.000000 0.000000 -0.329576
    18 11.481672 0.000000 -0.000032 1.580593 0.002417 0.048175
    19 3.851891 0.123226 -1.223225 -0.630885 -0.018267 -0.184369
    20 1.312564 0.000001 0.000000 -0.010427 0.069216 -0.299519
    21 0.729362 0.000000 0.000000 -0.010427 0.069220 -0.299499
    22 3.926700 0.316309 -0.458788 -0.097248 -0.066041 -0.320850
    23 1.539095 0.000001 0.000000 -0.003296 0.021430 -0.306424
    24 1.196321 -0.000001 0.000000 -0.003308 0.021443 -0.306671
    25 3.883690 0.211047 0.404099 0.145549 0.028242 -0.322375
    26 1.719576 0.000000 0.000000 0.003811 -0.024733 -0.306239
    27 1.209180 0.000000 0.000000 0.003811 -0.024732 -0.306209
    28 3.867672 0.115964 1.301215 0.606557 0.043935 -0.315981
    29 1.719428 0.000000 0.000000 0.012979 -0.087488 -0.294848
    30 1.099666 -0.000001 0.000000 0.012979 -0.087480 -0.294833
    31 0.837299 -0.302047 1.313446 -1.404045 -0.282251 -0.427077
    32 1.789784 0.000000 -0.000001 -0.000024 -0.000259 0.260046
    33 1.206999 0.000000 -0.000001 -0.000048 -0.000310 0.303713
    34 2.056792 0.981240 -1.937610 -1.816178 1.118479 2.817929
    35 6.028143 0.000001 0.000000 1.314319 0.116143 -0.927876
    36 11.692554 0.000000 0.000001 0.000000 0.000000 -0.313662
    37 11.481699 0.000000 0.000003 -1.560004 -0.064157 0.034916
    38 3.851859 0.133064 1.220452 0.630261 0.016747 -0.184511
    39 1.312561 0.000001 0.000000 0.010750 -0.071449 -0.299029
    40 0.729364 0.000000 0.000000 0.010750 -0.071438 -0.299007
    41 3.926668 0.319868 0.458387 0.097557 0.063419 -0.321392
    42 1.539095 0.000000 0.000000 0.003679 -0.023915 -0.306273
    43 1.196326 0.000001 0.000000 0.003691 -0.023925 -0.306466
    44 3.883656 0.207493 -0.403698 -0.145121 -0.030874 -0.322134
    45 1.719576 0.000002 0.000000 -0.003428 0.022227 -0.306415
    46 1.209181 -0.000001 0.000000 -0.003428 0.022229 -0.306370
    47 3.867642 0.104977 -1.303937 -0.606295 -0.046512 -0.315602
    48 1.719425 0.000000 0.000000 -0.012656 0.085117 -0.295505
    49 1.099666 0.000001 0.000000 -0.012656 0.085110 -0.295484
    50 0.837268 -0.312959 -1.310521 1.401911 0.278797 -0.429216
    51 1.789784 0.000000 0.000000 0.000216 0.001729 0.260038
    52 1.206998 0.000000 0.000000 0.000300 0.002007 0.303683
    53 11.687500 0.000001 0.000002 0.000000 0.000000 -0.029498
    54 5.738281 0.000001 0.000001 0.000687 0.000000 0.000000
    55 5.738281 0.000000 0.000000 0.000080 0.000000 0.000000
    56 1.500000 0.000000 0.000003 0.000000 0.000000 0.000000
    57 1.499023 0.000000 0.000001 0.000000 0.000000 0.000000
    58 2.078125 1.478516 -5.000000 0.000000 0.000000 0.000000
    59 5.164063 0.000001 0.000000 0.000000 0.000000 0.000000
    60 11.476563 0.000000 0.000002 0.000149 0.000000 0.000000
    61 5.558594 0.000000 0.000000 0.000000 0.000000 0.000000
    62 5.558594 0.000001 0.000000 0.000000 0.000000 0.000000
    63 5.164063 0.000000 0.000000 0.000000 0.000000 0.000000
    64 11.476563 0.000001 0.000005 0.001270 0.000000 0.000000
    65 2.078125 1.478516 5.000000 0.000000 0.000000 0.000000
    66 11.687500 0.000001 0.000001 0.000000 0.000000 -0.029498
  time 73
    0 -0.014068 0.382829 38.488790 1.571503 -0.000213 0.058061
    1 3.890452 -0.000004 -0.000003 -1.635227 -0.008801 -1.527885
    2 17.848177 0.000000 0.000000 0.000000 0.000000 0.125055
    3 16.525253 0.000000 0.000000 -0.064599 -0.028557 -1.098358
    4 6.879454 0.000000 0.000000 -0.007299 -0.002951 -0.584373
    5 -3.890452 0.000004 0.000007 -1.233358 0.032483 -1.610593
    6 17.848173 0.000000 0.000000 0.000000 0.000000 0.089515
    7 16.525257 0.000000 0.000000 -0.018060 -0.122980 -1.095142
    8 6.879455 0.000000 0.000000 -0.081238 -0.002951 -0.584480
    9 0.000005 3.345128 -2.981901 1.531328 0.150499 1.566172
    10 3.998799 0.000000 0.000000 0.000000 0.000000 -0.000868
    11 3.518565 0.000000 0.000000 -0.017201 0.002876 0.191544
    12 8.923110 0.000000 0.000000 0.000000 0.000000 0.214362
    13 3.307271 0.000000 0.000000 3.141590 0.000000 0.406093
    14 3.601524 -0.000001 0.000000 0.053914 0.013077 0.338279
    15 2.056784 0.981236 1.937660 1.747946 -1.118157 2.814288
    16 6.028142 0.000001 0.000000 -1.132289 -0.008341 -0.925571
    17 11.692554 0.000000 0.000001 0.000000 0.000000 -0.329726
    18 11.481672 0.000000 -0.000032 1.574123 -0.001560 0.045197
    19 3.851891 0.123226 -1.223225 -0.630885 -0.018267 -0.184369
    20 1.312564 0.000001 0.000000 -0.010427 0.069216 -0.299519
    21 0.729362 0.000000 0.000000 -0.010427 0.069220 -0.299499
    22 3.926700 0.316309 -0.458788 -0.097248 -0.066041 -0.320850
    23 1.539095 0.000001 0.000000 -0.003296 0.021430 -0.306424
    24 1.196321 -0.000001 0.000000 -0.003308 0.021443 -0.306671
    25 3.883690 0.211047 0.404099 0.145549 0.028242 -0.322375
    26 1.719576 0.000000 0.000000 0.003811 -0.024733 -0.306239
    27 1.209180 0.000000 0.000000 0.003811 -0.024732 -0.306209
    28 3.867672 0.115964 1.301215 0.606557 0.043935 -0.315981
    29 1.719428 0.000000 0.000000 0.012979 -0.087488 -0.294848
    30 1.099666 -0.000001 0.000000 0.012979 -0.087480 -0.294833
    31 0.837299 -0.302047 1.313446 -1.404045 -0.282251 -0.427077
    32 1.789784 0.000000 -0.000001 -0.000024 -0.000259 0.260046
    33 1.206999 0.000000 -0.000001 -0.000048 -0.000310 0.303713
    34 2.056792 0.981240 -1.937610 -1.816178 1.118479 2.817929
    35 6.028143 0.000001 0.000000 1.312101 0.111035 -0.925079
    36 11.692554 0.000000 0.000001 0.000000 0.000000 -0.317511
    37 11.481699 0.000000 0.000003 -1.560004 -0.064157 0.034916
    38 3.851859 0.133064 1.220452 0.630261 0.016747 -0.184511
    39 1.312561 0.000001 0.000000 0.010750 -0.071449 -0.299029
    40 0.729364 0.000000 0.000000 0.010750 -0.071438 -0.299007
    41 3.926668 0.319868 0.458387 0.097557 0.063419 -0.321392
    42 1.539095 0.000000 0.000000 0.003679 -0.023915 -0.306273
    43 1.196326 0.000001 0.000000 0.003691 -0.023925 -0.306466
    44 3.883656 0.207493 -0.403698 -0.145121 -0.030874 -0.322134
    45 1.719576 0.000002 0.000000 -0.003428 0.022227 -0.306415
    46 1.209181 -0.000001 0.000000 -0.003428 0.022229 -0.306370
    47 3.867642 0.104977 -1.303937 -0.606295 -0.046512 -0.315602
    48 1.719425 0.000000 0.000000 -0.012656 0.085117 -0.295505
    49 1.099666 0.000001 0.000000 -0.012656 0.085110 -0.295484
    50 0.837268 -0.312959 -1.310521 1.401911 0.278797 -0.429216
    51 1.789784 0.000000 0.000000 0.000216 0.001729 0.260038
    52 1.206998 0.000000 0.000000 0.000300 0.002007 0.303683
    53 11.687500 0.000001 0.000002 0.000000 0.000000 -0.029498
    54 5.738281 0.000001 0.000001 0.000687 0.000000 0.000000
    55 5.738281 0.000000 0.000000 0.000080 0.000000 0.000000
    56 1.500000 0.000000 0.000003 0.000000 0.000000 0.000000
    57 1.499023 0.000000 0.000001 0.000000 0.000000 0.000000
    58 2.078125 1.478516 -5.000000 0.000000 0.000000 0.000000
    59 5.164063 0.000001 0.000000 0.000000 0.000000 0.000000
    60 11.476563 0.000000 0.000002 0.000149 0.000000 0.000000
    61 5.558594 0.000000 0.000000 0.000000 0.000000 0.000000
    62 5.558594 0.000001 0.000000 0.000000 0.000000 0.000000
    63 5.164063 0.000000 0.000000 0.000000 0.000000 0.000000
    64 11.476563 0.000001 0.000005 0.001270 0.000000 0.000000
    65 2.078125 1.478516 5.000000 0.000000 0.000000 0.000000
    66 11.687500 0.000001 0.000001 0.000000 0.000000 -0.029498
  time 74
    0 -0.006255 0.382829 38.488790 1.570973 -0.000061 0.056482
    1 3.890452 -0.000004 -0.000003 -1.636754 -0.008263 -1.528016
    2 17.848177 0.000000 0.000000 0.000000 0.000000 0.125585
    3 16.525253 0.000000 0.000000 -0.064402 -0.028752 -1.098783
    4 6.879454 0.000000 0.000000 -0.007299 -0.002951 -0.584373
    5 -3.890452 0.000004 0.000007 -1.235132 0.015964 -1.616653
    6 17.848173 0.000000 0.000000 0.000000 0.000000 0.126560
    7 16.525257 0.000000 0.000000 -0.017896 -0.123092 -1.114063
    8 6.879455 0.000000 0.000000 -0.081214 -0.002951 -0.584516
    9 0.000005 3.345128 -2.981901 1.531328 0.150499 1.566172
    10 3.998799 0.000000 0.000000 0.000000 0.000000 -0.000868
    11 3.518565 0.000000 0.000000 -0.017201 0.002876 0.191544
    12 8.923110 0.000000 0.000000 0.000000 0.000000 0.214362
    13 3.307271 0.000000 0.000000 3.141590 0.000000 0.406093
    14 3.601524 -0.000001 0.000000 0.053760 0.014492 0.338665
    15 2.056784 0.981236 1.937660 1.747946 -1.118157 2.814288
    16 6.028142 0.000001 0.000000 -1.131716 -0.006932 -0.926412
    17 11.692554 0.000000 0.000001 0.000000 0.000000 -0.329651
    18 11.481672 0.000000 -0.000032 1.569975 -0.004161 0.043224
    19 3.851891 0.123226 -1.223225 -0.630885 -0.018267 -0.184369
    20 1.312564 0.000001 0.000000 -0.010427 0.069216 -0.299519
    21 0.729362 0.000000 0.000000 -0.010427 0.069220 -0.299499
    22 3.926700 0.316309 -0.458788 -0.097248 -0.066041 -0.320850
    23 1.539095 0.000001 0.000000 -0.003296 0.021430 -0.306424
    24 1.196321 -0.000001 0.000000 -0.003308 0.021443 -0.306671
    25 3.883690 0.211047 0.404099 0.145549 0.028242 -0.322375
    26 1.719576 0.000000 0.000000 0.003811 -0.024733 -0.306239
    27 1.209180 0.000000 0.000000 0.003811 -0.024732 -0.306209
    28 3.867672 0.115964 1.301215 0.606557 0.043935 -0.315981
    29 1.719428 0.000000 0.000000 0.012979 -0.087488 -0.294848
    30 1.099666 -0.000001 0.000000 0.012979 -0.087480 -0.294833
    31 0.837299 -0.302047 1.313446 -1.404045 -0.282251 -0.427077
    32 1.789784 0.000000 -0.000001 -0.000024 -0.000259 0.260046
    33 1.206999 0.000000 -0.000001 -0.000048 -0.000310 0.303713
    34 2.056792 0.981240 -1.937610 -1.816178 1.118479 2.817929
    35 6.028143 0.000001 0.000000 1.310593 0.107121 -0.922843
    36 11.692554 0.000000 0.000001 0.000000 0.000000 -0.320270
    37 11.481699 0.000000 0.000003 -1.560004 -0.064157 0.034916
    38 3.851859 0.133064 1.220452 0.630261 0.016747 -0.184511
    39 1.312561 0.000001 0.000000 0.010750 -0.071449 -0.299029
    40 0.729364 0.000000 0.000000 0.010750 -0.071438 -0.299007
    41 3.926668 0.319868 0.458387 0.097557 0.063419 -0.321392
    42 1.539095 0.000000 0.000000 0.003679 -0.023915 -0.306273
    43 1.196326 0.000001 0.000000 0.003691 -0.023925 -0.306466
    44 3.883656 0.207493 -0.403698 -0.145121 -0.030874 -0.322134
    45 1.719576 0.000002 0.000000 -0.003428 0.022227 -0.306415
    46 1.209181 -0.000001 0.000000 -0.003428 0.022229 -0.306370
    47 3.867642 0.104977 -1.303937 -0.606295 -0.046512 -0.315602
    48 1.719425 0.000000 0.000000 -0.012656 0.085117 -0.295505
    49 1.099666 0.000001 0.000000 -0.012656 0.085110 -0.295484
    50 0.837268 -0.312959 -1.310521 1.401911 0.278797 -0.429216
    51 1.789784 0.000000 0.000000 0.000216 0.001729 0.260038
    52 1.206998 0.000000 0.000000 0.000300 0.002007 0.303683
    53 11.687500 0.000001 0.000002 0.000000 0.000000 -0.029498
    54 5.738281 0.000001 0.000001 0.000687 0.000000 0.000000
    55 5.738281 0.000000 0.000000 0.000080 0.000000 0.000000
    56 1.500000 0.000000 0.000003 0.000000 0.000000 0.000000
    57 1.499023 0.000000 0.000001 0.000000 0.000000 0.000000
    58 2.078125 1.478516 -5.000000 0.000000 0.000000 0.000000
    59 5.164063 0.000001 0.000000 0.000000 0.000000 0.000000
    60 11.476563 0.000000 0.000002 0.000149 0.000000 0.000000
    61 5.558594 0.000000 0.000000 0.000000 0.000000 0.000000
    62 5.558594 0.000001 0.000000 0.000000 0.000000 0.000000
    63 5.164063 0.000000 0.000000 0.000000 0.000000 0.000000
    64 11.476563 0.000001 0.000005 0.001270 0.000000 0.000000
    65 2.078125 1.478516 5.000000 0.000000 0.000000 0.000000
    66 11.687500 0.000001 0.000001 0.000000 0.000000 -0.029498
  time 75
    0 -0.002349 0.382829 38.488790 1.570796 0.000000 0.055850
    1 3.890452 -0.000004 -0.000003 -1.637364 -0.008038 -1.528016
    2 17.848177 0.000000 0.000000 0.000000 0.000000 0.125737
    3 16.525253 0.000000 0.000000 -0.064304 -0.028823 -1.098973
    4 6.879454 0.000000 0.000000 -0.007299 -0.002951 -0.584373
    5 -3.890452 0.000004 0.000007 -1.235639 0.032883 -1.610826
    6 17.848173 0.000000 0.000000 0.000000 0.000000 0.089515
    7 16.525257 0.000000 0.000000 -0.017855 -0.123148 -1.094716
    8 6.879455 0.000000 0.000000 -0.081202 -0.002951 -0.584516
    9 0.000005 3.345128 -2.981901 1.531328 0.150499 1.566172
    10 3.998799 0.000000 0.000000 0.000000 0.000000 -0.000868
    11 3.518565 0.000000 0.000000 -0.017201 0.002876 0.191544
    12 8.923110 0.000000 0.000000 0.000000 0.000000 0.214362
    13 3.307271 0.000000 0.000000 3.141590 0.000000 0.406093
    14 3.601524 -0.000001 0.000000 0.053606 0.015300 0.339084
    15 2.056784 0.981236 1.937660 1.747946 -1.118157 2.814288
    16 6.028142 0.000001 0.000000 -1.131620 -0.006477 -0.926786
    17 11.692554 0.000000 0.000001 0.000000 0.000000 -0.329651
    18 11.481672 0.000000 -0.000032 1.568538 -0.005127 0.042471
    19 3.851891 0.123226 -1.223225 -0.630885 -0.018267 -0.184369
    20 1.312564 0.000001 0.000000 -0.010427 0.069216 -0.299519
    21 0.729362 0.000000 0.000000 -0.010427 0.069220 -0.299499
    22 3.926700 0.316309 -0.458788 -0.097248 -0.066041 -0.320850
    23 1.539095 0.000001 0.000000 -0.003296 0.021430 -0.306424
    24 1.196321 -0.000001 0.000000 -0.003308 0.021443 -0.306671
    25 3.883690 0.211047 0.404099 0.145549 0.028242 -0.322375
    26 1.719576 0.000000 0.000000 0.003811 -0.024733 -0.306239
    27 1.209180 0.000000 0.000000 0.003811 -0.024732 -0.306209
    28 3.867672 0.115964 1.301215 0.606557 0.043935 -0.315981
    29 1.719428 0.000000 0.000000 0.012979 -0.087488 -0.294848
    30 1.099666 -0.000001 0.000000 0.012979 -0.087480 -0.294833
    31 0.837299 -0.302047 1.313446 -1.404045 -0.282251 -0.427077
    32 1.789784 0.000000 -0.000001 -0.000024 -0.000259 0.260046
    33 1.206999 0.000000 -0.000001 -0.000036 -0.000310 0.303713
    34 2.056792 0.981240 -1.937610 -1.816178 1.118479 2.817929
    35 6.028143 0.000001 0.000000 1.310061 0.105450 -0.921817
    36 11.692554 0.000000 0.000001 0.000000 0.000000 -0.321359
    37 11.481699 0.000000 0.000003 -1.560004 -0.064157 0.034916
    38 3.851859 0.133064 1.220452 0.630261 0.016747 -0.184511
    39 1.312561 0.000001 0.000000 0.010750 -0.071449 -0.299029
    40 0.729364 0.000000 0.000000 0.010750 -0.071438 -0.299007
    41 3.926668 0.319868 0.458387 0.097557 0.063419 -0.321392
    42 1.539095 0.000000 0.000000 0.003679 -0.023915 -0.306273
    43 1.196326 0.000001 0.000000 0.003691 -0.023925 -0.306466
    44 3.883656 0.207493 -0.403698 -0.145121 -0.030874 -0.322134
    45 1.719576 0.000002 0.000000 -0.003428 0.022227 -0.306415
    46 1.209181 -0.000001 0.000000 -0.003428 0.022229 -0.306370
    47 3.867642 0.104977 -1.303937 -0.606295 -0.046512 -0.315602
    48 1.719425 0.000000 0.000000 -0.012656 0.085117 -0.295505
    49 1.099666 0.000001 0.000000 -0.012656 0.085110 -0.295484
    50 0.837268 -0.312959 -1.310521 1.401911 0.278797 -0.429216
    51 1.789784 0.000000 0.000000 0.000216 0.001729 0.260038
    52 1.206998 0.000000 0.000000 0.000300 0.002007 0.303683
    53 11.687500 0.000001 0.000002 0.000000 0.000000 -0.029498
    54 5.738281 0.000001 0.000001 0.000687 0.000000 0.000000
    55 5.738281 0.000000 0.000000 0.000080 0.000000 0.000000
    56 1.500000 0.000000 0.000003 0.000000 0.000000 0.000000
    57 1.499023 0.000000 0.000001 0.000000 0.000000 0.000000
    58 2.078125 1.478516 -5.000000 0.000000 0.000000 0.000000
    59 5.164063 0.000001 0.000000 0.000000 0.000000 0.000000
    60 11.476563 0.000000 0.000002 0.000149 0.000000 0.000000
    61 5.558594 0.000000 0.000000 0.000000 0.000000 0.000000
    62 5.558594 0.000001 0.000000 0.000000 0.000000 0.000000
    63 5.164063 0.000000 0.000000 0.000000 0.000000 0.000000
    64 11.476563 0.000001 0.000005 0.001270 0.000000 0.000000
    65 2.078125 1.478516 5.000000 0.000000 0.000000 0.000000
    66 11.687500 0.000001 0.000001 0.000000 0.000000 -0.029498
end
