version 1
nodes
0 "ValveBiped.fassassin" -1
1 "ValveBiped.Bip01" -1
2 "ValveBiped.Bip01_Pelvis" 1
3 "ValveBiped.Bip01_L_Thigh" 2
4 "ValveBiped.Bip01_L_Calf" 3
5 "ValveBiped.Bip01_L_Foot" 4
6 "ValveBiped.Bip01_L_Toe0" 5
7 "ValveBiped.Bip01_R_Thigh" 2
8 "ValveBiped.Bip01_R_Calf" 7
9 "ValveBiped.Bip01_R_Foot" 8
10 "ValveBiped.Bip01_R_Toe0" 9
11 "ValveBiped.Bip01_Spine" 1
12 "ValveBiped.Bip01_Spine1" 11
13 "ValveBiped.Bip01_Spine2" 12
14 "ValveBiped.Bip01_Spine4" 13
15 "ValveBiped.Bip01_Neck1" 14
16 "ValveBiped.Bip01_Head1" 15
17 "ValveBiped.Bip01_L_Clavicle" 14
18 "ValveBiped.Bip01_L_UpperArm" 17
19 "ValveBiped.Bip01_L_Forearm" 18
20 "ValveBiped.Bip01_L_Hand" 19
21 "ValveBiped.Bip01_L_Finger4" 20
22 "ValveBiped.Bip01_L_Finger41" 21
23 "ValveBiped.Bip01_L_Finger42" 22
24 "ValveBiped.Bip01_L_Finger3" 20
25 "ValveBiped.Bip01_L_Finger31" 24
26 "ValveBiped.Bip01_L_Finger32" 25
27 "ValveBiped.Bip01_L_Finger2" 20
28 "ValveBiped.Bip01_L_Finger21" 27
29 "ValveBiped.Bip01_L_Finger22" 28
30 "ValveBiped.Bip01_L_Finger1" 20
31 "ValveBiped.Bip01_L_Finger11" 30
32 "ValveBiped.Bip01_L_Finger12" 31
33 "ValveBiped.Bip01_L_Finger0" 20
34 "ValveBiped.Bip01_L_Finger01" 33
35 "ValveBiped.Bip01_L_Finger02" 34
36 "ValveBiped.Bip01_R_Clavicle" 14
37 "ValveBiped.Bip01_R_UpperArm" 36
38 "ValveBiped.Bip01_R_Forearm" 37
39 "ValveBiped.Bip01_R_Hand" 38
40 "ValveBiped.Bip01_R_Finger4" 39
41 "ValveBiped.Bip01_R_Finger41" 40
42 "ValveBiped.Bip01_R_Finger42" 41
43 "ValveBiped.Bip01_R_Finger3" 39
44 "ValveBiped.Bip01_R_Finger31" 43
45 "ValveBiped.Bip01_R_Finger32" 44
46 "ValveBiped.Bip01_R_Finger2" 39
47 "ValveBiped.Bip01_R_Finger21" 46
48 "ValveBiped.Bip01_R_Finger22" 47
49 "ValveBiped.Bip01_R_Finger1" 39
50 "ValveBiped.Bip01_R_Finger11" 49
51 "ValveBiped.Bip01_R_Finger12" 50
52 "ValveBiped.Bip01_R_Finger0" 39
53 "ValveBiped.Bip01_R_Finger01" 52
54 "ValveBiped.Bip01_R_Finger02" 53
55 "ValveBiped.pistol" -1
56 "ValveBiped.Weapon_bone" 39
57 "ValveBiped.pistol1" -1
58 "ValveBiped.Weapon_boneL" 20
end
skeleton
time 0
0 0.000000 0.000000 0.000000 1.570796 0.000000 0.000000
1 26.638262 11.587624 15.993367 1.285813 -0.017831 -0.432042
2 0.000000 0.000000 0.000000 0.000000 0.000000 0.000000
3 3.984023 0.000006 0.000007 277.290257 4.471266 -286.674520
4 19.319885 0.000000 0.000000 0.000000 0.000000 2.265798
5 16.701586 0.000000 0.000000 -398.851432 9.434727 52.173000
6 6.534990 0.000000 0.000000 6.277784 -0.004872 -1.089338
7 -3.984013 0.000006 0.000007 -160.920753 -2.844710 151.501617
8 19.319885 0.000000 0.000000 0.000000 0.000000 2.612263
9 16.701586 0.000000 0.000000 -254.507591 -3.219248 76.713484
10 6.534990 0.000000 0.000000 6.205407 -0.004504 -1.352450
11 0.000005 4.212782 -1.689684 1.490474 -0.137553 1.618985
12 3.620122 0.000000 0.000000 -0.171060 -0.063789 0.172852
13 3.445709 0.000000 0.000000 -6.454765 -0.062365 0.261904
14 7.391221 0.000000 0.000000 0.000000 0.000000 0.155677
15 3.178825 0.000000 0.000000 3.141590 -0.000000 0.364769
16 3.706899 0.000000 0.000000 0.761288 0.199878 0.295682
17 2.023582 0.907751 0.852529 -2.120532 -1.282479 0.388955
18 4.983666 0.000000 0.000000 -2.139940 -0.083489 -1.000090
19 10.904947 0.000000 0.000000 0.000000 0.000000 -1.553859
20 10.565866 -0.000002 -0.000032 0.370306 -0.008239 0.249391
21 3.464121 0.088918 -0.780280 -0.266522 0.272889 -0.114263
22 1.149897 0.000000 0.000000 0.000000 -0.053881 0.012281
23 0.932722 0.000000 0.000000 0.000000 0.019566 -0.057876
24 3.616507 0.088098 -0.193358 -0.074871 0.173485 -0.083578
25 1.340571 0.000000 0.000000 0.000000 -0.038612 -0.058163
26 0.801953 0.000000 0.000000 0.000000 -0.007693 0.047703
27 3.507634 -0.030219 0.336396 0.087874 -0.039626 -0.002228
28 1.575054 0.000000 0.000000 0.000000 0.054588 -0.133696
29 1.060836 0.000000 0.000000 0.000000 -0.055036 -0.056381
30 3.709198 0.065912 0.920442 0.315356 -0.197665 -0.104771
31 1.321863 0.000000 0.000000 0.000000 0.046519 -0.073857
32 0.977462 0.000000 0.000000 0.000000 0.011737 -0.061857
33 0.820752 -0.193688 0.888224 -1.372855 -0.498548 -0.474342
34 1.123140 0.000000 0.000000 0.000000 -0.012010 0.116354
35 0.860971 0.000000 0.000000 0.000000 -0.000207 -0.180622
36 2.023582 0.907751 -0.852529 2.459137 1.140717 0.819689
37 4.983666 0.000000 0.000000 1.124684 0.876954 -1.448705
38 10.904951 0.000000 0.000000 0.000000 0.000000 -1.600772
39 10.565886 0.000000 0.000000 -0.489585 -0.091777 0.072311
40 3.464092 0.095513 0.779500 0.265534 -0.273843 -0.111899
41 1.149897 0.000000 0.000000 0.000000 0.053975 0.011863
42 0.932722 0.000000 0.000000 0.000000 -0.020014 -0.057722
43 3.616478 0.089730 0.192606 0.074650 -0.174185 -0.082089
44 1.340571 0.000000 0.000000 0.000000 0.038126 -0.058483
45 0.801953 0.000000 0.000000 0.000000 0.008090 0.047637
46 3.507606 -0.033063 -0.336129 -0.087881 0.039606 -0.002554
47 1.575054 0.000000 0.000000 0.000000 -0.055713 -0.133233
48 1.060836 0.000000 0.000000 0.000000 0.054561 -0.056841
49 3.709169 0.058127 -0.920967 -0.315627 0.196774 -0.106443
50 1.321863 0.000000 0.000000 0.000000 -0.047130 -0.073469
51 0.977462 0.000000 0.000000 0.000000 -0.012250 -0.061757
52 0.820726 -0.201215 -0.886554 1.300423 0.122948 -0.720464
53 1.123140 0.000000 0.000000 0.000000 0.012726 0.116278
54 0.860971 0.000000 0.000000 0.000000 -0.000893 -0.180620
55 0.000000 0.000000 0.000000 1.570796 0.000000 0.000000
56 5.227545 -0.816079 -4.837857 0.000000 0.000000 0.000000
57 10.033155 -4.329227 0.133056 1.570796 0.000000 0.000000
58 3.682468 -1.284143 1.232271 0.157080 0.000000 0.000000
time 1
1 26.760857 11.888519 14.920592 1.264199 -0.018163 -0.442171
2 0.000000 0.000000 0.000000 0.000000 0.000000 0.000000
3 3.984023 0.000006 0.000007 277.119576 4.499107 -286.487000
4 19.319885 0.000000 0.000000 0.000000 0.000000 2.304260
5 16.701586 0.000000 0.000000 -398.855796 9.427289 52.192349
6 6.534990 0.000000 0.000000 6.277784 -0.004872 -1.089338
7 -3.984013 0.000006 0.000007 -160.935718 -2.861826 151.541160
8 19.319885 0.000000 0.000000 0.000000 0.000000 2.673110
9 16.701586 0.000000 0.000000 -254.516812 -3.236905 76.575391
10 6.534990 0.000000 0.000000 6.205100 -0.004564 -1.304234
11 0.000005 4.212782 -1.689684 1.500672 -0.143890 1.618786
12 3.620122 0.000000 0.000000 -0.162800 -0.064937 0.186187
13 3.445709 0.000000 0.000000 -6.446515 -0.063582 0.280543
14 7.391221 0.000000 0.000000 0.012159 -0.001658 0.157431
15 3.178825 0.000000 0.000000 3.141590 -0.000000 0.364769
16 3.706899 0.000000 0.000000 0.675557 0.170347 0.339352
17 2.023582 0.907751 0.852529 -2.120532 -1.282479 0.388955
18 4.983666 0.000000 0.000000 -2.130310 -0.115313 -0.991354
19 10.904947 0.000000 0.000000 0.000000 0.000000 -1.553859
20 10.565866 -0.000002 -0.000032 0.370306 -0.008239 0.249391
21 3.464121 0.088918 -0.780280 -0.266522 0.272889 -0.114263
22 1.149897 0.000000 0.000000 0.000000 -0.053881 0.012281
23 0.932722 0.000000 0.000000 0.000000 0.019566 -0.057876
24 3.616507 0.088098 -0.193358 -0.074871 0.173485 -0.083578
25 1.340571 0.000000 0.000000 0.000000 -0.038612 -0.058163
26 0.801953 0.000000 0.000000 0.000000 -0.007693 0.047703
27 3.507634 -0.030219 0.336396 0.087874 -0.039626 -0.002228
28 1.575054 0.000000 0.000000 0.000000 0.054588 -0.133696
29 1.060836 0.000000 0.000000 0.000000 -0.055036 -0.056381
30 3.709198 0.065912 0.920442 0.315356 -0.197665 -0.104771
31 1.321863 0.000000 0.000000 0.000000 0.046519 -0.073857
32 0.977462 0.000000 0.000000 0.000000 0.011737 -0.061857
33 0.820752 -0.193688 0.888224 -1.372855 -0.498548 -0.474342
34 1.123140 0.000000 0.000000 0.000000 -0.012010 0.116354
35 0.860971 0.000000 0.000000 0.000000 -0.000207 -0.180622
36 2.023582 0.907751 -0.852529 2.459137 1.140717 0.819689
37 4.983666 0.000000 0.000000 1.155310 0.838228 -1.491821
38 10.904951 0.000000 0.000000 0.000000 0.000000 -1.582623
39 10.565886 0.000000 0.000000 -0.489585 -0.091777 0.072311
40 3.464092 0.095513 0.779500 0.265534 -0.273843 -0.111899
41 1.149897 0.000000 0.000000 0.000000 0.053975 0.011863
42 0.932722 0.000000 0.000000 0.000000 -0.020014 -0.057722
43 3.616478 0.089730 0.192606 0.074650 -0.174185 -0.082089
44 1.340571 0.000000 0.000000 0.000000 0.038126 -0.058483
45 0.801953 0.000000 0.000000 0.000000 0.008090 0.047637
46 3.507606 -0.033063 -0.336129 -0.087881 0.039606 -0.002554
47 1.575054 0.000000 0.000000 0.000000 -0.055713 -0.133233
48 1.060836 0.000000 0.000000 0.000000 0.054561 -0.056841
49 3.709169 0.058127 -0.920967 -0.315627 0.196774 -0.106443
50 1.321863 0.000000 0.000000 0.000000 -0.047130 -0.073469
51 0.977462 0.000000 0.000000 0.000000 -0.012250 -0.061757
52 0.820726 -0.201215 -0.886554 1.300423 0.122948 -0.720464
53 1.123140 0.000000 0.000000 0.000000 0.012726 0.116278
54 0.860971 0.000000 0.000000 0.000000 -0.000893 -0.180620
56 5.227545 -0.816079 -4.837857 0.000000 0.000000 0.000000
57 10.033155 -4.329227 0.133056 1.570796 0.000000 0.000000
58 3.682468 -1.284143 1.232271 0.157080 0.000000 0.000000
time 2
1 26.965179 12.547548 12.876419 1.228194 -0.018703 -0.459054
2 0.000000 0.000000 0.000000 0.000000 0.000000 0.000000
3 3.984023 0.000006 0.000007 276.605675 4.536753 -285.931579
4 19.319885 0.000000 0.000000 0.000000 0.000000 2.362158
5 16.701586 0.000000 0.000000 -398.869874 9.407382 52.259504
6 6.534990 0.000000 0.000000 6.277784 -0.004872 -1.089338
7 -3.984013 0.000006 0.000007 -160.958421 -2.949120 151.695427
8 19.319885 0.000000 0.000000 0.000000 0.000000 2.770281
9 16.701586 0.000000 0.000000 -254.557497 -3.281377 76.158490
10 6.534990 0.000000 0.000000 6.203890 -0.004798 -1.137554
11 0.000005 4.212782 -1.689684 1.523943 -0.161816 1.617777
12 3.620122 0.000000 0.000000 -0.142488 -0.066666 0.217388
13 3.445709 0.000000 0.000000 -6.426220 -0.065478 0.320591
14 7.391221 0.000000 0.000000 0.038910 -0.005303 0.163551
15 3.178825 0.000000 0.000000 3.141590 -0.000000 0.364769
16 3.706899 0.000000 0.000000 0.532031 0.117678 0.416961
17 2.023582 0.907751 0.852529 -2.120532 -1.282479 0.388955
18 4.983666 0.000000 0.000000 -2.116087 -0.203363 -0.962010
19 10.904947 0.000000 0.000000 0.000000 0.000000 -1.553859
20 10.565866 -0.000002 -0.000032 0.370306 -0.008239 0.249391
21 3.464121 0.088918 -0.780280 -0.266522 0.272889 -0.114263
22 1.149897 0.000000 0.000000 0.000000 -0.053881 0.012281
23 0.932722 0.000000 0.000000 0.000000 0.019566 -0.057876
24 3.616507 0.088098 -0.193358 -0.074871 0.173485 -0.083578
25 1.340571 0.000000 0.000000 0.000000 -0.038612 -0.058163
26 0.801953 0.000000 0.000000 0.000000 -0.007693 0.047703
27 3.507634 -0.030219 0.336396 0.087874 -0.039626 -0.002228
28 1.575054 0.000000 0.000000 0.000000 0.054588 -0.133696
29 1.060836 0.000000 0.000000 0.000000 -0.055036 -0.056381
30 3.709198 0.065912 0.920442 0.315356 -0.197665 -0.104771
31 1.321863 0.000000 0.000000 0.000000 0.046519 -0.073857
32 0.977462 0.000000 0.000000 0.000000 0.011737 -0.061857
33 0.820752 -0.193688 0.888224 -1.372855 -0.498548 -0.474342
34 1.123140 0.000000 0.000000 0.000000 -0.012010 0.116354
35 0.860971 0.000000 0.000000 0.000000 -0.000207 -0.180622
36 2.023582 0.907751 -0.852529 2.459137 1.140717 0.819689
37 4.983666 0.000000 0.000000 1.259930 0.773503 -1.528212
38 10.904951 0.000000 0.000000 0.000000 0.000000 -1.557966
39 10.565886 0.000000 0.000000 -0.489585 -0.091777 0.072311
40 3.464092 0.095513 0.779500 0.265534 -0.273843 -0.111899
41 1.149897 0.000000 0.000000 0.000000 0.053975 0.011863
42 0.932722 0.000000 0.000000 0.000000 -0.020014 -0.057722
43 3.616478 0.089730 0.192606 0.074650 -0.174185 -0.082089
44 1.340571 0.000000 0.000000 0.000000 0.038126 -0.058483
45 0.801953 0.000000 0.000000 0.000000 0.008090 0.047637
46 3.507606 -0.033063 -0.336129 -0.087881 0.039606 -0.002554
47 1.575054 0.000000 0.000000 0.000000 -0.055713 -0.133233
48 1.060836 0.000000 0.000000 0.000000 0.054561 -0.056841
49 3.709169 0.058127 -0.920967 -0.315627 0.196774 -0.106443
50 1.321863 0.000000 0.000000 0.000000 -0.047130 -0.073469
51 0.977462 0.000000 0.000000 0.000000 -0.012250 -0.061757
52 0.820726 -0.201215 -0.886554 1.300423 0.122948 -0.720464
53 1.123140 0.000000 0.000000 0.000000 0.012726 0.116278
54 0.860971 0.000000 0.000000 0.000000 -0.000893 -0.180620
56 5.227545 -0.816079 -4.837857 0.000000 0.000000 0.000000
57 10.033155 -4.329227 0.133056 1.570796 0.000000 0.000000
58 3.682468 -1.284143 1.232271 0.157080 0.000000 0.000000
time 3
1 27.006042 13.199224 11.622073 1.220996 -0.018809 -0.462430
2 0.000000 0.000000 0.000000 0.000000 0.000000 0.000000
3 3.984023 0.000006 0.000007 276.091826 4.535219 -285.378818
4 19.319885 0.000000 0.000000 0.000000 0.000000 2.375707
5 16.701586 0.000000 0.000000 -398.889577 9.383352 52.343515
6 6.534990 0.000000 0.000000 6.277784 -0.004872 -1.089338
7 -3.984013 0.000006 0.000007 -160.917890 -2.962393 151.814498
8 19.319885 0.000000 0.000000 0.000000 0.000000 2.835512
9 16.701586 0.000000 0.000000 -254.611101 -3.361981 75.943869
10 6.534990 0.000000 0.000000 6.203481 -0.004878 -1.089338
11 0.000005 4.212782 -1.689684 1.549370 -0.189743 1.615342
12 3.620122 0.000000 0.000000 -0.116831 -0.066400 0.253249
13 3.445709 0.000000 0.000000 -6.400564 -0.065425 0.358244
14 7.391221 0.000000 0.000000 0.065662 -0.008944 0.175402
15 3.178825 0.000000 0.000000 3.141590 -0.000000 0.364769
16 3.706899 0.000000 0.000000 0.419508 0.073940 0.481847
17 2.023582 0.907751 0.852529 -2.120532 -1.282479 0.388955
18 4.983666 0.000000 0.000000 -2.123524 -0.337477 -0.906904
19 10.904947 0.000000 0.000000 0.000000 0.000000 -1.553859
20 10.565866 -0.000002 -0.000032 0.370306 -0.008239 0.249391
21 3.464121 0.088918 -0.780280 -0.266522 0.272889 -0.114263
22 1.149897 0.000000 0.000000 0.000000 -0.053881 0.012281
23 0.932722 0.000000 0.000000 0.000000 0.019566 -0.057876
24 3.616507 0.088098 -0.193358 -0.074871 0.173485 -0.083578
25 1.340571 0.000000 0.000000 0.000000 -0.038612 -0.058163
26 0.801953 0.000000 0.000000 0.000000 -0.007693 0.047703
27 3.507634 -0.030219 0.336396 0.087874 -0.039626 -0.002228
28 1.575054 0.000000 0.000000 0.000000 0.054588 -0.133696
29 1.060836 0.000000 0.000000 0.000000 -0.055036 -0.056381
30 3.709198 0.065912 0.920442 0.315356 -0.197665 -0.104771
31 1.321863 0.000000 0.000000 0.000000 0.046519 -0.073857
32 0.977462 0.000000 0.000000 0.000000 0.011737 -0.061857
33 0.820752 -0.193688 0.888224 -1.372855 -0.498548 -0.474342
34 1.123140 0.000000 0.000000 0.000000 -0.012010 0.116354
35 0.860971 0.000000 0.000000 0.000000 -0.000207 -0.180622
36 2.023582 0.907751 -0.852529 2.459137 1.140717 0.819689
37 4.983666 0.000000 0.000000 1.425679 0.718975 -1.499779
38 10.904951 0.000000 0.000000 0.000000 0.000000 -1.575031
39 10.565886 0.000000 0.000000 -0.489585 -0.091777 0.072311
40 3.464092 0.095513 0.779500 0.265534 -0.273843 -0.111899
41 1.149897 0.000000 0.000000 0.000000 0.053975 0.011863
42 0.932722 0.000000 0.000000 0.000000 -0.020014 -0.057722
43 3.616478 0.089730 0.192606 0.074650 -0.174185 -0.082089
44 1.340571 0.000000 0.000000 0.000000 0.038126 -0.058483
45 0.801953 0.000000 0.000000 0.000000 0.008090 0.047637
46 3.507606 -0.033063 -0.336129 -0.087881 0.039606 -0.002554
47 1.575054 0.000000 0.000000 0.000000 -0.055713 -0.133233
48 1.060836 0.000000 0.000000 0.000000 0.054561 -0.056841
49 3.709169 0.058127 -0.920967 -0.315627 0.196774 -0.106443
50 1.321863 0.000000 0.000000 0.000000 -0.047130 -0.073469
51 0.977462 0.000000 0.000000 0.000000 -0.012250 -0.061757
52 0.820726 -0.201215 -0.886554 1.300423 0.122948 -0.720464
53 1.123140 0.000000 0.000000 0.000000 0.012726 0.116278
54 0.860971 0.000000 0.000000 0.000000 -0.000893 -0.180620
56 5.227545 -0.816079 -4.837857 0.000000 0.000000 0.000000
57 10.033155 -4.329227 0.133056 1.570796 0.000000 0.000000
58 3.682468 -1.284143 1.232271 0.157080 0.000000 0.000000
time 4
1 26.638262 13.478057 12.918779 1.285813 -0.017831 -0.432042
2 0.000000 0.000000 0.000000 0.000000 0.000000 0.000000
3 3.984023 0.000006 0.000007 276.094263 4.559300 -285.397515
4 19.319885 0.000000 0.000000 0.000000 0.000000 2.311947
5 16.701586 0.000000 0.000000 -398.890668 9.383407 52.370389
6 6.534990 0.000000 0.000000 6.277784 -0.004872 -1.089338
7 -3.984013 0.000006 0.000007 -160.833282 -2.871910 151.741055
8 19.319885 0.000000 0.000000 0.000000 0.000000 2.755445
9 16.701586 0.000000 0.000000 -254.618890 -3.375765 76.093474
10 6.534990 0.000000 0.000000 6.203481 -0.004878 -1.089338
11 0.000005 4.212782 -1.689684 1.566169 -0.226195 1.610844
12 3.620122 0.000000 0.000000 -0.092534 -0.061567 0.280549
13 3.445709 0.000000 0.000000 -6.376228 -0.060793 0.369687
14 7.391221 0.000000 0.000000 0.077823 -0.010598 0.194534
15 3.178825 0.000000 0.000000 3.141590 -0.000000 0.364769
16 3.706899 0.000000 0.000000 0.376959 0.056929 0.507313
17 2.023582 0.907751 0.852529 -2.120532 -1.282479 0.388955
18 4.983666 0.000000 0.000000 -2.186076 -0.503559 -0.809578
19 10.904947 0.000000 0.000000 0.000000 0.000000 -1.553859
20 10.565866 -0.000002 -0.000032 0.370306 -0.008239 0.249391
21 3.464121 0.088918 -0.780280 -0.266522 0.272889 -0.114263
22 1.149897 0.000000 0.000000 0.000000 -0.053881 0.012281
23 0.932722 0.000000 0.000000 0.000000 0.019566 -0.057876
24 3.616507 0.088098 -0.193358 -0.074871 0.173485 -0.083578
25 1.340571 0.000000 0.000000 0.000000 -0.038612 -0.058163
26 0.801953 0.000000 0.000000 0.000000 -0.007693 0.047703
27 3.507634 -0.030219 0.336396 0.087874 -0.039626 -0.002228
28 1.575054 0.000000 0.000000 0.000000 0.054588 -0.133696
29 1.060836 0.000000 0.000000 0.000000 -0.055036 -0.056381
30 3.709198 0.065912 0.920442 0.315356 -0.197665 -0.104771
31 1.321863 0.000000 0.000000 0.000000 0.046519 -0.073857
32 0.977462 0.000000 0.000000 0.000000 0.011737 -0.061857
33 0.820752 -0.193688 0.888224 -1.372855 -0.498548 -0.474342
34 1.123140 0.000000 0.000000 0.000000 -0.012010 0.116354
35 0.860971 0.000000 0.000000 0.000000 -0.000207 -0.180622
36 2.023582 0.907751 -0.852529 2.459137 1.140717 0.819689
37 4.983666 0.000000 0.000000 1.629237 0.655180 -1.404541
38 10.904951 0.000000 0.000000 0.000000 0.000000 -1.689546
39 10.565886 0.000000 0.000000 -0.489585 -0.091777 0.072311
40 3.464092 0.095513 0.779500 0.265534 -0.273843 -0.111899
41 1.149897 0.000000 0.000000 0.000000 0.053975 0.011863
42 0.932722 0.000000 0.000000 0.000000 -0.020014 -0.057722
43 3.616478 0.089730 0.192606 0.074650 -0.174185 -0.082089
44 1.340571 0.000000 0.000000 0.000000 0.038126 -0.058483
45 0.801953 0.000000 0.000000 0.000000 0.008090 0.047637
46 3.507606 -0.033063 -0.336129 -0.087881 0.039606 -0.002554
47 1.575054 0.000000 0.000000 0.000000 -0.055713 -0.133233
48 1.060836 0.000000 0.000000 0.000000 0.054561 -0.056841
49 3.709169 0.058127 -0.920967 -0.315627 0.196774 -0.106443
50 1.321863 0.000000 0.000000 0.000000 -0.047130 -0.073469
51 0.977462 0.000000 0.000000 0.000000 -0.012250 -0.061757
52 0.820726 -0.201215 -0.886554 1.300423 0.122948 -0.720464
53 1.123140 0.000000 0.000000 0.000000 0.012726 0.116278
54 0.860971 0.000000 0.000000 0.000000 -0.000893 -0.180620
56 5.227545 -0.816079 -4.837857 0.000000 0.000000 0.000000
57 10.033155 -4.329227 0.133056 1.570796 0.000000 0.000000
58 3.682468 -1.284143 1.232271 0.157080 0.000000 0.000000
time 5
1 25.697807 13.487619 17.805099 1.437033 -0.022757 -0.338663
2 0.000000 0.000000 0.000000 0.000000 0.000000 0.000000
3 3.984023 0.000006 0.000007 276.752784 4.580315 -286.145979
4 19.319885 0.000000 0.000000 0.000000 0.000000 2.037945
5 16.701586 0.000000 0.000000 -398.964504 9.432482 52.487862
6 6.534990 0.000000 0.000000 6.277784 -0.004872 -1.089338
7 -3.984013 0.000006 0.000007 -160.995237 -2.628886 151.791250
8 19.319885 0.000000 0.000000 0.000000 0.000000 2.465721
9 16.701586 0.000000 0.000000 -254.581256 -3.412770 76.348251
10 6.534990 0.000000 0.000000 6.203481 -0.004878 -1.089338
11 0.000005 4.212782 -1.689684 1.570498 -0.282761 1.604858
12 3.620122 0.000000 0.000000 -0.065821 -0.042457 0.295820
13 3.445709 0.000000 0.000000 -6.349358 -0.041907 0.332230
14 7.391221 0.000000 0.000000 0.068031 -0.007143 0.227602
15 3.178825 0.000000 0.000000 3.141590 -0.000000 0.364769
16 3.706899 0.000000 0.000000 0.299674 0.037574 0.722555
17 2.023582 0.907751 0.852529 -2.385614 -1.361402 0.647770
18 4.983666 0.000000 0.000000 -2.004608 -0.644564 -0.945016
19 10.904947 0.000000 0.000000 0.000000 0.000000 -1.580835
20 10.565866 -0.000002 -0.000032 0.370584 -0.008756 0.242878
21 3.464121 0.088918 -0.780280 -0.266522 0.272889 -0.114263
22 1.149897 0.000000 0.000000 0.000000 -0.053881 0.012281
23 0.932722 0.000000 0.000000 0.000000 0.019566 -0.057876
24 3.616507 0.088098 -0.193358 -0.074871 0.173485 -0.083578
25 1.340571 0.000000 0.000000 0.000000 -0.038612 -0.058163
26 0.801953 0.000000 0.000000 0.000000 -0.007693 0.047703
27 3.507634 -0.030219 0.336396 0.087874 -0.039626 -0.002228
28 1.575054 0.000000 0.000000 0.000000 0.054588 -0.133696
29 1.060836 0.000000 0.000000 0.000000 -0.055036 -0.056381
30 3.709198 0.065912 0.920442 0.315356 -0.197665 -0.104771
31 1.321863 0.000000 0.000000 0.000000 0.046519 -0.073857
32 0.977462 0.000000 0.000000 0.000000 0.011737 -0.061857
33 0.820752 -0.193688 0.888224 -1.372855 -0.498548 -0.474342
34 1.123140 0.000000 0.000000 0.000000 -0.012010 0.116354
35 0.860971 0.000000 0.000000 0.000000 -0.000207 -0.180622
36 2.023582 0.907751 -0.852529 -0.457057 1.947637 -2.111041
37 4.983666 0.000000 0.000000 1.810957 0.415877 -1.023824
38 10.904951 0.000000 0.000000 0.000000 0.000000 -1.885855
39 10.565886 0.000000 0.000000 -0.489585 -0.091777 0.072311
40 3.464092 0.095513 0.779500 0.265534 -0.273843 -0.111899
41 1.149897 0.000000 0.000000 0.000000 0.053975 0.011863
42 0.932722 0.000000 0.000000 0.000000 -0.020014 -0.057722
43 3.616478 0.089730 0.192606 0.074650 -0.174185 -0.082089
44 1.340571 0.000000 0.000000 0.000000 0.038126 -0.058483
45 0.801953 0.000000 0.000000 0.000000 0.008090 0.047637
46 3.507606 -0.033063 -0.336129 -0.087881 0.039606 -0.002554
47 1.575054 0.000000 0.000000 0.000000 -0.055713 -0.133233
48 1.060836 0.000000 0.000000 0.000000 0.054561 -0.056841
49 3.709169 0.058127 -0.920967 -0.315627 0.196774 -0.106443
50 1.321863 0.000000 0.000000 0.000000 -0.047130 -0.073469
51 0.977462 0.000000 0.000000 0.000000 -0.012250 -0.061757
52 0.820726 -0.201215 -0.886554 1.300423 0.122948 -0.720464
53 1.123140 0.000000 0.000000 0.000000 0.012726 0.116278
54 0.860971 0.000000 0.000000 0.000000 -0.000893 -0.180620
56 5.227545 -0.816079 -4.837857 0.000000 0.000000 0.000000
57 10.033155 -4.329227 0.133056 1.570796 0.000000 0.000000
58 3.682468 -1.284143 1.232271 0.157080 0.000000 0.000000
time 6
1 24.348328 13.355826 25.152082 1.648775 -0.031780 -0.201011
2 0.000000 0.000000 0.000000 0.000000 0.000000 0.000000
3 3.984023 0.000006 0.000007 277.300756 4.511836 -286.828089
4 19.319885 0.000000 0.000000 0.000000 0.000000 1.465137
5 16.701586 0.000000 0.000000 -398.999342 9.455043 52.887737
6 6.534990 0.000000 0.000000 6.277784 -0.004872 -1.089338
7 -3.984013 0.000006 0.000007 -161.281205 -2.433423 152.050186
8 19.319885 0.000000 0.000000 0.000000 0.000000 1.999763
9 16.701586 0.000000 0.000000 -254.532817 -3.379400 76.653105
10 6.534990 0.000000 0.000000 6.203481 -0.004878 -1.089338
11 0.000005 4.212782 -1.689684 1.569248 -0.356285 1.597358
12 3.620122 0.000000 0.000000 -0.034973 -0.013451 0.306087
13 3.445709 0.000000 0.000000 -6.318270 -0.013158 0.264020
14 7.391221 0.000000 0.000000 0.045226 -0.000501 0.271684
15 3.178825 0.000000 0.000000 3.141590 -0.000000 0.364769
16 3.706899 0.000000 0.000000 0.195723 0.010769 1.015169
17 2.023582 0.907751 0.852529 0.378257 -1.735526 -2.121143
18 4.983666 0.000000 0.000000 -1.672749 -0.746198 -1.284378
19 10.904947 0.000000 0.000000 0.000000 0.000000 -1.350861
20 10.565866 -0.000002 -0.000032 0.371178 -0.009829 0.229265
21 3.464121 0.088918 -0.780280 -0.266522 0.272889 -0.114263
22 1.149897 0.000000 0.000000 0.000000 -0.053881 0.012281
23 0.932722 0.000000 0.000000 0.000000 0.019566 -0.057876
24 3.616507 0.088098 -0.193358 -0.074871 0.173485 -0.083578
25 1.340571 0.000000 0.000000 0.000000 -0.038612 -0.058163
26 0.801953 0.000000 0.000000 0.000000 -0.007693 0.047703
27 3.507634 -0.030219 0.336396 0.087874 -0.039626 -0.002228
28 1.575054 0.000000 0.000000 0.000000 0.054588 -0.133696
29 1.060836 0.000000 0.000000 0.000000 -0.055036 -0.056381
30 3.709198 0.065912 0.920442 0.315356 -0.197665 -0.104771
31 1.321863 0.000000 0.000000 0.000000 0.046519 -0.073857
32 0.977462 0.000000 0.000000 0.000000 0.011737 -0.061857
33 0.820752 -0.193688 0.888224 -1.372855 -0.498548 -0.474342
34 1.123140 0.000000 0.000000 0.000000 -0.012010 0.116354
35 0.860971 0.000000 0.000000 0.000000 -0.000207 -0.180622
36 2.023582 0.907751 -0.852529 -0.233167 1.920437 -1.898898
37 4.983666 0.000000 0.000000 1.927370 0.088503 -0.868199
38 10.904951 0.000000 0.000000 0.000000 0.000000 -2.031909
39 10.565886 0.000000 0.000000 -0.489585 -0.091777 0.072311
40 3.464092 0.095513 0.779500 0.265534 -0.273843 -0.111899
41 1.149897 0.000000 0.000000 0.000000 0.053975 0.011863
42 0.932722 0.000000 0.000000 0.000000 -0.020014 -0.057722
43 3.616478 0.089730 0.192606 0.074650 -0.174185 -0.082089
44 1.340571 0.000000 0.000000 0.000000 0.038126 -0.058483
45 0.801953 0.000000 0.000000 0.000000 0.008090 0.047637
46 3.507606 -0.033063 -0.336129 -0.087881 0.039606 -0.002554
47 1.575054 0.000000 0.000000 0.000000 -0.055713 -0.133233
48 1.060836 0.000000 0.000000 0.000000 0.054561 -0.056841
49 3.709169 0.058127 -0.920967 -0.315627 0.196774 -0.106443
50 1.321863 0.000000 0.000000 0.000000 -0.047130 -0.073469
51 0.977462 0.000000 0.000000 0.000000 -0.012250 -0.061757
52 0.820726 -0.201215 -0.886554 1.300423 0.122948 -0.720464
53 1.123140 0.000000 0.000000 0.000000 0.012726 0.116278
54 0.860971 0.000000 0.000000 0.000000 -0.000893 -0.180620
56 5.227545 -0.816079 -4.837857 0.000000 0.000000 0.000000
57 10.033155 -4.329227 0.133056 1.570796 0.000000 0.000000
58 3.682468 -1.284143 1.232271 0.157080 0.000000 0.000000
time 7
1 22.836149 12.753708 33.469677 1.909875 -0.029357 -0.070813
2 0.000000 0.000000 0.000000 0.000000 0.000000 0.000000
3 3.984023 0.000006 0.000007 277.927302 4.341762 -287.465543
4 19.319885 0.000000 0.000000 0.000000 0.000000 0.797716
5 16.701586 0.000000 0.000000 -399.039294 9.426142 53.256907
6 6.534990 0.000000 0.000000 6.277784 -0.004872 -1.089338
7 -3.984013 0.000006 0.000007 -161.343928 -2.403705 152.182568
8 19.319885 0.000000 0.000000 0.000000 0.000000 1.362439
9 16.701586 0.000000 0.000000 -254.492439 -3.294910 77.123951
10 6.534990 0.000000 0.000000 6.203481 -0.004878 -1.089338
11 0.000005 4.212782 -1.689684 1.567774 -0.423213 1.586576
12 3.620122 0.000000 0.000000 -0.009773 0.006890 0.313874
13 3.445709 0.000000 0.000000 -6.292900 0.006971 0.202486
14 7.391221 0.000000 0.000000 0.019265 0.003744 0.314082
15 3.178825 0.000000 0.000000 3.141590 -0.000000 0.364769
16 3.706899 0.000000 0.000000 0.145717 -0.002357 1.157119
17 2.023582 0.907751 0.852529 0.071192 -1.724424 -1.817111
18 4.983666 0.000000 0.000000 -1.532252 -0.923955 -1.338538
19 10.904947 0.000000 0.000000 0.000000 0.000000 -0.919243
20 10.565866 -0.000002 -0.000032 0.371930 -0.011145 0.212450
21 3.464121 0.088918 -0.780280 -0.266522 0.272889 -0.114263
22 1.149897 0.000000 0.000000 0.000000 -0.053881 0.012281
23 0.932722 0.000000 0.000000 0.000000 0.019566 -0.057876
24 3.616507 0.088098 -0.193358 -0.074871 0.173485 -0.083578
25 1.340571 0.000000 0.000000 0.000000 -0.038612 -0.058163
26 0.801953 0.000000 0.000000 0.000000 -0.007693 0.047703
27 3.507634 -0.030219 0.336396 0.087874 -0.039626 -0.002228
28 1.575054 0.000000 0.000000 0.000000 0.054588 -0.133696
29 1.060836 0.000000 0.000000 0.000000 -0.055036 -0.056381
30 3.709198 0.065912 0.920442 0.315356 -0.197665 -0.104771
31 1.321863 0.000000 0.000000 0.000000 0.046519 -0.073857
32 0.977462 0.000000 0.000000 0.000000 0.011737 -0.061857
33 0.820752 -0.193688 0.888224 -1.372855 -0.498548 -0.474342
34 1.123140 0.000000 0.000000 0.000000 -0.012010 0.116354
35 0.860971 0.000000 0.000000 0.000000 -0.000207 -0.180622
36 2.023582 0.907751 -0.852529 -0.083839 1.912721 -1.756713
37 4.983666 0.000000 0.000000 2.071405 -0.054946 -1.004274
38 10.904951 0.000000 0.000000 0.000000 0.000000 -2.083499
39 10.565886 0.000000 0.000000 -0.489585 -0.091777 0.072311
40 3.464092 0.095513 0.779500 0.265534 -0.273843 -0.111899
41 1.149897 0.000000 0.000000 0.000000 0.053975 0.011863
42 0.932722 0.000000 0.000000 0.000000 -0.020014 -0.057722
43 3.616478 0.089730 0.192606 0.074650 -0.174185 -0.082089
44 1.340571 0.000000 0.000000 0.000000 0.038126 -0.058483
45 0.801953 0.000000 0.000000 0.000000 0.008090 0.047637
46 3.507606 -0.033063 -0.336129 -0.087881 0.039606 -0.002554
47 1.575054 0.000000 0.000000 0.000000 -0.055713 -0.133233
48 1.060836 0.000000 0.000000 0.000000 0.054561 -0.056841
49 3.709169 0.058127 -0.920967 -0.315627 0.196774 -0.106443
50 1.321863 0.000000 0.000000 0.000000 -0.047130 -0.073469
51 0.977462 0.000000 0.000000 0.000000 -0.012250 -0.061757
52 0.820726 -0.201215 -0.886554 1.300423 0.122948 -0.720464
53 1.123140 0.000000 0.000000 0.000000 0.012726 0.116278
54 0.860971 0.000000 0.000000 0.000000 -0.000893 -0.180620
56 5.227545 -0.816079 -4.837857 0.000000 0.000000 0.000000
57 10.033155 -4.329227 0.133056 1.570796 0.000000 0.000000
58 3.682468 -1.284143 1.232271 0.157080 0.000000 0.000000
time 8
1 21.407604 11.352297 41.267830 2.215848 0.000000 0.000000
2 0.000000 0.000000 0.000000 0.000000 0.000000 0.000000
3 3.984023 0.000006 0.000007 278.094659 4.103027 -287.512278
4 19.319885 0.000000 0.000000 0.000000 0.000000 0.000000
5 16.701586 0.000000 0.000000 -399.092131 9.388783 53.582562
6 6.534990 0.000000 0.000000 6.275037 -0.004001 -0.640803
7 -3.984013 0.000006 0.000007 -161.437944 -2.684568 152.469866
8 19.319885 0.000000 0.000000 0.000000 0.000000 0.000000
9 16.701586 0.000000 0.000000 -254.480781 -3.235890 78.069864
10 6.534990 0.000000 0.000000 6.209530 -0.005075 -1.067148
11 0.000005 4.212782 -1.689684 1.570796 -0.459941 1.570796
12 3.620122 0.000000 0.000000 0.000000 0.000000 0.321710
13 3.445709 0.000000 0.000000 -6.283185 0.000000 0.185066
14 7.391221 0.000000 0.000000 0.000000 0.000000 0.342209
15 3.178825 0.000000 0.000000 3.141590 -0.000000 0.364769
16 3.706899 0.000000 0.000000 0.132455 -0.005857 1.194887
17 2.023582 0.907751 0.852529 -0.022304 -1.724078 -1.724486
18 4.983666 0.000000 0.000000 -1.644312 -0.980631 -1.143638
19 10.904947 0.000000 0.000000 0.000000 0.000000 -0.841281
20 10.565866 -0.000002 -0.000032 0.372782 -0.012568 0.194038
21 3.464121 0.088918 -0.780280 -0.266522 0.272889 -0.114263
22 1.149897 0.000000 0.000000 0.000000 -0.053881 0.012281
23 0.932722 0.000000 0.000000 0.000000 0.019566 -0.057876
24 3.616507 0.088098 -0.193358 -0.074871 0.173485 -0.083578
25 1.340571 0.000000 0.000000 0.000000 -0.038612 -0.058163
26 0.801953 0.000000 0.000000 0.000000 -0.007693 0.047703
27 3.507634 -0.030219 0.336396 0.087874 -0.039626 -0.002228
28 1.575054 0.000000 0.000000 0.000000 0.054588 -0.133696
29 1.060836 0.000000 0.000000 0.000000 -0.055036 -0.056381
30 3.709198 0.065912 0.920442 0.315356 -0.197665 -0.104771
31 1.321863 0.000000 0.000000 0.000000 0.046519 -0.073857
32 0.977462 0.000000 0.000000 0.000000 0.011737 -0.061857
33 0.820752 -0.193688 0.888224 -1.372855 -0.498548 -0.474342
34 1.123140 0.000000 0.000000 0.000000 -0.012010 0.116354
35 0.860971 0.000000 0.000000 0.000000 -0.000207 -0.180622
36 2.023582 0.907751 -0.852529 -0.036866 1.911815 -1.711937
37 4.983666 0.000000 0.000000 2.149582 -0.029626 -1.186259
38 10.904951 0.000000 0.000000 0.000000 0.000000 -2.134424
39 10.565886 0.000000 0.000000 -0.489585 -0.091777 0.072311
40 3.464092 0.095513 0.779500 0.265534 -0.273843 -0.111899
41 1.149897 0.000000 0.000000 0.000000 0.053975 0.011863
42 0.932722 0.000000 0.000000 0.000000 -0.020014 -0.057722
43 3.616478 0.089730 0.192606 0.074650 -0.174185 -0.082089
44 1.340571 0.000000 0.000000 0.000000 0.038126 -0.058483
45 0.801953 0.000000 0.000000 0.000000 0.008090 0.047637
46 3.507606 -0.033063 -0.336129 -0.087881 0.039606 -0.002554
47 1.575054 0.000000 0.000000 0.000000 -0.055713 -0.133233
48 1.060836 0.000000 0.000000 0.000000 0.054561 -0.056841
49 3.709169 0.058127 -0.920967 -0.315627 0.196774 -0.106443
50 1.321863 0.000000 0.000000 0.000000 -0.047130 -0.073469
51 0.977462 0.000000 0.000000 0.000000 -0.012250 -0.061757
52 0.820726 -0.201215 -0.886554 1.300423 0.122948 -0.720464
53 1.123140 0.000000 0.000000 0.000000 0.012726 0.116278
54 0.860971 0.000000 0.000000 0.000000 -0.000893 -0.180620
56 5.227545 -0.816079 -4.837857 0.000000 0.000000 0.000000
57 10.033155 -4.329227 0.133056 1.570796 0.000000 0.000000
58 3.682468 -1.284143 1.232271 0.157080 0.000000 0.000000
time 9
1 20.062647 8.368020 48.994129 2.613465 0.085401 -0.048329
2 0.000000 0.000000 0.000000 0.000000 0.000000 0.000000
3 3.984023 0.000006 0.000007 277.885594 4.246228 -287.297657
4 19.319885 0.000000 0.000000 0.000000 0.000000 0.000000
5 16.701586 0.000000 0.000000 -399.111868 9.413766 53.298431
6 6.534990 0.000000 0.000000 6.271492 -0.004053 -0.528749
7 -3.984013 0.000006 0.000007 -161.452942 -2.465937 152.524084
8 19.319885 0.000000 0.000000 0.000000 0.000000 0.000000
9 16.701586 0.000000 0.000000 -254.656012 -3.105679 78.300822
10 6.534990 0.000000 0.000000 6.252007 -0.003112 -0.501990
11 0.000005 4.212782 -1.689684 1.589159 -0.432451 1.539305
12 3.620122 0.000000 0.000000 -0.014976 -0.075933 0.330275
13 3.445709 0.000000 0.000000 -6.298796 -0.075806 0.262169
14 7.391221 0.000000 0.000000 -0.000140 -0.025564 0.341474
15 3.178825 0.000000 0.000000 3.141590 -0.000000 0.364769
16 3.706899 0.000000 0.000000 0.132455 -0.005857 1.130523
17 2.023582 0.907751 0.852529 0.044130 -1.720123 -1.790325
18 4.983666 0.000000 0.000000 -1.711234 -0.370862 -1.015590
19 10.904947 0.000000 0.000000 0.000000 0.000000 -1.608207
20 10.565866 -0.000002 -0.000032 0.373692 -0.014034 0.174884
21 3.464121 0.088918 -0.780280 -0.266522 0.272889 -0.114263
22 1.149897 0.000000 0.000000 0.000000 -0.053881 0.012281
23 0.932722 0.000000 0.000000 0.000000 0.019566 -0.057876
24 3.616507 0.088098 -0.193358 -0.074871 0.173485 -0.083578
25 1.340571 0.000000 0.000000 0.000000 -0.038612 -0.058163
26 0.801953 0.000000 0.000000 0.000000 -0.007693 0.047703
27 3.507634 -0.030219 0.336396 0.087874 -0.039626 -0.002228
28 1.575054 0.000000 0.000000 0.000000 0.054588 -0.133696
29 1.060836 0.000000 0.000000 0.000000 -0.055036 -0.056381
30 3.709198 0.065912 0.920442 0.315356 -0.197665 -0.104771
31 1.321863 0.000000 0.000000 0.000000 0.046519 -0.073857
32 0.977462 0.000000 0.000000 0.000000 0.011737 -0.061857
33 0.820752 -0.193688 0.888224 -1.372855 -0.498548 -0.474342
34 1.123140 0.000000 0.000000 0.000000 -0.012010 0.116354
35 0.860971 0.000000 0.000000 0.000000 -0.000207 -0.180622
36 2.023582 0.907751 -0.852529 -0.010854 1.900991 -1.687174
37 4.983666 0.000000 0.000000 2.044698 -0.176283 -1.320805
38 10.904951 0.000000 0.000000 0.000000 0.000000 -2.248211
39 10.565886 0.000000 0.000000 -0.489585 -0.091777 0.072311
40 3.464092 0.095513 0.779500 0.265534 -0.273843 -0.111899
41 1.149897 0.000000 0.000000 0.000000 0.053975 0.011863
42 0.932722 0.000000 0.000000 0.000000 -0.020014 -0.057722
43 3.616478 0.089730 0.192606 0.074650 -0.174185 -0.082089
44 1.340571 0.000000 0.000000 0.000000 0.038126 -0.058483
45 0.801953 0.000000 0.000000 0.000000 0.008090 0.047637
46 3.507606 -0.033063 -0.336129 -0.087881 0.039606 -0.002554
47 1.575054 0.000000 0.000000 0.000000 -0.055713 -0.133233
48 1.060836 0.000000 0.000000 0.000000 0.054561 -0.056841
49 3.709169 0.058127 -0.920967 -0.315627 0.196774 -0.106443
50 1.321863 0.000000 0.000000 0.000000 -0.047130 -0.073469
51 0.977462 0.000000 0.000000 0.000000 -0.012250 -0.061757
52 0.820726 -0.201215 -0.886554 1.300423 0.122948 -0.720464
53 1.123140 0.000000 0.000000 0.000000 0.012726 0.116278
54 0.860971 0.000000 0.000000 0.000000 -0.000893 -0.180620
56 5.227545 -0.816079 -4.837857 0.000000 0.000000 0.000000
57 10.033155 -4.329227 0.133056 1.570796 0.000000 0.000000
58 3.682468 -1.284143 1.232271 0.157080 0.000000 0.000000
time 10
1 18.720396 4.157722 56.679970 3.064614 0.205927 -0.174835
2 0.000000 0.000000 0.000000 0.000000 0.000000 0.000000
3 3.984023 0.000006 0.000007 277.473874 4.319612 -287.050039
4 19.319885 0.000000 0.000000 0.000000 0.000000 0.000000
5 16.701586 0.000000 0.000000 -399.119402 9.443552 52.949233
6 6.534990 0.000000 0.000000 6.264599 -0.005825 -0.566302
7 -3.984013 0.000006 0.000007 -161.842335 -2.334571 152.467343
8 19.319885 0.000000 0.000000 0.000000 0.000000 0.000000
9 16.701586 0.000000 0.000000 -254.613061 -3.101129 78.250737
10 6.534990 0.000000 0.000000 6.253631 -0.002860 -0.547751
11 0.000005 4.212782 -1.689684 1.604671 -0.364988 1.502944
12 3.620122 0.000000 0.000000 -0.051533 -0.189275 0.337091
13 3.445709 0.000000 0.000000 -6.336314 -0.188838 0.395274
14 7.391221 0.000000 0.000000 0.005776 -0.062020 0.323135
15 3.178825 0.000000 0.000000 3.141590 -0.000000 0.364769
16 3.706899 0.000000 0.000000 0.132455 -0.005856 0.945943
17 2.023582 0.907751 0.852529 0.178948 -1.712137 -1.924180
18 4.983666 0.000000 0.000000 -1.728505 -0.110576 -1.091477
19 10.904947 0.000000 0.000000 0.000000 0.000000 -1.397731
20 10.565866 -0.000002 -0.000032 0.374643 -0.015497 0.155521
21 3.464121 0.088918 -0.780280 -0.266522 0.272889 -0.114263
22 1.149897 0.000000 0.000000 0.000000 -0.053881 0.012281
23 0.932722 0.000000 0.000000 0.000000 0.019566 -0.057876
24 3.616507 0.088098 -0.193358 -0.074871 0.173485 -0.083578
25 1.340571 0.000000 0.000000 0.000000 -0.038612 -0.058163
26 0.801953 0.000000 0.000000 0.000000 -0.007693 0.047703
27 3.507634 -0.030219 0.336396 0.087874 -0.039626 -0.002228
28 1.575054 0.000000 0.000000 0.000000 0.054588 -0.133696
29 1.060836 0.000000 0.000000 0.000000 -0.055036 -0.056381
30 3.709198 0.065912 0.920442 0.315356 -0.197665 -0.104771
31 1.321863 0.000000 0.000000 0.000000 0.046519 -0.073857
32 0.977462 0.000000 0.000000 0.000000 0.011737 -0.061857
33 0.820752 -0.193688 0.888224 -1.372855 -0.498548 -0.474342
34 1.123140 0.000000 0.000000 0.000000 -0.012010 0.116354
35 0.860971 0.000000 0.000000 0.000000 -0.000207 -0.180622
36 2.023582 0.907751 -0.852529 0.074599 1.875413 -1.604888
37 4.983666 0.000000 0.000000 1.616139 -0.310289 -1.149696
38 10.904951 0.000000 0.000000 0.000000 0.000000 -2.051458
39 10.565886 0.000000 0.000000 -0.489585 -0.091777 0.072311
40 3.464092 0.095513 0.779500 0.265534 -0.273843 -0.111899
41 1.149897 0.000000 0.000000 0.000000 0.053975 0.011863
42 0.932722 0.000000 0.000000 0.000000 -0.020014 -0.057722
43 3.616478 0.089730 0.192606 0.074650 -0.174185 -0.082089
44 1.340571 0.000000 0.000000 0.000000 0.038126 -0.058483
45 0.801953 0.000000 0.000000 0.000000 0.008090 0.047637
46 3.507606 -0.033063 -0.336129 -0.087881 0.039606 -0.002554
47 1.575054 0.000000 0.000000 0.000000 -0.055713 -0.133233
48 1.060836 0.000000 0.000000 0.000000 0.054561 -0.056841
49 3.709169 0.058127 -0.920967 -0.315627 0.196774 -0.106443
50 1.321863 0.000000 0.000000 0.000000 -0.047130 -0.073469
51 0.977462 0.000000 0.000000 0.000000 -0.012250 -0.061757
52 0.820726 -0.201215 -0.886554 1.300423 0.122948 -0.720464
53 1.123140 0.000000 0.000000 0.000000 0.012726 0.116278
54 0.860971 0.000000 0.000000 0.000000 -0.000893 -0.180620
56 5.227545 -0.816079 -4.837857 0.000000 0.000000 0.000000
57 10.033155 -4.329227 0.133056 1.570796 0.000000 0.000000
58 3.682468 -1.284143 1.232271 0.157080 0.000000 0.000000
time 11
1 17.505917 0.103062 62.211018 -2.807675 0.302832 -0.278036
2 0.000000 0.000000 0.000000 0.000000 0.000000 0.000000
3 3.984023 0.000006 0.000007 277.364689 4.370256 -287.132158
4 19.319885 0.000000 0.000000 0.000000 0.000000 0.000000
5 16.701586 0.000000 0.000000 -399.096290 9.388916 52.765679
6 6.534990 0.000000 0.000000 6.252729 -0.010385 -0.706711
7 -3.984013 0.000006 0.000007 -162.059461 -2.145841 152.326064
8 19.319885 0.000000 0.000000 0.000000 0.000000 0.000000
9 16.701586 0.000000 0.000000 -254.473145 -3.206658 78.249382
10 6.534990 0.000000 0.000000 6.237367 -0.006542 -0.535896
11 0.000005 4.212782 -1.689684 1.588146 -0.321819 1.488509
12 3.620122 0.000000 0.000000 -0.100835 -0.248412 0.340612
13 3.445709 0.000000 0.000000 -6.386124 -0.247563 0.488894
14 7.391221 0.000000 0.000000 -0.010630 -0.077819 0.313171
15 3.178825 0.000000 0.000000 3.141590 -0.000000 0.364769
16 3.706899 0.000000 0.000000 0.132455 -0.005856 0.713830
17 2.023582 0.907751 0.852529 0.374860 -1.705509 -2.119130
18 4.983666 0.000000 0.000000 -1.775788 -0.488310 -1.036681
19 10.904947 0.000000 0.000000 0.000000 0.000000 -0.911485
20 10.565866 -0.000002 -0.000032 0.375613 -0.016928 0.136322
21 3.464121 0.088918 -0.780280 -0.266522 0.272889 -0.114263
22 1.149897 0.000000 0.000000 0.000000 -0.053881 0.012281
23 0.932722 0.000000 0.000000 0.000000 0.019566 -0.057876
24 3.616507 0.088098 -0.193358 -0.074871 0.173485 -0.083578
25 1.340571 0.000000 0.000000 0.000000 -0.038612 -0.058163
26 0.801953 0.000000 0.000000 0.000000 -0.007693 0.047703
27 3.507634 -0.030219 0.336396 0.087874 -0.039626 -0.002228
28 1.575054 0.000000 0.000000 0.000000 0.054588 -0.133696
29 1.060836 0.000000 0.000000 0.000000 -0.055036 -0.056381
30 3.709198 0.065912 0.920442 0.315356 -0.197665 -0.104771
31 1.321863 0.000000 0.000000 0.000000 0.046519 -0.073857
32 0.977462 0.000000 0.000000 0.000000 0.011737 -0.061857
33 0.820752 -0.193688 0.888224 -1.372855 -0.498548 -0.474342
34 1.123140 0.000000 0.000000 0.000000 -0.012010 0.116354
35 0.860971 0.000000 0.000000 0.000000 -0.000207 -0.180622
36 2.023582 0.907751 -0.852529 0.215388 1.844931 -1.467327
37 4.983666 0.000000 0.000000 1.600475 -0.122350 -1.290445
38 10.904951 0.000000 0.000000 0.000000 0.000000 -1.709443
39 10.565886 0.000000 0.000000 -0.489585 -0.091777 0.072311
40 3.464092 0.095513 0.779500 0.265534 -0.273843 -0.111899
41 1.149897 0.000000 0.000000 0.000000 0.053975 0.011863
42 0.932722 0.000000 0.000000 0.000000 -0.020014 -0.057722
43 3.616478 0.089730 0.192606 0.074650 -0.174185 -0.082089
44 1.340571 0.000000 0.000000 0.000000 0.038126 -0.058483
45 0.801953 0.000000 0.000000 0.000000 0.008090 0.047637
46 3.507606 -0.033063 -0.336129 -0.087881 0.039606 -0.002554
47 1.575054 0.000000 0.000000 0.000000 -0.055713 -0.133233
48 1.060836 0.000000 0.000000 0.000000 0.054561 -0.056841
49 3.709169 0.058127 -0.920967 -0.315627 0.196774 -0.106443
50 1.321863 0.000000 0.000000 0.000000 -0.047130 -0.073469
51 0.977462 0.000000 0.000000 0.000000 -0.012250 -0.061757
52 0.820726 -0.201215 -0.886554 1.300423 0.122948 -0.720464
53 1.123140 0.000000 0.000000 0.000000 0.012726 0.116278
54 0.860971 0.000000 0.000000 0.000000 -0.000893 -0.180620
56 5.227545 -0.816079 -4.837857 0.000000 0.000000 0.000000
57 10.033155 -4.329227 0.133056 1.570796 0.000000 0.000000
58 3.682468 -1.284143 1.232271 0.157080 0.000000 0.000000
time 12
1 16.517399 -3.468027 65.133179 -2.433297 0.368432 -0.326865
2 0.000000 0.000000 0.000000 0.000000 0.000000 0.000000
3 3.984023 0.000006 0.000007 277.767819 4.142284 -287.640246
4 19.319885 0.000000 0.000000 0.000000 0.000000 0.000000
5 16.701586 0.000000 0.000000 -398.943335 9.269365 52.812661
6 6.534990 0.000000 0.000000 6.245617 -0.011630 -0.648102
7 -3.984013 0.000006 0.000007 -162.007306 -1.978279 152.195743
8 19.319885 0.000000 0.000000 0.000000 0.000000 0.000000
9 16.701586 0.000000 0.000000 -254.366363 -3.331241 78.244652
10 6.534990 0.000000 0.000000 6.221810 -0.010853 -0.646704
11 0.000005 4.212782 -1.689684 1.527890 -0.330971 1.505251
12 3.620122 0.000000 0.000000 -0.169728 -0.217928 0.344450
13 3.445709 0.000000 0.000000 -6.454730 -0.216509 0.515467
14 7.391221 0.000000 0.000000 -0.065720 -0.060404 0.321418
15 3.178825 0.000000 0.000000 3.141590 -0.000000 0.364769
16 3.706899 0.000000 0.000000 0.134245 -0.006342 0.422503
17 2.023582 0.907751 0.852529 0.611382 -1.704845 -2.354951
18 4.983666 0.000000 0.000000 -1.872754 -0.746641 -1.034205
19 10.904947 0.000000 0.000000 0.000000 0.000000 -0.964791
20 10.565866 -0.000002 -0.000032 0.376586 -0.018308 0.117564
21 3.464121 0.088918 -0.780280 -0.266522 0.272889 -0.114263
22 1.149897 0.000000 0.000000 0.000000 -0.053881 0.012281
23 0.932722 0.000000 0.000000 0.000000 0.019566 -0.057876
24 3.616507 0.088098 -0.193358 -0.074871 0.173485 -0.083578
25 1.340571 0.000000 0.000000 0.000000 -0.038612 -0.058163
26 0.801953 0.000000 0.000000 0.000000 -0.007693 0.047703
27 3.507634 -0.030219 0.336396 0.087874 -0.039626 -0.002228
28 1.575054 0.000000 0.000000 0.000000 0.054588 -0.133696
29 1.060836 0.000000 0.000000 0.000000 -0.055036 -0.056381
30 3.709198 0.065912 0.920442 0.315356 -0.197665 -0.104771
31 1.321863 0.000000 0.000000 0.000000 0.046519 -0.073857
32 0.977462 0.000000 0.000000 0.000000 0.011737 -0.061857
33 0.820752 -0.193688 0.888224 -1.372855 -0.498548 -0.474342
34 1.123140 0.000000 0.000000 0.000000 -0.012010 0.116354
35 0.860971 0.000000 0.000000 0.000000 -0.000207 -0.180622
36 2.023582 0.907751 -0.852529 0.409789 1.818184 -1.274992
37 4.983666 0.000000 0.000000 1.331624 -0.106450 -1.197236
38 10.904951 0.000000 0.000000 0.000000 0.000000 -1.487183
39 10.565886 0.000000 0.000000 -0.489585 -0.091777 0.072311
40 3.464092 0.095513 0.779500 0.265534 -0.273843 -0.111899
41 1.149897 0.000000 0.000000 0.000000 0.053975 0.011863
42 0.932722 0.000000 0.000000 0.000000 -0.020014 -0.057722
43 3.616478 0.089730 0.192606 0.074650 -0.174185 -0.082089
44 1.340571 0.000000 0.000000 0.000000 0.038126 -0.058483
45 0.801953 0.000000 0.000000 0.000000 0.008090 0.047637
46 3.507606 -0.033063 -0.336129 -0.087881 0.039606 -0.002554
47 1.575054 0.000000 0.000000 0.000000 -0.055713 -0.133233
48 1.060836 0.000000 0.000000 0.000000 0.054561 -0.056841
49 3.709169 0.058127 -0.920967 -0.315627 0.196774 -0.106443
50 1.321863 0.000000 0.000000 0.000000 -0.047130 -0.073469
51 0.977462 0.000000 0.000000 0.000000 -0.012250 -0.061757
52 0.820726 -0.201215 -0.886554 1.300423 0.122948 -0.720464
53 1.123140 0.000000 0.000000 0.000000 0.012726 0.116278
54 0.860971 0.000000 0.000000 0.000000 -0.000893 -0.180620
56 5.227545 -0.816079 -4.837857 0.000000 0.000000 0.000000
57 10.033155 -4.329227 0.133056 1.570796 0.000000 0.000000
58 3.682468 -1.284143 1.232271 0.157080 0.000000 0.000000
time 13
1 15.657055 -7.017284 66.696159 -2.065793 0.424578 -0.362044
2 0.000000 0.000000 0.000000 0.000000 0.000000 0.000000
3 3.984023 0.000006 0.000007 278.156121 3.991025 -287.887456
4 19.319885 0.000000 0.000000 0.000000 0.000000 0.000000
5 16.701586 0.000000 0.000000 -398.848978 9.387644 53.218578
6 6.534990 0.000000 0.000000 6.266814 -0.001962 -0.205779
7 -3.984013 0.000006 0.000007 -161.761307 -1.864403 151.967436
8 19.319885 0.000000 0.000000 0.000000 0.000000 0.000000
9 16.701586 0.000000 0.000000 -254.228424 -3.432614 78.222895
10 6.534990 0.000000 0.000000 6.218770 -0.011737 -0.751038
11 0.000005 4.212782 -1.689684 1.441762 -0.361152 1.538237
12 3.620122 0.000000 0.000000 -0.254091 -0.145766 0.348695
13 3.445709 0.000000 0.000000 -6.538454 -0.143662 0.516910
14 7.391221 0.000000 0.000000 -0.141235 -0.027044 0.335851
15 3.178825 0.000000 0.000000 3.141590 -0.000000 0.364769
16 3.706899 0.000000 0.000000 0.137226 -0.007153 0.075223
17 2.023582 0.907751 0.852529 -2.292610 -1.429041 0.549345
18 4.983666 0.000000 0.000000 -2.117664 -0.960595 -0.935759
19 10.904947 0.000000 0.000000 0.000000 0.000000 -1.087888
20 10.565866 -0.000002 -0.000032 0.377549 -0.019623 0.099475
21 3.464121 0.088918 -0.780280 -0.266522 0.272889 -0.114263
22 1.149897 0.000000 0.000000 0.000000 -0.053881 0.012281
23 0.932722 0.000000 0.000000 0.000000 0.019566 -0.057876
24 3.616507 0.088098 -0.193358 -0.074871 0.173485 -0.083578
25 1.340571 0.000000 0.000000 0.000000 -0.038612 -0.058163
26 0.801953 0.000000 0.000000 0.000000 -0.007693 0.047703
27 3.507634 -0.030219 0.336396 0.087874 -0.039626 -0.002228
28 1.575054 0.000000 0.000000 0.000000 0.054588 -0.133696
29 1.060836 0.000000 0.000000 0.000000 -0.055036 -0.056381
30 3.709198 0.065912 0.920442 0.315356 -0.197665 -0.104771
31 1.321863 0.000000 0.000000 0.000000 0.046519 -0.073857
32 0.977462 0.000000 0.000000 0.000000 0.011737 -0.061857
33 0.820752 -0.193688 0.888224 -1.372855 -0.498548 -0.474342
34 1.123140 0.000000 0.000000 0.000000 -0.012010 0.116354
35 0.860971 0.000000 0.000000 0.000000 -0.000207 -0.180622
36 2.023582 0.907751 -0.852529 0.643486 1.801697 -1.041656
37 4.983666 0.000000 0.000000 0.736213 0.161108 -1.143897
38 10.904951 0.000000 0.000000 0.000000 0.000000 -0.823325
39 10.565886 0.000000 0.000000 -0.489585 -0.091777 0.072311
40 3.464092 0.095513 0.779500 0.265534 -0.273843 -0.111899
41 1.149897 0.000000 0.000000 0.000000 0.053975 0.011863
42 0.932722 0.000000 0.000000 0.000000 -0.020014 -0.057722
43 3.616478 0.089730 0.192606 0.074650 -0.174185 -0.082089
44 1.340571 0.000000 0.000000 0.000000 0.038126 -0.058483
45 0.801953 0.000000 0.000000 0.000000 0.008090 0.047637
46 3.507606 -0.033063 -0.336129 -0.087881 0.039606 -0.002554
47 1.575054 0.000000 0.000000 0.000000 -0.055713 -0.133233
48 1.060836 0.000000 0.000000 0.000000 0.054561 -0.056841
49 3.709169 0.058127 -0.920967 -0.315627 0.196774 -0.106443
50 1.321863 0.000000 0.000000 0.000000 -0.047130 -0.073469
51 0.977462 0.000000 0.000000 0.000000 -0.012250 -0.061757
52 0.820726 -0.201215 -0.886554 1.300423 0.122948 -0.720464
53 1.123140 0.000000 0.000000 0.000000 0.012726 0.116278
54 0.860971 0.000000 0.000000 0.000000 -0.000893 -0.180620
56 5.227545 -0.816079 -4.837857 0.000000 0.000000 0.000000
57 10.033155 -4.329227 0.133056 1.570796 0.000000 0.000000
58 3.682468 -1.284143 1.232271 0.157080 0.000000 0.000000
time 14
1 14.755979 -10.347564 67.341286 -1.707152 0.471886 -0.376386
2 0.000000 0.000000 0.000000 0.000000 0.000000 0.000000
3 3.984023 0.000006 0.000007 278.432442 4.001159 -287.965450
4 19.319885 0.000000 0.000000 0.000000 0.000000 0.000000
5 16.701586 0.000000 0.000000 -398.954209 9.512009 53.545717
6 6.534990 0.000000 0.000000 6.287076 -0.001440 -0.766344
7 -3.984013 0.000006 0.000007 -161.344695 -1.798607 151.663162
8 19.319885 0.000000 0.000000 0.000000 0.000000 0.000000
9 16.701586 0.000000 0.000000 -254.112131 -3.410669 78.216035
10 6.534990 0.000000 0.000000 6.227619 -0.009626 -0.692383
11 0.000005 4.212782 -1.689684 1.355422 -0.387776 1.575036
12 3.620122 0.000000 0.000000 -0.328908 -0.065387 0.347084
13 3.445709 0.000000 0.000000 -6.612600 -0.062688 0.502341
14 7.391221 0.000000 0.000000 -0.213617 0.009082 0.349787
15 3.178825 0.000000 0.000000 3.141590 -0.000000 0.364769
16 3.706899 0.000000 0.000000 0.137823 -0.007315 -0.244824
17 2.023582 0.907751 0.852529 -2.090864 -1.413569 0.347484
18 4.983666 0.000000 0.000000 -2.514636 -1.084205 -0.692282
19 10.904947 0.000000 0.000000 0.000000 0.000000 -1.206682
20 10.565866 -0.000002 -0.000032 0.378488 -0.020857 0.082249
21 3.464121 0.088918 -0.780280 -0.266522 0.272889 -0.114263
22 1.149897 0.000000 0.000000 0.000000 -0.053881 0.012281
23 0.932722 0.000000 0.000000 0.000000 0.019566 -0.057876
24 3.616507 0.088098 -0.193358 -0.074871 0.173485 -0.083578
25 1.340571 0.000000 0.000000 0.000000 -0.038612 -0.058163
26 0.801953 0.000000 0.000000 0.000000 -0.007693 0.047703
27 3.507634 -0.030219 0.336396 0.087874 -0.039626 -0.002228
28 1.575054 0.000000 0.000000 0.000000 0.054588 -0.133696
29 1.060836 0.000000 0.000000 0.000000 -0.055036 -0.056381
30 3.709198 0.065912 0.920442 0.315356 -0.197665 -0.104771
31 1.321863 0.000000 0.000000 0.000000 0.046519 -0.073857
32 0.977462 0.000000 0.000000 0.000000 0.011737 -0.061857
33 0.820752 -0.193688 0.888224 -1.372855 -0.498548 -0.474342
34 1.123140 0.000000 0.000000 0.000000 -0.012010 0.116354
35 0.860971 0.000000 0.000000 0.000000 -0.000207 -0.180622
36 2.023582 0.907751 -0.852529 0.882735 1.797809 -0.801093
37 4.983666 0.000000 0.000000 0.649744 0.126069 -1.236232
38 10.904951 0.000000 0.000000 0.000000 0.000000 -0.575726
39 10.565886 0.000000 0.000000 -0.489585 -0.091777 0.072311
40 3.464092 0.095513 0.779500 0.265534 -0.273843 -0.111899
41 1.149897 0.000000 0.000000 0.000000 0.053975 0.011863
42 0.932722 0.000000 0.000000 0.000000 -0.020014 -0.057722
43 3.616478 0.089730 0.192606 0.074650 -0.174185 -0.082089
44 1.340571 0.000000 0.000000 0.000000 0.038126 -0.058483
45 0.801953 0.000000 0.000000 0.000000 0.008090 0.047637
46 3.507606 -0.033063 -0.336129 -0.087881 0.039606 -0.002554
47 1.575054 0.000000 0.000000 0.000000 -0.055713 -0.133233
48 1.060836 0.000000 0.000000 0.000000 0.054561 -0.056841
49 3.709169 0.058127 -0.920967 -0.315627 0.196774 -0.106443
50 1.321863 0.000000 0.000000 0.000000 -0.047130 -0.073469
51 0.977462 0.000000 0.000000 0.000000 -0.012250 -0.061757
52 0.820726 -0.201215 -0.886554 1.300423 0.122948 -0.720464
53 1.123140 0.000000 0.000000 0.000000 0.012726 0.116278
54 0.860971 0.000000 0.000000 0.000000 -0.000893 -0.180620
56 5.227545 -0.816079 -4.837857 0.000000 0.000000 0.000000
57 10.033155 -4.329227 0.133056 1.570796 0.000000 0.000000
58 3.682468 -1.284143 1.232271 0.157080 0.000000 0.000000
time 15
1 13.645266 -13.261720 67.509903 -1.358991 0.510875 -0.362110
2 0.000000 0.000000 0.000000 0.000000 0.000000 0.000000
3 3.984023 0.000006 0.000007 279.243355 4.421224 -288.700704
4 19.319885 0.000000 0.000000 0.000000 0.000000 1.657440
5 16.701586 0.000000 0.000000 -399.078325 9.515612 53.045277
6 6.534990 0.000000 0.000000 6.277784 -0.004872 -1.089338
7 -3.984013 0.000006 0.000007 -160.836657 -1.754454 151.334976
8 19.319885 0.000000 0.000000 0.000000 0.000000 0.000000
9 16.701586 0.000000 0.000000 -254.113017 -3.280062 78.253583
10 6.534990 0.000000 0.000000 6.247684 -0.004192 -0.509317
11 0.000005 4.212782 -1.689684 1.299137 -0.387301 1.601776
12 3.620122 0.000000 0.000000 -0.369353 -0.010308 0.333453
13 3.445709 0.000000 0.000000 -6.652607 -0.007293 0.480953
14 7.391221 0.000000 0.000000 -0.259208 0.034926 0.357292
15 3.178825 0.000000 0.000000 3.141590 -0.000000 0.364769
16 3.706899 0.000000 0.000000 0.132456 -0.005854 -0.454450
17 2.023582 0.907751 0.852529 -1.938973 -1.392836 0.195121
18 4.983666 0.000000 0.000000 -2.730609 -1.108268 -0.527251
19 10.904947 0.000000 0.000000 0.000000 0.000000 -1.278926
20 10.565866 -0.000002 -0.000032 0.379390 -0.022002 0.066064
21 3.464121 0.088918 -0.780280 -0.266522 0.272889 -0.114263
22 1.149897 0.000000 0.000000 0.000000 -0.053881 0.012281
23 0.932722 0.000000 0.000000 0.000000 0.019566 -0.057876
24 3.616507 0.088098 -0.193358 -0.074871 0.173485 -0.083578
25 1.340571 0.000000 0.000000 0.000000 -0.038612 -0.058163
26 0.801953 0.000000 0.000000 0.000000 -0.007693 0.047703
27 3.507634 -0.030219 0.336396 0.087874 -0.039626 -0.002228
28 1.575054 0.000000 0.000000 0.000000 0.054588 -0.133696
29 1.060836 0.000000 0.000000 0.000000 -0.055036 -0.056381
30 3.709198 0.065912 0.920442 0.315356 -0.197665 -0.104771
31 1.321863 0.000000 0.000000 0.000000 0.046519 -0.073857
32 0.977462 0.000000 0.000000 0.000000 0.011737 -0.061857
33 0.820752 -0.193688 0.888224 -1.372855 -0.498548 -0.474342
34 1.123140 0.000000 0.000000 0.000000 -0.012010 0.116354
35 0.860971 0.000000 0.000000 0.000000 -0.000207 -0.180622
36 2.023582 0.907751 -0.852529 1.090632 1.803614 -0.590649
37 4.983666 0.000000 0.000000 0.597483 -0.062372 -1.150538
38 10.904951 0.000000 0.000000 0.000000 0.000000 -0.589563
39 10.565886 0.000000 0.000000 -0.489585 -0.091777 0.072311
40 3.464092 0.095513 0.779500 0.265534 -0.273843 -0.111899
41 1.149897 0.000000 0.000000 0.000000 0.053975 0.011863
42 0.932722 0.000000 0.000000 0.000000 -0.020014 -0.057722
43 3.616478 0.089730 0.192606 0.074650 -0.174185 -0.082089
44 1.340571 0.000000 0.000000 0.000000 0.038126 -0.058483
45 0.801953 0.000000 0.000000 0.000000 0.008090 0.047637
46 3.507606 -0.033063 -0.336129 -0.087881 0.039606 -0.002554
47 1.575054 0.000000 0.000000 0.000000 -0.055713 -0.133233
48 1.060836 0.000000 0.000000 0.000000 0.054561 -0.056841
49 3.709169 0.058127 -0.920967 -0.315627 0.196774 -0.106443
50 1.321863 0.000000 0.000000 0.000000 -0.047130 -0.073469
51 0.977462 0.000000 0.000000 0.000000 -0.012250 -0.061757
52 0.820726 -0.201215 -0.886554 1.300423 0.122948 -0.720464
53 1.123140 0.000000 0.000000 0.000000 0.012726 0.116278
54 0.860971 0.000000 0.000000 0.000000 -0.000893 -0.180620
56 5.227545 -0.816079 -4.837857 0.000000 0.000000 0.000000
57 10.033155 -4.329227 0.133056 1.570796 0.000000 0.000000
58 3.682468 -1.284143 1.232271 0.157080 0.000000 0.000000
time 16
1 12.299268 -15.827651 67.256317 -1.012351 0.556881 -0.293122
2 0.000000 0.000000 0.000000 0.000000 0.000000 0.000000
3 3.984023 0.000006 0.000007 278.446043 4.302459 -287.873105
4 19.319885 0.000000 0.000000 0.000000 0.000000 2.118017
5 16.701586 0.000000 0.000000 -399.087665 9.552931 52.784534
6 6.534990 0.000000 0.000000 6.277784 -0.004872 -1.089338
7 -3.984013 0.000006 0.000007 -160.873370 -1.691968 151.565448
8 19.319885 0.000000 0.000000 0.000000 0.000000 0.000000
9 16.701586 0.000000 0.000000 -254.366925 -3.195600 78.484703
10 6.534990 0.000000 0.000000 6.241327 -0.005315 -0.621339
11 0.000005 4.212782 -1.689684 1.277156 -0.352554 1.617477
12 3.620122 0.000000 0.000000 -0.375229 0.014573 0.307823
13 3.445709 0.000000 0.000000 -6.658299 0.018156 0.455306
14 7.391221 0.000000 0.000000 -0.276153 0.049719 0.360409
15 3.178825 0.000000 0.000000 3.141590 -0.000000 0.364769
16 3.706899 0.000000 0.000000 0.120402 -0.001218 -0.500874
17 2.023582 0.907751 0.852529 -1.832952 -1.369588 0.088407
18 4.983666 0.000000 0.000000 -2.627058 -1.034228 -0.424251
19 10.904947 0.000000 0.000000 0.000000 0.000000 -1.288573
20 10.565866 -0.000002 -0.000032 0.380242 -0.023048 0.051087
21 3.464121 0.088918 -0.780280 -0.266522 0.272889 -0.114263
22 1.149897 0.000000 0.000000 0.000000 -0.053881 0.012281
23 0.932722 0.000000 0.000000 0.000000 0.019566 -0.057876
24 3.616507 0.088098 -0.193358 -0.074871 0.173485 -0.083578
25 1.340571 0.000000 0.000000 0.000000 -0.038612 -0.058163
26 0.801953 0.000000 0.000000 0.000000 -0.007693 0.047703
27 3.507634 -0.030219 0.336396 0.087874 -0.039626 -0.002228
28 1.575054 0.000000 0.000000 0.000000 0.054588 -0.133696
29 1.060836 0.000000 0.000000 0.000000 -0.055036 -0.056381
30 3.709198 0.065912 0.920442 0.315356 -0.197665 -0.104771
31 1.321863 0.000000 0.000000 0.000000 0.046519 -0.073857
32 0.977462 0.000000 0.000000 0.000000 0.011737 -0.061857
33 0.820752 -0.193688 0.888224 -1.372855 -0.498548 -0.474342
34 1.123140 0.000000 0.000000 0.000000 -0.012010 0.116354
35 0.860971 0.000000 0.000000 0.000000 -0.000207 -0.180622
36 2.023582 0.907751 -0.852529 1.248561 1.813027 -0.429633
37 4.983666 0.000000 0.000000 0.322638 -0.189169 -0.891859
38 10.904951 0.000000 0.000000 0.000000 0.000000 -0.708758
39 10.565886 0.000000 0.000000 -0.489585 -0.091777 0.072311
40 3.464092 0.095513 0.779500 0.265534 -0.273843 -0.111899
41 1.149897 0.000000 0.000000 0.000000 0.053975 0.011863
42 0.932722 0.000000 0.000000 0.000000 -0.020014 -0.057722
43 3.616478 0.089730 0.192606 0.074650 -0.174185 -0.082089
44 1.340571 0.000000 0.000000 0.000000 0.038126 -0.058483
45 0.801953 0.000000 0.000000 0.000000 0.008090 0.047637
46 3.507606 -0.033063 -0.336129 -0.087881 0.039606 -0.002554
47 1.575054 0.000000 0.000000 0.000000 -0.055713 -0.133233
48 1.060836 0.000000 0.000000 0.000000 0.054561 -0.056841
49 3.709169 0.058127 -0.920967 -0.315627 0.196774 -0.106443
50 1.321863 0.000000 0.000000 0.000000 -0.047130 -0.073469
51 0.977462 0.000000 0.000000 0.000000 -0.012250 -0.061757
52 0.820726 -0.201215 -0.886554 1.300423 0.122948 -0.720464
53 1.123140 0.000000 0.000000 0.000000 0.012726 0.116278
54 0.860971 0.000000 0.000000 0.000000 -0.000893 -0.180620
56 5.227545 -0.816079 -4.837857 0.000000 0.000000 0.000000
57 10.033155 -4.329227 0.133056 1.570796 0.000000 0.000000
58 3.682468 -1.284143 1.232271 0.157080 0.000000 0.000000
time 17
1 10.801602 -18.110346 66.366280 -0.658912 0.601469 -0.175175
2 0.000000 0.000000 0.000000 0.000000 0.000000 0.000000
3 3.984023 0.000006 0.000007 277.920160 3.780816 -287.339382
4 19.319885 0.000000 0.000000 0.000000 0.000000 2.091391
5 16.701586 0.000000 0.000000 -398.980662 9.616215 52.731454
6 6.534990 0.000000 0.000000 6.277784 -0.004872 -1.089338
7 -3.984013 0.000006 0.000007 -161.169275 -1.691145 151.937557
8 19.319885 0.000000 0.000000 0.000000 0.000000 0.000000
9 16.701586 0.000000 0.000000 -254.535953 -3.167193 78.403522
10 6.534990 0.000000 0.000000 6.244603 -0.004546 -0.507939
11 0.000005 4.212782 -1.689684 1.271505 -0.298864 1.629946
12 3.620122 0.000000 0.000000 -0.363654 0.028552 0.275046
13 3.445709 0.000000 0.000000 -6.646634 0.033092 0.422565
14 7.391221 0.000000 0.000000 -0.279688 0.061060 0.363025
15 3.178825 0.000000 0.000000 3.141590 -0.000000 0.364769
16 3.706899 0.000000 0.000000 0.103488 0.005637 -0.438632
17 2.023582 0.907751 0.852529 -1.763420 -1.346031 0.018139
18 4.983666 0.000000 0.000000 -2.419458 -0.913872 -0.183093
19 10.904947 0.000000 0.000000 0.000000 0.000000 -1.244616
20 10.565866 -0.000002 -0.000032 0.381027 -0.023987 0.037483
21 3.464121 0.088918 -0.780280 -0.266522 0.272889 -0.114263
22 1.149897 0.000000 0.000000 0.000000 -0.053881 0.012281
23 0.932722 0.000000 0.000000 0.000000 0.019566 -0.057876
24 3.616507 0.088098 -0.193358 -0.074871 0.173485 -0.083578
25 1.340571 0.000000 0.000000 0.000000 -0.038612 -0.058163
26 0.801953 0.000000 0.000000 0.000000 -0.007693 0.047703
27 3.507634 -0.030219 0.336396 0.087874 -0.039626 -0.002228
28 1.575054 0.000000 0.000000 0.000000 0.054588 -0.133696
29 1.060836 0.000000 0.000000 0.000000 -0.055036 -0.056381
30 3.709198 0.065912 0.920442 0.315356 -0.197665 -0.104771
31 1.321863 0.000000 0.000000 0.000000 0.046519 -0.073857
32 0.977462 0.000000 0.000000 0.000000 0.011737 -0.061857
33 0.820752 -0.193688 0.888224 -1.372855 -0.498548 -0.474342
34 1.123140 0.000000 0.000000 0.000000 -0.012010 0.116354
35 0.860971 0.000000 0.000000 0.000000 -0.000207 -0.180622
36 2.023582 0.907751 -0.852529 1.355698 1.819817 -0.319648
37 4.983666 0.000000 0.000000 0.157145 -0.181879 -0.788048
38 10.904951 0.000000 0.000000 0.000000 0.000000 -0.529953
39 10.565886 0.000000 0.000000 -0.489585 -0.091777 0.072311
40 3.464092 0.095513 0.779500 0.265534 -0.273843 -0.111899
41 1.149897 0.000000 0.000000 0.000000 0.053975 0.011863
42 0.932722 0.000000 0.000000 0.000000 -0.020014 -0.057722
43 3.616478 0.089730 0.192606 0.074650 -0.174185 -0.082089
44 1.340571 0.000000 0.000000 0.000000 0.038126 -0.058483
45 0.801953 0.000000 0.000000 0.000000 0.008090 0.047637
46 3.507606 -0.033063 -0.336129 -0.087881 0.039606 -0.002554
47 1.575054 0.000000 0.000000 0.000000 -0.055713 -0.133233
48 1.060836 0.000000 0.000000 0.000000 0.054561 -0.056841
49 3.709169 0.058127 -0.920967 -0.315627 0.196774 -0.106443
50 1.321863 0.000000 0.000000 0.000000 -0.047130 -0.073469
51 0.977462 0.000000 0.000000 0.000000 -0.012250 -0.061757
52 0.820726 -0.201215 -0.886554 1.300423 0.122948 -0.720464
53 1.123140 0.000000 0.000000 0.000000 0.012726 0.116278
54 0.860971 0.000000 0.000000 0.000000 -0.000893 -0.180620
56 5.227545 -0.816079 -4.837857 0.000000 0.000000 0.000000
57 10.033155 -4.329227 0.133056 1.570796 0.000000 0.000000
58 3.682468 -1.284143 1.232271 0.157080 0.000000 0.000000
time 18
1 9.147266 -19.908285 64.878281 -0.319037 0.610517 -0.057393
2 0.000000 0.000000 0.000000 0.000000 0.000000 0.000000
3 3.984023 0.000006 0.000007 277.981843 3.372887 -287.135362
4 19.319885 0.000000 0.000000 0.000000 0.000000 2.169895
5 16.701586 0.000000 0.000000 -398.980934 9.516202 53.000199
6 6.534990 0.000000 0.000000 6.277784 -0.004872 -1.089338
7 -3.984013 0.000006 0.000007 -161.250389 -1.749781 152.018057
8 19.319885 0.000000 0.000000 0.000000 0.000000 0.000000
9 16.701586 0.000000 0.000000 -254.533822 -3.024058 77.868725
10 6.534990 0.000000 0.000000 6.272155 0.001444 -0.694465
11 0.000005 4.212782 -1.689684 1.280567 -0.237157 1.637992
12 3.620122 0.000000 0.000000 -0.335870 0.034378 0.236310
13 3.445709 0.000000 0.000000 -6.618818 0.039485 0.383909
14 7.391221 0.000000 0.000000 -0.271660 0.068564 0.362253
15 3.178825 0.000000 0.000000 3.141590 -0.000000 0.364769
16 3.706899 0.000000 0.000000 0.081959 0.011917 -0.345459
17 2.023582 0.907751 0.852529 -1.722021 -1.323762 -0.023838
18 4.983666 0.000000 0.000000 -2.236098 -0.920589 -0.034769
19 10.904947 0.000000 0.000000 0.000000 0.000000 -1.183535
20 10.565866 -0.000002 -0.000032 0.381735 -0.024811 0.025421
21 3.464121 0.088918 -0.780280 -0.266522 0.272889 -0.114263
22 1.149897 0.000000 0.000000 0.000000 -0.053881 0.012281
23 0.932722 0.000000 0.000000 0.000000 0.019566 -0.057876
24 3.616507 0.088098 -0.193358 -0.074871 0.173485 -0.083578
25 1.340571 0.000000 0.000000 0.000000 -0.038612 -0.058163
26 0.801953 0.000000 0.000000 0.000000 -0.007693 0.047703
27 3.507634 -0.030219 0.336396 0.087874 -0.039626 -0.002228
28 1.575054 0.000000 0.000000 0.000000 0.054588 -0.133696
29 1.060836 0.000000 0.000000 0.000000 -0.055036 -0.056381
30 3.709198 0.065912 0.920442 0.315356 -0.197665 -0.104771
31 1.321863 0.000000 0.000000 0.000000 0.046519 -0.073857
32 0.977462 0.000000 0.000000 0.000000 0.011737 -0.061857
33 0.820752 -0.193688 0.888224 -1.372855 -0.498548 -0.474342
34 1.123140 0.000000 0.000000 0.000000 -0.012010 0.116354
35 0.860971 0.000000 0.000000 0.000000 -0.000207 -0.180622
36 2.023582 0.907751 -0.852529 1.416601 1.819081 -0.256842
37 4.983666 0.000000 0.000000 0.564756 -0.010471 -0.968113
38 10.904951 0.000000 0.000000 0.000000 0.000000 -0.114159
39 10.565886 0.000000 0.000000 -0.489585 -0.091777 0.072311
40 3.464092 0.095513 0.779500 0.265534 -0.273843 -0.111899
41 1.149897 0.000000 0.000000 0.000000 0.053975 0.011863
42 0.932722 0.000000 0.000000 0.000000 -0.020014 -0.057722
43 3.616478 0.089730 0.192606 0.074650 -0.174185 -0.082089
44 1.340571 0.000000 0.000000 0.000000 0.038126 -0.058483
45 0.801953 0.000000 0.000000 0.000000 0.008090 0.047637
46 3.507606 -0.033063 -0.336129 -0.087881 0.039606 -0.002554
47 1.575054 0.000000 0.000000 0.000000 -0.055713 -0.133233
48 1.060836 0.000000 0.000000 0.000000 0.054561 -0.056841
49 3.709169 0.058127 -0.920967 -0.315627 0.196774 -0.106443
50 1.321863 0.000000 0.000000 0.000000 -0.047130 -0.073469
51 0.977462 0.000000 0.000000 0.000000 -0.012250 -0.061757
52 0.820726 -0.201215 -0.886554 1.300423 0.122948 -0.720464
53 1.123140 0.000000 0.000000 0.000000 0.012726 0.116278
54 0.860971 0.000000 0.000000 0.000000 -0.000893 -0.180620
56 5.227545 -0.816079 -4.837857 0.000000 0.000000 0.000000
57 10.033155 -4.329227 0.133056 1.570796 0.000000 0.000000
58 3.682468 -1.284143 1.232271 0.157080 0.000000 0.000000
time 19
1 7.331254 -21.019964 62.830818 -0.030661 0.559596 0.000000
2 0.000000 0.000000 0.000000 0.000000 0.000000 0.000000
3 3.984023 0.000006 0.000007 278.110664 2.881875 -286.916787
4 19.319885 0.000000 0.000000 0.000000 0.000000 1.869450
5 16.701586 0.000000 0.000000 -398.850580 9.398554 53.270776
6 6.534990 0.000000 0.000000 6.277784 -0.004872 -1.089338
7 -3.984013 0.000006 0.000007 -161.509325 -1.901655 152.298946
8 19.319885 0.000000 0.000000 0.000000 0.000000 0.000000
9 16.701586 0.000000 0.000000 -254.531146 -2.941115 77.492720
10 6.534990 0.000000 0.000000 6.257736 -0.000404 -1.098438
11 0.000005 4.212782 -1.689684 1.301773 -0.178240 1.640535
12 3.620122 0.000000 0.000000 -0.293113 0.034806 0.192814
13 3.445709 0.000000 0.000000 -6.576050 0.039312 0.340525
14 7.391221 0.000000 0.000000 -0.253929 0.071834 0.355157
15 3.178825 0.000000 0.000000 3.141590 -0.000000 0.364769
16 3.706899 0.000000 0.000000 0.056069 0.014829 -0.299052
17 2.023582 0.907751 0.852529 -1.702914 -1.303896 -0.043158
18 4.983666 0.000000 0.000000 -2.007688 -0.958929 -0.095969
19 10.904947 0.000000 0.000000 0.000000 0.000000 -1.170544
20 10.565866 -0.000002 -0.000032 0.382350 -0.025510 0.015076
21 3.464121 0.088918 -0.780280 -0.266522 0.272889 -0.114263
22 1.149897 0.000000 0.000000 0.000000 -0.053881 0.012281
23 0.932722 0.000000 0.000000 0.000000 0.019566 -0.057876
24 3.616507 0.088098 -0.193358 -0.074871 0.173485 -0.083578
25 1.340571 0.000000 0.000000 0.000000 -0.038612 -0.058163
26 0.801953 0.000000 0.000000 0.000000 -0.007693 0.047703
27 3.507634 -0.030219 0.336396 0.087874 -0.039626 -0.002228
28 1.575054 0.000000 0.000000 0.000000 0.054588 -0.133696
29 1.060836 0.000000 0.000000 0.000000 -0.055036 -0.056381
30 3.709198 0.065912 0.920442 0.315356 -0.197665 -0.104771
31 1.321863 0.000000 0.000000 0.000000 0.046519 -0.073857
32 0.977462 0.000000 0.000000 0.000000 0.011737 -0.061857
33 0.820752 -0.193688 0.888224 -1.372855 -0.498548 -0.474342
34 1.123140 0.000000 0.000000 0.000000 -0.012010 0.116354
35 0.860971 0.000000 0.000000 0.000000 -0.000207 -0.180622
36 2.023582 0.907751 -0.852529 1.431612 1.807453 -0.241348
37 4.983666 0.000000 0.000000 0.808081 0.209074 -0.999741
38 10.904951 0.000000 0.000000 0.000000 0.000000 0.000000
39 10.565886 0.000000 0.000000 -0.489585 -0.091777 0.072311
40 3.464092 0.095513 0.779500 0.265534 -0.273843 -0.111899
41 1.149897 0.000000 0.000000 0.000000 0.053975 0.011863
42 0.932722 0.000000 0.000000 0.000000 -0.020014 -0.057722
43 3.616478 0.089730 0.192606 0.074650 -0.174185 -0.082089
44 1.340571 0.000000 0.000000 0.000000 0.038126 -0.058483
45 0.801953 0.000000 0.000000 0.000000 0.008090 0.047637
46 3.507606 -0.033063 -0.336129 -0.087881 0.039606 -0.002554
47 1.575054 0.000000 0.000000 0.000000 -0.055713 -0.133233
48 1.060836 0.000000 0.000000 0.000000 0.054561 -0.056841
49 3.709169 0.058127 -0.920967 -0.315627 0.196774 -0.106443
50 1.321863 0.000000 0.000000 0.000000 -0.047130 -0.073469
51 0.977462 0.000000 0.000000 0.000000 -0.012250 -0.061757
52 0.820726 -0.201215 -0.886554 1.300423 0.122948 -0.720464
53 1.123140 0.000000 0.000000 0.000000 0.012726 0.116278
54 0.860971 0.000000 0.000000 0.000000 -0.000893 -0.180620
56 5.227545 -0.816079 -4.837857 0.000000 0.000000 0.000000
57 10.033155 -4.329227 0.133056 1.570796 0.000000 0.000000
58 3.682468 -1.284143 1.232271 0.157080 0.000000 0.000000
time 20
1 5.183676 -21.403814 60.440479 0.189059 0.410267 -0.032348
2 0.000000 0.000000 0.000000 0.000000 0.000000 0.000000
3 3.984023 0.000006 0.000007 278.045197 2.745415 -286.836815
4 19.319885 0.000000 0.000000 0.000000 0.000000 1.707504
5 16.701586 0.000000 0.000000 -398.703761 9.423646 53.178431
6 6.534990 0.000000 0.000000 6.277784 -0.004872 -1.089338
7 -3.984013 0.000006 0.000007 -161.797389 -2.181482 152.567291
8 19.319885 0.000000 0.000000 0.000000 0.000000 0.000000
9 16.701586 0.000000 0.000000 -254.599238 -3.034015 77.727343
10 6.534990 0.000000 0.000000 6.232945 -0.004973 -0.987332
11 0.000005 4.212782 -1.689684 1.332135 -0.132828 1.636315
12 3.620122 0.000000 0.000000 -0.236617 0.032592 0.145770
13 3.445709 0.000000 0.000000 -6.519530 0.034548 0.293604
14 7.391221 0.000000 0.000000 -0.228367 0.070465 0.338773
15 3.178825 0.000000 0.000000 3.141590 -0.000000 0.364769
16 3.706899 0.000000 0.000000 0.016482 0.010027 -0.346569
17 2.023582 0.907751 0.852529 -1.764506 -1.283654 0.021404
18 4.983666 0.000000 0.000000 -1.715263 -0.834961 -0.325539
19 10.904947 0.000000 0.000000 0.000000 0.000000 -1.283548
20 10.565866 -0.000002 -0.000032 0.382856 -0.026077 0.006636
21 3.464121 0.088918 -0.780280 -0.266522 0.272889 -0.114263
22 1.149897 0.000000 0.000000 0.000000 -0.053881 0.012281
23 0.932722 0.000000 0.000000 0.000000 0.019566 -0.057876
24 3.616507 0.088098 -0.193358 -0.074871 0.173485 -0.083578
25 1.340571 0.000000 0.000000 0.000000 -0.038612 -0.058163
26 0.801953 0.000000 0.000000 0.000000 -0.007693 0.047703
27 3.507634 -0.030219 0.336396 0.087874 -0.039626 -0.002228
28 1.575054 0.000000 0.000000 0.000000 0.054588 -0.133696
29 1.060836 0.000000 0.000000 0.000000 -0.055036 -0.056381
30 3.709198 0.065912 0.920442 0.315356 -0.197665 -0.104771
31 1.321863 0.000000 0.000000 0.000000 0.046519 -0.073857
32 0.977462 0.000000 0.000000 0.000000 0.011737 -0.061857
33 0.820752 -0.193688 0.888224 -1.372855 -0.498548 -0.474342
34 1.123140 0.000000 0.000000 0.000000 -0.012010 0.116354
35 0.860971 0.000000 0.000000 0.000000 -0.000207 -0.180622
36 2.023582 0.907751 -0.852529 0.982907 1.726748 -0.695292
37 4.983666 0.000000 0.000000 1.082755 0.114395 -0.836985
38 10.904951 0.000000 0.000000 0.000000 0.000000 -0.636570
39 10.565886 0.000000 0.000000 -0.489585 -0.091777 0.072311
40 3.464092 0.095513 0.779500 0.265534 -0.273843 -0.111899
41 1.149897 0.000000 0.000000 0.000000 0.053975 0.011863
42 0.932722 0.000000 0.000000 0.000000 -0.020014 -0.057722
43 3.616478 0.089730 0.192606 0.074650 -0.174185 -0.082089
44 1.340571 0.000000 0.000000 0.000000 0.038126 -0.058483
45 0.801953 0.000000 0.000000 0.000000 0.008090 0.047637
46 3.507606 -0.033063 -0.336129 -0.087881 0.039606 -0.002554
47 1.575054 0.000000 0.000000 0.000000 -0.055713 -0.133233
48 1.060836 0.000000 0.000000 0.000000 0.054561 -0.056841
49 3.709169 0.058127 -0.920967 -0.315627 0.196774 -0.106443
50 1.321863 0.000000 0.000000 0.000000 -0.047130 -0.073469
51 0.977462 0.000000 0.000000 0.000000 -0.012250 -0.061757
52 0.820726 -0.201215 -0.886554 1.300423 0.122948 -0.720464
53 1.123140 0.000000 0.000000 0.000000 0.012726 0.116278
54 0.860971 0.000000 0.000000 0.000000 -0.000893 -0.180620
56 5.227545 -0.816079 -4.837857 0.000000 0.000000 0.000000
57 10.033155 -4.329227 0.133056 1.570796 0.000000 0.000000
58 3.682468 -1.284143 1.232271 0.157080 0.000000 0.000000
time 21
1 2.763388 -21.163254 57.617970 0.390914 0.188192 -0.109680
2 0.000000 0.000000 0.000000 0.000000 0.000000 0.000000
3 3.984023 0.000006 0.000007 277.921319 2.524329 -286.948830
4 19.319885 0.000000 0.000000 0.000000 0.000000 1.401940
5 16.701586 0.000000 0.000000 -398.655935 9.387837 52.990497
6 6.534990 0.000000 0.000000 6.277784 -0.004872 -1.089338
7 -3.984013 0.000006 0.000007 -162.192696 -2.240570 152.827403
8 19.319885 0.000000 0.000000 0.000000 0.000000 0.543837
9 16.701586 0.000000 0.000000 -254.477559 -3.253723 78.148173
10 6.534990 0.000000 0.000000 6.203481 -0.004878 -1.089338
11 0.000005 4.212782 -1.689684 1.385039 -0.096947 1.618288
12 3.620122 0.000000 0.000000 -0.146042 0.022854 0.079328
13 3.445709 0.000000 0.000000 -6.428923 0.018547 0.227306
14 7.391221 0.000000 0.000000 -0.182645 0.059423 0.295536
15 3.178825 0.000000 0.000000 3.141590 -0.000000 0.364769
16 3.706899 0.000000 0.000000 -0.033793 0.000200 -0.437295
17 2.023582 0.907751 0.852529 -1.891368 -1.260131 0.154955
18 4.983666 0.000000 0.000000 -1.745083 -0.206493 -0.491289
19 10.904947 0.000000 0.000000 0.000000 0.000000 -1.842911
20 10.565866 -0.000002 -0.000032 0.383240 -0.026498 0.000307
21 3.464121 0.088918 -0.780280 -0.266522 0.272889 -0.114263
22 1.149897 0.000000 0.000000 0.000000 -0.053881 0.012281
23 0.932722 0.000000 0.000000 0.000000 0.019566 -0.057876
24 3.616507 0.088098 -0.193358 -0.074871 0.173485 -0.083578
25 1.340571 0.000000 0.000000 0.000000 -0.038612 -0.058163
26 0.801953 0.000000 0.000000 0.000000 -0.007693 0.047703
27 3.507634 -0.030219 0.336396 0.087874 -0.039626 -0.002228
28 1.575054 0.000000 0.000000 0.000000 0.054588 -0.133696
29 1.060836 0.000000 0.000000 0.000000 -0.055036 -0.056381
30 3.709198 0.065912 0.920442 0.315356 -0.197665 -0.104771
31 1.321863 0.000000 0.000000 0.000000 0.046519 -0.073857
32 0.977462 0.000000 0.000000 0.000000 0.011737 -0.061857
33 0.820752 -0.193688 0.888224 -1.372855 -0.498548 -0.474342
34 1.123140 0.000000 0.000000 0.000000 -0.012010 0.116354
35 0.860971 0.000000 0.000000 0.000000 -0.000207 -0.180622
36 2.023582 0.907751 -0.852529 -0.336361 1.784293 -2.008343
37 4.983666 0.000000 0.000000 1.712545 0.029881 -0.647643
38 10.904951 0.000000 0.000000 0.000000 0.000000 -1.608563
39 10.565886 0.000000 0.000000 -0.489585 -0.091777 0.072311
40 3.464092 0.095513 0.779500 0.265534 -0.273843 -0.111899
41 1.149897 0.000000 0.000000 0.000000 0.053975 0.011863
42 0.932722 0.000000 0.000000 0.000000 -0.020014 -0.057722
43 3.616478 0.089730 0.192606 0.074650 -0.174185 -0.082089
44 1.340571 0.000000 0.000000 0.000000 0.038126 -0.058483
45 0.801953 0.000000 0.000000 0.000000 0.008090 0.047637
46 3.507606 -0.033063 -0.336129 -0.087881 0.039606 -0.002554
47 1.575054 0.000000 0.000000 0.000000 -0.055713 -0.133233
48 1.060836 0.000000 0.000000 0.000000 0.054561 -0.056841
49 3.709169 0.058127 -0.920967 -0.315627 0.196774 -0.106443
50 1.321863 0.000000 0.000000 0.000000 -0.047130 -0.073469
51 0.977462 0.000000 0.000000 0.000000 -0.012250 -0.061757
52 0.820726 -0.201215 -0.886554 1.300423 0.122948 -0.720464
53 1.123140 0.000000 0.000000 0.000000 0.012726 0.116278
54 0.860971 0.000000 0.000000 0.000000 -0.000893 -0.180620
56 5.227545 -0.816079 -4.837857 0.000000 0.000000 0.000000
57 10.033155 -4.329227 0.133056 1.570796 0.000000 0.000000
58 3.682468 -1.284143 1.232271 0.157080 0.000000 0.000000
time 22
1 0.408498 -20.314236 53.942913 0.615096 -0.025381 -0.195818
2 0.000000 0.000000 0.000000 0.000000 0.000000 0.000000
3 3.984023 0.000006 0.000007 277.492861 2.046727 -287.678221
4 19.319885 0.000000 0.000000 0.000000 0.000000 0.000000
5 16.701586 0.000000 0.000000 -398.828968 9.446259 53.427217
6 6.534990 0.000000 0.000000 6.280977 -0.002292 -0.598309
7 -3.984013 0.000006 0.000007 -162.497992 -2.158209 153.140659
8 19.319885 0.000000 0.000000 0.000000 0.000000 1.768410
9 16.701586 0.000000 0.000000 -254.321809 -3.301366 77.961778
10 6.534990 0.000000 0.000000 6.203481 -0.004878 -1.089338
11 0.000005 4.212782 -1.689684 1.459658 -0.066559 1.587480
12 3.620122 0.000000 0.000000 -0.021858 0.003741 -0.003351
13 3.445709 0.000000 0.000000 -6.304731 -0.009982 0.144709
14 7.391221 0.000000 0.000000 -0.116295 0.038932 0.230059
15 3.178825 0.000000 0.000000 3.141590 -0.000000 0.364769
16 3.706899 0.000000 0.000000 -0.075999 -0.006864 -0.502726
17 2.023582 0.907751 0.852529 -1.990770 -1.239449 0.260482
18 4.983666 0.000000 0.000000 -2.199390 0.455849 -0.768490
19 10.904947 0.000000 0.000000 0.000000 0.000000 -2.170381
20 10.565866 -0.000002 -0.000032 0.383483 -0.026762 -0.003683
21 3.464121 0.088918 -0.780280 -0.266522 0.272889 -0.114263
22 1.149897 0.000000 0.000000 0.000000 -0.053881 0.012281
23 0.932722 0.000000 0.000000 0.000000 0.019566 -0.057876
24 3.616507 0.088098 -0.193358 -0.074871 0.173485 -0.083578
25 1.340571 0.000000 0.000000 0.000000 -0.038612 -0.058163
26 0.801953 0.000000 0.000000 0.000000 -0.007693 0.047703
27 3.507634 -0.030219 0.336396 0.087874 -0.039626 -0.002228
28 1.575054 0.000000 0.000000 0.000000 0.054588 -0.133696
29 1.060836 0.000000 0.000000 0.000000 -0.055036 -0.056381
30 3.709198 0.065912 0.920442 0.315356 -0.197665 -0.104771
31 1.321863 0.000000 0.000000 0.000000 0.046519 -0.073857
32 0.977462 0.000000 0.000000 0.000000 0.011737 -0.061857
33 0.820752 -0.193688 0.888224 -1.372855 -0.498548 -0.474342
34 1.123140 0.000000 0.000000 0.000000 -0.012010 0.116354
35 0.860971 0.000000 0.000000 0.000000 -0.000207 -0.180622
36 2.023582 0.907751 -0.852529 2.453460 1.185612 0.805693
37 4.983666 0.000000 0.000000 2.080310 0.773920 -0.367516
38 10.904951 0.000000 0.000000 0.000000 0.000000 -1.754322
39 10.565886 0.000000 0.000000 -0.489585 -0.091777 0.072311
40 3.464092 0.095513 0.779500 0.265534 -0.273843 -0.111899
41 1.149897 0.000000 0.000000 0.000000 0.053975 0.011863
42 0.932722 0.000000 0.000000 0.000000 -0.020014 -0.057722
43 3.616478 0.089730 0.192606 0.074650 -0.174185 -0.082089
44 1.340571 0.000000 0.000000 0.000000 0.038126 -0.058483
45 0.801953 0.000000 0.000000 0.000000 0.008090 0.047637
46 3.507606 -0.033063 -0.336129 -0.087881 0.039606 -0.002554
47 1.575054 0.000000 0.000000 0.000000 -0.055713 -0.133233
48 1.060836 0.000000 0.000000 0.000000 0.054561 -0.056841
49 3.709169 0.058127 -0.920967 -0.315627 0.196774 -0.106443
50 1.321863 0.000000 0.000000 0.000000 -0.047130 -0.073469
51 0.977462 0.000000 0.000000 0.000000 -0.012250 -0.061757
52 0.820726 -0.201215 -0.886554 1.300423 0.122948 -0.720464
53 1.123140 0.000000 0.000000 0.000000 0.012726 0.116278
54 0.860971 0.000000 0.000000 0.000000 -0.000893 -0.180620
56 5.227545 -0.816079 -4.837857 0.000000 0.000000 0.000000
57 10.033155 -4.329227 0.133056 1.570796 0.000000 0.000000
58 3.682468 -1.284143 1.232271 0.157080 0.000000 0.000000
time 23
1 -1.542885 -18.872715 48.994953 0.849664 -0.151950 -0.258297
2 0.000000 0.000000 0.000000 0.000000 0.000000 0.000000
3 3.984023 0.000006 0.000007 277.612955 2.303606 -287.790645
4 19.319885 0.000000 0.000000 0.000000 0.000000 0.000000
5 16.701586 0.000000 0.000000 -398.991570 9.498009 53.336230
6 6.534990 0.000000 0.000000 6.324833 0.004116 -0.246047
7 -3.984013 0.000006 0.000007 -162.073404 -2.849031 152.328313
8 19.319885 0.000000 0.000000 0.000000 0.000000 1.810663
9 16.701586 0.000000 0.000000 -254.422285 -3.051333 77.823285
10 6.534990 0.000000 0.000000 6.203481 -0.004878 -1.089338
11 0.000005 4.212782 -1.689684 1.534053 -0.052760 1.554391
12 3.620122 0.000000 0.000000 0.103446 -0.017513 -0.072785
13 3.445709 0.000000 0.000000 -6.179432 -0.041073 0.075220
14 7.391221 0.000000 0.000000 -0.048908 0.016572 0.173008
15 3.178825 0.000000 0.000000 3.141590 -0.000000 0.364769
16 3.706899 0.000000 0.000000 -0.091367 -0.003421 -0.475137
17 2.023582 0.907751 0.852529 -2.025861 -1.231288 0.297944
18 4.983666 0.000000 0.000000 0.239179 2.059276 0.983090
19 10.904947 0.000000 0.000000 0.000000 0.000000 -2.296411
20 10.565866 -0.000002 -0.000032 0.383568 -0.026854 -0.005076
21 3.464121 0.088918 -0.780280 -0.266522 0.272889 -0.114263
22 1.149897 0.000000 0.000000 0.000000 -0.053881 0.012281
23 0.932722 0.000000 0.000000 0.000000 0.019566 -0.057876
24 3.616507 0.088098 -0.193358 -0.074871 0.173485 -0.083578
25 1.340571 0.000000 0.000000 0.000000 -0.038612 -0.058163
26 0.801953 0.000000 0.000000 0.000000 -0.007693 0.047703
27 3.507634 -0.030219 0.336396 0.087874 -0.039626 -0.002228
28 1.575054 0.000000 0.000000 0.000000 0.054588 -0.133696
29 1.060836 0.000000 0.000000 0.000000 -0.055036 -0.056381
30 3.709198 0.065912 0.920442 0.315356 -0.197665 -0.104771
31 1.321863 0.000000 0.000000 0.000000 0.046519 -0.073857
32 0.977462 0.000000 0.000000 0.000000 0.011737 -0.061857
33 0.820752 -0.193688 0.888224 -1.372855 -0.498548 -0.474342
34 1.123140 0.000000 0.000000 0.000000 -0.012010 0.116354
35 0.860971 0.000000 0.000000 0.000000 -0.000207 -0.180622
36 2.023582 0.907751 -0.852529 2.387724 1.116083 0.753863
37 4.983666 0.000000 0.000000 2.559557 1.059338 0.109687
38 10.904951 0.000000 0.000000 0.000000 0.000000 -1.611659
39 10.565886 0.000000 0.000000 -0.489585 -0.091777 0.072311
40 3.464092 0.095513 0.779500 0.265534 -0.273843 -0.111899
41 1.149897 0.000000 0.000000 0.000000 0.053975 0.011863
42 0.932722 0.000000 0.000000 0.000000 -0.020014 -0.057722
43 3.616478 0.089730 0.192606 0.074650 -0.174185 -0.082089
44 1.340571 0.000000 0.000000 0.000000 0.038126 -0.058483
45 0.801953 0.000000 0.000000 0.000000 0.008090 0.047637
46 3.507606 -0.033063 -0.336129 -0.087881 0.039606 -0.002554
47 1.575054 0.000000 0.000000 0.000000 -0.055713 -0.133233
48 1.060836 0.000000 0.000000 0.000000 0.054561 -0.056841
49 3.709169 0.058127 -0.920967 -0.315627 0.196774 -0.106443
50 1.321863 0.000000 0.000000 0.000000 -0.047130 -0.073469
51 0.977462 0.000000 0.000000 0.000000 -0.012250 -0.061757
52 0.820726 -0.201215 -0.886554 1.300423 0.122948 -0.720464
53 1.123140 0.000000 0.000000 0.000000 0.012726 0.116278
54 0.860971 0.000000 0.000000 0.000000 -0.000893 -0.180620
56 5.227545 -0.816079 -4.837857 0.000000 0.000000 0.000000
57 10.033155 -4.329227 0.133056 1.570796 0.000000 0.000000
58 3.682468 -1.284143 1.232271 0.157080 0.000000 0.000000
time 24
1 -2.833417 -16.064259 40.829823 1.063854 -0.119949 -0.265324
2 0.000000 0.000000 0.000000 0.000000 0.000000 0.000000
3 3.984023 0.000006 0.000007 277.787045 2.530867 -287.682721
4 19.319885 0.000000 0.000000 0.000000 0.000000 0.000000
5 16.701586 0.000000 0.000000 -398.953596 9.578336 53.129075
6 6.534990 0.000000 0.000000 6.306570 0.004208 -0.660707
7 -3.984013 0.000006 0.000007 -161.756483 -3.385757 151.859495
8 19.319885 0.000000 0.000000 0.000000 0.000000 1.007062
9 16.701586 0.000000 0.000000 -254.850180 -3.047196 78.588971
10 6.534990 0.000000 0.000000 6.203481 -0.004878 -1.089338
11 0.000005 4.212782 -1.689684 1.588729 -0.067258 1.529497
12 3.620122 0.000000 0.000000 0.197371 -0.033686 -0.099909
13 3.445709 0.000000 0.000000 -6.085512 -0.064769 0.047967
14 7.391221 0.000000 0.000000 0.000000 0.000000 0.155677
15 3.178825 0.000000 0.000000 3.141590 -0.000000 0.364769
16 3.706899 0.000000 0.000000 -0.059275 0.033663 -0.264293
17 2.023582 0.907751 0.852529 -1.952353 -1.174975 0.228334
18 4.983666 0.000000 0.000000 1.180574 2.121710 1.407643
19 10.904947 0.000000 0.000000 0.000000 0.000000 -1.409185
20 10.565866 -0.000002 -0.000032 0.382817 -0.026032 0.007304
21 3.464121 0.088918 -0.780280 -0.266522 0.272889 -0.114263
22 1.149897 0.000000 0.000000 0.000000 -0.053881 0.012281
23 0.932722 0.000000 0.000000 0.000000 0.019566 -0.057876
24 3.616507 0.088098 -0.193358 -0.074871 0.173485 -0.083578
25 1.340571 0.000000 0.000000 0.000000 -0.038612 -0.058163
26 0.801953 0.000000 0.000000 0.000000 -0.007693 0.047703
27 3.507634 -0.030219 0.336396 0.087874 -0.039626 -0.002228
28 1.575054 0.000000 0.000000 0.000000 0.054588 -0.133696
29 1.060836 0.000000 0.000000 0.000000 -0.055036 -0.056381
30 3.709198 0.065912 0.920442 0.315356 -0.197665 -0.104771
31 1.321863 0.000000 0.000000 0.000000 0.046519 -0.073857
32 0.977462 0.000000 0.000000 0.000000 0.011737 -0.061857
33 0.820752 -0.193688 0.888224 -1.372855 -0.498548 -0.474342
34 1.123140 0.000000 0.000000 0.000000 -0.012010 0.116354
35 0.860971 0.000000 0.000000 0.000000 -0.000207 -0.180622
36 2.023582 0.907751 -0.852529 2.237035 1.045931 0.617510
37 4.983666 0.000000 0.000000 2.747060 0.932020 0.493017
38 10.904951 0.000000 0.000000 0.000000 0.000000 -1.549317
39 10.565886 0.000000 0.000000 -0.489585 -0.091777 0.072311
40 3.464092 0.095513 0.779500 0.265534 -0.273843 -0.111899
41 1.149897 0.000000 0.000000 0.000000 0.053975 0.011863
42 0.932722 0.000000 0.000000 0.000000 -0.020014 -0.057722
43 3.616478 0.089730 0.192606 0.074650 -0.174185 -0.082089
44 1.340571 0.000000 0.000000 0.000000 0.038126 -0.058483
45 0.801953 0.000000 0.000000 0.000000 0.008090 0.047637
46 3.507606 -0.033063 -0.336129 -0.087881 0.039606 -0.002554
47 1.575054 0.000000 0.000000 0.000000 -0.055713 -0.133233
48 1.060836 0.000000 0.000000 0.000000 0.054561 -0.056841
49 3.709169 0.058127 -0.920967 -0.315627 0.196774 -0.106443
50 1.321863 0.000000 0.000000 0.000000 -0.047130 -0.073469
51 0.977462 0.000000 0.000000 0.000000 -0.012250 -0.061757
52 0.820726 -0.201215 -0.886554 1.300423 0.122948 -0.720464
53 1.123140 0.000000 0.000000 0.000000 0.012726 0.116278
54 0.860971 0.000000 0.000000 0.000000 -0.000893 -0.180620
56 5.227545 -0.816079 -4.837857 0.000000 0.000000 0.000000
57 10.033155 -4.329227 0.133056 1.570796 0.000000 0.000000
58 3.682468 -1.284143 1.232271 0.157080 0.000000 0.000000
time 25
1 -3.606964 -12.193008 30.650852 1.244964 0.011294 -0.243600
2 0.000000 0.000000 0.000000 0.000000 0.000000 0.000000
3 3.984023 0.000006 0.000007 277.907190 3.447089 -287.429818
4 19.319885 0.000000 0.000000 0.000000 0.000000 1.448117
5 16.701586 0.000000 0.000000 -398.871306 9.589813 52.035274
6 6.534990 0.000000 0.000000 6.277784 -0.004872 -1.089338
7 -3.984013 0.000006 0.000007 -161.462044 -3.268305 151.848280
8 19.319885 0.000000 0.000000 0.000000 0.000000 1.405918
9 16.701586 0.000000 0.000000 -254.681937 -2.996435 78.007149
10 6.534990 0.000000 0.000000 6.203481 -0.004878 -1.089338
11 0.000005 4.212782 -1.689684 1.588683 -0.210541 1.518705
12 3.620122 0.000000 0.000000 0.220098 -0.044686 0.018278
13 3.445709 0.000000 0.000000 -6.065703 -0.075365 0.171090
14 7.391221 0.000000 0.000000 -0.006818 -0.009421 0.320930
15 3.178825 0.000000 0.000000 3.141590 -0.000000 0.364769
16 3.706899 0.000000 0.000000 0.009345 0.084844 0.071733
17 2.023582 0.907751 0.852529 -1.859215 -1.067734 0.142502
18 4.983666 0.000000 0.000000 -1.708317 0.245631 -1.638423
19 10.904947 0.000000 0.000000 0.000000 0.000000 -1.103135
20 10.565866 -0.000002 -0.000032 0.381128 -0.024106 0.035748
21 3.464121 0.088918 -0.780280 -0.266522 0.272889 -0.114263
22 1.149897 0.000000 0.000000 0.000000 -0.053881 0.012281
23 0.932722 0.000000 0.000000 0.000000 0.019566 -0.057876
24 3.616507 0.088098 -0.193358 -0.074871 0.173485 -0.083578
25 1.340571 0.000000 0.000000 0.000000 -0.038612 -0.058163
26 0.801953 0.000000 0.000000 0.000000 -0.007693 0.047703
27 3.507634 -0.030219 0.336396 0.087874 -0.039626 -0.002228
28 1.575054 0.000000 0.000000 0.000000 0.054588 -0.133696
29 1.060836 0.000000 0.000000 0.000000 -0.055036 -0.056381
30 3.709198 0.065912 0.920442 0.315356 -0.197665 -0.104771
31 1.321863 0.000000 0.000000 0.000000 0.046519 -0.073857
32 0.977462 0.000000 0.000000 0.000000 0.011737 -0.061857
33 0.820752 -0.193688 0.888224 -1.372855 -0.498548 -0.474342
34 1.123140 0.000000 0.000000 0.000000 -0.012010 0.116354
35 0.860971 0.000000 0.000000 0.000000 -0.000207 -0.180622
36 2.023582 0.907751 -0.852529 2.041654 0.897163 0.449538
37 4.983666 0.000000 0.000000 2.222289 1.018578 -0.320253
38 10.904951 0.000000 0.000000 0.000000 0.000000 -1.847501
39 10.565886 0.000000 0.000000 -0.489585 -0.091777 0.072311
40 3.464092 0.095513 0.779500 0.265534 -0.273843 -0.111899
41 1.149897 0.000000 0.000000 0.000000 0.053975 0.011863
42 0.932722 0.000000 0.000000 0.000000 -0.020014 -0.057722
43 3.616478 0.089730 0.192606 0.074650 -0.174185 -0.082089
44 1.340571 0.000000 0.000000 0.000000 0.038126 -0.058483
45 0.801953 0.000000 0.000000 0.000000 0.008090 0.047637
46 3.507606 -0.033063 -0.336129 -0.087881 0.039606 -0.002554
47 1.575054 0.000000 0.000000 0.000000 -0.055713 -0.133233
48 1.060836 0.000000 0.000000 0.000000 0.054561 -0.056841
49 3.709169 0.058127 -0.920967 -0.315627 0.196774 -0.106443
50 1.321863 0.000000 0.000000 0.000000 -0.047130 -0.073469
51 0.977462 0.000000 0.000000 0.000000 -0.012250 -0.061757
52 0.820726 -0.201215 -0.886554 1.300423 0.122948 -0.720464
53 1.123140 0.000000 0.000000 0.000000 0.012726 0.116278
54 0.860971 0.000000 0.000000 0.000000 -0.000893 -0.180620
56 5.227545 -0.816079 -4.837857 0.000000 0.000000 0.000000
57 10.033155 -4.329227 0.133056 1.570796 0.000000 0.000000
58 3.682468 -1.284143 1.232271 0.157080 0.000000 0.000000
time 26
1 -4.127235 -8.892790 22.759081 1.372288 0.114053 -0.228452
2 0.000000 0.000000 0.000000 0.000000 0.000000 0.000000
3 3.984023 0.000006 0.000007 277.900457 3.988212 -287.295748
4 19.319885 0.000000 0.000000 0.000000 0.000000 2.062477
5 16.701586 0.000000 0.000000 -398.854534 9.563632 51.609415
6 6.534990 0.000000 0.000000 6.277784 -0.004872 -1.089338
7 -3.984013 0.000006 0.000007 -161.293408 -3.131215 151.833860
8 19.319885 0.000000 0.000000 0.000000 0.000000 2.024316
9 16.701586 0.000000 0.000000 -254.399002 -2.986382 76.894391
10 6.534990 0.000000 0.000000 6.203481 -0.004878 -1.089338
11 0.000005 4.212782 -1.689684 1.569774 -0.332141 1.530664
12 3.620122 0.000000 0.000000 0.167936 -0.034513 0.165010
13 3.445709 0.000000 0.000000 -6.114951 -0.065354 0.312931
14 7.391221 0.000000 0.000000 -0.029183 0.003978 0.420691
15 3.178825 0.000000 0.000000 3.141590 -0.000000 0.364769
16 3.706899 0.000000 0.000000 0.086207 0.093716 0.378295
17 2.023582 0.907751 0.852529 -1.824538 -1.011509 0.111661
18 4.983666 0.000000 0.000000 -1.295998 -0.288853 -1.333679
19 10.904947 0.000000 0.000000 0.000000 0.000000 -0.985872
20 10.565866 -0.000002 -0.000032 0.379043 -0.021564 0.072279
21 3.464121 0.088918 -0.780280 -0.266522 0.272889 -0.114263
22 1.149897 0.000000 0.000000 0.000000 -0.053881 0.012281
23 0.932722 0.000000 0.000000 0.000000 0.019566 -0.057876
24 3.616507 0.088098 -0.193358 -0.074871 0.173485 -0.083578
25 1.340571 0.000000 0.000000 0.000000 -0.038612 -0.058163
26 0.801953 0.000000 0.000000 0.000000 -0.007693 0.047703
27 3.507634 -0.030219 0.336396 0.087874 -0.039626 -0.002228
28 1.575054 0.000000 0.000000 0.000000 0.054588 -0.133696
29 1.060836 0.000000 0.000000 0.000000 -0.055036 -0.056381
30 3.709198 0.065912 0.920442 0.315356 -0.197665 -0.104771
31 1.321863 0.000000 0.000000 0.000000 0.046519 -0.073857
32 0.977462 0.000000 0.000000 0.000000 0.011737 -0.061857
33 0.820752 -0.193688 0.888224 -1.372855 -0.498548 -0.474342
34 1.123140 0.000000 0.000000 0.000000 -0.012010 0.116354
35 0.860971 0.000000 0.000000 0.000000 -0.000207 -0.180622
36 2.023582 0.907751 -0.852529 1.966415 0.811915 0.389517
37 4.983666 0.000000 0.000000 2.091900 1.220527 -1.241441
38 10.904951 0.000000 0.000000 0.000000 0.000000 -1.352179
39 10.565886 0.000000 0.000000 -0.489585 -0.091777 0.072311
40 3.464092 0.095513 0.779500 0.265534 -0.273843 -0.111899
41 1.149897 0.000000 0.000000 0.000000 0.053975 0.011863
42 0.932722 0.000000 0.000000 0.000000 -0.020014 -0.057722
43 3.616478 0.089730 0.192606 0.074650 -0.174185 -0.082089
44 1.340571 0.000000 0.000000 0.000000 0.038126 -0.058483
45 0.801953 0.000000 0.000000 0.000000 0.008090 0.047637
46 3.507606 -0.033063 -0.336129 -0.087881 0.039606 -0.002554
47 1.575054 0.000000 0.000000 0.000000 -0.055713 -0.133233
48 1.060836 0.000000 0.000000 0.000000 0.054561 -0.056841
49 3.709169 0.058127 -0.920967 -0.315627 0.196774 -0.106443
50 1.321863 0.000000 0.000000 0.000000 -0.047130 -0.073469
51 0.977462 0.000000 0.000000 0.000000 -0.012250 -0.061757
52 0.820726 -0.201215 -0.886554 1.300423 0.122948 -0.720464
53 1.123140 0.000000 0.000000 0.000000 0.012726 0.116278
54 0.860971 0.000000 0.000000 0.000000 -0.000893 -0.180620
56 5.227545 -0.816079 -4.837857 0.000000 0.000000 0.000000
57 10.033155 -4.329227 0.133056 1.570796 0.000000 0.000000
58 3.682468 -1.284143 1.232271 0.157080 0.000000 0.000000
time 27
1 -4.443974 -6.821916 19.182570 1.415962 0.139069 -0.219403
2 0.000000 0.000000 0.000000 0.000000 0.000000 0.000000
3 3.984023 0.000006 0.000007 277.861051 4.250326 -287.218538
4 19.319885 0.000000 0.000000 0.000000 0.000000 2.253687
5 16.701586 0.000000 0.000000 -398.854569 9.560225 51.576967
6 6.534990 0.000000 0.000000 6.277784 -0.004872 -1.089338
7 -3.984013 0.000006 0.000007 -161.267075 -3.074193 151.809385
8 19.319885 0.000000 0.000000 0.000000 0.000000 2.242769
9 16.701586 0.000000 0.000000 -254.401627 -2.917204 76.653744
10 6.534990 0.000000 0.000000 6.203481 -0.004878 -1.089338
11 0.000005 4.212782 -1.689684 1.583949 -0.356610 1.541472
12 3.620122 0.000000 0.000000 0.072860 -0.017527 0.284822
13 3.445709 0.000000 0.000000 -6.196468 -0.046633 0.409435
14 7.391221 0.000000 0.000000 -0.022388 0.029386 0.326541
15 3.178825 0.000000 0.000000 3.141590 -0.000000 0.364769
16 3.706899 0.000000 0.000000 0.158097 0.001679 0.639820
17 2.023582 0.907751 0.852529 -1.859924 -1.068769 0.143141
18 4.983666 0.000000 0.000000 -1.555468 -0.280561 -1.452503
19 10.904947 0.000000 0.000000 0.000000 0.000000 -1.042841
20 10.565866 -0.000002 -0.000032 0.376872 -0.018705 0.112134
21 3.464121 0.088918 -0.780280 -0.266522 0.272889 -0.114263
22 1.149897 0.000000 0.000000 0.000000 -0.053881 0.012281
23 0.932722 0.000000 0.000000 0.000000 0.019566 -0.057876
24 3.616507 0.088098 -0.193358 -0.074871 0.173485 -0.083578
25 1.340571 0.000000 0.000000 0.000000 -0.038612 -0.058163
26 0.801953 0.000000 0.000000 0.000000 -0.007693 0.047703
27 3.507634 -0.030219 0.336396 0.087874 -0.039626 -0.002228
28 1.575054 0.000000 0.000000 0.000000 0.054588 -0.133696
29 1.060836 0.000000 0.000000 0.000000 -0.055036 -0.056381
30 3.709198 0.065912 0.920442 0.315356 -0.197665 -0.104771
31 1.321863 0.000000 0.000000 0.000000 0.046519 -0.073857
32 0.977462 0.000000 0.000000 0.000000 0.011737 -0.061857
33 0.820752 -0.193688 0.888224 -1.372855 -0.498548 -0.474342
34 1.123140 0.000000 0.000000 0.000000 -0.012010 0.116354
35 0.860971 0.000000 0.000000 0.000000 -0.000207 -0.180622
36 2.023582 0.907751 -0.852529 2.031945 0.887258 0.441601
37 4.983666 0.000000 0.000000 1.880346 1.008696 -1.403551
38 10.904951 0.000000 0.000000 0.000000 0.000000 -1.457914
39 10.565886 0.000000 0.000000 -0.489585 -0.091777 0.072311
40 3.464092 0.095513 0.779500 0.265534 -0.273843 -0.111899
41 1.149897 0.000000 0.000000 0.000000 0.053975 0.011863
42 0.932722 0.000000 0.000000 0.000000 -0.020014 -0.057722
43 3.616478 0.089730 0.192606 0.074650 -0.174185 -0.082089
44 1.340571 0.000000 0.000000 0.000000 0.038126 -0.058483
45 0.801953 0.000000 0.000000 0.000000 0.008090 0.047637
46 3.507606 -0.033063 -0.336129 -0.087881 0.039606 -0.002554
47 1.575054 0.000000 0.000000 0.000000 -0.055713 -0.133233
48 1.060836 0.000000 0.000000 0.000000 0.054561 -0.056841
49 3.709169 0.058127 -0.920967 -0.315627 0.196774 -0.106443
50 1.321863 0.000000 0.000000 0.000000 -0.047130 -0.073469
51 0.977462 0.000000 0.000000 0.000000 -0.012250 -0.061757
52 0.820726 -0.201215 -0.886554 1.300423 0.122948 -0.720464
53 1.123140 0.000000 0.000000 0.000000 0.012726 0.116278
54 0.860971 0.000000 0.000000 0.000000 -0.000893 -0.180620
56 5.227545 -0.816079 -4.837857 0.000000 0.000000 0.000000
57 10.033155 -4.329227 0.133056 1.570796 0.000000 0.000000
58 3.682468 -1.284143 1.232271 0.157080 0.000000 0.000000
time 28
1 -4.507436 -5.322074 17.893257 1.400633 0.134292 -0.212649
2 0.000000 0.000000 0.000000 0.000000 0.000000 0.000000
3 3.984023 0.000006 0.000007 277.807736 4.370520 -287.156497
4 19.319885 0.000000 0.000000 0.000000 0.000000 2.301026
5 16.701586 0.000000 0.000000 -398.864079 9.559199 51.692723
6 6.534990 0.000000 0.000000 6.277784 -0.004872 -1.089338
7 -3.984013 0.000006 0.000007 -161.296187 -2.965390 151.788830
8 19.319885 0.000000 0.000000 0.000000 0.000000 2.382971
9 16.701586 0.000000 0.000000 -254.465134 -2.841475 76.674606
10 6.534990 0.000000 0.000000 6.203481 -0.004878 -1.089338
11 0.000005 4.212782 -1.689684 1.623748 -0.340273 1.534467
12 3.620122 0.000000 0.000000 -0.028217 -0.015650 0.388690
13 3.445709 0.000000 0.000000 -6.281472 -0.037571 0.483436
14 7.391221 0.000000 0.000000 0.004713 0.043370 0.165628
15 3.178825 0.000000 0.000000 3.141590 -0.000000 0.364769
16 3.706899 0.000000 0.000000 0.237651 -0.132855 0.866702
17 2.023582 0.907751 0.852529 -1.954588 -1.176980 0.230432
18 4.983666 0.000000 0.000000 -1.810972 -0.109052 -1.566677
19 10.904947 0.000000 0.000000 0.000000 0.000000 -1.209435
20 10.565866 -0.000002 -0.000032 0.374825 -0.015769 0.151877
21 3.464121 0.088918 -0.780280 -0.266522 0.272889 -0.114263
22 1.149897 0.000000 0.000000 0.000000 -0.053881 0.012281
23 0.932722 0.000000 0.000000 0.000000 0.019566 -0.057876
24 3.616507 0.088098 -0.193358 -0.074871 0.173485 -0.083578
25 1.340571 0.000000 0.000000 0.000000 -0.038612 -0.058163
26 0.801953 0.000000 0.000000 0.000000 -0.007693 0.047703
27 3.507634 -0.030219 0.336396 0.087874 -0.039626 -0.002228
28 1.575054 0.000000 0.000000 0.000000 0.054588 -0.133696
29 1.060836 0.000000 0.000000 0.000000 -0.055036 -0.056381
30 3.709198 0.065912 0.920442 0.315356 -0.197665 -0.104771
31 1.321863 0.000000 0.000000 0.000000 0.046519 -0.073857
32 0.977462 0.000000 0.000000 0.000000 0.011737 -0.061857
33 0.820752 -0.193688 0.888224 -1.372855 -0.498548 -0.474342
34 1.123140 0.000000 0.000000 0.000000 -0.012010 0.116354
35 0.860971 0.000000 0.000000 0.000000 -0.000207 -0.180622
36 2.023582 0.907751 -0.852529 2.207222 1.028296 0.591084
37 4.983666 0.000000 0.000000 1.722984 0.495353 -1.501909
38 10.904951 0.000000 0.000000 0.000000 0.000000 -1.685449
39 10.565886 0.000000 0.000000 -0.489585 -0.091777 0.072311
40 3.464092 0.095513 0.779500 0.265534 -0.273843 -0.111899
41 1.149897 0.000000 0.000000 0.000000 0.053975 0.011863
42 0.932722 0.000000 0.000000 0.000000 -0.020014 -0.057722
43 3.616478 0.089730 0.192606 0.074650 -0.174185 -0.082089
44 1.340571 0.000000 0.000000 0.000000 0.038126 -0.058483
45 0.801953 0.000000 0.000000 0.000000 0.008090 0.047637
46 3.507606 -0.033063 -0.336129 -0.087881 0.039606 -0.002554
47 1.575054 0.000000 0.000000 0.000000 -0.055713 -0.133233
48 1.060836 0.000000 0.000000 0.000000 0.054561 -0.056841
49 3.709169 0.058127 -0.920967 -0.315627 0.196774 -0.106443
50 1.321863 0.000000 0.000000 0.000000 -0.047130 -0.073469
51 0.977462 0.000000 0.000000 0.000000 -0.012250 -0.061757
52 0.820726 -0.201215 -0.886554 1.300423 0.122948 -0.720464
53 1.123140 0.000000 0.000000 0.000000 0.012726 0.116278
54 0.860971 0.000000 0.000000 0.000000 -0.000893 -0.180620
56 5.227545 -0.816079 -4.837857 0.000000 0.000000 0.000000
57 10.033155 -4.329227 0.133056 1.570796 0.000000 0.000000
58 3.682468 -1.284143 1.232271 0.157080 0.000000 0.000000
time 29
1 -4.432100 -4.052153 17.107996 1.372288 0.114053 -0.228452
2 0.000000 0.000000 0.000000 0.000000 0.000000 0.000000
3 3.984023 0.000006 0.000007 277.714351 4.443634 -287.069571
4 19.319885 0.000000 0.000000 0.000000 0.000000 2.311769
5 16.701586 0.000000 0.000000 -398.867624 9.550418 51.827347
6 6.534990 0.000000 0.000000 6.277784 -0.004872 -1.089338
7 -3.984013 0.000006 0.000007 -161.301794 -2.868022 151.760161
8 19.319885 0.000000 0.000000 0.000000 0.000000 2.481182
9 16.701586 0.000000 0.000000 -254.495064 -2.838165 76.712862
10 6.534990 0.000000 0.000000 6.203481 -0.004878 -1.089338
11 0.000005 4.212782 -1.689684 1.630296 -0.322084 1.530555
12 3.620122 0.000000 0.000000 -0.107609 -0.028004 0.435274
13 3.445709 0.000000 0.000000 -6.355095 -0.044481 0.513069
14 7.391221 0.000000 0.000000 0.015034 0.037584 0.087045
15 3.178825 0.000000 0.000000 3.141590 -0.000000 0.364769
16 3.706899 0.000000 0.000000 0.334964 -0.191152 0.952793
17 2.023582 0.907751 0.852529 -2.069442 -1.257214 0.339691
18 4.983666 0.000000 0.000000 -1.972581 0.035743 -1.590378
19 10.904947 0.000000 0.000000 0.000000 0.000000 -1.420400
20 10.565866 -0.000002 -0.000032 0.373038 -0.012988 0.188586
21 3.464121 0.088918 -0.780280 -0.266522 0.272889 -0.114263
22 1.149897 0.000000 0.000000 0.000000 -0.053881 0.012281
23 0.932722 0.000000 0.000000 0.000000 0.019566 -0.057876
24 3.616507 0.088098 -0.193358 -0.074871 0.173485 -0.083578
25 1.340571 0.000000 0.000000 0.000000 -0.038612 -0.058163
26 0.801953 0.000000 0.000000 0.000000 -0.007693 0.047703
27 3.507634 -0.030219 0.336396 0.087874 -0.039626 -0.002228
28 1.575054 0.000000 0.000000 0.000000 0.054588 -0.133696
29 1.060836 0.000000 0.000000 0.000000 -0.055036 -0.056381
30 3.709198 0.065912 0.920442 0.315356 -0.197665 -0.104771
31 1.321863 0.000000 0.000000 0.000000 0.046519 -0.073857
32 0.977462 0.000000 0.000000 0.000000 0.011737 -0.061857
33 0.820752 -0.193688 0.888224 -1.372855 -0.498548 -0.474342
34 1.123140 0.000000 0.000000 0.000000 -0.012010 0.116354
35 0.860971 0.000000 0.000000 0.000000 -0.000207 -0.180622
36 2.023582 0.907751 -0.852529 2.404878 1.122428 0.769618
37 4.983666 0.000000 0.000000 1.699565 0.205598 -1.420770
38 10.904951 0.000000 0.000000 0.000000 0.000000 -1.762024
39 10.565886 0.000000 0.000000 -0.489585 -0.091777 0.072311
40 3.464092 0.095513 0.779500 0.265534 -0.273843 -0.111899
41 1.149897 0.000000 0.000000 0.000000 0.053975 0.011863
42 0.932722 0.000000 0.000000 0.000000 -0.020014 -0.057722
43 3.616478 0.089730 0.192606 0.074650 -0.174185 -0.082089
44 1.340571 0.000000 0.000000 0.000000 0.038126 -0.058483
45 0.801953 0.000000 0.000000 0.000000 0.008090 0.047637
46 3.507606 -0.033063 -0.336129 -0.087881 0.039606 -0.002554
47 1.575054 0.000000 0.000000 0.000000 -0.055713 -0.133233
48 1.060836 0.000000 0.000000 0.000000 0.054561 -0.056841
49 3.709169 0.058127 -0.920967 -0.315627 0.196774 -0.106443
50 1.321863 0.000000 0.000000 0.000000 -0.047130 -0.073469
51 0.977462 0.000000 0.000000 0.000000 -0.012250 -0.061757
52 0.820726 -0.201215 -0.886554 1.300423 0.122948 -0.720464
53 1.123140 0.000000 0.000000 0.000000 0.012726 0.116278
54 0.860971 0.000000 0.000000 0.000000 -0.000893 -0.180620
56 5.227545 -0.816079 -4.837857 0.000000 0.000000 0.000000
57 10.033155 -4.329227 0.133056 1.570796 0.000000 0.000000
58 3.682468 -1.284143 1.232271 0.157080 0.000000 0.000000
time 30
1 -4.139908 -2.769807 16.317854 1.337519 0.068401 -0.295997
2 0.000000 0.000000 0.000000 0.000000 0.000000 0.000000
3 3.984023 0.000006 0.000007 277.508508 4.491185 -286.880721
4 19.319885 0.000000 0.000000 0.000000 0.000000 2.308984
5 16.701586 0.000000 0.000000 -398.861114 9.516243 51.972313
6 6.534990 0.000000 0.000000 6.277784 -0.004872 -1.089338
7 -3.984013 0.000006 0.000007 -161.204114 -2.845248 151.709131
8 19.319885 0.000000 0.000000 0.000000 0.000000 2.551700
9 16.701586 0.000000 0.000000 -254.475957 -3.022570 76.628518
10 6.534990 0.000000 0.000000 6.203481 -0.004878 -1.089338
11 0.000005 4.212782 -1.689684 1.577957 -0.271917 1.556271
12 3.620122 0.000000 0.000000 -0.150477 -0.045710 0.369307
13 3.445709 0.000000 0.000000 -6.408950 -0.056589 0.448231
14 7.391221 0.000000 0.000000 0.006489 0.019739 0.110288
15 3.178825 0.000000 0.000000 3.141590 -0.000000 0.364769
16 3.706899 0.000000 0.000000 0.490131 -0.079802 0.774678
17 2.023582 0.907751 0.852529 -2.147596 -1.294050 0.415165
18 4.983666 0.000000 0.000000 -2.034057 0.131096 -1.539302
19 10.904947 0.000000 0.000000 0.000000 0.000000 -1.827066
20 10.565866 -0.000002 -0.000032 0.371618 -0.010604 0.219381
21 3.464121 0.088918 -0.780280 -0.266522 0.272889 -0.114263
22 1.149897 0.000000 0.000000 0.000000 -0.053881 0.012281
23 0.932722 0.000000 0.000000 0.000000 0.019566 -0.057876
24 3.616507 0.088098 -0.193358 -0.074871 0.173485 -0.083578
25 1.340571 0.000000 0.000000 0.000000 -0.038612 -0.058163
26 0.801953 0.000000 0.000000 0.000000 -0.007693 0.047703
27 3.507634 -0.030219 0.336396 0.087874 -0.039626 -0.002228
28 1.575054 0.000000 0.000000 0.000000 0.054588 -0.133696
29 1.060836 0.000000 0.000000 0.000000 -0.055036 -0.056381
30 3.709198 0.065912 0.920442 0.315356 -0.197665 -0.104771
31 1.321863 0.000000 0.000000 0.000000 0.046519 -0.073857
32 0.977462 0.000000 0.000000 0.000000 0.011737 -0.061857
33 0.820752 -0.193688 0.888224 -1.372855 -0.498548 -0.474342
34 1.123140 0.000000 0.000000 0.000000 -0.012010 0.116354
35 0.860971 0.000000 0.000000 0.000000 -0.000207 -0.180622
36 2.023582 0.907751 -0.852529 2.522095 1.158931 0.878182
37 4.983666 0.000000 0.000000 1.598024 0.269736 -1.233848
38 10.904951 0.000000 0.000000 0.000000 0.000000 -1.931136
39 10.565886 0.000000 0.000000 -0.489585 -0.091777 0.072311
40 3.464092 0.095513 0.779500 0.265534 -0.273843 -0.111899
41 1.149897 0.000000 0.000000 0.000000 0.053975 0.011863
42 0.932722 0.000000 0.000000 0.000000 -0.020014 -0.057722
43 3.616478 0.089730 0.192606 0.074650 -0.174185 -0.082089
44 1.340571 0.000000 0.000000 0.000000 0.038126 -0.058483
45 0.801953 0.000000 0.000000 0.000000 0.008090 0.047637
46 3.507606 -0.033063 -0.336129 -0.087881 0.039606 -0.002554
47 1.575054 0.000000 0.000000 0.000000 -0.055713 -0.133233
48 1.060836 0.000000 0.000000 0.000000 0.054561 -0.056841
49 3.709169 0.058127 -0.920967 -0.315627 0.196774 -0.106443
50 1.321863 0.000000 0.000000 0.000000 -0.047130 -0.073469
51 0.977462 0.000000 0.000000 0.000000 -0.012250 -0.061757
52 0.820726 -0.201215 -0.886554 1.300423 0.122948 -0.720464
53 1.123140 0.000000 0.000000 0.000000 0.012726 0.116278
54 0.860971 0.000000 0.000000 0.000000 -0.000893 -0.180620
56 5.227545 -0.816079 -4.837857 0.000000 0.000000 0.000000
57 10.033155 -4.329227 0.133056 1.570796 0.000000 0.000000
58 3.682468 -1.284143 1.232271 0.157080 0.000000 0.000000
time 31
1 -3.708919 -1.717383 16.031761 1.300465 0.009951 -0.386428
2 0.000000 0.000000 0.000000 0.000000 0.000000 0.000000
3 3.984023 0.000006 0.000007 277.340725 4.483632 -286.724392
4 19.319885 0.000000 0.000000 0.000000 0.000000 2.281964
5 16.701586 0.000000 0.000000 -398.854500 9.463826 52.112348
6 6.534990 0.000000 0.000000 6.277784 -0.004872 -1.089338
7 -3.984013 0.000006 0.000007 -161.038836 -2.898331 151.644567
8 19.319885 0.000000 0.000000 0.000000 0.000000 2.571235
9 16.701586 0.000000 0.000000 -254.497603 -3.184524 76.455187
10 6.534990 0.000000 0.000000 6.203481 -0.004878 -1.089338
11 0.000005 4.212782 -1.689684 1.517265 -0.184263 1.597669
12 3.620122 0.000000 0.000000 -0.167819 -0.058725 0.241925
13 3.445709 0.000000 0.000000 -6.442932 -0.061464 0.327162
14 7.391221 0.000000 0.000000 0.001574 0.005694 0.140608
15 3.178825 0.000000 0.000000 3.141590 -0.000000 0.364769
16 3.706899 0.000000 0.000000 0.671144 0.104235 0.461987
17 2.023582 0.907751 0.852529 -2.178267 -1.305896 0.444947
18 4.983666 0.000000 0.000000 -2.078238 0.018208 -1.159674
19 10.904947 0.000000 0.000000 0.000000 0.000000 -1.831147
20 10.565866 -0.000002 -0.000032 0.370665 -0.008903 0.241020
21 3.464121 0.088918 -0.780280 -0.266522 0.272889 -0.114263
22 1.149897 0.000000 0.000000 0.000000 -0.053881 0.012281
23 0.932722 0.000000 0.000000 0.000000 0.019566 -0.057876
24 3.616507 0.088098 -0.193358 -0.074871 0.173485 -0.083578
25 1.340571 0.000000 0.000000 0.000000 -0.038612 -0.058163
26 0.801953 0.000000 0.000000 0.000000 -0.007693 0.047703
27 3.507634 -0.030219 0.336396 0.087874 -0.039626 -0.002228
28 1.575054 0.000000 0.000000 0.000000 0.054588 -0.133696
29 1.060836 0.000000 0.000000 0.000000 -0.055036 -0.056381
30 3.709198 0.065912 0.920442 0.315356 -0.197665 -0.104771
31 1.321863 0.000000 0.000000 0.000000 0.046519 -0.073857
32 0.977462 0.000000 0.000000 0.000000 0.011737 -0.061857
33 0.820752 -0.193688 0.888224 -1.372855 -0.498548 -0.474342
34 1.123140 0.000000 0.000000 0.000000 -0.012010 0.116354
35 0.860971 0.000000 0.000000 0.000000 -0.000207 -0.180622
36 2.023582 0.907751 -0.852529 2.554546 1.167206 0.908471
37 4.983666 0.000000 0.000000 1.370840 0.657273 -1.196265
38 10.904951 0.000000 0.000000 0.000000 0.000000 -1.835968
39 10.565886 0.000000 0.000000 -0.489585 -0.091777 0.072311
40 3.464092 0.095513 0.779500 0.265534 -0.273843 -0.111899
41 1.149897 0.000000 0.000000 0.000000 0.053975 0.011863
42 0.932722 0.000000 0.000000 0.000000 -0.020014 -0.057722
43 3.616478 0.089730 0.192606 0.074650 -0.174185 -0.082089
44 1.340571 0.000000 0.000000 0.000000 0.038126 -0.058483
45 0.801953 0.000000 0.000000 0.000000 0.008090 0.047637
46 3.507606 -0.033063 -0.336129 -0.087881 0.039606 -0.002554
47 1.575054 0.000000 0.000000 0.000000 -0.055713 -0.133233
48 1.060836 0.000000 0.000000 0.000000 0.054561 -0.056841
49 3.709169 0.058127 -0.920967 -0.315627 0.196774 -0.106443
50 1.321863 0.000000 0.000000 0.000000 -0.047130 -0.073469
51 0.977462 0.000000 0.000000 0.000000 -0.012250 -0.061757
52 0.820726 -0.201215 -0.886554 1.300423 0.122948 -0.720464
53 1.123140 0.000000 0.000000 0.000000 0.012726 0.116278
54 0.860971 0.000000 0.000000 0.000000 -0.000893 -0.180620
56 5.227545 -0.816079 -4.837857 0.000000 0.000000 0.000000
57 10.033155 -4.329227 0.133056 1.570796 0.000000 0.000000
58 3.682468 -1.284143 1.232271 0.157080 0.000000 0.000000
time 32
1 -3.487779 -1.280813 15.993366 1.285813 -0.017831 -0.432042
2 0.000000 0.000000 0.000000 0.000000 0.000000 0.000000
3 3.984023 0.000006 0.000007 277.290257 4.471266 -286.674520
4 19.319885 0.000000 0.000000 0.000000 0.000000 2.265798
5 16.701586 0.000000 0.000000 -398.851432 9.434727 52.173000
6 6.534990 0.000000 0.000000 6.277784 -0.004872 -1.089338
7 -3.984013 0.000006 0.000007 -160.955984 -2.949508 151.616955
8 19.319885 0.000000 0.000000 0.000000 0.000000 2.566426
9 16.701586 0.000000 0.000000 -254.521005 -3.197102 76.343010
10 6.534990 0.000000 0.000000 6.203481 -0.004878 -1.089338
11 0.000005 4.212782 -1.689684 1.490474 -0.137553 1.618985
12 3.620122 0.000000 0.000000 -0.171060 -0.063789 0.172852
13 3.445709 0.000000 0.000000 -6.454765 -0.062365 0.261904
14 7.391221 0.000000 0.000000 0.000000 0.000000 0.155677
15 3.178825 0.000000 0.000000 3.141590 -0.000000 0.364769
16 3.706899 0.000000 0.000000 0.761288 0.199878 0.295682
17 2.023582 0.907751 0.852529 -2.120532 -1.282479 0.388955
18 4.983666 0.000000 0.000000 -2.139940 -0.083489 -1.000090
19 10.904947 0.000000 0.000000 0.000000 0.000000 -1.553859
20 10.565866 -0.000002 -0.000032 0.370306 -0.008239 0.249391
21 3.464121 0.088918 -0.780280 -0.266522 0.272889 -0.114263
22 1.149897 0.000000 0.000000 0.000000 -0.053881 0.012281
23 0.932722 0.000000 0.000000 0.000000 0.019566 -0.057876
24 3.616507 0.088098 -0.193358 -0.074871 0.173485 -0.083578
25 1.340571 0.000000 0.000000 0.000000 -0.038612 -0.058163
26 0.801953 0.000000 0.000000 0.000000 -0.007693 0.047703
27 3.507634 -0.030219 0.336396 0.087874 -0.039626 -0.002228
28 1.575054 0.000000 0.000000 0.000000 0.054588 -0.133696
29 1.060836 0.000000 0.000000 0.000000 -0.055036 -0.056381
30 3.709198 0.065912 0.920442 0.315356 -0.197665 -0.104771
31 1.321863 0.000000 0.000000 0.000000 0.046519 -0.073857
32 0.977462 0.000000 0.000000 0.000000 0.011737 -0.061857
33 0.820752 -0.193688 0.888224 -1.372855 -0.498548 -0.474342
34 1.123140 0.000000 0.000000 0.000000 -0.012010 0.116354
35 0.860971 0.000000 0.000000 0.000000 -0.000207 -0.180622
36 2.023582 0.907751 -0.852529 2.459137 1.140717 0.819689
37 4.983666 0.000000 0.000000 1.124684 0.876954 -1.448705
38 10.904951 0.000000 0.000000 0.000000 0.000000 -1.600772
39 10.565886 0.000000 0.000000 -0.489585 -0.091777 0.072311
40 3.464092 0.095513 0.779500 0.265534 -0.273843 -0.111899
41 1.149897 0.000000 0.000000 0.000000 0.053975 0.011863
42 0.932722 0.000000 0.000000 0.000000 -0.020014 -0.057722
43 3.616478 0.089730 0.192606 0.074650 -0.174185 -0.082089
44 1.340571 0.000000 0.000000 0.000000 0.038126 -0.058483
45 0.801953 0.000000 0.000000 0.000000 0.008090 0.047637
46 3.507606 -0.033063 -0.336129 -0.087881 0.039606 -0.002554
47 1.575054 0.000000 0.000000 0.000000 -0.055713 -0.133233
48 1.060836 0.000000 0.000000 0.000000 0.054561 -0.056841
49 3.709169 0.058127 -0.920967 -0.315627 0.196774 -0.106443
50 1.321863 0.000000 0.000000 0.000000 -0.047130 -0.073469
51 0.977462 0.000000 0.000000 0.000000 -0.012250 -0.061757
52 0.820726 -0.201215 -0.886554 1.300423 0.122948 -0.720464
53 1.123140 0.000000 0.000000 0.000000 0.012726 0.116278
54 0.860971 0.000000 0.000000 0.000000 -0.000893 -0.180620
56 5.227545 -0.816079 -4.837857 0.000000 0.000000 0.000000
57 10.033155 -4.329227 0.133056 1.570796 0.000000 0.000000
58 3.682468 -1.284143 1.232271 0.157080 0.000000 0.000000
end
