version 1
nodes
  0 "Bip01"  -1
  1 "Bip01 Footsteps"   0
  2 "Bip01 Pelvis"   0
  3 "Bip01 Spine"   2
  4 "Bip01 Spine1"   3
  5 "Bip01 Spine2"   4
  6 "Bip01 Spine3"   5
  7 "Bip01 Neck"   6
  8 "Bip01 Head"   7
  9 "Dummy13"   8
 10 "Bip01 R Clavicle"   7
 11 "Bip01 R UpperArm"  10
 12 "Bip01 R Forearm"  11
 13 "Bip01 R Hand"  12
 14 "Bip01 R Finger0"  13
 15 "Bip01 R Finger01"  14
 16 "Bip01 R Finger02"  15
 17 "Dummy01"  16
 18 "Bip01 R Finger1"  13
 19 "Bip01 R Finger11"  18
 20 "Bip01 R Finger12"  19
 21 "Dummy02"  20
 22 "Bip01 R Finger2"  13
 23 "Bip01 R Finger21"  22
 24 "Bip01 R Finger22"  23
 25 "Dummy03"  24
 26 "Bip01 R Finger3"  13
 27 "Bip01 R Finger31"  26
 28 "Bip01 R Finger32"  27
 29 "Dummy04"  28
 30 "Bip01 R Finger4"  13
 31 "Bip01 R Finger41"  30
 32 "Bip01 R Finger42"  31
 33 "Dummy05"  32
 34 "Bip01 L Clavicle"   7
 35 "Bip01 L UpperArm"  34
 36 "Bip01 L Forearm"  35
 37 "Bip01 L Hand"  36
 38 "Bip01 L Finger0"  37
 39 "Bip01 L Finger01"  38
 40 "Bip01 L Finger02"  39
 41 "Dummy06"  40
 42 "Bip01 L Finger1"  37
 43 "Bip01 L Finger11"  42
 44 "Bip01 L Finger12"  43
 45 "Dummy07"  44
 46 "Bip01 L Finger2"  37
 47 "Bip01 L Finger21"  46
 48 "Bip01 L Finger22"  47
 49 "Dummy08"  48
 50 "Bip01 L Finger3"  37
 51 "Bip01 L Finger31"  50
 52 "Bip01 L Finger32"  51
 53 "Dummy09"  52
 54 "Bip01 L Finger4"  37
 55 "Bip01 L Finger41"  54
 56 "Bip01 L Finger42"  55
 57 "Dummy10"  56
 58 "Bip01 L Thigh"   3
 59 "Bip01 L Calf"  58
 60 "Bip01 L Foot"  59
 61 "Bip01 L Toe0"  60
 62 "Dummy12"  61
 63 "Bip01 R Thigh"   3
 64 "Bip01 R Calf"  63
 65 "Bip01 R Foot"  64
 66 "Bip01 R Toe0"  65
 67 "Dummy11"  66
 68 "SMDImport"   2
end
skeleton
time 0
  0 14.157005 16.900982 39.998547 0.000000 -0.320918 2.944712
  1 -12.423095 -0.000001 -37.373001 -0.064931 -0.314503 -2.934413
  2 -2.532753 0.339245 -0.000002 0.000001 -1.617025 -1.570796
  3 4.208612 -0.003638 -0.194747 0.026249 0.082089 0.286509
  4 4.761441 -0.003791 0.000001 0.000000 0.000000 0.000000
  5 4.761676 -0.003783 -0.000008 0.001910 0.008379 0.061003
  6 4.761678 -0.003786 -0.000005 0.001910 0.008379 0.061003
  7 4.762258 -0.002028 -0.000000 -0.000000 -0.000001 0.383972
  8 2.746990 -0.000000 0.000001 0.552793 0.116124 -0.585708
  9 9.156626 0.000001 -0.000001 0.000000 0.000000 0.000000
 10 0.000005 0.002189 -1.281927 0.040377 1.157070 2.793798
 11 7.285011 0.000000 -0.000001 -0.866467 -0.716271 0.787881
 12 12.718713 0.000002 0.000000 0.000000 0.000000 -2.199119
 13 10.221164 0.000000 -0.000000 1.541979 0.047572 -0.014554
 14 1.389920 -0.447520 1.936563 -0.210439 -0.761471 0.314906
 15 1.208676 -0.000001 0.000001 0.000000 0.000000 0.000000
 16 1.208674 -0.000002 -0.000000 0.000000 0.000000 0.000000
 17 1.208673 0.000001 -0.000001 0.000000 0.000000 3.141593
 18 3.507810 -0.429744 1.193335 0.022860 -0.225875 -0.088311
 19 1.560289 -0.000000 -0.000003 0.000000 0.000000 0.000000
 20 1.560289 0.000001 0.000002 0.000000 0.000000 0.000000
 21 1.560290 -0.000001 -0.000000 0.000000 0.000000 3.141593
 22 3.044310 -0.436517 0.176983 0.140338 -0.004885 0.034563
 23 1.820336 -0.000001 -0.000001 0.000000 0.000000 0.000000
 24 1.820338 0.000001 -0.000001 0.000000 0.000000 0.000000
 25 1.820338 -0.000000 -0.000001 0.000000 0.000000 3.141593
 26 3.330763 -0.128977 -0.727986 0.013106 0.174047 0.071026
 27 1.560290 -0.000002 -0.000000 0.000000 0.000000 0.000000
 28 1.560289 0.000001 -0.000003 0.000000 0.000000 0.000000
 29 1.560288 -0.000000 0.000002 0.000000 0.000000 3.141593
 30 3.208161 0.466231 -1.931738 0.024854 0.330715 0.074094
 31 1.300242 -0.000001 -0.000001 0.000000 0.000000 0.000000
 32 1.300241 0.000001 0.000001 0.000000 0.000000 0.000000
 33 1.300240 -0.000000 0.000003 0.000000 0.000000 3.141593
 34 0.000007 0.002180 1.281929 0.373136 -0.991580 2.440222
 35 7.285016 -0.000002 0.000000 -0.676727 0.374651 -0.438786
 36 12.538437 0.000000 -0.000001 0.000000 0.000000 -2.538588
 37 10.782778 0.000001 -0.000001 -1.626598 -0.004236 0.053345
 38 1.016389 0.059480 -2.003611 0.348822 0.790160 0.431299
 39 1.107950 -0.000001 0.000001 0.000000 0.000000 0.000000
 40 1.107955 -0.000000 0.000001 0.000000 0.000000 0.000000
 41 1.107951 -0.000001 0.000001 0.000000 0.000000 0.000000
 42 3.077730 -0.144548 -1.412631 0.003835 0.209388 0.026587
 43 1.560287 0.000001 -0.000000 0.000000 0.000000 0.000000
 44 1.560289 -0.000001 0.000000 0.000000 0.000000 0.000000
 45 1.560290 -0.000001 0.000000 0.000000 0.000000 0.000000
 46 2.463500 0.093206 -0.291938 -0.000796 0.000000 0.000000
 47 1.820334 0.000000 0.000000 0.000000 0.000000 0.000000
 48 1.820337 -0.000001 0.000000 0.000000 0.000000 0.000000
 49 1.820337 0.000000 0.000001 0.000000 0.000000 0.000000
 50 3.016626 -0.086193 0.699124 -0.016172 -0.173791 0.088745
 51 1.560293 -0.000001 -0.000001 0.000000 0.000000 0.000000
 52 1.560283 0.000005 0.000001 0.000000 0.000000 0.000000
 53 1.560290 -0.000001 -0.000001 0.000000 0.000000 0.000000
 54 2.733755 0.442844 1.903232 -0.009342 -0.314026 0.027785
 55 1.300245 -0.000001 -0.000001 0.000000 0.000000 0.000000
 56 1.300244 -0.000001 -0.000002 0.000000 0.000000 0.000000
 57 1.300241 0.000001 0.000001 0.000000 0.000000 0.000000
 58 -4.338732 1.284676 3.480949 -0.024327 -3.006623 -0.416562
 59 15.353564 -0.000000 0.000000 -0.000000 0.000000 -0.554158
 60 19.266846 -0.000001 0.000001 0.260840 0.084495 0.236511
 61 4.212047 5.420721 0.000001 -0.000000 0.000000 1.570796
 62 0.549398 0.000000 0.000000 0.000000 0.000000 3.141593
 63 -3.738074 1.093048 -3.817169 0.041720 3.105323 -0.060947
 64 15.353561 -0.000000 -0.000000 0.000000 0.000000 -0.302334
 65 19.266842 -0.000001 -0.000001 1.142477 -0.190641 -0.084634
 66 4.212047 5.420718 0.000001 -0.000000 0.000000 1.570796
 67 0.549397 -0.000000 -0.000000 0.000000 0.000000 0.000000
 68 -38.836464 -1.519709 -0.000049 -3.141593 -1.570796 0.000000
time 1
  0 14.073322 16.986952 39.973385 -0.000153 -0.311617 2.946151
  1 -12.067269 0.005749 -37.462971 -0.062630 -0.305460 -2.936483
  2 -2.496914 0.287813 0.000003 0.000001 -1.616590 -1.570795
  3 4.208683 -0.003643 -0.192881 0.018329 0.075920 0.282195
  4 4.761443 -0.003793 0.000000 0.000000 0.000000 0.000000
  5 4.761669 -0.003785 -0.000000 0.000437 0.006955 0.060128
  6 4.761674 -0.003783 -0.000003 0.000437 0.006955 0.060128
  7 4.762264 -0.002028 -0.000002 -0.000000 -0.000001 0.383972
  8 2.746989 -0.000001 -0.000000 0.577569 0.126153 -0.569380
  9 9.156631 0.000001 0.000001 0.000000 0.000000 0.000000
 10 0.000001 0.002192 -1.281928 0.052711 1.158587 2.805126
 11 7.285009 -0.000002 -0.000001 -0.878635 -0.701784 0.789307
 12 12.718714 0.000001 0.000001 0.000000 -0.000000 -2.195088
 13 10.221162 -0.000001 -0.000002 1.543417 0.047175 -0.014886
 14 1.389920 -0.447519 1.936561 -0.210439 -0.761471 0.314906
 15 1.208675 0.000000 0.000001 0.000000 0.000000 0.000000
 16 1.208674 -0.000000 0.000001 0.000000 0.000000 0.000000
 17 1.208674 -0.000001 0.000002 0.000000 0.000000 3.141593
 18 3.507809 -0.429743 1.193331 0.022860 -0.225875 -0.088311
 19 1.560288 -0.000000 -0.000001 0.000000 0.000000 0.000000
 20 1.560289 -0.000000 -0.000001 0.000000 0.000000 0.000000
 21 1.560288 0.000000 -0.000002 0.000000 0.000000 3.141593
 22 3.044309 -0.436517 0.176980 0.140338 -0.004885 0.034563
 23 1.820337 0.000000 0.000003 0.000000 0.000000 0.000000
 24 1.820338 0.000001 -0.000002 0.000000 0.000000 0.000000
 25 1.820337 -0.000001 -0.000000 0.000000 0.000000 3.141593
 26 3.330762 -0.128976 -0.727987 0.013106 0.174047 0.071026
 27 1.560288 0.000000 -0.000001 0.000000 0.000000 0.000000
 28 1.560288 -0.000001 -0.000001 0.000000 0.000000 0.000000
 29 1.560289 0.000001 -0.000001 0.000000 0.000000 3.141593
 30 3.208161 0.466229 -1.931737 0.024854 0.330715 0.074094
 31 1.300239 0.000000 0.000000 0.000000 0.000000 0.000000
 32 1.300241 -0.000001 0.000000 0.000000 0.000000 0.000000
 33 1.300241 -0.000002 0.000000 0.000000 0.000000 3.141593
 34 0.000002 0.002185 1.281928 0.397356 -0.999061 2.417536
 35 7.285011 -0.000000 -0.000002 -0.685130 0.386088 -0.407266
 36 12.538442 0.000002 -0.000003 -0.000000 0.000000 -2.550998
 37 10.782779 -0.000001 0.000004 -1.625200 -0.004690 0.052691
 38 1.016388 0.059478 -2.003610 0.348822 0.790160 0.431299
 39 1.107953 -0.000001 0.000001 0.000000 0.000000 0.000000
 40 1.107952 -0.000000 -0.000002 0.000000 0.000000 0.000000
 41 1.107952 0.000000 -0.000000 0.000000 0.000000 0.000000
 42 3.077732 -0.144551 -1.412631 0.003835 0.209388 0.026587
 43 1.560293 -0.000001 0.000000 0.000000 0.000000 0.000000
 44 1.560289 0.000001 -0.000000 0.000000 0.000000 0.000000
 45 1.560288 0.000001 -0.000000 0.000000 0.000000 0.000000
 46 2.463500 0.093204 -0.291939 -0.000796 0.000000 0.000000
 47 1.820336 0.000000 0.000000 0.000000 0.000000 0.000000
 48 1.820336 0.000000 0.000000 0.000000 0.000000 0.000000
 49 1.820341 -0.000001 -0.000000 0.000000 0.000000 0.000000
 50 3.016624 -0.086194 0.699124 -0.016172 -0.173791 0.088745
 51 1.560291 -0.000001 -0.000001 0.000000 0.000000 0.000000
 52 1.560290 -0.000001 -0.000001 0.000000 0.000000 0.000000
 53 1.560285 0.000002 0.000001 0.000000 0.000000 0.000000
 54 2.733752 0.442844 1.903231 -0.009342 -0.314026 0.027785
 55 1.300239 0.000001 0.000001 0.000000 0.000000 0.000000
 56 1.300239 0.000000 0.000001 0.000000 0.000000 0.000000
 57 1.300241 -0.000000 -0.000002 0.000000 0.000000 0.000000
 58 -4.321997 1.240117 3.515776 -0.027530 -2.995651 -0.417047
 59 15.353565 -0.000001 0.000001 0.000000 -0.000000 -0.552850
 60 19.266848 0.000003 0.000001 0.261197 0.086274 0.240021
 61 4.212047 5.420719 0.000001 -0.000000 0.000000 1.570796
 62 0.549398 0.000000 0.000000 0.000000 0.000000 3.141593
 63 -3.766384 1.106236 -3.787197 0.033244 3.110246 -0.050051
 64 15.353564 0.000001 0.000000 0.000000 -0.000000 -0.272559
 65 19.266846 0.000002 -0.000000 1.130640 -0.146408 -0.127517
 66 4.212047 5.420719 0.000000 -0.000000 -0.000000 1.570796
 67 0.549397 -0.000000 0.000001 0.000000 0.000000 0.000000
 68 -38.836464 -1.519709 -0.000050 -3.141593 -1.570796 0.000000
time 2
  0 13.978935 17.078472 39.906185 -0.000323 -0.301241 2.944177
  1 -11.657964 0.012108 -37.521988 -0.061194 -0.295146 -2.935029
  2 -2.450305 0.232303 -0.000000 0.000000 -1.616153 -1.570795
  3 4.208746 -0.003648 -0.191012 0.009360 0.069305 0.276639
  4 4.761443 -0.003791 -0.000002 0.000000 0.000000 0.000000
  5 4.761661 -0.003785 0.000006 -0.001241 0.005415 0.058982
  6 4.761672 -0.003784 0.000003 -0.001241 0.005415 0.058982
  7 4.762264 -0.002029 0.000000 -0.000000 -0.000001 0.383972
  8 2.746989 -0.000000 -0.000000 0.603949 0.136552 -0.550904
  9 9.156627 -0.000000 0.000000 0.000000 0.000000 0.000000
 10 0.000002 0.002190 -1.281928 0.065128 1.160046 2.816548
 11 7.285011 0.000000 -0.000004 -0.892901 -0.685966 0.791139
 12 12.718714 -0.000003 0.000002 -0.000000 -0.000000 -2.191057
 13 10.221163 0.000002 -0.000001 1.544856 0.046778 -0.015218
 14 1.389920 -0.447518 1.936561 -0.210439 -0.761471 0.314906
 15 1.208673 0.000000 -0.000000 0.000000 0.000000 0.000000
 16 1.208675 0.000000 0.000001 0.000000 0.000000 0.000000
 17 1.208675 0.000000 0.000002 0.000000 0.000000 3.141593
 18 3.507808 -0.429743 1.193332 0.022860 -0.225875 -0.088311
 19 1.560289 -0.000001 0.000004 0.000000 0.000000 0.000000
 20 1.560288 -0.000000 -0.000001 0.000000 0.000000 0.000000
 21 1.560288 0.000000 -0.000002 0.000000 0.000000 3.141593
 22 3.044309 -0.436516 0.176981 0.140338 -0.004885 0.034563
 23 1.820338 0.000000 0.000003 0.000000 0.000000 0.000000
 24 1.820337 0.000000 -0.000002 0.000000 0.000000 0.000000
 25 1.820337 0.000000 -0.000000 0.000000 0.000000 3.141593
 26 3.330762 -0.128977 -0.727985 0.013106 0.174047 0.071026
 27 1.560290 -0.000000 -0.000001 0.000000 0.000000 0.000000
 28 1.560289 -0.000000 -0.000002 0.000000 0.000000 0.000000
 29 1.560288 -0.000001 0.000001 0.000000 0.000000 3.141593
 30 3.208160 0.466231 -1.931737 0.024854 0.330715 0.074094
 31 1.300242 -0.000001 0.000002 0.000000 0.000000 0.000000
 32 1.300241 0.000001 0.000002 0.000000 0.000000 0.000000
 33 1.300241 0.000001 0.000002 0.000000 0.000000 3.141593
 34 -0.000000 0.002184 1.281927 0.425646 -1.006076 2.391083
 35 7.285009 0.000000 0.000001 -0.693981 0.398443 -0.372332
 36 12.538437 0.000002 -0.000003 -0.000000 -0.000000 -2.565120
 37 10.782777 0.000000 0.000004 -1.623701 -0.005200 0.051956
 38 1.016389 0.059479 -2.003610 0.348822 0.790160 0.431299
 39 1.107950 0.000002 -0.000002 0.000000 0.000000 0.000000
 40 1.107954 -0.000002 0.000000 0.000000 0.000000 0.000000
 41 1.107954 -0.000000 0.000001 0.000000 0.000000 0.000000
 42 3.077731 -0.144550 -1.412631 0.003835 0.209388 0.026587
 43 1.560286 0.000001 0.000000 0.000000 0.000000 0.000000
 44 1.560293 -0.000003 -0.000000 0.000000 0.000000 0.000000
 45 1.560289 -0.000000 -0.000001 0.000000 0.000000 0.000000
 46 2.463498 0.093205 -0.291939 -0.000796 0.000000 0.000000
 47 1.820336 -0.000000 0.000000 0.000000 0.000000 0.000000
 48 1.820339 -0.000000 0.000000 0.000000 0.000000 0.000000
 49 1.820339 -0.000001 -0.000000 0.000000 0.000000 0.000000
 50 3.016623 -0.086193 0.699124 -0.016172 -0.173791 0.088745
 51 1.560287 0.000000 -0.000001 0.000000 0.000000 0.000000
 52 1.560291 -0.000001 -0.000001 0.000000 0.000000 0.000000
 53 1.560288 -0.000001 0.000001 0.000000 0.000000 0.000000
 54 2.733751 0.442845 1.903232 -0.009342 -0.314026 0.027785
 55 1.300238 0.000000 0.000000 0.000000 0.000000 0.000000
 56 1.300241 -0.000000 -0.000001 0.000000 0.000000 0.000000
 57 1.300243 -0.000001 -0.000001 0.000000 0.000000 0.000000
 58 -4.304880 1.186332 3.553162 -0.030020 -2.983036 -0.420354
 59 15.353565 -0.000001 0.000001 -0.000000 -0.000000 -0.559657
 60 19.266846 0.000002 0.000001 0.257435 0.086059 0.247371
 61 4.212047 5.420720 -0.000000 -0.000000 0.000000 1.570796
 62 0.549398 -0.000000 0.000000 0.000000 0.000000 3.141593
 63 -3.797604 1.117925 -3.754232 0.023791 3.117660 -0.049083
 64 15.353562 -0.000001 -0.000002 0.000000 -0.000000 -0.265124
 65 19.266840 0.000001 0.000002 1.122021 -0.124838 -0.144486
 66 4.212046 5.420720 0.000000 -0.000000 -0.000000 1.570796
 67 0.549398 0.000000 0.000000 0.000000 0.000000 0.000000
 68 -38.836464 -1.519709 -0.000050 -3.141593 -1.570796 0.000000
time 3
  0 13.889898 17.167215 39.809391 -0.000543 -0.290250 2.940265
  1 -11.217170 0.020391 -37.555103 -0.060210 -0.284110 -2.931572
  2 -2.404006 0.176307 -0.000001 0.000000 -1.616369 -1.570795
  3 4.208690 -0.003651 -0.191889 0.000609 0.063268 0.271153
  4 4.761440 -0.003791 0.000000 0.000000 0.000000 0.000000
  5 4.761663 -0.003786 0.000010 -0.002917 0.003873 0.057839
  6 4.761665 -0.003785 0.000013 -0.002917 0.003873 0.057839
  7 4.762261 -0.002029 -0.000001 -0.000000 -0.000001 0.383972
  8 2.746989 -0.000000 -0.000000 0.614270 0.140808 -0.541479
  9 9.156628 -0.000001 0.000000 0.000000 0.000000 0.000000
 10 0.000002 0.002191 -1.281928 0.055542 1.160146 2.807757
 11 7.285011 0.000001 0.000002 -0.904617 -0.672096 0.797331
 12 12.718715 -0.000001 0.000001 -0.000000 0.000000 -2.186919
 13 10.221163 -0.000002 -0.000002 1.545901 0.046347 -0.015366
 14 1.389921 -0.447518 1.936564 -0.210439 -0.761471 0.314906
 15 1.208673 0.000000 -0.000001 0.000000 0.000000 0.000000
 16 1.208677 -0.000001 0.000001 0.000000 0.000000 0.000000
 17 1.208675 -0.000001 0.000000 0.000000 0.000000 3.141593
 18 3.507809 -0.429743 1.193335 0.022860 -0.225875 -0.088311
 19 1.560289 0.000001 -0.000004 0.000000 0.000000 0.000000
 20 1.560289 -0.000001 0.000001 0.000000 0.000000 0.000000
 21 1.560289 0.000000 0.000002 0.000000 0.000000 3.141593
 22 3.044311 -0.436516 0.176983 0.140338 -0.004885 0.034563
 23 1.820336 -0.000002 0.000000 0.000000 0.000000 0.000000
 24 1.820337 0.000001 -0.000003 0.000000 0.000000 0.000000
 25 1.820337 0.000001 0.000002 0.000000 0.000000 3.141593
 26 3.330763 -0.128977 -0.727982 0.013106 0.174047 0.071026
 27 1.560290 -0.000000 0.000001 0.000000 0.000000 0.000000
 28 1.560289 0.000000 0.000003 0.000000 0.000000 0.000000
 29 1.560289 0.000001 -0.000001 0.000000 0.000000 3.141593
 30 3.208161 0.466231 -1.931734 0.024854 0.330715 0.074094
 31 1.300244 -0.000002 -0.000001 0.000000 0.000000 0.000000
 32 1.300241 0.000001 0.000001 0.000000 0.000000 0.000000
 33 1.300240 0.000001 0.000002 0.000000 0.000000 3.141593
 34 0.000002 0.002183 1.281929 0.447515 -1.013024 2.370089
 35 7.285012 -0.000001 -0.000003 -0.698481 0.410836 -0.338656
 36 12.538440 0.000002 -0.000003 -0.000000 0.000000 -2.575817
 37 10.782779 0.000001 0.000001 -1.622404 -0.005595 0.051381
 38 1.016388 0.059479 -2.003609 0.348822 0.790160 0.431299
 39 1.107952 -0.000002 0.000000 0.000000 0.000000 0.000000
 40 1.107950 0.000001 -0.000001 0.000000 0.000000 0.000000
 41 1.107949 0.000001 -0.000002 0.000000 0.000000 0.000000
 42 3.077731 -0.144550 -1.412630 0.003835 0.209388 0.026587
 43 1.560286 0.000000 -0.000000 0.000000 0.000000 0.000000
 44 1.560294 -0.000003 0.000000 0.000000 0.000000 0.000000
 45 1.560285 0.000001 -0.000000 0.000000 0.000000 0.000000
 46 2.463500 0.093204 -0.291938 -0.000796 0.000000 -0.000000
 47 1.820336 -0.000000 -0.000000 0.000000 0.000000 0.000000
 48 1.820336 0.000002 0.000000 0.000000 0.000000 0.000000
 49 1.820338 -0.000001 -0.000001 0.000000 0.000000 0.000000
 50 3.016623 -0.086193 0.699125 -0.016172 -0.173791 0.088745
 51 1.560291 -0.000001 -0.000001 0.000000 0.000000 0.000000
 52 1.560288 0.000001 0.000001 0.000000 0.000000 0.000000
 53 1.560288 0.000000 -0.000001 0.000000 0.000000 0.000000
 54 2.733753 0.442844 1.903232 -0.009342 -0.314026 0.027785
 55 1.300238 -0.000000 0.000001 0.000000 0.000000 0.000000
 56 1.300244 -0.000001 0.000000 0.000000 0.000000 0.000000
 57 1.300243 -0.000001 -0.000000 0.000000 0.000000 0.000000
 58 -4.289539 1.132976 3.589828 -0.031492 -2.969913 -0.427418
 59 15.353564 0.000000 0.000000 -0.000000 0.000000 -0.572566
 60 19.266842 -0.000000 0.000001 0.251463 0.084721 0.257006
 61 4.212047 5.420720 0.000000 -0.000000 0.000000 1.570796
 62 0.549398 0.000000 0.000000 0.000000 0.000000 3.141593
 63 -3.826383 1.128514 -3.720816 0.014522 3.124626 -0.053945
 64 15.353561 -0.000000 -0.000002 0.000000 0.000000 -0.267487
 65 19.266846 0.000000 0.000002 1.110828 -0.103793 -0.156888
 66 4.212047 5.420720 0.000001 -0.000000 -0.000000 1.570796
 67 0.549398 0.000000 0.000001 0.000000 0.000000 0.000000
 68 -38.836464 -1.519708 -0.000051 3.141593 -1.570796 0.000000
time 4
  0 13.822272 17.244854 39.695442 -0.000818 -0.279107 2.935879
  1 -10.766577 0.030733 -37.568222 -0.059303 -0.272896 -2.927619
  2 -2.369025 0.123742 0.000001 -0.000001 -1.618540 -1.570796
  3 4.208243 -0.003659 -0.200991 -0.006521 0.059497 0.267034
  4 4.761445 -0.003790 0.000001 0.000000 0.000000 0.000000
  5 4.761663 -0.003787 0.000016 -0.004386 0.002445 0.056970
  6 4.761657 -0.003784 0.000016 -0.004386 0.002445 0.056970
  7 4.762260 -0.002029 -0.000001 -0.000000 -0.000001 0.383972
  8 2.746992 -0.000002 0.000000 0.609405 0.139152 -0.542729
  9 9.156624 -0.000001 -0.000000 0.000000 0.000000 0.000000
 10 0.000008 0.002187 -1.281927 0.006208 1.155298 2.762503
 11 7.285012 -0.000000 0.000002 -0.911200 -0.659127 0.814186
 12 12.718713 -0.000004 -0.000001 0.000000 -0.000000 -2.189394
 13 10.221162 -0.000000 0.000001 1.545883 0.045867 -0.014492
 14 1.389921 -0.447519 1.936562 -0.210439 -0.761471 0.314906
 15 1.208675 0.000001 0.000001 0.000000 0.000000 0.000000
 16 1.208674 0.000001 0.000001 0.000000 0.000000 0.000000
 17 1.208675 0.000001 0.000002 0.000000 0.000000 3.141593
 18 3.507810 -0.429742 1.193330 0.022860 -0.225875 -0.088311
 19 1.560289 0.000000 0.000004 0.000000 0.000000 0.000000
 20 1.560289 0.000001 -0.000001 0.000000 0.000000 0.000000
 21 1.560288 0.000001 -0.000002 0.000000 0.000000 3.141593
 22 3.044310 -0.436516 0.176982 0.140338 -0.004885 0.034563
 23 1.820337 0.000000 -0.000001 0.000000 0.000000 0.000000
 24 1.820336 0.000000 0.000001 0.000000 0.000000 0.000000
 25 1.820336 0.000000 0.000003 0.000000 0.000000 3.141593
 26 3.330763 -0.128976 -0.727986 0.013106 0.174047 0.071026
 27 1.560289 -0.000001 -0.000004 0.000000 0.000000 0.000000
 28 1.560288 0.000001 0.000001 0.000000 0.000000 0.000000
 29 1.560289 0.000000 0.000002 0.000000 0.000000 3.141593
 30 3.208162 0.466231 -1.931736 0.024854 0.330715 0.074094
 31 1.300240 -0.000000 -0.000000 0.000000 0.000000 0.000000
 32 1.300242 -0.000002 -0.000001 0.000000 0.000000 0.000000
 33 1.300241 0.000000 -0.000001 0.000000 0.000000 3.141593
 34 0.000007 0.002180 1.281929 0.452074 -1.020738 2.364321
 35 7.285011 0.000000 -0.000000 -0.694099 0.421900 -0.310958
 36 12.538440 -0.000000 -0.000002 0.000000 0.000000 -2.577948
 37 10.782775 -0.000001 0.000001 -1.621610 -0.005703 0.051204
 38 1.016387 0.059480 -2.003609 0.348822 0.790160 0.431299
 39 1.107954 0.000001 -0.000001 0.000000 0.000000 0.000000
 40 1.107953 0.000001 0.000000 0.000000 0.000000 0.000000
 41 1.107953 0.000001 0.000000 0.000000 0.000000 0.000000
 42 3.077730 -0.144550 -1.412631 0.003835 0.209388 0.026587
 43 1.560285 0.000000 -0.000000 0.000000 0.000000 0.000000
 44 1.560291 -0.000000 -0.000000 0.000000 0.000000 0.000000
 45 1.560287 0.000001 -0.000000 0.000000 0.000000 0.000000
 46 2.463499 0.093205 -0.291938 -0.000796 0.000000 0.000000
 47 1.820338 -0.000001 0.000000 0.000000 0.000000 0.000000
 48 1.820340 -0.000001 -0.000000 0.000000 0.000000 0.000000
 49 1.820338 0.000001 -0.000000 0.000000 0.000000 0.000000
 50 3.016626 -0.086193 0.699124 -0.016172 -0.173791 0.088745
 51 1.560289 -0.000001 -0.000000 0.000000 0.000000 0.000000
 52 1.560292 -0.000000 -0.000001 0.000000 0.000000 0.000000
 53 1.560289 0.000001 0.000001 0.000000 0.000000 0.000000
 54 2.733752 0.442845 1.903232 -0.009342 -0.314026 0.027785
 55 1.300240 -0.000001 -0.000000 0.000000 0.000000 0.000000
 56 1.300241 -0.000001 -0.000000 0.000000 0.000000 0.000000
 57 1.300243 0.000000 -0.000000 0.000000 0.000000 0.000000
 58 -4.280694 1.090373 3.622688 -0.031607 -2.957428 -0.439480
 59 15.353564 -0.000001 0.000001 -0.000000 0.000000 -0.589992
 60 19.266842 0.000002 0.000001 0.245198 0.083090 0.267561
 61 4.212047 5.420720 -0.000000 -0.000000 0.000000 1.570796
 62 0.549398 -0.000000 0.000000 0.000000 0.000000 3.141593
 63 -3.845106 1.138044 -3.689495 0.006648 3.134934 -0.071267
 64 15.353560 0.000001 -0.000000 0.000000 0.000000 -0.291180
 65 19.266844 0.000001 0.000001 1.110572 -0.115422 -0.143726
 66 4.212046 5.420718 0.000001 -0.000000 -0.000000 1.570796
 67 0.549397 -0.000000 0.000001 0.000000 0.000000 0.000000
 68 -38.836464 -1.519709 -0.000048 -3.141593 -1.570796 0.000000
time 5
  0 13.792116 17.303057 39.576763 -0.001115 -0.268270 2.932472
  1 -10.327382 0.041897 -37.568249 -0.058134 -0.262046 -2.924658
  2 -2.356271 0.078774 0.000001 0.000000 -1.621362 -1.570794
  3 4.207655 -0.003661 -0.212847 -0.011328 0.057194 0.265517
  4 4.761446 -0.003792 0.000001 -0.000000 0.000000 -0.000000
  5 4.761655 -0.003784 0.000019 -0.005442 0.001247 0.056647
  6 4.761659 -0.003785 0.000020 -0.005442 0.001247 0.056647
  7 4.762264 -0.002029 0.000000 -0.000000 -0.000001 0.383972
  8 2.746986 0.000000 0.000000 0.599856 0.135057 -0.550120
  9 9.156628 0.000000 0.000001 0.000000 0.000000 0.000000
 10 0.000001 0.002190 -1.281927 -0.062963 1.147318 2.699410
 11 7.285012 0.000000 -0.000004 -0.910690 -0.651131 0.834104
 12 12.718713 -0.000000 -0.000001 -0.000000 0.000000 -2.191761
 13 10.221162 -0.000001 -0.000000 1.545472 0.045353 -0.013433
 14 1.389921 -0.447518 1.936565 -0.210439 -0.761471 0.314906
 15 1.208673 -0.000001 -0.000002 0.000000 0.000000 0.000000
 16 1.208675 -0.000000 -0.000001 0.000000 0.000000 0.000000
 17 1.208676 0.000000 0.000000 0.000000 0.000000 3.141593
 18 3.507809 -0.429742 1.193335 0.022860 -0.225875 -0.088311
 19 1.560290 -0.000000 0.000000 0.000000 0.000000 0.000000
 20 1.560288 0.000000 0.000000 0.000000 0.000000 0.000000
 21 1.560288 0.000001 0.000000 0.000000 0.000000 3.141593
 22 3.044310 -0.436516 0.176984 0.140338 -0.004885 0.034563
 23 1.820337 -0.000002 -0.000003 0.000000 0.000000 0.000000
 24 1.820338 0.000001 0.000002 0.000000 0.000000 0.000000
 25 1.820338 0.000000 -0.000001 0.000000 0.000000 3.141593
 26 3.330763 -0.128977 -0.727985 0.013106 0.174047 0.071026
 27 1.560289 0.000001 0.000001 0.000000 0.000000 0.000000
 28 1.560289 0.000000 -0.000001 0.000000 0.000000 0.000000
 29 1.560289 -0.000000 -0.000003 0.000000 0.000000 3.141593
 30 3.208162 0.466232 -1.931736 0.024854 0.330715 0.074094
 31 1.300243 -0.000000 -0.000002 0.000000 0.000000 0.000000
 32 1.300240 -0.000000 0.000001 0.000000 0.000000 0.000000
 33 1.300240 -0.000000 0.000001 0.000000 0.000000 3.141593
 34 0.000003 0.002182 1.281929 0.433707 -1.031285 2.378618
 35 7.285014 0.000000 -0.000000 -0.678822 0.431575 -0.299434
 36 12.538438 -0.000000 -0.000002 -0.000000 0.000000 -2.566974
 37 10.782777 -0.000000 0.000001 -1.620928 -0.005324 0.051615
 38 1.016391 0.059479 -2.003610 0.348822 0.790160 0.431299
 39 1.107949 0.000002 -0.000002 0.000000 0.000000 0.000000
 40 1.107954 -0.000001 0.000001 0.000000 0.000000 0.000000
 41 1.107955 0.000000 0.000001 0.000000 0.000000 0.000000
 42 3.077731 -0.144549 -1.412631 0.003835 0.209388 0.026587
 43 1.560289 0.000001 0.000000 0.000000 0.000000 0.000000
 44 1.560292 -0.000002 -0.000000 0.000000 0.000000 0.000000
 45 1.560291 -0.000001 -0.000000 0.000000 0.000000 0.000000
 46 2.463503 0.093204 -0.291939 -0.000796 0.000000 0.000000
 47 1.820342 -0.000002 -0.000001 0.000000 0.000000 0.000000
 48 1.820332 0.000002 0.000000 0.000000 0.000000 0.000000
 49 1.820337 0.000001 0.000001 0.000000 0.000000 0.000000
 50 3.016627 -0.086193 0.699124 -0.016172 -0.173791 0.088745
 51 1.560292 -0.000001 -0.000001 0.000000 0.000000 0.000000
 52 1.560288 0.000002 0.000001 0.000000 0.000000 0.000000
 53 1.560288 0.000001 -0.000000 0.000000 0.000000 0.000000
 54 2.733755 0.442844 1.903232 -0.009342 -0.314026 0.027785
 55 1.300243 -0.000001 -0.000002 0.000000 0.000000 0.000000
 56 1.300241 0.000001 0.000002 0.000000 0.000000 0.000000
 57 1.300243 -0.000001 0.000001 0.000000 0.000000 0.000000
 58 -4.274152 1.066391 3.649436 -0.030281 -2.946868 -0.456887
 59 15.353562 -0.000001 0.000001 0.000000 -0.000000 -0.608605
 60 19.266844 0.000000 0.000001 0.240562 0.082048 0.276832
 61 4.212047 5.420720 -0.000000 -0.000000 -0.000000 1.570796
 62 0.549397 -0.000000 -0.000000 0.000000 0.000000 3.141593
 63 -3.855403 1.149219 -3.663419 0.001200 -3.139477 -0.098690
 64 15.353564 -0.000000 -0.000001 -0.000000 0.000000 -0.325908
 65 19.266844 0.000001 0.000002 1.109812 -0.122701 -0.128361
 66 4.212047 5.420720 0.000000 -0.000000 -0.000000 1.570796
 67 0.549397 -0.000000 0.000001 0.000000 0.000000 0.000000
 68 -38.836464 -1.519709 -0.000049 3.141593 -1.570796 0.000000
time 6
  0 13.869267 17.346340 39.465816 -0.001367 -0.258200 2.931489
  1 -9.920235 0.051340 -37.563053 -0.056403 -0.252102 -2.924162
  2 -2.376545 0.045623 -0.000000 0.000000 -1.621587 -1.570794
  3 4.207620 -0.003656 -0.213789 -0.013603 0.053679 0.267805
  4 4.761449 -0.003791 -0.000000 0.000000 0.000000 0.000000
  5 4.761658 -0.003784 0.000020 -0.005883 0.000396 0.057141
  6 4.761665 -0.003785 0.000023 -0.005883 0.000396 0.057141
  7 4.762263 -0.002028 -0.000001 -0.000000 -0.000001 0.383972
  8 2.746989 -0.000000 0.000000 0.582166 0.127161 -0.565644
  9 9.156628 -0.000000 0.000000 0.000000 0.000000 0.000000
 10 0.000003 0.002189 -1.281928 -0.121873 1.144711 2.645753
 11 7.285015 0.000002 0.000002 -0.899891 -0.658482 0.840725
 12 12.718714 -0.000001 0.000002 -0.000000 -0.000000 -2.173743
 13 10.221161 -0.000000 -0.000001 1.546288 0.044806 -0.014527
 14 1.389920 -0.447518 1.936561 -0.210439 -0.761471 0.314906
 15 1.208675 -0.000001 0.000001 0.000000 0.000000 0.000000
 16 1.208673 0.000000 -0.000001 0.000000 0.000000 0.000000
 17 1.208676 0.000001 -0.000001 0.000000 0.000000 3.141593
 18 3.507809 -0.429742 1.193332 0.022860 -0.225875 -0.088311
 19 1.560288 0.000001 -0.000001 0.000000 0.000000 0.000000
 20 1.560289 -0.000000 -0.000000 0.000000 0.000000 0.000000
 21 1.560289 -0.000001 0.000001 0.000000 0.000000 3.141593
 22 3.044310 -0.436516 0.176984 0.140338 -0.004885 0.034563
 23 1.820338 -0.000001 -0.000003 0.000000 0.000000 0.000000
 24 1.820338 0.000002 0.000003 0.000000 0.000000 0.000000
 25 1.820338 -0.000000 0.000000 0.000000 0.000000 3.141593
 26 3.330764 -0.128977 -0.727987 0.013106 0.174047 0.071026
 27 1.560289 -0.000001 0.000001 0.000000 0.000000 0.000000
 28 1.560289 -0.000001 0.000001 0.000000 0.000000 0.000000
 29 1.560288 -0.000001 0.000002 0.000000 0.000000 3.141593
 30 3.208161 0.466230 -1.931739 0.024854 0.330715 0.074094
 31 1.300240 -0.000001 0.000002 0.000000 0.000000 0.000000
 32 1.300243 -0.000000 -0.000001 0.000000 0.000000 0.000000
 33 1.300242 0.000000 -0.000001 0.000000 0.000000 3.141593
 34 0.000002 0.002182 1.281928 0.399221 -1.043896 2.407152
 35 7.285015 0.000000 0.000001 -0.658184 0.440282 -0.305218
 36 12.538438 0.000000 -0.000001 -0.000000 -0.000000 -2.546698
 37 10.782779 -0.000000 0.000003 -1.620134 -0.004587 0.052435
 38 1.016389 0.059478 -2.003611 0.348822 0.790160 0.431299
 39 1.107952 0.000002 -0.000001 0.000000 0.000000 0.000000
 40 1.107951 0.000000 -0.000000 0.000000 0.000000 0.000000
 41 1.107952 -0.000001 0.000001 0.000000 0.000000 0.000000
 42 3.077729 -0.144549 -1.412632 0.003835 0.209388 0.026587
 43 1.560289 -0.000001 -0.000000 0.000000 0.000000 0.000000
 44 1.560291 -0.000002 -0.000000 0.000000 0.000000 0.000000
 45 1.560290 -0.000001 -0.000000 0.000000 0.000000 0.000000
 46 2.463500 0.093204 -0.291939 -0.000796 0.000000 0.000000
 47 1.820338 -0.000002 -0.000000 0.000000 0.000000 0.000000
 48 1.820336 0.000001 0.000000 0.000000 0.000000 0.000000
 49 1.820337 0.000000 0.000001 0.000000 0.000000 0.000000
 50 3.016625 -0.086193 0.699123 -0.016172 -0.173791 0.088745
 51 1.560288 0.000000 0.000002 0.000000 0.000000 0.000000
 52 1.560291 -0.000000 -0.000001 0.000000 0.000000 0.000000
 53 1.560291 -0.000001 0.000000 0.000000 0.000000 0.000000
 54 2.733754 0.442844 1.903231 -0.009342 -0.314026 0.027785
 55 1.300242 -0.000001 -0.000001 0.000000 0.000000 0.000000
 56 1.300240 -0.000001 -0.000001 0.000000 0.000000 0.000000
 57 1.300242 0.000000 -0.000002 0.000000 0.000000 0.000000
 58 -4.258809 1.067135 3.668061 -0.027429 -2.939116 -0.479857
 59 15.353568 -0.000001 0.000002 -0.000000 -0.000000 -0.622054
 60 19.266846 0.000001 0.000000 0.239472 0.081964 0.279703
 61 4.212047 5.420720 0.000000 -0.000000 0.000000 1.570796
 62 0.549397 -0.000000 0.000000 0.000000 0.000000 3.141593
 63 -3.865779 1.166623 -3.646013 0.001178 -3.132048 -0.134026
 64 15.353564 0.000000 0.000000 -0.000000 -0.000000 -0.362732
 65 19.266848 0.000001 0.000001 1.109727 -0.130987 -0.115584
 66 4.212047 5.420720 -0.000000 -0.000000 -0.000000 1.570796
 67 0.549397 0.000000 -0.000001 0.000000 0.000000 0.000000
 68 -38.836464 -1.519707 -0.000049 3.141593 -1.570796 0.000000
time 7
  0 14.043022 17.380259 39.375015 -0.001479 -0.249357 2.934371
  1 -9.565253 0.055544 -37.561310 -0.053835 -0.243599 -2.927594
  2 -2.463719 0.034170 0.000001 -0.000001 -1.615757 -1.570795
  3 4.208826 -0.003646 -0.189259 -0.013912 0.046663 0.277812
  4 4.761446 -0.003791 -0.000001 0.000000 0.000000 0.000000
  5 4.761667 -0.003785 0.000023 -0.005683 0.000120 0.059302
  6 4.761667 -0.003783 0.000021 -0.005683 0.000120 0.059302
  7 4.762265 -0.002029 -0.000000 -0.000000 -0.000001 0.383972
  8 2.746988 0.000000 0.000000 0.554236 0.113241 -0.594820
  9 9.156631 -0.000000 -0.000000 0.000000 0.000000 0.000000
 10 0.000001 0.002192 -1.281927 -0.158145 1.153160 2.612073
 11 7.285013 0.000002 -0.000002 -0.871331 -0.686469 0.821230
 12 12.718713 -0.000000 0.000000 -0.000000 -0.000000 -2.123710
 13 10.221164 0.000003 0.000000 1.549251 0.044336 -0.019249
 14 1.389921 -0.447517 1.936565 -0.210439 -0.761471 0.314906
 15 1.208673 0.000001 -0.000002 0.000000 0.000000 0.000000
 16 1.208675 -0.000002 0.000002 0.000000 0.000000 0.000000
 17 1.208676 -0.000001 -0.000001 0.000000 0.000000 3.141593
 18 3.507811 -0.429743 1.193334 0.022860 -0.225875 -0.088311
 19 1.560289 -0.000001 -0.000003 0.000000 0.000000 0.000000
 20 1.560289 -0.000000 0.000004 0.000000 0.000000 0.000000
 21 1.560289 0.000001 -0.000000 0.000000 0.000000 3.141593
 22 3.044311 -0.436516 0.176983 0.140338 -0.004885 0.034563
 23 1.820339 0.000000 -0.000001 0.000000 0.000000 0.000000
 24 1.820337 -0.000001 0.000000 0.000000 0.000000 0.000000
 25 1.820337 -0.000002 0.000001 0.000000 0.000000 3.141593
 26 3.330763 -0.128976 -0.727982 0.013106 0.174047 0.071026
 27 1.560289 -0.000001 0.000000 0.000000 0.000000 0.000000
 28 1.560289 0.000001 -0.000000 0.000000 0.000000 0.000000
 29 1.560289 0.000000 -0.000001 0.000000 0.000000 3.141593
 30 3.208162 0.466231 -1.931736 0.024854 0.330715 0.074094
 31 1.300241 -0.000002 -0.000001 0.000000 0.000000 0.000000
 32 1.300243 0.000001 0.000001 0.000000 0.000000 0.000000
 33 1.300241 0.000002 0.000001 0.000000 0.000000 3.141593
 34 -0.000000 0.002184 1.281929 0.356668 -1.055241 2.443341
 35 7.285012 -0.000000 0.000001 -0.643248 0.446035 -0.322181
 36 12.538441 -0.000001 -0.000001 -0.000000 0.000000 -2.524495
 37 10.782777 -0.000000 -0.000001 -1.619783 -0.003809 0.053358
 38 1.016388 0.059479 -2.003609 0.348822 0.790160 0.431299
 39 1.107951 -0.000000 0.000001 0.000000 0.000000 0.000000
 40 1.107951 -0.000000 0.000000 0.000000 0.000000 0.000000
 41 1.107951 0.000000 -0.000000 0.000000 0.000000 0.000000
 42 3.077730 -0.144549 -1.412630 0.003835 0.209388 0.026587
 43 1.560290 0.000000 -0.000001 0.000000 0.000000 0.000000
 44 1.560287 0.000001 0.000001 0.000000 0.000000 0.000000
 45 1.560288 0.000001 -0.000000 0.000000 0.000000 0.000000
 46 2.463500 0.093204 -0.291938 -0.000796 -0.000000 0.000000
 47 1.820337 -0.000000 0.000000 0.000000 0.000000 0.000000
 48 1.820336 0.000002 0.000001 0.000000 0.000000 0.000000
 49 1.820338 -0.000000 -0.000001 0.000000 0.000000 0.000000
 50 3.016626 -0.086193 0.699125 -0.016172 -0.173791 0.088745
 51 1.560288 0.000000 -0.000001 0.000000 0.000000 0.000000
 52 1.560289 -0.000000 -0.000001 0.000000 0.000000 0.000000
 53 1.560291 -0.000000 -0.000001 0.000000 0.000000 0.000000
 54 2.733753 0.442845 1.903233 -0.009342 -0.314026 0.027785
 55 1.300244 -0.000001 -0.000002 0.000000 0.000000 0.000000
 56 1.300241 -0.000000 0.000002 0.000000 0.000000 0.000000
 57 1.300241 0.000001 -0.000001 0.000000 0.000000 0.000000
 58 -4.221728 1.106779 3.674718 -0.024310 -2.935754 -0.510998
 59 15.353567 -0.000000 0.000001 -0.000000 -0.000000 -0.626897
 60 19.266846 0.000001 0.000001 0.243839 0.083730 0.274081
 61 4.212047 5.420720 -0.000001 -0.000000 0.000000 1.570796
 62 0.549397 0.000000 0.000000 0.000000 0.000000 3.141593
 63 -3.880022 1.208564 -3.641902 0.009777 -3.126643 -0.185719
 64 15.353563 -0.000001 -0.000002 -0.000000 -0.000000 -0.408339
 65 19.266850 0.000000 0.000002 1.113824 -0.151337 -0.104984
 66 4.212046 5.420720 -0.000000 -0.000000 -0.000000 1.570796
 67 0.549396 0.000000 -0.000001 0.000000 0.000000 0.000000
 68 -38.836468 -1.519708 -0.000050 -3.141593 -1.570796 0.000000
time 8
  0 14.208620 17.398037 39.316818 -0.001346 -0.242200 2.942555
  1 -9.282242 0.050558 -37.572311 -0.050165 -0.237052 -2.936417
  2 -2.612793 0.042332 0.000000 0.000000 -1.607330 -1.570795
  3 4.210336 -0.003627 -0.153799 -0.011949 0.039314 0.295085
  4 4.761446 -0.003793 -0.000001 0.000000 0.000000 0.000000
  5 4.761681 -0.003782 0.000020 -0.004923 0.000372 0.063022
  6 4.761683 -0.003787 0.000017 -0.004923 0.000372 0.063022
  7 4.762262 -0.002028 -0.000001 -0.000000 -0.000001 0.383972
  8 2.746989 -0.000001 0.000000 0.514841 0.092538 -0.636430
  9 9.156622 -0.000001 -0.000000 0.000000 0.000000 0.000000
 10 0.000003 0.002189 -1.281927 -0.188906 1.168346 2.582695
 11 7.285013 -0.000000 -0.000001 -0.822940 -0.729985 0.780058
 12 12.718712 -0.000000 0.000002 -0.000000 0.000000 -2.053292
 13 10.221166 0.000005 -0.000001 1.553446 0.043861 -0.026126
 14 1.389919 -0.447520 1.936565 -0.210439 -0.761471 0.314906
 15 1.208676 -0.000001 0.000000 0.000000 0.000000 0.000000
 16 1.208674 -0.000000 -0.000000 0.000000 0.000000 0.000000
 17 1.208674 0.000000 -0.000001 0.000000 0.000000 3.141593
 18 3.507808 -0.429743 1.193334 0.022860 -0.225875 -0.088311
 19 1.560289 -0.000003 -0.000001 0.000000 0.000000 0.000000
 20 1.560288 0.000001 0.000002 0.000000 0.000000 0.000000
 21 1.560289 0.000001 -0.000002 0.000000 0.000000 3.141593
 22 3.044308 -0.436518 0.176986 0.140338 -0.004885 0.034563
 23 1.820337 0.000002 0.000003 0.000000 0.000000 0.000000
 24 1.820338 -0.000001 -0.000003 0.000000 0.000000 0.000000
 25 1.820338 -0.000002 -0.000000 0.000000 0.000000 3.141593
 26 3.330762 -0.128977 -0.727985 0.013106 0.174047 0.071026
 27 1.560291 0.000001 -0.000001 0.000000 0.000000 0.000000
 28 1.560288 -0.000001 -0.000001 0.000000 0.000000 0.000000
 29 1.560289 -0.000000 -0.000000 0.000000 0.000000 3.141593
 30 3.208160 0.466229 -1.931734 0.024854 0.330715 0.074094
 31 1.300241 -0.000000 -0.000000 0.000000 0.000000 0.000000
 32 1.300242 -0.000001 0.000002 0.000000 0.000000 0.000000
 33 1.300239 -0.000001 -0.000001 0.000000 0.000000 3.141593
 34 0.000004 0.002181 1.281929 0.315569 -1.062447 2.479004
 35 7.285014 -0.000001 0.000003 -0.639061 0.448110 -0.337733
 36 12.538437 0.000000 -0.000002 -0.000000 0.000000 -2.507740
 37 10.782780 -0.000000 0.000003 -1.620429 -0.003310 0.054075
 38 1.016390 0.059477 -2.003611 0.348822 0.790160 0.431299
 39 1.107954 -0.000002 0.000001 0.000000 0.000000 0.000000
 40 1.107953 0.000001 -0.000000 0.000000 0.000000 0.000000
 41 1.107952 0.000001 -0.000001 0.000000 0.000000 0.000000
 42 3.077732 -0.144551 -1.412632 0.003835 0.209388 0.026587
 43 1.560288 0.000001 -0.000001 0.000000 0.000000 0.000000
 44 1.560286 0.000002 0.000001 0.000000 0.000000 0.000000
 45 1.560288 -0.000001 -0.000000 0.000000 0.000000 0.000000
 46 2.463499 0.093204 -0.291939 -0.000796 -0.000000 0.000000
 47 1.820337 -0.000001 -0.000000 0.000000 0.000000 0.000000
 48 1.820334 0.000001 0.000001 0.000000 0.000000 0.000000
 49 1.820334 0.000000 0.000001 0.000000 0.000000 0.000000
 50 3.016626 -0.086194 0.699123 -0.016172 -0.173791 0.088745
 51 1.560290 -0.000001 -0.000002 0.000000 0.000000 0.000000
 52 1.560286 0.000000 -0.000001 0.000000 0.000000 0.000000
 53 1.560286 0.000001 -0.000000 0.000000 0.000000 0.000000
 54 2.733752 0.442844 1.903232 -0.009342 -0.314026 0.027785
 55 1.300242 -0.000001 -0.000001 0.000000 0.000000 0.000000
 56 1.300238 0.000002 -0.000000 0.000000 0.000000 0.000000
 57 1.300239 0.000000 0.000000 0.000000 0.000000 0.000000
 58 -4.174193 1.184168 3.669625 -0.027368 -2.934514 -0.546699
 59 15.353564 -0.000001 0.000001 -0.000000 0.000000 -0.623722
 60 19.266844 0.000001 0.000001 0.260631 0.079697 0.262371
 61 4.212046 5.420719 0.000000 -0.000000 0.000000 1.570796
 62 0.549397 -0.000000 -0.000000 0.000000 0.000000 3.141593
 63 -3.886273 1.271617 -3.649492 0.022715 -3.125494 -0.240266
 64 15.353559 -0.000000 -0.000000 0.000000 0.000000 -0.447571
 65 19.266844 0.000004 -0.000000 1.121140 -0.170032 -0.098356
 66 4.212047 5.420719 0.000000 -0.000000 -0.000000 1.570796
 67 0.549397 0.000000 0.000001 0.000000 0.000000 0.000000
 68 -38.836468 -1.519709 -0.000049 3.141593 -1.570796 0.000000
time 9
  0 14.261296 17.392897 39.303654 -0.000872 -0.237197 2.957484
  1 -9.091058 0.032783 -37.605503 -0.045108 -0.232949 -2.952101
  2 -2.776609 0.056071 0.000001 0.000000 -1.603434 -1.570794
  3 4.210973 -0.003606 -0.137426 -0.005857 0.037001 0.314268
  4 4.761444 -0.003792 0.000001 0.000000 0.000000 0.000000
  5 4.761698 -0.003783 0.000013 -0.003554 0.000852 0.067138
  6 4.761700 -0.003786 0.000012 -0.003554 0.000852 0.067138
  7 4.762263 -0.002027 -0.000001 -0.000000 -0.000001 0.383972
  8 2.746991 -0.000002 0.000000 0.461915 0.065583 -0.681988
  9 9.156627 0.000000 -0.000001 0.000000 0.000000 0.000000
 10 0.000003 0.002190 -1.281928 -0.233279 1.185018 2.540138
 11 7.285009 0.000000 -0.000002 -0.758817 -0.782661 0.725812
 12 12.718712 -0.000000 0.000002 0.000000 -0.000000 -1.977113
 13 10.221166 0.000001 -0.000000 1.557746 0.043086 -0.033065
 14 1.389920 -0.447519 1.936562 -0.210439 -0.761471 0.314906
 15 1.208675 0.000000 -0.000001 0.000000 0.000000 0.000000
 16 1.208675 0.000000 -0.000001 0.000000 0.000000 0.000000
 17 1.208675 0.000000 -0.000001 0.000000 0.000000 3.141593
 18 3.507808 -0.429742 1.193333 0.022860 -0.225875 -0.088311
 19 1.560289 0.000002 0.000001 0.000000 0.000000 0.000000
 20 1.560288 0.000001 0.000001 0.000000 0.000000 0.000000
 21 1.560288 0.000000 0.000001 0.000000 0.000000 3.141593
 22 3.044309 -0.436515 0.176982 0.140338 -0.004885 0.034563
 23 1.820337 -0.000001 0.000002 0.000000 0.000000 0.000000
 24 1.820337 -0.000001 0.000002 0.000000 0.000000 0.000000
 25 1.820337 -0.000001 0.000002 0.000000 0.000000 3.141593
 26 3.330762 -0.128976 -0.727985 0.013106 0.174047 0.071026
 27 1.560287 0.000001 0.000002 0.000000 0.000000 0.000000
 28 1.560289 0.000000 -0.000001 0.000000 0.000000 0.000000
 29 1.560290 -0.000000 -0.000001 0.000000 0.000000 3.141593
 30 3.208159 0.466230 -1.931736 0.024854 0.330715 0.074094
 31 1.300241 0.000001 -0.000001 0.000000 0.000000 0.000000
 32 1.300243 0.000000 0.000000 0.000000 0.000000 0.000000
 33 1.300241 -0.000001 -0.000001 0.000000 0.000000 3.141593
 34 0.000004 0.002181 1.281929 0.286713 -1.063286 2.504636
 35 7.285014 0.000000 0.000003 -0.643360 0.447573 -0.333253
 36 12.538438 0.000000 -0.000004 0.000000 0.000000 -2.503806
 37 10.782777 -0.000001 0.000002 -1.622629 -0.003406 0.054278
 38 1.016390 0.059478 -2.003610 0.348822 0.790160 0.431299
 39 1.107950 0.000000 -0.000001 0.000000 0.000000 0.000000
 40 1.107955 -0.000002 -0.000000 0.000000 0.000000 0.000000
 41 1.107951 0.000000 -0.000001 0.000000 0.000000 0.000000
 42 3.077731 -0.144551 -1.412632 0.003835 0.209388 0.026587
 43 1.560288 0.000000 -0.000000 0.000000 0.000000 0.000000
 44 1.560290 -0.000000 -0.000001 0.000000 0.000000 0.000000
 45 1.560288 -0.000000 -0.000001 0.000000 0.000000 0.000000
 46 2.463502 0.093203 -0.291939 -0.000796 -0.000000 0.000000
 47 1.820337 0.000000 0.000001 0.000000 0.000000 0.000000
 48 1.820340 -0.000001 0.000000 0.000000 0.000000 0.000000
 49 1.820340 -0.000002 -0.000000 0.000000 0.000000 0.000000
 50 3.016628 -0.086194 0.699123 -0.016172 -0.173791 0.088745
 51 1.560287 0.000000 -0.000000 0.000000 0.000000 0.000000
 52 1.560291 -0.000001 -0.000002 0.000000 0.000000 0.000000
 53 1.560288 -0.000001 0.000002 0.000000 0.000000 0.000000
 54 2.733756 0.442843 1.903231 -0.009342 -0.314026 0.027785
 55 1.300239 0.000001 0.000001 0.000000 0.000000 0.000000
 56 1.300240 -0.000001 0.000002 0.000000 0.000000 0.000000
 57 1.300241 0.000001 0.000002 0.000000 0.000000 0.000000
 58 -4.141456 1.283739 3.656955 -0.034708 -2.936124 -0.579991
 59 15.353563 -0.000001 0.000001 -0.000000 -0.000000 -0.618285
 60 19.266846 0.000001 0.000002 0.289277 0.076061 0.252469
 61 4.212047 5.420719 0.000000 -0.000000 0.000000 1.570796
 62 0.549398 -0.000000 -0.000000 0.000000 0.000000 3.141593
 63 -3.870469 1.326598 -3.663207 0.033215 -3.126329 -0.280923
 64 15.353562 -0.000000 0.000000 0.000000 0.000000 -0.467659
 65 19.266842 0.000001 0.000001 1.138315 -0.181643 -0.098650
 66 4.212048 5.420720 0.000000 -0.000000 -0.000000 1.570796
 67 0.549398 -0.000000 0.000001 0.000000 0.000000 0.000000
 68 -38.836464 -1.519709 -0.000051 -3.141593 -1.570796 0.000000
time 10
  0 14.096292 17.358067 39.347965 -0.000000 -0.234825 2.980603
  1 -9.012145 0.000001 -37.670074 -0.038330 -0.231733 -2.976142
  2 -2.909067 0.061742 0.000000 0.000000 -1.609687 -1.570795
  3 4.210090 -0.003588 -0.163794 0.006277 0.043528 0.329999
  4 4.761443 -0.003791 0.000000 0.000000 0.000000 0.000000
  5 4.761710 -0.003781 0.000007 -0.001530 0.001261 0.070482
  6 4.761706 -0.003781 0.000006 -0.001530 0.001261 0.070482
  7 4.762265 -0.002030 0.000001 -0.000000 -0.000001 0.383972
  8 2.746989 -0.000002 -0.000000 0.377107 0.023140 -0.744346
  9 9.156628 -0.000001 -0.000001 0.000000 0.000000 0.000000
 10 -0.000000 0.002190 -1.281928 -0.314288 1.201544 2.462478
 11 7.285013 0.000001 -0.000002 -0.669935 -0.854103 0.654868
 12 12.718715 0.000001 0.000002 0.000000 -0.000000 -1.882164
 13 10.221164 0.000001 0.000001 1.562609 0.041445 -0.040596
 14 1.389921 -0.447520 1.936564 -0.210439 -0.761471 0.314906
 15 1.208675 -0.000002 -0.000001 0.000000 0.000000 0.000000
 16 1.208676 -0.000002 0.000001 0.000000 0.000000 0.000000
 17 1.208674 0.000003 0.000001 0.000000 0.000000 3.141593
 18 3.507810 -0.429743 1.193335 0.022860 -0.225875 -0.088311
 19 1.560290 -0.000003 -0.000002 0.000000 0.000000 0.000000
 20 1.560289 0.000002 -0.000001 0.000000 0.000000 0.000000
 21 1.560289 0.000003 -0.000001 0.000000 0.000000 3.141593
 22 3.044311 -0.436517 0.176983 0.140338 -0.004885 0.034563
 23 1.820337 0.000001 -0.000001 0.000000 0.000000 0.000000
 24 1.820337 -0.000002 -0.000000 0.000000 0.000000 0.000000
 25 1.820338 -0.000001 0.000001 0.000000 0.000000 3.141593
 26 3.330764 -0.128978 -0.727986 0.013106 0.174047 0.071026
 27 1.560292 0.000001 -0.000001 0.000000 0.000000 0.000000
 28 1.560288 -0.000001 0.000002 0.000000 0.000000 0.000000
 29 1.560290 -0.000001 -0.000001 0.000000 0.000000 3.141593
 30 3.208161 0.466230 -1.931735 0.024854 0.330715 0.074094
 31 1.300242 0.000000 0.000003 0.000000 0.000000 0.000000
 32 1.300240 0.000001 -0.000001 0.000000 0.000000 0.000000
 33 1.300243 0.000001 -0.000002 0.000000 0.000000 3.141593
 34 0.000002 0.002181 1.281928 0.287756 -1.045521 2.506141
 35 7.285014 0.000000 0.000002 -0.665934 0.446922 -0.255436
 36 12.538440 0.000000 -0.000002 0.000000 -0.000000 -2.536636
 37 10.782783 -0.000001 0.000002 -1.629244 -0.005345 0.053062
 38 1.016388 0.059479 -2.003611 0.348822 0.790160 0.431299
 39 1.107950 -0.000001 -0.000001 0.000000 0.000000 0.000000
 40 1.107955 -0.000003 0.000001 0.000000 0.000000 0.000000
 41 1.107951 0.000001 0.000000 0.000000 0.000000 0.000000
 42 3.077729 -0.144550 -1.412631 0.003835 0.209388 0.026587
 43 1.560288 0.000000 -0.000000 0.000000 0.000000 0.000000
 44 1.560289 -0.000000 0.000000 0.000000 0.000000 0.000000
 45 1.560290 -0.000000 0.000000 0.000000 0.000000 0.000000
 46 2.463498 0.093204 -0.291939 -0.000796 -0.000000 -0.000000
 47 1.820336 0.000000 0.000001 0.000000 0.000000 0.000000
 48 1.820340 -0.000000 -0.000001 0.000000 0.000000 0.000000
 49 1.820339 -0.000001 0.000000 0.000000 0.000000 0.000000
 50 3.016626 -0.086195 0.699123 -0.016172 -0.173791 0.088745
 51 1.560288 -0.000000 0.000001 0.000000 0.000000 0.000000
 52 1.560289 0.000000 0.000001 0.000000 0.000000 0.000000
 53 1.560290 0.000000 0.000001 0.000000 0.000000 0.000000
 54 2.733753 0.442844 1.903232 -0.009342 -0.314026 0.027785
 55 1.300240 0.000000 0.000001 0.000000 0.000000 0.000000
 56 1.300241 0.000000 0.000002 0.000000 0.000000 0.000000
 57 1.300242 0.000001 0.000002 0.000000 0.000000 0.000000
 58 -4.144502 1.390527 3.640903 -0.035250 -2.943592 -0.603719
 59 15.353564 0.000000 0.000000 0.000000 -0.000000 -0.615692
 60 19.266844 -0.000001 0.000001 0.319800 0.073640 0.250713
 61 4.212047 5.420720 -0.000000 -0.000000 0.000000 1.570796
 62 0.549397 -0.000000 -0.000000 0.000000 0.000000 3.141593
 63 -3.825736 1.344576 -3.677316 0.038905 -3.131209 -0.288164
 64 15.353563 -0.000000 0.000001 0.000000 -0.000000 -0.446070
 65 19.266850 -0.000000 0.000002 1.153321 -0.150131 -0.138012
 66 4.212046 5.420720 -0.000000 -0.000000 -0.000000 1.570796
 67 0.549398 -0.000000 0.000001 0.000000 0.000000 0.000000
 68 -38.836464 -1.519709 -0.000049 -3.141593 -1.570796 0.000000
time 11
  0 13.641855 17.301008 39.462185 0.000708 -0.239727 3.026734
  1 -9.223809 -0.026723 -37.736389 -0.027282 -0.238200 -3.023554
  2 -2.964901 0.046909 0.000001 0.000000 -1.620472 -1.570794
  3 4.208099 -0.003579 -0.209235 0.022687 0.052189 0.336767
  4 4.761445 -0.003792 -0.000002 0.000000 0.000000 0.000000
  5 4.761722 -0.003783 -0.000003 0.001191 0.001308 0.071890
  6 4.761716 -0.003781 -0.000005 0.001191 0.001308 0.071890
  7 4.762267 -0.002029 0.000002 -0.000000 -0.000001 0.383972
  8 2.746991 -0.000001 -0.000001 0.257772 -0.035569 -0.794673
  9 9.156631 0.000001 0.000001 0.000000 0.000000 0.000000
 10 0.000001 0.002193 -1.281929 -0.415030 1.216625 2.364925
 11 7.285011 0.000000 -0.000002 -0.571082 -0.923960 0.577980
 12 12.718713 -0.000003 -0.000000 0.000000 -0.000000 -1.781452
 13 10.221162 -0.000000 -0.000001 1.567589 0.039514 -0.048198
 14 1.389920 -0.447518 1.936563 -0.210439 -0.761471 0.314906
 15 1.208676 0.000002 0.000000 0.000000 0.000000 0.000000
 16 1.208674 -0.000002 0.000001 0.000000 0.000000 0.000000
 17 1.208675 0.000001 0.000001 0.000000 0.000000 3.141593
 18 3.507809 -0.429744 1.193333 0.022860 -0.225875 -0.088311
 19 1.560289 0.000001 -0.000004 0.000000 0.000000 0.000000
 20 1.560289 0.000001 0.000001 0.000000 0.000000 0.000000
 21 1.560289 0.000000 0.000002 0.000000 0.000000 3.141593
 22 3.044309 -0.436516 0.176983 0.140338 -0.004885 0.034563
 23 1.820338 -0.000000 0.000000 0.000000 0.000000 0.000000
 24 1.820338 -0.000000 -0.000000 0.000000 0.000000 0.000000
 25 1.820338 0.000000 -0.000001 0.000000 0.000000 3.141593
 26 3.330763 -0.128978 -0.727986 0.013106 0.174047 0.071026
 27 1.560290 -0.000001 0.000000 0.000000 0.000000 0.000000
 28 1.560289 -0.000001 0.000003 0.000000 0.000000 0.000000
 29 1.560288 0.000001 0.000000 0.000000 0.000000 3.141593
 30 3.208161 0.466230 -1.931738 0.024854 0.330715 0.074094
 31 1.300242 0.000001 -0.000000 0.000000 0.000000 0.000000
 32 1.300238 -0.000002 0.000002 0.000000 0.000000 0.000000
 33 1.300241 -0.000001 -0.000000 0.000000 0.000000 3.141593
 34 0.000004 0.002184 1.281927 0.305726 -1.016344 2.494662
 35 7.285012 0.000001 0.000000 -0.690315 0.445911 -0.122656
 36 12.538442 0.000001 -0.000003 -0.000000 0.000000 -2.591425
 37 10.782781 -0.000000 0.000001 -1.639142 -0.008370 0.051020
 38 1.016391 0.059477 -2.003610 0.348822 0.790160 0.431299
 39 1.107951 0.000000 -0.000000 0.000000 0.000000 0.000000
 40 1.107950 0.000000 -0.000001 0.000000 0.000000 0.000000
 41 1.107953 0.000000 -0.000000 0.000000 0.000000 0.000000
 42 3.077732 -0.144551 -1.412630 0.003835 0.209388 0.026587
 43 1.560290 0.000001 0.000000 0.000000 0.000000 0.000000
 44 1.560288 -0.000000 0.000000 0.000000 0.000000 0.000000
 45 1.560289 -0.000001 0.000000 0.000000 0.000000 0.000000
 46 2.463501 0.093205 -0.291938 -0.000796 -0.000000 -0.000000
 47 1.820337 -0.000000 0.000000 0.000000 0.000000 0.000000
 48 1.820339 0.000001 0.000000 0.000000 0.000000 0.000000
 49 1.820337 0.000000 0.000001 0.000000 0.000000 0.000000
 50 3.016629 -0.086195 0.699124 -0.016172 -0.173791 0.088745
 51 1.560288 0.000000 -0.000001 0.000000 0.000000 0.000000
 52 1.560290 -0.000000 -0.000001 0.000000 0.000000 0.000000
 53 1.560287 -0.000001 -0.000001 0.000000 0.000000 0.000000
 54 2.733757 0.442843 1.903232 -0.009342 -0.314026 0.027785
 55 1.300241 0.000001 0.000001 0.000000 0.000000 0.000000
 56 1.300242 -0.000000 0.000002 0.000000 0.000000 0.000000
 57 1.300239 -0.000001 0.000002 0.000000 0.000000 0.000000
 58 -4.167113 1.476555 3.626929 -0.029434 -2.956911 -0.594498
 59 15.353566 -0.000000 0.000001 -0.000000 0.000000 -0.570603
 60 19.266848 0.000000 -0.000000 0.380666 0.067826 0.137118
 61 4.212046 5.420720 -0.000000 -0.000000 -0.000000 1.570796
 62 0.549398 -0.000000 -0.000000 0.000000 0.000000 3.141593
 63 -3.784976 1.310595 -3.686517 0.046135 -3.129673 -0.242552
 64 15.353561 0.000000 0.000000 0.000000 -0.000000 -0.382315
 65 19.266842 0.000001 0.000002 1.194890 -0.118326 -0.179468
 66 4.212047 5.420720 -0.000000 -0.000000 -0.000000 1.570796
 67 0.549399 0.000000 -0.000000 0.000000 0.000000 0.000000
 68 -38.836460 -1.519708 -0.000049 -3.141593 -1.570796 0.000000
time 12
  0 12.967825 17.226240 39.658756 0.000610 -0.253531 3.101143
  1 -9.793129 -0.023051 -37.795765 -0.009848 -0.253344 -3.099967
  2 -2.831041 -0.000713 0.000001 0.000000 -1.626068 -1.570795
  3 4.206800 -0.003596 -0.232876 0.049978 0.052892 0.320920
  4 4.761444 -0.003791 -0.000001 0.000000 0.000000 0.000000
  5 4.761706 -0.003785 -0.000026 0.006940 0.000971 0.068493
  6 4.761704 -0.003784 -0.000027 0.006940 0.000971 0.068493
  7 4.762266 -0.002029 -0.000002 -0.000000 -0.000001 0.383972
  8 2.746991 -0.000003 -0.000001 0.104446 -0.088717 -0.753248
  9 9.156630 0.000000 -0.000000 0.000000 0.000000 0.000000
 10 0.000000 0.002190 -1.281928 -0.488188 1.228796 2.292931
 11 7.285011 -0.000001 0.000001 -0.546879 -0.951815 0.582192
 12 12.718713 -0.000003 0.000000 0.000000 -0.000000 -1.728626
 13 10.221162 -0.000001 -0.000001 1.570177 0.038633 -0.052188
 14 1.389919 -0.447519 1.936562 -0.210439 -0.761471 0.314906
 15 1.208674 0.000003 -0.000004 0.000000 0.000000 0.000000
 16 1.208675 -0.000000 0.000002 0.000000 0.000000 0.000000
 17 1.208675 -0.000001 0.000003 0.000000 0.000000 3.141593
 18 3.507809 -0.429743 1.193330 0.022860 -0.225875 -0.088311
 19 1.560288 0.000001 0.000002 0.000000 0.000000 0.000000
 20 1.560289 0.000000 -0.000003 0.000000 0.000000 0.000000
 21 1.560289 0.000000 -0.000001 0.000000 0.000000 3.141593
 22 3.044309 -0.436517 0.176982 0.140338 -0.004885 0.034563
 23 1.820337 0.000001 -0.000001 0.000000 0.000000 0.000000
 24 1.820337 -0.000001 -0.000002 0.000000 0.000000 0.000000
 25 1.820337 -0.000000 -0.000002 0.000000 0.000000 3.141593
 26 3.330763 -0.128977 -0.727987 0.013106 0.174047 0.071026
 27 1.560288 0.000001 0.000002 0.000000 0.000000 0.000000
 28 1.560290 -0.000000 -0.000001 0.000000 0.000000 0.000000
 29 1.560290 -0.000001 -0.000001 0.000000 0.000000 3.141593
 30 3.208160 0.466230 -1.931737 0.024854 0.330715 0.074094
 31 1.300239 -0.000001 -0.000000 0.000000 0.000000 0.000000
 32 1.300243 0.000002 -0.000002 0.000000 0.000000 0.000000
 33 1.300240 0.000000 0.000000 0.000000 0.000000 3.141593
 34 0.000003 0.002182 1.281928 0.309620 -1.003073 2.493370
 35 7.285013 -0.000000 -0.000001 -0.649112 0.430782 -0.017202
 36 12.538438 0.000001 -0.000004 -0.000000 -0.000000 -2.617439
 37 10.782779 0.000000 0.000002 -1.646903 -0.009763 0.050041
 38 1.016387 0.059479 -2.003608 0.348822 0.790160 0.431299
 39 1.107950 0.000000 -0.000001 0.000000 0.000000 0.000000
 40 1.107951 -0.000000 0.000001 0.000000 0.000000 0.000000
 41 1.107952 -0.000002 -0.000000 0.000000 0.000000 0.000000
 42 3.077729 -0.144551 -1.412631 0.003835 0.209388 0.026587
 43 1.560286 0.000001 0.000000 0.000000 0.000000 0.000000
 44 1.560289 -0.000002 -0.000001 0.000000 0.000000 0.000000
 45 1.560292 -0.000001 -0.000001 0.000000 0.000000 0.000000
 46 2.463498 0.093204 -0.291938 -0.000796 0.000000 -0.000000
 47 1.820340 -0.000002 0.000000 0.000000 0.000000 0.000000
 48 1.820336 -0.000000 0.000001 0.000000 0.000000 0.000000
 49 1.820337 0.000000 0.000001 0.000000 0.000000 0.000000
 50 3.016624 -0.086194 0.699125 -0.016172 -0.173791 0.088745
 51 1.560287 0.000001 -0.000001 0.000000 0.000000 0.000000
 52 1.560289 -0.000001 -0.000002 0.000000 0.000000 0.000000
 53 1.560288 -0.000002 -0.000003 0.000000 0.000000 0.000000
 54 2.733752 0.442843 1.903232 -0.009342 -0.314026 0.027785
 55 1.300240 0.000002 -0.000000 0.000000 0.000000 0.000000
 56 1.300243 -0.000001 -0.000002 0.000000 0.000000 0.000000
 57 1.300241 -0.000001 -0.000003 0.000000 0.000000 0.000000
 58 -4.191254 1.512550 3.608035 -0.001847 -2.975338 -0.596128
 59 15.353564 -0.000002 0.000001 0.000000 -0.000000 -0.596571
 60 19.266848 0.000001 0.000002 0.462313 0.088715 0.042730
 61 4.212048 5.420721 -0.000000 -0.000000 -0.000000 1.570796
 62 0.549398 -0.000000 0.000000 0.000000 0.000000 3.141593
 63 -3.803981 1.147095 -3.697888 0.066366 -3.116559 -0.122186
 64 15.353563 0.000000 -0.000000 -0.000000 0.000000 -0.264638
 65 19.266844 0.000001 0.000001 1.262709 -0.074855 -0.228644
 66 4.212047 5.420719 -0.000001 -0.000000 -0.000000 1.570796
 67 0.549398 0.000000 0.000000 0.000000 0.000000 0.000000
 68 -38.836464 -1.519709 -0.000048 3.141593 -1.570796 0.000000
time 13
  0 12.181832 17.122564 39.950119 -0.000290 -0.272180 -3.092228
  1 -10.574551 0.010970 -37.887215 0.013471 -0.271854 3.090425
  2 -2.554080 -0.062312 0.000001 -0.000001 -1.624676 -1.570795
  3 4.206990 -0.003628 -0.227153 0.085532 0.045756 0.288346
  4 4.761446 -0.003792 0.000001 0.000000 0.000000 0.000000
  5 4.761681 -0.003784 -0.000059 0.015165 0.000441 0.061587
  6 4.761676 -0.003785 -0.000058 0.015165 0.000441 0.061587
  7 4.762268 -0.002028 -0.000001 -0.000000 -0.000001 0.383972
  8 2.746986 0.000002 0.000000 -0.089436 -0.099385 -0.588585
  9 9.156623 -0.000000 0.000001 0.000000 0.000000 0.000000
 10 -0.000003 0.002194 -1.281928 -0.509045 1.246947 2.270173
 11 7.285013 0.000001 -0.000004 -0.649258 -0.910838 0.686797
 12 12.718717 -0.000002 0.000001 0.000000 -0.000000 -1.787069
 13 10.221164 0.000000 0.000001 1.567663 0.040338 -0.048056
 14 1.389920 -0.447520 1.936565 -0.210439 -0.761471 0.314906
 15 1.208676 -0.000001 0.000002 0.000000 0.000000 0.000000
 16 1.208674 0.000002 -0.000003 0.000000 0.000000 0.000000
 17 1.208674 0.000000 -0.000001 0.000000 0.000000 3.141593
 18 3.507809 -0.429743 1.193334 0.022860 -0.225875 -0.088311
 19 1.560289 -0.000002 -0.000001 0.000000 0.000000 0.000000
 20 1.560289 0.000002 0.000001 0.000000 0.000000 0.000000
 21 1.560290 0.000002 0.000002 0.000000 0.000000 3.141593
 22 3.044309 -0.436516 0.176985 0.140338 -0.004885 0.034563
 23 1.820339 0.000000 -0.000001 0.000000 0.000000 0.000000
 24 1.820337 -0.000001 0.000001 0.000000 0.000000 0.000000
 25 1.820336 -0.000002 0.000003 0.000000 0.000000 3.141593
 26 3.330763 -0.128977 -0.727985 0.013106 0.174047 0.071026
 27 1.560289 -0.000001 0.000002 0.000000 0.000000 0.000000
 28 1.560289 0.000001 -0.000001 0.000000 0.000000 0.000000
 29 1.560289 0.000000 -0.000000 0.000000 0.000000 3.141593
 30 3.208161 0.466230 -1.931736 0.024854 0.330715 0.074094
 31 1.300242 -0.000000 -0.000001 0.000000 0.000000 0.000000
 32 1.300238 -0.000001 0.000003 0.000000 0.000000 0.000000
 33 1.300240 0.000001 -0.000001 0.000000 0.000000 3.141593
 34 0.000000 0.002186 1.281929 0.285488 -1.015802 2.512362
 35 7.285014 -0.000000 0.000001 -0.536778 0.380918 0.024377
 36 12.538440 -0.000000 0.000000 -0.000000 -0.000000 -2.611886
 37 10.782778 0.000000 0.000000 -1.652263 -0.008680 0.051528
 38 1.016390 0.059478 -2.003611 0.348822 0.790160 0.431299
 39 1.107951 0.000000 -0.000001 0.000000 0.000000 0.000000
 40 1.107952 -0.000003 0.000002 0.000000 0.000000 0.000000
 41 1.107952 0.000002 -0.000001 0.000000 0.000000 0.000000
 42 3.077733 -0.144551 -1.412632 0.003835 0.209388 0.026587
 43 1.560287 0.000001 0.000001 0.000000 0.000000 0.000000
 44 1.560289 0.000001 0.000001 0.000000 0.000000 0.000000
 45 1.560291 0.000000 -0.000001 0.000000 0.000000 0.000000
 46 2.463501 0.093205 -0.291939 -0.000796 -0.000000 0.000000
 47 1.820338 -0.000000 -0.000000 0.000000 0.000000 0.000000
 48 1.820336 -0.000001 -0.000000 0.000000 0.000000 0.000000
 49 1.820339 -0.000001 -0.000000 0.000000 0.000000 0.000000
 50 3.016629 -0.086194 0.699123 -0.016172 -0.173791 0.088745
 51 1.560288 0.000001 -0.000001 0.000000 0.000000 0.000000
 52 1.560290 0.000001 -0.000001 0.000000 0.000000 0.000000
 53 1.560287 0.000001 -0.000000 0.000000 0.000000 0.000000
 54 2.733755 0.442845 1.903232 -0.009342 -0.314026 0.027785
 55 1.300240 0.000001 0.000002 0.000000 0.000000 0.000000
 56 1.300243 -0.000001 0.000000 0.000000 0.000000 0.000000
 57 1.300240 -0.000001 0.000001 0.000000 0.000000 0.000000
 58 -4.205979 1.511619 3.585270 0.033539 -2.994387 -0.542398
 59 15.353565 -0.000000 0.000001 -0.000000 0.000000 -0.585024
 60 19.266846 -0.000000 -0.000000 0.562851 0.086622 0.016466
 61 4.212047 5.420720 -0.000000 -0.000000 -0.000000 1.570796
 62 0.549397 -0.000000 -0.000000 0.000000 0.000000 3.141593
 63 -3.870910 0.886480 -3.705614 0.091668 -3.082335 0.099088
 64 15.353561 -0.000001 -0.000002 0.000000 -0.000000 -0.014624
 65 19.266844 -0.000002 0.000002 1.340359 -0.017978 -0.324117
 66 4.212047 5.420720 -0.000001 -0.000000 -0.000000 1.570796
 67 0.549397 -0.000000 0.000001 0.000000 0.000000 0.000000
 68 -38.836464 -1.519708 -0.000048 3.141593 -1.570796 0.000000
time 14
  0 11.391500 16.978786 40.348705 -0.001166 -0.291708 -3.000077
  1 -11.070272 0.042990 -36.867176 0.041123 -0.288879 2.994267
  2 -2.335779 -0.118504 -0.000002 -0.000001 -1.621381 -1.570795
  3 4.207628 -0.003641 -0.213399 0.112708 0.037013 0.262968
  4 4.761442 -0.003791 -0.000000 0.000000 0.000000 0.000000
  5 4.761659 -0.003786 -0.000083 0.021577 -0.000329 0.056247
  6 4.761657 -0.003783 -0.000081 0.021577 -0.000329 0.056247
  7 4.762268 -0.002029 -0.000000 -0.000000 -0.000001 0.383972
  8 2.746990 -0.000000 -0.000001 -0.281748 -0.053306 -0.391153
  9 9.156631 -0.000000 0.000000 0.000000 0.000000 0.000000
 10 0.000001 0.002191 -1.281928 -0.493345 1.265951 2.282908
 11 7.285011 -0.000001 -0.000002 -0.768840 -0.833034 0.774502
 12 12.718714 -0.000003 0.000002 0.000000 0.000000 -1.893396
 13 10.221164 0.000001 -0.000001 1.562764 0.043094 -0.040317
 14 1.389921 -0.447520 1.936563 -0.210439 -0.761471 0.314906
 15 1.208673 -0.000001 -0.000001 0.000000 0.000000 0.000000
 16 1.208676 0.000001 0.000000 0.000000 0.000000 0.000000
 17 1.208676 0.000000 0.000002 0.000000 0.000000 3.141593
 18 3.507810 -0.429744 1.193335 0.022860 -0.225875 -0.088311
 19 1.560289 0.000001 -0.000002 0.000000 0.000000 0.000000
 20 1.560289 -0.000001 -0.000000 0.000000 0.000000 0.000000
 21 1.560288 -0.000002 0.000001 0.000000 0.000000 3.141593
 22 3.044310 -0.436518 0.176986 0.140338 -0.004885 0.034563
 23 1.820338 -0.000000 0.000002 0.000000 0.000000 0.000000
 24 1.820336 -0.000001 -0.000003 0.000000 0.000000 0.000000
 25 1.820336 -0.000002 0.000000 0.000000 0.000000 3.141593
 26 3.330763 -0.128978 -0.727983 0.013106 0.174047 0.071026
 27 1.560289 0.000001 -0.000001 0.000000 0.000000 0.000000
 28 1.560289 -0.000001 0.000000 0.000000 0.000000 0.000000
 29 1.560288 -0.000001 0.000002 0.000000 0.000000 3.141593
 30 3.208162 0.466230 -1.931737 0.024854 0.330715 0.074094
 31 1.300241 0.000001 0.000003 0.000000 0.000000 0.000000
 32 1.300240 0.000000 -0.000000 0.000000 0.000000 0.000000
 33 1.300242 -0.000001 -0.000002 0.000000 0.000000 3.141593
 34 -0.000001 0.002186 1.281929 0.246360 -1.040021 2.543261
 35 7.285010 -0.000000 0.000000 -0.427335 0.311787 0.019488
 36 12.538440 0.000001 0.000002 0.000000 -0.000000 -2.595364
 37 10.782779 0.000001 0.000001 -1.657131 -0.006471 0.054275
 38 1.016387 0.059478 -2.003609 0.348822 0.790160 0.431299
 39 1.107952 0.000001 -0.000001 0.000000 0.000000 0.000000
 40 1.107952 -0.000001 -0.000000 0.000000 0.000000 0.000000
 41 1.107953 -0.000002 -0.000000 0.000000 0.000000 0.000000
 42 3.077730 -0.144551 -1.412630 0.003835 0.209388 0.026587
 43 1.560288 -0.000002 -0.000001 0.000000 0.000000 0.000000
 44 1.560289 0.000001 0.000001 0.000000 0.000000 0.000000
 45 1.560288 0.000001 0.000001 0.000000 0.000000 0.000000
 46 2.463499 0.093204 -0.291938 -0.000796 -0.000000 0.000000
 47 1.820341 -0.000002 0.000001 0.000000 0.000000 0.000000
 48 1.820338 0.000003 0.000001 0.000000 0.000000 0.000000
 49 1.820335 -0.000001 0.000001 0.000000 0.000000 0.000000
 50 3.016626 -0.086196 0.699124 -0.016172 -0.173791 0.088745
 51 1.560288 0.000001 0.000002 0.000000 0.000000 0.000000
 52 1.560292 -0.000001 0.000001 0.000000 0.000000 0.000000
 53 1.560287 -0.000001 0.000001 0.000000 0.000000 0.000000
 54 2.733753 0.442843 1.903232 -0.009342 -0.314026 0.027785
 55 1.300242 0.000000 0.000002 0.000000 0.000000 0.000000
 56 1.300242 -0.000000 0.000002 0.000000 0.000000 0.000000
 57 1.300242 -0.000001 -0.000002 0.000000 0.000000 0.000000
 58 -4.202688 1.509054 3.576050 0.063243 -3.010581 -0.496435
 59 15.353566 0.000001 -0.000000 -0.000000 -0.000000 -0.570740
 60 19.266846 -0.000002 -0.000001 0.660384 0.108396 -0.037534
 61 4.212047 5.420721 0.000000 -0.000000 -0.000000 1.570796
 62 0.549398 0.000000 0.000000 0.000000 0.000000 3.141593
 63 -3.931609 0.685735 -3.697788 0.111881 -3.050085 0.177699
 64 15.353567 -0.000001 0.000001 -0.000000 -0.000000 -0.001761
 65 19.266848 -0.000002 0.000001 1.417780 0.036898 -0.312935
 66 4.212047 5.420719 -0.000000 -0.000000 -0.000000 1.570796
 67 0.549397 -0.000000 -0.000000 0.000000 0.000000 0.000000
 68 -38.836464 -1.519707 -0.000050 3.141593 -1.570796 0.000000
time 15
  0 10.704456 16.783710 40.866955 -0.000000 -0.308413 -2.919033
  1 -12.216447 0.000000 -38.346668 0.070203 -0.300566 2.908398
  2 -2.386985 -0.170565 0.000001 0.000000 -1.616788 -1.570794
  3 4.208580 -0.003636 -0.194079 0.112757 0.026788 0.268845
  4 4.761442 -0.003792 0.000000 0.000000 0.000000 0.000000
  5 4.761667 -0.003784 -0.000083 0.021883 -0.001479 0.057552
  6 4.761662 -0.003783 -0.000084 0.021884 -0.001479 0.057552
  7 4.762265 -0.002030 -0.000001 -0.000000 -0.000001 0.383972
  8 2.746991 -0.000001 0.000003 -0.405910 0.005279 -0.272066
  9 9.156630 -0.000000 0.000000 0.000000 0.000000 0.000000
 10 0.000002 0.002190 -1.281927 -0.451884 1.266401 2.323156
 11 7.285014 -0.000001 -0.000000 -0.790929 -0.786740 0.772996
 12 12.718717 -0.000003 -0.000001 0.000000 0.000000 -1.911099
 13 10.221165 -0.000004 0.000001 1.561046 0.043509 -0.038788
 14 1.389921 -0.447518 1.936562 -0.210439 -0.761471 0.314906
 15 1.208673 0.000001 -0.000001 0.000000 0.000000 0.000000
 16 1.208676 0.000001 0.000001 0.000000 0.000000 0.000000
 17 1.208676 0.000001 0.000002 0.000000 0.000000 3.141593
 18 3.507810 -0.429742 1.193332 0.022860 -0.225875 -0.088311
 19 1.560288 -0.000000 0.000002 0.000000 0.000000 0.000000
 20 1.560289 -0.000000 0.000001 0.000000 0.000000 0.000000
 21 1.560289 0.000000 -0.000000 0.000000 0.000000 3.141593
 22 3.044311 -0.436516 0.176984 0.140338 -0.004885 0.034563
 23 1.820338 0.000001 -0.000004 0.000000 0.000000 0.000000
 24 1.820336 -0.000001 0.000001 0.000000 0.000000 0.000000
 25 1.820338 -0.000000 0.000002 0.000000 0.000000 3.141593
 26 3.330763 -0.128976 -0.727984 0.013106 0.174047 0.071026
 27 1.560292 0.000000 0.000000 0.000000 0.000000 0.000000
 28 1.560288 -0.000001 0.000002 0.000000 0.000000 0.000000
 29 1.560290 -0.000001 -0.000001 0.000000 0.000000 3.141593
 30 3.208162 0.466232 -1.931737 0.024854 0.330715 0.074094
 31 1.300242 -0.000000 -0.000001 0.000000 0.000000 0.000000
 32 1.300240 0.000000 0.000001 0.000000 0.000000 0.000000
 33 1.300242 0.000001 0.000001 0.000000 0.000000 3.141593
 34 -0.000000 0.002184 1.281928 0.206731 -1.066676 2.575211
 35 7.285015 -0.000000 0.000001 -0.377323 0.254322 -0.020898
 36 12.538440 -0.000001 0.000001 0.000000 -0.000000 -2.552218
 37 10.782776 -0.000001 -0.000000 -1.659371 -0.003700 0.056223
 38 1.016389 0.059478 -2.003612 0.348822 0.790160 0.431299
 39 1.107953 -0.000001 0.000001 0.000000 0.000000 0.000000
 40 1.107952 -0.000001 -0.000001 0.000000 0.000000 0.000000
 41 1.107951 0.000000 -0.000001 0.000000 0.000000 0.000000
 42 3.077729 -0.144549 -1.412631 0.003835 0.209388 0.026587
 43 1.560290 -0.000002 -0.000001 0.000000 0.000000 0.000000
 44 1.560286 0.000004 -0.000001 0.000000 0.000000 0.000000
 45 1.560291 -0.000000 -0.000001 0.000000 0.000000 0.000000
 46 2.463499 0.093205 -0.291939 -0.000796 -0.000000 0.000000
 47 1.820340 -0.000003 -0.000000 0.000000 0.000000 0.000000
 48 1.820338 0.000002 0.000001 0.000000 0.000000 0.000000
 49 1.820335 0.000003 0.000001 0.000000 0.000000 0.000000
 50 3.016624 -0.086193 0.699124 -0.016172 -0.173791 0.088745
 51 1.560289 -0.000000 0.000000 0.000000 0.000000 0.000000
 52 1.560288 -0.000000 0.000000 0.000000 0.000000 0.000000
 53 1.560289 0.000000 0.000000 0.000000 0.000000 0.000000
 54 2.733752 0.442846 1.903232 -0.009342 -0.314026 0.027785
 55 1.300243 -0.000002 -0.000002 0.000000 0.000000 0.000000
 56 1.300240 0.000003 0.000003 0.000000 0.000000 0.000000
 57 1.300241 -0.000000 -0.000000 0.000000 0.000000 0.000000
 58 -4.158280 1.535837 3.596731 0.067010 -3.022734 -0.488749
 59 15.353563 -0.000000 0.000001 0.000000 -0.000000 -0.552523
 60 19.266844 0.000000 -0.000000 0.737345 0.161025 -0.128155
 61 4.212046 5.420720 -0.000000 -0.000000 -0.000000 1.570796
 62 0.549398 0.000000 -0.000000 0.000000 0.000000 3.141593
 63 -3.962072 0.711892 -3.679440 0.111541 -3.039353 0.169298
 64 15.353563 0.000000 0.000001 0.000000 -0.000000 -0.083678
 65 19.266846 0.000001 -0.000000 1.414382 0.096942 -0.294181
 66 4.212046 5.420719 0.000000 -0.000000 -0.000000 1.570796
 67 0.549397 0.000000 -0.000000 0.000000 0.000000 0.000000
 68 -38.836464 -1.519707 -0.000048 -3.141593 -1.570796 0.000000
time 16
  0 10.125539 16.472620 41.793346 0.002850 -0.321757 -2.846391
  1 -13.019979 -0.111316 -39.058941 0.099524 -0.306501 2.830543
  2 -2.706026 -0.239336 0.000001 0.000001 -1.611504 -1.570795
  3 4.209688 -0.003605 -0.171732 0.083403 0.013397 0.305936
  4 4.761449 -0.003792 -0.000001 0.000000 0.000000 0.000000
  5 4.761694 -0.003782 -0.000059 0.015761 -0.003606 0.065486
  6 4.761690 -0.003783 -0.000060 0.015761 -0.003606 0.065486
  7 4.762267 -0.002029 -0.000000 -0.000000 -0.000001 0.383972
  8 2.746987 -0.000001 0.000002 -0.448956 0.037225 -0.238648
  9 9.156626 0.000000 -0.000001 0.000000 0.000000 0.000000
 10 -0.000002 0.002190 -1.281927 -0.393122 1.241296 2.382887
 11 7.285012 0.000002 -0.000001 -0.710972 -0.794900 0.697997
 12 12.718712 0.000001 0.000001 0.000000 0.000000 -1.791870
 13 10.221162 0.000002 -0.000001 1.564568 0.040500 -0.046289
 14 1.389920 -0.447518 1.936561 -0.210439 -0.761471 0.314906
 15 1.208674 -0.000002 0.000004 0.000000 0.000000 0.000000
 16 1.208675 0.000000 -0.000001 0.000000 0.000000 0.000000
 17 1.208675 0.000001 -0.000002 0.000000 0.000000 3.141593
 18 3.507809 -0.429743 1.193332 0.022860 -0.225875 -0.088311
 19 1.560288 -0.000000 0.000001 0.000000 0.000000 0.000000
 20 1.560290 0.000000 0.000000 0.000000 0.000000 0.000000
 21 1.560289 0.000001 0.000000 0.000000 0.000000 3.141593
 22 3.044309 -0.436517 0.176983 0.140338 -0.004885 0.034563
 23 1.820337 -0.000000 0.000001 0.000000 0.000000 0.000000
 24 1.820336 -0.000001 0.000000 0.000000 0.000000 0.000000
 25 1.820336 0.000001 0.000001 0.000000 0.000000 3.141593
 26 3.330762 -0.128977 -0.727985 0.013106 0.174047 0.071026
 27 1.560291 -0.000000 -0.000002 0.000000 0.000000 0.000000
 28 1.560287 -0.000000 0.000001 0.000000 0.000000 0.000000
 29 1.560288 -0.000001 0.000000 0.000000 0.000000 3.141593
 30 3.208160 0.466229 -1.931737 0.024854 0.330715 0.074094
 31 1.300240 0.000001 0.000000 0.000000 0.000000 0.000000
 32 1.300243 0.000001 -0.000002 0.000000 0.000000 0.000000
 33 1.300241 -0.000000 0.000000 0.000000 0.000000 3.141593
 34 -0.000001 0.002183 1.281929 0.185650 -1.087591 2.592023
 35 7.285011 -0.000001 -0.000001 -0.395903 0.223775 -0.063015
 36 12.538439 0.000001 -0.000002 0.000000 0.000000 -2.466796
 37 10.782777 0.000001 -0.000002 -1.656856 -0.000945 0.055331
 38 1.016389 0.059477 -2.003609 0.348822 0.790160 0.431299
 39 1.107954 -0.000002 0.000001 0.000000 0.000000 0.000000
 40 1.107951 -0.000001 -0.000001 0.000000 0.000000 0.000000
 41 1.107953 -0.000000 -0.000000 0.000000 0.000000 0.000000
 42 3.077730 -0.144552 -1.412631 0.003835 0.209388 0.026587
 43 1.560290 0.000000 -0.000000 0.000000 0.000000 0.000000
 44 1.560286 0.000003 0.000000 0.000000 0.000000 0.000000
 45 1.560287 -0.000001 -0.000000 0.000000 0.000000 0.000000
 46 2.463499 0.093203 -0.291938 -0.000796 -0.000000 0.000000
 47 1.820341 -0.000002 -0.000001 0.000000 0.000000 0.000000
 48 1.820337 -0.000001 -0.000000 0.000000 0.000000 0.000000
 49 1.820334 0.000000 0.000001 0.000000 0.000000 0.000000
 50 3.016624 -0.086194 0.699125 -0.016172 -0.173791 0.088745
 51 1.560288 0.000001 0.000002 0.000000 0.000000 0.000000
 52 1.560290 -0.000002 -0.000003 0.000000 0.000000 0.000000
 53 1.560289 -0.000001 0.000001 0.000000 0.000000 0.000000
 54 2.733752 0.442844 1.903233 -0.009342 -0.314026 0.027785
 55 1.300243 -0.000001 -0.000002 0.000000 0.000000 0.000000
 56 1.300240 -0.000000 0.000002 0.000000 0.000000 0.000000
 57 1.300241 0.000001 -0.000001 0.000000 0.000000 0.000000
 58 -4.064133 1.581848 3.661228 0.042989 -3.014740 -0.468583
 59 15.353567 -0.000001 0.000001 0.000000 0.000000 -0.510127
 60 19.266844 0.000001 0.000000 0.707635 0.175890 -0.197195
 61 4.212047 5.420721 -0.000001 -0.000000 -0.000000 1.570796
 62 0.549398 0.000000 -0.000000 0.000000 0.000000 3.141593
 63 -3.965995 0.971645 -3.637955 0.088762 -3.040889 0.078673
 64 15.353560 -0.000000 -0.000000 0.000000 -0.000000 -0.251986
 65 19.266842 0.000001 0.000000 1.338493 0.137200 -0.248284
 66 4.212046 5.420719 -0.000002 -0.000000 -0.000000 1.570796
 67 0.549398 0.000000 -0.000001 0.000000 0.000000 0.000000
 68 -38.836464 -1.519708 -0.000049 -3.141593 -1.570796 0.000000
time 17
  0 9.593210 16.058109 42.243591 0.005197 -0.333865 -2.771040
  1 -13.639499 -0.204361 -39.323441 0.129995 -0.308437 2.749928
  2 -3.128455 -0.320497 0.000002 0.000000 -1.606132 -1.570795
  3 4.210735 -0.003552 -0.148949 0.038767 -0.001905 0.355921
  4 4.761447 -0.003791 0.000000 0.000000 0.000000 0.000000
  5 4.761732 -0.003781 -0.000024 0.006522 -0.006703 0.076123
  6 4.761734 -0.003780 -0.000024 0.006522 -0.006703 0.076123
  7 4.762266 -0.002028 -0.000000 -0.000000 -0.000001 0.383972
  8 2.746988 0.000000 0.000002 -0.452753 0.058566 -0.244354
  9 9.156631 -0.000002 -0.000000 0.000000 0.000000 0.000000
 10 -0.000001 0.002191 -1.281928 -0.330797 1.201526 2.446879
 11 7.285012 0.000001 0.000000 -0.592227 -0.822324 0.590209
 12 12.718714 -0.000002 0.000000 0.000000 0.000000 -1.607996
 13 10.221161 -0.000003 -0.000000 1.570522 0.035924 -0.057908
 14 1.389918 -0.447519 1.936565 -0.210439 -0.761471 0.314906
 15 1.208674 0.000001 -0.000000 0.000000 0.000000 0.000000
 16 1.208676 0.000001 0.000002 0.000000 0.000000 0.000000
 17 1.208676 0.000001 0.000003 0.000000 0.000000 3.141593
 18 3.507808 -0.429743 1.193333 0.022860 -0.225875 -0.088311
 19 1.560290 0.000001 -0.000003 0.000000 0.000000 0.000000
 20 1.560290 0.000001 0.000002 0.000000 0.000000 0.000000
 21 1.560289 0.000001 -0.000000 0.000000 0.000000 3.141593
 22 3.044307 -0.436517 0.176985 0.140338 -0.004885 0.034563
 23 1.820334 -0.000002 0.000001 0.000000 0.000000 0.000000
 24 1.820337 0.000001 -0.000001 0.000000 0.000000 0.000000
 25 1.820338 0.000000 -0.000000 0.000000 0.000000 3.141593
 26 3.330761 -0.128977 -0.727983 0.013106 0.174047 0.071026
 27 1.560289 -0.000000 -0.000000 0.000000 0.000000 0.000000
 28 1.560291 -0.000000 -0.000001 0.000000 0.000000 0.000000
 29 1.560289 -0.000000 -0.000001 0.000000 0.000000 3.141593
 30 3.208159 0.466230 -1.931736 0.024854 0.330715 0.074094
 31 1.300243 0.000000 -0.000003 0.000000 0.000000 0.000000
 32 1.300240 0.000000 0.000002 0.000000 0.000000 0.000000
 33 1.300241 0.000000 0.000001 0.000000 0.000000 3.141593
 34 0.000000 0.002184 1.281928 0.194277 -1.095056 2.583666
 35 7.285012 -0.000001 -0.000000 -0.459479 0.240127 -0.102380
 36 12.538440 -0.000001 -0.000001 -0.000000 0.000000 -2.299986
 37 10.782780 -0.000000 0.000001 -1.644057 0.002165 0.049958
 38 1.016388 0.059480 -2.003611 0.348822 0.790160 0.431299
 39 1.107952 -0.000001 0.000000 0.000000 0.000000 0.000000
 40 1.107950 0.000002 -0.000001 0.000000 0.000000 0.000000
 41 1.107953 0.000001 -0.000000 0.000000 0.000000 0.000000
 42 3.077729 -0.144547 -1.412630 0.003835 0.209388 0.026587
 43 1.560287 0.000000 0.000001 0.000000 0.000000 0.000000
 44 1.560290 -0.000001 -0.000001 0.000000 0.000000 0.000000
 45 1.560289 -0.000002 -0.000001 0.000000 0.000000 0.000000
 46 2.463500 0.093206 -0.291939 -0.000796 0.000000 0.000000
 47 1.820338 -0.000001 0.000001 0.000000 0.000000 0.000000
 48 1.820337 -0.000001 0.000001 0.000000 0.000000 0.000000
 49 1.820339 -0.000002 0.000001 0.000000 0.000000 0.000000
 50 3.016626 -0.086192 0.699124 -0.016172 -0.173791 0.088745
 51 1.560290 -0.000002 -0.000003 0.000000 0.000000 0.000000
 52 1.560288 0.000002 0.000002 0.000000 0.000000 0.000000
 53 1.560289 -0.000001 0.000002 0.000000 0.000000 0.000000
 54 2.733753 0.442847 1.903232 -0.009342 -0.314026 0.027785
 55 1.300241 -0.000000 -0.000001 0.000000 0.000000 0.000000
 56 1.300241 0.000000 -0.000000 0.000000 0.000000 0.000000
 57 1.300240 0.000001 0.000001 0.000000 0.000000 0.000000
 58 -3.938330 1.617498 3.759245 0.005138 -3.001382 -0.437114
 59 15.353565 0.000000 0.000000 0.000000 -0.000000 -0.449850
 60 19.266844 0.000000 0.000000 0.514370 0.150282 -0.253307
 61 4.212047 5.420720 -0.000001 -0.000000 -0.000000 1.570796
 62 0.549398 -0.000000 -0.000000 0.000000 0.000000 3.141593
 63 -3.952275 1.333573 -3.560539 0.052968 -3.049992 -0.051411
 64 15.353564 0.000000 -0.000001 0.000000 0.000000 -0.344238
 65 19.266844 0.000001 0.000002 1.281220 0.147930 -0.218996
 66 4.212047 5.420721 0.000001 -0.000000 -0.000000 1.570796
 67 0.549398 0.000000 0.000000 0.000000 0.000000 0.000000
 68 -38.836464 -1.519707 -0.000050 -3.141593 -1.570796 0.000000
time 18
  0 9.115536 15.644962 42.217693 0.007130 -0.345260 -2.694108
  1 -14.077921 -0.279062 -39.140644 0.161051 -0.306816 2.667910
  2 -3.617645 -0.375504 -0.000001 0.000002 -1.601275 -1.570796
  3 4.211620 -0.003468 -0.128302 -0.015564 -0.014300 0.415330
  4 4.761442 -0.003791 0.000001 0.000000 0.000000 0.000000
  5 4.761778 -0.003776 0.000016 -0.004681 -0.010001 0.088685
  6 4.761780 -0.003776 0.000019 -0.004681 -0.010002 0.088685
  7 4.762261 -0.002029 -0.000002 -0.000000 -0.000001 0.383972
  8 2.746990 0.000001 0.000001 -0.452876 0.081491 -0.301640
  9 9.156627 0.000001 0.000000 0.000000 0.000000 0.000000
 10 0.000003 0.002191 -1.281927 -0.283705 1.155411 2.496120
 11 7.285014 0.000001 -0.000000 -0.447999 -0.851613 0.450071
 12 12.718718 -0.000002 0.000001 -0.000000 -0.000000 -1.403858
 13 10.221164 -0.000002 0.000001 1.577131 0.030711 -0.071837
 14 1.389923 -0.447518 1.936562 -0.210439 -0.761471 0.314906
 15 1.208675 0.000001 -0.000002 0.000000 0.000000 0.000000
 16 1.208673 0.000000 -0.000002 0.000000 0.000000 0.000000
 17 1.208675 0.000000 -0.000002 0.000000 0.000000 3.141593
 18 3.507811 -0.429742 1.193334 0.022860 -0.225875 -0.088311
 19 1.560291 0.000001 -0.000001 0.000000 0.000000 0.000000
 20 1.560288 0.000001 0.000003 0.000000 0.000000 0.000000
 21 1.560289 0.000000 0.000002 0.000000 0.000000 3.141593
 22 3.044311 -0.436516 0.176984 0.140338 -0.004885 0.034563
 23 1.820341 0.000000 -0.000001 0.000000 0.000000 0.000000
 24 1.820338 0.000000 0.000002 0.000000 0.000000 0.000000
 25 1.820336 0.000000 0.000002 0.000000 0.000000 3.141593
 26 3.330764 -0.128977 -0.727984 0.013106 0.174047 0.071026
 27 1.560290 -0.000000 0.000000 0.000000 0.000000 0.000000
 28 1.560287 -0.000000 0.000000 0.000000 0.000000 0.000000
 29 1.560289 0.000000 0.000001 0.000000 0.000000 3.141593
 30 3.208162 0.466231 -1.931735 0.024854 0.330715 0.074094
 31 1.300242 -0.000000 -0.000001 0.000000 0.000000 0.000000
 32 1.300238 -0.000001 0.000001 0.000000 0.000000 0.000000
 33 1.300238 -0.000001 0.000001 0.000000 0.000000 3.141593
 34 0.000007 0.002182 1.281929 0.231415 -1.097756 2.550061
 35 7.285013 -0.000000 -0.000001 -0.549577 0.280424 -0.165863
 36 12.538438 -0.000000 0.000000 0.000000 -0.000000 -2.067292
 37 10.782779 0.000003 0.000000 -1.624108 0.005756 0.040833
 38 1.016389 0.059480 -2.003611 0.348822 0.790160 0.431299
 39 1.107951 -0.000000 -0.000000 0.000000 0.000000 0.000000
 40 1.107951 0.000000 -0.000000 0.000000 0.000000 0.000000
 41 1.107952 0.000001 -0.000000 0.000000 0.000000 0.000000
 42 3.077730 -0.144548 -1.412631 0.003835 0.209388 0.026587
 43 1.560290 -0.000001 -0.000000 0.000000 0.000000 0.000000
 44 1.560287 0.000000 0.000001 0.000000 0.000000 0.000000
 45 1.560287 0.000001 0.000002 0.000000 0.000000 0.000000
 46 2.463500 0.093206 -0.291939 -0.000796 0.000000 -0.000000
 47 1.820337 0.000002 -0.000001 0.000000 0.000000 0.000000
 48 1.820336 0.000002 -0.000000 0.000000 0.000000 0.000000
 49 1.820336 0.000002 -0.000000 0.000000 0.000000 0.000000
 50 3.016627 -0.086193 0.699122 -0.016172 -0.173791 0.088745
 51 1.560290 0.000000 0.000000 0.000000 0.000000 0.000000
 52 1.560288 0.000001 0.000002 0.000000 0.000000 0.000000
 53 1.560289 0.000002 0.000003 0.000000 0.000000 0.000000
 54 2.733755 0.442845 1.903231 -0.009342 -0.314026 0.027785
 55 1.300241 -0.000001 0.000001 0.000000 0.000000 0.000000
 56 1.300241 -0.000001 0.000001 0.000000 0.000000 0.000000
 57 1.300241 -0.000001 0.000001 0.000000 0.000000 0.000000
 58 -3.797560 1.642477 3.871685 -0.039973 -2.987108 -0.423808
 59 15.353565 0.000000 -0.000000 -0.000000 -0.000000 -0.410637
 60 19.266844 -0.000002 -0.000000 0.254350 0.093251 -0.283959
 61 4.212046 5.420720 -0.000001 -0.000000 -0.000000 1.570796
 62 0.549397 0.000000 -0.000000 0.000000 0.000000 3.141593
 63 -3.902304 1.756462 -3.451982 0.005280 -3.063326 -0.216783
 64 15.353562 -0.000000 -0.000002 -0.000000 -0.000000 -0.268273
 65 19.266848 -0.000001 0.000001 1.284802 0.124204 -0.232444
 66 4.212046 5.420720 0.000001 -0.000000 -0.000000 1.570796
 67 0.549398 -0.000000 0.000001 0.000000 0.000000 0.000000
 68 -38.836464 -1.519707 -0.000048 3.141593 -1.570796 0.000000
time 19
  0 8.700581 15.337962 41.715649 0.008681 -0.356461 -2.616711
  1 -14.340247 -0.334301 -38.509567 0.192211 -0.302201 2.585792
  2 -4.133728 -0.373552 0.000002 0.000000 -1.599348 -1.570793
  3 4.212072 -0.003356 -0.119965 -0.072492 -0.018169 0.480196
  4 4.761449 -0.003791 0.000000 0.000000 0.000000 0.000000
  5 4.761830 -0.003770 0.000063 -0.016672 -0.012767 0.102371
  6 4.761835 -0.003772 0.000062 -0.016672 -0.012767 0.102371
  7 4.762262 -0.002029 0.000000 -0.000000 -0.000001 0.383972
  8 2.746990 -0.000002 -0.000001 -0.471592 0.118347 -0.420969
  9 9.156631 -0.000001 -0.000000 0.000000 0.000000 0.000000
 10 0.000002 0.002189 -1.281929 -0.259054 1.112300 2.523513
 11 7.285012 0.000001 -0.000004 -0.294458 -0.865393 0.287102
 12 12.718714 0.000001 0.000001 0.000000 0.000000 -1.223837
 13 10.221165 0.000001 0.000001 1.582585 0.025732 -0.086240
 14 1.389918 -0.447520 1.936564 -0.210439 -0.761471 0.314906
 15 1.208675 0.000001 0.000003 0.000000 0.000000 0.000000
 16 1.208674 0.000001 -0.000002 0.000000 0.000000 0.000000
 17 1.208675 0.000001 -0.000000 0.000000 0.000000 3.141593
 18 3.507808 -0.429743 1.193334 0.022860 -0.225875 -0.088311
 19 1.560290 -0.000000 -0.000002 0.000000 0.000000 0.000000
 20 1.560289 -0.000001 0.000000 0.000000 0.000000 0.000000
 21 1.560288 -0.000001 0.000001 0.000000 0.000000 3.141593
 22 3.044308 -0.436517 0.176984 0.140338 -0.004885 0.034563
 23 1.820338 -0.000000 -0.000002 0.000000 0.000000 0.000000
 24 1.820337 0.000000 -0.000001 0.000000 0.000000 0.000000
 25 1.820334 0.000001 0.000002 0.000000 0.000000 3.141593
 26 3.330762 -0.128977 -0.727984 0.013106 0.174047 0.071026
 27 1.560292 0.000000 -0.000002 0.000000 0.000000 0.000000
 28 1.560289 0.000001 0.000001 0.000000 0.000000 0.000000
 29 1.560290 -0.000001 0.000000 0.000000 0.000000 3.141593
 30 3.208159 0.466230 -1.931735 0.024854 0.330715 0.074094
 31 1.300244 -0.000001 -0.000002 0.000000 0.000000 0.000000
 32 1.300240 0.000001 0.000001 0.000000 0.000000 0.000000
 33 1.300241 -0.000001 0.000001 0.000000 0.000000 3.141593
 34 0.000004 0.002181 1.281927 0.303762 -1.111507 2.482908
 35 7.285014 -0.000001 0.000003 -0.629430 0.290921 -0.250854
 36 12.538441 0.000001 -0.000000 0.000000 -0.000000 -1.834981
 37 10.782780 -0.000002 0.000001 -1.607875 0.008779 0.029407
 38 1.016390 0.059479 -2.003611 0.348822 0.790160 0.431299
 39 1.107951 0.000001 -0.000000 0.000000 0.000000 0.000000
 40 1.107953 -0.000001 -0.000001 0.000000 0.000000 0.000000
 41 1.107952 -0.000001 0.000000 0.000000 0.000000 0.000000
 42 3.077732 -0.144550 -1.412632 0.003835 0.209388 0.026587
 43 1.560288 0.000002 -0.000000 0.000000 0.000000 0.000000
 44 1.560290 0.000001 -0.000000 0.000000 0.000000 0.000000
 45 1.560290 0.000001 -0.000000 0.000000 0.000000 0.000000
 46 2.463501 0.093204 -0.291940 -0.000796 0.000000 0.000000
 47 1.820337 0.000002 0.000001 0.000000 0.000000 0.000000
 48 1.820338 0.000000 0.000000 0.000000 0.000000 0.000000
 49 1.820339 -0.000001 -0.000002 0.000000 0.000000 0.000000
 50 3.016626 -0.086192 0.699125 -0.016172 -0.173791 0.088745
 51 1.560289 -0.000001 0.000000 0.000000 0.000000 0.000000
 52 1.560289 -0.000001 0.000000 0.000000 0.000000 0.000000
 53 1.560289 -0.000001 -0.000000 0.000000 0.000000 0.000000
 54 2.733755 0.442844 1.903232 -0.009342 -0.314026 0.027785
 55 1.300241 -0.000000 -0.000002 0.000000 0.000000 0.000000
 56 1.300241 -0.000000 -0.000001 0.000000 0.000000 0.000000
 57 1.300241 0.000000 -0.000001 0.000000 0.000000 0.000000
 58 -3.664818 1.664806 3.980869 -0.082751 -2.969682 -0.458322
 59 15.353566 -0.000000 -0.000000 0.000000 -0.000000 -0.431435
 60 19.266846 -0.000001 -0.000000 0.019350 0.024241 -0.289816
 61 4.212047 5.420719 -0.000001 -0.000000 -0.000000 1.570796
 62 0.549397 0.000000 0.000000 0.000000 0.000000 3.141593
 63 -3.797896 2.195266 -3.323991 -0.043540 -3.075598 -0.418106
 64 15.353563 0.000000 -0.000001 -0.000000 0.000000 -0.116251
 65 19.266846 -0.000000 0.000001 1.300763 0.072053 -0.261496
 66 4.212047 5.420719 0.000000 -0.000000 -0.000000 1.570796
 67 0.549397 -0.000000 0.000000 0.000000 0.000000 0.000000
 68 -38.836464 -1.519708 -0.000049 -3.141593 -1.570796 0.000000
time 20
  0 8.394645 15.118515 41.000404 0.009821 -0.367979 -2.539941
  1 -14.525558 -0.370006 -37.674118 0.223117 -0.295261 2.504798
  2 -4.636414 -0.295752 0.000002 0.000000 -1.599820 -1.570794
  3 4.212215 -0.003218 -0.121762 -0.125368 -0.011880 0.546157
  4 4.761447 -0.003794 -0.000002 0.000000 0.000000 0.000000
  5 4.761879 -0.003764 0.000109 -0.028253 -0.014309 0.116358
  6 4.761882 -0.003763 0.000107 -0.028253 -0.014309 0.116358
  7 4.762268 -0.002029 0.000000 -0.000000 -0.000001 0.383972
  8 2.746989 0.000000 -0.000000 -0.507551 0.163651 -0.577070
  9 9.156626 -0.000000 0.000001 0.000000 0.000000 0.000000
 10 0.000000 0.002193 -1.281928 -0.256215 1.073262 2.530554
 11 7.285011 -0.000000 -0.000002 -0.136621 -0.859839 0.121651
 12 12.718712 -0.000002 0.000001 -0.000000 -0.000000 -1.094735
 13 10.221162 -0.000000 -0.000002 1.586406 0.020795 -0.095370
 14 1.389921 -0.447519 1.936563 -0.210439 -0.761471 0.314906
 15 1.208674 0.000000 -0.000004 0.000000 0.000000 0.000000
 16 1.208675 -0.000001 0.000000 0.000000 0.000000 0.000000
 17 1.208675 -0.000000 0.000001 0.000000 0.000000 3.141593
 18 3.507809 -0.429743 1.193334 0.022860 -0.225875 -0.088311
 19 1.560290 0.000001 0.000001 0.000000 0.000000 0.000000
 20 1.560289 0.000000 -0.000000 0.000000 0.000000 0.000000
 21 1.560288 -0.000000 -0.000000 0.000000 0.000000 3.141593
 22 3.044309 -0.436517 0.176984 0.140338 -0.004885 0.034563
 23 1.820337 -0.000000 -0.000001 0.000000 0.000000 0.000000
 24 1.820339 0.000000 0.000001 0.000000 0.000000 0.000000
 25 1.820337 0.000001 -0.000000 0.000000 0.000000 3.141593
 26 3.330763 -0.128976 -0.727984 0.013106 0.174047 0.071026
 27 1.560290 -0.000001 -0.000002 0.000000 0.000000 0.000000
 28 1.560286 0.000001 0.000001 0.000000 0.000000 0.000000
 29 1.560286 0.000001 0.000001 0.000000 0.000000 3.141593
 30 3.208162 0.466231 -1.931736 0.024854 0.330715 0.074094
 31 1.300240 0.000001 0.000000 0.000000 0.000000 0.000000
 32 1.300241 -0.000002 -0.000001 0.000000 0.000000 0.000000
 33 1.300243 0.000000 0.000000 0.000000 0.000000 3.141593
 34 0.000002 0.002183 1.281928 0.444318 -1.139676 2.348613
 35 7.285013 -0.000002 -0.000003 -0.665868 0.251761 -0.347844
 36 12.538440 0.000000 -0.000004 -0.000000 0.000000 -1.606476
 37 10.782778 0.000000 0.000000 -1.599630 0.010539 0.013896
 38 1.016389 0.059480 -2.003611 0.348822 0.790160 0.431299
 39 1.107952 -0.000002 -0.000001 0.000000 0.000000 0.000000
 40 1.107952 0.000001 -0.000001 0.000000 0.000000 0.000000
 41 1.107952 0.000001 0.000001 0.000000 0.000000 0.000000
 42 3.077731 -0.144549 -1.412632 0.003835 0.209388 0.026587
 43 1.560288 -0.000000 -0.000000 0.000000 0.000000 0.000000
 44 1.560288 0.000001 0.000002 0.000000 0.000000 0.000000
 45 1.560290 0.000001 -0.000002 0.000000 0.000000 0.000000
 46 2.463500 0.093206 -0.291939 -0.000796 -0.000000 -0.000000
 47 1.820337 0.000002 0.000002 0.000000 0.000000 0.000000
 48 1.820338 0.000000 -0.000001 0.000000 0.000000 0.000000
 49 1.820338 0.000001 -0.000001 0.000000 0.000000 0.000000
 50 3.016626 -0.086192 0.699122 -0.016172 -0.173791 0.088745
 51 1.560289 -0.000001 -0.000001 0.000000 0.000000 0.000000
 52 1.560289 -0.000001 -0.000001 0.000000 0.000000 0.000000
 53 1.560289 -0.000001 -0.000001 0.000000 0.000000 0.000000
 54 2.733754 0.442846 1.903232 -0.009342 -0.314026 0.027785
 55 1.300241 -0.000003 -0.000000 0.000000 0.000000 0.000000
 56 1.300241 0.000002 0.000001 0.000000 0.000000 0.000000
 57 1.300241 -0.000001 0.000003 0.000000 0.000000 0.000000
 58 -3.552568 1.694906 4.070767 -0.107984 -2.938858 -0.576835
 59 15.353563 -0.000000 0.000000 0.000000 -0.000000 -0.555610
 60 19.266844 0.000000 -0.000000 0.080225 0.021475 -0.132330
 61 4.212047 5.420721 -0.000000 -0.000000 -0.000000 1.570796
 62 0.549398 0.000000 -0.000000 0.000000 0.000000 3.141593
 63 -3.639592 2.610780 -3.196534 -0.080473 -3.094088 -0.634432
 64 15.353565 0.000000 -0.000000 0.000000 -0.000000 -0.002211
 65 19.266846 -0.000000 0.000001 1.294690 0.023401 -0.259589
 66 4.212047 5.420720 0.000001 -0.000000 0.000000 1.570796
 67 0.549398 -0.000000 0.000001 0.000000 0.000000 0.000000
 68 -38.836468 -1.519708 -0.000051 -3.141593 -1.570796 0.000000
time 21
  0 8.182892 14.921411 39.433369 0.010459 -0.380310 -2.464872
  1 -14.407333 -0.376934 -36.036915 0.253558 -0.286753 2.426060
  2 -5.089226 -0.136557 0.000001 -0.000002 -1.598904 -1.570793
  3 4.212520 -0.003065 -0.117734 -0.169324 0.002213 0.608791
  4 4.761446 -0.003794 -0.000002 0.000000 0.000000 0.000000
  5 4.761931 -0.003755 0.000146 -0.038202 -0.013992 0.129803
  6 4.761935 -0.003757 0.000143 -0.038202 -0.013992 0.129803
  7 4.762263 -0.002026 0.000002 -0.000000 -0.000001 0.383972
  8 2.746989 -0.000002 -0.000001 -0.556789 0.203006 -0.729930
  9 9.156631 -0.000001 0.000000 0.000000 0.000000 0.000000
 10 0.000001 0.002190 -1.281929 -0.268980 1.035697 2.523996
 11 7.285010 0.000001 -0.000002 0.027684 -0.832550 -0.033857
 12 12.718713 -0.000002 0.000000 -0.000000 0.000000 -0.982208
 13 10.221163 -0.000001 0.000002 1.589194 0.015645 -0.106393
 14 1.389922 -0.447518 1.936563 -0.210439 -0.761471 0.314906
 15 1.208676 0.000001 -0.000001 0.000000 0.000000 0.000000
 16 1.208675 -0.000001 0.000000 0.000000 0.000000 0.000000
 17 1.208673 0.000000 0.000002 0.000000 0.000000 3.141593
 18 3.507811 -0.429743 1.193333 0.022860 -0.225875 -0.088311
 19 1.560290 -0.000001 -0.000001 0.000000 0.000000 0.000000
 20 1.560290 -0.000000 0.000000 0.000000 0.000000 0.000000
 21 1.560289 0.000000 -0.000000 0.000000 0.000000 3.141593
 22 3.044312 -0.436517 0.176983 0.140338 -0.004885 0.034563
 23 1.820340 -0.000002 -0.000002 0.000000 0.000000 0.000000
 24 1.820334 0.000000 0.000004 0.000000 0.000000 0.000000
 25 1.820338 0.000001 0.000000 0.000000 0.000000 3.141593
 26 3.330765 -0.128977 -0.727986 0.013106 0.174047 0.071026
 27 1.560292 -0.000001 -0.000001 0.000000 0.000000 0.000000
 28 1.560286 -0.000001 0.000001 0.000000 0.000000 0.000000
 29 1.560290 0.000000 -0.000000 0.000000 0.000000 3.141593
 30 3.208162 0.466230 -1.931736 0.024854 0.330715 0.074094
 31 1.300238 0.000000 0.000001 0.000000 0.000000 0.000000
 32 1.300240 0.000000 0.000000 0.000000 0.000000 0.000000
 33 1.300243 0.000001 -0.000000 0.000000 0.000000 3.141593
 34 0.000004 0.002180 1.281927 0.646223 -1.164343 2.150939
 35 7.285011 -0.000003 0.000001 -0.658253 0.189365 -0.443466
 36 12.538440 -0.000001 -0.000002 0.000000 0.000000 -1.378354
 37 10.782778 -0.000002 0.000001 -1.595087 0.011631 -0.003983
 38 1.016389 0.059479 -2.003609 0.348822 0.790160 0.431299
 39 1.107952 -0.000001 0.000000 0.000000 0.000000 0.000000
 40 1.107952 -0.000001 0.000000 0.000000 0.000000 0.000000
 41 1.107951 -0.000001 0.000000 0.000000 0.000000 0.000000
 42 3.077730 -0.144550 -1.412632 0.003835 0.209388 0.026587
 43 1.560288 0.000001 0.000001 0.000000 0.000000 0.000000
 44 1.560289 -0.000000 -0.000000 0.000000 0.000000 0.000000
 45 1.560289 -0.000001 -0.000001 0.000000 0.000000 0.000000
 46 2.463500 0.093205 -0.291938 -0.000796 -0.000000 0.000000
 47 1.820337 -0.000000 0.000002 0.000000 0.000000 0.000000
 48 1.820338 -0.000002 -0.000004 0.000000 0.000000 0.000000
 49 1.820337 0.000001 0.000001 0.000000 0.000000 0.000000
 50 3.016626 -0.086194 0.699124 -0.016172 -0.173791 0.088745
 51 1.560289 0.000000 0.000002 0.000000 0.000000 0.000000
 52 1.560289 -0.000002 -0.000000 0.000000 0.000000 0.000000
 53 1.560289 0.000001 0.000000 0.000000 0.000000 0.000000
 54 2.733754 0.442845 1.903233 -0.009342 -0.314026 0.027785
 55 1.300241 -0.000000 -0.000002 0.000000 0.000000 0.000000
 56 1.300241 -0.000000 -0.000002 0.000000 0.000000 0.000000
 57 1.300241 -0.000001 -0.000002 0.000000 0.000000 0.000000
 58 -3.462307 1.741307 4.125165 -0.113996 -2.904502 -0.741041
 59 15.353565 -0.000002 0.000001 0.000000 -0.000000 -0.763411
 60 19.266844 0.000002 0.000002 0.140663 -0.001621 0.089439
 61 4.212047 5.420721 0.000000 -0.000000 -0.000000 1.570796
 62 0.549398 -0.000000 -0.000000 0.000000 0.000000 3.141593
 63 -3.446090 2.975722 -3.095360 -0.100236 -3.139034 -0.877712
 64 15.353565 -0.000001 -0.000002 -0.000000 -0.000000 0.023198
 65 19.266846 -0.000001 0.000000 1.260086 -0.000867 -0.184276
 66 4.212046 5.420719 0.000000 -0.000000 0.000000 1.570796
 67 0.549398 0.000000 0.000000 0.000000 0.000000 0.000000
 68 -38.836464 -1.519709 -0.000050 -3.141593 -1.570796 0.000000
time 22
  0 7.981676 14.781504 37.188766 0.010451 -0.393929 -2.392550
  1 -14.035282 -0.352886 -33.764809 0.283478 -0.277503 2.350615
  2 -5.463272 0.098025 0.000002 -3.141591 -1.548791 1.570794
  3 4.213326 -0.002918 -0.091918 -0.200351 0.021101 0.663822
  4 4.761443 -0.003792 -0.000000 0.000000 0.000000 0.000000
  5 4.761977 -0.003750 0.000171 -0.045283 -0.011226 0.141857
  6 4.761981 -0.003751 0.000172 -0.045283 -0.011226 0.141857
  7 4.762269 -0.002028 0.000001 -0.000000 -0.000001 0.383972
  8 2.746987 0.000002 -0.000001 -0.608868 0.218879 -0.839007
  9 9.156625 0.000001 -0.000000 0.000000 0.000000 0.000000
 10 -0.000000 0.002192 -1.281929 -0.293365 1.003448 2.507376
 11 7.285015 -0.000002 0.000001 0.184953 -0.770020 -0.165280
 12 12.718713 0.000002 0.000001 -0.000000 0.000000 -0.838920
 13 10.221167 0.000001 0.000002 1.590838 0.011069 -0.136824
 14 1.389923 -0.447518 1.936563 -0.210439 -0.761471 0.314906
 15 1.208675 0.000000 -0.000000 0.000000 0.000000 0.000000
 16 1.208674 0.000000 -0.000000 0.000000 0.000000 0.000000
 17 1.208675 0.000000 -0.000000 0.000000 0.000000 3.141593
 18 3.507809 -0.429743 1.193334 0.022860 -0.225875 -0.088311
 19 1.560287 -0.000001 0.000001 0.000000 0.000000 0.000000
 20 1.560289 -0.000002 -0.000002 0.000000 0.000000 0.000000
 21 1.560289 0.000001 -0.000000 0.000000 0.000000 3.141593
 22 3.044310 -0.436517 0.176984 0.140338 -0.004885 0.034563
 23 1.820338 0.000002 0.000001 0.000000 0.000000 0.000000
 24 1.820339 -0.000001 -0.000001 0.000000 0.000000 0.000000
 25 1.820337 -0.000001 -0.000000 0.000000 0.000000 3.141593
 26 3.330762 -0.128977 -0.727983 0.013106 0.174047 0.071026
 27 1.560289 -0.000001 -0.000000 0.000000 0.000000 0.000000
 28 1.560288 -0.000001 0.000000 0.000000 0.000000 0.000000
 29 1.560289 -0.000001 0.000000 0.000000 0.000000 3.141593
 30 3.208162 0.466231 -1.931736 0.024854 0.330715 0.074094
 31 1.300243 0.000002 0.000001 0.000000 0.000000 0.000000
 32 1.300241 -0.000001 -0.000001 0.000000 0.000000 0.000000
 33 1.300242 -0.000001 0.000000 0.000000 0.000000 3.141593
 34 -0.000002 0.002187 1.281927 0.844959 -1.179121 1.951105
 35 7.285012 -0.000001 -0.000000 -0.622903 0.136849 -0.520896
 36 12.538437 -0.000001 0.000002 -0.000000 0.000000 -1.206608
 37 10.782780 0.000003 -0.000002 -1.592254 0.012722 -0.017589
 38 1.016389 0.059478 -2.003611 0.348822 0.790160 0.431299
 39 1.107954 -0.000003 -0.000002 0.000000 0.000000 0.000000
 40 1.107951 0.000002 0.000001 0.000000 0.000000 0.000000
 41 1.107952 0.000003 0.000002 0.000000 0.000000 0.000000
 42 3.077731 -0.144550 -1.412630 0.003835 0.209388 0.026587
 43 1.560289 -0.000001 -0.000000 0.000000 0.000000 0.000000
 44 1.560288 0.000003 0.000002 0.000000 0.000000 0.000000
 45 1.560289 -0.000001 -0.000000 0.000000 0.000000 0.000000
 46 2.463500 0.093204 -0.291939 -0.000796 -0.000000 0.000000
 47 1.820338 -0.000001 -0.000002 0.000000 0.000000 0.000000
 48 1.820338 0.000000 0.000002 0.000000 0.000000 0.000000
 49 1.820337 0.000001 -0.000000 0.000000 0.000000 0.000000
 50 3.016626 -0.086193 0.699125 -0.016172 -0.173791 0.088745
 51 1.560289 0.000001 0.000001 0.000000 0.000000 0.000000
 52 1.560289 0.000001 0.000001 0.000000 0.000000 0.000000
 53 1.560289 -0.000001 0.000001 0.000000 0.000000 0.000000
 54 2.733754 0.442844 1.903232 -0.009342 -0.314026 0.027785
 55 1.300241 -0.000002 -0.000002 0.000000 0.000000 0.000000
 56 1.300242 0.000001 0.000002 0.000000 0.000000 0.000000
 57 1.300241 0.000000 0.000001 0.000000 0.000000 0.000000
 58 -3.395283 1.813182 4.127155 -0.102213 -2.874256 -0.915004
 59 15.353566 -0.000000 0.000001 0.000000 -0.000000 -0.999014
 60 19.266844 -0.000001 -0.000001 0.197621 -0.058234 0.365792
 61 4.212046 5.420720 -0.000001 -0.000000 0.000000 1.570796
 62 0.549398 -0.000000 -0.000000 0.000000 0.000000 3.141593
 63 -3.240717 3.270676 -3.050024 -0.116657 3.075757 -1.129983
 64 15.353564 0.000000 -0.000002 0.000000 -0.000000 0.010626
 65 19.266846 -0.000001 -0.000001 1.219886 -0.003895 -0.071321
 66 4.212047 5.420720 -0.000001 -0.000000 -0.000000 1.570796
 67 0.549398 0.000000 -0.000000 0.000000 0.000000 0.000000
 68 -38.836464 -1.519707 -0.000050 -3.141593 -1.570796 0.000000
time 23
  0 7.707356 14.733649 34.440800 0.009609 -0.409286 -2.323997
  1 -13.458604 -0.298135 -31.024702 0.312975 -0.268379 2.279408
  2 -5.772492 0.427382 0.000001 -3.141580 -1.563874 1.570791
  3 4.214394 -0.002778 -0.028331 -0.216120 0.044941 0.712751
  4 4.761444 -0.003791 0.000000 0.000000 0.000000 0.000000
  5 4.762025 -0.003743 0.000184 -0.048647 -0.004910 0.152899
  6 4.762022 -0.003743 0.000185 -0.048647 -0.004910 0.152899
  7 4.762262 -0.002026 0.000001 -0.000000 -0.000001 0.383972
  8 2.746989 0.000000 0.000001 -0.664627 0.194104 -0.895013
  9 9.156630 -0.000001 -0.000001 0.000000 0.000000 0.000000
 10 0.000003 0.002190 -1.281927 -0.334607 0.973819 2.476832
 11 7.285013 0.000001 0.000001 0.341981 -0.657706 -0.264197
 12 12.718715 -0.000001 0.000002 -0.000000 0.000000 -0.632537
 13 10.221157 -0.000001 -0.000001 1.591431 0.007095 -0.199037
 14 1.389920 -0.447520 1.936563 -0.210439 -0.761471 0.314906
 15 1.208675 0.000001 0.000001 0.000000 0.000000 0.000000
 16 1.208674 -0.000001 -0.000001 0.000000 0.000000 0.000000
 17 1.208675 -0.000001 -0.000002 0.000000 0.000000 3.141593
 18 3.507810 -0.429743 1.193334 0.022860 -0.225875 -0.088311
 19 1.560290 -0.000001 -0.000002 0.000000 0.000000 0.000000
 20 1.560289 -0.000000 0.000001 0.000000 0.000000 0.000000
 21 1.560288 0.000000 0.000001 0.000000 0.000000 3.141593
 22 3.044311 -0.436517 0.176983 0.140338 -0.004885 0.034563
 23 1.820337 -0.000000 0.000001 0.000000 0.000000 0.000000
 24 1.820338 0.000000 -0.000000 0.000000 0.000000 0.000000
 25 1.820337 0.000001 -0.000000 0.000000 0.000000 3.141593
 26 3.330764 -0.128977 -0.727984 0.013106 0.174047 0.071026
 27 1.560290 0.000000 0.000000 0.000000 0.000000 0.000000
 28 1.560288 0.000000 0.000001 0.000000 0.000000 0.000000
 29 1.560289 -0.000001 -0.000001 0.000000 0.000000 3.141593
 30 3.208161 0.466230 -1.931735 0.024854 0.330715 0.074094
 31 1.300242 -0.000002 -0.000001 0.000000 0.000000 0.000000
 32 1.300242 0.000001 0.000001 0.000000 0.000000 0.000000
 33 1.300242 -0.000000 -0.000001 0.000000 0.000000 3.141593
 34 0.000002 0.002183 1.281928 1.031365 -1.196017 1.757686
 35 7.285012 -0.000002 0.000001 -0.573341 0.116687 -0.605423
 36 12.538442 -0.000001 -0.000002 0.000000 0.000000 -1.117259
 37 10.782779 -0.000000 0.000001 -1.591055 0.014380 -0.024143
 38 1.016389 0.059479 -2.003611 0.348822 0.790160 0.431299
 39 1.107953 -0.000000 -0.000002 0.000000 0.000000 0.000000
 40 1.107951 0.000000 0.000001 0.000000 0.000000 0.000000
 41 1.107952 0.000001 0.000001 0.000000 0.000000 0.000000
 42 3.077731 -0.144549 -1.412631 0.003835 0.209388 0.026587
 43 1.560289 -0.000000 0.000000 0.000000 0.000000 0.000000
 44 1.560289 -0.000000 0.000001 0.000000 0.000000 0.000000
 45 1.560288 -0.000000 0.000001 0.000000 0.000000 0.000000
 46 2.463500 0.093206 -0.291938 -0.000796 -0.000000 0.000000
 47 1.820338 -0.000001 0.000000 0.000000 0.000000 0.000000
 48 1.820338 0.000001 -0.000000 0.000000 0.000000 0.000000
 49 1.820337 0.000000 -0.000000 0.000000 0.000000 0.000000
 50 3.016626 -0.086193 0.699124 -0.016172 -0.173791 0.088745
 51 1.560290 0.000002 0.000001 0.000000 0.000000 0.000000
 52 1.560288 -0.000001 -0.000002 0.000000 0.000000 0.000000
 53 1.560288 -0.000002 -0.000001 0.000000 0.000000 0.000000
 54 2.733754 0.442847 1.903232 -0.009342 -0.314026 0.027785
 55 1.300240 -0.000001 -0.000002 0.000000 0.000000 0.000000
 56 1.300242 0.000002 0.000001 0.000000 0.000000 0.000000
 57 1.300242 0.000000 0.000001 0.000000 0.000000 0.000000
 58 -3.349251 1.933817 4.053071 -0.066863 -2.854777 -1.158833
 59 15.353567 -0.000000 0.000001 -0.000000 0.000000 -1.293055
 60 19.266844 -0.000000 0.000001 0.270108 -0.089216 0.432951
 61 4.212046 5.420720 0.000000 -0.000000 -0.000000 1.570796
 62 0.549398 -0.000000 -0.000000 0.000000 0.000000 3.141593
 63 -3.020155 3.503064 -3.094599 -0.144881 3.004869 -1.331810
 64 15.353563 -0.000001 -0.000000 -0.000000 0.000000 -0.002013
 65 19.266846 0.000001 -0.000002 1.191633 0.007778 0.009649
 66 4.212047 5.420720 0.000000 -0.000000 -0.000000 1.570796
 67 0.549396 -0.000001 0.000000 0.000000 0.000000 0.000000
 68 -38.836460 -1.519709 -0.000051 3.141593 -1.570796 0.000000
time 24
  0 7.276287 14.812701 31.363689 0.007724 -0.426805 -2.260212
  1 -12.726245 -0.216152 -27.983698 0.342275 -0.260278 2.213307
  2 -6.042196 0.843208 0.000002 0.000000 -1.552241 -1.570797
  3 4.213912 -0.002640 0.078992 -0.221302 0.072737 0.759314
  4 4.761446 -0.003792 -0.000000 0.000000 0.000000 0.000000
  5 4.762061 -0.003736 0.000186 -0.049017 0.004757 0.163744
  6 4.762064 -0.003738 0.000186 -0.049017 0.004757 0.163744
  7 4.762262 -0.002029 0.000000 -0.000000 -0.000001 0.383972
  8 2.746987 0.000000 0.000000 -0.727187 0.137665 -0.923707
  9 9.156629 -0.000001 -0.000000 0.000000 0.000000 0.000000
 10 0.000002 0.002189 -1.281927 -0.385545 0.944491 2.439136
 11 7.285012 -0.000001 -0.000001 0.491039 -0.504597 -0.322648
 12 12.718716 -0.000001 0.000002 0.000000 0.000000 -0.393326
 13 10.221163 -0.000002 0.000001 1.591477 0.003340 -0.279348
 14 1.389919 -0.447519 1.936564 -0.210439 -0.761471 0.314906
 15 1.208675 -0.000000 0.000000 0.000000 0.000000 0.000000
 16 1.208675 -0.000000 0.000000 0.000000 0.000000 0.000000
 17 1.208674 -0.000000 0.000000 0.000000 0.000000 3.141593
 18 3.507809 -0.429741 1.193334 0.022860 -0.225875 -0.088311
 19 1.560289 0.000001 -0.000001 0.000000 0.000000 0.000000
 20 1.560287 -0.000001 0.000000 0.000000 0.000000 0.000000
 21 1.560289 -0.000001 -0.000001 0.000000 0.000000 3.141593
 22 3.044309 -0.436516 0.176983 0.140338 -0.004885 0.034563
 23 1.820336 -0.000001 -0.000000 0.000000 0.000000 0.000000
 24 1.820339 -0.000002 -0.000001 0.000000 0.000000 0.000000
 25 1.820338 0.000001 0.000000 0.000000 0.000000 3.141593
 26 3.330761 -0.128978 -0.727985 0.013106 0.174047 0.071026
 27 1.560290 0.000001 -0.000001 0.000000 0.000000 0.000000
 28 1.560288 0.000001 0.000000 0.000000 0.000000 0.000000
 29 1.560288 0.000001 0.000001 0.000000 0.000000 3.141593
 30 3.208159 0.466229 -1.931738 0.024854 0.330715 0.074094
 31 1.300241 0.000000 0.000001 0.000000 0.000000 0.000000
 32 1.300242 -0.000001 -0.000002 0.000000 0.000000 0.000000
 33 1.300241 -0.000000 0.000000 0.000000 0.000000 3.141593
 34 -0.000000 0.002184 1.281928 1.217332 -1.208642 1.561828
 35 7.285011 0.000000 0.000002 -0.525911 0.104562 -0.691810
 36 12.538440 -0.000001 0.000001 0.000000 -0.000000 -1.084287
 37 10.782778 -0.000000 0.000002 -1.591549 0.015955 -0.026430
 38 1.016389 0.059479 -2.003608 0.348822 0.790160 0.431299
 39 1.107952 0.000002 0.000001 0.000000 0.000000 0.000000
 40 1.107952 -0.000001 -0.000002 0.000000 0.000000 0.000000
 41 1.107952 -0.000002 -0.000001 0.000000 0.000000 0.000000
 42 3.077730 -0.144552 -1.412631 0.003835 0.209388 0.026587
 43 1.560289 0.000000 0.000001 0.000000 0.000000 0.000000
 44 1.560288 -0.000000 0.000001 0.000000 0.000000 0.000000
 45 1.560289 -0.000000 0.000001 0.000000 0.000000 0.000000
 46 2.463500 0.093205 -0.291937 -0.000796 -0.000000 -0.000000
 47 1.820337 -0.000002 -0.000002 0.000000 0.000000 0.000000
 48 1.820337 -0.000000 0.000001 0.000000 0.000000 0.000000
 49 1.820338 0.000001 0.000000 0.000000 0.000000 0.000000
 50 3.016626 -0.086194 0.699125 -0.016172 -0.173791 0.088745
 51 1.560289 0.000001 0.000000 0.000000 0.000000 0.000000
 52 1.560288 -0.000001 -0.000002 0.000000 0.000000 0.000000
 53 1.560289 0.000001 0.000001 0.000000 0.000000 0.000000
 54 2.733754 0.442843 1.903233 -0.009342 -0.314026 0.027785
 55 1.300241 -0.000000 -0.000001 0.000000 0.000000 0.000000
 56 1.300241 0.000000 -0.000000 0.000000 0.000000 0.000000
 57 1.300241 0.000000 0.000000 0.000000 0.000000 0.000000
 58 -3.306926 2.096278 3.907631 -0.030282 -2.847380 -1.399629
 59 15.353564 0.000000 0.000002 -0.000000 0.000000 -1.563086
 60 19.266844 -0.000002 -0.000000 0.345677 -0.126904 0.478259
 61 4.212047 5.420721 -0.000000 -0.000000 -0.000000 1.570796
 62 0.549397 -0.000000 0.000000 0.000000 0.000000 3.141593
 63 -2.774573 3.699917 -3.220131 -0.193892 2.936873 -1.448967
 64 15.353562 0.000000 0.000000 0.000000 0.000000 -0.002126
 65 19.266846 -0.000001 -0.000000 1.180057 0.023242 0.023035
 66 4.212047 5.420720 -0.000001 -0.000000 -0.000000 1.570796
 67 0.549396 0.000001 0.000000 0.000000 0.000000 0.000000
 68 -38.836464 -1.519707 -0.000049 3.141593 -1.570796 0.000000
time 25
  0 6.678408 14.982481 28.131634 0.004583 -0.446885 -2.202179
  1 -11.888800 -0.113705 -24.808451 0.371710 -0.254110 2.153109
  2 -6.269538 1.296824 0.000000 0.000000 -1.519417 -1.570795
  3 4.209207 -0.002507 0.217148 -0.220996 0.102267 0.802898
  4 4.761442 -0.003792 -0.000001 0.000000 0.000000 0.000000
  5 4.762105 -0.003730 0.000180 -0.047537 0.016407 0.174215
  6 4.762105 -0.003729 0.000180 -0.047537 0.016407 0.174215
  7 4.762262 -0.002026 -0.000001 -0.000000 -0.000001 0.383972
  8 2.746988 0.000000 0.000000 -0.787484 0.071783 -0.936673
  9 9.156628 -0.000000 -0.000000 0.000000 0.000000 0.000000
 10 0.000002 0.002191 -1.281927 -0.428270 0.920692 2.408255
 11 7.285012 0.000002 -0.000002 0.613769 -0.340417 -0.341082
 12 12.718714 -0.000001 0.000001 0.000000 -0.000000 -0.167861
 13 10.221163 -0.000000 -0.000001 1.591419 0.000016 -0.356184
 14 1.389920 -0.447518 1.936564 -0.210439 -0.761471 0.314906
 15 1.208674 0.000000 0.000000 0.000000 0.000000 0.000000
 16 1.208676 0.000000 -0.000001 0.000000 0.000000 0.000000
 17 1.208675 -0.000000 0.000000 0.000000 0.000000 3.141593
 18 3.507809 -0.429741 1.193334 0.022860 -0.225875 -0.088311
 19 1.560289 -0.000000 0.000001 0.000000 0.000000 0.000000
 20 1.560291 0.000000 -0.000001 0.000000 0.000000 0.000000
 21 1.560289 0.000000 -0.000001 0.000000 0.000000 3.141593
 22 3.044309 -0.436516 0.176984 0.140338 -0.004885 0.034563
 23 1.820337 -0.000002 -0.000000 0.000000 0.000000 0.000000
 24 1.820338 0.000002 -0.000001 0.000000 0.000000 0.000000
 25 1.820338 0.000003 0.000001 0.000000 0.000000 3.141593
 26 3.330762 -0.128977 -0.727985 0.013106 0.174047 0.071026
 27 1.560290 -0.000000 -0.000001 0.000000 0.000000 0.000000
 28 1.560290 0.000000 -0.000000 0.000000 0.000000 0.000000
 29 1.560288 0.000000 0.000000 0.000000 0.000000 3.141593
 30 3.208160 0.466231 -1.931736 0.024854 0.330715 0.074094
 31 1.300242 0.000000 0.000000 0.000000 0.000000 0.000000
 32 1.300241 0.000000 -0.000000 0.000000 0.000000 0.000000
 33 1.300241 0.000000 -0.000000 0.000000 0.000000 3.141593
 34 0.000002 0.002181 1.281928 1.336884 -1.209904 1.435407
 35 7.285013 0.000001 -0.000000 -0.509114 0.070984 -0.727457
 36 12.538438 -0.000001 0.000000 -0.000000 -0.000000 -1.085628
 37 10.782778 0.000002 0.000001 -1.591947 0.016331 -0.026136
 38 1.016389 0.059479 -2.003609 0.348822 0.790160 0.431299
 39 1.107952 -0.000002 -0.000002 0.000000 0.000000 0.000000
 40 1.107952 0.000001 0.000001 0.000000 0.000000 0.000000
 41 1.107952 0.000000 0.000001 0.000000 0.000000 0.000000
 42 3.077731 -0.144550 -1.412630 0.003835 0.209388 0.026587
 43 1.560289 -0.000002 -0.000002 0.000000 0.000000 0.000000
 44 1.560289 0.000001 0.000001 0.000000 0.000000 0.000000
 45 1.560289 0.000002 0.000001 0.000000 0.000000 0.000000
 46 2.463499 0.093203 -0.291939 -0.000796 0.000000 -0.000000
 47 1.820338 -0.000001 -0.000000 0.000000 0.000000 0.000000
 48 1.820338 -0.000001 -0.000000 0.000000 0.000000 0.000000
 49 1.820338 0.000000 -0.000000 0.000000 0.000000 0.000000
 50 3.016626 -0.086195 0.699124 -0.016172 -0.173791 0.088745
 51 1.560290 -0.000000 0.000001 0.000000 0.000000 0.000000
 52 1.560288 -0.000001 0.000000 0.000000 0.000000 0.000000
 53 1.560288 -0.000001 0.000000 0.000000 0.000000 0.000000
 54 2.733754 0.442843 1.903232 -0.009342 -0.314026 0.027785
 55 1.300241 -0.000000 -0.000001 0.000000 0.000000 0.000000
 56 1.300241 0.000000 -0.000000 0.000000 0.000000 0.000000
 57 1.300241 0.000001 -0.000000 0.000000 0.000000 0.000000
 58 -3.258495 2.270127 3.717217 -3.125301 -0.292379 1.493551
 59 15.353563 0.000000 0.000002 0.000000 -0.000000 -1.816834
 60 19.266844 0.000000 -0.000001 0.415941 -0.167915 0.482911
 61 4.212047 5.420720 -0.000000 -0.000000 -0.000000 1.570796
 62 0.549397 -0.000000 -0.000000 0.000000 0.000000 3.141593
 63 -2.510665 3.867442 -3.392591 -0.247982 2.870202 -1.519273
 64 15.353561 -0.000001 -0.000001 0.000000 0.000000 -0.002305
 65 19.266842 0.000000 -0.000002 1.167469 0.041236 0.001507
 66 4.212047 5.420720 -0.000000 -0.000000 -0.000000 1.570796
 67 0.549398 -0.000001 -0.000000 0.000000 0.000000 0.000000
 68 -38.836464 -1.519708 -0.000051 -3.141593 -1.570796 0.000000
time 26
  0 5.980721 15.182373 24.918858 0.000000 -0.469902 -2.150872
  1 -11.001878 -0.000000 -21.663969 0.401676 -0.250794 2.099556
  2 -6.453126 1.746770 0.000000 0.000000 -1.482145 -1.570795
  3 4.198338 -0.002380 0.373739 -0.220411 0.131458 0.842725
  4 4.761443 -0.003792 -0.000000 0.000000 0.000000 0.000000
  5 4.762144 -0.003724 0.000173 -0.045387 0.028699 0.184119
  6 4.762143 -0.003723 0.000172 -0.045387 0.028699 0.184120
  7 4.762267 -0.002031 0.000001 -0.000000 -0.000001 0.383972
  8 2.746988 0.000002 -0.000000 -0.833173 0.015937 -0.946765
  9 9.156627 -0.000000 -0.000001 0.000000 0.000000 0.000000
 10 -0.000000 0.002192 -1.281929 -0.447922 0.908765 2.394562
 11 7.285011 -0.000001 -0.000000 0.703614 -0.197988 -0.335496
 12 12.718714 0.000001 -0.000001 0.000000 0.000000 -0.002719
 13 10.221168 -0.000000 0.000001 1.591521 -0.002616 -0.407975
 14 1.389921 -0.447517 1.936563 -0.210439 -0.761471 0.314906
 15 1.208674 -0.000000 -0.000001 0.000000 0.000000 0.000000
 16 1.208674 0.000001 0.000000 0.000000 0.000000 0.000000
 17 1.208676 -0.000000 0.000000 0.000000 0.000000 3.141593
 18 3.507810 -0.429741 1.193334 0.022860 -0.225875 -0.088311
 19 1.560289 -0.000003 -0.000002 0.000000 0.000000 0.000000
 20 1.560289 0.000002 0.000001 0.000000 0.000000 0.000000
 21 1.560289 0.000003 0.000001 0.000000 0.000000 3.141593
 22 3.044311 -0.436516 0.176982 0.140338 -0.004885 0.034563
 23 1.820336 -0.000003 -0.000001 0.000000 0.000000 0.000000
 24 1.820338 0.000003 0.000001 0.000000 0.000000 0.000000
 25 1.820338 0.000001 0.000001 0.000000 0.000000 3.141593
 26 3.330763 -0.128975 -0.727984 0.013106 0.174047 0.071026
 27 1.560289 0.000001 0.000001 0.000000 0.000000 0.000000
 28 1.560288 0.000001 -0.000001 0.000000 0.000000 0.000000
 29 1.560289 -0.000000 -0.000001 0.000000 0.000000 3.141593
 30 3.208162 0.466229 -1.931738 0.024854 0.330715 0.074094
 31 1.300242 -0.000002 -0.000002 0.000000 0.000000 0.000000
 32 1.300241 0.000001 0.000000 0.000000 0.000000 0.000000
 33 1.300241 0.000001 0.000001 0.000000 0.000000 3.141593
 34 -0.000001 0.002187 1.281926 1.377651 -1.202475 1.392679
 35 7.285014 -0.000001 0.000000 -0.527059 0.020289 -0.679356
 36 12.538442 -0.000000 -0.000001 -0.000000 0.000000 -1.103437
 37 10.782778 0.000001 -0.000001 -1.591655 0.015380 -0.024597
 38 1.016389 0.059478 -2.003610 0.348822 0.790160 0.431299
 39 1.107952 -0.000000 -0.000001 0.000000 0.000000 0.000000
 40 1.107952 0.000000 -0.000000 0.000000 0.000000 0.000000
 41 1.107952 0.000001 -0.000000 0.000000 0.000000 0.000000
 42 3.077731 -0.144550 -1.412631 0.003835 0.209388 0.026587
 43 1.560289 0.000000 0.000000 0.000000 0.000000 0.000000
 44 1.560290 0.000002 0.000001 0.000000 0.000000 0.000000
 45 1.560289 -0.000001 0.000000 0.000000 0.000000 0.000000
 46 2.463500 0.093204 -0.291939 -0.000796 0.000000 -0.000000
 47 1.820337 -0.000000 -0.000001 0.000000 0.000000 0.000000
 48 1.820338 0.000000 0.000001 0.000000 0.000000 0.000000
 49 1.820337 0.000001 0.000001 0.000000 0.000000 0.000000
 50 3.016626 -0.086194 0.699124 -0.016172 -0.173791 0.088745
 51 1.560288 -0.000001 -0.000001 0.000000 0.000000 0.000000
 52 1.560289 0.000002 0.000001 0.000000 0.000000 0.000000
 53 1.560290 0.000000 0.000001 0.000000 0.000000 0.000000
 54 2.733754 0.442844 1.903232 -0.009342 -0.314026 0.027785
 55 1.300241 -0.000000 0.000000 0.000000 0.000000 0.000000
 56 1.300241 -0.000000 -0.000000 0.000000 0.000000 0.000000
 57 1.300241 -0.000000 0.000000 0.000000 0.000000 0.000000
 58 -3.198948 2.426782 3.510057 -3.063807 -0.284021 1.210181
 59 15.353563 0.000000 0.000001 -0.000000 -0.000000 -2.059509
 60 19.266844 -0.000001 0.000000 0.493421 -0.167613 0.382433
 61 4.212047 5.420721 -0.000001 -0.000000 -0.000000 1.570796
 62 0.549397 -0.000000 -0.000000 0.000000 0.000000 3.141593
 63 -2.238752 4.014487 -3.576358 2.863328 0.314353 1.550446
 64 15.353562 0.000001 -0.000002 -0.000000 -0.000000 -0.002417
 65 19.266848 -0.000001 -0.000001 1.130069 0.060538 -0.024519
 66 4.212046 5.420719 -0.000000 -0.000000 -0.000000 1.570796
 67 0.549397 0.000000 0.000000 0.000000 0.000000 0.000000
 68 -38.836464 -1.519707 -0.000049 -3.141593 -1.570796 0.000000
time 27
  0 5.215176 15.410583 21.899565 -0.006365 -0.512545 -2.143525
  1 -10.434763 0.118034 -18.543575 0.438503 -0.274539 2.083649
  2 -6.592685 2.160141 0.000001 -0.000000 -1.443317 -1.570794
  3 4.180795 -0.002260 0.536330 -0.224799 0.158430 0.877715
  4 4.761446 -0.003791 0.000001 0.000000 0.000000 0.000000
  5 4.762176 -0.003718 0.000165 -0.043781 0.040316 0.193237
  6 4.762180 -0.003719 0.000167 -0.043781 0.040316 0.193237
  7 4.762265 -0.002028 -0.000001 -0.000000 -0.000001 0.383972
  8 2.746989 0.000001 0.000000 -0.826362 -0.021786 -0.948708
  9 9.156627 0.000000 -0.000000 0.000000 0.000000 0.000000
 10 0.000000 0.002194 -1.281928 -0.435926 0.912765 2.403719
 11 7.285012 0.000001 -0.000001 0.749824 -0.085708 -0.327455
 12 12.718714 -0.000000 -0.000000 -0.000000 0.000000 0.077531
 13 10.221164 -0.000001 -0.000000 1.591306 -0.004319 -0.419466
 14 1.389922 -0.447518 1.936562 -0.210439 -0.761471 0.314906
 15 1.208674 -0.000001 -0.000001 0.000000 0.000000 0.000000
 16 1.208675 0.000001 0.000000 0.000000 0.000000 0.000000
 17 1.208675 0.000001 0.000001 0.000000 0.000000 3.141593
 18 3.507809 -0.429741 1.193335 0.022860 -0.225875 -0.088311
 19 1.560288 0.000001 0.000002 0.000000 0.000000 0.000000
 20 1.560289 -0.000001 -0.000002 0.000000 0.000000 0.000000
 21 1.560290 -0.000002 -0.000000 0.000000 0.000000 3.141593
 22 3.044310 -0.436517 0.176982 0.140338 -0.004885 0.034563
 23 1.820338 -0.000002 -0.000001 0.000000 0.000000 0.000000
 24 1.820338 -0.000001 0.000000 0.000000 0.000000 0.000000
 25 1.820337 0.000000 0.000001 0.000000 0.000000 3.141593
 26 3.330763 -0.128977 -0.727985 0.013106 0.174047 0.071026
 27 1.560288 0.000001 0.000002 0.000000 0.000000 0.000000
 28 1.560290 -0.000001 -0.000002 0.000000 0.000000 0.000000
 29 1.560290 -0.000001 -0.000001 0.000000 0.000000 3.141593
 30 3.208162 0.466230 -1.931737 0.024854 0.330715 0.074094
 31 1.300241 0.000001 0.000000 0.000000 0.000000 0.000000
 32 1.300241 0.000001 0.000001 0.000000 0.000000 0.000000
 33 1.300241 0.000001 0.000001 0.000000 0.000000 3.141593
 34 0.000001 0.002186 1.281928 1.385088 -1.192180 1.385531
 35 7.285013 0.000001 0.000002 -0.564533 -0.021528 -0.571802
 36 12.538440 -0.000001 -0.000001 0.000000 0.000000 -1.134087
 37 10.782778 0.000001 -0.000002 -1.591297 0.013855 -0.022079
 38 1.016389 0.059481 -2.003609 0.348822 0.790160 0.431299
 39 1.107952 -0.000002 -0.000001 0.000000 0.000000 0.000000
 40 1.107952 0.000001 0.000000 0.000000 0.000000 0.000000
 41 1.107952 0.000001 0.000001 0.000000 0.000000 0.000000
 42 3.077730 -0.144548 -1.412631 0.003835 0.209388 0.026587
 43 1.560289 0.000001 0.000000 0.000000 0.000000 0.000000
 44 1.560289 -0.000001 0.000000 0.000000 0.000000 0.000000
 45 1.560289 -0.000000 0.000001 0.000000 0.000000 0.000000
 46 2.463500 0.093206 -0.291939 -0.000796 0.000000 0.000000
 47 1.820338 0.000002 0.000001 0.000000 0.000000 0.000000
 48 1.820337 -0.000001 -0.000001 0.000000 0.000000 0.000000
 49 1.820337 -0.000001 0.000000 0.000000 0.000000 0.000000
 50 3.016626 -0.086191 0.699124 -0.016172 -0.173791 0.088745
 51 1.560289 -0.000000 -0.000000 0.000000 0.000000 0.000000
 52 1.560288 0.000000 0.000000 0.000000 0.000000 0.000000
 53 1.560289 0.000001 0.000000 0.000000 0.000000 0.000000
 54 2.733754 0.442846 1.903233 -0.009342 -0.314026 0.027785
 55 1.300240 0.000000 -0.000001 0.000000 0.000000 0.000000
 56 1.300242 0.000001 0.000000 0.000000 0.000000 0.000000
 57 1.300242 0.000001 0.000001 0.000000 0.000000 0.000000
 58 -3.129216 2.542413 3.316190 -2.982456 -0.278935 0.942522
 59 15.353564 -0.000000 -0.000000 0.000000 -0.000000 -2.274287
 60 19.266844 -0.000001 0.000001 0.553669 -0.174692 0.243937
 61 4.212047 5.420719 0.000000 -0.000000 -0.000000 1.570796
 62 0.549398 0.000000 0.000000 0.000000 0.000000 3.141593
 63 -1.973520 4.154839 -3.735369 2.880502 0.305667 1.464123
 64 15.353562 -0.000001 -0.000001 0.000000 -0.000000 -0.002378
 65 19.266842 -0.000002 0.000001 1.050851 0.080111 -0.050322
 66 4.212046 5.420720 -0.000000 -0.000000 -0.000000 1.570796
 67 0.549398 -0.000000 -0.000000 0.000000 0.000000 0.000000
 68 -38.836464 -1.519709 -0.000049 3.141593 -1.570796 0.000000
time 28
  0 4.413737 15.665309 19.247967 -0.009954 -0.577146 -2.186967
  1 -10.163316 0.155372 -15.608770 0.483050 -0.329360 2.108094
  2 -6.689473 2.513244 0.000000 0.000000 -1.405831 -1.570795
  3 4.157862 -0.002144 0.692582 -0.239463 0.181398 0.906550
  4 4.761446 -0.003790 0.000000 0.000000 0.000000 0.000000
  5 4.762210 -0.003710 0.000167 -0.043961 0.049965 0.201313
  6 4.762211 -0.003713 0.000165 -0.043961 0.049965 0.201313
  7 4.762264 -0.002029 0.000000 -0.000000 -0.000001 0.383972
  8 2.746988 0.000001 -0.000000 -0.778158 -0.040217 -0.930103
  9 9.156628 -0.000001 0.000000 0.000000 0.000000 0.000000
 10 0.000001 0.002190 -1.281929 -0.394986 0.934814 2.433226
 11 7.285011 0.000001 0.000000 0.756065 -0.017795 -0.325570
 12 12.718717 0.000001 0.000000 0.000000 -0.000000 0.078143
 13 10.221166 0.000001 0.000001 1.590709 -0.004962 -0.399215
 14 1.389920 -0.447520 1.936563 -0.210439 -0.761471 0.314906
 15 1.208674 -0.000001 -0.000001 0.000000 0.000000 0.000000
 16 1.208676 0.000002 0.000001 0.000000 0.000000 0.000000
 17 1.208675 0.000001 -0.000000 0.000000 0.000000 3.141593
 18 3.507809 -0.429742 1.193334 0.022860 -0.225875 -0.088311
 19 1.560289 -0.000002 -0.000001 0.000000 0.000000 0.000000
 20 1.560289 0.000001 0.000001 0.000000 0.000000 0.000000
 21 1.560289 0.000000 0.000000 0.000000 0.000000 3.141593
 22 3.044310 -0.436516 0.176984 0.140338 -0.004885 0.034563
 23 1.820338 -0.000003 -0.000002 0.000000 0.000000 0.000000
 24 1.820336 0.000002 0.000001 0.000000 0.000000 0.000000
 25 1.820337 -0.000000 0.000001 0.000000 0.000000 3.141593
 26 3.330763 -0.128976 -0.727984 0.013106 0.174047 0.071026
 27 1.560288 -0.000000 -0.000000 0.000000 0.000000 0.000000
 28 1.560290 -0.000002 -0.000002 0.000000 0.000000 0.000000
 29 1.560289 0.000002 0.000000 0.000000 0.000000 3.141593
 30 3.208161 0.466231 -1.931735 0.024854 0.330715 0.074094
 31 1.300241 0.000000 0.000000 0.000000 0.000000 0.000000
 32 1.300241 0.000001 0.000001 0.000000 0.000000 0.000000
 33 1.300241 0.000001 -0.000000 0.000000 0.000000 3.141593
 34 0.000001 0.002185 1.281928 1.371641 -1.184479 1.400563
 35 7.285012 0.000002 0.000002 -0.613087 -0.046081 -0.439276
 36 12.538440 -0.000002 -0.000000 -0.000000 0.000000 -1.176845
 37 10.782780 0.000001 -0.000000 -1.590929 0.011968 -0.018657
 38 1.016389 0.059479 -2.003610 0.348822 0.790160 0.431299
 39 1.107952 -0.000000 -0.000000 0.000000 0.000000 0.000000
 40 1.107952 -0.000000 0.000000 0.000000 0.000000 0.000000
 41 1.107952 -0.000000 0.000000 0.000000 0.000000 0.000000
 42 3.077731 -0.144549 -1.412630 0.003835 0.209388 0.026587
 43 1.560290 -0.000001 -0.000000 0.000000 0.000000 0.000000
 44 1.560289 0.000000 0.000000 0.000000 0.000000 0.000000
 45 1.560289 0.000001 0.000000 0.000000 0.000000 0.000000
 46 2.463500 0.093204 -0.291938 -0.000796 0.000000 -0.000000
 47 1.820338 -0.000001 -0.000000 0.000000 0.000000 0.000000
 48 1.820338 0.000001 0.000001 0.000000 0.000000 0.000000
 49 1.820338 0.000000 -0.000000 0.000000 0.000000 0.000000
 50 3.016627 -0.086194 0.699125 -0.016172 -0.173791 0.088745
 51 1.560290 0.000001 0.000000 0.000000 0.000000 0.000000
 52 1.560289 -0.000001 0.000000 0.000000 0.000000 0.000000
 53 1.560289 0.000000 -0.000000 0.000000 0.000000 0.000000
 54 2.733754 0.442845 1.903233 -0.009342 -0.314026 0.027785
 55 1.300241 0.000001 0.000000 0.000000 0.000000 0.000000
 56 1.300241 0.000001 -0.000000 0.000000 0.000000 0.000000
 57 1.300241 0.000001 -0.000000 0.000000 0.000000 0.000000
 58 -3.055280 2.598415 3.165864 -2.861830 -0.258245 0.701959
 59 15.353567 0.000000 -0.000001 -0.000000 0.000000 -2.462838
 60 19.266848 -0.000002 0.000001 0.604034 -0.203339 0.066908
 61 4.212048 5.420721 -0.000000 -0.000000 -0.000000 1.570796
 62 0.549398 -0.000000 0.000000 0.000000 0.000000 3.141593
 63 -1.733760 4.307318 -3.833656 2.933272 0.260751 1.388045
 64 15.353563 0.000000 -0.000002 -0.000000 0.000000 -0.002271
 65 19.266846 -0.000002 -0.000002 0.949282 0.098122 -0.089772
 66 4.212047 5.420719 -0.000000 -0.000000 -0.000000 1.570796
 67 0.549398 -0.000001 0.000000 0.000000 0.000000 0.000000
 68 -38.836464 -1.519706 -0.000049 -3.141593 -1.570796 0.000000
time 29
  0 3.608355 15.944754 17.138281 -0.006426 -0.642076 -2.235748
  1 -9.891322 0.085006 -13.227379 0.528205 -0.383920 2.132868
  2 -6.704341 2.823487 0.000000 0.000000 -1.372579 -1.570795
  3 4.132605 -0.002066 0.830404 -0.261050 0.201489 0.919421
  4 4.761444 -0.003793 -0.000001 0.000000 0.000000 0.000000
  5 4.762230 -0.003703 0.000175 -0.045746 0.058117 0.206251
  6 4.762231 -0.003706 0.000172 -0.045746 0.058117 0.206251
  7 4.762266 -0.002028 0.000001 -0.000000 -0.000001 0.383972
  8 2.746988 0.000000 -0.000001 -0.754570 -0.039160 -0.885610
  9 9.156628 0.000001 0.000000 0.000000 0.000000 0.000000
 10 0.000001 0.002192 -1.281928 -0.324232 0.978151 2.484949
 11 7.285013 0.000003 -0.000001 0.733455 -0.031182 -0.311198
 12 12.718716 0.000001 -0.000001 -0.000000 -0.000000 -0.002719
 13 10.221164 0.000001 -0.000001 1.590607 -0.004415 -0.361368
 14 1.389920 -0.447517 1.936563 -0.210439 -0.761471 0.314906
 15 1.208675 -0.000000 0.000000 0.000000 0.000000 0.000000
 16 1.208675 0.000000 0.000001 0.000000 0.000000 0.000000
 17 1.208675 0.000000 0.000000 0.000000 0.000000 3.141593
 18 3.507809 -0.429740 1.193334 0.022860 -0.225875 -0.088311
 19 1.560288 0.000003 0.000001 0.000000 0.000000 0.000000
 20 1.560289 -0.000000 -0.000001 0.000000 0.000000 0.000000
 21 1.560289 -0.000001 -0.000000 0.000000 0.000000 3.141593
 22 3.044309 -0.436515 0.176984 0.140338 -0.004885 0.034563
 23 1.820337 0.000001 0.000001 0.000000 0.000000 0.000000
 24 1.820338 -0.000001 -0.000002 0.000000 0.000000 0.000000
 25 1.820338 -0.000000 0.000001 0.000000 0.000000 3.141593
 26 3.330763 -0.128977 -0.727985 0.013106 0.174047 0.071026
 27 1.560289 0.000001 0.000002 0.000000 0.000000 0.000000
 28 1.560289 0.000001 -0.000001 0.000000 0.000000 0.000000
 29 1.560289 -0.000000 -0.000001 0.000000 0.000000 3.141593
 30 3.208160 0.466231 -1.931737 0.024854 0.330715 0.074094
 31 1.300242 -0.000001 0.000000 0.000000 0.000000 0.000000
 32 1.300241 -0.000001 0.000000 0.000000 0.000000 0.000000
 33 1.300241 -0.000001 0.000000 0.000000 0.000000 3.141593
 34 -0.000000 0.002186 1.281926 1.347719 -1.184299 1.426219
 35 7.285011 0.000001 0.000001 -0.652070 -0.046814 -0.330882
 36 12.538440 -0.000001 0.000000 0.000000 0.000000 -1.230981
 37 10.782779 0.000000 0.000001 -1.590603 0.009933 -0.014405
 38 1.016389 0.059479 -2.003610 0.348822 0.790160 0.431299
 39 1.107952 0.000001 0.000000 0.000000 0.000000 0.000000
 40 1.107952 -0.000002 -0.000000 0.000000 0.000000 0.000000
 41 1.107952 -0.000000 -0.000001 0.000000 0.000000 0.000000
 42 3.077731 -0.144549 -1.412631 0.003835 0.209388 0.026587
 43 1.560289 -0.000001 -0.000000 0.000000 0.000000 0.000000
 44 1.560289 0.000001 0.000001 0.000000 0.000000 0.000000
 45 1.560289 -0.000000 0.000000 0.000000 0.000000 0.000000
 46 2.463500 0.093204 -0.291939 -0.000796 0.000000 -0.000000
 47 1.820337 -0.000001 -0.000001 0.000000 0.000000 0.000000
 48 1.820338 0.000001 0.000000 0.000000 0.000000 0.000000
 49 1.820337 0.000000 0.000000 0.000000 0.000000 0.000000
 50 3.016626 -0.086194 0.699124 -0.016172 -0.173791 0.088745
 51 1.560289 -0.000000 0.000000 0.000000 0.000000 0.000000
 52 1.560289 -0.000000 0.000000 0.000000 0.000000 0.000000
 53 1.560289 -0.000000 -0.000000 0.000000 0.000000 0.000000
 54 2.733754 0.442845 1.903233 -0.009342 -0.314026 0.027785
 55 1.300241 -0.000001 0.000000 0.000000 0.000000 0.000000
 56 1.300241 0.000001 -0.000000 0.000000 0.000000 0.000000
 57 1.300241 0.000000 0.000000 0.000000 0.000000 0.000000
 58 -3.020031 2.589455 3.045359 -2.840926 -0.352127 0.977073
 59 15.353567 -0.000002 -0.000000 0.000000 -0.000000 -2.597455
 60 19.266848 -0.000001 0.000001 0.680117 -0.289930 0.343449
 61 4.212046 5.420720 -0.000001 -0.000000 -0.000000 1.570796
 62 0.549398 0.000000 0.000000 0.000000 0.000000 3.141593
 63 -1.554033 4.441817 -3.888592 2.984500 0.225137 1.337925
 64 15.353563 0.000001 0.000000 -0.000000 0.000000 -0.002211
 65 19.266846 0.000000 -0.000000 0.859186 0.112871 -0.133394
 66 4.212047 5.420720 0.000000 -0.000000 -0.000000 1.570796
 67 0.549399 -0.000000 0.000000 0.000000 0.000000 0.000000
 68 -38.836460 -1.519706 -0.000049 -3.141593 -1.570796 0.000000
time 30
  0 2.830985 16.247122 15.744714 0.000000 -0.685682 -2.239753
  1 -9.576135 -0.000001 -11.705289 0.570572 -0.403556 2.119907
  2 -6.648535 3.079334 0.000000 0.000000 -1.346457 -1.570795
  3 4.109520 -0.002023 0.938091 -0.293139 0.216716 0.916312
  4 4.761445 -0.003793 -0.000001 -0.000000 -0.000000 -0.000000
  5 4.762238 -0.003700 0.000193 -0.050218 0.063680 0.207876
  6 4.762239 -0.003704 0.000189 -0.050218 0.063680 0.207876
  7 4.762264 -0.002027 0.000001 -0.000000 -0.000001 0.383973
  8 2.746988 0.000001 -0.000001 -0.769012 0.000574 -0.809514
  9 9.156628 0.000000 -0.000001 0.000000 0.000000 0.000000
 10 0.000000 0.002192 -1.281930 -0.166171 1.060834 2.611478
 11 7.285009 0.000001 -0.000001 0.655187 -0.176799 -0.276946
 12 12.718714 0.000000 -0.000001 0.000000 -0.000000 -0.224508
 13 10.221162 0.000000 0.000001 1.591980 -0.002342 -0.296362
 14 1.389920 -0.447519 1.936563 -0.210439 -0.761471 0.314906
 15 1.208676 0.000003 0.000002 0.000000 0.000000 0.000000
 16 1.208675 -0.000000 -0.000001 0.000000 0.000000 0.000000
 17 1.208675 -0.000001 -0.000000 0.000000 0.000000 3.141593
 18 3.507809 -0.429743 1.193334 0.022860 -0.225875 -0.088311
 19 1.560288 0.000003 0.000001 0.000000 0.000000 0.000000
 20 1.560290 -0.000002 -0.000001 0.000000 0.000000 0.000000
 21 1.560290 -0.000001 -0.000000 0.000000 0.000000 3.141593
 22 3.044310 -0.436519 0.176982 0.140338 -0.004885 0.034563
 23 1.820337 0.000002 0.000001 0.000000 0.000000 0.000000
 24 1.820338 0.000001 -0.000001 0.000000 0.000000 0.000000
 25 1.820338 -0.000000 -0.000000 0.000000 0.000000 3.141593
 26 3.330763 -0.128977 -0.727985 0.013106 0.174047 0.071026
 27 1.560289 0.000002 -0.000001 0.000000 0.000000 0.000000
 28 1.560289 -0.000002 -0.000001 0.000000 0.000000 0.000000
 29 1.560289 0.000002 -0.000001 0.000000 0.000000 3.141593
 30 3.208161 0.466230 -1.931737 0.024854 0.330715 0.074094
 31 1.300241 0.000004 0.000001 0.000000 0.000000 0.000000
 32 1.300242 -0.000001 -0.000000 0.000000 0.000000 0.000000
 33 1.300242 -0.000001 -0.000001 0.000000 0.000000 3.141593
 34 0.000001 0.002184 1.281928 1.321128 -1.196673 1.453406
 35 7.285011 0.000000 -0.000001 -0.664622 -0.040043 -0.280022
 36 12.538440 -0.000001 0.000001 0.000000 -0.000000 -1.295763
 37 10.782779 0.000000 -0.000001 -1.590370 0.007963 -0.009397
 38 1.016389 0.059479 -2.003609 0.348822 0.790160 0.431299
 39 1.107952 0.000001 0.000000 0.000000 0.000000 0.000000
 40 1.107952 -0.000001 -0.000000 0.000000 0.000000 0.000000
 41 1.107952 0.000000 -0.000000 0.000000 0.000000 0.000000
 42 3.077731 -0.144551 -1.412631 0.003835 0.209388 0.026587
 43 1.560289 -0.000001 0.000000 0.000000 0.000000 0.000000
 44 1.560289 -0.000000 0.000000 0.000000 0.000000 0.000000
 45 1.560289 0.000001 0.000000 0.000000 0.000000 0.000000
 46 2.463500 0.093204 -0.291938 -0.000796 0.000000 -0.000000
 47 1.820337 -0.000002 0.000000 0.000000 0.000000 0.000000
 48 1.820338 0.000001 -0.000000 0.000000 0.000000 0.000000
 49 1.820337 0.000001 -0.000000 0.000000 0.000000 0.000000
 50 3.016626 -0.086195 0.699124 -0.016172 -0.173791 0.088745
 51 1.560288 -0.000001 0.000000 0.000000 0.000000 0.000000
 52 1.560289 -0.000001 -0.000000 0.000000 0.000000 0.000000
 53 1.560290 0.000000 0.000000 0.000000 0.000000 0.000000
 54 2.733754 0.442844 1.903232 -0.009342 -0.314026 0.027785
 55 1.300241 -0.000001 -0.000000 0.000000 0.000000 0.000000
 56 1.300241 0.000002 0.000001 0.000000 0.000000 0.000000
 57 1.300241 0.000000 0.000000 0.000000 0.000000 0.000000
 58 -3.027430 2.508907 2.975142 -2.782097 -0.423332 1.132667
 59 15.353565 -0.000000 0.000000 0.000000 -0.000000 -2.653653
 60 19.266846 -0.000000 0.000000 0.801215 -0.364547 0.427333
 61 4.212046 5.420719 -0.000000 -0.000000 -0.000000 1.570796
 62 0.549398 0.000000 0.000000 0.000000 0.000000 3.141593
 63 -1.452316 4.576094 -3.873638 3.032485 0.209933 1.325303
 64 15.353562 0.000000 -0.000001 -0.000000 -0.000000 -0.002258
 65 19.266846 -0.000002 0.000000 0.799603 0.130962 -0.166878
 66 4.212046 5.420720 0.000000 -0.000000 -0.000000 1.570796
 67 0.549398 0.000000 -0.000000 0.000000 0.000000 0.000000
 68 -38.836460 -1.519708 -0.000049 3.141593 -1.570796 0.000000
time 31
  0 2.113580 16.570606 15.241478 0.004206 -0.708929 -2.195109
  1 -9.518011 -0.046679 -11.097452 0.610136 -0.386697 2.070398
  2 -6.595051 3.219169 -0.000000 0.000000 -1.330360 -1.570795
  3 4.093871 -0.001956 1.004272 -0.351459 0.221560 0.910568
  4 4.761444 -0.003792 -0.000001 -0.000000 -0.000000 -0.000000
  5 4.762241 -0.003697 0.000231 -0.060501 0.063038 0.208825
  6 4.762243 -0.003699 0.000230 -0.060501 0.063039 0.208825
  7 4.762264 -0.002029 -0.000001 -0.000000 -0.000001 0.383972
  8 2.746988 0.000001 0.000000 -0.768279 0.085603 -0.715191
  9 9.156628 -0.000002 -0.000001 0.000000 0.000000 0.000000
 10 0.000002 0.002191 -1.281927 0.093174 1.146205 2.841766
 11 7.285011 0.000000 0.000000 0.503525 -0.385205 -0.237876
 12 12.718716 0.000000 0.000001 -0.000000 0.000000 -0.527770
 13 10.221165 0.000001 0.000002 1.594122 0.000743 -0.213754
 14 1.389920 -0.447518 1.936564 -0.210439 -0.761471 0.314906
 15 1.208674 0.000001 0.000000 0.000000 0.000000 0.000000
 16 1.208674 -0.000000 0.000000 0.000000 0.000000 0.000000
 17 1.208675 -0.000000 0.000000 0.000000 0.000000 3.141593
 18 3.507810 -0.429745 1.193332 0.022860 -0.225875 -0.088311
 19 1.560288 0.000002 0.000001 0.000000 0.000000 0.000000
 20 1.560289 0.000001 0.000000 0.000000 0.000000 0.000000
 21 1.560289 0.000000 -0.000001 0.000000 0.000000 3.141593
 22 3.044310 -0.436518 0.176983 0.140338 -0.004885 0.034563
 23 1.820337 0.000002 0.000002 0.000000 0.000000 0.000000
 24 1.820338 -0.000002 -0.000000 0.000000 0.000000 0.000000
 25 1.820338 0.000001 -0.000000 0.000000 0.000000 3.141593
 26 3.330763 -0.128977 -0.727984 0.013106 0.174047 0.071026
 27 1.560288 0.000002 0.000001 0.000000 0.000000 0.000000
 28 1.560290 0.000001 -0.000001 0.000000 0.000000 0.000000
 29 1.560290 -0.000000 -0.000000 0.000000 0.000000 3.141593
 30 3.208161 0.466230 -1.931736 0.024854 0.330715 0.074094
 31 1.300241 0.000002 0.000003 0.000000 0.000000 0.000000
 32 1.300242 0.000001 0.000000 0.000000 0.000000 0.000000
 33 1.300242 0.000001 -0.000000 0.000000 0.000000 3.141593
 34 0.000001 0.002185 1.281928 1.262174 -1.235758 1.511595
 35 7.285009 0.000000 0.000002 -0.670198 -0.065169 -0.331121
 36 12.538439 -0.000001 0.000001 -0.000000 0.000000 -1.415101
 37 10.782778 0.000001 -0.000000 -1.590230 0.005370 -0.000223
 38 1.016389 0.059480 -2.003609 0.348822 0.790160 0.431299
 39 1.107952 0.000002 0.000000 0.000000 0.000000 0.000000
 40 1.107951 0.000000 -0.000000 0.000000 0.000000 0.000000
 41 1.107952 0.000000 0.000000 0.000000 0.000000 0.000000
 42 3.077731 -0.144549 -1.412631 0.003835 0.209388 0.026587
 43 1.560288 0.000001 0.000000 0.000000 0.000000 0.000000
 44 1.560289 0.000001 0.000000 0.000000 0.000000 0.000000
 45 1.560289 0.000000 0.000000 0.000000 0.000000 0.000000
 46 2.463500 0.093206 -0.291938 -0.000796 0.000000 -0.000000
 47 1.820338 -0.000001 -0.000000 0.000000 0.000000 0.000000
 48 1.820337 0.000002 0.000000 0.000000 0.000000 0.000000
 49 1.820337 0.000001 0.000000 0.000000 0.000000 0.000000
 50 3.016626 -0.086193 0.699124 -0.016172 -0.173791 0.088745
 51 1.560289 -0.000000 -0.000000 0.000000 0.000000 0.000000
 52 1.560289 -0.000000 -0.000000 0.000000 0.000000 0.000000
 53 1.560289 -0.000000 0.000000 0.000000 0.000000 0.000000
 54 2.733754 0.442845 1.903232 -0.009342 -0.314026 0.027785
 55 1.300241 0.000001 0.000000 0.000000 0.000000 0.000000
 56 1.300241 0.000000 0.000000 0.000000 0.000000 0.000000
 57 1.300241 -0.000001 -0.000000 0.000000 0.000000 0.000000
 58 -3.032061 2.334030 3.030794 -2.541155 -0.214587 0.690079
 59 15.353562 0.000000 -0.000001 0.000000 0.000000 -2.626441
 60 19.266844 0.000000 0.000002 0.922390 -0.372277 -0.179714
 61 4.212047 5.420720 -0.000001 -0.000000 -0.000000 1.570796
 62 0.549397 -0.000000 -0.000000 0.000000 0.000000 3.141593
 63 -1.422318 4.794239 -3.678612 3.096484 0.182521 1.335588
 64 15.353562 -0.000001 0.000001 -0.000000 -0.000000 -0.002350
 65 19.266846 -0.000002 0.000000 0.749034 0.146314 -0.198214
 66 4.212046 5.420719 -0.000000 -0.000000 -0.000000 1.570796
 67 0.549397 0.000001 0.000000 0.000000 0.000000 0.000000
 68 -38.836464 -1.519710 -0.000051 -3.141593 -1.570796 0.000000
time 32
  0 1.488094 16.913416 14.880863 0.007286 -0.727543 -2.136228
  1 -9.483098 -0.077592 -10.648873 0.648049 -0.357733 2.012156
  2 -6.577162 3.234636 0.000001 0.000000 -1.335543 -1.570795
  3 4.098962 -0.001833 0.983332 -0.432098 0.222684 0.911046
  4 4.761443 -0.003791 -0.000001 0.000000 0.000000 0.000000
  5 4.762251 -0.003690 0.000295 -0.077618 0.055368 0.210476
  6 4.762250 -0.003692 0.000295 -0.077618 0.055368 0.210476
  7 4.762265 -0.002027 0.000001 -0.000000 -0.000001 0.383972
  8 2.746988 -0.000001 -0.000001 -0.733678 0.188221 -0.621482
  9 9.156628 -0.000000 -0.000000 0.000000 0.000000 0.000000
 10 0.000001 0.002189 -1.281928 0.274633 1.187580 3.012425
 11 7.285012 0.000003 -0.000002 0.340748 -0.532045 -0.217533
 12 12.718716 -0.000001 0.000001 0.000000 0.000000 -0.735980
 13 10.221167 0.000002 -0.000003 1.595176 0.003913 -0.156382
 14 1.389921 -0.447519 1.936562 -0.210439 -0.761471 0.314906
 15 1.208674 0.000000 -0.000000 0.000000 0.000000 0.000000
 16 1.208677 0.000002 0.000002 0.000000 0.000000 0.000000
 17 1.208674 -0.000001 -0.000001 0.000000 0.000000 3.141593
 18 3.507809 -0.429742 1.193333 0.022860 -0.225875 -0.088311
 19 1.560289 0.000001 -0.000000 0.000000 0.000000 0.000000
 20 1.560289 0.000001 -0.000000 0.000000 0.000000 0.000000
 21 1.560289 0.000001 -0.000000 0.000000 0.000000 3.141593
 22 3.044311 -0.436517 0.176982 0.140338 -0.004885 0.034563
 23 1.820337 -0.000002 -0.000001 0.000000 0.000000 0.000000
 24 1.820338 -0.000002 -0.000000 0.000000 0.000000 0.000000
 25 1.820338 0.000001 -0.000001 0.000000 0.000000 3.141593
 26 3.330763 -0.128976 -0.727985 0.013106 0.174047 0.071026
 27 1.560290 -0.000000 -0.000001 0.000000 0.000000 0.000000
 28 1.560289 0.000000 0.000001 0.000000 0.000000 0.000000
 29 1.560289 0.000001 0.000000 0.000000 0.000000 3.141593
 30 3.208162 0.466230 -1.931738 0.024854 0.330715 0.074094
 31 1.300242 -0.000001 0.000000 0.000000 0.000000 0.000000
 32 1.300241 -0.000001 0.000000 0.000000 0.000000 0.000000
 33 1.300241 -0.000001 0.000000 0.000000 0.000000 3.141593
 34 -0.000000 0.002182 1.281926 1.141368 -1.297269 1.629974
 35 7.285012 0.000001 0.000001 -0.662814 -0.125175 -0.457321
 36 12.538442 0.000000 0.000000 -0.000000 0.000000 -1.565365
 37 10.782780 0.000000 -0.000001 -1.590269 0.002566 0.011190
 38 1.016389 0.059480 -2.003610 0.348822 0.790160 0.431299
 39 1.107952 0.000001 0.000000 0.000000 0.000000 0.000000
 40 1.107952 -0.000000 -0.000000 0.000000 0.000000 0.000000
 41 1.107952 -0.000001 -0.000000 0.000000 0.000000 0.000000
 42 3.077731 -0.144549 -1.412631 0.003835 0.209388 0.026587
 43 1.560289 -0.000002 -0.000000 0.000000 0.000000 0.000000
 44 1.560289 0.000001 0.000000 0.000000 0.000000 0.000000
 45 1.560290 0.000000 0.000000 0.000000 0.000000 0.000000
 46 2.463500 0.093206 -0.291938 -0.000796 0.000000 -0.000000
 47 1.820337 0.000001 0.000000 0.000000 0.000000 0.000000
 48 1.820337 -0.000001 -0.000000 0.000000 0.000000 0.000000
 49 1.820337 0.000000 0.000000 0.000000 0.000000 0.000000
 50 3.016627 -0.086192 0.699124 -0.016172 -0.173791 0.088745
 51 1.560289 0.000001 -0.000000 0.000000 0.000000 0.000000
 52 1.560290 -0.000001 -0.000000 0.000000 0.000000 0.000000
 53 1.560289 0.000000 -0.000001 0.000000 0.000000 0.000000
 54 2.733754 0.442845 1.903232 -0.009342 -0.314026 0.027785
 55 1.300241 0.000000 0.000000 0.000000 0.000000 0.000000
 56 1.300242 -0.000000 -0.000000 0.000000 0.000000 0.000000
 57 1.300241 -0.000001 -0.000000 0.000000 0.000000 0.000000
 58 -3.040610 2.080014 3.226222 -2.398615 -0.255807 0.593336
 59 15.353564 -0.000000 -0.000001 0.000000 0.000000 -2.584215
 60 19.266846 -0.000001 0.000001 1.045129 -0.358872 -0.297926
 61 4.212047 5.420722 -0.000000 -0.000000 -0.000000 1.570796
 62 0.549398 -0.000000 0.000000 0.000000 0.000000 3.141593
 63 -1.422829 5.071922 -3.261561 -3.124092 0.132291 1.346293
 64 15.353564 0.000001 0.000000 0.000000 0.000000 -0.002417
 65 19.266846 -0.000001 -0.000000 0.679543 0.139497 -0.239056
 66 4.212045 5.420719 -0.000001 -0.000000 -0.000000 1.570796
 67 0.549397 -0.000000 0.000000 0.000000 0.000000 0.000000
 68 -38.836464 -1.519707 -0.000050 3.141593 -1.570796 0.000000
time 33
  0 0.986488 17.273748 14.799417 0.009176 -0.742490 -2.066764
  1 -9.586142 -0.095852 -10.445779 0.682631 -0.319058 1.949010
  2 -6.576932 3.181634 -0.000001 0.000000 -1.362785 -1.570795
  3 4.124121 -0.001670 0.871677 -0.517709 0.227945 0.916299
  4 4.761444 -0.003791 0.000000 0.000000 0.000000 0.000000
  5 4.762257 -0.003685 0.000375 -0.098796 0.043823 0.212380
  6 4.762255 -0.003685 0.000372 -0.098796 0.043823 0.212380
  7 4.762263 -0.002028 -0.000001 -0.000000 -0.000001 0.383972
  8 2.746989 -0.000001 0.000001 -0.706345 0.285672 -0.539791
  9 9.156628 -0.000002 -0.000001 0.000000 0.000000 0.000000
 10 0.000003 0.002186 -1.281926 0.174595 1.184265 2.918770
 11 7.285011 0.000000 0.000000 0.237039 -0.578073 -0.227374
 12 12.718713 -0.000001 -0.000000 0.000000 -0.000000 -0.776716
 13 10.221166 0.000001 -0.000001 1.593869 0.006871 -0.139508
 14 1.389920 -0.447518 1.936562 -0.210439 -0.761471 0.314906
 15 1.208674 -0.000001 -0.000001 0.000000 0.000000 0.000000
 16 1.208675 -0.000001 -0.000000 0.000000 0.000000 0.000000
 17 1.208674 0.000000 -0.000001 0.000000 0.000000 3.141593
 18 3.507810 -0.429743 1.193331 0.022860 -0.225875 -0.088311
 19 1.560289 -0.000001 -0.000001 0.000000 0.000000 0.000000
 20 1.560289 -0.000001 -0.000001 0.000000 0.000000 0.000000
 21 1.560289 -0.000002 0.000000 0.000000 0.000000 3.141593
 22 3.044310 -0.436516 0.176982 0.140338 -0.004885 0.034563
 23 1.820337 -0.000002 -0.000000 0.000000 0.000000 0.000000
 24 1.820338 -0.000000 0.000001 0.000000 0.000000 0.000000
 25 1.820338 0.000002 0.000002 0.000000 0.000000 3.141593
 26 3.330763 -0.128977 -0.727986 0.013106 0.174047 0.071026
 27 1.560289 0.000002 0.000002 0.000000 0.000000 0.000000
 28 1.560289 -0.000001 -0.000001 0.000000 0.000000 0.000000
 29 1.560289 -0.000001 -0.000001 0.000000 0.000000 3.141593
 30 3.208161 0.466231 -1.931737 0.024854 0.330715 0.074094
 31 1.300241 0.000003 0.000001 0.000000 0.000000 0.000000
 32 1.300242 -0.000000 -0.000002 0.000000 0.000000 0.000000
 33 1.300242 -0.000001 -0.000000 0.000000 0.000000 3.141593
 34 0.000001 0.002182 1.281929 0.976116 -1.361081 1.791031
 35 7.285011 -0.000001 -0.000000 -0.604562 -0.181173 -0.588792
 36 12.538438 -0.000001 -0.000000 -0.000000 -0.000000 -1.644506
 37 10.782778 0.000001 -0.000001 -1.590614 0.001424 0.016768
 38 1.016388 0.059479 -2.003609 0.348822 0.790160 0.431299
 39 1.107952 0.000002 -0.000000 0.000000 0.000000 0.000000
 40 1.107951 -0.000001 0.000001 0.000000 0.000000 0.000000
 41 1.107952 -0.000001 -0.000000 0.000000 0.000000 0.000000
 42 3.077730 -0.144550 -1.412630 0.003835 0.209388 0.026587
 43 1.560289 -0.000002 0.000000 0.000000 0.000000 0.000000
 44 1.560289 0.000001 0.000000 0.000000 0.000000 0.000000
 45 1.560288 0.000000 -0.000000 0.000000 0.000000 0.000000
 46 2.463499 0.093205 -0.291938 -0.000796 -0.000000 0.000000
 47 1.820337 -0.000001 0.000000 0.000000 0.000000 0.000000
 48 1.820339 -0.000001 0.000001 0.000000 0.000000 0.000000
 49 1.820337 -0.000001 -0.000000 0.000000 0.000000 0.000000
 50 3.016626 -0.086193 0.699125 -0.016172 -0.173791 0.088745
 51 1.560289 0.000001 -0.000001 0.000000 0.000000 0.000000
 52 1.560289 -0.000002 0.000000 0.000000 0.000000 0.000000
 53 1.560288 0.000001 0.000001 0.000000 0.000000 0.000000
 54 2.733754 0.442844 1.903233 -0.009342 -0.314026 0.027785
 55 1.300241 0.000001 0.000000 0.000000 0.000000 0.000000
 56 1.300241 0.000000 0.000000 0.000000 0.000000 0.000000
 57 1.300240 -0.000000 0.000000 0.000000 0.000000 0.000000
 58 -3.075064 1.779136 3.489501 -2.253052 -0.361059 0.489943
 59 15.353563 -0.000001 -0.000001 0.000000 -0.000000 -2.538867
 60 19.266844 -0.000001 0.000002 1.129387 -0.355415 -0.250475
 61 4.212047 5.420721 -0.000000 -0.000000 -0.000000 1.570796
 62 0.549398 -0.000000 -0.000000 0.000000 0.000000 3.141593
 63 -1.419719 5.310574 -2.711212 -3.082631 0.079505 1.344821
 64 15.353565 -0.000001 0.000000 0.000000 -0.000000 -0.002434
 65 19.266848 -0.000002 0.000000 0.586337 0.099136 -0.282247
 66 4.212047 5.420722 0.000000 -0.000000 -0.000000 1.570796
 67 0.549397 0.000001 -0.000000 0.000000 0.000000 0.000000
 68 -38.836464 -1.519711 -0.000053 3.141593 -1.570796 0.000000
time 34
  0 0.640714 17.649805 14.967501 0.009987 -0.754741 -1.990506
  1 -9.828547 -0.104362 -10.449920 0.712823 -0.273436 1.884194
  2 -6.587944 3.096031 0.000000 -0.000000 -1.399272 -1.570795
  3 4.153029 -0.001482 0.721026 -0.603793 0.234535 0.924251
  4 4.761446 -0.003791 0.000001 0.000000 0.000000 0.000000
  5 4.762259 -0.003674 0.000459 -0.121439 0.030767 0.214439
  6 4.762258 -0.003674 0.000459 -0.121439 0.030767 0.214439
  7 4.762264 -0.002029 -0.000001 -0.000000 -0.000001 0.383972
  8 2.746988 0.000001 -0.000001 -0.688281 0.377678 -0.462922
  9 9.156627 -0.000000 -0.000001 0.000000 0.000000 0.000000
 10 0.000002 0.002191 -1.281927 -0.064687 1.149443 2.697781
 11 7.285013 0.000001 0.000000 0.181200 -0.592447 -0.260196
 12 12.718715 -0.000000 -0.000000 0.000000 -0.000000 -0.722399
 13 10.221162 -0.000001 0.000001 1.591200 0.010079 -0.147884
 14 1.389920 -0.447518 1.936565 -0.210439 -0.761471 0.314906
 15 1.208674 -0.000002 -0.000001 0.000000 0.000000 0.000000
 16 1.208676 0.000001 0.000001 0.000000 0.000000 0.000000
 17 1.208676 0.000002 -0.000000 0.000000 0.000000 3.141593
 18 3.507809 -0.429743 1.193334 0.022860 -0.225875 -0.088311
 19 1.560289 -0.000002 -0.000001 0.000000 0.000000 0.000000
 20 1.560289 0.000001 0.000002 0.000000 0.000000 0.000000
 21 1.560289 0.000002 0.000001 0.000000 0.000000 3.141593
 22 3.044310 -0.436517 0.176984 0.140338 -0.004885 0.034563
 23 1.820337 0.000001 0.000001 0.000000 0.000000 0.000000
 24 1.820337 0.000000 -0.000002 0.000000 0.000000 0.000000
 25 1.820337 -0.000001 -0.000001 0.000000 0.000000 3.141593
 26 3.330763 -0.128977 -0.727984 0.013106 0.174047 0.071026
 27 1.560289 -0.000002 -0.000001 0.000000 0.000000 0.000000
 28 1.560289 0.000001 0.000001 0.000000 0.000000 0.000000
 29 1.560289 0.000001 0.000001 0.000000 0.000000 3.141593
 30 3.208161 0.466231 -1.931736 0.024854 0.330715 0.074094
 31 1.300241 -0.000000 -0.000000 0.000000 0.000000 0.000000
 32 1.300241 -0.000000 -0.000000 0.000000 0.000000 0.000000
 33 1.300241 -0.000000 -0.000000 0.000000 0.000000 3.141593
 34 0.000001 0.002186 1.281927 0.700868 -1.428720 2.060943
 35 7.285011 -0.000001 0.000000 -0.491157 -0.214099 -0.738387
 36 12.538440 0.000000 -0.000002 0.000000 -0.000000 -1.629272
 37 10.782778 -0.000000 0.000001 -1.591425 0.002495 0.014650
 38 1.016389 0.059479 -2.003609 0.348822 0.790160 0.431299
 39 1.107951 -0.000001 -0.000000 0.000000 0.000000 0.000000
 40 1.107952 0.000001 0.000001 0.000000 0.000000 0.000000
 41 1.107952 0.000000 -0.000001 0.000000 0.000000 0.000000
 42 3.077731 -0.144551 -1.412632 0.003835 0.209388 0.026587
 43 1.560288 0.000001 0.000000 0.000000 0.000000 0.000000
 44 1.560289 -0.000001 0.000000 0.000000 0.000000 0.000000
 45 1.560288 -0.000001 -0.000001 0.000000 0.000000 0.000000
 46 2.463499 0.093204 -0.291938 -0.000796 -0.000000 0.000000
 47 1.820338 0.000001 -0.000001 0.000000 0.000000 0.000000
 48 1.820338 0.000000 0.000001 0.000000 0.000000 0.000000
 49 1.820338 -0.000000 0.000000 0.000000 0.000000 0.000000
 50 3.016627 -0.086193 0.699124 -0.016172 -0.173791 0.088745
 51 1.560289 0.000001 0.000000 0.000000 0.000000 0.000000
 52 1.560289 0.000001 0.000001 0.000000 0.000000 0.000000
 53 1.560289 0.000001 -0.000000 0.000000 0.000000 0.000000
 54 2.733755 0.442844 1.903232 -0.009342 -0.314026 0.027785
 55 1.300240 -0.000000 0.000000 0.000000 0.000000 0.000000
 56 1.300241 0.000001 0.000001 0.000000 0.000000 0.000000
 57 1.300241 0.000002 0.000000 0.000000 0.000000 0.000000
 58 -3.115881 1.434985 3.759384 -2.107096 -0.438184 0.348472
 59 15.353565 -0.000000 -0.000001 0.000000 0.000000 -2.474770
 60 19.266844 -0.000001 0.000000 1.209322 -0.320670 -0.262746
 61 4.212047 5.420720 -0.000000 -0.000000 -0.000000 1.570796
 62 0.549397 -0.000000 -0.000000 0.000000 0.000000 3.141593
 63 -1.413548 5.480184 -2.105637 -3.054276 0.033514 1.338046
 64 15.353561 0.000000 0.000001 -0.000000 -0.000000 -0.002432
 65 19.266844 -0.000001 0.000001 0.482426 0.040717 -0.315341
 66 4.212047 5.420721 0.000001 -0.000000 -0.000000 1.570796
 67 0.549397 0.000001 0.000000 0.000000 0.000000 0.000000
 68 -38.836464 -1.519708 -0.000049 -3.141593 -1.570796 0.000000
time 35
  0 0.419389 18.059956 15.355474 0.009864 -0.765276 -1.911278
  1 -10.206864 -0.104818 -10.625598 0.738297 -0.223890 1.820380
  2 -6.598024 3.015848 0.000002 0.000000 -1.432188 -1.570795
  3 4.174343 -0.001293 0.584290 -0.686290 0.239771 0.931603
  4 4.761446 -0.003791 0.000001 -0.000000 0.000000 0.000000
  5 4.762261 -0.003663 0.000539 -0.142947 0.018548 0.216400
  6 4.762260 -0.003664 0.000540 -0.142947 0.018548 0.216400
  7 4.762262 -0.002027 -0.000001 -0.000000 -0.000001 0.383972
  8 2.746989 -0.000001 -0.000000 -0.639067 0.451296 -0.379334
  9 9.156627 -0.000000 -0.000001 0.000000 0.000000 0.000000
 10 0.000002 0.002188 -1.281928 -0.286305 1.127990 2.496844
 11 7.285014 -0.000000 -0.000000 0.177861 -0.641126 -0.330780
 12 12.718716 0.000001 -0.000001 -0.000000 -0.000000 -0.613767
 13 10.221163 0.000001 -0.000001 1.588429 0.013972 -0.178591
 14 1.389920 -0.447518 1.936565 -0.210439 -0.761471 0.314906
 15 1.208672 -0.000001 -0.000001 0.000000 0.000000 0.000000
 16 1.208676 0.000002 0.000000 0.000000 0.000000 0.000000
 17 1.208676 0.000001 0.000001 0.000000 0.000000 3.141593
 18 3.507809 -0.429742 1.193334 0.022860 -0.225875 -0.088311
 19 1.560288 -0.000000 -0.000001 0.000000 0.000000 0.000000
 20 1.560289 0.000001 0.000002 0.000000 0.000000 0.000000
 21 1.560289 0.000002 0.000001 0.000000 0.000000 3.141593
 22 3.044309 -0.436517 0.176984 0.140338 -0.004885 0.034563
 23 1.820337 -0.000001 -0.000000 0.000000 0.000000 0.000000
 24 1.820337 -0.000001 -0.000000 0.000000 0.000000 0.000000
 25 1.820337 -0.000001 -0.000001 0.000000 0.000000 3.141593
 26 3.330762 -0.128978 -0.727986 0.013106 0.174047 0.071026
 27 1.560289 0.000001 0.000001 0.000000 0.000000 0.000000
 28 1.560289 -0.000002 -0.000002 0.000000 0.000000 0.000000
 29 1.560289 -0.000001 -0.000002 0.000000 0.000000 3.141593
 30 3.208161 0.466229 -1.931736 0.024854 0.330715 0.074094
 31 1.300242 -0.000001 -0.000001 0.000000 0.000000 0.000000
 32 1.300241 0.000000 0.000002 0.000000 0.000000 0.000000
 33 1.300241 0.000001 0.000001 0.000000 0.000000 3.141593
 34 0.000002 0.002183 1.281928 -0.039437 -1.477499 2.796090
 35 7.285011 0.000001 0.000001 -0.350577 -0.218940 -0.948339
 36 12.538439 0.000001 0.000000 -0.000000 -0.000000 -1.576440
 37 10.782778 -0.000000 0.000001 -1.592580 0.004621 0.009392
 38 1.016389 0.059479 -2.003610 0.348822 0.790160 0.431299
 39 1.107952 -0.000001 -0.000000 0.000000 0.000000 0.000000
 40 1.107952 -0.000001 -0.000000 0.000000 0.000000 0.000000
 41 1.107952 0.000001 -0.000000 0.000000 0.000000 0.000000
 42 3.077730 -0.144549 -1.412631 0.003835 0.209388 0.026587
 43 1.560288 0.000000 -0.000000 0.000000 0.000000 0.000000
 44 1.560289 0.000000 0.000000 0.000000 0.000000 0.000000
 45 1.560289 0.000000 0.000000 0.000000 0.000000 0.000000
 46 2.463499 0.093205 -0.291939 -0.000796 0.000000 0.000000
 47 1.820338 -0.000001 -0.000000 0.000000 0.000000 0.000000
 48 1.820338 -0.000001 0.000000 0.000000 0.000000 0.000000
 49 1.820337 -0.000001 0.000001 0.000000 0.000000 0.000000
 50 3.016625 -0.086193 0.699124 -0.016172 -0.173791 0.088745
 51 1.560288 -0.000002 -0.000001 0.000000 0.000000 0.000000
 52 1.560288 0.000001 0.000001 0.000000 0.000000 0.000000
 53 1.560289 0.000001 0.000001 0.000000 0.000000 0.000000
 54 2.733753 0.442846 1.903232 -0.009342 -0.314026 0.027785
 55 1.300242 -0.000002 -0.000000 0.000000 0.000000 0.000000
 56 1.300242 0.000000 -0.000000 0.000000 0.000000 0.000000
 57 1.300240 0.000001 -0.000000 0.000000 0.000000 0.000000
 58 -3.148998 1.072062 3.979445 -2.005440 -0.575907 0.255322
 59 15.353564 -0.000001 0.000001 0.000000 0.000000 -2.398585
 60 19.266842 -0.000001 -0.000000 1.275760 -0.300424 -0.185675
 61 4.212046 5.420719 -0.000001 -0.000000 -0.000000 1.570796
 62 0.549397 -0.000000 -0.000000 0.000000 0.000000 3.141593
 63 -1.409388 5.581097 -1.525316 -3.031604 -0.010421 1.334161
 64 15.353562 0.000001 -0.000001 0.000000 0.000000 -0.002422
 65 19.266848 0.000000 -0.000001 0.368535 -0.019036 -0.342479
 66 4.212048 5.420720 -0.000000 -0.000000 -0.000000 1.570796
 67 0.549396 0.000001 -0.000001 0.000000 0.000000 0.000000
 68 -38.836460 -1.519707 -0.000049 3.141593 -1.570796 0.000000
time 36
  0 0.265169 18.517073 15.933696 0.008890 -0.775093 -1.832870
  1 -10.715308 -0.097247 -10.938038 0.759434 -0.173579 1.759822
  2 -6.590201 2.978454 -0.000001 -0.000000 -1.448720 -1.570795
  3 4.183274 -0.001131 0.515459 -0.761683 0.241068 0.933813
  4 4.761447 -0.003793 0.000001 -0.000000 0.000000 0.000000
  5 4.762259 -0.003652 0.000609 -0.160707 0.009489 0.217851
  6 4.762257 -0.003652 0.000606 -0.160707 0.009489 0.217851
  7 4.762265 -0.002030 -0.000000 -0.000000 -0.000001 0.383972
  8 2.746987 0.000002 0.000001 -0.555577 0.512280 -0.300786
  9 9.156627 -0.000000 0.000000 0.000000 0.000000 0.000000
 10 0.000001 0.002190 -1.281927 -0.580779 1.159549 2.215255
 11 7.285013 -0.000001 0.000001 0.314827 -0.766308 -0.489771
 12 12.718715 0.000002 -0.000003 0.000000 -0.000000 -0.418005
 13 10.221165 -0.000003 0.000003 1.585293 0.020278 -0.254646
 14 1.389920 -0.447519 1.936562 -0.210439 -0.761471 0.314906
 15 1.208673 -0.000000 0.000000 0.000000 0.000000 0.000000
 16 1.208677 0.000002 0.000001 0.000000 0.000000 0.000000
 17 1.208674 -0.000001 -0.000000 0.000000 0.000000 3.141593
 18 3.507809 -0.429744 1.193332 0.022860 -0.225875 -0.088311
 19 1.560288 -0.000002 -0.000002 0.000000 0.000000 0.000000
 20 1.560289 0.000001 0.000001 0.000000 0.000000 0.000000
 21 1.560289 0.000002 0.000002 0.000000 0.000000 3.141593
 22 3.044310 -0.436517 0.176982 0.140338 -0.004885 0.034563
 23 1.820337 0.000000 0.000001 0.000000 0.000000 0.000000
 24 1.820338 -0.000001 -0.000002 0.000000 0.000000 0.000000
 25 1.820338 -0.000002 -0.000001 0.000000 0.000000 3.141593
 26 3.330763 -0.128977 -0.727985 0.013106 0.174047 0.071026
 27 1.560289 0.000000 -0.000001 0.000000 0.000000 0.000000
 28 1.560289 -0.000000 -0.000001 0.000000 0.000000 0.000000
 29 1.560289 -0.000001 -0.000001 0.000000 0.000000 3.141593
 30 3.208161 0.466229 -1.931738 0.024854 0.330715 0.074094
 31 1.300241 0.000003 0.000003 0.000000 0.000000 0.000000
 32 1.300241 -0.000000 -0.000000 0.000000 0.000000 0.000000
 33 1.300242 -0.000001 -0.000001 0.000000 0.000000 3.141593
 34 -0.000000 0.002186 1.281927 -0.896118 -1.449658 -2.633834
 35 7.285010 0.000000 0.000000 -0.213147 -0.185640 -1.184031
 36 12.538439 0.000001 -0.000002 -0.000000 -0.000000 -1.504001
 37 10.782776 -0.000001 0.000001 -1.593736 0.007105 0.002548
 38 1.016389 0.059479 -2.003610 0.348822 0.790160 0.431299
 39 1.107951 -0.000000 -0.000001 0.000000 0.000000 0.000000
 40 1.107951 0.000000 0.000001 0.000000 0.000000 0.000000
 41 1.107952 0.000001 0.000001 0.000000 0.000000 0.000000
 42 3.077731 -0.144550 -1.412631 0.003835 0.209388 0.026587
 43 1.560288 -0.000001 0.000000 0.000000 0.000000 0.000000
 44 1.560288 0.000001 0.000001 0.000000 0.000000 0.000000
 45 1.560290 0.000001 -0.000000 0.000000 0.000000 0.000000
 46 2.463501 0.093206 -0.291938 -0.000796 0.000000 -0.000000
 47 1.820337 0.000000 0.000000 0.000000 0.000000 0.000000
 48 1.820336 -0.000000 0.000000 0.000000 0.000000 0.000000
 49 1.820339 0.000000 -0.000001 0.000000 0.000000 0.000000
 50 3.016627 -0.086193 0.699125 -0.016172 -0.173791 0.088745
 51 1.560288 -0.000001 -0.000001 0.000000 0.000000 0.000000
 52 1.560290 -0.000000 0.000002 0.000000 0.000000 0.000000
 53 1.560290 0.000001 -0.000000 0.000000 0.000000 0.000000
 54 2.733753 0.442845 1.903232 -0.009342 -0.314026 0.027785
 55 1.300241 -0.000002 0.000000 0.000000 0.000000 0.000000
 56 1.300242 0.000001 0.000000 0.000000 0.000000 0.000000
 57 1.300242 0.000001 0.000001 0.000000 0.000000 0.000000
 58 -3.166629 0.734749 4.103322 -1.935906 -0.703637 0.159857
 59 15.353566 0.000001 0.000003 -0.000000 0.000000 -2.300370
 60 19.266846 -0.000002 0.000001 1.349825 -0.284746 -0.198501
 61 4.212047 5.420721 -0.000000 -0.000000 -0.000000 1.570796
 62 0.549398 -0.000000 -0.000000 0.000000 0.000000 3.141593
 63 -1.417789 5.644037 -1.044541 -3.009720 -0.058020 1.341510
 64 15.353563 0.000000 -0.000002 0.000000 -0.000000 -0.002417
 65 19.266848 -0.000001 -0.000004 0.247528 -0.068603 -0.374736
 66 4.212045 5.420720 -0.000001 -0.000000 0.000000 1.570796
 67 0.549398 -0.000000 0.000001 0.000000 0.000000 0.000000
 68 -38.836464 -1.519709 -0.000051 3.141593 -1.570796 0.000000
time 37
  0 0.171061 19.011124 16.672533 0.007030 -0.785195 -1.758996
  1 -11.347589 -0.079807 -11.351931 0.777233 -0.125688 1.704567
  2 -6.544885 3.019062 0.000000 0.000000 -1.436050 -1.570795
  3 4.176310 -0.001025 0.568554 -0.826597 0.235580 0.925658
  4 4.761444 -0.003792 0.000000 -0.000000 0.000000 0.000000
  5 4.762258 -0.003646 0.000650 -0.172095 0.005898 0.218276
  6 4.762256 -0.003647 0.000648 -0.172095 0.005898 0.218276
  7 4.762264 -0.002030 -0.000001 -0.000000 -0.000001 0.383972
  8 2.746988 0.000002 0.000001 -0.490487 0.562713 -0.246064
  9 9.156628 -0.000000 0.000000 0.000000 0.000000 0.000000
 10 0.000002 0.002191 -1.281926 -0.955932 1.170633 1.840169
 11 7.285013 0.000000 0.000002 0.604595 -0.868874 -0.735301
 12 12.718714 0.000000 0.000000 -0.000000 0.000000 -0.167928
 13 10.221164 0.000000 0.000000 1.581409 0.026940 -0.353059
 14 1.389920 -0.447520 1.936562 -0.210439 -0.761471 0.314906
 15 1.208675 0.000000 0.000000 0.000000 0.000000 0.000000
 16 1.208675 0.000001 0.000001 0.000000 0.000000 0.000000
 17 1.208674 0.000000 -0.000001 0.000000 0.000000 3.141593
 18 3.507809 -0.429742 1.193334 0.022860 -0.225875 -0.088311
 19 1.560289 0.000003 0.000002 0.000000 0.000000 0.000000
 20 1.560288 0.000000 -0.000001 0.000000 0.000000 0.000000
 21 1.560289 -0.000000 0.000000 0.000000 0.000000 3.141593
 22 3.044310 -0.436517 0.176983 0.140338 -0.004885 0.034563
 23 1.820337 -0.000002 -0.000000 0.000000 0.000000 0.000000
 24 1.820338 0.000001 0.000001 0.000000 0.000000 0.000000
 25 1.820338 0.000001 0.000002 0.000000 0.000000 3.141593
 26 3.330763 -0.128976 -0.727984 0.013106 0.174047 0.071026
 27 1.560289 -0.000000 -0.000000 0.000000 0.000000 0.000000
 28 1.560289 -0.000000 -0.000000 0.000000 0.000000 0.000000
 29 1.560289 -0.000000 0.000000 0.000000 0.000000 3.141593
 30 3.208161 0.466231 -1.931736 0.024854 0.330715 0.074094
 31 1.300241 -0.000000 -0.000001 0.000000 0.000000 0.000000
 32 1.300241 -0.000000 0.000001 0.000000 0.000000 0.000000
 33 1.300241 -0.000001 0.000000 0.000000 0.000000 3.141593
 34 0.000001 0.002186 1.281929 -1.216342 -1.396320 -2.315029
 35 7.285010 -0.000001 0.000000 -0.105979 -0.124491 -1.411337
 36 12.538439 0.000001 -0.000001 0.000000 0.000000 -1.429944
 37 10.782778 0.000000 -0.000002 -1.594541 0.009259 -0.004323
 38 1.016388 0.059479 -2.003609 0.348822 0.790160 0.431299
 39 1.107950 0.000001 -0.000001 0.000000 0.000000 0.000000
 40 1.107953 0.000001 0.000001 0.000000 0.000000 0.000000
 41 1.107953 0.000001 -0.000000 0.000000 0.000000 0.000000
 42 3.077730 -0.144549 -1.412630 0.003835 0.209388 0.026587
 43 1.560288 -0.000001 -0.000000 0.000000 0.000000 0.000000
 44 1.560291 0.000002 -0.000001 0.000000 0.000000 0.000000
 45 1.560288 -0.000002 -0.000000 0.000000 0.000000 0.000000
 46 2.463499 0.093204 -0.291939 -0.000796 0.000000 -0.000000
 47 1.820337 0.000002 -0.000001 0.000000 0.000000 0.000000
 48 1.820337 -0.000001 -0.000000 0.000000 0.000000 0.000000
 49 1.820338 -0.000001 0.000000 0.000000 0.000000 0.000000
 50 3.016627 -0.086192 0.699123 -0.016172 -0.173791 0.088745
 51 1.560288 0.000001 0.000001 0.000000 0.000000 0.000000
 52 1.560290 0.000000 0.000001 0.000000 0.000000 0.000000
 53 1.560290 0.000000 0.000000 0.000000 0.000000 0.000000
 54 2.733754 0.442845 1.903231 -0.009342 -0.314026 0.027785
 55 1.300239 0.000002 0.000000 0.000000 0.000000 0.000000
 56 1.300241 -0.000001 -0.000001 0.000000 0.000000 0.000000
 57 1.300242 -0.000001 -0.000001 0.000000 0.000000 0.000000
 58 -3.163277 0.478610 4.096298 -1.896710 -0.792841 0.067071
 59 15.353563 -0.000001 0.000000 -0.000000 0.000000 -2.214635
 60 19.266842 -0.000001 0.000001 1.417919 -0.275707 -0.243829
 61 4.212048 5.420722 -0.000000 -0.000000 0.000000 1.570796
 62 0.549397 -0.000000 -0.000000 0.000000 0.000000 3.141593
 63 -1.453502 5.718474 -0.728694 -2.998766 -0.105016 1.369078
 64 15.353563 -0.000000 0.000000 0.000000 0.000000 0.013811
 65 19.266850 -0.000001 -0.000001 0.081431 -0.119771 -0.428937
 66 4.212046 5.420720 -0.000001 -0.000000 0.000000 1.570796
 67 0.549399 -0.000001 0.000001 0.000000 0.000000 0.000000
 68 -38.836468 -1.519709 -0.000052 -3.141593 -1.570796 0.000000
time 38
  0 0.130072 19.532063 17.542345 0.004135 -0.796593 -1.693284
  1 -12.098141 -0.048917 -11.830160 0.793189 -0.083349 1.656622
  2 -6.432299 3.183320 0.000000 0.000000 -1.398679 -1.570795
  3 4.152193 -0.001049 0.724148 -0.843893 0.231869 0.903183
  4 4.761444 -0.003791 0.000000 -0.000000 0.000000 0.000000
  5 4.762256 -0.003646 0.000646 -0.170778 0.012202 0.216455
  6 4.762256 -0.003650 0.000645 -0.170778 0.012202 0.216455
  7 4.762262 -0.002026 -0.000001 -0.000000 -0.000001 0.383972
  8 2.746988 -0.000001 -0.000001 -0.522374 0.586444 -0.241282
  9 9.156628 -0.000000 -0.000001 0.000000 0.000000 0.000000
 10 0.000003 0.002188 -1.281928 -1.124745 1.158159 1.667127
 11 7.285012 0.000002 0.000000 0.807727 -0.869841 -0.852893
 12 12.718713 0.000001 -0.000002 0.000000 0.000000 -0.002719
 13 10.221166 -0.000003 0.000001 1.579079 0.029333 -0.401822
 14 1.389921 -0.447518 1.936563 -0.210439 -0.761471 0.314906
 15 1.208675 0.000001 0.000000 0.000000 0.000000 0.000000
 16 1.208674 0.000000 -0.000001 0.000000 0.000000 0.000000
 17 1.208675 -0.000000 -0.000000 0.000000 0.000000 3.141593
 18 3.507810 -0.429742 1.193334 0.022860 -0.225875 -0.088311
 19 1.560289 -0.000002 -0.000001 0.000000 0.000000 0.000000
 20 1.560289 0.000002 0.000001 0.000000 0.000000 0.000000
 21 1.560290 0.000000 0.000000 0.000000 0.000000 3.141593
 22 3.044310 -0.436517 0.176982 0.140338 -0.004885 0.034563
 23 1.820338 0.000001 0.000001 0.000000 0.000000 0.000000
 24 1.820337 -0.000002 -0.000002 0.000000 0.000000 0.000000
 25 1.820338 0.000001 -0.000000 0.000000 0.000000 3.141593
 26 3.330763 -0.128976 -0.727984 0.013106 0.174047 0.071026
 27 1.560289 0.000001 0.000002 0.000000 0.000000 0.000000
 28 1.560289 -0.000001 -0.000001 0.000000 0.000000 0.000000
 29 1.560289 -0.000000 -0.000001 0.000000 0.000000 3.141593
 30 3.208161 0.466229 -1.931737 0.024854 0.330715 0.074094
 31 1.300241 0.000001 0.000000 0.000000 0.000000 0.000000
 32 1.300241 -0.000003 -0.000002 0.000000 0.000000 0.000000
 33 1.300241 -0.000001 0.000001 0.000000 0.000000 3.141593
 34 0.000001 0.002184 1.281927 -1.306105 -1.370521 -2.225400
 35 7.285012 0.000000 0.000001 -0.041160 -0.056604 -1.630209
 36 12.538439 0.000003 -0.000002 0.000000 -0.000000 -1.372259
 37 10.782779 0.000000 -0.000001 -1.594625 0.010403 -0.009659
 38 1.016390 0.059479 -2.003611 0.348822 0.790160 0.431299
 39 1.107953 -0.000001 -0.000001 0.000000 0.000000 0.000000
 40 1.107953 -0.000001 -0.000000 0.000000 0.000000 0.000000
 41 1.107952 -0.000000 -0.000000 0.000000 0.000000 0.000000
 42 3.077732 -0.144550 -1.412633 0.003835 0.209388 0.026587
 43 1.560288 -0.000001 0.000001 0.000000 0.000000 0.000000
 44 1.560290 0.000001 -0.000002 0.000000 0.000000 0.000000
 45 1.560290 0.000002 -0.000000 0.000000 0.000000 0.000000
 46 2.463501 0.093206 -0.291939 -0.000796 0.000000 -0.000000
 47 1.820339 -0.000002 -0.000001 0.000000 0.000000 0.000000
 48 1.820337 0.000000 -0.000001 0.000000 0.000000 0.000000
 49 1.820336 0.000000 -0.000001 0.000000 0.000000 0.000000
 50 3.016627 -0.086193 0.699124 -0.016172 -0.173791 0.088745
 51 1.560289 0.000001 -0.000001 0.000000 0.000000 0.000000
 52 1.560289 -0.000000 -0.000002 0.000000 0.000000 0.000000
 53 1.560289 -0.000000 0.000000 0.000000 0.000000 0.000000
 54 2.733756 0.442846 1.903230 -0.009342 -0.314026 0.027785
 55 1.300243 -0.000001 -0.000000 0.000000 0.000000 0.000000
 56 1.300241 0.000000 0.000001 0.000000 0.000000 0.000000
 57 1.300241 -0.000000 0.000000 0.000000 0.000000 0.000000
 58 -3.176340 0.471664 3.945116 -2.001260 -0.896204 0.106593
 59 15.353564 -0.000001 0.000003 0.000000 -0.000000 -2.127075
 60 19.266844 -0.000001 0.000002 1.457655 -0.298277 -0.276413
 61 4.212047 5.420721 -0.000001 -0.000000 0.000000 1.570796
 62 0.549398 -0.000000 -0.000000 0.000000 0.000000 3.141593
 63 -1.493010 5.798896 -0.792714 -3.018722 -0.107047 1.408717
 64 15.353562 -0.000001 -0.000002 0.000000 -0.000000 0.040858
 65 19.266844 -0.000002 -0.000003 -0.114174 -0.185564 -0.497284
 66 4.212046 5.420721 -0.000000 -0.000000 0.000000 1.570796
 67 0.549397 0.000000 -0.000000 0.000000 0.000000 0.000000
 68 -38.836464 -1.519709 -0.000052 -3.141593 -1.570796 0.000000
time 39
  0 0.135208 20.069862 18.513491 -0.000000 -0.810302 -1.639316
  1 -12.962778 -0.000001 -12.332684 0.809129 -0.049624 1.618064
  2 -6.254876 3.467508 -0.000001 0.000000 -1.350852 -1.570795
  3 4.112994 -0.001196 0.921628 -0.808001 0.236778 0.870280
  4 4.761445 -0.003793 -0.000001 -0.000000 0.000000 0.000000
  5 4.762251 -0.003656 0.000598 -0.158090 0.027474 0.212551
  6 4.762251 -0.003658 0.000596 -0.158090 0.027474 0.212551
  7 4.762261 -0.002026 -0.000001 -0.000000 -0.000001 0.383972
  8 2.746989 -0.000001 -0.000001 -0.647273 0.571495 -0.274885
  9 9.156629 0.000002 0.000000 0.000000 0.000000 0.000000
 10 0.000003 0.002189 -1.281927 -1.039591 1.163694 1.755219
 11 7.285012 0.000001 -0.000002 0.816339 -0.804672 -0.770677
 12 12.718713 0.000001 0.000000 -0.000000 -0.000000 0.046165
 13 10.221163 -0.000000 0.000001 1.579259 0.026723 -0.381224
 14 1.389920 -0.447517 1.936565 -0.210439 -0.761471 0.314906
 15 1.208673 -0.000001 -0.000001 0.000000 0.000000 0.000000
 16 1.208675 0.000001 0.000001 0.000000 0.000000 0.000000
 17 1.208675 -0.000001 0.000000 0.000000 0.000000 3.141593
 18 3.507809 -0.429743 1.193333 0.022860 -0.225875 -0.088311
 19 1.560289 -0.000000 -0.000001 0.000000 0.000000 0.000000
 20 1.560290 0.000002 0.000002 0.000000 0.000000 0.000000
 21 1.560289 -0.000001 -0.000000 0.000000 0.000000 3.141593
 22 3.044310 -0.436515 0.176985 0.140338 -0.004885 0.034563
 23 1.820338 0.000003 0.000001 0.000000 0.000000 0.000000
 24 1.820337 -0.000000 -0.000001 0.000000 0.000000 0.000000
 25 1.820337 -0.000001 -0.000001 0.000000 0.000000 3.141593
 26 3.330763 -0.128977 -0.727985 0.013106 0.174047 0.071026
 27 1.560289 -0.000001 -0.000003 0.000000 0.000000 0.000000
 28 1.560289 0.000002 0.000000 0.000000 0.000000 0.000000
 29 1.560289 0.000000 0.000001 0.000000 0.000000 3.141593
 30 3.208161 0.466231 -1.931735 0.024854 0.330715 0.074094
 31 1.300241 0.000001 0.000001 0.000000 0.000000 0.000000
 32 1.300241 -0.000001 -0.000002 0.000000 0.000000 0.000000
 33 1.300241 -0.000000 -0.000001 0.000000 0.000000 3.141593
 34 0.000001 0.002184 1.281928 -1.106470 -1.433767 -2.423674
 35 7.285014 0.000004 0.000002 -0.029479 0.001983 -1.699695
 36 12.538441 -0.000000 0.000000 -0.000000 0.000000 -1.349007
 37 10.782780 0.000001 -0.000000 -1.593031 0.009328 -0.011968
 38 1.016390 0.059478 -2.003610 0.348822 0.790160 0.431299
 39 1.107952 -0.000002 -0.000001 0.000000 0.000000 0.000000
 40 1.107953 -0.000000 -0.000001 0.000000 0.000000 0.000000
 41 1.107952 -0.000000 0.000000 0.000000 0.000000 0.000000
 42 3.077731 -0.144552 -1.412632 0.003835 0.209388 0.026587
 43 1.560288 0.000001 0.000002 0.000000 0.000000 0.000000
 44 1.560291 -0.000000 0.000000 0.000000 0.000000 0.000000
 45 1.560289 0.000000 -0.000001 0.000000 0.000000 0.000000
 46 2.463500 0.093203 -0.291939 -0.000796 0.000000 -0.000000
 47 1.820336 0.000001 0.000000 0.000000 0.000000 0.000000
 48 1.820339 0.000001 0.000001 0.000000 0.000000 0.000000
 49 1.820338 0.000002 0.000000 0.000000 0.000000 0.000000
 50 3.016627 -0.086193 0.699124 -0.016172 -0.173791 0.088745
 51 1.560287 -0.000001 -0.000001 0.000000 0.000000 0.000000
 52 1.560290 0.000002 -0.000002 0.000000 0.000000 0.000000
 53 1.560290 0.000000 -0.000001 0.000000 0.000000 0.000000
 54 2.733755 0.442846 1.903232 -0.009342 -0.314026 0.027785
 55 1.300239 0.000001 -0.000000 0.000000 0.000000 0.000000
 56 1.300242 -0.000002 -0.000002 0.000000 0.000000 0.000000
 57 1.300243 -0.000000 -0.000001 0.000000 0.000000 0.000000
 58 -3.219388 0.696374 3.685182 -2.339615 -0.966148 0.376501
 59 15.353565 -0.000002 0.000001 0.000000 0.000000 -2.042824
 60 19.266844 0.000000 0.000000 1.426610 -0.252719 -0.270376
 61 4.212047 5.420721 0.000000 -0.000000 0.000000 1.570796
 62 0.549398 0.000000 -0.000000 0.000000 0.000000 3.141593
 63 -1.501083 5.844127 -1.234992 -3.056147 -0.057436 1.441775
 64 15.353562 0.000001 -0.000000 0.000000 -0.000000 0.046268
 65 19.266844 -0.000001 -0.000001 -0.254192 -0.253298 -0.566489
 66 4.212047 5.420720 0.000001 -0.000000 0.000000 1.570796
 67 0.549399 -0.000001 0.000000 0.000000 0.000000 0.000000
 68 -38.836464 -1.519706 -0.000049 -3.141593 -1.570796 0.000000
time 40
  0 0.179478 20.614475 19.556330 -0.002855 -0.829926 -1.635191
  1 -13.971772 0.036487 -12.779739 0.828768 -0.050353 1.614297
  2 -6.041328 3.823452 -0.000000 -0.000000 -1.294371 -1.570795
  3 4.054600 -0.001376 1.152085 -0.762641 0.243833 0.833126
  4 4.761445 -0.003789 0.000002 -0.000000 0.000000 0.000000
  5 4.762246 -0.003668 0.000539 -0.142879 0.045963 0.208049
  6 4.762243 -0.003669 0.000538 -0.142879 0.045963 0.208049
  7 4.762263 -0.002030 -0.000001 -0.000000 -0.000001 0.383972
  8 2.746989 0.000001 -0.000000 -0.784104 0.529540 -0.306264
  9 9.156629 -0.000002 0.000001 0.000000 0.000000 0.000000
 10 0.000001 0.002191 -1.281928 -0.842294 1.168786 1.955950
 11 7.285011 -0.000003 -0.000002 0.769783 -0.701829 -0.648305
 12 12.718715 0.000000 -0.000002 -0.000000 0.000000 0.052276
 13 10.221163 -0.000002 0.000000 1.580348 0.021869 -0.331173
 14 1.389920 -0.447518 1.936563 -0.210439 -0.761471 0.314906
 15 1.208675 0.000001 -0.000000 0.000000 0.000000 0.000000
 16 1.208674 -0.000000 0.000000 0.000000 0.000000 0.000000
 17 1.208676 -0.000000 0.000001 0.000000 0.000000 3.141593
 18 3.507809 -0.429743 1.193334 0.022860 -0.225875 -0.088311
 19 1.560289 0.000002 0.000000 0.000000 0.000000 0.000000
 20 1.560289 -0.000002 -0.000001 0.000000 0.000000 0.000000
 21 1.560289 -0.000001 -0.000002 0.000000 0.000000 3.141593
 22 3.044310 -0.436517 0.176983 0.140338 -0.004885 0.034563
 23 1.820337 -0.000002 -0.000002 0.000000 0.000000 0.000000
 24 1.820338 0.000000 0.000001 0.000000 0.000000 0.000000
 25 1.820338 0.000002 0.000001 0.000000 0.000000 3.141593
 26 3.330763 -0.128978 -0.727985 0.013106 0.174047 0.071026
 27 1.560289 0.000001 0.000002 0.000000 0.000000 0.000000
 28 1.560289 -0.000000 -0.000001 0.000000 0.000000 0.000000
 29 1.560289 -0.000001 -0.000002 0.000000 0.000000 3.141593
 30 3.208162 0.466229 -1.931737 0.024854 0.330715 0.074094
 31 1.300241 -0.000001 -0.000000 0.000000 0.000000 0.000000
 32 1.300241 -0.000000 0.000000 0.000000 0.000000 0.000000
 33 1.300241 -0.000000 0.000000 0.000000 0.000000 3.141593
 34 0.000001 0.002187 1.281928 0.300502 -1.485765 2.457344
 35 7.285011 0.000000 0.000001 -0.055122 0.047889 -1.604351
 36 12.538441 0.000000 -0.000001 -0.000000 -0.000000 -1.337919
 37 10.782776 0.000001 -0.000001 -1.590069 0.006731 -0.012905
 38 1.016388 0.059479 -2.003610 0.348822 0.790160 0.431299
 39 1.107952 -0.000001 -0.000000 0.000000 0.000000 0.000000
 40 1.107952 -0.000000 -0.000001 0.000000 0.000000 0.000000
 41 1.107952 0.000000 -0.000000 0.000000 0.000000 0.000000
 42 3.077730 -0.144551 -1.412633 0.003835 0.209388 0.026587
 43 1.560288 -0.000001 -0.000001 0.000000 0.000000 0.000000
 44 1.560289 -0.000000 -0.000001 0.000000 0.000000 0.000000
 45 1.560288 0.000000 -0.000000 0.000000 0.000000 0.000000
 46 2.463499 0.093205 -0.291939 -0.000796 -0.000000 -0.000000
 47 1.820336 -0.000001 -0.000001 0.000000 0.000000 0.000000
 48 1.820340 0.000001 -0.000002 0.000000 0.000000 0.000000
 49 1.820339 -0.000000 -0.000001 0.000000 0.000000 0.000000
 50 3.016624 -0.086194 0.699123 -0.016172 -0.173791 0.088745
 51 1.560289 -0.000001 -0.000004 0.000000 0.000000 0.000000
 52 1.560288 -0.000001 0.000002 0.000000 0.000000 0.000000
 53 1.560290 0.000001 -0.000000 0.000000 0.000000 0.000000
 54 2.733753 0.442846 1.903231 -0.009342 -0.314026 0.027785
 55 1.300242 -0.000001 0.000001 0.000000 0.000000 0.000000
 56 1.300240 -0.000000 -0.000002 0.000000 0.000000 0.000000
 57 1.300240 -0.000000 -0.000002 0.000000 0.000000 0.000000
 58 -3.251441 0.941686 3.359185 -2.721610 -0.952690 0.743634
 59 15.353565 0.000000 0.000000 0.000000 -0.000000 -1.978326
 60 19.266844 -0.000001 -0.000000 1.362461 -0.259714 -0.241824
 61 4.212047 5.420720 -0.000000 -0.000000 0.000000 1.570796
 62 0.549397 0.000000 -0.000000 0.000000 0.000000 3.141593
 63 -1.482938 5.852546 -1.780455 -3.089962 0.007577 1.448975
 64 15.353563 0.000000 -0.000002 -0.000000 0.000000 -0.002417
 65 19.266844 0.000001 -0.000000 -0.255832 -0.293282 -0.627999
 66 4.212046 5.420720 0.000001 -0.000000 0.000000 1.570796
 67 0.549398 0.000001 -0.000001 0.000000 0.000000 0.000000
 68 -38.836464 -1.519710 -0.000050 -3.141593 -1.570796 0.000000
time 41
  0 0.255889 21.155876 20.641224 -0.001872 -0.853130 -1.680299
  1 -15.081823 0.024650 -13.165611 0.850017 -0.084289 1.642983
  2 -5.812275 4.186893 0.000001 0.000000 -1.231041 -1.570795
  3 3.973687 -0.001492 1.406205 -0.752132 0.244691 0.794824
  4 4.761445 -0.003789 0.000001 -0.000000 -0.000000 0.000000
  5 4.762238 -0.003672 0.000506 -0.133927 0.061825 0.204047
  6 4.762239 -0.003675 0.000505 -0.133927 0.061825 0.204047
  7 4.762262 -0.002023 -0.000002 -0.000000 -0.000001 0.383972
  8 2.746988 -0.000001 -0.000000 -0.869713 0.473460 -0.309715
  9 9.156630 0.000000 0.000000 0.000000 0.000000 0.000000
 10 0.000002 0.002189 -1.281927 -0.594751 1.153918 2.202894
 11 7.285012 0.000004 -0.000002 0.700639 -0.581041 -0.563613
 12 12.718711 0.000002 -0.000001 -0.000000 0.000000 0.033944
 13 10.221166 0.000000 -0.000000 1.581621 0.015911 -0.269040
 14 1.389920 -0.447518 1.936563 -0.210439 -0.761471 0.314906
 15 1.208675 0.000002 0.000002 0.000000 0.000000 0.000000
 16 1.208674 -0.000001 -0.000001 0.000000 0.000000 0.000000
 17 1.208675 -0.000000 0.000000 0.000000 0.000000 3.141593
 18 3.507809 -0.429743 1.193333 0.022860 -0.225875 -0.088311
 19 1.560288 -0.000003 -0.000002 0.000000 0.000000 0.000000
 20 1.560289 -0.000000 0.000000 0.000000 0.000000 0.000000
 21 1.560289 0.000000 0.000001 0.000000 0.000000 3.141593
 22 3.044310 -0.436517 0.176982 0.140338 -0.004885 0.034563
 23 1.820337 0.000002 -0.000000 0.000000 0.000000 0.000000
 24 1.820338 -0.000002 -0.000000 0.000000 0.000000 0.000000
 25 1.820337 -0.000002 -0.000000 0.000000 0.000000 3.141593
 26 3.330763 -0.128977 -0.727985 0.013106 0.174047 0.071026
 27 1.560289 -0.000000 -0.000001 0.000000 0.000000 0.000000
 28 1.560289 -0.000001 -0.000001 0.000000 0.000000 0.000000
 29 1.560289 0.000001 0.000000 0.000000 0.000000 3.141593
 30 3.208161 0.466231 -1.931736 0.024854 0.330715 0.074094
 31 1.300241 0.000002 0.000002 0.000000 0.000000 0.000000
 32 1.300242 -0.000001 -0.000001 0.000000 0.000000 0.000000
 33 1.300241 -0.000001 -0.000001 0.000000 0.000000 3.141593
 34 0.000001 0.002180 1.281928 0.990477 -1.403185 1.772836
 35 7.285013 0.000000 -0.000000 -0.093178 0.083956 -1.505308
 36 12.538436 -0.000000 -0.000000 -0.000000 -0.000000 -1.296493
 37 10.782779 0.000001 0.000001 -1.587261 0.004798 -0.015631
 38 1.016389 0.059479 -2.003611 0.348822 0.790160 0.431299
 39 1.107950 -0.000001 -0.000000 0.000000 0.000000 0.000000
 40 1.107953 0.000000 -0.000000 0.000000 0.000000 0.000000
 41 1.107953 -0.000000 -0.000000 0.000000 0.000000 0.000000
 42 3.077731 -0.144551 -1.412634 0.003835 0.209388 0.026587
 43 1.560287 -0.000001 -0.000000 0.000000 0.000000 0.000000
 44 1.560290 0.000000 0.000000 0.000000 0.000000 0.000000
 45 1.560292 0.000002 -0.000001 0.000000 0.000000 0.000000
 46 2.463501 0.093205 -0.291940 -0.000796 -0.000000 0.000000
 47 1.820338 -0.000000 -0.000003 0.000000 0.000000 0.000000
 48 1.820338 -0.000001 -0.000001 0.000000 0.000000 0.000000
 49 1.820337 0.000000 0.000001 0.000000 0.000000 0.000000
 50 3.016627 -0.086193 0.699122 -0.016172 -0.173791 0.088745
 51 1.560289 0.000001 0.000000 0.000000 0.000000 0.000000
 52 1.560289 -0.000000 -0.000002 0.000000 0.000000 0.000000
 53 1.560289 -0.000000 0.000000 0.000000 0.000000 0.000000
 54 2.733755 0.442846 1.903231 -0.009342 -0.314026 0.027785
 55 1.300240 -0.000002 0.000001 0.000000 0.000000 0.000000
 56 1.300242 0.000000 0.000000 0.000000 0.000000 0.000000
 57 1.300242 0.000001 -0.000000 0.000000 0.000000 0.000000
 58 -3.245912 1.036640 3.044867 -2.994256 -0.890838 1.049723
 59 15.353568 -0.000001 0.000002 -0.000000 -0.000000 -1.930987
 60 19.266848 -0.000001 -0.000002 1.272101 -0.302725 -0.190441
 61 4.212046 5.420719 0.000000 -0.000000 0.000000 1.570796
 62 0.549398 0.000000 -0.000000 0.000000 0.000000 3.141593
 63 -1.471306 5.892175 -2.144989 -3.109916 0.042692 1.414449
 64 15.353561 0.000003 -0.000001 -0.000000 0.000000 -0.129876
 65 19.266842 0.000002 -0.000001 -0.059496 -0.229346 -0.676649
 66 4.212046 5.420720 0.000001 -0.000000 0.000000 1.570796
 67 0.549398 -0.000000 0.000001 0.000000 0.000000 0.000000
 68 -38.836464 -1.519706 -0.000045 -3.141593 -1.570796 0.000000
time 42
  0 0.357448 21.684019 21.738537 0.000000 -0.871945 -1.718043
  1 -16.166933 -0.000001 -13.585502 0.866581 -0.112560 1.665928
  2 -5.551795 4.551328 0.000000 0.000000 -1.162664 -1.570795
  3 3.868387 -0.001534 1.674337 -0.780552 0.238688 0.753020
  4 4.761445 -0.003791 0.000000 -0.000000 0.000000 0.000000
  5 4.762229 -0.003677 0.000499 -0.132406 0.074673 0.200425
  6 4.762228 -0.003673 0.000499 -0.132406 0.074673 0.200425
  7 4.762263 -0.002029 -0.000000 -0.000000 -0.000001 0.383972
  8 2.746989 0.000002 -0.000001 -0.910152 0.415438 -0.309688
  9 9.156627 0.000001 -0.000001 0.000000 0.000000 0.000000
 10 0.000002 0.002190 -1.281928 -0.375895 1.118237 2.415763
 11 7.285013 0.000001 -0.000000 0.630147 -0.458748 -0.528130
 12 12.718712 0.000002 -0.000001 -0.000000 -0.000000 0.009502
 13 10.221165 -0.000000 -0.000001 1.582613 0.010069 -0.212181
 14 1.389920 -0.447517 1.936565 -0.210439 -0.761471 0.314906
 15 1.208675 -0.000000 0.000000 0.000000 0.000000 0.000000
 16 1.208674 -0.000000 -0.000000 0.000000 0.000000 0.000000
 17 1.208674 -0.000000 0.000000 0.000000 0.000000 3.141593
 18 3.507809 -0.429742 1.193334 0.022860 -0.225875 -0.088311
 19 1.560289 0.000002 0.000002 0.000000 0.000000 0.000000
 20 1.560289 -0.000001 -0.000001 0.000000 0.000000 0.000000
 21 1.560289 -0.000001 -0.000002 0.000000 0.000000 3.141593
 22 3.044309 -0.436516 0.176983 0.140338 -0.004885 0.034563
 23 1.820337 0.000000 -0.000001 0.000000 0.000000 0.000000
 24 1.820337 0.000002 0.000001 0.000000 0.000000 0.000000
 25 1.820338 0.000003 0.000001 0.000000 0.000000 3.141593
 26 3.330762 -0.128976 -0.727984 0.013106 0.174047 0.071026
 27 1.560289 -0.000002 -0.000002 0.000000 0.000000 0.000000
 28 1.560289 0.000001 0.000000 0.000000 0.000000 0.000000
 29 1.560289 0.000001 0.000001 0.000000 0.000000 3.141593
 30 3.208161 0.466231 -1.931735 0.024854 0.330715 0.074094
 31 1.300241 0.000002 0.000002 0.000000 0.000000 0.000000
 32 1.300241 -0.000001 -0.000001 0.000000 0.000000 0.000000
 33 1.300241 -0.000001 -0.000000 0.000000 0.000000 3.141593
 34 0.000002 0.002186 1.281928 1.106702 -1.384657 1.657133
 35 7.285011 -0.000002 0.000001 -0.148946 0.116223 -1.491882
 36 12.538436 0.000001 0.000001 0.000000 -0.000000 -1.192641
 37 10.782778 0.000001 0.000001 -1.584975 0.004385 -0.022351
 38 1.016390 0.059478 -2.003611 0.348822 0.790160 0.431299
 39 1.107952 -0.000003 -0.000002 0.000000 0.000000 0.000000
 40 1.107952 0.000002 0.000001 0.000000 0.000000 0.000000
 41 1.107952 0.000000 0.000000 0.000000 0.000000 0.000000
 42 3.077730 -0.144551 -1.412633 0.003835 0.209388 0.026587
 43 1.560290 0.000002 -0.000000 0.000000 0.000000 0.000000
 44 1.560287 0.000000 -0.000001 0.000000 0.000000 0.000000
 45 1.560288 -0.000001 -0.000001 0.000000 0.000000 0.000000
 46 2.463501 0.093205 -0.291941 -0.000796 0.000000 0.000000
 47 1.820337 0.000000 -0.000001 0.000000 0.000000 0.000000
 48 1.820337 -0.000002 -0.000002 0.000000 0.000000 0.000000
 49 1.820337 0.000000 -0.000000 0.000000 0.000000 0.000000
 50 3.016627 -0.086192 0.699122 -0.016172 -0.173791 0.088745
 51 1.560288 0.000001 0.000000 0.000000 0.000000 0.000000
 52 1.560289 -0.000001 0.000002 0.000000 0.000000 0.000000
 53 1.560288 -0.000001 -0.000002 0.000000 0.000000 0.000000
 54 2.733754 0.442846 1.903230 -0.009342 -0.314026 0.027785
 55 1.300242 0.000000 -0.000001 0.000000 0.000000 0.000000
 56 1.300241 -0.000000 0.000001 0.000000 0.000000 0.000000
 57 1.300241 -0.000001 0.000000 0.000000 0.000000 0.000000
 58 -3.211529 0.990349 2.760999 3.079530 -0.799659 1.282789
 59 15.353566 -0.000002 -0.000000 0.000000 0.000000 -1.868226
 60 19.266846 0.000000 -0.000002 1.160351 -0.266444 -0.143590
 61 4.212047 5.420719 0.000000 -0.000000 -0.000000 1.570796
 62 0.549397 -0.000000 -0.000000 0.000000 0.000000 3.141593
 63 -1.479622 5.998807 -2.296263 -3.118839 0.034327 1.356801
 64 15.353563 -0.000000 -0.000001 0.000000 -0.000000 -0.313458
 65 19.266842 0.000001 -0.000001 0.252501 -0.056032 -0.664980
 66 4.212046 5.420721 -0.000000 -0.000000 0.000000 1.570796
 67 0.549397 -0.000000 -0.000000 0.000000 0.000000 0.000000
 68 -38.836468 -1.519706 -0.000047 -3.141593 -1.570796 0.000000
time 43
  0 0.477160 22.188866 22.818628 -0.000675 -0.888566 -1.725229
  1 -17.228828 0.009441 -13.995947 0.882634 -0.120347 1.668646
  2 -5.242888 4.941237 0.000001 0.000000 -1.091043 -1.570795
  3 3.738706 -0.001559 1.946808 -0.818728 0.230778 0.705990
  4 4.761442 -0.003790 0.000000 -0.000000 0.000000 0.000000
  5 4.762220 -0.003680 0.000500 -0.133149 0.087885 0.196571
  6 4.762221 -0.003676 0.000503 -0.133149 0.087885 0.196571
  7 4.762265 -0.002029 0.000000 -0.000000 -0.000001 0.383972
  8 2.746988 -0.000001 -0.000001 -0.946049 0.359913 -0.344495
  9 9.156626 0.000002 -0.000001 0.000000 0.000000 0.000000
 10 0.000001 0.002190 -1.281928 -0.232315 1.081670 2.550937
 11 7.285011 -0.000001 0.000000 0.597316 -0.344255 -0.520981
 12 12.718715 -0.000003 0.000002 0.000000 -0.000000 -0.002719
 13 10.221164 0.000000 -0.000001 1.583190 0.005637 -0.177940
 14 1.389920 -0.447518 1.936562 -0.210439 -0.761471 0.314906
 15 1.208675 -0.000001 -0.000000 0.000000 0.000000 0.000000
 16 1.208674 -0.000001 0.000000 0.000000 0.000000 0.000000
 17 1.208675 -0.000001 0.000000 0.000000 0.000000 3.141593
 18 3.507809 -0.429742 1.193332 0.022860 -0.225875 -0.088311
 19 1.560289 -0.000001 0.000000 0.000000 0.000000 0.000000
 20 1.560289 -0.000001 0.000001 0.000000 0.000000 0.000000
 21 1.560289 -0.000000 0.000001 0.000000 0.000000 3.141593
 22 3.044309 -0.436515 0.176984 0.140338 -0.004885 0.034563
 23 1.820338 -0.000004 -0.000001 0.000000 0.000000 0.000000
 24 1.820337 0.000001 0.000000 0.000000 0.000000 0.000000
 25 1.820337 0.000002 0.000001 0.000000 0.000000 3.141593
 26 3.330762 -0.128977 -0.727986 0.013106 0.174047 0.071026
 27 1.560289 -0.000002 -0.000001 0.000000 0.000000 0.000000
 28 1.560289 0.000001 0.000002 0.000000 0.000000 0.000000
 29 1.560289 0.000000 0.000001 0.000000 0.000000 3.141593
 30 3.208160 0.466231 -1.931737 0.024854 0.330715 0.074094
 31 1.300241 -0.000001 -0.000002 0.000000 0.000000 0.000000
 32 1.300241 0.000002 0.000001 0.000000 0.000000 0.000000
 33 1.300241 0.000002 0.000000 0.000000 0.000000 3.141593
 34 0.000000 0.002185 1.281926 1.175016 -1.397493 1.587206
 35 7.285012 0.000002 0.000000 -0.220293 0.143206 -1.507386
 36 12.538436 -0.000000 0.000000 -0.000000 -0.000000 -1.058451
 37 10.782779 0.000002 0.000001 -1.582847 0.004651 -0.030851
 38 1.016389 0.059478 -2.003611 0.348822 0.790160 0.431299
 39 1.107952 0.000000 0.000000 0.000000 0.000000 0.000000
 40 1.107950 -0.000002 -0.000002 0.000000 0.000000 0.000000
 41 1.107952 -0.000001 -0.000000 0.000000 0.000000 0.000000
 42 3.077732 -0.144550 -1.412633 0.003835 0.209388 0.026587
 43 1.560288 -0.000001 -0.000001 0.000000 0.000000 0.000000
 44 1.560288 -0.000000 -0.000002 0.000000 0.000000 0.000000
 45 1.560289 0.000000 0.000001 0.000000 0.000000 0.000000
 46 2.463500 0.093205 -0.291940 -0.000796 -0.000000 -0.000000
 47 1.820336 -0.000001 0.000002 0.000000 0.000000 0.000000
 48 1.820337 0.000001 -0.000000 0.000000 0.000000 0.000000
 49 1.820338 -0.000001 -0.000001 0.000000 0.000000 0.000000
 50 3.016627 -0.086194 0.699122 -0.016172 -0.173791 0.088745
 51 1.560288 0.000001 0.000002 0.000000 0.000000 0.000000
 52 1.560289 -0.000001 -0.000001 0.000000 0.000000 0.000000
 53 1.560290 -0.000000 0.000000 0.000000 0.000000 0.000000
 54 2.733754 0.442844 1.903230 -0.009342 -0.314026 0.027785
 55 1.300241 -0.000001 0.000001 0.000000 0.000000 0.000000
 56 1.300241 0.000000 0.000000 0.000000 0.000000 0.000000
 57 1.300241 0.000000 -0.000000 0.000000 0.000000 0.000000
 58 -3.161104 0.913130 2.468946 2.947598 -0.682124 1.418154
 59 15.353564 -0.000002 0.000001 0.000000 -0.000000 -1.803192
 60 19.266844 0.000000 0.000002 1.064271 -0.242917 -0.136516
 61 4.212047 5.420720 -0.000001 -0.000000 0.000000 1.570796
 62 0.549398 -0.000000 -0.000000 0.000000 0.000000 3.141593
 63 -1.485547 6.120801 -2.402678 -3.123361 0.004957 1.308765
 64 15.353565 -0.000003 0.000000 -0.000000 0.000000 -0.514621
 65 19.266846 0.000001 0.000000 0.582944 0.133151 -0.562456
 66 4.212047 5.420721 0.000001 -0.000000 -0.000000 1.570796
 67 0.549398 0.000000 0.000000 0.000000 0.000000 0.000000
 68 -38.836464 -1.519708 -0.000053 3.141593 -1.570796 0.000000
time 44
  0 0.608036 22.660383 23.851847 -0.002605 -0.907854 -1.722886
  1 -18.309925 0.037250 -14.296896 0.901968 -0.122292 1.664878
  2 -4.895930 5.333834 0.000001 -0.000000 -1.017983 -1.570795
  3 3.586665 -0.001573 2.214485 -0.861552 0.219771 0.655435
  4 4.761443 -0.003792 -0.000000 0.000000 0.000000 0.000000
  5 4.762217 -0.003679 0.000510 -0.135380 0.101197 0.192554
  6 4.762211 -0.003674 0.000507 -0.135380 0.101197 0.192554
  7 4.762265 -0.002027 0.000001 -0.000000 -0.000001 0.383972
  8 2.746988 -0.000000 0.000000 -0.970826 0.300319 -0.398478
  9 9.156627 0.000001 0.000000 0.000000 0.000000 0.000000
 10 0.000001 0.002189 -1.281927 -0.150862 1.060802 2.624922
 11 7.285013 0.000002 -0.000001 0.619749 -0.248216 -0.532734
 12 12.718714 -0.000001 0.000002 0.000000 0.000000 -0.002719
 13 10.221166 0.000001 -0.000001 1.583639 0.003035 -0.176450
 14 1.389920 -0.447521 1.936562 -0.210439 -0.761471 0.314906
 15 1.208673 -0.000002 -0.000001 0.000000 0.000000 0.000000
 16 1.208676 0.000001 0.000001 0.000000 0.000000 0.000000
 17 1.208676 0.000000 0.000001 0.000000 0.000000 3.141593
 18 3.507809 -0.429745 1.193333 0.022860 -0.225875 -0.088311
 19 1.560289 0.000000 0.000002 0.000000 0.000000 0.000000
 20 1.560289 -0.000001 -0.000001 0.000000 0.000000 0.000000
 21 1.560289 -0.000002 -0.000001 0.000000 0.000000 3.141593
 22 3.044310 -0.436518 0.176984 0.140338 -0.004885 0.034563
 23 1.820337 -0.000002 0.000001 0.000000 0.000000 0.000000
 24 1.820338 -0.000002 -0.000000 0.000000 0.000000 0.000000
 25 1.820337 -0.000001 -0.000000 0.000000 0.000000 3.141593
 26 3.330763 -0.128978 -0.727984 0.013106 0.174047 0.071026
 27 1.560289 0.000001 0.000000 0.000000 0.000000 0.000000
 28 1.560289 0.000001 0.000000 0.000000 0.000000 0.000000
 29 1.560289 0.000001 0.000000 0.000000 0.000000 3.141593
 30 3.208161 0.466230 -1.931735 0.024854 0.330715 0.074094
 31 1.300241 -0.000002 -0.000002 0.000000 0.000000 0.000000
 32 1.300241 0.000001 0.000001 0.000000 0.000000 0.000000
 33 1.300241 0.000001 0.000000 0.000000 0.000000 3.141593
 34 0.000000 0.002184 1.281926 1.263327 -1.383548 1.498621
 35 7.285013 0.000003 0.000002 -0.276188 0.161225 -1.488823
 36 12.538441 -0.000001 -0.000001 -0.000000 0.000000 -0.947682
 37 10.782775 0.000001 0.000001 -1.581300 0.005217 -0.037649
 38 1.016389 0.059479 -2.003611 0.348822 0.790160 0.431299
 39 1.107953 0.000001 0.000001 0.000000 0.000000 0.000000
 40 1.107952 -0.000001 -0.000000 0.000000 0.000000 0.000000
 41 1.107953 -0.000000 -0.000003 0.000000 0.000000 0.000000
 42 3.077731 -0.144549 -1.412632 0.003835 0.209388 0.026587
 43 1.560288 -0.000001 0.000000 0.000000 0.000000 0.000000
 44 1.560291 -0.000000 0.000001 0.000000 0.000000 0.000000
 45 1.560290 0.000001 0.000001 0.000000 0.000000 0.000000
 46 2.463501 0.093205 -0.291940 -0.000796 -0.000000 0.000000
 47 1.820337 0.000001 0.000002 0.000000 0.000000 0.000000
 48 1.820337 0.000000 -0.000001 0.000000 0.000000 0.000000
 49 1.820337 0.000000 -0.000000 0.000000 0.000000 0.000000
 50 3.016627 -0.086192 0.699122 -0.016172 -0.173791 0.088745
 51 1.560289 0.000001 0.000000 0.000000 0.000000 0.000000
 52 1.560288 0.000001 0.000001 0.000000 0.000000 0.000000
 53 1.560289 -0.000001 0.000000 0.000000 0.000000 0.000000
 54 2.733754 0.442845 1.903230 -0.009342 -0.314026 0.027785
 55 1.300240 -0.000001 -0.000000 0.000000 0.000000 0.000000
 56 1.300242 0.000000 -0.000000 0.000000 0.000000 0.000000
 57 1.300242 0.000000 0.000000 0.000000 0.000000 0.000000
 58 -3.089827 0.822261 2.176750 2.854552 -0.557040 1.509750
 59 15.353566 -0.000001 0.000001 -0.000000 -0.000000 -1.734978
 60 19.266842 -0.000001 0.000003 0.975973 -0.229769 -0.146564
 61 4.212047 5.420721 -0.000001 -0.000000 -0.000000 1.570796
 62 0.549397 -0.000000 -0.000000 0.000000 0.000000 3.141593
 63 -1.492865 6.247385 -2.479193 -3.122025 -0.041917 1.305499
 64 15.353564 -0.000002 0.000000 -0.000000 -0.000000 -0.694820
 65 19.266846 0.000001 0.000001 0.850655 0.238891 -0.431180
 66 4.212048 5.420721 0.000000 -0.000000 0.000000 1.570796
 67 0.549397 0.000000 -0.000000 0.000000 0.000000 0.000000
 68 -38.836460 -1.519706 -0.000053 -3.141593 -1.570796 0.000000
time 45
  0 0.743080 23.088530 24.808573 -0.004948 -0.926053 -1.718184
  1 -19.331734 0.071932 -14.536185 0.920366 -0.122574 1.659840
  2 -4.525729 5.709472 0.000002 -0.000000 -0.945286 -1.570795
  3 3.416383 -0.001584 2.469117 -0.904052 0.205224 0.603569
  4 4.761446 -0.003793 0.000001 -0.000000 -0.000000 0.000000
  5 4.762207 -0.003678 0.000520 -0.138315 0.114350 0.188465
  6 4.762207 -0.003676 0.000519 -0.138315 0.114350 0.188465
  7 4.762266 -0.002031 -0.000000 -0.000000 -0.000001 0.383972
  8 2.746988 0.000001 -0.000001 -0.985204 0.239487 -0.456263
  9 9.156627 -0.000001 -0.000000 0.000000 0.000000 0.000000
 10 0.000000 0.002193 -1.281928 -0.095085 1.051944 2.674192
 11 7.285013 0.000002 -0.000002 0.676428 -0.164311 -0.553943
 12 12.718714 -0.000001 0.000000 0.000000 -0.000000 -0.002719
 13 10.221162 -0.000000 0.000000 1.584216 0.001538 -0.196905
 14 1.389921 -0.447520 1.936564 -0.210439 -0.761471 0.314906
 15 1.208675 0.000000 0.000000 0.000000 0.000000 0.000000
 16 1.208675 0.000001 0.000000 0.000000 0.000000 0.000000
 17 1.208675 0.000001 -0.000000 0.000000 0.000000 3.141593
 18 3.507810 -0.429744 1.193334 0.022860 -0.225875 -0.088311
 19 1.560289 -0.000001 -0.000001 0.000000 0.000000 0.000000
 20 1.560289 0.000000 0.000000 0.000000 0.000000 0.000000
 21 1.560289 0.000001 0.000001 0.000000 0.000000 3.141593
 22 3.044310 -0.436517 0.176985 0.140338 -0.004885 0.034563
 23 1.820337 0.000002 0.000000 0.000000 0.000000 0.000000
 24 1.820338 -0.000001 0.000000 0.000000 0.000000 0.000000
 25 1.820338 -0.000001 0.000001 0.000000 0.000000 3.141593
 26 3.330763 -0.128980 -0.727984 0.013106 0.174047 0.071026
 27 1.560289 0.000002 0.000001 0.000000 0.000000 0.000000
 28 1.560289 -0.000004 -0.000002 0.000000 0.000000 0.000000
 29 1.560289 0.000000 0.000000 0.000000 0.000000 3.141593
 30 3.208161 0.466228 -1.931736 0.024854 0.330715 0.074094
 31 1.300241 0.000001 0.000001 0.000000 0.000000 0.000000
 32 1.300241 0.000001 -0.000001 0.000000 0.000000 0.000000
 33 1.300241 0.000001 -0.000000 0.000000 0.000000 3.141593
 34 -0.000000 0.002186 1.281926 1.342118 -1.303066 1.422847
 35 7.285013 0.000003 0.000001 -0.290926 0.171287 -1.398533
 36 12.538439 -0.000001 -0.000001 0.000000 -0.000000 -0.878641
 37 10.782777 0.000002 0.000000 -1.580479 0.005957 -0.041397
 38 1.016389 0.059479 -2.003609 0.348822 0.790160 0.431299
 39 1.107955 0.000001 -0.000002 0.000000 0.000000 0.000000
 40 1.107952 -0.000001 0.000000 0.000000 0.000000 0.000000
 41 1.107952 0.000001 0.000001 0.000000 0.000000 0.000000
 42 3.077730 -0.144548 -1.412633 0.003835 0.209388 0.026587
 43 1.560289 0.000000 0.000001 0.000000 0.000000 0.000000
 44 1.560289 0.000000 -0.000000 0.000000 0.000000 0.000000
 45 1.560288 0.000000 0.000000 0.000000 0.000000 0.000000
 46 2.463500 0.093206 -0.291939 -0.000796 0.000000 -0.000000
 47 1.820338 0.000001 -0.000001 0.000000 0.000000 0.000000
 48 1.820337 -0.000002 0.000001 0.000000 0.000000 0.000000
 49 1.820337 -0.000000 0.000002 0.000000 0.000000 0.000000
 50 3.016627 -0.086193 0.699122 -0.016172 -0.173791 0.088745
 51 1.560287 0.000001 -0.000001 0.000000 0.000000 0.000000
 52 1.560289 0.000000 0.000002 0.000000 0.000000 0.000000
 53 1.560288 -0.000001 0.000001 0.000000 0.000000 0.000000
 54 2.733753 0.442845 1.903232 -0.009342 -0.314026 0.027785
 55 1.300242 0.000000 -0.000001 0.000000 0.000000 0.000000
 56 1.300242 -0.000000 -0.000000 0.000000 0.000000 0.000000
 57 1.300240 -0.000001 0.000000 0.000000 0.000000 0.000000
 58 -2.996079 0.732059 1.893099 -0.354866 -2.709846 -1.569348
 59 15.353561 -0.000001 0.000000 0.000000 0.000000 -1.664404
 60 19.266842 -0.000000 0.000001 0.893154 -0.220962 -0.167446
 61 4.212048 5.420722 -0.000000 -0.000000 -0.000000 1.570796
 62 0.549398 -0.000000 0.000000 0.000000 0.000000 3.141593
 63 -1.503284 6.367760 -2.542043 -3.110191 -0.102835 1.360325
 64 15.353561 -0.000002 0.000000 -0.000000 0.000000 -0.857779
 65 19.266846 -0.000000 0.000001 1.042100 0.241607 -0.342313
 66 4.212046 5.420720 0.000001 -0.000000 0.000000 1.570796
 67 0.549398 -0.000000 -0.000000 0.000000 0.000000 0.000000
 68 -38.836460 -1.519709 -0.000051 3.141593 -1.570796 0.000000
time 46
  0 0.875302 23.463274 25.659161 -0.006330 -0.939426 -1.718744
  1 -20.211004 0.093548 -14.778310 0.933624 -0.125579 1.658608
  2 -4.151621 6.052718 0.000002 0.000000 -0.874757 -1.570795
  3 3.233927 -0.001597 2.703706 -0.941606 0.187555 0.552984
  4 4.761445 -0.003792 0.000000 0.000000 0.000000 0.000000
  5 4.762200 -0.003679 0.000530 -0.141164 0.127091 0.184419
  6 4.762196 -0.003676 0.000527 -0.141164 0.127091 0.184419
  7 4.762264 -0.002031 -0.000000 -0.000000 -0.000001 0.383972
  8 2.746988 0.000001 -0.000001 -0.994751 0.181512 -0.503790
  9 9.156627 -0.000001 0.000000 0.000000 0.000000 0.000000
 10 0.000001 0.002193 -1.281928 -0.052101 1.049796 2.711625
 11 7.285011 0.000002 -0.000001 0.731605 -0.087738 -0.582668
 12 12.718715 -0.000001 0.000004 0.000000 0.000000 -0.002719
 13 10.221165 -0.000002 0.000003 1.584836 0.000725 -0.225240
 14 1.389921 -0.447518 1.936563 -0.210439 -0.761471 0.314906
 15 1.208676 0.000000 -0.000000 0.000000 0.000000 0.000000
 16 1.208673 -0.000002 -0.000001 0.000000 0.000000 0.000000
 17 1.208675 0.000000 0.000000 0.000000 0.000000 3.141593
 18 3.507810 -0.429740 1.193334 0.022860 -0.225875 -0.088311
 19 1.560289 0.000001 -0.000000 0.000000 0.000000 0.000000
 20 1.560289 0.000004 0.000001 0.000000 0.000000 0.000000
 21 1.560289 -0.000000 0.000000 0.000000 0.000000 3.141593
 22 3.044310 -0.436517 0.176983 0.140338 -0.004885 0.034563
 23 1.820337 0.000002 0.000000 0.000000 0.000000 0.000000
 24 1.820337 0.000002 -0.000000 0.000000 0.000000 0.000000
 25 1.820337 0.000002 -0.000000 0.000000 0.000000 3.141593
 26 3.330763 -0.128977 -0.727985 0.013106 0.174047 0.071026
 27 1.560289 0.000001 0.000001 0.000000 0.000000 0.000000
 28 1.560288 -0.000001 -0.000001 0.000000 0.000000 0.000000
 29 1.560289 -0.000000 0.000000 0.000000 0.000000 3.141593
 30 3.208161 0.466230 -1.931737 0.024854 0.330715 0.074094
 31 1.300241 -0.000000 -0.000000 0.000000 0.000000 0.000000
 32 1.300241 -0.000000 -0.000000 0.000000 0.000000 0.000000
 33 1.300241 0.000000 -0.000000 0.000000 0.000000 3.141593
 34 0.000001 0.002185 1.281928 1.382452 -1.195971 1.388058
 35 7.285013 -0.000000 -0.000001 -0.283906 0.171180 -1.274615
 36 12.538440 0.000000 0.000001 -0.000000 0.000000 -0.833020
 37 10.782778 0.000001 -0.000000 -1.580237 0.006980 -0.043443
 38 1.016390 0.059479 -2.003610 0.348822 0.790160 0.431299
 39 1.107952 0.000001 0.000002 0.000000 0.000000 0.000000
 40 1.107952 -0.000001 -0.000002 0.000000 0.000000 0.000000
 41 1.107952 0.000000 -0.000001 0.000000 0.000000 0.000000
 42 3.077730 -0.144550 -1.412632 0.003835 0.209388 0.026587
 43 1.560290 0.000001 -0.000000 0.000000 0.000000 0.000000
 44 1.560289 -0.000001 0.000000 0.000000 0.000000 0.000000
 45 1.560288 -0.000000 0.000001 0.000000 0.000000 0.000000
 46 2.463500 0.093205 -0.291939 -0.000796 0.000000 -0.000000
 47 1.820337 -0.000000 0.000002 0.000000 0.000000 0.000000
 48 1.820338 -0.000000 -0.000001 0.000000 0.000000 0.000000
 49 1.820336 -0.000000 -0.000001 0.000000 0.000000 0.000000
 50 3.016627 -0.086194 0.699125 -0.016172 -0.173791 0.088745
 51 1.560289 -0.000001 0.000002 0.000000 0.000000 0.000000
 52 1.560289 0.000000 -0.000000 0.000000 0.000000 0.000000
 53 1.560288 -0.000000 -0.000000 0.000000 0.000000 0.000000
 54 2.733754 0.442844 1.903232 -0.009342 -0.314026 0.027785
 55 1.300240 -0.000001 0.000002 0.000000 0.000000 0.000000
 56 1.300242 0.000000 -0.000001 0.000000 0.000000 0.000000
 57 1.300240 0.000000 -0.000001 0.000000 0.000000 0.000000
 58 -2.881665 0.653407 1.626951 -0.402717 -2.827122 -1.532123
 59 15.353564 -0.000002 0.000001 -0.000000 -0.000000 -1.598102
 60 19.266844 0.000000 0.000001 0.814417 -0.211137 -0.198107
 61 4.212046 5.420720 -0.000000 -0.000000 -0.000000 1.570796
 62 0.549397 -0.000000 0.000000 0.000000 0.000000 3.141593
 63 -1.515804 6.472074 -2.608326 -3.092528 -0.170110 1.454225
 64 15.353562 -0.000003 0.000002 -0.000000 -0.000000 -1.019387
 65 19.266844 0.000002 0.000000 1.219042 0.204619 -0.280001
 66 4.212046 5.420720 -0.000000 -0.000000 0.000000 1.570796
 67 0.549397 0.000000 0.000000 0.000000 0.000000 0.000000
 68 -38.836464 -1.519706 -0.000053 3.141593 -1.570796 0.000000
time 47
  0 0.997706 23.774574 26.373968 -0.005066 -0.944240 -1.732459
  1 -20.860943 0.076495 -15.100083 0.937506 -0.135800 1.666198
  2 -3.796820 6.352821 -0.000001 0.000000 -0.808196 -1.570795
  3 3.046983 -0.001618 2.912781 -0.970147 0.167998 0.506460
  4 4.761444 -0.003790 -0.000001 0.000000 0.000000 0.000000
  5 4.762191 -0.003678 0.000534 -0.143132 0.139174 0.180552
  6 4.762192 -0.003675 0.000536 -0.143132 0.139174 0.180552
  7 4.762265 -0.002031 -0.000001 -0.000000 -0.000001 0.383972
  8 2.746989 0.000002 0.000001 -1.020286 0.137441 -0.541883
  9 9.156628 -0.000001 -0.000001 0.000000 0.000000 0.000000
 10 0.000001 0.002193 -1.281929 -0.012936 1.047881 2.745616
 11 7.285008 0.000005 -0.000001 0.750001 -0.014995 -0.618019
 12 12.718714 0.000001 -0.000002 0.000000 -0.000000 -0.002719
 13 10.221164 -0.000000 0.000003 1.585380 0.000153 -0.247390
 14 1.389920 -0.447520 1.936563 -0.210439 -0.761471 0.314906
 15 1.208674 -0.000001 -0.000000 0.000000 0.000000 0.000000
 16 1.208673 -0.000001 -0.000000 0.000000 0.000000 0.000000
 17 1.208674 0.000000 0.000000 0.000000 0.000000 3.141593
 18 3.507810 -0.429743 1.193334 0.022860 -0.225875 -0.088311
 19 1.560289 -0.000001 0.000000 0.000000 0.000000 0.000000
 20 1.560289 -0.000000 0.000000 0.000000 0.000000 0.000000
 21 1.560289 0.000000 -0.000000 0.000000 0.000000 3.141593
 22 3.044310 -0.436516 0.176984 0.140338 -0.004885 0.034563
 23 1.820337 0.000000 -0.000001 0.000000 0.000000 0.000000
 24 1.820338 0.000004 0.000001 0.000000 0.000000 0.000000
 25 1.820337 -0.000001 -0.000000 0.000000 0.000000 3.141593
 26 3.330763 -0.128978 -0.727984 0.013106 0.174047 0.071026
 27 1.560289 -0.000001 -0.000001 0.000000 0.000000 0.000000
 28 1.560290 0.000001 0.000002 0.000000 0.000000 0.000000
 29 1.560289 0.000001 -0.000001 0.000000 0.000000 3.141593
 30 3.208161 0.466230 -1.931736 0.024854 0.330715 0.074094
 31 1.300241 0.000001 0.000001 0.000000 0.000000 0.000000
 32 1.300241 0.000000 -0.000001 0.000000 0.000000 0.000000
 33 1.300241 -0.000001 -0.000001 0.000000 0.000000 3.141593
 34 0.000002 0.002186 1.281930 1.400665 -1.121584 1.374477
 35 7.285010 -0.000003 0.000000 -0.291138 0.160937 -1.166687
 36 12.538436 -0.000001 -0.000000 0.000000 0.000000 -0.809664
 37 10.782780 0.000001 -0.000001 -1.580552 0.008251 -0.044353
 38 1.016388 0.059479 -2.003611 0.348822 0.790160 0.431299
 39 1.107953 0.000001 0.000001 0.000000 0.000000 0.000000
 40 1.107952 -0.000001 -0.000001 0.000000 0.000000 0.000000
 41 1.107952 -0.000001 -0.000001 0.000000 0.000000 0.000000
 42 3.077730 -0.144550 -1.412631 0.003835 0.209388 0.026587
 43 1.560289 -0.000000 0.000000 0.000000 0.000000 0.000000
 44 1.560289 -0.000001 -0.000000 0.000000 0.000000 0.000000
 45 1.560288 -0.000000 -0.000000 0.000000 0.000000 0.000000
 46 2.463500 0.093206 -0.291939 -0.000796 0.000000 0.000000
 47 1.820337 -0.000000 0.000000 0.000000 0.000000 0.000000
 48 1.820338 0.000000 0.000000 0.000000 0.000000 0.000000
 49 1.820337 0.000000 0.000000 0.000000 0.000000 0.000000
 50 3.016626 -0.086193 0.699124 -0.016172 -0.173791 0.088745
 51 1.560289 -0.000001 -0.000000 0.000000 0.000000 0.000000
 52 1.560289 0.000001 -0.000000 0.000000 0.000000 0.000000
 53 1.560287 -0.000000 -0.000001 0.000000 0.000000 0.000000
 54 2.733754 0.442845 1.903232 -0.009342 -0.314026 0.027785
 55 1.300241 0.000001 -0.000000 0.000000 0.000000 0.000000
 56 1.300242 0.000000 -0.000000 0.000000 0.000000 0.000000
 57 1.300241 0.000000 0.000001 0.000000 0.000000 0.000000
 58 -2.751587 0.593691 1.386631 -0.435614 -2.929210 -1.516859
 59 15.353562 0.000000 0.000000 0.000000 -0.000000 -1.543193
 60 19.266844 -0.000001 0.000001 0.738860 -0.196253 -0.239103
 61 4.212047 5.420720 0.000000 -0.000000 -0.000000 1.570796
 62 0.549397 -0.000000 -0.000000 0.000000 0.000000 3.141593
 63 -1.526727 6.551751 -2.695193 0.059438 -2.910588 -1.568639
 64 15.353562 -0.000001 0.000000 0.000000 0.000000 -1.159353
 65 19.266844 -0.000001 -0.000002 1.382150 0.164208 -0.230119
 66 4.212047 5.420720 0.000000 -0.000000 -0.000000 1.570796
 67 0.549398 0.000000 -0.000000 0.000000 0.000000 0.000000
 68 -38.836464 -1.519708 -0.000048 3.141593 -1.570796 0.000000
time 48
  0 1.103302 24.012394 26.923357 0.000000 -0.936680 -1.766764
  1 -21.787928 -0.000002 -16.023684 0.927430 -0.157512 1.687872
  2 -3.487354 6.603318 -0.000001 0.000000 -0.747409 -1.570795
  3 2.864459 -0.001656 3.092463 -0.986257 0.148401 0.466817
  4 4.761445 -0.003791 -0.000000 0.000000 0.000000 0.000000
  5 4.762185 -0.003678 0.000536 -0.143411 0.150362 0.177020
  6 4.762186 -0.003683 0.000534 -0.143411 0.150362 0.177020
  7 4.762264 -0.002029 0.000002 -0.000000 -0.000001 0.383972
  8 2.746988 0.000003 0.000000 -1.052806 0.105528 -0.577195
  9 9.156628 -0.000001 0.000001 0.000000 0.000000 0.000000
 10 0.000001 0.002193 -1.281930 0.023763 1.040726 2.777327
 11 7.285009 0.000001 -0.000001 0.737298 0.041982 -0.638757
 12 12.718713 -0.000001 -0.000002 0.000000 -0.000000 -0.002719
 13 10.221164 -0.000001 -0.000001 1.585882 -0.000438 -0.260918
 14 1.389920 -0.447519 1.936563 -0.210439 -0.761471 0.314906
 15 1.208676 0.000002 0.000000 0.000000 0.000000 0.000000
 16 1.208674 -0.000001 -0.000001 0.000000 0.000000 0.000000
 17 1.208675 -0.000000 -0.000001 0.000000 0.000000 3.141593
 18 3.507810 -0.429742 1.193334 0.022860 -0.225875 -0.088311
 19 1.560289 0.000004 0.000000 0.000000 0.000000 0.000000
 20 1.560289 -0.000001 -0.000000 0.000000 0.000000 0.000000
 21 1.560289 -0.000002 -0.000000 0.000000 0.000000 3.141593
 22 3.044310 -0.436518 0.176983 0.140338 -0.004885 0.034563
 23 1.820337 -0.000004 -0.000000 0.000000 0.000000 0.000000
 24 1.820338 0.000001 0.000000 0.000000 0.000000 0.000000
 25 1.820338 0.000002 0.000000 0.000000 0.000000 3.141593
 26 3.330763 -0.128977 -0.727984 0.013106 0.174047 0.071026
 27 1.560289 -0.000001 -0.000001 0.000000 0.000000 0.000000
 28 1.560289 0.000001 0.000001 0.000000 0.000000 0.000000
 29 1.560289 0.000002 0.000001 0.000000 0.000000 3.141593
 30 3.208161 0.466232 -1.931735 0.024854 0.330715 0.074094
 31 1.300241 -0.000004 -0.000001 0.000000 0.000000 0.000000
 32 1.300241 0.000002 0.000001 0.000000 0.000000 0.000000
 33 1.300241 0.000003 0.000001 0.000000 0.000000 3.141593
 34 0.000001 0.002187 1.281927 1.409715 -1.094931 1.366830
 35 7.285011 0.000001 -0.000000 -0.306493 0.142681 -1.098454
 36 12.538439 -0.000003 -0.000001 -0.000000 0.000000 -0.807957
 37 10.782777 0.000002 0.000001 -1.581494 0.009913 -0.044329
 38 1.016389 0.059479 -2.003609 0.348822 0.790160 0.431299
 39 1.107953 -0.000000 -0.000001 0.000000 0.000000 0.000000
 40 1.107951 0.000000 0.000002 0.000000 0.000000 0.000000
 41 1.107952 0.000001 -0.000000 0.000000 0.000000 0.000000
 42 3.077731 -0.144549 -1.412630 0.003835 0.209388 0.026587
 43 1.560290 0.000002 0.000000 0.000000 0.000000 0.000000
 44 1.560289 -0.000000 -0.000001 0.000000 0.000000 0.000000
 45 1.560289 -0.000001 -0.000000 0.000000 0.000000 0.000000
 46 2.463500 0.093205 -0.291938 -0.000796 0.000000 0.000000
 47 1.820338 0.000001 0.000000 0.000000 0.000000 0.000000
 48 1.820337 0.000001 0.000000 0.000000 0.000000 0.000000
 49 1.820336 -0.000000 0.000000 0.000000 0.000000 0.000000
 50 3.016627 -0.086193 0.699124 -0.016172 -0.173791 0.088745
 51 1.560289 -0.000000 -0.000000 0.000000 0.000000 0.000000
 52 1.560289 0.000000 0.000000 0.000000 0.000000 0.000000
 53 1.560288 0.000001 0.000000 0.000000 0.000000 0.000000
 54 2.733755 0.442845 1.903233 -0.009342 -0.314026 0.027785
 55 1.300241 -0.000001 -0.000001 0.000000 0.000000 0.000000
 56 1.300243 0.000001 -0.000000 0.000000 0.000000 0.000000
 57 1.300241 -0.000000 0.000000 0.000000 0.000000 0.000000
 58 -2.613431 0.557225 1.178875 -0.457473 -3.010257 -1.521165
 59 15.353562 -0.000002 0.000001 0.000000 -0.000000 -1.506733
 60 19.266844 0.000003 0.000003 0.664819 -0.172930 -0.292960
 61 4.212049 5.420723 -0.000001 -0.000000 -0.000000 1.570796
 62 0.549398 -0.000000 -0.000000 0.000000 0.000000 3.141593
 63 -1.530326 6.599126 -2.818919 0.055372 -2.868670 -1.440760
 64 15.353561 -0.000001 0.000003 0.000000 0.000000 -1.257389
 65 19.266842 0.000001 0.000003 1.513165 0.134658 -0.175700
 66 4.212047 5.420720 -0.000000 -0.000000 0.000000 1.570796
 67 0.549397 -0.000000 0.000000 0.000000 0.000000 0.000000
 68 -38.836460 -1.519711 -0.000052 -3.141593 -1.570796 0.000000
time 49
  0 1.232048 24.162573 27.332287 -0.027690 -0.926008 -1.798016
  1 -21.942522 0.456850 -16.494728 0.909561 -0.208454 1.709631
  2 -3.250875 6.800601 -0.000001 0.000000 -0.694199 -1.570795
  3 2.695997 -0.001715 3.240374 -0.987128 0.130895 0.436853
  4 4.761444 -0.003791 0.000000 0.000000 0.000000 0.000000
  5 4.762179 -0.003685 0.000527 -0.141191 0.160418 0.173995
  6 4.762176 -0.003681 0.000526 -0.141191 0.160418 0.173995
  7 4.762264 -0.002028 -0.000003 -0.000000 -0.000001 0.383972
  8 2.746989 0.000001 0.000002 -1.057118 0.071339 -0.602348
  9 9.156626 -0.000001 0.000002 0.000000 0.000000 0.000000
 10 0.000001 0.002192 -1.281927 0.055098 1.031493 2.804114
 11 7.285009 -0.000000 0.000002 0.724073 0.078986 -0.638536
 12 12.718714 -0.000000 -0.000001 0.000000 -0.000000 -0.002719
 13 10.221165 -0.000002 0.000001 1.586399 -0.000893 -0.273126
 14 1.389920 -0.447522 1.936563 -0.210439 -0.761471 0.314906
 15 1.208676 0.000002 0.000000 0.000000 0.000000 0.000000
 16 1.208674 -0.000001 -0.000000 0.000000 0.000000 0.000000
 17 1.208675 -0.000002 -0.000000 0.000000 0.000000 3.141593
 18 3.507810 -0.429745 1.193333 0.022860 -0.225875 -0.088311
 19 1.560289 0.000001 0.000000 0.000000 0.000000 0.000000
 20 1.560289 0.000000 -0.000000 0.000000 0.000000 0.000000
 21 1.560289 -0.000000 -0.000000 0.000000 0.000000 3.141593
 22 3.044310 -0.436517 0.176984 0.140338 -0.004885 0.034563
 23 1.820337 0.000002 0.000000 0.000000 0.000000 0.000000
 24 1.820337 -0.000001 -0.000000 0.000000 0.000000 0.000000
 25 1.820338 -0.000000 0.000000 0.000000 0.000000 3.141593
 26 3.330763 -0.128977 -0.727984 0.013106 0.174047 0.071026
 27 1.560289 0.000000 0.000001 0.000000 0.000000 0.000000
 28 1.560288 -0.000001 -0.000001 0.000000 0.000000 0.000000
 29 1.560289 -0.000003 -0.000000 0.000000 0.000000 3.141593
 30 3.208161 0.466227 -1.931737 0.024854 0.330715 0.074094
 31 1.300241 0.000002 0.000000 0.000000 0.000000 0.000000
 32 1.300241 -0.000004 -0.000001 0.000000 0.000000 0.000000
 33 1.300241 0.000000 0.000001 0.000000 0.000000 3.141593
 34 0.000001 0.002186 1.281929 1.415114 -1.088451 1.361374
 35 7.285012 0.000002 0.000000 -0.313494 0.118679 -1.048942
 36 12.538440 -0.000002 -0.000001 0.000000 0.000000 -0.821867
 37 10.782776 -0.000000 0.000001 -1.582881 0.011855 -0.043512
 38 1.016389 0.059479 -2.003610 0.348822 0.790160 0.431299
 39 1.107953 -0.000001 0.000001 0.000000 0.000000 0.000000
 40 1.107952 -0.000000 -0.000002 0.000000 0.000000 0.000000
 41 1.107952 -0.000000 -0.000000 0.000000 0.000000 0.000000
 42 3.077732 -0.144548 -1.412630 0.003835 0.209388 0.026587
 43 1.560289 -0.000001 0.000001 0.000000 0.000000 0.000000
 44 1.560288 0.000000 -0.000001 0.000000 0.000000 0.000000
 45 1.560288 0.000000 -0.000001 0.000000 0.000000 0.000000
 46 2.463500 0.093206 -0.291938 -0.000796 -0.000000 -0.000000
 47 1.820338 -0.000001 0.000000 0.000000 0.000000 0.000000
 48 1.820338 0.000001 -0.000000 0.000000 0.000000 0.000000
 49 1.820337 0.000001 -0.000001 0.000000 0.000000 0.000000
 50 3.016626 -0.086193 0.699124 -0.016172 -0.173791 0.088745
 51 1.560290 0.000000 -0.000001 0.000000 0.000000 0.000000
 52 1.560289 -0.000000 -0.000000 0.000000 0.000000 0.000000
 53 1.560289 -0.000001 -0.000000 0.000000 0.000000 0.000000
 54 2.733755 0.442845 1.903232 -0.009342 -0.314026 0.027785
 55 1.300240 0.000001 0.000001 0.000000 0.000000 0.000000
 56 1.300243 0.000001 -0.000002 0.000000 0.000000 0.000000
 57 1.300240 -0.000001 0.000000 0.000000 0.000000 0.000000
 58 -2.476312 0.546081 1.008180 -0.458584 -3.071281 -1.453449
 59 15.353565 -0.000002 0.000001 0.000000 0.000000 -1.599092
 60 19.266844 -0.000001 0.000002 0.632105 -0.134974 -0.322055
 61 4.212047 5.420722 -0.000000 -0.000000 -0.000000 1.570796
 62 0.549398 0.000001 -0.000000 0.000000 0.000000 3.141593
 63 -1.520198 6.606359 -2.994186 0.048984 -2.871964 -1.287926
 64 15.353559 -0.000001 0.000003 -0.000000 0.000000 -1.286786
 65 19.266840 0.000001 -0.000001 1.559587 0.052121 -0.140613
 66 4.212047 5.420720 -0.000000 -0.000000 -0.000000 1.570796
 67 0.549397 -0.000001 -0.000000 0.000000 0.000000 0.000000
 68 -38.836460 -1.519707 -0.000052 -3.141593 -1.570796 0.000000
time 50
  0 1.417870 24.224783 27.672178 -0.075276 -0.906205 -1.838575
  1 -21.879017 1.289169 -17.093405 0.875443 -0.284015 1.741618
  2 -3.115462 6.941432 -0.000003 0.000000 -0.650369 -1.570795
  3 2.551516 -0.001805 3.355308 -0.970367 0.117471 0.419342
  4 4.761445 -0.003792 -0.000001 0.000000 0.000000 0.000000
  5 4.762171 -0.003686 0.000507 -0.135655 0.169108 0.171657
  6 4.762171 -0.003688 0.000506 -0.135655 0.169108 0.171657
  7 4.762263 -0.002029 -0.000003 -0.000000 -0.000001 0.383972
  8 2.746989 -0.000002 0.000001 -1.039266 0.057589 -0.601799
  9 9.156626 -0.000002 0.000000 0.000000 0.000000 0.000000
 10 0.000002 0.002190 -1.281926 0.082880 1.026072 2.827752
 11 7.285013 0.000001 -0.000002 0.707966 0.108367 -0.639862
 12 12.718712 0.000001 -0.000002 -0.000000 0.000000 -0.002719
 13 10.221165 -0.000001 -0.000001 1.586849 -0.001050 -0.284557
 14 1.389920 -0.447520 1.936563 -0.210439 -0.761471 0.314906
 15 1.208677 0.000002 0.000000 0.000000 0.000000 0.000000
 16 1.208673 -0.000001 0.000000 0.000000 0.000000 0.000000
 17 1.208674 -0.000001 -0.000000 0.000000 0.000000 3.141593
 18 3.507809 -0.429745 1.193333 0.022860 -0.225875 -0.088311
 19 1.560289 0.000002 0.000000 0.000000 0.000000 0.000000
 20 1.560289 -0.000003 -0.000001 0.000000 0.000000 0.000000
 21 1.560289 -0.000001 -0.000001 0.000000 0.000000 3.141593
 22 3.044310 -0.436517 0.176983 0.140338 -0.004885 0.034563
 23 1.820337 -0.000001 -0.000001 0.000000 0.000000 0.000000
 24 1.820337 -0.000000 0.000000 0.000000 0.000000 0.000000
 25 1.820338 0.000001 0.000000 0.000000 0.000000 3.141593
 26 3.330763 -0.128977 -0.727984 0.013106 0.174047 0.071026
 27 1.560289 -0.000002 -0.000001 0.000000 0.000000 0.000000
 28 1.560289 0.000003 0.000000 0.000000 0.000000 0.000000
 29 1.560289 0.000001 0.000001 0.000000 0.000000 3.141593
 30 3.208161 0.466229 -1.931736 0.024854 0.330715 0.074094
 31 1.300241 -0.000001 0.000000 0.000000 0.000000 0.000000
 32 1.300241 -0.000001 0.000000 0.000000 0.000000 0.000000
 33 1.300241 -0.000002 0.000000 0.000000 0.000000 3.141593
 34 0.000002 0.002183 1.281930 1.416525 -1.097142 1.359026
 35 7.285013 -0.000001 -0.000000 -0.331227 0.099627 -1.002794
 36 12.538439 0.000001 0.000000 -0.000000 -0.000000 -0.842114
 37 10.782778 -0.000001 -0.000001 -1.584308 0.013659 -0.042372
 38 1.016390 0.059478 -2.003610 0.348822 0.790160 0.431299
 39 1.107951 -0.000000 -0.000000 0.000000 0.000000 0.000000
 40 1.107953 -0.000001 -0.000000 0.000000 0.000000 0.000000
 41 1.107952 -0.000001 0.000000 0.000000 0.000000 0.000000
 42 3.077732 -0.144550 -1.412632 0.003835 0.209388 0.026587
 43 1.560288 -0.000000 -0.000001 0.000000 0.000000 0.000000
 44 1.560290 0.000001 0.000001 0.000000 0.000000 0.000000
 45 1.560289 -0.000000 -0.000001 0.000000 0.000000 0.000000
 46 2.463501 0.093204 -0.291939 -0.000796 -0.000000 -0.000000
 47 1.820338 0.000000 0.000000 0.000000 0.000000 0.000000
 48 1.820338 -0.000000 -0.000000 0.000000 0.000000 0.000000
 49 1.820337 0.000000 -0.000000 0.000000 0.000000 0.000000
 50 3.016627 -0.086194 0.699123 -0.016172 -0.173791 0.088745
 51 1.560289 0.000001 -0.000000 0.000000 0.000000 0.000000
 52 1.560288 0.000001 -0.000000 0.000000 0.000000 0.000000
 53 1.560289 -0.000001 -0.000000 0.000000 0.000000 0.000000
 54 2.733755 0.442844 1.903232 -0.009342 -0.314026 0.027785
 55 1.300243 0.000002 -0.000000 0.000000 0.000000 0.000000
 56 1.300240 -0.000001 0.000000 0.000000 0.000000 0.000000
 57 1.300241 -0.000001 0.000000 0.000000 0.000000 0.000000
 58 -2.349676 0.561343 0.876716 -0.428384 -3.076243 -1.357437
 59 15.353564 -0.000001 0.000000 0.000000 0.000000 -1.791928
 60 19.266844 -0.000002 0.000001 0.615783 -0.091466 -0.383650
 61 4.212049 5.420721 -0.000000 -0.000000 -0.000000 1.570796
 62 0.549398 0.000001 -0.000000 0.000000 0.000000 3.141593
 63 -1.491135 6.563740 -3.233539 0.045683 -2.899338 -1.121275
 64 15.353562 0.000001 0.000002 -0.000000 -0.000000 -1.253663
 65 19.266848 -0.000000 0.000003 1.552427 -0.090198 -0.137478
 66 4.212047 5.420722 -0.000000 -0.000000 -0.000000 1.570796
 67 0.549398 0.000001 0.000000 0.000000 0.000000 0.000000
 68 -38.836460 -1.519708 -0.000050 3.141593 -1.570796 0.000000
time 51
  0 1.644731 24.209732 27.963190 -0.076735 -0.849598 -1.942087
  1 -21.092697 1.421616 -18.489910 0.794151 -0.350233 1.828692
  2 -3.384791 6.915335 -0.000000 0.000000 -0.617722 -1.570795
  3 2.440833 -0.001963 3.436627 -0.907316 0.107007 0.449971
  4 4.761445 -0.003790 0.000002 0.000000 0.000000 0.000000
  5 4.762170 -0.003695 0.000434 -0.117042 0.173615 0.174107
  6 4.762171 -0.003696 0.000439 -0.117042 0.173615 0.174107
  7 4.762264 -0.002031 -0.000001 -0.000000 -0.000001 0.383972
  8 2.746988 0.000000 0.000000 -1.033579 0.087126 -0.615587
  9 9.156625 -0.000000 -0.000002 0.000000 0.000000 0.000000
 10 0.000001 0.002192 -1.281927 0.109856 1.030219 2.851116
 11 7.285011 0.000002 -0.000002 0.732050 0.121674 -0.650691
 12 12.718713 -0.000000 0.000001 0.000000 -0.000000 -0.002719
 13 10.221162 0.000000 -0.000001 1.587147 -0.000747 -0.295752
 14 1.389920 -0.447517 1.936564 -0.210439 -0.761471 0.314906
 15 1.208676 0.000001 0.000000 0.000000 0.000000 0.000000
 16 1.208673 -0.000002 -0.000000 0.000000 0.000000 0.000000
 17 1.208675 0.000001 -0.000000 0.000000 0.000000 3.141593
 18 3.507810 -0.429741 1.193334 0.022860 -0.225875 -0.088311
 19 1.560289 -0.000001 -0.000000 0.000000 0.000000 0.000000
 20 1.560288 -0.000001 -0.000000 0.000000 0.000000 0.000000
 21 1.560289 -0.000001 0.000000 0.000000 0.000000 3.141593
 22 3.044310 -0.436516 0.176984 0.140338 -0.004885 0.034563
 23 1.820337 0.000001 0.000000 0.000000 0.000000 0.000000
 24 1.820337 -0.000002 -0.000000 0.000000 0.000000 0.000000
 25 1.820338 0.000002 -0.000000 0.000000 0.000000 3.141593
 26 3.330763 -0.128977 -0.727985 0.013106 0.174047 0.071026
 27 1.560290 -0.000002 -0.000000 0.000000 0.000000 0.000000
 28 1.560289 -0.000002 0.000000 0.000000 0.000000 0.000000
 29 1.560289 0.000001 0.000000 0.000000 0.000000 3.141593
 30 3.208161 0.466233 -1.931736 0.024854 0.330715 0.074094
 31 1.300241 -0.000004 -0.000000 0.000000 0.000000 0.000000
 32 1.300241 0.000001 -0.000000 0.000000 0.000000 0.000000
 33 1.300242 0.000002 0.000000 0.000000 0.000000 3.141593
 34 0.000001 0.002186 1.281928 1.412804 -1.115994 1.361551
 35 7.285012 0.000002 0.000000 -0.335153 0.073178 -0.963276
 36 12.538439 0.000001 0.000002 -0.000000 -0.000000 -0.859416
 37 10.782781 -0.000000 -0.000001 -1.585370 0.014905 -0.041379
 38 1.016387 0.059480 -2.003610 0.348822 0.790160 0.431299
 39 1.107951 0.000001 -0.000002 0.000000 0.000000 0.000000
 40 1.107953 0.000000 0.000001 0.000000 0.000000 0.000000
 41 1.107952 0.000000 -0.000000 0.000000 0.000000 0.000000
 42 3.077731 -0.144548 -1.412631 0.003835 0.209388 0.026587
 43 1.560290 0.000001 -0.000001 0.000000 0.000000 0.000000
 44 1.560288 -0.000001 0.000000 0.000000 0.000000 0.000000
 45 1.560288 0.000001 0.000001 0.000000 0.000000 0.000000
 46 2.463499 0.093206 -0.291938 -0.000796 0.000000 0.000000
 47 1.820337 0.000001 -0.000000 0.000000 0.000000 0.000000
 48 1.820337 -0.000000 -0.000001 0.000000 0.000000 0.000000
 49 1.820338 -0.000000 0.000000 0.000000 0.000000 0.000000
 50 3.016626 -0.086192 0.699125 -0.016172 -0.173791 0.088745
 51 1.560291 -0.000000 -0.000001 0.000000 0.000000 0.000000
 52 1.560288 -0.000000 0.000001 0.000000 0.000000 0.000000
 53 1.560289 0.000000 0.000000 0.000000 0.000000 0.000000
 54 2.733753 0.442845 1.903232 -0.009342 -0.314026 0.027785
 55 1.300241 -0.000001 -0.000000 0.000000 0.000000 0.000000
 56 1.300242 -0.000000 -0.000000 0.000000 0.000000 0.000000
 57 1.300241 -0.000000 -0.000000 0.000000 0.000000 0.000000
 58 -2.208595 0.662716 0.831688 -0.354332 -3.044360 -1.316705
 59 15.353567 -0.000000 0.000002 -0.000000 -0.000000 -1.970838
 60 19.266848 -0.000002 0.000003 0.607221 -0.036770 -0.451461
 61 4.212047 5.420721 0.000000 -0.000000 -0.000000 1.570796
 62 0.549398 0.000000 0.000001 0.000000 0.000000 3.141593
 63 -1.426224 6.400965 -3.653894 0.050832 -2.899293 -1.016749
 64 15.353563 0.000000 0.000001 -0.000000 -0.000000 -1.186980
 65 19.266844 -0.000001 0.000002 1.564004 -0.195563 -0.142679
 66 4.212047 5.420719 0.000000 -0.000000 -0.000000 1.570796
 67 0.549398 0.000000 -0.000000 0.000000 0.000000 0.000000
 68 -38.836464 -1.519708 -0.000048 -3.141593 -1.570796 0.000000
time 52
  0 1.896590 24.128134 27.995029 0.000018 -0.718915 -2.130835
  1 -18.517254 -0.000376 -21.158930 0.638020 -0.357389 2.011654
  2 -4.141990 6.555584 0.000001 0.000000 -0.598063 -1.570795
  3 2.373109 -0.002183 3.483638 -0.789168 0.078091 0.538371
  4 4.761443 -0.003793 -0.000001 0.000000 0.000000 0.000000
  5 4.762176 -0.003710 0.000311 -0.082734 0.169975 0.179909
  6 4.762170 -0.003706 0.000303 -0.082734 0.169975 0.179909
  7 4.762266 -0.002032 0.000003 -0.000000 -0.000001 0.383972
  8 2.746989 0.000002 -0.000000 -1.020544 0.097349 -0.675753
  9 9.156631 -0.000000 -0.000000 0.000000 0.000000 0.000000
 10 0.000001 0.002194 -1.281929 0.139838 1.049541 2.878287
 11 7.285011 0.000003 0.000000 0.799952 0.120863 -0.677046
 12 12.718714 -0.000001 0.000002 -0.000000 0.000000 -0.002719
 13 10.221162 -0.000001 0.000002 1.587204 0.000177 -0.307255
 14 1.389921 -0.447521 1.936563 -0.210439 -0.761471 0.314906
 15 1.208676 0.000002 0.000000 0.000000 0.000000 0.000000
 16 1.208674 -0.000001 -0.000000 0.000000 0.000000 0.000000
 17 1.208674 -0.000001 -0.000000 0.000000 0.000000 3.141593
 18 3.507810 -0.429743 1.193333 0.022860 -0.225875 -0.088311
 19 1.560290 -0.000000 0.000000 0.000000 0.000000 0.000000
 20 1.560289 -0.000003 -0.000001 0.000000 0.000000 0.000000
 21 1.560289 0.000002 -0.000000 0.000000 0.000000 3.141593
 22 3.044310 -0.436520 0.176983 0.140338 -0.004885 0.034563
 23 1.820337 0.000001 0.000000 0.000000 0.000000 0.000000
 24 1.820338 0.000001 -0.000000 0.000000 0.000000 0.000000
 25 1.820337 0.000001 -0.000000 0.000000 0.000000 3.141593
 26 3.330764 -0.128979 -0.727985 0.013106 0.174047 0.071026
 27 1.560289 0.000002 0.000001 0.000000 0.000000 0.000000
 28 1.560289 0.000001 -0.000000 0.000000 0.000000 0.000000
 29 1.560289 -0.000000 -0.000000 0.000000 0.000000 3.141593
 30 3.208162 0.466228 -1.931736 0.024854 0.330715 0.074094
 31 1.300241 0.000003 0.000000 0.000000 0.000000 0.000000
 32 1.300241 -0.000002 -0.000000 0.000000 0.000000 0.000000
 33 1.300241 -0.000000 -0.000000 0.000000 0.000000 3.141593
 34 0.000001 0.002186 1.281926 1.378736 -1.164353 1.394652
 35 7.285012 0.000000 0.000000 -0.316840 0.073226 -0.901066
 36 12.538442 -0.000002 -0.000002 0.000000 0.000000 -0.880129
 37 10.782780 -0.000000 -0.000000 -1.586184 0.015629 -0.040282
 38 1.016389 0.059480 -2.003609 0.348822 0.790160 0.431299
 39 1.107951 -0.000001 -0.000001 0.000000 0.000000 0.000000
 40 1.107952 0.000001 0.000000 0.000000 0.000000 0.000000
 41 1.107953 -0.000001 0.000001 0.000000 0.000000 0.000000
 42 3.077731 -0.144548 -1.412631 0.003835 0.209388 0.026587
 43 1.560290 0.000001 0.000000 0.000000 0.000000 0.000000
 44 1.560289 -0.000001 0.000000 0.000000 0.000000 0.000000
 45 1.560288 0.000001 0.000000 0.000000 0.000000 0.000000
 46 2.463501 0.093206 -0.291939 -0.000796 0.000000 0.000000
 47 1.820336 -0.000001 0.000000 0.000000 0.000000 0.000000
 48 1.820339 -0.000000 0.000001 0.000000 0.000000 0.000000
 49 1.820338 -0.000000 -0.000000 0.000000 0.000000 0.000000
 50 3.016627 -0.086192 0.699124 -0.016172 -0.173791 0.088745
 51 1.560289 -0.000000 -0.000000 0.000000 0.000000 0.000000
 52 1.560289 -0.000000 0.000000 0.000000 0.000000 0.000000
 53 1.560288 0.000000 0.000000 0.000000 0.000000 0.000000
 54 2.733754 0.442846 1.903232 -0.009342 -0.314026 0.027785
 55 1.300241 0.000001 -0.000001 0.000000 0.000000 0.000000
 56 1.300241 -0.000001 0.000000 0.000000 0.000000 0.000000
 57 1.300240 0.000000 0.000000 0.000000 0.000000 0.000000
 58 -2.044062 0.844547 0.878785 -0.205430 -2.948594 -1.368693
 59 15.353563 -0.000003 0.000002 0.000000 -0.000000 -2.121666
 60 19.266844 -0.000001 0.000001 0.633670 0.055939 -0.536804
 61 4.212044 5.420721 -0.000001 -0.000000 -0.000000 1.570796
 62 0.549398 0.000001 0.000001 0.000000 0.000000 3.141593
 63 -1.472599 6.027957 -4.265702 0.052964 -2.817822 -0.988447
 64 15.353561 -0.000002 0.000002 0.000000 0.000000 -1.086284
 65 19.266842 -0.000000 -0.000001 1.646581 -0.218368 -0.172228
 66 4.212046 5.420721 -0.000001 -0.000000 -0.000000 1.570796
 67 0.549397 0.000000 0.000001 0.000000 0.000000 0.000000
 68 -38.836460 -1.519709 -0.000053 3.141593 -1.570796 0.000000
time 53
  0 2.157407 23.990694 27.167173 0.108791 -0.438182 -2.388173
  1 -11.578792 -2.683076 -24.565273 0.387841 -0.235521 2.317466
  2 -5.010574 5.815017 -0.000000 0.000000 -0.593193 -1.570795
  3 2.356397 -0.002424 3.494737 -0.644157 0.004074 0.640857
  4 4.761445 -0.003791 0.000001 0.000000 0.000000 0.000000
  5 4.762147 -0.003721 0.000157 -0.042698 0.156589 0.180625
  6 4.762150 -0.003722 0.000162 -0.042698 0.156589 0.180625
  7 4.762264 -0.002030 0.000001 -0.000000 -0.000001 0.383972
  8 2.746988 -0.000001 -0.000001 -0.962180 0.034424 -0.740473
  9 9.156628 0.000001 -0.000002 0.000000 0.000000 0.000000
 10 0.000001 0.002189 -1.281927 0.181728 1.093536 2.918619
 11 7.285012 0.000001 -0.000002 0.814159 0.134268 -0.772709
 12 12.718714 -0.000000 0.000003 -0.000000 0.000000 -0.002719
 13 10.221165 0.000000 -0.000003 1.586871 0.002088 -0.318432
 14 1.389921 -0.447518 1.936563 -0.210439 -0.761471 0.314906
 15 1.208674 -0.000003 0.000000 0.000000 0.000000 0.000000
 16 1.208676 0.000001 0.000000 0.000000 0.000000 0.000000
 17 1.208676 0.000002 0.000000 0.000000 0.000000 3.141593
 18 3.507810 -0.429740 1.193333 0.022860 -0.225875 -0.088311
 19 1.560289 -0.000002 0.000000 0.000000 0.000000 0.000000
 20 1.560289 0.000005 0.000000 0.000000 0.000000 0.000000
 21 1.560289 0.000000 -0.000000 0.000000 0.000000 3.141593
 22 3.044311 -0.436513 0.176984 0.140338 -0.004885 0.034563
 23 1.820338 0.000000 0.000000 0.000000 0.000000 0.000000
 24 1.820337 -0.000001 -0.000000 0.000000 0.000000 0.000000
 25 1.820337 -0.000003 -0.000000 0.000000 0.000000 3.141593
 26 3.330764 -0.128974 -0.727984 0.013106 0.174047 0.071026
 27 1.560290 0.000000 0.000001 0.000000 0.000000 0.000000
 28 1.560289 -0.000001 -0.000000 0.000000 0.000000 0.000000
 29 1.560289 -0.000003 -0.000000 0.000000 0.000000 3.141593
 30 3.208162 0.466232 -1.931736 0.024854 0.330715 0.074094
 31 1.300241 0.000001 0.000000 0.000000 0.000000 0.000000
 32 1.300241 0.000000 0.000000 0.000000 0.000000 0.000000
 33 1.300241 0.000000 0.000000 0.000000 0.000000 3.141593
 34 0.000002 0.002185 1.281927 1.319158 -1.232762 1.452077
 35 7.285012 0.000000 0.000001 -0.308249 0.094704 -0.826423
 36 12.538438 -0.000000 0.000000 0.000000 0.000000 -0.901107
 37 10.782778 -0.000000 -0.000001 -1.586592 0.015607 -0.039163
 38 1.016389 0.059479 -2.003610 0.348822 0.790160 0.431299
 39 1.107954 0.000001 0.000001 0.000000 0.000000 0.000000
 40 1.107951 -0.000001 0.000001 0.000000 0.000000 0.000000
 41 1.107952 -0.000001 0.000001 0.000000 0.000000 0.000000
 42 3.077731 -0.144550 -1.412631 0.003835 0.209388 0.026587
 43 1.560291 0.000001 0.000000 0.000000 0.000000 0.000000
 44 1.560288 0.000001 0.000000 0.000000 0.000000 0.000000
 45 1.560289 0.000000 0.000000 0.000000 0.000000 0.000000
 46 2.463500 0.093204 -0.291939 -0.000796 -0.000000 0.000000
 47 1.820339 0.000001 -0.000000 0.000000 0.000000 0.000000
 48 1.820337 0.000001 0.000000 0.000000 0.000000 0.000000
 49 1.820338 -0.000000 -0.000000 0.000000 0.000000 0.000000
 50 3.016627 -0.086193 0.699124 -0.016172 -0.173791 0.088745
 51 1.560289 -0.000001 0.000000 0.000000 0.000000 0.000000
 52 1.560289 0.000000 -0.000000 0.000000 0.000000 0.000000
 53 1.560289 0.000001 -0.000000 0.000000 0.000000 0.000000
 54 2.733754 0.442845 1.903232 -0.009342 -0.314026 0.027785
 55 1.300243 0.000001 -0.000001 0.000000 0.000000 0.000000
 56 1.300240 -0.000001 -0.000000 0.000000 0.000000 0.000000
 57 1.300241 -0.000001 0.000000 0.000000 0.000000 0.000000
 58 -1.888072 1.031866 0.975337 -0.012376 -2.829602 -1.498221
 59 15.353565 -0.000001 0.000004 -0.000000 0.000000 -2.258568
 60 19.266846 -0.000000 -0.000001 0.624744 0.178368 -0.624878
 61 4.212046 5.420719 -0.000002 -0.000000 0.000000 1.570796
 62 0.549398 0.000003 0.000000 0.000000 0.000000 3.141593
 63 -1.858226 5.430841 -4.881981 0.042373 -2.700025 -0.994067
 64 15.353561 -0.000000 0.000002 0.000000 -0.000000 -0.952027
 65 19.266846 -0.000000 0.000003 1.742837 -0.227104 -0.220485
 66 4.212047 5.420719 -0.000000 -0.000000 0.000000 1.570796
 67 0.549398 -0.000000 0.000000 0.000000 0.000000 0.000000
 68 -38.836464 -1.519710 -0.000049 -3.141593 -1.570796 0.000000
time 54
  0 2.411143 23.808125 25.747868 0.149494 -0.031915 -2.648133
  1 -0.825509 -3.851106 -25.568682 0.146776 0.042772 2.648888
  2 -5.731978 4.497385 -0.000001 0.000000 -0.604917 -1.570795
  3 2.397463 -0.002699 3.466257 -0.451982 -0.151371 0.734172
  4 4.761442 -0.003789 -0.000002 0.000000 0.000000 0.000000
  5 4.762079 -0.003741 -0.000027 0.007119 0.129526 0.169010
  6 4.762079 -0.003739 -0.000022 0.007119 0.129526 0.169010
  7 4.762264 -0.002027 -0.000001 -0.000000 -0.000001 0.383972
  8 2.746988 0.000001 -0.000000 -0.940160 -0.021542 -0.770359
  9 9.156630 -0.000002 0.000001 0.000000 0.000000 0.000000
 10 0.000001 0.002193 -1.281928 0.242528 1.158874 2.979759
 11 7.285012 0.000002 -0.000001 0.814551 0.135221 -0.872481
 12 12.718713 -0.000000 -0.000002 0.000000 -0.000000 -0.002719
 13 10.221164 -0.000000 -0.000001 1.586164 0.004940 -0.329114
 14 1.389920 -0.447521 1.936563 -0.210439 -0.761471 0.314906
 15 1.208674 -0.000001 -0.000000 0.000000 0.000000 0.000000
 16 1.208674 -0.000001 -0.000000 0.000000 0.000000 0.000000
 17 1.208675 -0.000001 -0.000000 0.000000 0.000000 3.141593
 18 3.507810 -0.429744 1.193333 0.022860 -0.225875 -0.088311
 19 1.560289 0.000001 0.000000 0.000000 0.000000 0.000000
 20 1.560289 0.000000 -0.000000 0.000000 0.000000 0.000000
 21 1.560289 -0.000001 -0.000000 0.000000 0.000000 3.141593
 22 3.044310 -0.436517 0.176984 0.140338 -0.004885 0.034563
 23 1.820337 -0.000001 -0.000000 0.000000 0.000000 0.000000
 24 1.820337 -0.000000 0.000000 0.000000 0.000000 0.000000
 25 1.820338 0.000001 0.000000 0.000000 0.000000 3.141593
 26 3.330763 -0.128978 -0.727984 0.013106 0.174047 0.071026
 27 1.560289 -0.000003 -0.000001 0.000000 0.000000 0.000000
 28 1.560289 0.000002 0.000000 0.000000 0.000000 0.000000
 29 1.560289 -0.000001 0.000000 0.000000 0.000000 3.141593
 30 3.208161 0.466227 -1.931737 0.024854 0.330715 0.074094
 31 1.300241 0.000002 0.000001 0.000000 0.000000 0.000000
 32 1.300241 -0.000001 -0.000000 0.000000 0.000000 0.000000
 33 1.300241 -0.000002 -0.000000 0.000000 0.000000 3.141593
 34 0.000001 0.002185 1.281926 1.322441 -1.276320 1.445071
 35 7.285013 0.000002 0.000001 -0.284988 0.068394 -0.867428
 36 12.538440 -0.000001 0.000001 -0.000000 -0.000000 -0.898822
 37 10.782780 -0.000001 0.000002 -1.585787 0.014031 -0.038986
 38 1.016389 0.059478 -2.003610 0.348822 0.790160 0.431299
 39 1.107951 -0.000001 0.000000 0.000000 0.000000 0.000000
 40 1.107953 -0.000001 0.000001 0.000000 0.000000 0.000000
 41 1.107952 -0.000001 -0.000001 0.000000 0.000000 0.000000
 42 3.077731 -0.144550 -1.412631 0.003835 0.209388 0.026587
 43 1.560290 -0.000001 -0.000000 0.000000 0.000000 0.000000
 44 1.560289 0.000002 0.000000 0.000000 0.000000 0.000000
 45 1.560289 -0.000001 0.000000 0.000000 0.000000 0.000000
 46 2.463499 0.093203 -0.291938 -0.000796 -0.000000 0.000000
 47 1.820337 -0.000000 -0.000000 0.000000 0.000000 0.000000
 48 1.820338 -0.000000 -0.000000 0.000000 0.000000 0.000000
 49 1.820338 -0.000000 0.000000 0.000000 0.000000 0.000000
 50 3.016625 -0.086194 0.699124 -0.016172 -0.173791 0.088745
 51 1.560289 0.000001 -0.000000 0.000000 0.000000 0.000000
 52 1.560288 0.000001 -0.000000 0.000000 0.000000 0.000000
 53 1.560289 -0.000001 -0.000000 0.000000 0.000000 0.000000
 54 2.733753 0.442844 1.903232 -0.009342 -0.314026 0.027785
 55 1.300240 -0.000000 0.000001 0.000000 0.000000 0.000000
 56 1.300242 0.000000 -0.000000 0.000000 0.000000 0.000000
 57 1.300241 0.000000 -0.000001 0.000000 0.000000 0.000000
 58 -1.728090 1.244859 1.118247 -2.973325 -0.291105 1.488875
 59 15.353563 0.000002 0.000001 0.000000 0.000000 -2.309607
 60 19.266844 0.000001 -0.000001 0.537414 0.192028 -0.669450
 61 4.212045 5.420720 0.000001 -0.000000 0.000000 1.570796
 62 0.549398 -0.000000 -0.000000 0.000000 0.000000 3.141593
 63 -2.832690 4.407583 -5.396126 0.090226 -2.657010 -1.039018
 64 15.353561 -0.000000 0.000002 0.000000 0.000000 -0.814518
 65 19.266842 -0.000002 0.000002 1.748675 -0.283540 -0.247290
 66 4.212046 5.420721 -0.000000 -0.000000 -0.000000 1.570796
 67 0.549397 -0.000000 -0.000001 0.000000 0.000000 0.000000
 68 -38.836460 -1.519709 -0.000051 3.141593 -1.570796 0.000000
time 55
  0 2.641757 23.591131 24.728985 0.103622 0.380127 -2.905577
  1 9.220804 -2.387057 -22.953634 0.015454 0.393046 2.928606
  2 -5.886320 2.716165 0.000000 0.000000 -0.639610 -1.570795
  3 2.516507 -0.002812 3.380256 -0.230077 -0.357246 0.790652
  4 4.761443 -0.003787 -0.000004 0.000000 -0.000000 -0.000000
  5 4.761992 -0.003746 -0.000236 0.063083 0.093878 0.150493
  6 4.761988 -0.003743 -0.000240 0.063083 0.093879 0.150493
  7 4.762265 -0.002030 0.000001 -0.000000 -0.000001 0.383972
  8 2.746989 -0.000002 -0.000001 -0.965408 -0.056403 -0.784918
  9 9.156629 0.000002 -0.000000 0.000000 0.000000 0.000000
 10 0.000001 0.002188 -1.281927 0.324597 1.232009 3.064141
 11 7.285011 0.000000 0.000000 0.861361 0.140714 -0.915346
 12 12.718715 0.000001 -0.000000 -0.000000 0.000000 -0.002719
 13 10.221167 -0.000000 -0.000000 1.585243 0.008266 -0.340540
 14 1.389920 -0.447517 1.936564 -0.210439 -0.761471 0.314906
 15 1.208675 -0.000001 -0.000000 0.000000 0.000000 0.000000
 16 1.208675 0.000001 0.000000 0.000000 0.000000 0.000000
 17 1.208675 0.000001 0.000000 0.000000 0.000000 3.141593
 18 3.507810 -0.429741 1.193334 0.022860 -0.225875 -0.088311
 19 1.560289 -0.000001 -0.000000 0.000000 0.000000 0.000000
 20 1.560289 -0.000001 0.000001 0.000000 0.000000 0.000000
 21 1.560289 -0.000001 0.000000 0.000000 0.000000 3.141593
 22 3.044310 -0.436514 0.176984 0.140338 -0.004885 0.034563
 23 1.820337 -0.000001 -0.000000 0.000000 0.000000 0.000000
 24 1.820338 -0.000001 0.000001 0.000000 0.000000 0.000000
 25 1.820338 0.000000 -0.000000 0.000000 0.000000 3.141593
 26 3.330763 -0.128974 -0.727984 0.013106 0.174047 0.071026
 27 1.560289 0.000000 -0.000000 0.000000 0.000000 0.000000
 28 1.560289 -0.000000 -0.000000 0.000000 0.000000 0.000000
 29 1.560289 -0.000000 -0.000000 0.000000 0.000000 3.141593
 30 3.208161 0.466233 -1.931736 0.024854 0.330715 0.074094
 31 1.300241 -0.000000 -0.000000 0.000000 0.000000 0.000000
 32 1.300241 0.000000 0.000000 0.000000 0.000000 0.000000
 33 1.300241 0.000001 0.000000 0.000000 0.000000 3.141593
 34 0.000001 0.002183 1.281926 1.448412 -1.279529 1.313737
 35 7.285013 -0.000001 0.000001 -0.311772 0.021132 -1.050465
 36 12.538437 0.000003 0.000000 -0.000000 -0.000000 -0.863980
 37 10.782780 -0.000000 0.000001 -1.583491 0.010806 -0.040139
 38 1.016389 0.059478 -2.003610 0.348822 0.790160 0.431299
 39 1.107952 0.000002 0.000001 0.000000 0.000000 0.000000
 40 1.107951 -0.000001 -0.000002 0.000000 0.000000 0.000000
 41 1.107953 -0.000001 0.000000 0.000000 0.000000 0.000000
 42 3.077732 -0.144551 -1.412631 0.003835 0.209388 0.026587
 43 1.560289 -0.000001 0.000000 0.000000 0.000000 0.000000
 44 1.560289 -0.000000 -0.000000 0.000000 0.000000 0.000000
 45 1.560288 -0.000000 0.000000 0.000000 0.000000 0.000000
 46 2.463501 0.093203 -0.291938 -0.000796 -0.000000 0.000000
 47 1.820338 -0.000001 -0.000000 0.000000 0.000000 0.000000
 48 1.820337 -0.000001 -0.000000 0.000000 0.000000 0.000000
 49 1.820337 -0.000001 0.000000 0.000000 0.000000 0.000000
 50 3.016627 -0.086194 0.699124 -0.016172 -0.173791 0.088745
 51 1.560288 -0.000002 -0.000000 0.000000 0.000000 0.000000
 52 1.560290 0.000000 -0.000000 0.000000 0.000000 0.000000
 53 1.560289 0.000001 0.000000 0.000000 0.000000 0.000000
 54 2.733755 0.442842 1.903233 -0.009342 -0.314026 0.027785
 55 1.300242 0.000001 -0.000000 0.000000 0.000000 0.000000
 56 1.300241 0.000001 0.000000 0.000000 0.000000 0.000000
 57 1.300242 0.000001 -0.000000 0.000000 0.000000 0.000000
 58 -1.557686 1.542226 1.267973 -2.908131 -0.140967 1.391210
 59 15.353567 0.000001 -0.000001 0.000000 0.000000 -2.251617
 60 19.266846 -0.000002 0.000000 0.383565 0.065411 -0.621751
 61 4.212048 5.420721 -0.000001 -0.000000 0.000000 1.570796
 62 0.549398 0.000000 0.000000 0.000000 0.000000 3.141593
 63 -4.119309 3.107292 -5.413995 0.114089 -2.726229 -1.090699
 64 15.353561 -0.000000 -0.000001 0.000000 -0.000000 -0.678802
 65 19.266846 -0.000002 -0.000002 1.606416 -0.428533 -0.157423
 66 4.212047 5.420721 0.000002 -0.000000 -0.000000 1.570796
 67 0.549398 0.000000 0.000000 0.000000 0.000000 0.000000
 68 -38.836464 -1.519708 -0.000047 3.141593 -1.570796 0.000000
time 56
  0 2.833212 23.350431 24.846395 0.000070 0.679974 3.127052
  1 15.699681 -0.001367 -19.415457 0.011848 0.679887 -3.122836
  2 -5.547153 1.127992 0.000001 0.000000 -0.699927 -1.570795
  3 2.715882 -0.002711 3.221934 -0.055460 -0.517413 0.800920
  4 4.761444 -0.003788 -0.000000 0.000000 0.000000 0.000000
  5 4.761939 -0.003742 -0.000390 0.103344 0.060788 0.137339
  6 4.761937 -0.003735 -0.000392 0.103344 0.060788 0.137339
  7 4.762265 -0.002028 -0.000000 -0.000000 -0.000001 0.383972
  8 2.746988 0.000001 0.000001 -0.931241 -0.110279 -0.813380
  9 9.156626 -0.000001 -0.000001 0.000000 0.000000 0.000000
 10 0.000001 0.002192 -1.281926 0.423337 1.300399 -3.116717
 11 7.285011 0.000001 -0.000000 0.901649 0.178514 -0.931165
 12 12.718713 0.000001 -0.000002 -0.000000 -0.000000 -0.002719
 13 10.221162 0.000001 0.000002 1.584272 0.011605 -0.353944
 14 1.389921 -0.447520 1.936563 -0.210439 -0.761471 0.314906
 15 1.208675 -0.000001 0.000000 0.000000 0.000000 0.000000
 16 1.208675 0.000002 -0.000000 0.000000 0.000000 0.000000
 17 1.208675 0.000001 0.000000 0.000000 0.000000 3.141593
 18 3.507809 -0.429743 1.193334 0.022860 -0.225875 -0.088311
 19 1.560289 0.000002 0.000000 0.000000 0.000000 0.000000
 20 1.560289 0.000001 -0.000000 0.000000 0.000000 0.000000
 21 1.560289 0.000000 -0.000000 0.000000 0.000000 3.141593
 22 3.044310 -0.436517 0.176984 0.140338 -0.004885 0.034563
 23 1.820337 0.000003 -0.000000 0.000000 0.000000 0.000000
 24 1.820338 -0.000002 0.000001 0.000000 0.000000 0.000000
 25 1.820337 -0.000002 -0.000000 0.000000 0.000000 3.141593
 26 3.330763 -0.128977 -0.727985 0.013106 0.174047 0.071026
 27 1.560289 -0.000001 0.000000 0.000000 0.000000 0.000000
 28 1.560289 0.000001 -0.000000 0.000000 0.000000 0.000000
 29 1.560289 0.000002 -0.000000 0.000000 0.000000 3.141593
 30 3.208161 0.466230 -1.931736 0.024854 0.330715 0.074094
 31 1.300241 -0.000001 -0.000000 0.000000 0.000000 0.000000
 32 1.300241 -0.000001 0.000000 0.000000 0.000000 0.000000
 33 1.300241 -0.000001 0.000000 0.000000 0.000000 3.141593
 34 0.000000 0.002185 1.281928 1.615719 -1.257298 1.138807
 35 7.285012 -0.000002 -0.000000 -0.476613 0.012105 -1.221905
 36 12.538437 -0.000000 0.000001 0.000000 -0.000000 -0.811694
 37 10.782779 -0.000000 0.000001 -1.580325 0.006603 -0.042013
 38 1.016389 0.059479 -2.003610 0.348822 0.790160 0.431299
 39 1.107951 0.000001 -0.000001 0.000000 0.000000 0.000000
 40 1.107952 -0.000001 0.000001 0.000000 0.000000 0.000000
 41 1.107952 -0.000000 -0.000001 0.000000 0.000000 0.000000
 42 3.077730 -0.144550 -1.412631 0.003835 0.209388 0.026587
 43 1.560289 -0.000000 -0.000001 0.000000 0.000000 0.000000
 44 1.560288 0.000001 0.000000 0.000000 0.000000 0.000000
 45 1.560289 -0.000001 0.000000 0.000000 0.000000 0.000000
 46 2.463500 0.093205 -0.291938 -0.000796 -0.000000 -0.000000
 47 1.820337 -0.000001 -0.000001 0.000000 0.000000 0.000000
 48 1.820338 -0.000002 0.000001 0.000000 0.000000 0.000000
 49 1.820337 0.000000 -0.000001 0.000000 0.000000 0.000000
 50 3.016626 -0.086194 0.699124 -0.016172 -0.173791 0.088745
 51 1.560290 0.000000 -0.000000 0.000000 0.000000 0.000000
 52 1.560288 -0.000000 0.000000 0.000000 0.000000 0.000000
 53 1.560288 -0.000001 0.000000 0.000000 0.000000 0.000000
 54 2.733754 0.442844 1.903232 -0.009342 -0.314026 0.027785
 55 1.300241 0.000001 0.000001 0.000000 0.000000 0.000000
 56 1.300241 -0.000002 0.000000 0.000000 0.000000 0.000000
 57 1.300242 -0.000000 -0.000000 0.000000 0.000000 0.000000
 58 -1.423250 1.875879 1.423285 -2.964495 -0.029712 1.329685
 59 15.353563 0.000000 0.000001 -0.000000 0.000000 -2.133348
 60 19.266846 -0.000001 -0.000000 0.196475 -0.049681 -0.459547
 61 4.212046 5.420720 -0.000000 -0.000000 0.000000 1.570796
 62 0.549398 0.000000 0.000000 0.000000 0.000000 3.141593
 63 -5.046586 2.228768 -4.933361 0.024286 -2.831223 -1.102372
 64 15.353563 -0.000000 0.000001 0.000000 -0.000000 -0.539833
 65 19.266846 -0.000002 0.000001 1.368125 -0.583709 0.042044
 66 4.212046 5.420720 -0.000000 -0.000000 -0.000000 1.570796
 67 0.549398 0.000000 -0.000001 0.000000 0.000000 0.000000
 68 -38.836464 -1.519709 -0.000049 -3.141593 -1.570796 0.000000
time 57
  0 2.969468 23.096725 25.592293 -0.067493 0.860819 2.936250
  1 19.501410 1.130406 -16.723093 0.134888 0.854900 -2.905726
  2 -5.316453 -0.214099 -0.000001 0.000000 -0.782083 -1.570795
  3 2.971253 -0.002577 2.988213 0.002944 -0.608345 0.821340
  4 4.761445 -0.003792 0.000000 0.000000 0.000000 0.000000
  5 4.761946 -0.003731 -0.000440 0.116324 0.029006 0.137049
  6 4.761947 -0.003734 -0.000440 0.116324 0.029006 0.137050
  7 4.762265 -0.002032 0.000002 -0.000000 -0.000001 0.383972
  8 2.746988 0.000001 0.000001 -0.806708 -0.139961 -0.901216
  9 9.156627 0.000001 -0.000000 0.000000 0.000000 0.000000
 10 0.000001 0.002193 -1.281927 0.501015 1.369019 -3.033933
 11 7.285012 0.000001 0.000001 0.922014 0.249637 -0.910578
 12 12.718716 -0.000001 -0.000003 0.000000 -0.000000 0.004759
 13 10.221167 0.000000 -0.000000 1.583257 0.015098 -0.376112
 14 1.389921 -0.447518 1.936564 -0.210439 -0.761471 0.314906
 15 1.208675 0.000002 0.000000 0.000000 0.000000 0.000000
 16 1.208673 -0.000003 -0.000001 0.000000 0.000000 0.000000
 17 1.208675 0.000001 -0.000000 0.000000 0.000000 3.141593
 18 3.507810 -0.429744 1.193333 0.022860 -0.225875 -0.088311
 19 1.560289 -0.000001 0.000000 0.000000 0.000000 0.000000
 20 1.560289 0.000000 -0.000001 0.000000 0.000000 0.000000
 21 1.560289 0.000001 0.000000 0.000000 0.000000 3.141593
 22 3.044310 -0.436517 0.176984 0.140338 -0.004885 0.034563
 23 1.820338 -0.000000 0.000001 0.000000 0.000000 0.000000
 24 1.820338 0.000001 -0.000000 0.000000 0.000000 0.000000
 25 1.820337 0.000000 0.000000 0.000000 0.000000 3.141593
 26 3.330763 -0.128976 -0.727984 0.013106 0.174047 0.071026
 27 1.560289 -0.000000 -0.000000 0.000000 0.000000 0.000000
 28 1.560289 -0.000001 -0.000000 0.000000 0.000000 0.000000
 29 1.560289 -0.000001 -0.000000 0.000000 0.000000 3.141593
 30 3.208162 0.466232 -1.931735 0.024854 0.330715 0.074094
 31 1.300241 0.000000 0.000000 0.000000 0.000000 0.000000
 32 1.300241 0.000001 0.000000 0.000000 0.000000 0.000000
 33 1.300241 0.000001 0.000000 0.000000 0.000000 3.141593
 34 0.000002 0.002186 1.281927 1.761436 -1.217188 0.983148
 35 7.285014 -0.000001 0.000001 -0.726172 -0.025969 -1.281968
 36 12.538442 -0.000002 0.000000 0.000000 0.000000 -0.755042
 37 10.782779 0.000000 0.000001 -1.576826 0.001752 -0.044079
 38 1.016388 0.059478 -2.003610 0.348822 0.790160 0.431299
 39 1.107953 -0.000002 -0.000000 0.000000 0.000000 0.000000
 40 1.107951 0.000000 -0.000001 0.000000 0.000000 0.000000
 41 1.107952 0.000001 -0.000001 0.000000 0.000000 0.000000
 42 3.077732 -0.144550 -1.412631 0.003835 0.209388 0.026587
 43 1.560289 -0.000001 -0.000000 0.000000 0.000000 0.000000
 44 1.560289 0.000001 -0.000001 0.000000 0.000000 0.000000
 45 1.560289 -0.000000 -0.000001 0.000000 0.000000 0.000000
 46 2.463501 0.093205 -0.291939 -0.000796 0.000000 0.000000
 47 1.820337 -0.000000 0.000001 0.000000 0.000000 0.000000
 48 1.820338 -0.000001 -0.000001 0.000000 0.000000 0.000000
 49 1.820337 0.000001 -0.000001 0.000000 0.000000 0.000000
 50 3.016627 -0.086194 0.699123 -0.016172 -0.173791 0.088745
 51 1.560290 0.000001 -0.000002 0.000000 0.000000 0.000000
 52 1.560289 -0.000002 -0.000001 0.000000 0.000000 0.000000
 53 1.560289 -0.000000 -0.000000 0.000000 0.000000 0.000000
 54 2.733754 0.442845 1.903231 -0.009342 -0.314026 0.027785
 55 1.300241 -0.000000 -0.000000 0.000000 0.000000 0.000000
 56 1.300242 0.000001 0.000001 0.000000 0.000000 0.000000
 57 1.300242 -0.000000 0.000000 0.000000 0.000000 0.000000
 58 -1.274004 2.181919 1.702766 -3.059776 -0.010548 1.250770
 59 15.353564 0.000002 -0.000000 0.000000 -0.000000 -1.990743
 60 19.266850 -0.000001 0.000000 0.061189 -0.070024 -0.232215
 61 4.212047 5.420720 -0.000001 -0.000000 -0.000000 1.570796
 62 0.549397 -0.000000 0.000000 0.000000 0.000000 3.141593
 63 -5.460489 2.164204 -4.308314 -0.054841 -2.899335 -1.116558
 64 15.353567 -0.000000 0.000001 0.000000 -0.000000 -0.412794
 65 19.266846 -0.000001 0.000000 1.115805 -0.612835 0.198031
 66 4.212046 5.420722 -0.000001 -0.000000 -0.000000 1.570796
 67 0.549398 -0.000000 0.000001 0.000000 0.000000 0.000000
 68 -38.836464 -1.519713 -0.000049 -3.141593 -1.570796 0.000000
time 58
  0 3.034483 22.840729 26.519392 -0.068727 0.991863 2.814094
  1 22.300413 1.001015 -14.542139 0.357018 0.948903 -2.666485
  2 -5.278169 -1.383856 -0.000000 0.000000 -0.882298 -1.570795
  3 3.255401 -0.002492 2.676264 -0.007067 -0.652264 0.857753
  4 4.761445 -0.003793 0.000000 0.000000 0.000000 0.000000
  5 4.761986 -0.003728 -0.000427 0.112891 -0.001283 0.144136
  6 4.761984 -0.003731 -0.000426 0.112891 -0.001283 0.144136
  7 4.762264 -0.002027 0.000000 -0.000000 -0.000001 0.383972
  8 2.746989 -0.000001 0.000000 -0.721367 -0.110933 -1.000904
  9 9.156628 -0.000001 -0.000001 0.000000 0.000000 0.000000
 10 0.000001 0.002191 -1.281928 0.605850 1.441224 -2.924446
 11 7.285013 0.000004 -0.000001 0.946676 0.319225 -0.837666
 12 12.718714 0.000001 -0.000000 -0.000000 -0.000000 0.012237
 13 10.221163 -0.000001 0.000002 1.582023 0.018874 -0.401066
 14 1.389920 -0.447519 1.936564 -0.210439 -0.761471 0.314906
 15 1.208676 0.000003 0.000001 0.000000 0.000000 0.000000
 16 1.208674 -0.000002 -0.000000 0.000000 0.000000 0.000000
 17 1.208674 -0.000003 -0.000000 0.000000 0.000000 3.141593
 18 3.507809 -0.429745 1.193333 0.022860 -0.225875 -0.088311
 19 1.560289 0.000002 0.000001 0.000000 0.000000 0.000000
 20 1.560289 -0.000000 -0.000000 0.000000 0.000000 0.000000
 21 1.560288 -0.000001 -0.000001 0.000000 0.000000 3.141593
 22 3.044310 -0.436518 0.176983 0.140338 -0.004885 0.034563
 23 1.820338 0.000003 0.000001 0.000000 0.000000 0.000000
 24 1.820337 -0.000003 -0.000001 0.000000 0.000000 0.000000
 25 1.820337 -0.000001 -0.000001 0.000000 0.000000 3.141593
 26 3.330763 -0.128978 -0.727985 0.013106 0.174047 0.071026
 27 1.560289 0.000002 -0.000001 0.000000 0.000000 0.000000
 28 1.560289 -0.000001 0.000001 0.000000 0.000000 0.000000
 29 1.560289 -0.000001 -0.000000 0.000000 0.000000 3.141593
 30 3.208161 0.466228 -1.931737 0.024854 0.330715 0.074094
 31 1.300241 0.000001 0.000001 0.000000 0.000000 0.000000
 32 1.300241 0.000000 0.000000 0.000000 0.000000 0.000000
 33 1.300241 -0.000000 -0.000000 0.000000 0.000000 3.141593
 34 -0.000001 0.002182 1.281927 1.862449 -1.173536 0.871283
 35 7.285012 -0.000001 0.000001 -0.934294 -0.105311 -1.258613
 36 12.538438 0.000001 -0.000001 0.000000 -0.000000 -0.707101
 37 10.782779 0.000002 -0.000001 -1.573541 -0.003416 -0.045800
 38 1.016388 0.059478 -2.003609 0.348822 0.790160 0.431299
 39 1.107952 -0.000000 -0.000002 0.000000 0.000000 0.000000
 40 1.107953 -0.000000 0.000000 0.000000 0.000000 0.000000
 41 1.107952 -0.000001 0.000000 0.000000 0.000000 0.000000
 42 3.077731 -0.144550 -1.412631 0.003835 0.209388 0.026587
 43 1.560289 -0.000001 -0.000002 0.000000 0.000000 0.000000
 44 1.560288 0.000000 0.000000 0.000000 0.000000 0.000000
 45 1.560288 0.000000 0.000001 0.000000 0.000000 0.000000
 46 2.463500 0.093204 -0.291939 -0.000796 0.000000 -0.000000
 47 1.820338 0.000001 -0.000000 0.000000 0.000000 0.000000
 48 1.820336 -0.000001 0.000000 0.000000 0.000000 0.000000
 49 1.820337 -0.000000 0.000000 0.000000 0.000000 0.000000
 50 3.016626 -0.086193 0.699124 -0.016172 -0.173791 0.088745
 51 1.560289 0.000000 0.000000 0.000000 0.000000 0.000000
 52 1.560288 0.000001 0.000002 0.000000 0.000000 0.000000
 53 1.560289 -0.000000 0.000000 0.000000 0.000000 0.000000
 54 2.733754 0.442845 1.903232 -0.009342 -0.314026 0.027785
 55 1.300240 -0.000000 0.000002 0.000000 0.000000 0.000000
 56 1.300241 0.000000 -0.000000 0.000000 0.000000 0.000000
 57 1.300241 0.000000 -0.000000 0.000000 0.000000 0.000000
 58 -1.092102 2.449214 2.092680 -3.107735 -0.017957 1.146020
 59 15.353567 -0.000001 0.000002 -0.000000 0.000000 -1.859748
 60 19.266848 0.000001 0.000000 0.032247 -0.051846 -0.040694
 61 4.212047 5.420720 0.000001 -0.000000 0.000000 1.570796
 62 0.549398 0.000001 -0.000000 0.000000 0.000000 3.141593
 63 -5.538468 2.490339 -3.728677 -0.035833 -2.940597 -1.132078
 64 15.353562 0.000001 0.000003 0.000000 -0.000000 -0.294412
 65 19.266844 -0.000002 0.000001 0.878870 -0.471587 0.208748
 66 4.212046 5.420720 -0.000000 -0.000000 -0.000000 1.570796
 67 0.549398 -0.000000 0.000000 0.000000 0.000000 0.000000
 68 -38.836464 -1.519707 -0.000051 -3.141593 -1.570796 0.000000
time 59
  0 3.012219 22.593151 27.533648 -0.024504 1.078113 2.758830
  1 24.366816 0.320506 -13.077143 0.574716 0.972356 -2.463614
  2 -5.406271 -1.978157 -0.000000 0.000000 -0.996787 -1.570795
  3 3.539883 -0.002449 2.287142 0.003946 -0.624720 0.867668
  4 4.761445 -0.003788 -0.000000 0.000000 0.000000 0.000000
  5 4.762026 -0.003724 -0.000396 0.104534 -0.017945 0.152619
  6 4.762024 -0.003729 -0.000393 0.104534 -0.017945 0.152619
  7 4.762264 -0.002030 -0.000000 -0.000000 -0.000001 0.383972
  8 2.746989 -0.000000 -0.000000 -0.706645 -0.101661 -1.032953
  9 9.156627 0.000001 -0.000000 0.000000 0.000000 0.000000
 10 0.000002 0.002190 -1.281928 1.049789 1.492701 -2.477891
 11 7.285011 0.000003 0.000001 0.967033 0.360161 -0.783787
 12 12.718713 -0.000002 0.000002 0.000000 0.000000 -0.002719
 13 10.221166 0.000001 -0.000003 1.580569 0.022477 -0.410905
 14 1.389920 -0.447519 1.936565 -0.210439 -0.761471 0.314906
 15 1.208676 -0.000001 0.000000 0.000000 0.000000 0.000000
 16 1.208673 -0.000003 -0.000001 0.000000 0.000000 0.000000
 17 1.208675 0.000002 0.000000 0.000000 0.000000 3.141593
 18 3.507809 -0.429743 1.193335 0.022860 -0.225875 -0.088311
 19 1.560289 -0.000001 -0.000000 0.000000 0.000000 0.000000
 20 1.560289 -0.000002 0.000000 0.000000 0.000000 0.000000
 21 1.560289 -0.000002 0.000000 0.000000 0.000000 3.141593
 22 3.044309 -0.436519 0.176984 0.140338 -0.004885 0.034563
 23 1.820338 0.000003 0.000002 0.000000 0.000000 0.000000
 24 1.820338 -0.000001 -0.000001 0.000000 0.000000 0.000000
 25 1.820337 -0.000002 -0.000001 0.000000 0.000000 3.141593
 26 3.330763 -0.128977 -0.727983 0.013106 0.174047 0.071026
 27 1.560289 0.000001 0.000000 0.000000 0.000000 0.000000
 28 1.560289 -0.000001 -0.000002 0.000000 0.000000 0.000000
 29 1.560289 0.000000 0.000000 0.000000 0.000000 3.141593
 30 3.208161 0.466229 -1.931735 0.024854 0.330715 0.074094
 31 1.300241 -0.000001 0.000000 0.000000 0.000000 0.000000
 32 1.300241 -0.000003 -0.000002 0.000000 0.000000 0.000000
 33 1.300241 0.000001 0.000001 0.000000 0.000000 3.141593
 34 0.000000 0.002182 1.281928 1.954350 -1.119952 0.764558
 35 7.285011 -0.000002 0.000003 -1.078737 -0.176872 -1.243805
 36 12.538440 -0.000001 -0.000002 0.000000 -0.000000 -0.669202
 37 10.782777 0.000001 -0.000001 -1.570007 -0.010613 -0.047026
 38 1.016388 0.059477 -2.003611 0.348822 0.790160 0.431299
 39 1.107952 -0.000001 -0.000000 0.000000 0.000000 0.000000
 40 1.107952 0.000001 0.000000 0.000000 0.000000 0.000000
 41 1.107953 -0.000000 0.000000 0.000000 0.000000 0.000000
 42 3.077730 -0.144550 -1.412631 0.003835 0.209388 0.026587
 43 1.560290 0.000001 -0.000000 0.000000 0.000000 0.000000
 44 1.560289 -0.000000 -0.000000 0.000000 0.000000 0.000000
 45 1.560289 -0.000000 0.000000 0.000000 0.000000 0.000000
 46 2.463500 0.093204 -0.291940 -0.000796 -0.000000 0.000000
 47 1.820337 -0.000001 0.000000 0.000000 0.000000 0.000000
 48 1.820337 0.000001 0.000001 0.000000 0.000000 0.000000
 49 1.820337 0.000001 0.000001 0.000000 0.000000 0.000000
 50 3.016626 -0.086193 0.699123 -0.016172 -0.173791 0.088745
 51 1.560289 -0.000000 0.000001 0.000000 0.000000 0.000000
 52 1.560289 -0.000001 -0.000002 0.000000 0.000000 0.000000
 53 1.560289 0.000000 0.000000 0.000000 0.000000 0.000000
 54 2.733753 0.442844 1.903231 -0.009342 -0.314026 0.027785
 55 1.300242 -0.000002 0.000000 0.000000 0.000000 0.000000
 56 1.300241 0.000001 0.000001 0.000000 0.000000 0.000000
 57 1.300241 0.000001 0.000001 0.000000 0.000000 0.000000
 58 -1.050588 2.711558 2.442658 -3.121862 0.010585 1.052209
 59 15.353563 -0.000000 0.000001 0.000000 0.000000 -1.739866
 60 19.266846 -0.000000 0.000001 0.091788 -0.056277 0.087706
 61 4.212047 5.420721 0.000000 -0.000000 0.000000 1.570796
 62 0.549397 0.000001 -0.000000 0.000000 0.000000 3.141593
 63 -5.334942 2.688098 -3.499042 0.003466 -3.020617 -1.103177
 64 15.353564 0.000001 0.000003 0.000000 -0.000000 -0.178925
 65 19.266848 -0.000001 0.000001 0.628033 -0.251239 0.125170
 66 4.212046 5.420719 0.000001 -0.000000 -0.000000 1.570796
 67 0.549397 -0.000000 -0.000001 0.000000 0.000000 0.000000
 68 -38.836468 -1.519708 -0.000052 3.141593 -1.570796 0.000000
time 60
  0 2.761251 22.297779 28.480850 0.000182 1.114697 2.725533
  1 25.679333 -0.002293 -12.598289 0.689314 0.963359 -2.354418
  2 -5.638300 -2.015422 -0.000000 0.000000 -1.121770 -1.570795
  3 3.797419 -0.002416 1.828208 0.059064 -0.533781 0.848537
  4 4.761445 -0.003790 0.000000 0.000000 0.000000 0.000000
  5 4.762052 -0.003726 -0.000366 0.096432 -0.020090 0.160053
  6 4.762053 -0.003723 -0.000364 0.096432 -0.020090 0.160053
  7 4.762265 -0.002028 0.000002 -0.000000 -0.000001 0.383972
  8 2.746989 0.000001 -0.000000 -0.721444 -0.129942 -1.006240
  9 9.156627 0.000000 -0.000001 0.000000 0.000000 0.000000
 10 0.000001 0.002192 -1.281930 -1.267340 1.676975 1.491099
 11 7.285013 -0.000002 -0.000001 1.013189 0.337577 -0.801637
 12 12.718715 0.000000 -0.000003 0.000000 -0.000000 -0.070019
 13 10.221165 -0.000001 0.000003 1.578633 0.026414 -0.388835
 14 1.389920 -0.447518 1.936563 -0.210439 -0.761471 0.314906
 15 1.208675 0.000001 -0.000000 0.000000 0.000000 0.000000
 16 1.208674 0.000001 -0.000000 0.000000 0.000000 0.000000
 17 1.208675 0.000001 -0.000000 0.000000 0.000000 3.141593
 18 3.507809 -0.429743 1.193333 0.022860 -0.225875 -0.088311
 19 1.560289 -0.000000 -0.000000 0.000000 0.000000 0.000000
 20 1.560289 -0.000000 -0.000000 0.000000 0.000000 0.000000
 21 1.560289 -0.000000 -0.000001 0.000000 0.000000 3.141593
 22 3.044310 -0.436516 0.176984 0.140338 -0.004885 0.034563
 23 1.820338 -0.000000 0.000001 0.000000 0.000000 0.000000
 24 1.820338 -0.000003 -0.000002 0.000000 0.000000 0.000000
 25 1.820337 0.000002 0.000000 0.000000 0.000000 3.141593
 26 3.330763 -0.128976 -0.727983 0.013106 0.174047 0.071026
 27 1.560289 0.000000 0.000002 0.000000 0.000000 0.000000
 28 1.560289 -0.000001 -0.000001 0.000000 0.000000 0.000000
 29 1.560289 -0.000002 -0.000001 0.000000 0.000000 3.141593
 30 3.208161 0.466231 -1.931736 0.024854 0.330715 0.074094
 31 1.300241 -0.000001 -0.000001 0.000000 0.000000 0.000000
 32 1.300242 0.000002 0.000002 0.000000 0.000000 0.000000
 33 1.300241 -0.000003 -0.000000 0.000000 0.000000 3.141593
 34 0.000001 0.002184 1.281927 2.013056 -1.061045 0.688949
 35 7.285012 -0.000003 0.000001 -1.165800 -0.222826 -1.266046
 36 12.538441 -0.000002 -0.000001 0.000000 0.000000 -0.639040
 37 10.782778 -0.000001 -0.000001 -1.566538 -0.018578 -0.047957
 38 1.016389 0.059479 -2.003610 0.348822 0.790160 0.431299
 39 1.107954 -0.000001 0.000000 0.000000 0.000000 0.000000
 40 1.107951 0.000001 0.000001 0.000000 0.000000 0.000000
 41 1.107952 0.000000 0.000000 0.000000 0.000000 0.000000
 42 3.077732 -0.144549 -1.412632 0.003835 0.209388 0.026587
 43 1.560289 -0.000000 -0.000000 0.000000 0.000000 0.000000
 44 1.560289 0.000000 -0.000001 0.000000 0.000000 0.000000
 45 1.560289 -0.000000 -0.000001 0.000000 0.000000 0.000000
 46 2.463501 0.093205 -0.291939 -0.000796 0.000000 0.000000
 47 1.820338 -0.000000 -0.000000 0.000000 0.000000 0.000000
 48 1.820338 -0.000001 0.000000 0.000000 0.000000 0.000000
 49 1.820338 -0.000000 -0.000000 0.000000 0.000000 0.000000
 50 3.016627 -0.086193 0.699123 -0.016172 -0.173791 0.088745
 51 1.560289 0.000000 -0.000000 0.000000 0.000000 0.000000
 52 1.560289 -0.000000 -0.000000 0.000000 0.000000 0.000000
 53 1.560289 -0.000001 -0.000000 0.000000 0.000000 0.000000
 54 2.733754 0.442845 1.903232 -0.009342 -0.314026 0.027785
 55 1.300241 0.000000 -0.000000 0.000000 0.000000 0.000000
 56 1.300242 -0.000001 -0.000001 0.000000 0.000000 0.000000
 57 1.300241 0.000000 0.000001 0.000000 0.000000 0.000000
 58 -1.226269 3.014458 2.682340 3.139653 0.077577 0.988692
 59 15.353565 -0.000001 0.000002 0.000000 -0.000000 -1.615288
 60 19.266848 -0.000001 -0.000001 0.188218 -0.085659 0.183809
 61 4.212046 5.420719 0.000000 -0.000000 0.000000 1.570796
 62 0.549398 -0.000000 0.000000 0.000000 0.000000 3.141593
 63 -4.953328 2.642183 -3.612936 0.045754 3.135067 -1.032755
 64 15.353561 0.000001 0.000001 0.000000 -0.000000 -0.077779
 65 19.266840 -0.000000 0.000001 0.389598 -0.055753 -0.018675
 66 4.212047 5.420719 0.000001 -0.000000 -0.000000 1.570796
 67 0.549398 0.000001 0.000001 0.000000 0.000000 0.000000
 68 -38.836460 -1.519706 -0.000048 -3.141593 -1.570796 0.000000
time 61
  0 2.234788 21.908642 29.268427 -0.006419 1.101554 2.710137
  1 26.213989 0.085317 -13.290570 0.681969 0.949015 -2.353506
  2 -5.944494 -1.803573 -0.000001 -0.000000 -1.253463 -1.570795
  3 4.004657 -0.002393 1.313897 0.116846 -0.411318 0.837261
  4 4.761445 -0.003790 -0.000001 0.000000 0.000000 0.000000
  5 4.762082 -0.003724 -0.000328 0.086398 -0.016393 0.168131
  6 4.762080 -0.003726 -0.000327 0.086398 -0.016393 0.168131
  7 4.762263 -0.002027 -0.000000 -0.000000 -0.000001 0.383972
  8 2.746989 -0.000000 0.000000 -0.700076 -0.169209 -0.990554
  9 9.156628 0.000000 -0.000001 0.000000 0.000000 0.000000
 10 0.000003 0.002189 -1.281928 2.147149 1.389527 -1.371639
 11 7.285015 0.000000 -0.000000 1.092343 0.276609 -0.862397
 12 12.718715 -0.000002 0.000000 0.000000 0.000000 -0.159753
 13 10.221167 0.000002 -0.000001 1.576713 0.030284 -0.351646
 14 1.389920 -0.447520 1.936564 -0.210439 -0.761471 0.314906
 15 1.208674 -0.000001 -0.000000 0.000000 0.000000 0.000000
 16 1.208676 0.000000 0.000000 0.000000 0.000000 0.000000
 17 1.208676 0.000001 0.000000 0.000000 0.000000 3.141593
 18 3.507810 -0.429744 1.193334 0.022860 -0.225875 -0.088311
 19 1.560289 -0.000000 -0.000000 0.000000 0.000000 0.000000
 20 1.560289 -0.000001 -0.000000 0.000000 0.000000 0.000000
 21 1.560289 -0.000001 0.000000 0.000000 0.000000 3.141593
 22 3.044310 -0.436519 0.176984 0.140338 -0.004885 0.034563
 23 1.820338 -0.000000 0.000001 0.000000 0.000000 0.000000
 24 1.820337 -0.000003 -0.000001 0.000000 0.000000 0.000000
 25 1.820338 0.000001 0.000000 0.000000 0.000000 3.141593
 26 3.330763 -0.128978 -0.727984 0.013106 0.174047 0.071026
 27 1.560289 -0.000002 0.000001 0.000000 0.000000 0.000000
 28 1.560289 -0.000002 -0.000001 0.000000 0.000000 0.000000
 29 1.560289 -0.000001 -0.000000 0.000000 0.000000 3.141593
 30 3.208161 0.466229 -1.931736 0.024854 0.330715 0.074094
 31 1.300241 -0.000003 -0.000001 0.000000 0.000000 0.000000
 32 1.300241 0.000002 0.000001 0.000000 0.000000 0.000000
 33 1.300241 0.000003 0.000001 0.000000 0.000000 3.141593
 34 0.000002 0.002183 1.281929 1.991501 -1.034522 0.706127
 35 7.285010 -0.000001 0.000001 -1.191516 -0.249903 -1.260345
 36 12.538442 -0.000001 -0.000001 -0.000000 -0.000000 -0.624246
 37 10.782778 -0.000000 0.000000 -1.564851 -0.022539 -0.048540
 38 1.016390 0.059478 -2.003610 0.348822 0.790160 0.431299
 39 1.107952 0.000001 -0.000000 0.000000 0.000000 0.000000
 40 1.107953 -0.000000 -0.000001 0.000000 0.000000 0.000000
 41 1.107952 -0.000001 -0.000001 0.000000 0.000000 0.000000
 42 3.077731 -0.144550 -1.412631 0.003835 0.209388 0.026587
 43 1.560290 -0.000001 -0.000001 0.000000 0.000000 0.000000
 44 1.560288 0.000001 0.000001 0.000000 0.000000 0.000000
 45 1.560289 0.000001 -0.000001 0.000000 0.000000 0.000000
 46 2.463501 0.093204 -0.291939 -0.000796 -0.000000 0.000000
 47 1.820338 -0.000002 0.000000 0.000000 0.000000 0.000000
 48 1.820337 0.000000 0.000000 0.000000 0.000000 0.000000
 49 1.820338 0.000001 0.000000 0.000000 0.000000 0.000000
 50 3.016627 -0.086193 0.699124 -0.016172 -0.173791 0.088745
 51 1.560289 0.000001 -0.000001 0.000000 0.000000 0.000000
 52 1.560289 -0.000001 -0.000001 0.000000 0.000000 0.000000
 53 1.560289 -0.000001 -0.000001 0.000000 0.000000 0.000000
 54 2.733754 0.442844 1.903232 -0.009342 -0.314026 0.027785
 55 1.300241 0.000000 -0.000001 0.000000 0.000000 0.000000
 56 1.300242 0.000000 0.000001 0.000000 0.000000 0.000000
 57 1.300241 -0.000000 -0.000001 0.000000 0.000000 0.000000
 58 -1.516798 3.331889 2.855140 3.117259 0.145214 0.934461
 59 15.353566 0.000002 0.000001 0.000000 -0.000000 -1.498985
 60 19.266846 -0.000001 -0.000000 0.244581 -0.135583 0.261530
 61 4.212046 5.420721 0.000001 -0.000000 -0.000000 1.570796
 62 0.549398 0.000000 -0.000000 0.000000 0.000000 3.141593
 63 -4.445581 2.549115 -3.813411 0.075311 2.990556 -0.961758
 64 15.353564 0.000000 -0.000001 0.000000 -0.000000 -0.002417
 65 19.266846 -0.000000 0.000000 0.227087 0.056632 -0.142116
 66 4.212047 5.420720 0.000000 -0.000000 -0.000000 1.570796
 67 0.549399 0.000002 -0.000001 0.000000 0.000000 0.000000
 68 -38.836468 -1.519707 -0.000050 -3.141593 -1.570796 0.000000
time 62
  0 1.558730 21.451809 29.900547 0.000768 1.050074 2.740230
  1 26.043692 -0.011468 -14.936616 0.598955 0.924338 -2.434554
  2 -6.267387 -1.432000 -0.000000 0.000000 -1.388084 -1.570795
  3 4.144833 -0.002360 0.764684 0.175252 -0.272207 0.840549
  4 4.761444 -0.003792 0.000001 0.000000 0.000000 0.000000
  5 4.762112 -0.003717 -0.000285 0.075263 -0.009198 0.176432
  6 4.762110 -0.003725 -0.000285 0.075263 -0.009198 0.176432
  7 4.762262 -0.002027 0.000001 -0.000000 -0.000001 0.383972
  8 2.746988 0.000001 -0.000001 -0.637337 -0.195877 -1.001631
  9 9.156626 -0.000001 0.000000 0.000000 0.000000 0.000000
 10 0.000001 0.002191 -1.281928 2.240852 1.344247 -1.272874
 11 7.285011 -0.000002 -0.000001 1.138451 0.252928 -0.926031
 12 12.718715 0.000000 0.000003 0.000000 -0.000000 -0.204620
 13 10.221164 -0.000000 0.000001 1.575804 0.032174 -0.331802
 14 1.389920 -0.447517 1.936564 -0.210439 -0.761471 0.314907
 15 1.208675 -0.000001 -0.000000 0.000000 0.000000 0.000000
 16 1.208675 -0.000001 0.000000 0.000000 0.000000 0.000000
 17 1.208675 -0.000002 0.000000 0.000000 0.000000 3.141593
 18 3.507809 -0.429742 1.193334 0.022860 -0.225875 -0.088311
 19 1.560289 -0.000004 -0.000001 0.000000 0.000000 0.000000
 20 1.560289 0.000001 0.000001 0.000000 0.000000 0.000000
 21 1.560289 0.000002 -0.000000 0.000000 0.000000 3.141593
 22 3.044309 -0.436515 0.176985 0.140338 -0.004885 0.034563
 23 1.820337 -0.000001 -0.000001 0.000000 0.000000 0.000000
 24 1.820338 0.000001 0.000000 0.000000 0.000000 0.000000
 25 1.820338 0.000002 -0.000000 0.000000 0.000000 3.141593
 26 3.330762 -0.128977 -0.727984 0.013106 0.174047 0.071026
 27 1.560289 0.000001 0.000002 0.000000 0.000000 0.000000
 28 1.560289 0.000001 -0.000001 0.000000 0.000000 0.000000
 29 1.560289 0.000000 -0.000001 0.000000 0.000000 3.141593
 30 3.208160 0.466230 -1.931737 0.024854 0.330715 0.074094
 31 1.300241 -0.000000 -0.000000 0.000000 0.000000 0.000000
 32 1.300241 -0.000001 -0.000001 0.000000 0.000000 0.000000
 33 1.300241 -0.000001 0.000000 0.000000 0.000000 3.141593
 34 0.000002 0.002185 1.281928 1.885301 -1.043245 0.825954
 35 7.285012 -0.000001 0.000002 -1.167411 -0.260414 -1.224577
 36 12.538439 -0.000001 -0.000001 0.000000 -0.000000 -0.625628
 37 10.782778 0.000001 0.000000 -1.565284 -0.021447 -0.048779
 38 1.016389 0.059479 -2.003609 0.348822 0.790160 0.431299
 39 1.107951 -0.000001 -0.000000 0.000000 0.000000 0.000000
 40 1.107952 0.000001 -0.000000 0.000000 0.000000 0.000000
 41 1.107952 -0.000000 -0.000001 0.000000 0.000000 0.000000
 42 3.077731 -0.144550 -1.412630 0.003835 0.209388 0.026587
 43 1.560289 0.000001 0.000000 0.000000 0.000000 0.000000
 44 1.560289 -0.000001 -0.000000 0.000000 0.000000 0.000000
 45 1.560289 -0.000001 -0.000000 0.000000 0.000000 0.000000
 46 2.463501 0.093205 -0.291938 -0.000796 -0.000000 0.000000
 47 1.820337 0.000000 0.000001 0.000000 0.000000 0.000000
 48 1.820338 -0.000000 0.000000 0.000000 0.000000 0.000000
 49 1.820338 -0.000000 -0.000001 0.000000 0.000000 0.000000
 50 3.016626 -0.086193 0.699126 -0.016172 -0.173791 0.088745
 51 1.560289 0.000001 -0.000000 0.000000 0.000000 0.000000
 52 1.560289 -0.000001 -0.000000 0.000000 0.000000 0.000000
 53 1.560289 -0.000001 -0.000000 0.000000 0.000000 0.000000
 54 2.733754 0.442845 1.903233 -0.009342 -0.314026 0.027785
 55 1.300241 0.000001 -0.000000 0.000000 0.000000 0.000000
 56 1.300241 -0.000001 -0.000001 0.000000 0.000000 0.000000
 57 1.300241 -0.000001 0.000000 0.000000 0.000000 0.000000
 58 -1.882190 3.658397 2.941329 3.075351 0.186445 0.886240
 59 15.353566 -0.000001 0.000002 -0.000000 0.000000 -1.403927
 60 19.266848 -0.000001 -0.000001 0.199163 -0.187585 0.340815
 61 4.212047 5.420721 0.000001 -0.000000 0.000000 1.570796
 62 0.549397 0.000000 0.000000 0.000000 0.000000 3.141593
 63 -3.851659 2.428202 -4.006178 0.122813 2.830119 -0.867287
 64 15.353562 -0.000002 -0.000002 -0.000000 -0.000000 0.023705
 65 19.266846 0.000002 0.000002 0.257565 0.080667 -0.220462
 66 4.212046 5.420720 -0.000001 -0.000000 -0.000000 1.570796
 67 0.549398 -0.000000 0.000000 0.000000 0.000000 0.000000
 68 -38.836464 -1.519706 -0.000051 3.141593 -1.570796 0.000000
time 63
  0 0.858983 20.953342 29.722252 0.007413 0.970802 2.785285
  1 24.631941 -0.124925 -16.850943 0.481229 0.880242 -2.551294
  2 -6.560594 -0.995887 -0.000000 -0.000001 -1.521851 -1.570795
  3 4.209870 -0.002319 0.205208 0.235005 -0.132016 0.860083
  4 4.761444 -0.003793 0.000000 0.000000 0.000000 0.000000
  5 4.762140 -0.003720 -0.000241 0.063816 -0.000864 0.184579
  6 4.762139 -0.003720 -0.000243 0.063816 -0.000864 0.184580
  7 4.762263 -0.002030 -0.000000 -0.000000 -0.000001 0.383972
  8 2.746989 -0.000001 0.000001 -0.569424 -0.190292 -1.014425
  9 9.156629 0.000000 0.000001 0.000000 0.000000 0.000000
 10 0.000002 0.002190 -1.281927 2.315034 1.362530 -1.200432
 11 7.285013 0.000002 0.000000 1.145738 0.285717 -0.971920
 12 12.718716 -0.000000 0.000001 -0.000000 0.000000 -0.158685
 13 10.221166 -0.000002 0.000003 1.576260 0.031162 -0.351045
 14 1.389921 -0.447520 1.936563 -0.210439 -0.761471 0.314906
 15 1.208674 0.000000 -0.000000 0.000000 0.000000 0.000000
 16 1.208674 -0.000000 -0.000001 0.000000 0.000000 0.000000
 17 1.208675 -0.000001 -0.000000 0.000000 0.000000 3.141593
 18 3.507810 -0.429742 1.193334 0.022860 -0.225875 -0.088311
 19 1.560289 -0.000001 -0.000001 0.000000 0.000000 0.000000
 20 1.560289 0.000001 0.000001 0.000000 0.000000 0.000000
 21 1.560289 0.000002 0.000001 0.000000 0.000000 3.141593
 22 3.044310 -0.436517 0.176983 0.140338 -0.004885 0.034563
 23 1.820338 0.000001 0.000001 0.000000 0.000000 0.000000
 24 1.820338 -0.000000 0.000000 0.000000 0.000000 0.000000
 25 1.820337 -0.000001 -0.000001 0.000000 0.000000 3.141593
 26 3.330763 -0.128977 -0.727985 0.013106 0.174047 0.071026
 27 1.560289 0.000001 0.000002 0.000000 0.000000 0.000000
 28 1.560289 0.000001 -0.000001 0.000000 0.000000 0.000000
 29 1.560289 0.000000 -0.000001 0.000000 0.000000 3.141593
 30 3.208161 0.466230 -1.931737 0.024854 0.330715 0.074094
 31 1.300241 -0.000001 -0.000000 0.000000 0.000000 0.000000
 32 1.300241 -0.000001 0.000000 0.000000 0.000000 0.000000
 33 1.300241 -0.000001 0.000001 0.000000 0.000000 3.141593
 34 0.000002 0.002181 1.281928 1.727965 -1.055587 1.005886
 35 7.285012 -0.000004 0.000000 -1.100824 -0.266997 -1.179487
 36 12.538445 -0.000001 -0.000001 0.000000 0.000000 -0.635725
 37 10.782779 -0.000000 0.000000 -1.566692 -0.018175 -0.048811
 38 1.016390 0.059479 -2.003611 0.348822 0.790160 0.431299
 39 1.107950 0.000000 0.000001 0.000000 0.000000 0.000000
 40 1.107952 -0.000001 -0.000001 0.000000 0.000000 0.000000
 41 1.107953 -0.000001 -0.000001 0.000000 0.000000 0.000000
 42 3.077732 -0.144550 -1.412631 0.003835 0.209388 0.026587
 43 1.560289 -0.000000 0.000000 0.000000 0.000000 0.000000
 44 1.560289 0.000002 -0.000001 0.000000 0.000000 0.000000
 45 1.560289 -0.000000 0.000001 0.000000 0.000000 0.000000
 46 2.463501 0.093205 -0.291938 -0.000796 -0.000000 0.000000
 47 1.820338 -0.000001 -0.000001 0.000000 0.000000 0.000000
 48 1.820337 0.000000 0.000001 0.000000 0.000000 0.000000
 49 1.820338 0.000001 -0.000000 0.000000 0.000000 0.000000
 50 3.016628 -0.086194 0.699124 -0.016172 -0.173791 0.088745
 51 1.560289 0.000001 -0.000000 0.000000 0.000000 0.000000
 52 1.560290 -0.000001 -0.000000 0.000000 0.000000 0.000000
 53 1.560289 -0.000001 -0.000000 0.000000 0.000000 0.000000
 54 2.733755 0.442845 1.903232 -0.009342 -0.314026 0.027785
 55 1.300241 -0.000000 0.000000 0.000000 0.000000 0.000000
 56 1.300241 0.000000 -0.000000 0.000000 0.000000 0.000000
 57 1.300241 0.000000 -0.000000 0.000000 0.000000 0.000000
 58 -2.265658 3.986604 2.941221 3.019970 0.210735 0.850688
 59 15.353568 0.000001 0.000002 0.000000 0.000000 -1.324428
 60 19.266848 -0.000002 -0.000001 -0.066115 -0.232670 0.428506
 61 4.212047 5.420721 -0.000000 -0.000000 -0.000000 1.570796
 62 0.549398 0.000000 -0.000000 0.000000 0.000000 3.141593
 63 -3.229912 2.295749 -4.120739 0.216547 2.663338 -0.759087
 64 15.353562 0.000000 0.000000 0.000000 -0.000000 0.010770
 65 19.266850 -0.000000 0.000002 0.415206 0.071213 -0.296812
 66 4.212048 5.420721 0.000000 -0.000000 0.000000 1.570796
 67 0.549398 0.000002 -0.000002 0.000000 0.000000 0.000000
 68 -38.836464 -1.519708 -0.000048 3.141593 -1.570796 0.000000
time 64
  0 0.261456 20.439316 28.754950 0.006602 0.874608 2.821962
  1 22.157345 -0.122260 -18.518574 0.368137 0.812981 -2.658933
  2 -6.798451 -0.596066 0.000000 0.000000 -1.650979 -1.570795
  3 4.201343 -0.002267 -0.338481 0.296562 -0.006073 0.893616
  4 4.761443 -0.003793 0.000001 0.000000 -0.000000 0.000000
  5 4.762167 -0.003715 -0.000200 0.052801 0.006224 0.192261
  6 4.762166 -0.003718 -0.000200 0.052801 0.006224 0.192261
  7 4.762262 -0.002032 0.000001 -0.000000 -0.000001 0.383972
  8 2.746987 -0.000002 -0.000000 -0.504997 -0.169751 -1.014890
  9 9.156628 -0.000001 -0.000001 0.000000 0.000000 0.000000
 10 0.000002 0.002189 -1.281927 2.416305 1.414846 -1.104000
 11 7.285015 -0.000000 0.000000 1.132004 0.325720 -1.022684
 12 12.718714 -0.000000 0.000003 -0.000000 0.000000 -0.067883
 13 10.221163 -0.000000 0.000002 1.577692 0.028152 -0.387631
 14 1.389920 -0.447518 1.936563 -0.210439 -0.761471 0.314906
 15 1.208676 0.000002 0.000000 0.000000 0.000000 0.000000
 16 1.208674 -0.000003 -0.000000 0.000000 0.000000 0.000000
 17 1.208674 -0.000001 -0.000000 0.000000 0.000000 3.141593
 18 3.507809 -0.429740 1.193334 0.022860 -0.225875 -0.088311
 19 1.560289 0.000001 -0.000001 0.000000 0.000000 0.000000
 20 1.560289 0.000001 0.000000 0.000000 0.000000 0.000000
 21 1.560289 0.000001 0.000000 0.000000 0.000000 3.141593
 22 3.044309 -0.436514 0.176985 0.140338 -0.004885 0.034563
 23 1.820337 -0.000000 -0.000000 0.000000 0.000000 0.000000
 24 1.820337 -0.000000 -0.000000 0.000000 0.000000 0.000000
 25 1.820337 -0.000000 -0.000000 0.000000 0.000000 3.141593
 26 3.330762 -0.128976 -0.727985 0.013106 0.174047 0.071026
 27 1.560289 -0.000001 -0.000001 0.000000 0.000000 0.000000
 28 1.560289 0.000001 0.000000 0.000000 0.000000 0.000000
 29 1.560289 0.000002 0.000001 0.000000 0.000000 3.141593
 30 3.208161 0.466232 -1.931736 0.024854 0.330715 0.074094
 31 1.300241 0.000002 0.000001 0.000000 0.000000 0.000000
 32 1.300241 -0.000003 -0.000002 0.000000 0.000000 0.000000
 33 1.300241 -0.000001 -0.000001 0.000000 0.000000 3.141593
 34 0.000001 0.002180 1.281928 1.544653 -1.057476 1.216037
 35 7.285013 -0.000004 -0.000000 -1.011444 -0.270312 -1.129067
 36 12.538439 0.000000 -0.000002 0.000000 0.000000 -0.649763
 37 10.782779 -0.000000 -0.000002 -1.568579 -0.013833 -0.048756
 38 1.016389 0.059478 -2.003609 0.348822 0.790160 0.431299
 39 1.107951 0.000001 0.000000 0.000000 0.000000 0.000000
 40 1.107951 -0.000001 -0.000000 0.000000 0.000000 0.000000
 41 1.107953 -0.000000 -0.000000 0.000000 0.000000 0.000000
 42 3.077731 -0.144550 -1.412631 0.003835 0.209388 0.026587
 43 1.560289 0.000000 -0.000000 0.000000 0.000000 0.000000
 44 1.560289 -0.000000 -0.000002 0.000000 0.000000 0.000000
 45 1.560289 0.000000 0.000001 0.000000 0.000000 0.000000
 46 2.463501 0.093204 -0.291938 -0.000796 -0.000000 0.000000
 47 1.820338 0.000000 -0.000001 0.000000 0.000000 0.000000
 48 1.820337 0.000000 -0.000001 0.000000 0.000000 0.000000
 49 1.820338 0.000000 -0.000001 0.000000 0.000000 0.000000
 50 3.016627 -0.086193 0.699124 -0.016172 -0.173791 0.088745
 51 1.560289 0.000000 -0.000000 0.000000 0.000000 0.000000
 52 1.560289 0.000000 -0.000000 0.000000 0.000000 0.000000
 53 1.560289 0.000000 0.000000 0.000000 0.000000 0.000000
 54 2.733755 0.442845 1.903233 -0.009342 -0.314026 0.027785
 55 1.300241 -0.000000 -0.000001 0.000000 0.000000 0.000000
 56 1.300241 0.000001 -0.000001 0.000000 0.000000 0.000000
 57 1.300241 -0.000000 -0.000000 0.000000 0.000000 0.000000
 58 -2.606436 4.306634 2.884405 2.974113 0.231674 0.830503
 59 15.353565 -0.000001 0.000001 -0.000000 0.000000 -1.275012
 60 19.266848 -0.000000 -0.000002 -0.482364 -0.239903 0.558893
 61 4.212046 5.420719 -0.000000 -0.000000 0.000000 1.570796
 62 0.549397 0.000000 -0.000000 0.000000 0.000000 3.141593
 63 -2.650927 2.165958 -4.120989 0.293735 2.494765 -0.727926
 64 15.353560 0.000001 0.000001 -0.000000 -0.000000 -0.002211
 65 19.266844 0.000002 -0.000000 0.530903 0.067829 -0.351081
 66 4.212045 5.420718 -0.000003 -0.000000 0.000000 1.570796
 67 0.549397 -0.000002 -0.000000 0.000000 0.000000 0.000000
 68 -38.836464 -1.519703 -0.000049 3.141593 -1.570796 0.000000
time 65
  0 -0.107952 19.935795 27.939972 0.000204 0.772550 2.834655
  1 19.586504 -0.004096 -20.096384 0.286630 0.727871 -2.724751
  2 -6.977045 -0.335506 0.000001 0.000000 -1.771690 -1.570795
  3 4.130124 -0.002210 -0.841810 0.357599 0.091569 0.934856
  4 4.761445 -0.003793 -0.000000 0.000000 0.000000 0.000000
  5 4.762192 -0.003711 -0.000164 0.042923 0.009668 0.199225
  6 4.762192 -0.003715 -0.000160 0.042923 0.009668 0.199225
  7 4.762264 -0.002031 0.000002 -0.000000 -0.000001 0.383972
  8 2.746989 0.000000 -0.000001 -0.452710 -0.153245 -0.996317
  9 9.156627 -0.000001 0.000001 0.000000 0.000000 0.000000
 10 0.000002 0.002191 -1.281929 2.592597 1.456569 -0.930859
 11 7.285014 0.000001 -0.000001 1.074789 0.337667 -1.076782
 12 12.718716 -0.000001 -0.000000 -0.000000 0.000000 -0.002719
 13 10.221165 -0.000001 0.000001 1.579685 0.023833 -0.408802
 14 1.389921 -0.447517 1.936564 -0.210439 -0.761471 0.314906
 15 1.208674 -0.000004 -0.000001 0.000000 0.000000 0.000000
 16 1.208675 0.000001 0.000000 0.000000 0.000000 0.000000
 17 1.208676 0.000002 0.000000 0.000000 0.000000 3.141593
 18 3.507810 -0.429744 1.193333 0.022860 -0.225875 -0.088311
 19 1.560289 0.000000 0.000001 0.000000 0.000000 0.000000
 20 1.560288 -0.000001 -0.000001 0.000000 0.000000 0.000000
 21 1.560289 -0.000003 -0.000001 0.000000 0.000000 3.141593
 22 3.044310 -0.436515 0.176985 0.140338 -0.004885 0.034563
 23 1.820338 0.000001 0.000000 0.000000 0.000000 0.000000
 24 1.820338 0.000000 0.000000 0.000000 0.000000 0.000000
 25 1.820337 -0.000000 0.000000 0.000000 0.000000 3.141593
 26 3.330763 -0.128978 -0.727985 0.013106 0.174047 0.071026
 27 1.560289 0.000002 0.000002 0.000000 0.000000 0.000000
 28 1.560289 0.000001 -0.000001 0.000000 0.000000 0.000000
 29 1.560289 -0.000000 -0.000001 0.000000 0.000000 3.141593
 30 3.208161 0.466231 -1.931736 0.024854 0.330715 0.074094
 31 1.300241 -0.000001 -0.000000 0.000000 0.000000 0.000000
 32 1.300241 0.000000 0.000000 0.000000 0.000000 0.000000
 33 1.300241 0.000002 0.000001 0.000000 0.000000 3.141593
 34 0.000002 0.002184 1.281925 1.372002 -1.044738 1.414898
 35 7.285013 -0.000002 0.000002 -0.916376 -0.269374 -1.076327
 36 12.538438 -0.000000 0.000001 -0.000000 -0.000000 -0.662971
 37 10.782778 -0.000000 0.000000 -1.570446 -0.009527 -0.048728
 38 1.016390 0.059478 -2.003610 0.348822 0.790160 0.431299
 39 1.107952 -0.000000 0.000001 0.000000 0.000000 0.000000
 40 1.107953 0.000000 -0.000002 0.000000 0.000000 0.000000
 41 1.107951 0.000000 0.000000 0.000000 0.000000 0.000000
 42 3.077731 -0.144550 -1.412631 0.003835 0.209388 0.026587
 43 1.560290 -0.000001 -0.000000 0.000000 0.000000 0.000000
 44 1.560289 0.000001 -0.000001 0.000000 0.000000 0.000000
 45 1.560288 0.000000 -0.000000 0.000000 0.000000 0.000000
 46 2.463501 0.093205 -0.291938 -0.000796 -0.000000 0.000000
 47 1.820338 0.000001 -0.000000 0.000000 0.000000 0.000000
 48 1.820337 -0.000001 -0.000001 0.000000 0.000000 0.000000
 49 1.820338 -0.000001 -0.000001 0.000000 0.000000 0.000000
 50 3.016627 -0.086194 0.699124 -0.016172 -0.173791 0.088745
 51 1.560289 0.000000 -0.000000 0.000000 0.000000 0.000000
 52 1.560289 -0.000001 0.000000 0.000000 0.000000 0.000000
 53 1.560289 0.000000 0.000000 0.000000 0.000000 0.000000
 54 2.733755 0.442844 1.903232 -0.009342 -0.314026 0.027785
 55 1.300241 -0.000000 0.000000 0.000000 0.000000 0.000000
 56 1.300241 -0.000000 0.000001 0.000000 0.000000 0.000000
 57 1.300241 -0.000000 -0.000001 0.000000 0.000000 0.000000
 58 -2.852865 4.605395 2.828361 2.944886 0.227743 0.820088
 59 15.353566 0.000000 -0.000000 0.000000 0.000000 -1.298964
 60 19.266846 -0.000000 -0.000001 -0.812399 -0.210060 0.748993
 61 4.212047 5.420720 -0.000000 -0.000000 -0.000000 1.570796
 62 0.549398 0.000000 0.000000 0.000000 0.000000 3.141593
 63 -2.183036 2.052079 -4.004789 0.322266 2.303038 -0.819810
 64 15.353562 -0.000000 -0.000002 0.000000 -0.000000 -0.002243
 65 19.266848 0.000002 -0.000003 0.557170 0.057235 -0.359250
 66 4.212045 5.420719 -0.000001 -0.000000 0.000000 1.570796
 67 0.549397 -0.000002 0.000001 0.000000 0.000000 0.000000
 68 -38.836468 -1.519708 -0.000050 -3.141593 -1.570796 0.000000
time 66
  0 -0.123987 19.316540 27.419607 -0.009783 0.651900 2.811445
  1 16.709669 0.214190 -21.892979 0.231547 0.615145 -2.740904
  2 -7.110021 -0.257790 0.000000 0.000000 -1.880198 -1.570795
  3 4.014778 -0.002142 -1.284030 0.416167 0.155518 0.975600
  4 4.761444 -0.003796 -0.000001 0.000000 0.000000 0.000000
  5 4.762216 -0.003710 -0.000133 0.035116 0.008779 0.205375
  6 4.762215 -0.003707 -0.000134 0.035116 0.008779 0.205376
  7 4.762263 -0.002030 0.000000 -0.000000 -0.000001 0.383972
  8 2.746990 0.000002 -0.000000 -0.413229 -0.150541 -0.955663
  9 9.156626 -0.000000 0.000000 0.000000 0.000000 0.000000
 10 0.000002 0.002194 -1.281927 2.853603 1.464642 -0.671224
 11 7.285014 0.000002 -0.000001 0.972901 0.305723 -1.132445
 12 12.718714 -0.000000 0.000000 0.000000 0.000000 0.038456
 13 10.221165 -0.000001 -0.000002 1.581896 0.017582 -0.407930
 14 1.389920 -0.447518 1.936563 -0.210439 -0.761471 0.314906
 15 1.208676 0.000000 0.000001 0.000000 0.000000 0.000000
 16 1.208674 -0.000000 -0.000001 0.000000 0.000000 0.000000
 17 1.208674 -0.000001 -0.000001 0.000000 0.000000 3.141593
 18 3.507809 -0.429743 1.193332 0.022860 -0.225875 -0.088311
 19 1.560289 -0.000001 -0.000000 0.000000 0.000000 0.000000
 20 1.560289 0.000000 0.000001 0.000000 0.000000 0.000000
 21 1.560289 0.000002 0.000001 0.000000 0.000000 3.141593
 22 3.044310 -0.436516 0.176983 0.140338 -0.004885 0.034563
 23 1.820337 -0.000000 0.000000 0.000000 0.000000 0.000000
 24 1.820338 -0.000000 0.000000 0.000000 0.000000 0.000000
 25 1.820337 -0.000000 0.000000 0.000000 0.000000 3.141593
 26 3.330762 -0.128976 -0.727985 0.013106 0.174047 0.071026
 27 1.560289 -0.000002 0.000000 0.000000 0.000000 0.000000
 28 1.560289 0.000001 0.000001 0.000000 0.000000 0.000000
 29 1.560289 0.000000 -0.000000 0.000000 0.000000 3.141593
 30 3.208161 0.466230 -1.931737 0.024854 0.330715 0.074094
 31 1.300241 0.000001 -0.000000 0.000000 0.000000 0.000000
 32 1.300241 0.000002 0.000000 0.000000 0.000000 0.000000
 33 1.300241 0.000002 0.000000 0.000000 0.000000 3.141593
 34 0.000002 0.002185 1.281928 1.243063 -1.025139 1.564597
 35 7.285011 -0.000003 0.000001 -0.837490 -0.258814 -1.029995
 36 12.538438 -0.000001 0.000001 -0.000000 -0.000000 -0.670574
 37 10.782776 0.000001 0.000000 -1.571798 -0.006368 -0.048833
 38 1.016389 0.059479 -2.003609 0.348822 0.790160 0.431299
 39 1.107953 0.000000 0.000000 0.000000 0.000000 0.000000
 40 1.107949 0.000001 0.000000 0.000000 0.000000 0.000000
 41 1.107952 -0.000001 -0.000001 0.000000 0.000000 0.000000
 42 3.077731 -0.144549 -1.412629 0.003835 0.209388 0.026587
 43 1.560289 -0.000002 -0.000001 0.000000 0.000000 0.000000
 44 1.560288 0.000001 -0.000000 0.000000 0.000000 0.000000
 45 1.560289 0.000001 -0.000000 0.000000 0.000000 0.000000
 46 2.463500 0.093205 -0.291937 -0.000796 -0.000000 0.000000
 47 1.820338 -0.000001 0.000001 0.000000 0.000000 0.000000
 48 1.820337 0.000000 -0.000001 0.000000 0.000000 0.000000
 49 1.820337 0.000000 -0.000001 0.000000 0.000000 0.000000
 50 3.016627 -0.086193 0.699125 -0.016172 -0.173791 0.088745
 51 1.560289 -0.000000 -0.000000 0.000000 0.000000 0.000000
 52 1.560288 -0.000000 0.000000 0.000000 0.000000 0.000000
 53 1.560288 -0.000000 0.000001 0.000000 0.000000 0.000000
 54 2.733754 0.442845 1.903233 -0.009342 -0.314026 0.027785
 55 1.300241 -0.000001 0.000001 0.000000 0.000000 0.000000
 56 1.300241 0.000000 0.000001 0.000000 0.000000 0.000000
 57 1.300241 0.000000 0.000001 0.000000 0.000000 0.000000
 58 -2.988254 4.876503 2.806810 2.925346 0.200362 0.820394
 59 15.353564 -0.000000 -0.000000 -0.000000 0.000000 -1.416966
 60 19.266842 0.000002 -0.000001 -0.806192 -0.148430 0.798279
 61 4.212047 5.420719 -0.000000 -0.000000 -0.000000 1.570796
 62 0.549397 0.000000 -0.000000 0.000000 0.000000 3.141593
 63 -1.853627 1.950920 -3.812374 0.305800 2.105742 -1.000220
 64 15.353559 -0.000000 -0.000002 0.000000 -0.000000 -0.002314
 65 19.266844 0.000003 0.000001 0.564577 0.040963 -0.335262
 66 4.212047 5.420721 0.000000 -0.000000 -0.000000 1.570796
 67 0.549398 0.000001 -0.000001 0.000000 0.000000 0.000000
 68 -38.836464 -1.519703 -0.000049 3.141593 -1.570796 0.000000
time 67
  0 0.144866 18.587490 26.864822 -0.015357 0.504400 2.771136
  1 13.042431 0.362806 -23.623562 0.181486 0.473499 -2.731192
  2 -7.213958 -0.309601 -0.000001 0.000000 -1.972721 -1.570795
  3 3.879085 -0.002077 -1.649378 0.465147 0.191937 1.010777
  4 4.761445 -0.003791 -0.000001 0.000000 0.000000 0.000000
  5 4.762237 -0.003705 -0.000109 0.028678 0.004761 0.210751
  6 4.762236 -0.003708 -0.000109 0.028678 0.004761 0.210751
  7 4.762264 -0.002029 0.000001 -0.000000 -0.000001 0.383972
  8 2.746988 -0.000002 0.000001 -0.378654 -0.151758 -0.898941
  9 9.156629 -0.000000 0.000000 0.000000 0.000000 0.000000
 10 0.000002 0.002190 -1.281928 3.110612 1.455367 -0.415543
 11 7.285013 -0.000000 -0.000000 0.851755 0.247431 -1.182404
 12 12.718715 0.000000 0.000000 0.000000 0.000000 0.078236
 13 10.221163 -0.000000 0.000001 1.584309 0.009814 -0.399013
 14 1.389921 -0.447521 1.936563 -0.210439 -0.761471 0.314906
 15 1.208674 -0.000001 -0.000000 0.000000 0.000000 0.000000
 16 1.208675 -0.000001 -0.000000 0.000000 0.000000 0.000000
 17 1.208674 -0.000000 -0.000000 0.000000 0.000000 3.141593
 18 3.507810 -0.429745 1.193332 0.022860 -0.225875 -0.088311
 19 1.560289 0.000002 0.000001 0.000000 0.000000 0.000000
 20 1.560289 0.000002 -0.000000 0.000000 0.000000 0.000000
 21 1.560289 -0.000002 0.000000 0.000000 0.000000 3.141593
 22 3.044311 -0.436518 0.176983 0.140338 -0.004885 0.034563
 23 1.820337 0.000003 0.000001 0.000000 0.000000 0.000000
 24 1.820338 -0.000002 -0.000001 0.000000 0.000000 0.000000
 25 1.820338 0.000000 -0.000001 0.000000 0.000000 3.141593
 26 3.330764 -0.128978 -0.727984 0.013106 0.174047 0.071026
 27 1.560289 0.000004 0.000002 0.000000 0.000000 0.000000
 28 1.560289 -0.000001 -0.000001 0.000000 0.000000 0.000000
 29 1.560289 -0.000002 -0.000001 0.000000 0.000000 3.141593
 30 3.208162 0.466229 -1.931737 0.024854 0.330715 0.074094
 31 1.300241 0.000002 0.000001 0.000000 0.000000 0.000000
 32 1.300241 -0.000002 -0.000000 0.000000 0.000000 0.000000
 33 1.300241 0.000000 0.000000 0.000000 0.000000 3.141593
 34 0.000002 0.002183 1.281927 1.161089 -1.008634 1.660239
 35 7.285012 0.000002 0.000001 -0.798978 -0.219188 -0.987094
 36 12.538438 0.000001 0.000001 -0.000000 -0.000000 -0.670738
 37 10.782777 -0.000000 0.000001 -1.572420 -0.004846 -0.049124
 38 1.016389 0.059479 -2.003609 0.348822 0.790160 0.431299
 39 1.107952 -0.000000 -0.000001 0.000000 0.000000 0.000000
 40 1.107952 -0.000000 0.000001 0.000000 0.000000 0.000000
 41 1.107951 0.000000 -0.000001 0.000000 0.000000 0.000000
 42 3.077732 -0.144551 -1.412631 0.003835 0.209388 0.026587
 43 1.560289 0.000000 0.000000 0.000000 0.000000 0.000000
 44 1.560289 0.000000 0.000000 0.000000 0.000000 0.000000
 45 1.560288 0.000000 0.000000 0.000000 0.000000 0.000000
 46 2.463501 0.093204 -0.291938 -0.000796 0.000000 -0.000000
 47 1.820337 -0.000000 0.000001 0.000000 0.000000 0.000000
 48 1.820337 0.000001 0.000000 0.000000 0.000000 0.000000
 49 1.820337 -0.000001 0.000000 0.000000 0.000000 0.000000
 50 3.016626 -0.086193 0.699125 -0.016172 -0.173791 0.088745
 51 1.560289 -0.000000 -0.000000 0.000000 0.000000 0.000000
 52 1.560289 -0.000000 -0.000000 0.000000 0.000000 0.000000
 53 1.560289 -0.000000 -0.000000 0.000000 0.000000 0.000000
 54 2.733754 0.442844 1.903233 -0.009342 -0.314026 0.027785
 55 1.300241 -0.000000 0.000000 0.000000 0.000000 0.000000
 56 1.300241 -0.000000 0.000001 0.000000 0.000000 0.000000
 57 1.300241 -0.000000 0.000001 0.000000 0.000000 0.000000
 58 -3.034342 5.101163 2.834770 2.901300 0.167996 0.813368
 59 15.353565 0.000002 -0.000000 -0.000000 -0.000000 -1.571508
 60 19.266842 0.000001 0.000000 -0.818474 -0.108389 0.813563
 61 4.212047 5.420720 -0.000000 -0.000000 -0.000000 1.570796
 62 0.549398 0.000000 -0.000000 0.000000 0.000000 3.141593
 63 -1.636962 1.875692 -3.592027 0.170072 1.958856 -1.296314
 64 15.353564 0.000001 0.000003 -0.000000 -0.000000 -0.002385
 65 19.266846 0.000001 -0.000002 0.564547 0.032184 -0.295966
 66 4.212045 5.420721 0.000001 -0.000000 -0.000000 1.570796
 67 0.549399 0.000002 0.000001 0.000000 0.000000 0.000000
 68 -38.836464 -1.519708 -0.000050 3.141593 -1.570796 0.000000
time 68
  0 0.533907 17.972980 26.280739 -0.010779 0.348274 2.739518
  1 9.010759 0.267517 -24.816519 0.130777 0.323893 -2.720018
  2 -7.295987 -0.445013 -0.000001 0.000000 -2.045478 -1.570795
  3 3.749044 -0.002017 -1.926888 0.491924 0.206107 1.037188
  4 4.761444 -0.003792 -0.000001 0.000000 0.000000 0.000000
  5 4.762253 -0.003703 -0.000082 0.021844 -0.001948 0.215335
  6 4.762254 -0.003705 -0.000081 0.021844 -0.001948 0.215336
  7 4.762264 -0.002029 -0.000000 -0.000000 -0.000001 0.383972
  8 2.746989 0.000001 -0.000000 -0.343283 -0.146068 -0.836927
  9 9.156628 -0.000001 0.000001 0.000000 0.000000 0.000000
 10 0.000001 0.002190 -1.281928 -2.983794 1.449672 -0.228108
 11 7.285012 -0.000002 -0.000001 0.734560 0.186467 -1.210505
 12 12.718712 0.000001 -0.000002 -0.000000 0.000000 0.077540
 13 10.221166 -0.000000 -0.000002 1.586767 0.002674 -0.380232
 14 1.389920 -0.447521 1.936562 -0.210439 -0.761471 0.314906
 15 1.208676 -0.000000 -0.000000 0.000000 0.000000 0.000000
 16 1.208676 0.000000 -0.000001 0.000000 0.000000 0.000000
 17 1.208675 0.000001 -0.000000 0.000000 0.000000 3.141593
 18 3.507810 -0.429743 1.193334 0.022860 -0.225875 -0.088311
 19 1.560289 -0.000001 -0.000001 0.000000 0.000000 0.000000
 20 1.560289 0.000002 0.000001 0.000000 0.000000 0.000000
 21 1.560289 0.000001 -0.000001 0.000000 0.000000 3.141593
 22 3.044310 -0.436518 0.176984 0.140338 -0.004885 0.034563
 23 1.820338 -0.000002 0.000000 0.000000 0.000000 0.000000
 24 1.820337 -0.000001 -0.000000 0.000000 0.000000 0.000000
 25 1.820338 -0.000001 -0.000000 0.000000 0.000000 3.141593
 26 3.330764 -0.128979 -0.727985 0.013106 0.174047 0.071026
 27 1.560289 0.000001 0.000001 0.000000 0.000000 0.000000
 28 1.560289 -0.000001 -0.000001 0.000000 0.000000 0.000000
 29 1.560289 -0.000002 -0.000000 0.000000 0.000000 3.141593
 30 3.208162 0.466231 -1.931735 0.024854 0.330715 0.074094
 31 1.300241 0.000000 0.000000 0.000000 0.000000 0.000000
 32 1.300242 -0.000001 -0.000001 0.000000 0.000000 0.000000
 33 1.300241 -0.000002 -0.000002 0.000000 0.000000 3.141593
 34 0.000002 0.002186 1.281926 1.103330 -0.998885 1.726676
 35 7.285010 0.000003 -0.000000 -0.791261 -0.152874 -0.935136
 36 12.538438 -0.000000 -0.000001 0.000000 -0.000000 -0.666348
 37 10.782778 0.000001 0.000001 -1.572646 -0.004211 -0.049528
 38 1.016389 0.059478 -2.003610 0.348822 0.790160 0.431299
 39 1.107951 0.000001 0.000000 0.000000 0.000000 0.000000
 40 1.107952 -0.000001 -0.000000 0.000000 0.000000 0.000000
 41 1.107952 0.000000 -0.000000 0.000000 0.000000 0.000000
 42 3.077731 -0.144550 -1.412631 0.003835 0.209388 0.026587
 43 1.560289 0.000000 -0.000001 0.000000 0.000000 0.000000
 44 1.560289 0.000000 0.000000 0.000000 0.000000 0.000000
 45 1.560288 -0.000000 0.000001 0.000000 0.000000 0.000000
 46 2.463500 0.093205 -0.291939 -0.000796 -0.000000 -0.000000
 47 1.820337 0.000000 0.000000 0.000000 0.000000 0.000000
 48 1.820338 -0.000000 0.000000 0.000000 0.000000 0.000000
 49 1.820337 -0.000000 0.000000 0.000000 0.000000 0.000000
 50 3.016627 -0.086194 0.699124 -0.016172 -0.173791 0.088745
 51 1.560289 -0.000000 0.000001 0.000000 0.000000 0.000000
 52 1.560289 -0.000000 0.000001 0.000000 0.000000 0.000000
 53 1.560289 -0.000000 0.000001 0.000000 0.000000 0.000000
 54 2.733754 0.442844 1.903232 -0.009342 -0.314026 0.027785
 55 1.300241 0.000001 -0.000001 0.000000 0.000000 0.000000
 56 1.300242 -0.000001 -0.000001 0.000000 0.000000 0.000000
 57 1.300241 -0.000001 -0.000000 0.000000 0.000000 0.000000
 58 -3.008769 5.246044 2.953754 2.891682 0.129257 0.813874
 59 15.353563 -0.000001 0.000002 -0.000000 0.000000 -1.728974
 60 19.266844 0.000001 -0.000002 -0.832310 -0.086589 0.815435
 61 4.212047 5.420719 -0.000000 -0.000000 -0.000000 1.570796
 62 0.549398 0.000000 -0.000000 0.000000 0.000000 3.141593
 63 -1.509642 1.859355 -3.366292 3.086639 1.214529 1.504147
 64 15.353561 0.000001 0.000001 0.000000 0.000000 -0.002417
 65 19.266846 -0.000001 -0.000002 0.566369 0.031169 -0.265392
 66 4.212047 5.420719 -0.000000 -0.000000 -0.000000 1.570796
 67 0.549398 -0.000001 0.000000 0.000000 0.000000 0.000000
 68 -38.836464 -1.519707 -0.000045 3.141593 -1.570796 0.000000
time 69
  0 0.878434 17.697350 25.672514 0.000170 0.201822 2.737252
  1 5.170721 -0.004303 -25.271338 0.080481 0.185282 -2.729754
  2 -7.361453 -0.615121 -0.000001 0.000000 -2.094686 -1.570795
  3 3.649869 -0.001968 -2.108815 0.485115 0.203031 1.054466
  4 4.761444 -0.003792 0.000000 0.000000 0.000000 0.000000
  5 4.762269 -0.003702 -0.000048 0.012862 -0.010891 0.219131
  6 4.762269 -0.003698 -0.000049 0.012862 -0.010891 0.219131
  7 4.762265 -0.002029 0.000000 -0.000000 -0.000001 0.383972
  8 2.746989 0.000003 -0.000000 -0.300376 -0.123473 -0.778796
  9 9.156628 -0.000000 -0.000001 0.000000 0.000000 0.000000
 10 0.000002 0.002195 -1.281929 -2.777713 1.468140 -0.022641
 11 7.285013 -0.000001 -0.000000 0.639412 0.149628 -1.207068
 12 12.718713 0.000001 0.000001 0.000000 -0.000000 -0.002719
 13 10.221165 -0.000000 0.000001 1.589167 -0.001705 -0.349755
 14 1.389921 -0.447518 1.936562 -0.210439 -0.761471 0.314906
 15 1.208674 0.000000 0.000000 0.000000 0.000000 0.000000
 16 1.208676 -0.000000 -0.000000 0.000000 0.000000 0.000000
 17 1.208675 -0.000001 -0.000000 0.000000 0.000000 3.141593
 18 3.507810 -0.429741 1.193334 0.022860 -0.225875 -0.088311
 19 1.560289 -0.000001 -0.000002 0.000000 0.000000 0.000000
 20 1.560290 -0.000000 0.000001 0.000000 0.000000 0.000000
 21 1.560289 0.000001 0.000001 0.000000 0.000000 3.141593
 22 3.044311 -0.436516 0.176983 0.140338 -0.004885 0.034563
 23 1.820338 -0.000001 -0.000002 0.000000 0.000000 0.000000
 24 1.820337 0.000000 0.000001 0.000000 0.000000 0.000000
 25 1.820338 0.000001 0.000001 0.000000 0.000000 3.141593
 26 3.330763 -0.128976 -0.727984 0.013106 0.174047 0.071026
 27 1.560289 0.000002 0.000003 0.000000 0.000000 0.000000
 28 1.560289 -0.000002 -0.000002 0.000000 0.000000 0.000000
 29 1.560289 0.000001 -0.000001 0.000000 0.000000 3.141593
 30 3.208161 0.466231 -1.931737 0.024854 0.330715 0.074094
 31 1.300242 -0.000001 -0.000002 0.000000 0.000000 0.000000
 32 1.300241 0.000001 0.000001 0.000000 0.000000 0.000000
 33 1.300240 0.000002 0.000001 0.000000 0.000000 3.141593
 34 0.000002 0.002187 1.281929 1.054952 -0.998232 1.779540
 35 7.285013 0.000000 0.000000 -0.799071 -0.082180 -0.870893
 36 12.538442 0.000000 0.000000 -0.000000 -0.000000 -0.659712
 37 10.782779 0.000001 -0.000001 -1.572802 -0.003710 -0.049962
 38 1.016389 0.059479 -2.003611 0.348822 0.790160 0.431299
 39 1.107953 -0.000000 0.000001 0.000000 0.000000 0.000000
 40 1.107951 0.000001 -0.000001 0.000000 0.000000 0.000000
 41 1.107953 -0.000000 -0.000000 0.000000 0.000000 0.000000
 42 3.077731 -0.144550 -1.412632 0.003835 0.209388 0.026587
 43 1.560289 -0.000001 -0.000001 0.000000 0.000000 0.000000
 44 1.560289 -0.000000 0.000001 0.000000 0.000000 0.000000
 45 1.560288 0.000000 0.000001 0.000000 0.000000 0.000000
 46 2.463501 0.093205 -0.291939 -0.000796 -0.000000 -0.000000
 47 1.820337 -0.000000 0.000001 0.000000 0.000000 0.000000
 48 1.820338 0.000000 0.000001 0.000000 0.000000 0.000000
 49 1.820337 0.000000 0.000000 0.000000 0.000000 0.000000
 50 3.016627 -0.086193 0.699123 -0.016172 -0.173791 0.088745
 51 1.560289 -0.000000 0.000000 0.000000 0.000000 0.000000
 52 1.560289 0.000000 0.000000 0.000000 0.000000 0.000000
 53 1.560289 0.000000 0.000001 0.000000 0.000000 0.000000
 54 2.733754 0.442845 1.903232 -0.009342 -0.314026 0.027785
 55 1.300241 -0.000001 0.000001 0.000000 0.000000 0.000000
 56 1.300242 0.000000 0.000000 0.000000 0.000000 0.000000
 57 1.300241 0.000000 0.000000 0.000000 0.000000 0.000000
 58 -2.926978 5.275453 3.199033 2.914941 0.081077 0.830063
 59 15.353568 -0.000000 -0.000001 0.000000 -0.000000 -1.870618
 60 19.266846 -0.000001 0.000001 -0.827478 -0.077990 0.826199
 61 4.212047 5.420720 0.000000 -0.000000 -0.000000 1.570796
 62 0.549398 0.000000 -0.000000 0.000000 0.000000 3.141593
 63 -1.449913 1.929739 -3.147976 2.944784 1.099970 1.305702
 64 15.353565 0.000001 -0.000001 0.000000 0.000000 -0.002389
 65 19.266842 -0.000001 -0.000002 0.567278 0.029404 -0.243194
 66 4.212045 5.420720 -0.000000 -0.000000 -0.000000 1.570796
 67 0.549398 -0.000003 -0.000001 0.000000 0.000000 0.000000
 68 -38.836464 -1.519708 -0.000050 3.141593 -1.570796 0.000000
time 70
  0 1.156516 17.758360 25.045307 0.006253 0.062246 2.766954
  1 1.565585 -0.157077 -25.118460 0.028631 0.055631 -2.765963
  2 -7.409168 -0.891609 0.000000 0.000000 -2.116562 -1.570795
  3 3.603050 -0.001931 -2.187881 0.420781 0.173667 1.058756
  4 4.761445 -0.003793 0.000001 0.000000 0.000000 0.000000
  5 4.762280 -0.003701 0.000006 -0.001400 -0.025716 0.222008
  6 4.762278 -0.003696 0.000004 -0.001400 -0.025716 0.222008
  7 4.762264 -0.002027 0.000000 -0.000000 -0.000001 0.383972
  8 2.746988 -0.000000 0.000001 -0.228610 -0.052680 -0.731918
  9 9.156628 0.000000 0.000000 0.000000 0.000000 0.000000
 10 0.000002 0.002191 -1.281927 -2.209947 1.514131 0.546108
 11 7.285013 -0.000001 0.000001 0.573390 0.150455 -1.191555
 12 12.718714 0.000001 -0.000002 -0.000000 -0.000000 -0.219345
 13 10.221166 -0.000001 0.000002 1.591801 -0.001946 -0.297818
 14 1.389921 -0.447521 1.936564 -0.210439 -0.761471 0.314906
 15 1.208675 -0.000000 0.000000 0.000000 0.000000 0.000000
 16 1.208673 -0.000002 -0.000002 0.000000 0.000000 0.000000
 17 1.208674 0.000000 0.000001 0.000000 0.000000 3.141593
 18 3.507809 -0.429745 1.193333 0.022860 -0.225875 -0.088311
 19 1.560290 -0.000000 0.000001 0.000000 0.000000 0.000000
 20 1.560288 0.000001 0.000001 0.000000 0.000000 0.000000
 21 1.560289 0.000001 0.000001 0.000000 0.000000 3.141593
 22 3.044310 -0.436519 0.176983 0.140338 -0.004885 0.034563
 23 1.820337 0.000003 0.000001 0.000000 0.000000 0.000000
 24 1.820338 -0.000002 -0.000001 0.000000 0.000000 0.000000
 25 1.820338 -0.000003 -0.000001 0.000000 0.000000 3.141593
 26 3.330763 -0.128977 -0.727983 0.013106 0.174047 0.071026
 27 1.560288 0.000001 -0.000000 0.000000 0.000000 0.000000
 28 1.560290 -0.000001 -0.000002 0.000000 0.000000 0.000000
 29 1.560289 -0.000001 0.000000 0.000000 0.000000 3.141593
 30 3.208161 0.466230 -1.931735 0.024854 0.330715 0.074094
 31 1.300242 -0.000002 0.000000 0.000000 0.000000 0.000000
 32 1.300240 0.000001 0.000002 0.000000 0.000000 0.000000
 33 1.300242 0.000000 -0.000000 0.000000 0.000000 3.141593
 34 0.000000 0.002182 1.281929 1.002278 -1.007120 1.833235
 35 7.285010 -0.000003 0.000001 -0.799735 -0.040274 -0.768177
 36 12.538441 0.000000 0.000000 0.000000 -0.000000 -0.653139
 37 10.782779 0.000000 -0.000000 -1.573212 -0.002590 -0.050343
 38 1.016389 0.059479 -2.003610 0.348822 0.790160 0.431299
 39 1.107952 0.000000 0.000000 0.000000 0.000000 0.000000
 40 1.107953 0.000001 0.000000 0.000000 0.000000 0.000000
 41 1.107952 0.000000 0.000001 0.000000 0.000000 0.000000
 42 3.077731 -0.144550 -1.412630 0.003835 0.209388 0.026587
 43 1.560288 0.000000 0.000001 0.000000 0.000000 0.000000
 44 1.560289 -0.000001 0.000001 0.000000 0.000000 0.000000
 45 1.560289 -0.000000 -0.000001 0.000000 0.000000 0.000000
 46 2.463501 0.093204 -0.291938 -0.000796 0.000000 0.000000
 47 1.820337 0.000000 0.000001 0.000000 0.000000 0.000000
 48 1.820338 -0.000000 0.000001 0.000000 0.000000 0.000000
 49 1.820338 -0.000000 0.000001 0.000000 0.000000 0.000000
 50 3.016627 -0.086193 0.699124 -0.016172 -0.173791 0.088745
 51 1.560289 -0.000001 -0.000001 0.000000 0.000000 0.000000
 52 1.560289 0.000001 -0.000001 0.000000 0.000000 0.000000
 53 1.560289 -0.000000 -0.000000 0.000000 0.000000 0.000000
 54 2.733755 0.442844 1.903232 -0.009342 -0.314026 0.027785
 55 1.300241 -0.000000 0.000001 0.000000 0.000000 0.000000
 56 1.300241 -0.000000 -0.000001 0.000000 0.000000 0.000000
 57 1.300241 -0.000000 0.000000 0.000000 0.000000 0.000000
 58 -2.748069 5.097189 3.698314 3.008398 0.015952 0.857588
 59 15.353566 -0.000002 -0.000001 0.000000 -0.000000 -2.004440
 60 19.266848 -0.000001 0.000000 -0.804322 -0.091166 0.845995
 61 4.212047 5.420720 -0.000001 -0.000000 -0.000000 1.570796
 62 0.549398 0.000000 0.000000 0.000000 0.000000 3.141593
 63 -1.482294 2.149995 -2.887420 2.926879 0.868979 1.254353
 64 15.353564 0.000001 0.000001 0.000000 0.000000 -0.002327
 65 19.266850 -0.000002 -0.000004 0.560593 0.028124 -0.220098
 66 4.212049 5.420721 -0.000001 -0.000000 0.000000 1.570796
 67 0.549399 -0.000002 -0.000000 0.000000 0.000000 0.000000
 68 -38.836460 -1.519707 -0.000047 3.141593 -1.570796 0.000000
time 71
  0 1.450641 17.970268 24.404236 0.004593 -0.077627 2.817380
  1 -1.902014 -0.112315 -24.452501 -0.020409 -0.075042 -2.816792
  2 -7.433163 -1.255152 -0.000000 0.000000 -2.117267 -1.570795
  3 3.601680 -0.001910 -2.190067 0.317789 0.123998 1.053585
  4 4.761443 -0.003789 0.000000 -0.000000 0.000000 -0.000000
  5 4.762285 -0.003700 0.000068 -0.018433 -0.044816 0.223743
  6 4.762282 -0.003694 0.000070 -0.018433 -0.044816 0.223743
  7 4.762265 -0.002031 -0.000001 -0.000000 -0.000001 0.383972
  8 2.746989 -0.000000 -0.000000 -0.151830 0.080663 -0.676215
  9 9.156630 0.000001 0.000001 0.000000 0.000000 0.000000
 10 0.000001 0.002190 -1.281929 -0.713706 1.498059 2.044428
 11 7.285013 -0.000003 -0.000000 0.525290 0.169403 -1.164336
 12 12.718713 0.000002 -0.000004 -0.000000 -0.000000 -0.536033
 13 10.221164 0.000001 -0.000002 1.594820 0.000412 -0.228472
 14 1.389921 -0.447517 1.936563 -0.210439 -0.761471 0.314906
 15 1.208675 -0.000002 -0.000001 0.000000 0.000000 0.000000
 16 1.208676 -0.000000 0.000003 0.000000 0.000000 0.000000
 17 1.208674 -0.000001 0.000000 0.000000 0.000000 3.141593
 18 3.507810 -0.429741 1.193333 0.022860 -0.225875 -0.088311
 19 1.560289 -0.000001 0.000000 0.000000 0.000000 0.000000
 20 1.560291 -0.000001 0.000001 0.000000 0.000000 0.000000
 21 1.560289 -0.000001 0.000001 0.000000 0.000000 3.141593
 22 3.044311 -0.436515 0.176984 0.140338 -0.004885 0.034563
 23 1.820338 -0.000002 -0.000000 0.000000 0.000000 0.000000
 24 1.820338 -0.000003 -0.000000 0.000000 0.000000 0.000000
 25 1.820337 0.000001 -0.000001 0.000000 0.000000 3.141593
 26 3.330763 -0.128975 -0.727985 0.013106 0.174047 0.071026
 27 1.560289 0.000003 0.000002 0.000000 0.000000 0.000000
 28 1.560289 -0.000003 -0.000000 0.000000 0.000000 0.000000
 29 1.560289 -0.000000 -0.000002 0.000000 0.000000 3.141593
 30 3.208161 0.466232 -1.931737 0.024854 0.330715 0.074094
 31 1.300241 0.000002 -0.000000 0.000000 0.000000 0.000000
 32 1.300242 0.000002 -0.000000 0.000000 0.000000 0.000000
 33 1.300241 0.000001 -0.000000 0.000000 0.000000 3.141593
 34 0.000002 0.002186 1.281929 0.930016 -1.042851 1.898194
 35 7.285011 0.000001 -0.000000 -0.782794 -0.024780 -0.651591
 36 12.538441 0.000001 0.000001 -0.000000 -0.000000 -0.646110
 37 10.782779 -0.000002 -0.000001 -1.574098 -0.000320 -0.050645
 38 1.016389 0.059479 -2.003610 0.348822 0.790160 0.431299
 39 1.107952 -0.000001 -0.000001 0.000000 0.000000 0.000000
 40 1.107951 -0.000000 0.000001 0.000000 0.000000 0.000000
 41 1.107953 0.000000 0.000000 0.000000 0.000000 0.000000
 42 3.077732 -0.144550 -1.412631 0.003835 0.209388 0.026587
 43 1.560289 0.000000 -0.000001 0.000000 0.000000 0.000000
 44 1.560288 0.000000 -0.000000 0.000000 0.000000 0.000000
 45 1.560289 -0.000000 -0.000001 0.000000 0.000000 0.000000
 46 2.463501 0.093204 -0.291938 -0.000796 -0.000000 -0.000000
 47 1.820337 0.000000 -0.000001 0.000000 0.000000 0.000000
 48 1.820338 -0.000001 -0.000001 0.000000 0.000000 0.000000
 49 1.820338 0.000000 -0.000001 0.000000 0.000000 0.000000
 50 3.016627 -0.086193 0.699125 -0.016172 -0.173791 0.088745
 51 1.560289 0.000000 0.000000 0.000000 0.000000 0.000000
 52 1.560289 0.000000 0.000001 0.000000 0.000000 0.000000
 53 1.560289 -0.000000 0.000001 0.000000 0.000000 0.000000
 54 2.733755 0.442845 1.903233 -0.009342 -0.314026 0.027785
 55 1.300241 -0.000000 0.000001 0.000000 0.000000 0.000000
 56 1.300241 0.000000 0.000001 0.000000 0.000000 0.000000
 57 1.300241 -0.000000 -0.000001 0.000000 0.000000 0.000000
 58 -2.489426 4.720717 4.329441 -3.113333 -0.070622 0.886206
 59 15.353566 0.000002 0.000002 0.000000 -0.000000 -2.142723
 60 19.266846 -0.000002 -0.000000 -0.779494 -0.216758 0.900773
 61 4.212047 5.420720 0.000000 -0.000000 -0.000000 1.570796
 62 0.549398 -0.000000 0.000001 0.000000 0.000000 3.141593
 63 -1.583431 2.449362 -2.575643 2.963680 0.597841 1.252069
 64 15.353564 0.000002 0.000003 0.000000 0.000000 -0.002257
 65 19.266846 -0.000001 -0.000002 0.551223 0.033706 -0.207059
 66 4.212049 5.420722 0.000001 -0.000000 0.000000 1.570796
 67 0.549396 -0.000001 -0.000001 0.000000 0.000000 0.000000
 68 -38.836464 -1.519708 -0.000054 3.141593 -1.570796 0.000000
time 72
  0 1.752741 18.282154 23.754457 0.000134 -0.206854 2.887248
  1 -4.903884 -0.003124 -23.367830 -0.052621 -0.200142 -2.881977
  2 -7.429845 -1.539721 0.000000 0.000000 -2.106150 -1.570795
  3 3.625895 -0.001912 -2.149606 0.227292 0.080252 1.045937
  4 4.761444 -0.003791 0.000001 0.000000 -0.000000 -0.000000
  5 4.762280 -0.003696 0.000120 -0.031473 -0.059875 0.223864
  6 4.762279 -0.003697 0.000119 -0.031473 -0.059875 0.223864
  7 4.762265 -0.002030 -0.000001 -0.000000 -0.000001 0.383972
  8 2.746988 -0.000000 0.000000 -0.111699 0.228987 -0.591038
  9 9.156627 -0.000002 -0.000002 0.000000 0.000000 0.000000
 10 0.000002 0.002191 -1.281928 -0.308499 1.407606 2.452173
 11 7.285010 -0.000002 -0.000000 0.485596 0.189297 -1.087624
 12 12.718713 0.000001 -0.000000 0.000000 -0.000000 -0.852198
 13 10.221166 0.000000 0.000001 1.597865 0.003223 -0.160610
 14 1.389920 -0.447517 1.936566 -0.210439 -0.761471 0.314906
 15 1.208673 0.000000 -0.000003 0.000000 0.000000 0.000000
 16 1.208675 0.000001 0.000002 0.000000 0.000000 0.000000
 17 1.208676 0.000000 0.000001 0.000000 0.000000 3.141593
 18 3.507810 -0.429742 1.193333 0.022860 -0.225875 -0.088311
 19 1.560288 0.000003 0.000000 0.000000 0.000000 0.000000
 20 1.560289 -0.000003 -0.000002 0.000000 0.000000 0.000000
 21 1.560290 0.000001 0.000001 0.000000 0.000000 3.141593
 22 3.044308 -0.436516 0.176983 0.140338 -0.004885 0.034563
 23 1.820337 -0.000001 -0.000000 0.000000 0.000000 0.000000
 24 1.820338 -0.000001 -0.000001 0.000000 0.000000 0.000000
 25 1.820338 -0.000001 -0.000001 0.000000 0.000000 3.141593
 26 3.330762 -0.128976 -0.727984 0.013106 0.174047 0.071026
 27 1.560288 0.000001 0.000003 0.000000 0.000000 0.000000
 28 1.560290 0.000001 -0.000000 0.000000 0.000000 0.000000
 29 1.560290 0.000001 -0.000002 0.000000 0.000000 3.141593
 30 3.208161 0.466233 -1.931734 0.024854 0.330715 0.074094
 31 1.300240 -0.000001 0.000001 0.000000 0.000000 0.000000
 32 1.300241 -0.000000 0.000001 0.000000 0.000000 0.000000
 33 1.300242 0.000000 0.000000 0.000000 0.000000 3.141593
 34 0.000001 0.002186 1.281930 0.841877 -1.095743 1.973505
 35 7.285010 -0.000001 0.000000 -0.754401 -0.001981 -0.575766
 36 12.538439 -0.000000 0.000000 0.000000 -0.000000 -0.637823
 37 10.782778 -0.000001 0.000000 -1.575244 0.002605 -0.050904
 38 1.016389 0.059479 -2.003610 0.348822 0.790160 0.431299
 39 1.107952 0.000000 -0.000001 0.000000 0.000000 0.000000
 40 1.107952 -0.000000 0.000001 0.000000 0.000000 0.000000
 41 1.107952 -0.000000 -0.000000 0.000000 0.000000 0.000000
 42 3.077731 -0.144550 -1.412630 0.003835 0.209388 0.026587
 43 1.560289 -0.000000 0.000000 0.000000 0.000000 0.000000
 44 1.560289 0.000000 0.000001 0.000000 0.000000 0.000000
 45 1.560288 0.000000 0.000001 0.000000 0.000000 0.000000
 46 2.463501 0.093204 -0.291938 -0.000796 0.000000 0.000000
 47 1.820337 -0.000001 0.000001 0.000000 0.000000 0.000000
 48 1.820338 0.000000 0.000001 0.000000 0.000000 0.000000
 49 1.820337 0.000000 -0.000001 0.000000 0.000000 0.000000
 50 3.016627 -0.086194 0.699124 -0.016172 -0.173791 0.088745
 51 1.560289 -0.000001 -0.000001 0.000000 0.000000 0.000000
 52 1.560289 0.000000 -0.000001 0.000000 0.000000 0.000000
 53 1.560289 0.000000 -0.000001 0.000000 0.000000 0.000000
 54 2.733755 0.442845 1.903233 -0.009342 -0.314026 0.027785
 55 1.300241 -0.000000 -0.000000 0.000000 0.000000 0.000000
 56 1.300241 0.000000 0.000000 0.000000 0.000000 0.000000
 57 1.300241 0.000000 0.000001 0.000000 0.000000 0.000000
 58 -2.275352 4.330792 4.795467 -2.949637 -0.164477 0.911971
 59 15.353564 0.000000 -0.000000 -0.000000 -0.000000 -2.262735
 60 19.266846 0.000002 0.000001 -0.719306 -0.375729 0.932015
 61 4.212047 5.420719 -0.000001 -0.000000 -0.000000 1.570796
 62 0.549398 0.000000 -0.000000 0.000000 0.000000 3.141593
 63 -1.688116 2.685406 -2.318456 3.004852 0.379000 1.246405
 64 15.353564 -0.000000 0.000001 0.000000 -0.000000 -0.002211
 65 19.266844 -0.000001 0.000000 0.549789 0.052515 -0.210908
 66 4.212046 5.420721 -0.000000 -0.000000 0.000000 1.570796
 67 0.549398 0.000001 0.000001 0.000000 0.000000 0.000000
 68 -38.836464 -1.519707 -0.000051 -3.141593 -1.570796 0.000000
time 73
  0 2.054749 18.643087 23.101135 0.000243 -0.315546 2.973055
  1 -7.207082 -0.005366 -22.076908 -0.054454 -0.310967 -2.964556
  2 -7.386401 -1.753203 -0.000001 0.000000 -2.084213 -1.570795
  3 3.672192 -0.001948 -2.069367 0.157919 0.045437 1.031284
  4 4.761446 -0.003792 0.000000 -0.000000 0.000000 -0.000000
  5 4.762267 -0.003698 0.000146 -0.038917 -0.069720 0.221523
  6 4.762266 -0.003697 0.000149 -0.038917 -0.069720 0.221523
  7 4.762265 -0.002028 -0.000001 -0.000000 -0.000001 0.383972
  8 2.746989 0.000000 0.000001 -0.102051 0.359334 -0.486807
  9 9.156628 0.000001 0.000001 0.000000 0.000000 0.000000
 10 0.000001 0.002191 -1.281927 -0.225109 1.311562 2.538997
 11 7.285012 0.000003 -0.000001 0.456018 0.198000 -0.967720
 12 12.718716 -0.000001 0.000001 -0.000000 -0.000000 -1.067255
 13 10.221163 -0.000001 -0.000000 1.600231 0.004515 -0.113139
 14 1.389920 -0.447518 1.936565 -0.210439 -0.761471 0.314906
 15 1.208675 0.000000 -0.000001 0.000000 0.000000 0.000000
 16 1.208674 -0.000001 0.000000 0.000000 0.000000 0.000000
 17 1.208675 -0.000001 -0.000000 0.000000 0.000000 3.141593
 18 3.507810 -0.429741 1.193334 0.022860 -0.225875 -0.088311
 19 1.560291 0.000002 0.000001 0.000000 0.000000 0.000000
 20 1.560287 -0.000003 -0.000001 0.000000 0.000000 0.000000
 21 1.560288 0.000002 -0.000001 0.000000 0.000000 3.141593
 22 3.044310 -0.436515 0.176984 0.140338 -0.004885 0.034563
 23 1.820338 0.000000 -0.000000 0.000000 0.000000 0.000000
 24 1.820339 -0.000001 -0.000003 0.000000 0.000000 0.000000
 25 1.820336 -0.000001 0.000001 0.000000 0.000000 3.141593
 26 3.330763 -0.128976 -0.727985 0.013106 0.174047 0.071026
 27 1.560289 0.000000 -0.000001 0.000000 0.000000 0.000000
 28 1.560288 0.000001 -0.000002 0.000000 0.000000 0.000000
 29 1.560290 0.000001 0.000000 0.000000 0.000000 3.141593
 30 3.208162 0.466231 -1.931736 0.024854 0.330715 0.074094
 31 1.300242 0.000001 -0.000002 0.000000 0.000000 0.000000
 32 1.300240 0.000001 0.000002 0.000000 0.000000 0.000000
 33 1.300240 0.000002 0.000001 0.000000 0.000000 3.141593
 34 0.000001 0.002181 1.281928 0.772873 -1.126864 2.034760
 35 7.285012 -0.000003 -0.000001 -0.715742 0.024933 -0.528592
 36 12.538441 -0.000000 -0.000000 -0.000000 -0.000000 -0.630171
 37 10.782779 -0.000002 0.000000 -1.576326 0.005394 -0.051134
 38 1.016389 0.059479 -2.003609 0.348822 0.790160 0.431299
 39 1.107952 -0.000000 -0.000000 0.000000 0.000000 0.000000
 40 1.107952 -0.000000 -0.000000 0.000000 0.000000 0.000000
 41 1.107952 -0.000000 0.000000 0.000000 0.000000 0.000000
 42 3.077732 -0.144550 -1.412630 0.003835 0.209388 0.026587
 43 1.560289 -0.000000 -0.000001 0.000000 0.000000 0.000000
 44 1.560290 -0.000001 0.000001 0.000000 0.000000 0.000000
 45 1.560289 -0.000000 0.000000 0.000000 0.000000 0.000000
 46 2.463501 0.093204 -0.291937 -0.000796 0.000000 0.000000
 47 1.820338 -0.000000 0.000001 0.000000 0.000000 0.000000
 48 1.820337 -0.000000 -0.000001 0.000000 0.000000 0.000000
 49 1.820337 -0.000000 -0.000001 0.000000 0.000000 0.000000
 50 3.016627 -0.086193 0.699125 -0.016172 -0.173791 0.088745
 51 1.560289 -0.000001 -0.000000 0.000000 0.000000 0.000000
 52 1.560289 0.000000 -0.000000 0.000000 0.000000 0.000000
 53 1.560289 0.000000 -0.000000 0.000000 0.000000 0.000000
 54 2.733754 0.442845 1.903233 -0.009342 -0.314026 0.027785
 55 1.300241 -0.000000 -0.000001 0.000000 0.000000 0.000000
 56 1.300241 -0.000000 0.000001 0.000000 0.000000 0.000000
 57 1.300241 0.000000 0.000000 0.000000 0.000000 0.000000
 58 -2.143204 3.999424 5.074678 -2.792630 -0.243719 0.930296
 59 15.353565 -0.000001 0.000000 -0.000000 -0.000000 -2.355171
 60 19.266846 -0.000003 -0.000000 -0.619240 -0.560603 0.913460
 61 4.212046 5.420720 0.000000 -0.000000 -0.000000 1.570796
 62 0.549397 0.000000 0.000000 0.000000 0.000000 3.141593
 63 -1.810483 2.848598 -2.152005 3.051910 0.231479 1.255497
 64 15.353563 0.000000 -0.000000 0.000000 0.000000 -0.002192
 65 19.266846 -0.000000 0.000001 0.558641 0.087017 -0.230193
 66 4.212049 5.420721 0.000002 -0.000000 -0.000000 1.570796
 67 0.549397 -0.000000 -0.000001 0.000000 0.000000 0.000000
 68 -38.836464 -1.519706 -0.000052 3.141593 -1.570796 0.000000
time 74
  0 2.348597 19.002146 22.449381 0.007211 -0.409634 3.076887
  1 -8.989743 -0.149298 -20.703789 -0.020227 -0.409223 -3.074188
  2 -7.313076 -1.959734 -0.000000 0.000000 -2.052456 -1.570795
  3 3.736029 -0.002007 -1.951585 0.092591 0.009487 1.011379
  4 4.761444 -0.003791 0.000002 -0.000000 0.000000 -0.000000
  5 4.762248 -0.003701 0.000164 -0.043933 -0.077793 0.217546
  6 4.762252 -0.003704 0.000165 -0.043933 -0.077793 0.217546
  7 4.762264 -0.002030 -0.000003 -0.000000 -0.000001 0.383972
  8 2.746988 0.000000 0.000001 -0.090282 0.453132 -0.384879
  9 9.156628 -0.000002 -0.000000 0.000000 0.000000 0.000000
 10 0.000001 0.002192 -1.281927 -0.217410 1.210842 2.552952
 11 7.285012 0.000001 -0.000000 0.478018 0.208363 -0.816054
 12 12.718715 -0.000001 0.000002 -0.000000 -0.000000 -1.090910
 13 10.221164 0.000001 0.000003 1.600835 0.003502 -0.104229
 14 1.389920 -0.447518 1.936564 -0.210439 -0.761471 0.314906
 15 1.208675 0.000002 -0.000002 0.000000 0.000000 0.000000
 16 1.208676 0.000002 0.000002 0.000000 0.000000 0.000000
 17 1.208675 0.000002 -0.000000 0.000000 0.000000 3.141593
 18 3.507808 -0.429741 1.193335 0.022860 -0.225875 -0.088311
 19 1.560290 -0.000001 -0.000003 0.000000 0.000000 0.000000
 20 1.560289 0.000001 -0.000000 0.000000 0.000000 0.000000
 21 1.560288 0.000002 0.000001 0.000000 0.000000 3.141593
 22 3.044308 -0.436516 0.176984 0.140338 -0.004885 0.034563
 23 1.820339 -0.000003 -0.000001 0.000000 0.000000 0.000000
 24 1.820337 0.000003 0.000002 0.000000 0.000000 0.000000
 25 1.820337 0.000000 0.000001 0.000000 0.000000 3.141593
 26 3.330763 -0.128976 -0.727981 0.013106 0.174047 0.071026
 27 1.560289 0.000001 0.000002 0.000000 0.000000 0.000000
 28 1.560289 0.000001 -0.000001 0.000000 0.000000 0.000000
 29 1.560290 0.000001 -0.000002 0.000000 0.000000 3.141593
 30 3.208161 0.466232 -1.931734 0.024854 0.330715 0.074094
 31 1.300242 0.000001 -0.000002 0.000000 0.000000 0.000000
 32 1.300240 0.000001 0.000002 0.000000 0.000000 0.000000
 33 1.300241 0.000000 0.000001 0.000000 0.000000 3.141593
 34 0.000001 0.002184 1.281928 0.768696 -1.115392 2.041646
 35 7.285012 -0.000002 0.000001 -0.669965 0.033948 -0.475592
 36 12.538441 -0.000000 -0.000000 0.000000 -0.000000 -0.626735
 37 10.782780 -0.000000 -0.000000 -1.577394 0.008061 -0.051309
 38 1.016389 0.059479 -2.003610 0.348822 0.790160 0.431299
 39 1.107952 0.000000 -0.000000 0.000000 0.000000 0.000000
 40 1.107952 -0.000000 -0.000000 0.000000 0.000000 0.000000
 41 1.107952 -0.000000 -0.000000 0.000000 0.000000 0.000000
 42 3.077732 -0.144549 -1.412630 0.003835 0.209388 0.026587
 43 1.560289 0.000000 0.000001 0.000000 0.000000 0.000000
 44 1.560289 0.000000 0.000001 0.000000 0.000000 0.000000
 45 1.560289 0.000000 0.000001 0.000000 0.000000 0.000000
 46 2.463500 0.093205 -0.291938 -0.000796 0.000000 0.000000
 47 1.820337 0.000000 0.000001 0.000000 0.000000 0.000000
 48 1.820338 -0.000001 -0.000000 0.000000 0.000000 0.000000
 49 1.820338 0.000000 -0.000000 0.000000 0.000000 0.000000
 50 3.016627 -0.086193 0.699124 -0.016172 -0.173791 0.088745
 51 1.560289 -0.000000 0.000001 0.000000 0.000000 0.000000
 52 1.560289 -0.000000 -0.000002 0.000000 0.000000 0.000000
 53 1.560289 0.000000 0.000000 0.000000 0.000000 0.000000
 54 2.733754 0.442845 1.903232 -0.009342 -0.314026 0.027785
 55 1.300241 -0.000000 0.000001 0.000000 0.000000 0.000000
 56 1.300242 -0.000000 -0.000000 0.000000 0.000000 0.000000
 57 1.300241 0.000000 -0.000000 0.000000 0.000000 0.000000
 58 -2.034154 3.671357 5.278348 -2.625142 -0.292931 0.940352
 59 15.353565 -0.000001 -0.000001 -0.000000 -0.000000 -2.421059
 60 19.266846 0.000002 0.000001 -0.470217 -0.757183 0.818529
 61 4.212048 5.420721 -0.000000 -0.000000 -0.000000 1.570796
 62 0.549397 -0.000000 -0.000000 0.000000 0.000000 3.141593
 63 -1.964659 2.994081 -2.015245 3.107267 0.105746 1.284943
 64 15.353560 -0.000001 0.000000 -0.000000 0.000000 -0.002185
 65 19.266842 -0.000002 0.000001 0.574743 0.134138 -0.260282
 66 4.212045 5.420720 -0.000000 -0.000000 -0.000000 1.570796
 67 0.549399 -0.000001 -0.000001 0.000000 0.000000 0.000000
 68 -38.836464 -1.519709 -0.000046 3.141593 -1.570796 0.000000
time 75
  0 2.626215 19.308405 21.804356 0.012773 -0.497555 -3.083540
  1 -10.465154 -0.246103 -19.266602 0.045991 -0.495753 3.068654
  2 -7.242273 -2.096765 0.000000 0.000000 -2.011880 -1.570795
  3 3.812089 -0.002063 -1.798337 0.034717 -0.023285 0.994406
  4 4.761443 -0.003791 0.000000 0.000000 0.000000 -0.000000
  5 4.762233 -0.003706 0.000176 -0.046909 -0.082691 0.213639
  6 4.762232 -0.003704 0.000177 -0.046909 -0.082691 0.213639
  7 4.762263 -0.002030 0.000001 -0.000000 -0.000001 0.383972
  8 2.746988 0.000000 -0.000001 -0.094357 0.502199 -0.318032
  9 9.156629 -0.000001 0.000000 0.000000 0.000000 0.000000
 10 0.000001 0.002192 -1.281929 -0.228871 1.105790 2.551539
 11 7.285010 -0.000000 0.000001 0.541998 0.219708 -0.632980
 12 12.718716 0.000000 0.000003 0.000000 -0.000000 -0.994421
 13 10.221164 -0.000005 -0.000002 1.600384 0.001335 -0.120379
 14 1.389920 -0.447520 1.936563 -0.210439 -0.761471 0.314906
 15 1.208675 -0.000002 0.000002 0.000000 0.000000 0.000000
 16 1.208675 0.000003 -0.000001 0.000000 0.000000 0.000000
 17 1.208675 0.000001 -0.000001 0.000000 0.000000 3.141593
 18 3.507810 -0.429741 1.193333 0.022860 -0.225875 -0.088311
 19 1.560289 -0.000002 -0.000002 0.000000 0.000000 0.000000
 20 1.560289 0.000001 -0.000002 0.000000 0.000000 0.000000
 21 1.560288 0.000001 0.000001 0.000000 0.000000 3.141593
 22 3.044310 -0.436518 0.176983 0.140338 -0.004885 0.034563
 23 1.820338 0.000003 -0.000001 0.000000 0.000000 0.000000
 24 1.820338 -0.000005 -0.000003 0.000000 0.000000 0.000000
 25 1.820337 -0.000000 -0.000000 0.000000 0.000000 3.141593
 26 3.330763 -0.128975 -0.727982 0.013106 0.174047 0.071026
 27 1.560288 0.000003 0.000002 0.000000 0.000000 0.000000
 28 1.560289 -0.000004 -0.000003 0.000000 0.000000 0.000000
 29 1.560289 0.000001 -0.000000 0.000000 0.000000 3.141593
 30 3.208161 0.466228 -1.931735 0.024854 0.330715 0.074094
 31 1.300243 -0.000000 -0.000002 0.000000 0.000000 0.000000
 32 1.300239 0.000000 0.000002 0.000000 0.000000 0.000000
 33 1.300240 0.000001 0.000001 0.000000 0.000000 3.141593
 34 0.000001 0.002184 1.281927 0.799195 -1.085576 2.018881
 35 7.285012 -0.000001 0.000000 -0.629889 0.032942 -0.436905
 36 12.538439 -0.000000 0.000000 0.000000 0.000000 -0.623933
 37 10.782780 0.000001 -0.000000 -1.578398 0.010593 -0.051454
 38 1.016389 0.059479 -2.003610 0.348822 0.790160 0.431299
 39 1.107952 0.000001 -0.000000 0.000000 0.000000 0.000000
 40 1.107952 -0.000001 -0.000001 0.000000 0.000000 0.000000
 41 1.107952 -0.000001 -0.000000 0.000000 0.000000 0.000000
 42 3.077731 -0.144550 -1.412631 0.003835 0.209388 0.026587
 43 1.560289 -0.000000 -0.000000 0.000000 0.000000 0.000000
 44 1.560290 0.000000 0.000000 0.000000 0.000000 0.000000
 45 1.560289 0.000000 -0.000000 0.000000 0.000000 0.000000
 46 2.463500 0.093205 -0.291938 -0.000796 0.000000 0.000000
 47 1.820338 -0.000001 0.000000 0.000000 0.000000 0.000000
 48 1.820337 0.000001 0.000000 0.000000 0.000000 0.000000
 49 1.820337 -0.000000 0.000001 0.000000 0.000000 0.000000
 50 3.016627 -0.086193 0.699124 -0.016172 -0.173791 0.088745
 51 1.560289 -0.000000 -0.000000 0.000000 0.000000 0.000000
 52 1.560289 -0.000000 0.000000 0.000000 0.000000 0.000000
 53 1.560289 -0.000000 0.000000 0.000000 0.000000 0.000000
 54 2.733754 0.442845 1.903233 -0.009342 -0.314026 0.027785
 55 1.300241 0.000000 -0.000001 0.000000 0.000000 0.000000
 56 1.300241 -0.000000 0.000001 0.000000 0.000000 0.000000
 57 1.300241 -0.000000 0.000000 0.000000 0.000000 0.000000
 58 -1.948153 3.386574 5.393540 -2.469840 -0.278575 0.926441
 59 15.353563 0.000001 -0.000001 0.000000 -0.000000 -2.479905
 60 19.266844 0.000001 0.000001 -0.241442 -0.885241 0.568338
 61 4.212046 5.420720 -0.000000 -0.000000 -0.000000 1.570796
 62 0.549397 -0.000000 0.000000 0.000000 0.000000 3.141593
 63 -2.118706 3.132364 -1.925364 -3.124920 -0.006122 1.318515
 64 15.353562 -0.000001 -0.000001 0.000000 0.000000 -0.002192
 65 19.266844 -0.000001 -0.000002 0.601444 0.191511 -0.298916
 66 4.212046 5.420719 -0.000001 -0.000000 0.000000 1.570796
 67 0.549398 0.000001 0.000001 0.000000 0.000000 0.000000
 68 -38.836464 -1.519709 -0.000048 -3.141593 -1.570796 0.000000
time 76
  0 2.879536 19.510939 21.171223 0.013241 -0.574098 -2.949933
  1 -11.564090 -0.236745 -17.878296 0.137804 -0.559267 2.906395
  2 -7.210997 -2.098117 0.000001 0.000000 -1.963487 -1.570795
  3 3.894602 -0.002091 -1.611798 -0.013282 -0.046989 0.987661
  4 4.761443 -0.003790 0.000003 0.000000 0.000000 -0.000000
  5 4.762226 -0.003705 0.000184 -0.048267 -0.083000 0.211523
  6 4.762226 -0.003707 0.000183 -0.048267 -0.083000 0.211523
  7 4.762264 -0.002028 0.000003 -0.000000 -0.000001 0.383972
  8 2.746989 -0.000000 -0.000002 -0.132838 0.524214 -0.299632
  9 9.156629 -0.000000 -0.000001 0.000000 0.000000 0.000000
 10 0.000001 0.002193 -1.281930 -0.246409 1.017858 2.545966
 11 7.285011 -0.000000 -0.000000 0.570574 0.208984 -0.458271
 12 12.718714 0.000000 0.000001 0.000000 0.000000 -0.919541
 13 10.221164 0.000001 -0.000000 1.600624 -0.000952 -0.133000
 14 1.389921 -0.447519 1.936563 -0.210439 -0.761471 0.314906
 15 1.208676 0.000001 0.000000 0.000000 0.000000 0.000000
 16 1.208675 0.000001 0.000001 0.000000 0.000000 0.000000
 17 1.208674 0.000001 0.000001 0.000000 0.000000 3.141593
 18 3.507811 -0.429740 1.193333 0.022860 -0.225875 -0.088311
 19 1.560289 0.000000 -0.000000 0.000000 0.000000 0.000000
 20 1.560289 0.000001 -0.000000 0.000000 0.000000 0.000000
 21 1.560289 0.000001 -0.000000 0.000000 0.000000 3.141593
 22 3.044310 -0.436514 0.176983 0.140338 -0.004885 0.034563
 23 1.820338 0.000002 0.000003 0.000000 0.000000 0.000000
 24 1.820339 -0.000003 -0.000001 0.000000 0.000000 0.000000
 25 1.820337 -0.000004 0.000001 0.000000 0.000000 3.141593
 26 3.330762 -0.128977 -0.727982 0.013106 0.174047 0.071026
 27 1.560289 -0.000000 -0.000001 0.000000 0.000000 0.000000
 28 1.560289 -0.000002 -0.000001 0.000000 0.000000 0.000000
 29 1.560289 0.000000 -0.000001 0.000000 0.000000 3.141593
 30 3.208160 0.466227 -1.931734 0.024854 0.330715 0.074094
 31 1.300242 -0.000001 -0.000001 0.000000 0.000000 0.000000
 32 1.300241 -0.000001 0.000002 0.000000 0.000000 0.000000
 33 1.300240 -0.000001 0.000001 0.000000 0.000000 3.141593
 34 0.000001 0.002184 1.281926 0.814933 -1.068959 2.007638
 35 7.285012 -0.000001 -0.000001 -0.625238 0.032571 -0.435022
 36 12.538439 0.000000 0.000000 -0.000000 -0.000000 -0.612904
 37 10.782778 0.000000 0.000000 -1.578859 0.012162 -0.051650
 38 1.016388 0.059478 -2.003611 0.348822 0.790160 0.431299
 39 1.107951 -0.000000 -0.000000 0.000000 0.000000 0.000000
 40 1.107952 0.000000 0.000000 0.000000 0.000000 0.000000
 41 1.107953 0.000000 0.000000 0.000000 0.000000 0.000000
 42 3.077731 -0.144550 -1.412632 0.003835 0.209388 0.026587
 43 1.560289 -0.000000 -0.000000 0.000000 0.000000 0.000000
 44 1.560289 0.000000 0.000000 0.000000 0.000000 0.000000
 45 1.560290 0.000000 0.000000 0.000000 0.000000 0.000000
 46 2.463500 0.093205 -0.291940 -0.000796 -0.000000 -0.000000
 47 1.820338 -0.000001 0.000000 0.000000 0.000000 0.000000
 48 1.820338 -0.000000 -0.000000 0.000000 0.000000 0.000000
 49 1.820338 0.000000 -0.000001 0.000000 0.000000 0.000000
 50 3.016626 -0.086194 0.699124 -0.016172 -0.173791 0.088745
 51 1.560289 0.000000 0.000001 0.000000 0.000000 0.000000
 52 1.560289 -0.000000 -0.000001 0.000000 0.000000 0.000000
 53 1.560289 -0.000000 0.000000 0.000000 0.000000 0.000000
 54 2.733754 0.442844 1.903232 -0.009342 -0.314026 0.027785
 55 1.300241 0.000000 0.000000 0.000000 0.000000 0.000000
 56 1.300241 -0.000001 0.000000 0.000000 0.000000 0.000000
 57 1.300241 0.000000 0.000000 0.000000 0.000000 0.000000
 58 -1.892677 3.180538 5.411999 -2.382577 -0.305231 0.997967
 59 15.353565 0.000002 -0.000001 0.000000 -0.000000 -2.523220
 60 19.266846 -0.000000 0.000001 0.044492 -0.947752 0.360456
 61 4.212047 5.420721 0.000000 -0.000000 -0.000000 1.570796
 62 0.549398 0.000000 -0.000000 0.000000 0.000000 3.141593
 63 -2.236760 3.277710 -1.904574 -3.087857 -0.109480 1.341960
 64 15.353565 0.000001 -0.000001 -0.000000 -0.000000 -0.002211
 65 19.266848 0.000001 0.000001 0.642882 0.257609 -0.341372
 66 4.212046 5.420720 0.000001 -0.000000 0.000000 1.570796
 67 0.549397 -0.000001 -0.000000 0.000000 0.000000 0.000000
 68 -38.836464 -1.519706 -0.000052 3.141593 -1.570796 0.000000
time 77
  0 3.100493 19.558825 20.555088 0.008127 -0.633884 -2.815192
  1 -12.246820 -0.135403 -16.659979 0.240501 -0.592436 2.738804
  2 -7.227538 -1.975830 -0.000001 -0.000000 -1.908277 -1.570795
  3 3.977617 -0.002080 -1.394459 -0.051656 -0.062417 0.992075
  4 4.761443 -0.003792 0.000001 0.000000 0.000000 0.000000
  5 4.762225 -0.003707 0.000181 -0.047972 -0.079217 0.211783
  6 4.762225 -0.003706 0.000182 -0.047972 -0.079217 0.211783
  7 4.762264 -0.002028 0.000000 -0.000000 -0.000001 0.383972
  8 2.746988 -0.000001 -0.000002 -0.198545 0.526045 -0.318970
  9 9.156627 -0.000000 -0.000001 0.000000 0.000000 0.000000
 10 0.000001 0.002191 -1.281929 -0.273461 0.958712 2.531168
 11 7.285011 0.000000 -0.000000 0.509619 0.158628 -0.288952
 12 12.718713 0.000000 0.000002 -0.000000 -0.000000 -0.940370
 13 10.221162 -0.000002 -0.000000 1.602803 -0.003109 -0.127485
 14 1.389920 -0.447522 1.936563 -0.210439 -0.761471 0.314906
 15 1.208673 -0.000002 -0.000002 0.000000 0.000000 0.000000
 16 1.208675 0.000001 -0.000000 0.000000 0.000000 0.000000
 17 1.208675 -0.000000 0.000002 0.000000 0.000000 3.141593
 18 3.507809 -0.429744 1.193333 0.022860 -0.225875 -0.088311
 19 1.560289 0.000000 0.000002 0.000000 0.000000 0.000000
 20 1.560289 0.000000 -0.000001 0.000000 0.000000 0.000000
 21 1.560288 -0.000000 -0.000000 0.000000 0.000000 3.141593
 22 3.044309 -0.436516 0.176985 0.140338 -0.004885 0.034563
 23 1.820337 -0.000001 -0.000001 0.000000 0.000000 0.000000
 24 1.820336 0.000000 0.000001 0.000000 0.000000 0.000000
 25 1.820338 0.000001 0.000002 0.000000 0.000000 3.141593
 26 3.330762 -0.128979 -0.727985 0.013106 0.174047 0.071026
 27 1.560290 -0.000000 -0.000001 0.000000 0.000000 0.000000
 28 1.560290 -0.000000 -0.000001 0.000000 0.000000 0.000000
 29 1.560289 0.000000 -0.000001 0.000000 0.000000 3.141593
 30 3.208160 0.466227 -1.931737 0.024854 0.330715 0.074094
 31 1.300240 -0.000002 0.000001 0.000000 0.000000 0.000000
 32 1.300241 -0.000002 0.000001 0.000000 0.000000 0.000000
 33 1.300241 -0.000002 -0.000001 0.000000 0.000000 3.141593
 34 0.000001 0.002183 1.281926 0.799342 -1.080000 2.020208
 35 7.285011 -0.000001 0.000000 -0.682370 0.039044 -0.482012
 36 12.538440 -0.000001 0.000001 -0.000000 0.000000 -0.576627
 37 10.782780 0.000001 -0.000002 -1.578339 0.012364 -0.052248
 38 1.016389 0.059479 -2.003610 0.348822 0.790160 0.431299
 39 1.107952 -0.000000 -0.000001 0.000000 0.000000 0.000000
 40 1.107952 0.000000 0.000001 0.000000 0.000000 0.000000
 41 1.107952 0.000000 0.000000 0.000000 0.000000 0.000000
 42 3.077731 -0.144549 -1.412631 0.003835 0.209388 0.026587
 43 1.560288 0.000000 0.000000 0.000000 0.000000 0.000000
 44 1.560289 0.000000 -0.000000 0.000000 0.000000 0.000000
 45 1.560289 0.000000 -0.000000 0.000000 0.000000 0.000000
 46 2.463500 0.093204 -0.291939 -0.000796 0.000000 -0.000000
 47 1.820337 -0.000000 0.000000 0.000000 0.000000 0.000000
 48 1.820338 0.000000 0.000000 0.000000 0.000000 0.000000
 49 1.820338 0.000000 0.000000 0.000000 0.000000 0.000000
 50 3.016626 -0.086194 0.699123 -0.016172 -0.173791 0.088745
 51 1.560289 -0.000000 -0.000001 0.000000 0.000000 0.000000
 52 1.560289 0.000001 0.000000 0.000000 0.000000 0.000000
 53 1.560289 0.000000 0.000001 0.000000 0.000000 0.000000
 54 2.733753 0.442845 1.903231 -0.009342 -0.314026 0.027785
 55 1.300241 -0.000000 0.000000 0.000000 0.000000 0.000000
 56 1.300241 -0.000000 0.000000 0.000000 0.000000 0.000000
 57 1.300241 0.000000 0.000000 0.000000 0.000000 0.000000
 58 -1.854149 3.059009 5.347936 -2.347257 -0.318879 1.052270
 59 15.353564 -0.000003 0.000001 0.000000 -0.000000 -2.556428
 60 19.266844 -0.000000 0.000001 0.312333 -0.934857 0.159288
 61 4.212045 5.420720 -0.000001 -0.000000 0.000000 1.570796
 62 0.549398 0.000000 -0.000000 0.000000 0.000000 3.141593
 63 -2.311081 3.436484 -1.953348 -3.068930 -0.210370 1.373488
 64 15.353562 -0.000003 -0.000001 0.000000 -0.000000 0.027397
 65 19.266848 -0.000002 -0.000001 0.718731 0.340074 -0.392667
 66 4.212047 5.420720 -0.000000 -0.000000 -0.000000 1.570796
 67 0.549398 -0.000001 -0.000000 0.000000 0.000000 0.000000
 68 -38.836460 -1.519710 -0.000047 -3.141593 -1.570796 0.000000
time 78
  0 3.299610 19.474483 19.961124 0.000356 -0.671947 -2.691713
  1 -12.502204 -0.005589 -15.717577 0.333381 -0.594888 2.588529
  2 -7.266610 -1.792343 0.000001 -0.000000 -1.847250 -1.570795
  3 4.055282 -0.002055 -1.149341 -0.084381 -0.074289 1.001976
  4 4.761446 -0.003792 0.000001 -0.000000 0.000000 -0.000000
  5 4.762232 -0.003704 0.000175 -0.046181 -0.073110 0.213345
  6 4.762236 -0.003706 0.000174 -0.046181 -0.073110 0.213345
  7 4.762266 -0.002029 -0.000002 -0.000000 -0.000001 0.383972
  8 2.746988 0.000002 -0.000000 -0.271966 0.515442 -0.346948
  9 9.156629 -0.000001 0.000001 0.000000 0.000000 0.000000
 10 0.000000 0.002193 -1.281929 -0.304920 0.916170 2.512154
 11 7.285011 -0.000001 0.000001 0.404103 0.083987 -0.121771
 12 12.718716 0.000001 -0.000001 -0.000000 0.000000 -0.982807
 13 10.221162 -0.000001 -0.000001 1.605619 -0.005406 -0.118448
 14 1.389922 -0.447519 1.936561 -0.210439 -0.761471 0.314906
 15 1.208675 0.000002 0.000001 0.000000 0.000000 0.000000
 16 1.208674 0.000000 0.000000 0.000000 0.000000 0.000000
 17 1.208675 -0.000001 0.000000 0.000000 0.000000 3.141593
 18 3.507809 -0.429743 1.193331 0.022860 -0.225875 -0.088311
 19 1.560288 0.000003 0.000003 0.000000 0.000000 0.000000
 20 1.560289 -0.000002 -0.000002 0.000000 0.000000 0.000000
 21 1.560289 -0.000003 0.000001 0.000000 0.000000 3.141593
 22 3.044310 -0.436516 0.176983 0.140338 -0.004885 0.034563
 23 1.820337 -0.000001 -0.000003 0.000000 0.000000 0.000000
 24 1.820337 -0.000001 0.000001 0.000000 0.000000 0.000000
 25 1.820337 -0.000000 0.000003 0.000000 0.000000 3.141593
 26 3.330763 -0.128976 -0.727986 0.013106 0.174047 0.071026
 27 1.560289 0.000002 0.000003 0.000000 0.000000 0.000000
 28 1.560289 -0.000002 -0.000002 0.000000 0.000000 0.000000
 29 1.560288 0.000001 -0.000003 0.000000 0.000000 3.141593
 30 3.208162 0.466231 -1.931738 0.024854 0.330715 0.074094
 31 1.300241 -0.000001 -0.000001 0.000000 0.000000 0.000000
 32 1.300241 0.000000 -0.000001 0.000000 0.000000 0.000000
 33 1.300241 0.000001 -0.000001 0.000000 0.000000 3.141593
 34 -0.000000 0.002187 1.281928 0.769468 -1.104187 2.043636
 35 7.285010 -0.000001 -0.000000 -0.769112 0.037491 -0.552631
 36 12.538441 -0.000000 -0.000000 0.000000 -0.000000 -0.532123
 37 10.782780 0.000001 -0.000001 -1.577275 0.011604 -0.052897
 38 1.016389 0.059479 -2.003610 0.348822 0.790160 0.431299
 39 1.107952 0.000000 -0.000001 0.000000 0.000000 0.000000
 40 1.107952 -0.000000 0.000000 0.000000 0.000000 0.000000
 41 1.107952 0.000000 -0.000001 0.000000 0.000000 0.000000
 42 3.077731 -0.144550 -1.412630 0.003835 0.209388 0.026587
 43 1.560288 0.000000 -0.000000 0.000000 0.000000 0.000000
 44 1.560290 0.000000 -0.000000 0.000000 0.000000 0.000000
 45 1.560290 0.000000 -0.000000 0.000000 0.000000 0.000000
 46 2.463500 0.093205 -0.291938 -0.000796 0.000000 -0.000000
 47 1.820338 0.000000 -0.000000 0.000000 0.000000 0.000000
 48 1.820337 0.000000 0.000000 0.000000 0.000000 0.000000
 49 1.820337 0.000001 0.000000 0.000000 0.000000 0.000000
 50 3.016627 -0.086193 0.699124 -0.016172 -0.173791 0.088745
 51 1.560289 -0.000000 -0.000001 0.000000 0.000000 0.000000
 52 1.560288 0.000000 0.000001 0.000000 0.000000 0.000000
 53 1.560289 0.000000 -0.000000 0.000000 0.000000 0.000000
 54 2.733754 0.442845 1.903232 -0.009342 -0.314026 0.027785
 55 1.300241 0.000001 0.000000 0.000000 0.000000 0.000000
 56 1.300242 0.000000 0.000000 0.000000 0.000000 0.000000
 57 1.300241 0.000000 0.000000 0.000000 0.000000 0.000000
 58 -1.819429 2.987583 5.231123 -2.317052 -0.150567 0.922865
 59 15.353564 0.000001 -0.000000 -0.000000 -0.000000 -2.579087
 60 19.266846 0.000001 0.000001 0.495860 -0.873947 -0.215268
 61 4.212047 5.420720 0.000000 -0.000000 -0.000000 1.570796
 62 0.549397 -0.000000 0.000000 0.000000 0.000000 3.141593
 63 -2.363116 3.603253 -2.047985 -3.059158 -0.305924 1.420410
 64 15.353563 -0.000002 0.000001 0.000000 -0.000000 0.076750
 65 19.266846 -0.000001 -0.000001 0.820816 0.440441 -0.440808
 66 4.212047 5.420719 0.000001 -0.000000 -0.000000 1.570796
 67 0.549396 0.000001 -0.000000 0.000000 0.000000 0.000000
 68 -38.836468 -1.519709 -0.000050 -3.141593 -1.570796 0.000000
time 79
  0 3.492346 19.322441 19.394482 -0.006436 -0.694344 -2.576365
  1 -12.488487 0.096528 -14.997880 0.413594 -0.574952 2.454793
  2 -7.315021 -1.555618 0.000001 -0.000000 -1.781409 -1.570795
  3 4.122152 -0.002020 -0.880129 -0.115003 -0.081925 1.014017
  4 4.761445 -0.003790 0.000001 0.000000 0.000000 -0.000000
  5 4.762245 -0.003703 0.000164 -0.043602 -0.065172 0.215461
  6 4.762243 -0.003702 0.000164 -0.043602 -0.065172 0.215461
  7 4.762264 -0.002028 -0.000001 -0.000000 -0.000001 0.383972
  8 2.746989 -0.000002 -0.000000 -0.328182 0.471911 -0.366205
  9 9.156625 0.000000 0.000000 0.000000 0.000000 0.000000
 10 0.000002 0.002189 -1.281927 -0.324965 0.876336 2.503504
 11 7.285013 -0.000000 0.000002 0.324550 0.014719 -0.001299
 12 12.718717 0.000003 -0.000002 -0.000000 -0.000000 -0.966294
 13 10.221164 0.000001 -0.000001 1.606937 -0.007491 -0.121132
 14 1.389922 -0.447518 1.936561 -0.210439 -0.761471 0.314906
 15 1.208676 0.000001 0.000003 0.000000 0.000000 0.000000
 16 1.208675 0.000001 -0.000002 0.000000 0.000000 0.000000
 17 1.208675 0.000000 -0.000001 0.000000 0.000000 3.141593
 18 3.507810 -0.429743 1.193331 0.022860 -0.225875 -0.088311
 19 1.560289 0.000001 -0.000002 0.000000 0.000000 0.000000
 20 1.560289 0.000002 0.000000 0.000000 0.000000 0.000000
 21 1.560288 0.000002 0.000002 0.000000 0.000000 3.141593
 22 3.044309 -0.436516 0.176983 0.140338 -0.004885 0.034563
 23 1.820338 -0.000002 -0.000003 0.000000 0.000000 0.000000
 24 1.820338 0.000003 0.000002 0.000000 0.000000 0.000000
 25 1.820337 -0.000000 0.000001 0.000000 0.000000 3.141593
 26 3.330762 -0.128976 -0.727987 0.013106 0.174047 0.071026
 27 1.560290 -0.000000 0.000002 0.000000 0.000000 0.000000
 28 1.560286 0.000001 0.000004 0.000000 0.000000 0.000000
 29 1.560290 0.000001 -0.000000 0.000000 0.000000 3.141593
 30 3.208161 0.466231 -1.931739 0.024854 0.330715 0.074094
 31 1.300240 0.000000 0.000000 0.000000 0.000000 0.000000
 32 1.300243 0.000002 0.000000 0.000000 0.000000 0.000000
 33 1.300241 0.000002 0.000001 0.000000 0.000000 3.141593
 34 0.000000 0.002185 1.281928 0.735600 -1.130465 2.070772
 35 7.285009 0.000000 0.000001 -0.825071 0.007079 -0.612068
 36 12.538439 0.000000 0.000001 -0.000000 0.000000 -0.521602
 37 10.782779 0.000001 0.000000 -1.576499 0.010260 -0.052616
 38 1.016389 0.059479 -2.003610 0.348822 0.790160 0.431299
 39 1.107952 -0.000000 0.000001 0.000000 0.000000 0.000000
 40 1.107952 -0.000000 -0.000001 0.000000 0.000000 0.000000
 41 1.107953 -0.000000 -0.000000 0.000000 0.000000 0.000000
 42 3.077730 -0.144550 -1.412631 0.003835 0.209388 0.026587
 43 1.560289 -0.000000 -0.000001 0.000000 0.000000 0.000000
 44 1.560289 -0.000000 0.000000 0.000000 0.000000 0.000000
 45 1.560289 -0.000000 0.000001 0.000000 0.000000 0.000000
 46 2.463500 0.093205 -0.291938 -0.000796 -0.000000 -0.000000
 47 1.820337 0.000000 -0.000000 0.000000 0.000000 0.000000
 48 1.820337 -0.000000 -0.000000 0.000000 0.000000 0.000000
 49 1.820337 0.000000 -0.000000 0.000000 0.000000 0.000000
 50 3.016626 -0.086194 0.699124 -0.016172 -0.173791 0.088745
 51 1.560289 0.000000 0.000000 0.000000 0.000000 0.000000
 52 1.560289 -0.000000 0.000000 0.000000 0.000000 0.000000
 53 1.560289 -0.000000 0.000001 0.000000 0.000000 0.000000
 54 2.733754 0.442845 1.903233 -0.009342 -0.314026 0.027785
 55 1.300242 -0.000000 -0.000000 0.000000 0.000000 0.000000
 56 1.300241 0.000000 -0.000000 0.000000 0.000000 0.000000
 57 1.300241 -0.000000 -0.000000 0.000000 0.000000 0.000000
 58 -1.797603 2.937526 5.076279 -2.395886 -0.270512 1.062113
 59 15.353565 -0.000000 -0.000001 0.000000 -0.000000 -2.592017
 60 19.266846 0.000001 0.000002 0.571063 -0.823793 -0.004149
 61 4.212047 5.420720 0.000000 -0.000000 -0.000000 1.570796
 62 0.549397 -0.000000 0.000000 0.000000 0.000000 3.141593
 63 -2.397059 3.775269 -2.176229 -3.041658 -0.387974 1.449412
 64 15.353561 -0.000000 0.000001 0.000000 0.000000 0.086572
 65 19.266850 -0.000000 0.000000 0.916585 0.545255 -0.464485
 66 4.212045 5.420719 0.000000 -0.000000 -0.000000 1.570796
 67 0.549397 -0.000000 0.000000 0.000000 0.000000 0.000000
 68 -38.836464 -1.519706 -0.000051 -3.141593 -1.570796 0.000000
time 80
  0 3.678022 19.114927 18.860279 -0.011613 -0.710547 -2.458166
  1 -12.381417 0.167092 -14.387985 0.488508 -0.538747 2.325074
  2 -7.359016 -1.272913 -0.000001 0.000000 -1.711753 -1.570795
  3 4.173452 -0.001989 -0.591201 -0.146741 -0.085157 1.024629
  4 4.761445 -0.003791 0.000000 -0.000000 0.000000 0.000000
  5 4.762255 -0.003700 0.000156 -0.040949 -0.055892 0.217373
  6 4.762252 -0.003701 0.000155 -0.040949 -0.055892 0.217373
  7 4.762263 -0.002029 0.000002 -0.000000 -0.000001 0.383973
  8 2.746989 -0.000001 -0.000000 -0.371560 0.405941 -0.376309
  9 9.156628 0.000000 -0.000001 0.000000 0.000000 0.000000
 10 0.000001 0.002191 -1.281927 -0.329281 0.833493 2.509051
 11 7.285011 0.000001 -0.000002 0.289492 -0.048391 0.034527
 12 12.718717 0.000000 -0.000001 -0.000000 0.000000 -0.844180
 13 10.221165 -0.000001 0.000002 1.605476 -0.009352 -0.140775
 14 1.389920 -0.447519 1.936565 -0.210439 -0.761471 0.314906
 15 1.208675 0.000001 0.000000 0.000000 0.000000 0.000000
 16 1.208673 0.000001 -0.000002 0.000000 0.000000 0.000000
 17 1.208675 0.000001 0.000000 0.000000 0.000000 3.141593
 18 3.507808 -0.429742 1.193335 0.022860 -0.225875 -0.088311
 19 1.560289 -0.000002 0.000001 0.000000 0.000000 0.000000
 20 1.560288 -0.000001 0.000001 0.000000 0.000000 0.000000
 21 1.560289 -0.000002 0.000001 0.000000 0.000000 3.141593
 22 3.044310 -0.436517 0.176983 0.140338 -0.004885 0.034563
 23 1.820339 -0.000001 0.000000 0.000000 0.000000 0.000000
 24 1.820337 -0.000002 -0.000000 0.000000 0.000000 0.000000
 25 1.820337 0.000001 -0.000001 0.000000 0.000000 3.141593
 26 3.330763 -0.128976 -0.727985 0.013106 0.174047 0.071026
 27 1.560289 -0.000001 0.000001 0.000000 0.000000 0.000000
 28 1.560288 -0.000002 0.000001 0.000000 0.000000 0.000000
 29 1.560289 -0.000002 0.000002 0.000000 0.000000 3.141593
 30 3.208161 0.466230 -1.931736 0.024854 0.330715 0.074094
 31 1.300242 0.000001 -0.000000 0.000000 0.000000 0.000000
 32 1.300239 0.000002 0.000002 0.000000 0.000000 0.000000
 33 1.300241 0.000001 0.000001 0.000000 0.000000 3.141593
 34 0.000002 0.002182 1.281926 0.701290 -1.154776 2.099101
 35 7.285014 -0.000001 -0.000001 -0.846977 -0.054504 -0.655234
 36 12.538438 0.000000 0.000001 0.000000 -0.000000 -0.548540
 37 10.782776 0.000001 0.000001 -1.575902 0.008175 -0.051552
 38 1.016389 0.059479 -2.003610 0.348822 0.790160 0.431299
 39 1.107953 -0.000000 -0.000000 0.000000 0.000000 0.000000
 40 1.107951 0.000000 0.000000 0.000000 0.000000 0.000000
 41 1.107952 -0.000000 -0.000000 0.000000 0.000000 0.000000
 42 3.077731 -0.144550 -1.412631 0.003835 0.209388 0.026587
 43 1.560289 -0.000000 0.000000 0.000000 0.000000 0.000000
 44 1.560289 -0.000000 -0.000000 0.000000 0.000000 0.000000
 45 1.560289 -0.000000 -0.000000 0.000000 0.000000 0.000000
 46 2.463500 0.093205 -0.291939 -0.000796 0.000000 0.000000
 47 1.820337 -0.000000 0.000000 0.000000 0.000000 0.000000
 48 1.820338 0.000000 -0.000000 0.000000 0.000000 0.000000
 49 1.820337 -0.000000 0.000000 0.000000 0.000000 0.000000
 50 3.016627 -0.086194 0.699123 -0.016172 -0.173791 0.088745
 51 1.560289 -0.000000 -0.000000 0.000000 0.000000 0.000000
 52 1.560289 -0.000000 -0.000000 0.000000 0.000000 0.000000
 53 1.560289 0.000000 -0.000000 0.000000 0.000000 0.000000
 54 2.733754 0.442845 1.903232 -0.009342 -0.314026 0.027785
 55 1.300241 -0.000000 -0.000000 0.000000 0.000000 0.000000
 56 1.300241 0.000000 0.000001 0.000000 0.000000 0.000000
 57 1.300241 -0.000000 0.000000 0.000000 0.000000 0.000000
 58 -1.796397 2.882348 4.896739 -2.466259 -0.250035 1.049875
 59 15.353564 -0.000002 -0.000001 0.000000 -0.000000 -2.598853
 60 19.266844 -0.000001 0.000002 0.640379 -0.763534 0.008149
 61 4.212045 5.420722 0.000000 -0.000000 -0.000000 1.570796
 62 0.549398 0.000000 -0.000000 0.000000 0.000000 3.141593
 63 -2.419448 3.949521 -2.323582 -2.993836 -0.449694 1.421430
 64 15.353564 -0.000001 -0.000001 0.000000 -0.000000 -0.002417
 65 19.266850 -0.000000 0.000000 0.976548 0.637474 -0.456156
 66 4.212047 5.420721 -0.000000 -0.000000 -0.000000 1.570796
 67 0.549397 0.000000 -0.000000 0.000000 0.000000 0.000000
 68 -38.836464 -1.519708 -0.000049 3.141593 -1.570796 0.000000
time 81
  0 3.855964 18.864176 18.363680 -0.014767 -0.721435 -2.339669
  1 -12.209361 0.204971 -13.878906 0.553908 -0.489064 2.203618
  2 -7.384062 -0.950292 0.000001 -0.000001 -1.639284 -1.570794
  3 4.205339 -0.001970 -0.287562 -0.182520 -0.084420 1.030011
  4 4.761445 -0.003791 -0.000002 0.000000 0.000000 0.000000
  5 4.762259 -0.003699 0.000149 -0.038953 -0.045754 0.218313
  6 4.762256 -0.003700 0.000147 -0.038953 -0.045754 0.218313
  7 4.762267 -0.002028 0.000001 -0.000000 -0.000001 0.383972
  8 2.746988 0.000001 0.000001 -0.430916 0.365820 -0.384532
  9 9.156630 0.000001 -0.000001 0.000000 0.000000 0.000000
 10 -0.000001 0.002194 -1.281928 -0.325853 0.793513 2.520465
 11 7.285011 0.000001 -0.000002 0.266121 -0.112792 0.007861
 12 12.718716 -0.000000 0.000000 0.000000 -0.000000 -0.663116
 13 10.221163 0.000002 0.000000 1.602592 -0.011067 -0.172129
 14 1.389920 -0.447520 1.936563 -0.210439 -0.761471 0.314906
 15 1.208675 0.000001 0.000001 0.000000 0.000000 0.000000
 16 1.208675 -0.000000 0.000001 0.000000 0.000000 0.000000
 17 1.208674 -0.000000 0.000000 0.000000 0.000000 3.141593
 18 3.507809 -0.429744 1.193331 0.022860 -0.225875 -0.088311
 19 1.560290 0.000001 0.000002 0.000000 0.000000 0.000000
 20 1.560288 -0.000001 -0.000003 0.000000 0.000000 0.000000
 21 1.560289 -0.000001 -0.000000 0.000000 0.000000 3.141593
 22 3.044310 -0.436517 0.176982 0.140338 -0.004885 0.034563
 23 1.820337 0.000000 -0.000001 0.000000 0.000000 0.000000
 24 1.820337 0.000001 -0.000001 0.000000 0.000000 0.000000
 25 1.820337 0.000002 -0.000000 0.000000 0.000000 3.141593
 26 3.330762 -0.128977 -0.727985 0.013106 0.174047 0.071026
 27 1.560290 0.000000 -0.000004 0.000000 0.000000 0.000000
 28 1.560288 0.000001 0.000001 0.000000 0.000000 0.000000
 29 1.560288 0.000002 0.000003 0.000000 0.000000 3.141593
 30 3.208161 0.466230 -1.931737 0.024854 0.330715 0.074094
 31 1.300239 0.000002 0.000001 0.000000 0.000000 0.000000
 32 1.300241 0.000000 0.000000 0.000000 0.000000 0.000000
 33 1.300242 0.000000 -0.000000 0.000000 0.000000 3.141593
 34 0.000001 0.002184 1.281928 0.661543 -1.179841 2.132911
 35 7.285013 -0.000001 -0.000001 -0.869028 -0.126949 -0.688904
 36 12.538439 -0.000001 0.000001 0.000000 0.000000 -0.587994
 37 10.782780 0.000002 0.000000 -1.575119 0.005408 -0.050331
 38 1.016389 0.059479 -2.003609 0.348822 0.790160 0.431299
 39 1.107953 -0.000001 -0.000002 0.000000 0.000000 0.000000
 40 1.107952 0.000000 0.000001 0.000000 0.000000 0.000000
 41 1.107951 0.000001 0.000001 0.000000 0.000000 0.000000
 42 3.077731 -0.144550 -1.412630 0.003835 0.209388 0.026587
 43 1.560289 -0.000000 -0.000000 0.000000 0.000000 0.000000
 44 1.560289 -0.000000 0.000000 0.000000 0.000000 0.000000
 45 1.560289 -0.000000 0.000001 0.000000 0.000000 0.000000
 46 2.463500 0.093205 -0.291938 -0.000796 -0.000000 0.000000
 47 1.820338 -0.000000 0.000000 0.000000 0.000000 0.000000
 48 1.820337 -0.000000 0.000000 0.000000 0.000000 0.000000
 49 1.820337 -0.000000 0.000001 0.000000 0.000000 0.000000
 50 3.016626 -0.086194 0.699124 -0.016172 -0.173791 0.088745
 51 1.560289 -0.000000 0.000000 0.000000 0.000000 0.000000
 52 1.560289 -0.000000 0.000000 0.000000 0.000000 0.000000
 53 1.560289 0.000000 0.000000 0.000000 0.000000 0.000000
 54 2.733754 0.442845 1.903233 -0.009342 -0.314026 0.027785
 55 1.300241 -0.000001 -0.000000 0.000000 0.000000 0.000000
 56 1.300241 -0.000000 0.000000 0.000000 0.000000 0.000000
 57 1.300241 0.000000 0.000001 0.000000 0.000000 0.000000
 58 -1.822473 2.798823 4.704709 -2.521012 -0.087903 0.831050
 59 15.353565 -0.000001 0.000000 -0.000000 -0.000000 -2.600302
 60 19.266846 -0.000001 0.000001 0.699680 -0.699549 -0.234638
 61 4.212046 5.420721 0.000000 -0.000000 0.000000 1.570796
 62 0.549397 -0.000000 0.000001 0.000000 0.000000 3.141593
 63 -2.440140 4.123680 -2.473263 -2.903046 -0.494475 1.288946
 64 15.353565 0.000001 -0.000001 -0.000000 0.000000 -0.244292
 65 19.266846 -0.000002 -0.000001 1.018972 0.711455 -0.406594
 66 4.212047 5.420721 0.000001 -0.000000 0.000000 1.570796
 67 0.549398 0.000000 -0.000000 0.000000 0.000000 0.000000
 68 -38.836460 -1.519710 -0.000048 -3.141593 -1.570796 0.000000
time 82
  0 4.025501 18.582407 17.909834 -0.015700 -0.727923 -2.223274
  1 -11.997207 0.211348 -13.460432 0.607598 -0.429459 2.092722
  2 -7.373941 -0.592947 0.000000 0.000015 -1.564998 -1.570804
  3 4.215102 -0.001974 0.025245 -0.225019 -0.080921 1.026172
  4 4.761444 -0.003790 0.000001 0.000000 0.000000 0.000000
  5 4.762259 -0.003700 0.000145 -0.038362 -0.035238 0.217495
  6 4.762257 -0.003701 0.000146 -0.038362 -0.035238 0.217495
  7 4.762267 -0.002029 -0.000000 -0.000000 -0.000001 0.383972
  8 2.746989 0.000001 0.000001 -0.511601 0.364996 -0.396535
  9 9.156629 0.000001 -0.000000 0.000000 0.000000 0.000000
 10 0.000000 0.002193 -1.281927 -0.317903 0.760380 2.533807
 11 7.285013 0.000003 -0.000002 0.253998 -0.168992 -0.045182
 12 12.718716 0.000002 0.000000 -0.000000 0.000000 -0.482499
 13 10.221164 0.000000 0.000000 1.600141 -0.012326 -0.214703
 14 1.389920 -0.447519 1.936565 -0.210439 -0.761471 0.314906
 15 1.208674 -0.000000 0.000000 0.000000 0.000000 0.000000
 16 1.208676 -0.000000 -0.000000 0.000000 0.000000 0.000000
 17 1.208675 -0.000001 -0.000000 0.000000 0.000000 3.141593
 18 3.507809 -0.429744 1.193333 0.022860 -0.225875 -0.088311
 19 1.560289 0.000001 0.000002 0.000000 0.000000 0.000000
 20 1.560289 -0.000000 -0.000001 0.000000 0.000000 0.000000
 21 1.560289 -0.000000 -0.000000 0.000000 0.000000 3.141593
 22 3.044310 -0.436517 0.176985 0.140338 -0.004885 0.034563
 23 1.820338 -0.000001 0.000001 0.000000 0.000000 0.000000
 24 1.820338 -0.000000 0.000000 0.000000 0.000000 0.000000
 25 1.820337 0.000000 0.000000 0.000000 0.000000 3.141593
 26 3.330763 -0.128977 -0.727983 0.013106 0.174047 0.071026
 27 1.560290 -0.000001 -0.000002 0.000000 0.000000 0.000000
 28 1.560288 0.000000 -0.000001 0.000000 0.000000 0.000000
 29 1.560288 0.000001 0.000000 0.000000 0.000000 3.141593
 30 3.208162 0.466230 -1.931735 0.024854 0.330715 0.074094
 31 1.300241 -0.000000 -0.000001 0.000000 0.000000 0.000000
 32 1.300242 0.000000 0.000001 0.000000 0.000000 0.000000
 33 1.300242 0.000000 0.000000 0.000000 0.000000 3.141593
 34 0.000001 0.002184 1.281929 0.616840 -1.205089 2.171883
 35 7.285013 -0.000001 -0.000001 -0.885170 -0.195376 -0.700681
 36 12.538439 -0.000001 -0.000001 -0.000000 0.000000 -0.639541
 37 10.782779 -0.000001 -0.000001 -1.574591 0.002665 -0.048689
 38 1.016389 0.059479 -2.003611 0.348822 0.790160 0.431299
 39 1.107952 0.000000 -0.000000 0.000000 0.000000 0.000000
 40 1.107952 -0.000001 -0.000001 0.000000 0.000000 0.000000
 41 1.107952 -0.000000 -0.000000 0.000000 0.000000 0.000000
 42 3.077731 -0.144549 -1.412632 0.003835 0.209388 0.026587
 43 1.560289 -0.000000 -0.000001 0.000000 0.000000 0.000000
 44 1.560289 -0.000000 0.000000 0.000000 0.000000 0.000000
 45 1.560290 0.000000 0.000001 0.000000 0.000000 0.000000
 46 2.463500 0.093205 -0.291939 -0.000796 -0.000000 0.000000
 47 1.820338 0.000001 0.000000 0.000000 0.000000 0.000000
 48 1.820338 0.000001 0.000001 0.000000 0.000000 0.000000
 49 1.820337 -0.000001 -0.000001 0.000000 0.000000 0.000000
 50 3.016627 -0.086193 0.699123 -0.016172 -0.173791 0.088745
 51 1.560289 0.000000 0.000001 0.000000 0.000000 0.000000
 52 1.560289 0.000000 -0.000001 0.000000 0.000000 0.000000
 53 1.560289 0.000001 0.000000 0.000000 0.000000 0.000000
 54 2.733754 0.442845 1.903232 -0.009342 -0.314026 0.027785
 55 1.300242 -0.000000 -0.000000 0.000000 0.000000 0.000000
 56 1.300242 0.000000 -0.000000 0.000000 0.000000 0.000000
 57 1.300241 0.000000 -0.000000 0.000000 0.000000 0.000000
 58 -1.880978 2.667089 4.510699 -2.628888 -0.176891 0.964347
 59 15.353566 -0.000000 -0.000001 0.000000 0.000000 -2.587474
 60 19.266846 -0.000001 0.000001 0.786237 -0.663413 -0.116783
 61 4.212046 5.420720 0.000001 -0.000000 0.000000 1.570796
 62 0.549397 -0.000000 0.000000 0.000000 0.000000 3.141593
 63 -2.473104 4.296183 -2.606567 -2.774267 -0.519091 1.084336
 64 15.353563 0.000001 -0.000000 0.000000 -0.000000 -0.594683
 65 19.266844 0.000001 0.000000 1.074817 0.777027 -0.313169
 66 4.212046 5.420720 -0.000000 -0.000000 0.000000 1.570796
 67 0.549397 0.000000 0.000000 0.000000 0.000000 0.000000
 68 -38.836464 -1.519708 -0.000049 -3.141593 -1.570796 0.000000
time 83
  0 4.185953 18.281862 17.503868 -0.014497 -0.730902 -2.111163
  1 -11.766258 0.190247 -13.122644 0.649101 -0.363782 1.993106
  2 -7.294823 -0.150222 -0.000001 0.000000 -1.489908 -1.570795
  3 4.201321 -0.002019 0.341341 -0.269868 -0.070441 1.004813
  4 4.761446 -0.003791 0.000001 0.000000 0.000000 0.000000
  5 4.762244 -0.003702 0.000149 -0.039204 -0.022824 0.213544
  6 4.762239 -0.003704 0.000149 -0.039204 -0.022824 0.213544
  7 4.762265 -0.002029 -0.000001 -0.000000 -0.000001 0.383972
  8 2.746988 0.000002 0.000000 -0.604315 0.367675 -0.404379
  9 9.156626 0.000002 0.000000 0.000000 0.000000 0.000000
 10 -0.000000 0.002194 -1.281927 -0.308062 0.731670 2.547354
 11 7.285009 0.000002 -0.000004 0.255682 -0.205842 -0.123539
 12 12.718716 0.000000 0.000001 0.000000 0.000000 -0.304506
 13 10.221163 -0.000002 0.000002 1.598710 -0.012807 -0.279729
 14 1.389920 -0.447519 1.936566 -0.210439 -0.761471 0.314906
 15 1.208676 0.000001 0.000001 0.000000 0.000000 0.000000
 16 1.208673 -0.000000 -0.000001 0.000000 0.000000 0.000000
 17 1.208676 -0.000000 0.000001 0.000000 0.000000 3.141593
 18 3.507809 -0.429743 1.193336 0.022860 -0.225875 -0.088311
 19 1.560290 0.000001 -0.000000 0.000000 0.000000 0.000000
 20 1.560288 0.000001 -0.000000 0.000000 0.000000 0.000000
 21 1.560289 0.000001 -0.000000 0.000000 0.000000 3.141593
 22 3.044309 -0.436516 0.176986 0.140338 -0.004885 0.034563
 23 1.820338 0.000000 -0.000002 0.000000 0.000000 0.000000
 24 1.820337 0.000002 0.000002 0.000000 0.000000 0.000000
 25 1.820338 -0.000000 -0.000000 0.000000 0.000000 3.141593
 26 3.330764 -0.128977 -0.727983 0.013106 0.174047 0.071026
 27 1.560290 -0.000000 -0.000002 0.000000 0.000000 0.000000
 28 1.560289 0.000000 0.000001 0.000000 0.000000 0.000000
 29 1.560289 0.000001 0.000001 0.000000 0.000000 3.141593
 30 3.208162 0.466231 -1.931734 0.024854 0.330715 0.074094
 31 1.300242 -0.000000 -0.000001 0.000000 0.000000 0.000000
 32 1.300240 0.000001 0.000002 0.000000 0.000000 0.000000
 33 1.300242 -0.000001 -0.000001 0.000000 0.000000 3.141593
 34 0.000002 0.002184 1.281929 0.567965 -1.230007 2.215372
 35 7.285013 -0.000001 -0.000001 -0.887933 -0.235199 -0.691426
 36 12.538439 -0.000000 -0.000002 0.000000 -0.000000 -0.702757
 37 10.782778 0.000000 0.000000 -1.574762 0.000653 -0.046358
 38 1.016389 0.059478 -2.003611 0.348822 0.790160 0.431299
 39 1.107952 -0.000001 -0.000001 0.000000 0.000000 0.000000
 40 1.107952 0.000001 0.000000 0.000000 0.000000 0.000000
 41 1.107952 -0.000000 0.000001 0.000000 0.000000 0.000000
 42 3.077730 -0.144551 -1.412632 0.003835 0.209388 0.026587
 43 1.560289 -0.000000 -0.000001 0.000000 0.000000 0.000000
 44 1.560289 0.000000 0.000001 0.000000 0.000000 0.000000
 45 1.560289 0.000001 0.000001 0.000000 0.000000 0.000000
 46 2.463500 0.093204 -0.291939 -0.000796 -0.000000 -0.000000
 47 1.820337 0.000001 -0.000000 0.000000 0.000000 0.000000
 48 1.820338 0.000002 0.000001 0.000000 0.000000 0.000000
 49 1.820337 -0.000001 -0.000000 0.000000 0.000000 0.000000
 50 3.016626 -0.086194 0.699123 -0.016172 -0.173791 0.088745
 51 1.560289 0.000001 0.000000 0.000000 0.000000 0.000000
 52 1.560289 0.000001 0.000000 0.000000 0.000000 0.000000
 53 1.560289 0.000001 0.000001 0.000000 0.000000 0.000000
 54 2.733753 0.442845 1.903232 -0.009342 -0.314026 0.027785
 55 1.300241 -0.000000 0.000000 0.000000 0.000000 0.000000
 56 1.300241 -0.000000 0.000000 0.000000 0.000000 0.000000
 57 1.300241 -0.000000 0.000000 0.000000 0.000000 0.000000
 58 -2.011889 2.493351 4.291591 -2.729495 -0.149491 0.912024
 59 15.353564 0.000001 0.000001 -0.000000 -0.000000 -2.571079
 60 19.266846 0.000002 0.000002 0.850382 -0.623857 -0.228629
 61 4.212046 5.420720 -0.000000 -0.000000 0.000000 1.570796
 62 0.549398 -0.000000 -0.000000 0.000000 0.000000 3.141593
 63 -2.527470 4.441453 -2.751074 -2.630211 -0.509579 0.901760
 64 15.353562 -0.000001 -0.000000 0.000000 -0.000000 -0.965197
 65 19.266844 -0.000001 0.000002 1.117891 0.823766 -0.203528
 66 4.212046 5.420719 0.000001 -0.000000 -0.000000 1.570796
 67 0.549398 -0.000000 0.000000 0.000000 0.000000 0.000000
 68 -38.836464 -1.519711 -0.000053 3.141593 -1.570796 0.000000
time 84
  0 4.336647 17.974770 17.150938 -0.011555 -0.731185 -2.005295
  1 -11.534297 0.148571 -12.857121 0.679095 -0.295853 1.904543
  2 -7.130137 0.404502 0.000001 0.000000 -1.415005 -1.570795
  3 4.163964 -0.002104 0.654719 -0.314270 -0.052465 0.965402
  4 4.761445 -0.003793 0.000000 0.000000 0.000000 0.000000
  5 4.762222 -0.003705 0.000159 -0.041465 -0.007882 0.206743
  6 4.762219 -0.003709 0.000157 -0.041466 -0.007882 0.206743
  7 4.762267 -0.002029 0.000000 -0.000000 -0.000001 0.383972
  8 2.746989 0.000001 0.000000 -0.707337 0.357933 -0.409297
  9 9.156627 -0.000000 0.000001 0.000000 0.000000 0.000000
 10 -0.000000 0.002194 -1.281928 -0.293652 0.709565 2.562304
 11 7.285010 0.000000 -0.000002 0.260326 -0.223977 -0.216011
 12 12.718717 0.000002 0.000000 0.000000 -0.000000 -0.126957
 13 10.221164 0.000001 0.000002 1.597656 -0.012822 -0.355980
 14 1.389920 -0.447518 1.936564 -0.210439 -0.761471 0.314906
 15 1.208676 0.000002 0.000003 0.000000 0.000000 0.000000
 16 1.208675 -0.000000 0.000000 0.000000 0.000000 0.000000
 17 1.208673 -0.000001 -0.000001 0.000000 0.000000 3.141593
 18 3.507810 -0.429743 1.193331 0.022860 -0.225875 -0.088311
 19 1.560289 0.000002 0.000002 0.000000 0.000000 0.000000
 20 1.560289 -0.000001 -0.000001 0.000000 0.000000 0.000000
 21 1.560288 0.000000 -0.000002 0.000000 0.000000 3.141593
 22 3.044310 -0.436516 0.176983 0.140338 -0.004885 0.034563
 23 1.820338 -0.000001 -0.000002 0.000000 0.000000 0.000000
 24 1.820337 0.000001 0.000000 0.000000 0.000000 0.000000
 25 1.820338 0.000001 0.000001 0.000000 0.000000 3.141593
 26 3.330763 -0.128977 -0.727987 0.013106 0.174047 0.071026
 27 1.560290 -0.000001 -0.000002 0.000000 0.000000 0.000000
 28 1.560288 -0.000000 0.000001 0.000000 0.000000 0.000000
 29 1.560289 0.000000 0.000001 0.000000 0.000000 3.141593
 30 3.208162 0.466231 -1.931738 0.024854 0.330715 0.074094
 31 1.300242 -0.000001 -0.000002 0.000000 0.000000 0.000000
 32 1.300240 0.000000 0.000001 0.000000 0.000000 0.000000
 33 1.300241 0.000001 0.000002 0.000000 0.000000 3.141593
 34 0.000002 0.002185 1.281929 0.516167 -1.254170 2.262252
 35 7.285012 0.000001 -0.000001 -0.867216 -0.235423 -0.666900
 36 12.538439 -0.000001 0.000001 0.000000 -0.000000 -0.777219
 37 10.782778 -0.000001 0.000001 -1.576072 0.000084 -0.043070
 38 1.016389 0.059477 -2.003610 0.348822 0.790160 0.431299
 39 1.107952 -0.000001 -0.000000 0.000000 0.000000 0.000000
 40 1.107952 0.000001 -0.000000 0.000000 0.000000 0.000000
 41 1.107952 0.000000 -0.000000 0.000000 0.000000 0.000000
 42 3.077731 -0.144551 -1.412631 0.003835 0.209388 0.026587
 43 1.560289 -0.000001 -0.000001 0.000000 0.000000 0.000000
 44 1.560289 0.000001 -0.000000 0.000000 0.000000 0.000000
 45 1.560289 -0.000000 0.000000 0.000000 0.000000 0.000000
 46 2.463500 0.093204 -0.291938 -0.000796 -0.000000 0.000000
 47 1.820338 -0.000002 -0.000001 0.000000 0.000000 0.000000
 48 1.820337 0.000000 0.000000 0.000000 0.000000 0.000000
 49 1.820337 0.000000 0.000001 0.000000 0.000000 0.000000
 50 3.016627 -0.086194 0.699124 -0.016172 -0.173791 0.088745
 51 1.560290 0.000000 0.000001 0.000000 0.000000 0.000000
 52 1.560289 -0.000000 -0.000000 0.000000 0.000000 0.000000
 53 1.560289 -0.000001 -0.000001 0.000000 0.000000 0.000000
 54 2.733754 0.442844 1.903233 -0.009342 -0.314026 0.027785
 55 1.300242 -0.000000 -0.000000 0.000000 0.000000 0.000000
 56 1.300241 -0.000000 -0.000000 0.000000 0.000000 0.000000
 57 1.300241 -0.000001 0.000000 0.000000 0.000000 0.000000
 58 -2.206923 2.290457 4.033556 -2.836656 -0.110762 0.752618
 59 15.353567 -0.000001 -0.000001 0.000000 -0.000000 -2.550749
 60 19.266846 -0.000002 0.000001 0.896097 -0.584671 -0.457910
 61 4.212046 5.420719 -0.000000 -0.000000 0.000000 1.570796
 62 0.549398 0.000000 0.000000 0.000000 0.000000 3.141593
 63 -2.591075 4.551744 -2.923387 -2.495709 -0.470817 0.829846
 64 15.353563 0.000001 -0.000001 0.000000 0.000000 -1.267442
 65 19.266846 -0.000001 -0.000001 1.108365 0.818711 -0.124834
 66 4.212047 5.420721 -0.000000 -0.000000 0.000000 1.570796
 67 0.549397 0.000000 -0.000000 0.000000 0.000000 0.000000
 68 -38.836460 -1.519706 -0.000049 -3.141593 -1.570796 0.000000
time 85
  0 4.476909 17.673347 16.856195 -0.007573 -0.729468 -1.907422
  1 -11.315772 0.095862 -12.657658 0.698913 -0.229284 1.826440
  2 -6.895417 1.020989 -0.000000 0.000000 -1.341292 -1.570795
  3 4.104389 -0.002194 0.959565 -0.363317 -0.033280 0.916116
  4 4.761445 -0.003790 -0.000000 0.000000 0.000000 0.000000
  5 4.762193 -0.003710 0.000175 -0.045801 0.007765 0.198762
  6 4.762196 -0.003714 0.000173 -0.045801 0.007765 0.198762
  7 4.762261 -0.002027 0.000000 -0.000000 -0.000001 0.383972
  8 2.746989 -0.000002 0.000000 -0.804437 0.332485 -0.411825
  9 9.156629 -0.000001 0.000001 0.000000 0.000000 0.000000
 10 0.000001 0.002188 -1.281928 -0.268781 0.704851 2.580216
 11 7.285010 0.000001 -0.000002 0.252793 -0.235609 -0.268305
 12 12.718715 0.000001 0.000001 0.000000 0.000000 -0.002719
 13 10.221167 0.000000 0.000002 1.596991 -0.012849 -0.409280
 14 1.389920 -0.447518 1.936565 -0.210439 -0.761471 0.314906
 15 1.208674 0.000000 -0.000000 0.000000 0.000000 0.000000
 16 1.208676 0.000000 0.000001 0.000000 0.000000 0.000000
 17 1.208676 0.000000 0.000001 0.000000 0.000000 3.141593
 18 3.507810 -0.429742 1.193334 0.022860 -0.225875 -0.088311
 19 1.560289 0.000000 -0.000001 0.000000 0.000000 0.000000
 20 1.560289 -0.000000 -0.000001 0.000000 0.000000 0.000000
 21 1.560289 0.000000 0.000000 0.000000 0.000000 3.141593
 22 3.044310 -0.436516 0.176984 0.140338 -0.004885 0.034563
 23 1.820338 0.000001 0.000000 0.000000 0.000000 0.000000
 24 1.820337 -0.000001 -0.000000 0.000000 0.000000 0.000000
 25 1.820338 0.000001 -0.000000 0.000000 0.000000 3.141593
 26 3.330763 -0.128976 -0.727984 0.013106 0.174047 0.071026
 27 1.560289 0.000000 0.000001 0.000000 0.000000 0.000000
 28 1.560289 0.000001 -0.000000 0.000000 0.000000 0.000000
 29 1.560289 0.000001 0.000000 0.000000 0.000000 3.141593
 30 3.208161 0.466230 -1.931737 0.024854 0.330715 0.074094
 31 1.300241 -0.000000 -0.000001 0.000000 0.000000 0.000000
 32 1.300241 0.000001 0.000003 0.000000 0.000000 0.000000
 33 1.300241 -0.000001 -0.000001 0.000000 0.000000 3.141593
 34 0.000003 0.002180 1.281928 0.445111 -1.280751 2.328070
 35 7.285011 0.000001 -0.000001 -0.799662 -0.221039 -0.618038
 36 12.538438 -0.000001 -0.000001 -0.000000 -0.000000 -0.871358
 37 10.782779 -0.000000 0.000003 -1.579636 0.002380 -0.038328
 38 1.016389 0.059478 -2.003609 0.348822 0.790160 0.431299
 39 1.107952 -0.000001 -0.000001 0.000000 0.000000 0.000000
 40 1.107952 0.000001 0.000000 0.000000 0.000000 0.000000
 41 1.107952 -0.000000 0.000000 0.000000 0.000000 0.000000
 42 3.077731 -0.144552 -1.412631 0.003835 0.209388 0.026587
 43 1.560289 0.000000 0.000000 0.000000 0.000000 0.000000
 44 1.560289 -0.000001 -0.000001 0.000000 0.000000 0.000000
 45 1.560289 0.000001 -0.000000 0.000000 0.000000 0.000000
 46 2.463500 0.093204 -0.291939 -0.000796 -0.000000 -0.000000
 47 1.820338 -0.000001 0.000000 0.000000 0.000000 0.000000
 48 1.820338 0.000000 -0.000000 0.000000 0.000000 0.000000
 49 1.820338 0.000000 -0.000000 0.000000 0.000000 0.000000
 50 3.016626 -0.086194 0.699124 -0.016172 -0.173791 0.088745
 51 1.560289 0.000000 0.000001 0.000000 0.000000 0.000000
 52 1.560289 0.000000 -0.000001 0.000000 0.000000 0.000000
 53 1.560289 -0.000001 -0.000001 0.000000 0.000000 0.000000
 54 2.733754 0.442843 1.903232 -0.009342 -0.314026 0.027785
 55 1.300241 0.000001 0.000001 0.000000 0.000000 0.000000
 56 1.300242 -0.000000 -0.000000 0.000000 0.000000 0.000000
 57 1.300242 -0.000001 -0.000000 0.000000 0.000000 0.000000
 58 -2.406119 2.054895 3.760416 -2.962243 -0.162264 0.757861
 59 15.353565 -0.000000 -0.000001 -0.000000 0.000000 -2.524858
 60 19.266844 -0.000002 0.000001 0.935575 -0.546975 -0.521753
 61 4.212047 5.420719 0.000000 -0.000000 0.000000 1.570796
 62 0.549397 0.000000 0.000000 0.000000 0.000000 3.141593
 63 -2.649859 4.656678 -3.082928 -2.337884 -0.374891 0.946089
 64 15.353564 -0.000000 -0.000001 0.000000 0.000000 -1.464652
 65 19.266844 -0.000000 0.000001 0.943111 0.672372 -0.131223
 66 4.212046 5.420719 -0.000002 -0.000000 0.000000 1.570796
 67 0.549398 0.000000 0.000000 0.000000 0.000000 0.000000
 68 -38.836464 -1.519707 -0.000050 3.141593 -1.570796 0.000000
time 86
  0 4.606063 17.389839 16.624771 -0.003510 -0.726316 -1.819117
  1 -11.122115 0.043943 -12.520538 0.710215 -0.167407 1.758246
  2 -6.623868 1.639326 -0.000000 -0.000000 -1.269771 -1.570795
  3 4.025258 -0.002263 1.250425 -0.422137 -0.017697 0.865636
  4 4.761445 -0.003791 0.000001 0.000000 0.000000 0.000000
  5 4.762171 -0.003717 0.000200 -0.052794 0.022289 0.191259
  6 4.762167 -0.003715 0.000200 -0.052794 0.022289 0.191259
  7 4.762264 -0.002028 -0.000000 -0.000000 -0.000001 0.383972
  8 2.746988 0.000002 -0.000000 -0.909488 0.307373 -0.420862
  9 9.156629 -0.000000 -0.000000 0.000000 0.000000 0.000000
 10 -0.000001 0.002194 -1.281929 -0.225832 0.725661 2.605519
 11 7.285009 -0.000001 -0.000002 0.234831 -0.248673 -0.264920
 12 12.718717 0.000002 0.000000 0.000000 0.000000 0.046318
 13 10.221161 -0.000001 0.000001 1.596764 -0.012957 -0.425744
 14 1.389920 -0.447518 1.936564 -0.210439 -0.761471 0.314906
 15 1.208675 -0.000000 0.000000 0.000000 0.000000 0.000000
 16 1.208674 -0.000000 -0.000000 0.000000 0.000000 0.000000
 17 1.208676 -0.000001 -0.000000 0.000000 0.000000 3.141593
 18 3.507810 -0.429742 1.193335 0.022860 -0.225875 -0.088311
 19 1.560289 -0.000001 -0.000002 0.000000 0.000000 0.000000
 20 1.560289 0.000002 0.000000 0.000000 0.000000 0.000000
 21 1.560289 0.000000 0.000001 0.000000 0.000000 3.141593
 22 3.044310 -0.436517 0.176982 0.140338 -0.004885 0.034563
 23 1.820337 0.000001 -0.000001 0.000000 0.000000 0.000000
 24 1.820338 0.000002 0.000003 0.000000 0.000000 0.000000
 25 1.820338 -0.000000 -0.000001 0.000000 0.000000 3.141593
 26 3.330764 -0.128976 -0.727984 0.013106 0.174047 0.071026
 27 1.560289 0.000001 0.000003 0.000000 0.000000 0.000000
 28 1.560289 0.000000 -0.000001 0.000000 0.000000 0.000000
 29 1.560290 -0.000000 -0.000001 0.000000 0.000000 3.141593
 30 3.208162 0.466231 -1.931736 0.024854 0.330715 0.074094
 31 1.300242 -0.000001 -0.000003 0.000000 0.000000 0.000000
 32 1.300241 0.000001 0.000002 0.000000 0.000000 0.000000
 33 1.300241 0.000000 0.000001 0.000000 0.000000 3.141593
 34 0.000002 0.002185 1.281929 0.352602 -1.308110 2.415385
 35 7.285013 -0.000002 -0.000001 -0.680961 -0.214482 -0.547969
 36 12.538440 0.000001 -0.000000 -0.000000 -0.000000 -0.986968
 37 10.782779 -0.000000 0.000000 -1.585080 0.006984 -0.032206
 38 1.016389 0.059480 -2.003609 0.348822 0.790160 0.431299
 39 1.107952 -0.000000 -0.000000 0.000000 0.000000 0.000000
 40 1.107952 -0.000000 0.000000 0.000000 0.000000 0.000000
 41 1.107952 0.000000 -0.000000 0.000000 0.000000 0.000000
 42 3.077731 -0.144550 -1.412631 0.003835 0.209388 0.026587
 43 1.560289 0.000001 -0.000000 0.000000 0.000000 0.000000
 44 1.560290 -0.000001 -0.000000 0.000000 0.000000 0.000000
 45 1.560288 -0.000001 -0.000000 0.000000 0.000000 0.000000
 46 2.463500 0.093205 -0.291938 -0.000796 0.000000 0.000000
 47 1.820337 -0.000000 -0.000000 0.000000 0.000000 0.000000
 48 1.820338 0.000001 -0.000000 0.000000 0.000000 0.000000
 49 1.820337 0.000001 0.000000 0.000000 0.000000 0.000000
 50 3.016627 -0.086194 0.699124 -0.016172 -0.173791 0.088745
 51 1.560287 0.000001 -0.000000 0.000000 0.000000 0.000000
 52 1.560289 0.000001 0.000000 0.000000 0.000000 0.000000
 53 1.560289 0.000001 0.000000 0.000000 0.000000 0.000000
 54 2.733753 0.442844 1.903232 -0.009342 -0.314026 0.027785
 55 1.300241 0.000001 0.000001 0.000000 0.000000 0.000000
 56 1.300241 0.000001 -0.000000 0.000000 0.000000 0.000000
 57 1.300241 0.000001 -0.000000 0.000000 0.000000 0.000000
 58 -2.564177 1.790463 3.498688 -3.069369 -0.235580 0.752045
 59 15.353565 0.000001 -0.000000 -0.000000 0.000000 -2.492020
 60 19.266844 -0.000000 -0.000000 0.969157 -0.501537 -0.646739
 61 4.212048 5.420721 -0.000000 -0.000000 -0.000000 1.570796
 62 0.549397 0.000000 0.000000 0.000000 0.000000 3.141593
 63 -2.693805 4.791234 -3.182526 -2.155679 -0.261314 1.187555
 64 15.353564 0.000000 -0.000001 0.000000 -0.000000 -1.592876
 65 19.266848 -0.000000 0.000003 0.738217 0.399857 -0.122353
 66 4.212047 5.420720 -0.000000 -0.000000 0.000000 1.570796
 67 0.549397 -0.000002 -0.000000 0.000000 0.000000 0.000000
 68 -38.836464 -1.519710 -0.000049 3.141593 -1.570796 0.000000
time 87
  0 4.723433 17.136469 16.461817 -0.000532 -0.722162 -1.741825
  1 -10.962296 0.006626 -12.444426 0.714810 -0.113268 1.699688
  2 -6.291850 2.281961 0.000001 0.000000 -1.201441 -1.570795
  3 3.930389 -0.002294 1.522437 -0.503346 -0.002804 0.810274
  4 4.761445 -0.003791 0.000001 0.000000 0.000000 0.000000
  5 4.762144 -0.003718 0.000249 -0.065524 0.035403 0.183890
  6 4.762147 -0.003717 0.000249 -0.065524 0.035403 0.183890
  7 4.762265 -0.002028 -0.000001 -0.000000 -0.000001 0.383972
  8 2.746988 0.000002 -0.000000 -0.982718 0.272876 -0.429261
  9 9.156625 0.000003 -0.000001 0.000000 0.000000 0.000000
 10 0.000001 0.002194 -1.281927 -0.168307 0.762971 2.639936
 11 7.285011 0.000001 -0.000001 0.198155 -0.250113 -0.248823
 12 12.718718 0.000000 -0.000001 0.000000 0.000000 0.042047
 13 10.221164 -0.000002 0.000001 1.596922 -0.012997 -0.419257
 14 1.389921 -0.447519 1.936564 -0.210439 -0.761471 0.314906
 15 1.208674 -0.000000 -0.000000 0.000000 0.000000 0.000000
 16 1.208675 0.000000 0.000000 0.000000 0.000000 0.000000
 17 1.208674 0.000000 0.000001 0.000000 0.000000 3.141593
 18 3.507810 -0.429742 1.193336 0.022860 -0.225875 -0.088311
 19 1.560289 -0.000001 -0.000001 0.000000 0.000000 0.000000
 20 1.560289 -0.000001 0.000001 0.000000 0.000000 0.000000
 21 1.560289 -0.000001 0.000000 0.000000 0.000000 3.141593
 22 3.044310 -0.436517 0.176984 0.140338 -0.004885 0.034563
 23 1.820338 0.000001 0.000001 0.000000 0.000000 0.000000
 24 1.820338 0.000000 -0.000002 0.000000 0.000000 0.000000
 25 1.820338 -0.000001 -0.000002 0.000000 0.000000 3.141593
 26 3.330764 -0.128977 -0.727984 0.013106 0.174047 0.071026
 27 1.560289 0.000000 -0.000000 0.000000 0.000000 0.000000
 28 1.560289 0.000000 0.000000 0.000000 0.000000 0.000000
 29 1.560289 0.000000 0.000000 0.000000 0.000000 3.141593
 30 3.208162 0.466229 -1.931737 0.024854 0.330715 0.074094
 31 1.300241 0.000000 0.000000 0.000000 0.000000 0.000000
 32 1.300243 -0.000001 -0.000002 0.000000 0.000000 0.000000
 33 1.300241 0.000000 0.000001 0.000000 0.000000 3.141593
 34 0.000001 0.002185 1.281928 0.274809 -1.330741 2.489520
 35 7.285012 -0.000001 0.000000 -0.535621 -0.192997 -0.457220
 36 12.538440 -0.000000 0.000001 0.000000 0.000000 -1.113672
 37 10.782780 0.000000 0.000001 -1.590616 0.011624 -0.025268
 38 1.016389 0.059478 -2.003610 0.348822 0.790160 0.431299
 39 1.107951 -0.000001 0.000000 0.000000 0.000000 0.000000
 40 1.107952 0.000000 -0.000000 0.000000 0.000000 0.000000
 41 1.107953 0.000001 -0.000000 0.000000 0.000000 0.000000
 42 3.077731 -0.144551 -1.412631 0.003835 0.209388 0.026587
 43 1.560289 -0.000001 -0.000000 0.000000 0.000000 0.000000
 44 1.560289 -0.000001 0.000000 0.000000 0.000000 0.000000
 45 1.560289 -0.000001 -0.000000 0.000000 0.000000 0.000000
 46 2.463500 0.093202 -0.291938 -0.000796 -0.000000 -0.000000
 47 1.820338 -0.000002 -0.000000 0.000000 0.000000 0.000000
 48 1.820337 0.000003 -0.000000 0.000000 0.000000 0.000000
 49 1.820337 -0.000001 -0.000000 0.000000 0.000000 0.000000
 50 3.016627 -0.086195 0.699124 -0.016172 -0.173791 0.088745
 51 1.560290 0.000001 -0.000000 0.000000 0.000000 0.000000
 52 1.560288 0.000000 0.000000 0.000000 0.000000 0.000000
 53 1.560289 -0.000000 0.000000 0.000000 0.000000 0.000000
 54 2.733754 0.442843 1.903232 -0.009342 -0.314026 0.027785
 55 1.300242 -0.000002 -0.000000 0.000000 0.000000 0.000000
 56 1.300240 0.000002 -0.000001 0.000000 0.000000 0.000000
 57 1.300242 0.000001 0.000000 0.000000 0.000000 0.000000
 58 -2.701541 1.459693 3.255687 3.104851 -0.342303 0.830967
 59 15.353566 -0.000001 -0.000000 -0.000000 -0.000000 -2.455223
 60 19.266846 -0.000000 0.000001 0.992118 -0.454679 -0.695319
 61 4.212047 5.420721 0.000001 -0.000000 0.000000 1.570796
 62 0.549397 0.000000 0.000000 0.000000 0.000000 3.141593
 63 -2.722082 4.993094 -3.161066 -2.030455 -0.227928 1.399832
 64 15.353566 0.000000 -0.000001 0.000000 -0.000000 -1.672941
 65 19.266846 -0.000001 0.000001 0.650302 0.161590 -0.057286
 66 4.212046 5.420721 0.000000 -0.000000 0.000000 1.570796
 67 0.549398 0.000000 0.000000 0.000000 0.000000 0.000000
 68 -38.836468 -1.519710 -0.000049 -3.141593 -1.570796 0.000000
time 88
  0 4.828349 16.925467 16.372482 0.000033 -0.717345 -1.676894
  1 -10.843493 -0.000404 -12.429774 0.714555 -0.069640 1.650876
  2 -5.863597 2.935957 0.000000 0.000000 -1.137305 -1.570795
  3 3.824591 -0.002288 1.771374 -0.598941 0.010394 0.744950
  4 4.761446 -0.003790 0.000000 0.000000 0.000000 0.000000
  5 4.762119 -0.003716 0.000313 -0.082715 0.047928 0.175903
  6 4.762118 -0.003719 0.000311 -0.082715 0.047928 0.175903
  7 4.762266 -0.002027 0.000000 -0.000000 -0.000001 0.383972
  8 2.746988 -0.000000 -0.000000 -0.960077 0.209819 -0.413955
  9 9.156629 -0.000001 -0.000000 0.000000 0.000000 0.000000
 10 -0.000000 0.002193 -1.281929 -0.108064 0.802085 2.679000
 11 7.285011 0.000002 -0.000002 0.150999 -0.231374 -0.246308
 12 12.718717 0.000002 -0.000000 -0.000000 -0.000000 -0.002719
 13 10.221164 0.000002 -0.000001 1.597370 -0.013100 -0.397302
 14 1.389920 -0.447519 1.936564 -0.210439 -0.761471 0.314906
 15 1.208676 -0.000000 0.000000 0.000000 0.000000 0.000000
 16 1.208675 0.000000 -0.000000 0.000000 0.000000 0.000000
 17 1.208675 0.000000 0.000000 0.000000 0.000000 3.141593
 18 3.507809 -0.429743 1.193333 0.022860 -0.225875 -0.088311
 19 1.560289 -0.000000 -0.000000 0.000000 0.000000 0.000000
 20 1.560289 -0.000000 -0.000000 0.000000 0.000000 0.000000
 21 1.560289 -0.000000 -0.000000 0.000000 0.000000 3.141593
 22 3.044310 -0.436516 0.176986 0.140338 -0.004885 0.034563
 23 1.820338 0.000001 0.000000 0.000000 0.000000 0.000000
 24 1.820338 0.000001 0.000000 0.000000 0.000000 0.000000
 25 1.820338 0.000001 0.000000 0.000000 0.000000 3.141593
 26 3.330763 -0.128977 -0.727982 0.013106 0.174047 0.071026
 27 1.560289 -0.000000 -0.000001 0.000000 0.000000 0.000000
 28 1.560289 0.000000 0.000002 0.000000 0.000000 0.000000
 29 1.560289 0.000001 0.000002 0.000000 0.000000 3.141593
 30 3.208161 0.466230 -1.931735 0.024854 0.330715 0.074094
 31 1.300241 0.000001 0.000001 0.000000 0.000000 0.000000
 32 1.300242 -0.000001 -0.000002 0.000000 0.000000 0.000000
 33 1.300241 0.000000 -0.000002 0.000000 0.000000 3.141593
 34 0.000000 0.002184 1.281927 0.267433 -1.345804 2.495826
 35 7.285014 -0.000001 0.000001 -0.380790 -0.128000 -0.365178
 36 12.538439 0.000001 0.000002 -0.000000 -0.000000 -1.241093
 37 10.782781 -0.000000 -0.000000 -1.594488 0.014004 -0.018046
 38 1.016388 0.059479 -2.003609 0.348822 0.790160 0.431299
 39 1.107953 0.000000 0.000000 0.000000 0.000000 0.000000
 40 1.107951 -0.000000 -0.000000 0.000000 0.000000 0.000000
 41 1.107952 -0.000001 -0.000000 0.000000 0.000000 0.000000
 42 3.077731 -0.144550 -1.412630 0.003835 0.209388 0.026587
 43 1.560289 0.000000 0.000000 0.000000 0.000000 0.000000
 44 1.560289 0.000002 0.000000 0.000000 0.000000 0.000000
 45 1.560289 -0.000001 -0.000000 0.000000 0.000000 0.000000
 46 2.463500 0.093204 -0.291938 -0.000796 -0.000000 0.000000
 47 1.820337 -0.000000 0.000000 0.000000 0.000000 0.000000
 48 1.820338 0.000001 0.000000 0.000000 0.000000 0.000000
 49 1.820337 -0.000001 0.000000 0.000000 0.000000 0.000000
 50 3.016626 -0.086195 0.699125 -0.016172 -0.173791 0.088745
 51 1.560289 -0.000001 0.000000 0.000000 0.000000 0.000000
 52 1.560289 -0.000001 -0.000001 0.000000 0.000000 0.000000
 53 1.560288 -0.000001 0.000000 0.000000 0.000000 0.000000
 54 2.733753 0.442844 1.903233 -0.009342 -0.314026 0.027785
 55 1.300241 -0.000001 0.000000 0.000000 0.000000 0.000000
 56 1.300241 0.000000 -0.000000 0.000000 0.000000 0.000000
 57 1.300241 0.000001 0.000000 0.000000 0.000000 0.000000
 58 -2.829495 1.093175 3.000566 2.989413 -0.460483 0.939426
 59 15.353566 0.000001 -0.000000 0.000000 -0.000000 -2.414747
 60 19.266848 0.000001 -0.000000 1.006906 -0.411295 -0.732073
 61 4.212047 5.420720 0.000000 -0.000000 -0.000000 1.570796
 62 0.549397 0.000000 0.000000 0.000000 0.000000 3.141593
 63 -2.753358 5.222714 -3.049323 -2.028560 -0.273927 1.516726
 64 15.353564 -0.000000 0.000000 -0.000000 -0.000000 -1.692744
 65 19.266846 -0.000001 0.000001 0.713497 0.033290 0.016793
 66 4.212047 5.420719 -0.000001 -0.000000 0.000000 1.570796
 67 0.549397 -0.000001 -0.000000 0.000000 0.000000 0.000000
 68 -38.836464 -1.519708 -0.000047 -3.141593 -1.570796 0.000000
time 89
  0 4.920130 16.769066 16.361904 -0.009319 -0.716030 -1.649459
  1 -10.273651 0.110040 -11.807364 0.713942 -0.060906 1.630225
  2 -5.407807 3.511162 0.000000 0.000000 -1.078363 -1.570795
  3 3.713472 -0.002261 1.993730 -0.683079 0.016582 0.680203
  4 4.761446 -0.003791 0.000001 0.000000 0.000000 0.000000
  5 4.762099 -0.003714 0.000373 -0.098336 0.059796 0.168472
  6 4.762102 -0.003717 0.000373 -0.098336 0.059796 0.168471
  7 4.762265 -0.002029 0.000000 -0.000000 -0.000001 0.383972
  8 2.746988 -0.000000 -0.000001 -0.876166 0.143877 -0.377112
  9 9.156629 -0.000002 0.000001 0.000000 0.000000 0.000000
 10 -0.000000 0.002192 -1.281929 -0.036356 0.843531 2.729661
 11 7.285012 0.000001 0.000001 0.130732 -0.208294 -0.236223
 12 12.718716 0.000001 -0.000000 0.000000 0.000000 -0.116368
 13 10.221165 -0.000000 -0.000000 1.598565 -0.013815 -0.349063
 14 1.389920 -0.447520 1.936562 -0.210439 -0.761471 0.314906
 15 1.208677 0.000001 0.000001 0.000000 0.000000 0.000000
 16 1.208674 -0.000001 -0.000000 0.000000 0.000000 0.000000
 17 1.208675 0.000000 -0.000001 0.000000 0.000000 3.141593
 18 3.507809 -0.429743 1.193334 0.022860 -0.225875 -0.088311
 19 1.560289 -0.000001 -0.000001 0.000000 0.000000 0.000000
 20 1.560289 -0.000000 -0.000000 0.000000 0.000000 0.000000
 21 1.560289 0.000000 -0.000000 0.000000 0.000000 3.141593
 22 3.044310 -0.436517 0.176984 0.140338 -0.004885 0.034563
 23 1.820338 -0.000000 -0.000000 0.000000 0.000000 0.000000
 24 1.820338 -0.000000 -0.000000 0.000000 0.000000 0.000000
 25 1.820338 -0.000000 -0.000000 0.000000 0.000000 3.141593
 26 3.330763 -0.128977 -0.727983 0.013106 0.174047 0.071026
 27 1.560289 -0.000001 -0.000001 0.000000 0.000000 0.000000
 28 1.560289 0.000002 0.000002 0.000000 0.000000 0.000000
 29 1.560289 0.000000 -0.000001 0.000000 0.000000 3.141593
 30 3.208161 0.466230 -1.931737 0.024854 0.330715 0.074094
 31 1.300241 0.000000 0.000003 0.000000 0.000000 0.000000
 32 1.300242 0.000000 -0.000000 0.000000 0.000000 0.000000
 33 1.300241 -0.000000 -0.000001 0.000000 0.000000 3.141593
 34 -0.000001 0.002185 1.281926 0.397683 -1.347291 2.368055
 35 7.285013 0.000001 0.000002 -0.188906 0.006803 -0.299193
 36 12.538438 0.000000 0.000000 0.000000 -0.000000 -1.399059
 37 10.782779 0.000001 0.000001 -1.595686 0.011861 -0.008307
 38 1.016388 0.059479 -2.003610 0.348822 0.790160 0.431299
 39 1.107952 0.000001 -0.000000 0.000000 0.000000 0.000000
 40 1.107951 0.000001 -0.000000 0.000000 0.000000 0.000000
 41 1.107953 0.000000 -0.000000 0.000000 0.000000 0.000000
 42 3.077730 -0.144551 -1.412631 0.003835 0.209388 0.026587
 43 1.560289 0.000001 0.000000 0.000000 0.000000 0.000000
 44 1.560289 0.000001 0.000000 0.000000 0.000000 0.000000
 45 1.560289 0.000001 -0.000000 0.000000 0.000000 0.000000
 46 2.463499 0.093204 -0.291938 -0.000796 0.000000 -0.000000
 47 1.820338 -0.000000 0.000000 0.000000 0.000000 0.000000
 48 1.820337 -0.000000 -0.000000 0.000000 0.000000 0.000000
 49 1.820337 -0.000000 0.000000 0.000000 0.000000 0.000000
 50 3.016626 -0.086193 0.699124 -0.016172 -0.173791 0.088745
 51 1.560289 -0.000001 0.000001 0.000000 0.000000 0.000000
 52 1.560289 0.000001 -0.000000 0.000000 0.000000 0.000000
 53 1.560289 0.000000 -0.000001 0.000000 0.000000 0.000000
 54 2.733754 0.442845 1.903232 -0.009342 -0.314026 0.027785
 55 1.300242 0.000002 0.000000 0.000000 0.000000 0.000000
 56 1.300241 -0.000001 0.000000 0.000000 0.000000 0.000000
 57 1.300241 -0.000001 0.000000 0.000000 0.000000 0.000000
 58 -2.912874 0.789879 2.732484 2.869171 -0.557877 1.074037
 59 15.353566 -0.000001 0.000000 0.000000 0.000000 -2.380926
 60 19.266846 -0.000001 -0.000001 1.013412 -0.398595 -0.751307
 61 4.212047 5.420719 -0.000001 -0.000000 -0.000000 1.570796
 62 0.549397 -0.000000 0.000000 0.000000 0.000000 3.141593
 63 -2.791411 5.412847 -2.948489 1.045825 -2.802245 -1.547398
 64 15.353564 -0.000000 -0.000000 -0.000000 -0.000000 -1.664388
 65 19.266846 -0.000001 0.000001 0.835668 -0.051508 0.073352
 66 4.212046 5.420720 0.000000 -0.000000 0.000000 1.570796
 67 0.549398 -0.000001 0.000000 0.000000 0.000000 0.000000
 68 -38.836464 -1.519710 -0.000049 -3.141593 -1.570796 0.000000
time 90
  0 5.015256 16.731823 16.336866 -0.022513 -0.709840 -1.680312
  1 -10.184049 0.266805 -11.849249 0.704992 -0.093725 1.654156
  2 -5.036894 3.958372 0.000000 -0.000000 -1.025616 -1.570795
  3 3.603139 -0.002256 2.186782 -0.730470 0.016356 0.630024
  4 4.761443 -0.003792 -0.000000 0.000000 0.000000 0.000000
  5 4.762084 -0.003717 0.000401 -0.106315 0.071063 0.162917
  6 4.762085 -0.003716 0.000401 -0.106315 0.071063 0.162917
  7 4.762264 -0.002028 -0.000000 -0.000000 -0.000001 0.383972
  8 2.746988 -0.000001 -0.000000 -0.810524 0.105745 -0.341791
  9 9.156625 0.000000 -0.000000 0.000000 0.000000 0.000000
 10 0.000002 0.002189 -1.281927 0.041274 0.885586 2.788789
 11 7.285013 -0.000002 0.000000 0.168205 -0.193399 -0.224881
 12 12.718714 -0.000002 0.000001 -0.000000 -0.000000 -0.270510
 13 10.221162 -0.000000 0.000002 1.599999 -0.014683 -0.285357
 14 1.389921 -0.447518 1.936565 -0.210439 -0.761471 0.314906
 15 1.208675 0.000000 0.000000 0.000000 0.000000 0.000000
 16 1.208674 -0.000000 -0.000001 0.000000 0.000000 0.000000
 17 1.208675 -0.000000 0.000000 0.000000 0.000000 3.141593
 18 3.507809 -0.429744 1.193333 0.022860 -0.225875 -0.088311
 19 1.560290 0.000002 0.000002 0.000000 0.000000 0.000000
 20 1.560289 -0.000000 -0.000001 0.000000 0.000000 0.000000
 21 1.560289 -0.000001 -0.000000 0.000000 0.000000 3.141593
 22 3.044310 -0.436517 0.176985 0.140338 -0.004885 0.034563
 23 1.820337 0.000001 0.000000 0.000000 0.000000 0.000000
 24 1.820338 0.000001 0.000000 0.000000 0.000000 0.000000
 25 1.820338 -0.000000 0.000001 0.000000 0.000000 3.141593
 26 3.330763 -0.128977 -0.727983 0.013106 0.174047 0.071026
 27 1.560289 0.000000 -0.000001 0.000000 0.000000 0.000000
 28 1.560289 0.000002 0.000002 0.000000 0.000000 0.000000
 29 1.560289 -0.000000 -0.000001 0.000000 0.000000 3.141593
 30 3.208161 0.466230 -1.931735 0.024854 0.330715 0.074094
 31 1.300241 0.000000 0.000000 0.000000 0.000000 0.000000
 32 1.300241 0.000000 0.000001 0.000000 0.000000 0.000000
 33 1.300241 0.000001 0.000001 0.000000 0.000000 3.141593
 34 -0.000000 0.002184 1.281926 0.625762 -1.328158 2.145109
 35 7.285011 0.000000 0.000002 0.017817 0.177915 -0.270421
 36 12.538439 0.000001 0.000003 -0.000000 0.000000 -1.564448
 37 10.782779 0.000002 -0.000004 -1.595073 0.006989 0.002293
 38 1.016388 0.059479 -2.003610 0.348822 0.790160 0.431299
 39 1.107952 -0.000000 -0.000001 0.000000 0.000000 0.000000
 40 1.107953 0.000001 -0.000000 0.000000 0.000000 0.000000
 41 1.107951 0.000000 -0.000001 0.000000 0.000000 0.000000
 42 3.077731 -0.144548 -1.412630 0.003835 0.209388 0.026587
 43 1.560288 -0.000000 0.000000 0.000000 0.000000 0.000000
 44 1.560289 0.000000 0.000000 0.000000 0.000000 0.000000
 45 1.560289 0.000000 0.000001 0.000000 0.000000 0.000000
 46 2.463501 0.093206 -0.291938 -0.000796 0.000000 -0.000000
 47 1.820336 -0.000001 0.000000 0.000000 0.000000 0.000000
 48 1.820339 -0.000000 0.000000 0.000000 0.000000 0.000000
 49 1.820338 0.000000 0.000000 0.000000 0.000000 0.000000
 50 3.016627 -0.086193 0.699124 -0.016172 -0.173791 0.088745
 51 1.560288 -0.000001 0.000000 0.000000 0.000000 0.000000
 52 1.560290 0.000001 0.000000 0.000000 0.000000 0.000000
 53 1.560290 0.000000 0.000000 0.000000 0.000000 0.000000
 54 2.733755 0.442846 1.903233 -0.009342 -0.314026 0.027785
 55 1.300241 -0.000001 0.000000 0.000000 0.000000 0.000000
 56 1.300241 0.000001 0.000000 0.000000 0.000000 0.000000
 57 1.300242 0.000000 0.000000 0.000000 0.000000 0.000000
 58 -2.933805 0.629739 2.481340 2.756286 -0.583369 1.215623
 59 15.353565 -0.000000 0.000000 -0.000000 0.000000 -2.338220
 60 19.266844 0.000000 0.000000 1.045035 -0.358438 -0.735822
 61 4.212047 5.420721 -0.000002 -0.000000 0.000000 1.570796
 62 0.549398 0.000000 -0.000000 0.000000 0.000000 3.141593
 63 -2.813998 5.516665 -2.974268 0.980115 -2.757486 -1.495492
 64 15.353563 0.000000 0.000001 0.000000 0.000000 -1.645021
 65 19.266842 -0.000001 0.000001 0.960320 -0.137264 0.109191
 66 4.212048 5.420721 0.000000 -0.000000 0.000000 1.570796
 67 0.549397 0.000001 0.000000 0.000000 0.000000 0.000000
 68 -38.836460 -1.519709 -0.000052 -3.141593 -1.570796 0.000000
time 91
  0 5.113013 16.829165 16.574856 -0.022442 -0.679970 -1.763085
  1 -9.975178 0.276830 -12.333064 0.667500 -0.142642 1.721493
  2 -4.802747 4.362226 0.000002 -0.000000 -0.980064 -1.570795
  3 3.499888 -0.002293 2.348512 -0.731742 0.024976 0.599950
  4 4.761444 -0.003790 -0.000000 0.000000 0.000000 0.000000
  5 4.762081 -0.003718 0.000395 -0.104515 0.084029 0.160360
  6 4.762079 -0.003717 0.000394 -0.104515 0.084029 0.160360
  7 4.762264 -0.002030 -0.000001 -0.000000 -0.000001 0.383972
  8 2.746988 -0.000002 -0.000001 -0.772606 0.083441 -0.332746
  9 9.156628 -0.000000 0.000000 0.000000 0.000000 0.000000
 10 0.000001 0.002189 -1.281928 0.079063 0.915193 2.819544
 11 7.285012 0.000003 -0.000000 0.259006 -0.176155 -0.279357
 12 12.718716 0.000000 0.000001 -0.000000 0.000000 -0.367160
 13 10.221166 0.000001 0.000000 1.600284 -0.014147 -0.246110
 14 1.389920 -0.447518 1.936564 -0.210439 -0.761471 0.314906
 15 1.208675 -0.000000 0.000000 0.000000 0.000000 0.000000
 16 1.208674 -0.000000 0.000000 0.000000 0.000000 0.000000
 17 1.208676 -0.000000 0.000000 0.000000 0.000000 3.141593
 18 3.507809 -0.429743 1.193333 0.022860 -0.225875 -0.088311
 19 1.560289 0.000001 0.000001 0.000000 0.000000 0.000000
 20 1.560289 -0.000001 0.000001 0.000000 0.000000 0.000000
 21 1.560289 0.000001 0.000000 0.000000 0.000000 3.141593
 22 3.044310 -0.436516 0.176985 0.140338 -0.004885 0.034563
 23 1.820337 -0.000002 -0.000001 0.000000 0.000000 0.000000
 24 1.820338 0.000001 0.000002 0.000000 0.000000 0.000000
 25 1.820338 0.000002 0.000001 0.000000 0.000000 3.141593
 26 3.330763 -0.128976 -0.727984 0.013106 0.174047 0.071026
 27 1.560289 -0.000001 -0.000002 0.000000 0.000000 0.000000
 28 1.560289 0.000001 0.000001 0.000000 0.000000 0.000000
 29 1.560289 0.000002 0.000001 0.000000 0.000000 3.141593
 30 3.208161 0.466231 -1.931736 0.024854 0.330715 0.074094
 31 1.300241 -0.000001 -0.000000 0.000000 0.000000 0.000000
 32 1.300241 0.000001 0.000002 0.000000 0.000000 0.000000
 33 1.300241 -0.000001 -0.000000 0.000000 0.000000 3.141593
 34 -0.000001 0.002185 1.281926 0.850648 -1.289379 1.926118
 35 7.285012 0.000002 0.000001 0.137862 0.310608 -0.296131
 36 12.538441 0.000001 -0.000000 0.000000 -0.000000 -1.647448
 37 10.782778 -0.000000 0.000001 -1.593640 0.003174 0.007415
 38 1.016391 0.059479 -2.003610 0.348822 0.790160 0.431299
 39 1.107952 0.000000 -0.000001 0.000000 0.000000 0.000000
 40 1.107952 -0.000000 0.000001 0.000000 0.000000 0.000000
 41 1.107952 -0.000000 -0.000001 0.000000 0.000000 0.000000
 42 3.077732 -0.144550 -1.412631 0.003835 0.209388 0.026587
 43 1.560290 0.000000 0.000001 0.000000 0.000000 0.000000
 44 1.560289 -0.000000 -0.000001 0.000000 0.000000 0.000000
 45 1.560289 -0.000001 -0.000000 0.000000 0.000000 0.000000
 46 2.463501 0.093204 -0.291939 -0.000796 0.000000 0.000000
 47 1.820338 0.000001 0.000001 0.000000 0.000000 0.000000
 48 1.820338 -0.000001 0.000000 0.000000 0.000000 0.000000
 49 1.820337 0.000000 -0.000000 0.000000 0.000000 0.000000
 50 3.016627 -0.086194 0.699124 -0.016172 -0.173791 0.088745
 51 1.560289 0.000001 0.000000 0.000000 0.000000 0.000000
 52 1.560288 -0.000000 -0.000000 0.000000 0.000000 0.000000
 53 1.560289 -0.000001 0.000000 0.000000 0.000000 0.000000
 54 2.733755 0.442844 1.903232 -0.009342 -0.314026 0.027785
 55 1.300241 0.000000 -0.000000 0.000000 0.000000 0.000000
 56 1.300241 -0.000000 0.000000 0.000000 0.000000 0.000000
 57 1.300240 -0.000000 -0.000000 0.000000 0.000000 0.000000
 58 -2.919306 0.642001 2.245374 2.652239 -0.532574 1.356534
 59 15.353566 -0.000001 -0.000001 -0.000000 0.000000 -2.292575
 60 19.266846 -0.000002 0.000000 1.040811 -0.322642 -0.626508
 61 4.212047 5.420721 0.000001 -0.000000 -0.000000 1.570796
 62 0.549398 -0.000000 -0.000000 0.000000 0.000000 3.141593
 63 -2.736361 5.534990 -3.203042 0.954822 -2.765543 -1.473957
 64 15.353562 -0.000001 -0.000001 0.000000 0.000000 -1.678048
 65 19.266844 -0.000000 -0.000001 1.081197 -0.245971 0.115980
 66 4.212047 5.420720 -0.000000 -0.000000 0.000000 1.570796
 67 0.549397 0.000001 -0.000000 0.000000 0.000000 0.000000
 68 -38.836468 -1.519706 -0.000047 3.141593 -1.570796 0.000000
time 92
  0 5.186947 16.999624 16.896566 -0.000193 -0.604935 -1.885212
  1 -9.205287 0.002575 -13.313869 0.581587 -0.176986 1.832178
  2 -4.682810 4.731940 -0.000000 0.000000 -0.942710 -1.570795
  3 3.409881 -0.002352 2.477435 -0.702053 0.044022 0.585806
  4 4.761445 -0.003793 -0.000000 0.000000 0.000000 0.000000
  5 4.762082 -0.003719 0.000364 -0.096269 0.097978 0.160059
  6 4.762082 -0.003721 0.000363 -0.096269 0.097978 0.160059
  7 4.762262 -0.002024 -0.000002 -0.000000 -0.000001 0.383972
  8 2.746988 -0.000001 -0.000000 -0.738670 0.057630 -0.352634
  9 9.156627 0.000001 0.000001 0.000000 0.000000 0.000000
 10 0.000002 0.002187 -1.281927 0.046620 0.927094 2.794124
 11 7.285010 0.000000 0.000000 0.372660 -0.137209 -0.417383
 12 12.718717 0.000001 -0.000001 0.000000 0.000000 -0.370454
 13 10.221166 -0.000000 0.000001 1.598902 -0.011428 -0.246008
 14 1.389921 -0.447518 1.936563 -0.210439 -0.761471 0.314906
 15 1.208676 0.000000 0.000000 0.000000 0.000000 0.000000
 16 1.208674 -0.000000 -0.000001 0.000000 0.000000 0.000000
 17 1.208676 0.000000 0.000000 0.000000 0.000000 3.141593
 18 3.507809 -0.429743 1.193332 0.022860 -0.225875 -0.088311
 19 1.560289 0.000002 -0.000000 0.000000 0.000000 0.000000
 20 1.560289 -0.000000 -0.000000 0.000000 0.000000 0.000000
 21 1.560289 -0.000001 -0.000001 0.000000 0.000000 3.141593
 22 3.044310 -0.436516 0.176983 0.140338 -0.004885 0.034563
 23 1.820338 0.000002 0.000000 0.000000 0.000000 0.000000
 24 1.820337 -0.000000 0.000000 0.000000 0.000000 0.000000
 25 1.820338 -0.000000 -0.000000 0.000000 0.000000 3.141593
 26 3.330763 -0.128977 -0.727986 0.013106 0.174047 0.071026
 27 1.560289 -0.000000 -0.000000 0.000000 0.000000 0.000000
 28 1.560289 0.000000 0.000000 0.000000 0.000000 0.000000
 29 1.560289 0.000001 0.000000 0.000000 0.000000 3.141593
 30 3.208161 0.466231 -1.931737 0.024854 0.330715 0.074094
 31 1.300241 -0.000002 -0.000001 0.000000 0.000000 0.000000
 32 1.300241 0.000001 -0.000000 0.000000 0.000000 0.000000
 33 1.300241 -0.000000 0.000001 0.000000 0.000000 3.141593
 34 0.000001 0.002182 1.281927 1.064567 -1.217263 1.719779
 35 7.285011 0.000000 0.000001 0.150821 0.381010 -0.366477
 36 12.538440 -0.000001 0.000000 0.000000 0.000000 -1.594918
 37 10.782779 0.000000 -0.000001 -1.591165 0.001731 0.003178
 38 1.016389 0.059480 -2.003610 0.348822 0.790160 0.431299
 39 1.107952 -0.000000 0.000001 0.000000 0.000000 0.000000
 40 1.107953 0.000000 0.000000 0.000000 0.000000 0.000000
 41 1.107952 0.000000 0.000001 0.000000 0.000000 0.000000
 42 3.077730 -0.144549 -1.412631 0.003835 0.209388 0.026587
 43 1.560289 0.000000 0.000001 0.000000 0.000000 0.000000
 44 1.560289 0.000000 0.000000 0.000000 0.000000 0.000000
 45 1.560288 0.000000 -0.000000 0.000000 0.000000 0.000000
 46 2.463499 0.093205 -0.291939 -0.000796 0.000000 0.000000
 47 1.820338 0.000000 0.000000 0.000000 0.000000 0.000000
 48 1.820338 0.000000 0.000000 0.000000 0.000000 0.000000
 49 1.820337 0.000000 0.000000 0.000000 0.000000 0.000000
 50 3.016626 -0.086193 0.699124 -0.016172 -0.173791 0.088745
 51 1.560290 0.000000 0.000001 0.000000 0.000000 0.000000
 52 1.560289 0.000000 -0.000000 0.000000 0.000000 0.000000
 53 1.560289 0.000000 0.000000 0.000000 0.000000 0.000000
 54 2.733753 0.442845 1.903232 -0.009342 -0.314026 0.027785
 55 1.300240 -0.000000 -0.000000 0.000000 0.000000 0.000000
 56 1.300242 0.000000 0.000000 0.000000 0.000000 0.000000
 57 1.300241 -0.000000 0.000000 0.000000 0.000000 0.000000
 58 -2.889450 0.756962 2.027352 2.569110 -0.472382 1.482725
 59 15.353567 -0.000000 -0.000000 -0.000000 -0.000000 -2.245869
 60 19.266846 0.000001 -0.000000 1.024167 -0.278429 -0.491534
 61 4.212048 5.420720 -0.000000 -0.000000 0.000000 1.570796
 62 0.549398 0.000000 -0.000000 0.000000 0.000000 3.141593
 63 -2.567077 5.482950 -3.560237 0.929432 -2.781499 -1.485063
 64 15.353563 -0.000001 0.000000 0.000000 0.000000 -1.720063
 65 19.266846 -0.000000 0.000000 1.223396 -0.338910 0.091305
 66 4.212047 5.420720 -0.000000 -0.000000 0.000000 1.570796
 67 0.549398 -0.000000 0.000000 0.000000 0.000000 0.000000
 68 -38.836464 -1.519708 -0.000051 3.141593 -1.570796 0.000000
time 93
  0 5.210600 17.181740 17.099119 0.021238 -0.435076 -2.063396
  1 -6.907565 -0.315621 -14.858685 0.398136 -0.181564 2.021975
  2 -4.692836 4.937762 0.000001 0.000000 -0.914553 -1.570795
  3 3.338934 -0.002438 2.572259 -0.653003 0.055293 0.587613
  4 4.761445 -0.003789 0.000002 0.000000 0.000000 0.000000
  5 4.762083 -0.003727 0.000314 -0.083709 0.108488 0.160555
  6 4.762083 -0.003724 0.000317 -0.083709 0.108488 0.160555
  7 4.762265 -0.002028 0.000000 -0.000000 -0.000001 0.383972
  8 2.746989 -0.000003 -0.000000 -0.687565 0.028979 -0.390868
  9 9.156629 -0.000002 0.000000 0.000000 0.000000 0.000000
 10 0.000001 0.002189 -1.281928 -0.025732 0.927973 2.736226
 11 7.285012 -0.000002 -0.000000 0.476859 -0.074772 -0.586639
 12 12.718719 0.000000 -0.000001 0.000000 -0.000000 -0.330888
 13 10.221167 -0.000002 0.000003 1.596602 -0.007574 -0.264157
 14 1.389920 -0.447519 1.936563 -0.210439 -0.761471 0.314906
 15 1.208674 0.000000 -0.000000 0.000000 0.000000 0.000000
 16 1.208676 0.000000 0.000000 0.000000 0.000000 0.000000
 17 1.208675 0.000001 0.000000 0.000000 0.000000 3.141593
 18 3.507810 -0.429743 1.193333 0.022860 -0.225875 -0.088311
 19 1.560289 -0.000001 -0.000001 0.000000 0.000000 0.000000
 20 1.560289 -0.000001 0.000000 0.000000 0.000000 0.000000
 21 1.560289 -0.000001 0.000000 0.000000 0.000000 3.141593
 22 3.044310 -0.436517 0.176984 0.140338 -0.004885 0.034563
 23 1.820338 0.000000 0.000001 0.000000 0.000000 0.000000
 24 1.820338 -0.000000 -0.000001 0.000000 0.000000 0.000000
 25 1.820337 -0.000001 0.000000 0.000000 0.000000 3.141593
 26 3.330763 -0.128977 -0.727984 0.013106 0.174047 0.071026
 27 1.560289 0.000001 -0.000000 0.000000 0.000000 0.000000
 28 1.560289 0.000001 -0.000001 0.000000 0.000000 0.000000
 29 1.560289 0.000001 0.000000 0.000000 0.000000 3.141593
 30 3.208161 0.466230 -1.931736 0.024854 0.330715 0.074094
 31 1.300241 -0.000001 0.000000 0.000000 0.000000 0.000000
 32 1.300242 -0.000001 0.000000 0.000000 0.000000 0.000000
 33 1.300241 -0.000001 0.000000 0.000000 0.000000 3.141593
 34 0.000000 0.002182 1.281925 1.217819 -1.122554 1.574089
 35 7.285014 0.000004 0.000002 0.103845 0.404708 -0.453189
 36 12.538439 0.000000 -0.000000 -0.000000 0.000000 -1.460000
 37 10.782780 0.000001 0.000001 -1.587816 0.001383 -0.006536
 38 1.016389 0.059479 -2.003610 0.348822 0.790160 0.431299
 39 1.107953 0.000000 0.000002 0.000000 0.000000 0.000000
 40 1.107951 -0.000000 -0.000000 0.000000 0.000000 0.000000
 41 1.107952 -0.000000 -0.000001 0.000000 0.000000 0.000000
 42 3.077731 -0.144549 -1.412631 0.003835 0.209388 0.026587
 43 1.560289 -0.000000 -0.000001 0.000000 0.000000 0.000000
 44 1.560290 0.000000 0.000001 0.000000 0.000000 0.000000
 45 1.560288 -0.000000 0.000001 0.000000 0.000000 0.000000
 46 2.463500 0.093205 -0.291939 -0.000796 -0.000000 0.000000
 47 1.820338 -0.000000 0.000000 0.000000 0.000000 0.000000
 48 1.820338 0.000000 0.000000 0.000000 0.000000 0.000000
 49 1.820338 0.000000 0.000001 0.000000 0.000000 0.000000
 50 3.016627 -0.086193 0.699124 -0.016172 -0.173791 0.088745
 51 1.560290 0.000000 -0.000000 0.000000 0.000000 0.000000
 52 1.560288 -0.000000 0.000000 0.000000 0.000000 0.000000
 53 1.560289 -0.000000 0.000001 0.000000 0.000000 0.000000
 54 2.733754 0.442845 1.903232 -0.009342 -0.314026 0.027785
 55 1.300241 -0.000000 0.000000 0.000000 0.000000 0.000000
 56 1.300241 0.000000 -0.000000 0.000000 0.000000 0.000000
 57 1.300241 -0.000000 0.000000 0.000000 0.000000 0.000000
 58 -2.833548 0.903600 1.868687 -0.636967 -2.674115 -1.531444
 59 15.353564 -0.000001 0.000001 0.000000 0.000000 -2.199979
 60 19.266844 0.000001 -0.000000 1.028951 -0.212792 -0.398137
 61 4.212046 5.420719 0.000000 -0.000000 0.000000 1.570796
 62 0.549398 0.000000 -0.000000 0.000000 0.000000 3.141593
 63 -2.428709 5.347455 -3.940642 0.852834 -2.730553 -1.507988
 64 15.353562 0.000000 0.000001 0.000000 0.000000 -1.698004
 65 19.266844 -0.000000 -0.000001 1.354791 -0.368183 0.059443
 66 4.212047 5.420720 -0.000000 -0.000000 0.000000 1.570796
 67 0.549398 0.000001 -0.000000 0.000000 0.000000 0.000000
 68 -38.836464 -1.519709 -0.000050 -3.141593 -1.570796 0.000000
time 94
  0 5.157517 17.314037 17.259813 0.012707 -0.192297 -2.287106
  1 -3.162851 -0.206406 -16.243195 0.154120 -0.116154 2.276902
  2 -4.826351 4.868108 0.000001 -0.000000 -0.896595 -1.570795
  3 3.292319 -0.002540 2.631597 -0.596200 0.039538 0.602649
  4 4.761445 -0.003790 0.000003 -0.000000 -0.000000 0.000000
  5 4.762076 -0.003730 0.000259 -0.069028 0.111159 0.160206
  6 4.762076 -0.003731 0.000259 -0.069028 0.111159 0.160206
  7 4.762265 -0.002028 0.000000 -0.000000 -0.000001 0.383972
  8 2.746988 -0.000002 0.000000 -0.532921 -0.029166 -0.451167
  9 9.156628 -0.000000 0.000000 0.000000 0.000000 0.000000
 10 0.000001 0.002189 -1.281927 -0.100256 0.927716 2.676497
 11 7.285009 0.000000 -0.000000 0.539980 -0.005703 -0.757033
 12 12.718715 0.000000 -0.000001 0.000000 -0.000000 -0.280021
 13 10.221164 0.000000 0.000000 1.594049 -0.003617 -0.287105
 14 1.389920 -0.447519 1.936563 -0.210439 -0.761471 0.314906
 15 1.208676 0.000002 0.000000 0.000000 0.000000 0.000000
 16 1.208675 -0.000001 -0.000000 0.000000 0.000000 0.000000
 17 1.208674 -0.000001 -0.000000 0.000000 0.000000 3.141593
 18 3.507809 -0.429742 1.193333 0.022860 -0.225875 -0.088311
 19 1.560289 0.000002 0.000000 0.000000 0.000000 0.000000
 20 1.560289 -0.000000 -0.000000 0.000000 0.000000 0.000000
 21 1.560289 -0.000001 -0.000000 0.000000 0.000000 3.141593
 22 3.044310 -0.436516 0.176984 0.140338 -0.004885 0.034563
 23 1.820337 -0.000001 -0.000000 0.000000 0.000000 0.000000
 24 1.820338 -0.000001 -0.000000 0.000000 0.000000 0.000000
 25 1.820337 0.000001 -0.000000 0.000000 0.000000 3.141593
 26 3.330763 -0.128976 -0.727985 0.013106 0.174047 0.071026
 27 1.560289 0.000002 0.000000 0.000000 0.000000 0.000000
 28 1.560289 -0.000001 0.000000 0.000000 0.000000 0.000000
 29 1.560289 -0.000001 -0.000000 0.000000 0.000000 3.141593
 30 3.208161 0.466230 -1.931737 0.024854 0.330715 0.074094
 31 1.300241 -0.000000 -0.000000 0.000000 0.000000 0.000000
 32 1.300241 -0.000000 -0.000000 0.000000 0.000000 0.000000
 33 1.300241 -0.000000 -0.000000 0.000000 0.000000 3.141593
 34 0.000001 0.002181 1.281928 1.294552 -1.063420 1.499676
 35 7.285009 -0.000001 -0.000000 0.005573 0.387431 -0.533503
 36 12.538438 -0.000001 0.000001 0.000000 -0.000000 -1.312312
 37 10.782780 0.000000 0.000000 -1.585102 0.002015 -0.016409
 38 1.016389 0.059479 -2.003610 0.348822 0.790160 0.431299
 39 1.107951 -0.000000 0.000000 0.000000 0.000000 0.000000
 40 1.107952 0.000000 0.000000 0.000000 0.000000 0.000000
 41 1.107952 -0.000000 -0.000001 0.000000 0.000000 0.000000
 42 3.077730 -0.144550 -1.412631 0.003835 0.209388 0.026587
 43 1.560289 0.000000 -0.000001 0.000000 0.000000 0.000000
 44 1.560289 0.000000 -0.000000 0.000000 0.000000 0.000000
 45 1.560289 -0.000000 0.000000 0.000000 0.000000 0.000000
 46 2.463500 0.093205 -0.291938 -0.000796 -0.000000 0.000000
 47 1.820338 -0.000000 0.000000 0.000000 0.000000 0.000000
 48 1.820337 0.000000 -0.000000 0.000000 0.000000 0.000000
 49 1.820336 -0.000000 -0.000000 0.000000 0.000000 0.000000
 50 3.016626 -0.086194 0.699124 -0.016172 -0.173791 0.088745
 51 1.560288 -0.000000 0.000000 0.000000 0.000000 0.000000
 52 1.560289 0.000000 -0.000000 0.000000 0.000000 0.000000
 53 1.560288 -0.000000 -0.000000 0.000000 0.000000 0.000000
 54 2.733753 0.442844 1.903232 -0.009342 -0.314026 0.027785
 55 1.300242 -0.000000 -0.000000 0.000000 0.000000 0.000000
 56 1.300240 -0.000000 -0.000000 0.000000 0.000000 0.000000
 57 1.300241 -0.000000 0.000000 0.000000 0.000000 0.000000
 58 -2.749534 1.027631 1.812876 -0.730204 -2.459876 -1.314348
 59 15.353566 0.000000 0.000000 -0.000000 0.000000 -2.152460
 60 19.266848 -0.000000 0.000001 1.115715 -0.068407 -0.400753
 61 4.212046 5.420720 0.000001 -0.000000 0.000000 1.570796
 62 0.549398 0.000001 0.000000 0.000000 0.000000 3.141593
 63 -2.459980 5.137577 -4.243900 0.664367 -2.514111 -1.484747
 64 15.353564 0.000000 -0.000000 0.000000 -0.000000 -1.529411
 65 19.266842 -0.000001 0.000000 1.497424 -0.320864 0.022957
 66 4.212046 5.420720 0.000000 -0.000000 -0.000000 1.570796
 67 0.549398 -0.000001 0.000001 0.000000 0.000000 0.000000
 68 -38.836460 -1.519707 -0.000049 -3.141593 -1.570796 0.000000
time 95
  0 5.001242 17.335056 17.520185 -0.000576 0.044339 -2.512851
  1 0.745084 0.009671 -16.793400 -0.026554 0.035517 2.512367
  2 -5.164157 4.248470 0.000001 -0.000000 -0.889836 -1.570795
  3 3.274540 -0.002678 2.653532 -0.519119 -0.036665 0.641658
  4 4.761443 -0.003791 0.000000 0.000000 0.000000 0.000000
  5 4.762059 -0.003736 0.000180 -0.047429 0.099149 0.158212
  6 4.762058 -0.003738 0.000180 -0.047429 0.099149 0.158212
  7 4.762264 -0.002028 0.000000 -0.000000 -0.000001 0.383972
  8 2.746989 -0.000001 0.000001 -0.319098 -0.050300 -0.537028
  9 9.156629 -0.000002 -0.000001 0.000000 0.000000 0.000000
 10 0.000001 0.002191 -1.281928 -0.142784 0.940627 2.641192
 11 7.285011 -0.000000 -0.000001 0.614656 0.026111 -0.888889
 12 12.718716 0.000000 -0.000000 0.000000 0.000000 -0.249406
 13 10.221162 -0.000000 0.000001 1.592036 -0.000509 -0.301392
 14 1.389920 -0.447519 1.936563 -0.210439 -0.761471 0.314906
 15 1.208675 0.000001 0.000001 0.000000 0.000000 0.000000
 16 1.208674 0.000000 -0.000001 0.000000 0.000000 0.000000
 17 1.208675 -0.000001 -0.000000 0.000000 0.000000 3.141593
 18 3.507809 -0.429743 1.193333 0.022860 -0.225875 -0.088311
 19 1.560289 0.000001 0.000000 0.000000 0.000000 0.000000
 20 1.560289 0.000000 -0.000001 0.000000 0.000000 0.000000
 21 1.560289 -0.000000 -0.000001 0.000000 0.000000 3.141593
 22 3.044310 -0.436517 0.176983 0.140338 -0.004885 0.034563
 23 1.820337 -0.000002 -0.000000 0.000000 0.000000 0.000000
 24 1.820338 0.000001 -0.000000 0.000000 0.000000 0.000000
 25 1.820338 0.000001 0.000000 0.000000 0.000000 3.141593
 26 3.330763 -0.128976 -0.727985 0.013106 0.174047 0.071026
 27 1.560289 0.000002 0.000000 0.000000 0.000000 0.000000
 28 1.560289 -0.000001 -0.000000 0.000000 0.000000 0.000000
 29 1.560289 0.000000 -0.000001 0.000000 0.000000 3.141593
 30 3.208162 0.466231 -1.931737 0.024854 0.330715 0.074094
 31 1.300241 -0.000001 -0.000000 0.000000 0.000000 0.000000
 32 1.300241 -0.000000 -0.000000 0.000000 0.000000 0.000000
 33 1.300241 0.000000 0.000000 0.000000 0.000000 3.141593
 34 0.000002 0.002182 1.281928 1.332944 -1.070510 1.455606
 35 7.285010 -0.000001 -0.000000 -0.159056 0.314836 -0.597579
 36 12.538440 -0.000002 -0.000000 0.000000 0.000000 -1.146603
 37 10.782778 0.000001 -0.000001 -1.583561 0.004240 -0.026154
 38 1.016389 0.059479 -2.003609 0.348822 0.790160 0.431299
 39 1.107952 -0.000000 0.000000 0.000000 0.000000 0.000000
 40 1.107952 0.000000 -0.000000 0.000000 0.000000 0.000000
 41 1.107952 0.000000 -0.000000 0.000000 0.000000 0.000000
 42 3.077731 -0.144550 -1.412630 0.003835 0.209388 0.026587
 43 1.560289 0.000000 -0.000001 0.000000 0.000000 0.000000
 44 1.560289 0.000000 0.000001 0.000000 0.000000 0.000000
 45 1.560289 0.000000 -0.000000 0.000000 0.000000 0.000000
 46 2.463500 0.093204 -0.291938 -0.000796 0.000000 -0.000000
 47 1.820337 -0.000000 -0.000000 0.000000 0.000000 0.000000
 48 1.820337 0.000001 0.000001 0.000000 0.000000 0.000000
 49 1.820338 -0.000000 -0.000001 0.000000 0.000000 0.000000
 50 3.016626 -0.086194 0.699124 -0.016172 -0.173791 0.088745
 51 1.560288 0.000000 -0.000000 0.000000 0.000000 0.000000
 52 1.560289 0.000000 -0.000000 0.000000 0.000000 0.000000
 53 1.560289 0.000000 -0.000000 0.000000 0.000000 0.000000
 54 2.733754 0.442845 1.903233 -0.009342 -0.314026 0.027785
 55 1.300241 0.000000 0.000000 0.000000 0.000000 0.000000
 56 1.300241 0.000000 -0.000000 0.000000 0.000000 0.000000
 57 1.300241 -0.000000 -0.000000 0.000000 0.000000 0.000000
 58 -2.582894 1.155578 1.932428 -0.906073 -2.144604 -0.982554
 59 15.353562 -0.000001 0.000002 -0.000000 0.000000 -2.105279
 60 19.266844 0.000001 0.000001 1.235832 0.101076 -0.415552
 61 4.212046 5.420720 0.000000 -0.000000 -0.000000 1.570796
 62 0.549398 -0.000000 0.000000 0.000000 0.000000 3.141593
 63 -2.851415 4.787319 -4.423544 0.408503 -2.245152 -1.392598
 64 15.353561 0.000000 -0.000000 0.000000 0.000000 -1.296743
 65 19.266840 -0.000001 -0.000000 1.666523 -0.270338 -0.026563
 66 4.212047 5.420720 -0.000001 -0.000000 -0.000000 1.570796
 67 0.549398 0.000001 0.000000 0.000000 0.000000 0.000000
 68 -38.836460 -1.519707 -0.000053 -3.141593 -1.570796 0.000000
time 96
  0 4.715314 17.183329 17.667267 0.015728 0.278416 -2.751519
  1 4.660347 -0.256419 -16.302006 -0.093291 0.263164 2.741367
  2 -5.513895 3.138293 -0.000000 -0.000000 -0.898809 -1.570795
  3 3.298298 -0.002814 2.623733 -0.428357 -0.156619 0.691248
  4 4.761445 -0.003792 0.000000 0.000000 0.000000 0.000000
  5 4.762034 -0.003745 0.000080 -0.020779 0.075894 0.154848
  6 4.762036 -0.003745 0.000078 -0.020779 0.075894 0.154848
  7 4.762264 -0.002028 -0.000001 -0.000000 -0.000001 0.383972
  8 2.746989 -0.000001 0.000000 -0.196655 0.002206 -0.626961
  9 9.156628 0.000000 -0.000000 0.000000 0.000000 0.000000
 10 0.000002 0.002190 -1.281928 -0.112373 0.982535 2.663219
 11 7.285013 -0.000000 -0.000001 0.658649 0.050164 -1.011311
 12 12.718717 -0.000000 -0.000001 -0.000000 0.000000 -0.259139
 13 10.221162 -0.000001 0.000001 1.591216 0.000959 -0.298514
 14 1.389921 -0.447519 1.936564 -0.210439 -0.761471 0.314906
 15 1.208674 -0.000001 -0.000000 0.000000 0.000000 0.000000
 16 1.208675 0.000001 0.000000 0.000000 0.000000 0.000000
 17 1.208675 -0.000000 0.000000 0.000000 0.000000 3.141593
 18 3.507810 -0.429743 1.193334 0.022860 -0.225875 -0.088311
 19 1.560289 -0.000002 -0.000000 0.000000 0.000000 0.000000
 20 1.560289 0.000001 0.000000 0.000000 0.000000 0.000000
 21 1.560289 0.000000 0.000000 0.000000 0.000000 3.141593
 22 3.044310 -0.436518 0.176984 0.140338 -0.004885 0.034563
 23 1.820337 0.000000 0.000000 0.000000 0.000000 0.000000
 24 1.820338 0.000000 0.000001 0.000000 0.000000 0.000000
 25 1.820337 0.000001 0.000000 0.000000 0.000000 3.141593
 26 3.330763 -0.128978 -0.727984 0.013106 0.174047 0.071026
 27 1.560289 0.000001 0.000000 0.000000 0.000000 0.000000
 28 1.560289 0.000001 0.000000 0.000000 0.000000 0.000000
 29 1.560289 0.000000 -0.000000 0.000000 0.000000 3.141593
 30 3.208161 0.466230 -1.931736 0.024854 0.330715 0.074094
 31 1.300241 -0.000000 -0.000000 0.000000 0.000000 0.000000
 32 1.300241 -0.000000 -0.000000 0.000000 0.000000 0.000000
 33 1.300241 -0.000000 -0.000000 0.000000 0.000000 3.141593
 34 0.000001 0.002183 1.281927 1.354132 -1.119555 1.425921
 35 7.285011 0.000002 -0.000000 -0.355181 0.199720 -0.664081
 36 12.538440 0.000000 0.000001 0.000000 0.000000 -0.968124
 37 10.782779 -0.000000 -0.000000 -1.582690 0.007423 -0.036055
 38 1.016389 0.059479 -2.003610 0.348822 0.790160 0.431299
 39 1.107952 -0.000000 -0.000000 0.000000 0.000000 0.000000
 40 1.107951 -0.000000 -0.000001 0.000000 0.000000 0.000000
 41 1.107953 0.000000 -0.000000 0.000000 0.000000 0.000000
 42 3.077731 -0.144550 -1.412631 0.003835 0.209388 0.026587
 43 1.560290 0.000000 -0.000000 0.000000 0.000000 0.000000
 44 1.560289 0.000001 -0.000000 0.000000 0.000000 0.000000
 45 1.560289 -0.000000 0.000000 0.000000 0.000000 0.000000
 46 2.463500 0.093205 -0.291939 -0.000796 -0.000000 0.000000
 47 1.820338 0.000000 0.000000 0.000000 0.000000 0.000000
 48 1.820337 0.000000 0.000000 0.000000 0.000000 0.000000
 49 1.820337 0.000001 0.000000 0.000000 0.000000 0.000000
 50 3.016626 -0.086193 0.699124 -0.016172 -0.173791 0.088745
 51 1.560289 0.000000 -0.000000 0.000000 0.000000 0.000000
 52 1.560289 0.000000 -0.000000 0.000000 0.000000 0.000000
 53 1.560289 0.000000 -0.000000 0.000000 0.000000 0.000000
 54 2.733754 0.442845 1.903232 -0.009342 -0.314026 0.027785
 55 1.300241 -0.000000 0.000000 0.000000 0.000000 0.000000
 56 1.300241 0.000000 0.000000 0.000000 0.000000 0.000000
 57 1.300241 0.000001 -0.000000 0.000000 0.000000 0.000000
 58 -2.346253 1.323873 2.168091 -0.943725 -2.019174 -0.830578
 59 15.353562 0.000000 -0.000001 0.000000 -0.000000 -2.066932
 60 19.266844 0.000001 -0.000001 1.268483 0.137745 -0.340435
 61 4.212048 5.420720 -0.000000 -0.000000 -0.000000 1.570796
 62 0.549397 -0.000000 0.000000 0.000000 0.000000 3.141593
 63 -3.488849 4.329381 -4.413815 0.253794 -2.111851 -1.377772
 64 15.353563 0.000000 -0.000001 0.000000 0.000000 -1.174309
 65 19.266846 -0.000001 -0.000002 1.752425 -0.256581 -0.050729
 66 4.212046 5.420720 -0.000000 -0.000000 -0.000000 1.570796
 67 0.549398 -0.000000 -0.000001 0.000000 0.000000 0.000000
 68 -38.836464 -1.519707 -0.000049 -3.141593 -1.570796 0.000000
time 97
  0 4.309031 16.893423 17.973284 0.020662 0.522289 -3.002461
  1 8.611926 -0.309113 -14.958311 -0.056154 0.519913 2.993044
  2 -5.627064 2.040927 -0.000001 0.000000 -0.925952 -1.570795
  3 3.368322 -0.002895 2.533038 -0.358394 -0.261284 0.720605
  4 4.761445 -0.003791 0.000001 0.000000 0.000000 0.000000
  5 4.762014 -0.003749 0.000005 -0.001249 0.052396 0.150596
  6 4.762013 -0.003747 0.000003 -0.001249 0.052396 0.150596
  7 4.762265 -0.002029 0.000000 -0.000000 -0.000001 0.383972
  8 2.746989 -0.000000 -0.000000 -0.166652 0.036241 -0.695551
  9 9.156630 0.000001 0.000000 0.000000 0.000000 0.000000
 10 0.000001 0.002190 -1.281928 -0.033176 1.041889 2.728179
 11 7.285012 0.000001 -0.000001 0.619524 0.088649 -1.152164
 12 12.718713 -0.000001 -0.000002 -0.000000 -0.000000 -0.286178
 13 10.221164 -0.000001 0.000001 1.591034 0.001575 -0.288200
 14 1.389921 -0.447518 1.936563 -0.210439 -0.761471 0.314906
 15 1.208675 0.000000 -0.000000 0.000000 0.000000 0.000000
 16 1.208675 0.000000 -0.000000 0.000000 0.000000 0.000000
 17 1.208675 0.000000 -0.000000 0.000000 0.000000 3.141593
 18 3.507810 -0.429742 1.193334 0.022860 -0.225875 -0.088311
 19 1.560288 0.000000 -0.000001 0.000000 0.000000 0.000000
 20 1.560289 0.000001 0.000000 0.000000 0.000000 0.000000
 21 1.560289 0.000002 0.000000 0.000000 0.000000 3.141593
 22 3.044310 -0.436515 0.176984 0.140338 -0.004885 0.034563
 23 1.820338 -0.000000 -0.000000 0.000000 0.000000 0.000000
 24 1.820337 0.000001 -0.000000 0.000000 0.000000 0.000000
 25 1.820338 0.000000 0.000000 0.000000 0.000000 3.141593
 26 3.330763 -0.128975 -0.727984 0.013106 0.174047 0.071026
 27 1.560289 0.000001 0.000000 0.000000 0.000000 0.000000
 28 1.560289 -0.000001 -0.000000 0.000000 0.000000 0.000000
 29 1.560289 -0.000000 0.000000 0.000000 0.000000 3.141593
 30 3.208162 0.466231 -1.931736 0.024854 0.330715 0.074094
 31 1.300241 -0.000000 0.000000 0.000000 0.000000 0.000000
 32 1.300241 0.000001 0.000001 0.000000 0.000000 0.000000
 33 1.300241 -0.000001 0.000000 0.000000 0.000000 3.141593
 34 0.000000 0.002183 1.281929 1.330683 -1.188766 1.444007
 35 7.285011 0.000001 0.000000 -0.495265 0.099481 -0.743934
 36 12.538442 -0.000001 0.000000 0.000000 -0.000000 -0.862249
 37 10.782779 0.000000 0.000001 -1.582393 0.009520 -0.041656
 38 1.016388 0.059478 -2.003610 0.348822 0.790160 0.431299
 39 1.107952 0.000000 -0.000000 0.000000 0.000000 0.000000
 40 1.107952 0.000000 -0.000000 0.000000 0.000000 0.000000
 41 1.107952 -0.000000 -0.000000 0.000000 0.000000 0.000000
 42 3.077730 -0.144550 -1.412631 0.003835 0.209388 0.026587
 43 1.560289 -0.000001 -0.000000 0.000000 0.000000 0.000000
 44 1.560289 0.000000 -0.000000 0.000000 0.000000 0.000000
 45 1.560289 0.000000 -0.000000 0.000000 0.000000 0.000000
 46 2.463500 0.093204 -0.291939 -0.000796 -0.000000 0.000000
 47 1.820337 0.000000 0.000000 0.000000 0.000000 0.000000
 48 1.820338 -0.000000 0.000000 0.000000 0.000000 0.000000
 49 1.820337 -0.000001 -0.000000 0.000000 0.000000 0.000000
 50 3.016626 -0.086194 0.699124 -0.016172 -0.173791 0.088745
 51 1.560289 0.000000 0.000000 0.000000 0.000000 0.000000
 52 1.560289 -0.000001 0.000000 0.000000 0.000000 0.000000
 53 1.560289 0.000000 0.000000 0.000000 0.000000 0.000000
 54 2.733754 0.442844 1.903232 -0.009342 -0.314026 0.027785
 55 1.300241 0.000000 0.000000 0.000000 0.000000 0.000000
 56 1.300241 -0.000000 0.000000 0.000000 0.000000 0.000000
 57 1.300241 -0.000001 0.000000 0.000000 0.000000 0.000000
 58 -2.151429 1.471426 2.414109 -0.568855 -2.561287 -1.074317
 59 15.353566 0.000001 0.000002 -0.000000 -0.000000 -2.051039
 60 19.266848 0.000000 -0.000003 0.884443 -0.134020 0.023780
 61 4.212047 5.420721 0.000001 -0.000000 -0.000000 1.570796
 62 0.549397 0.000001 0.000000 0.000000 0.000000 3.141593
 63 -4.043704 3.953707 -4.212931 -2.737597 -0.854819 1.477138
 64 15.353565 0.000001 0.000000 0.000000 0.000000 -1.432520
 65 19.266844 -0.000003 -0.000001 1.527681 -0.245130 0.129194
 66 4.212046 5.420721 -0.000001 -0.000000 -0.000000 1.570796
 67 0.549397 0.000001 -0.000000 0.000000 0.000000 0.000000
 68 -38.836468 -1.519707 -0.000051 -3.141593 -1.570796 0.000000
time 98
  0 3.820339 16.546947 18.848104 -0.001166 0.712372 3.084684
  1 11.855456 0.016009 -13.726952 0.047549 0.711062 -3.067459
  2 -5.551222 1.143382 -0.000000 -0.000000 -0.969118 -1.570795
  3 3.474437 -0.002953 2.385280 -0.327087 -0.334597 0.725168
  4 4.761444 -0.003791 0.000002 0.000000 -0.000000 0.000000
  5 4.761993 -0.003750 -0.000022 0.005383 0.030891 0.145402
  6 4.761993 -0.003755 -0.000021 0.005383 0.030891 0.145402
  7 4.762265 -0.002027 0.000001 -0.000000 -0.000001 0.383972
  8 2.746988 0.000000 0.000001 -0.128061 0.032091 -0.744104
  9 9.156628 0.000001 0.000000 0.000000 0.000000 0.000000
 10 0.000000 0.002191 -1.281927 0.010357 1.098680 2.766048
 11 7.285013 0.000001 -0.000001 0.595627 0.110989 -1.264400
 12 12.718717 -0.000001 0.000001 0.000000 0.000000 -0.297373
 13 10.221164 -0.000001 0.000001 1.590550 0.002827 -0.284336
 14 1.389921 -0.447520 1.936563 -0.210439 -0.761471 0.314906
 15 1.208675 -0.000000 -0.000001 0.000000 0.000000 0.000000
 16 1.208676 0.000000 0.000001 0.000000 0.000000 0.000000
 17 1.208675 0.000001 0.000000 0.000000 0.000000 3.141593
 18 3.507810 -0.429745 1.193333 0.022860 -0.225875 -0.088311
 19 1.560289 -0.000000 -0.000000 0.000000 0.000000 0.000000
 20 1.560289 0.000000 0.000000 0.000000 0.000000 0.000000
 21 1.560289 0.000001 0.000000 0.000000 0.000000 3.141593
 22 3.044310 -0.436518 0.176984 0.140338 -0.004885 0.034563
 23 1.820337 -0.000001 -0.000001 0.000000 0.000000 0.000000
 24 1.820338 0.000000 0.000000 0.000000 0.000000 0.000000
 25 1.820338 0.000001 0.000000 0.000000 0.000000 3.141593
 26 3.330763 -0.128978 -0.727984 0.013106 0.174047 0.071026
 27 1.560289 -0.000000 0.000000 0.000000 0.000000 0.000000
 28 1.560289 -0.000002 -0.000001 0.000000 0.000000 0.000000
 29 1.560289 0.000000 0.000000 0.000000 0.000000 3.141593
 30 3.208161 0.466230 -1.931736 0.024854 0.330715 0.074094
 31 1.300241 0.000001 0.000001 0.000000 0.000000 0.000000
 32 1.300241 -0.000001 -0.000001 0.000000 0.000000 0.000000
 33 1.300241 0.000000 -0.000000 0.000000 0.000000 3.141593
 34 0.000001 0.002184 1.281927 1.196230 -1.274088 1.576056
 35 7.285011 -0.000001 0.000000 -0.544669 0.034325 -0.823950
 36 12.538438 0.000000 0.000001 0.000000 -0.000000 -0.861681
 37 10.782778 -0.000001 0.000002 -1.582770 0.009962 -0.041183
 38 1.016389 0.059480 -2.003610 0.348822 0.790160 0.431299
 39 1.107952 0.000001 0.000000 0.000000 0.000000 0.000000
 40 1.107952 -0.000001 -0.000000 0.000000 0.000000 0.000000
 41 1.107952 -0.000001 0.000000 0.000000 0.000000 0.000000
 42 3.077731 -0.144550 -1.412631 0.003835 0.209388 0.026587
 43 1.560289 -0.000001 -0.000000 0.000000 0.000000 0.000000
 44 1.560289 0.000000 -0.000000 0.000000 0.000000 0.000000
 45 1.560288 0.000001 -0.000001 0.000000 0.000000 0.000000
 46 2.463501 0.093204 -0.291939 -0.000796 -0.000000 0.000000
 47 1.820337 -0.000000 0.000001 0.000000 0.000000 0.000000
 48 1.820338 -0.000000 -0.000001 0.000000 0.000000 0.000000
 49 1.820337 -0.000001 -0.000000 0.000000 0.000000 0.000000
 50 3.016626 -0.086193 0.699124 -0.016172 -0.173791 0.088745
 51 1.560289 -0.000001 -0.000000 0.000000 0.000000 0.000000
 52 1.560289 -0.000000 -0.000000 0.000000 0.000000 0.000000
 53 1.560289 -0.000001 -0.000000 0.000000 0.000000 0.000000
 54 2.733754 0.442844 1.903232 -0.009342 -0.314026 0.027785
 55 1.300241 -0.000000 -0.000000 0.000000 0.000000 0.000000
 56 1.300241 -0.000000 0.000000 0.000000 0.000000 0.000000
 57 1.300241 -0.000001 0.000000 0.000000 0.000000 0.000000
 58 -2.034703 1.522605 2.691672 -0.374116 -3.124082 -1.075415
 59 15.353564 0.000000 0.000001 0.000000 -0.000000 -2.044484
 60 19.266846 -0.000000 -0.000001 0.355461 -0.231709 0.362024
 61 4.212048 5.420719 0.000002 -0.000000 0.000000 1.570796
 62 0.549397 -0.000001 0.000001 0.000000 0.000000 3.141593
 63 -4.440245 3.745590 -3.860561 -2.699115 -0.594968 1.373238
 64 15.353562 0.000001 -0.000002 0.000000 0.000000 -1.651937
 65 19.266844 -0.000002 -0.000002 1.131016 -0.232944 0.358754
 66 4.212047 5.420720 0.000000 -0.000000 -0.000000 1.570796
 67 0.549398 0.000000 -0.000001 0.000000 0.000000 0.000000
 68 -38.836464 -1.519707 -0.000048 -3.141593 -1.570796 0.000000
time 99
  0 3.265743 16.152967 20.110012 -0.019300 0.852576 2.968041
  1 14.607582 0.246369 -12.763548 0.167128 0.840326 -2.901999
  2 -5.402575 0.297544 0.000001 0.000000 -1.026164 -1.570795
  3 3.604671 -0.003010 2.183365 -0.315765 -0.391492 0.718518
  4 4.761444 -0.003793 0.000002 0.000000 0.000000 0.000000
  5 4.761972 -0.003753 -0.000018 0.004976 0.009042 0.139947
  6 4.761973 -0.003755 -0.000021 0.004976 0.009042 0.139947
  7 4.762265 -0.002029 0.000001 -0.000000 -0.000001 0.383972
  8 2.746988 -0.000001 -0.000001 -0.080524 0.054942 -0.783315
  9 9.156627 -0.000000 0.000000 0.000000 0.000000 0.000000
 10 0.000001 0.002191 -1.281927 -0.022953 1.149232 2.735879
 11 7.285012 0.000003 0.000001 0.646612 0.125162 -1.315167
 12 12.718717 0.000001 -0.000001 0.000000 -0.000000 -0.281039
 13 10.221165 0.000000 0.000003 1.589486 0.005115 -0.291817
 14 1.389920 -0.447519 1.936563 -0.210439 -0.761471 0.314906
 15 1.208675 -0.000000 0.000000 0.000000 0.000000 0.000000
 16 1.208675 0.000002 0.000000 0.000000 0.000000 0.000000
 17 1.208674 -0.000001 0.000000 0.000000 0.000000 3.141593
 18 3.507809 -0.429743 1.193334 0.022860 -0.225875 -0.088311
 19 1.560289 0.000000 0.000000 0.000000 0.000000 0.000000
 20 1.560289 0.000001 0.000000 0.000000 0.000000 0.000000
 21 1.560289 0.000001 0.000000 0.000000 0.000000 3.141593
 22 3.044310 -0.436516 0.176984 0.140338 -0.004885 0.034563
 23 1.820337 0.000000 -0.000000 0.000000 0.000000 0.000000
 24 1.820337 0.000001 -0.000000 0.000000 0.000000 0.000000
 25 1.820337 0.000001 -0.000000 0.000000 0.000000 3.141593
 26 3.330763 -0.128977 -0.727984 0.013106 0.174047 0.071026
 27 1.560289 -0.000001 -0.000000 0.000000 0.000000 0.000000
 28 1.560289 0.000001 0.000001 0.000000 0.000000 0.000000
 29 1.560289 0.000001 -0.000001 0.000000 0.000000 3.141593
 30 3.208161 0.466230 -1.931736 0.024854 0.330715 0.074094
 31 1.300241 0.000002 0.000001 0.000000 0.000000 0.000000
 32 1.300241 -0.000001 -0.000000 0.000000 0.000000 0.000000
 33 1.300241 -0.000002 -0.000000 0.000000 0.000000 3.141593
 34 0.000001 0.002182 1.281926 0.850024 -1.359370 1.917981
 35 7.285012 -0.000001 0.000001 -0.557859 -0.023212 -0.903428
 36 12.538438 -0.000001 -0.000001 0.000000 0.000000 -0.915372
 37 10.782778 0.000001 -0.000000 -1.583637 0.009708 -0.037473
 38 1.016388 0.059479 -2.003609 0.348822 0.790160 0.431299
 39 1.107953 0.000001 -0.000000 0.000000 0.000000 0.000000
 40 1.107951 -0.000000 -0.000000 0.000000 0.000000 0.000000
 41 1.107952 -0.000000 -0.000000 0.000000 0.000000 0.000000
 42 3.077731 -0.144550 -1.412630 0.003835 0.209388 0.026587
 43 1.560289 -0.000000 0.000001 0.000000 0.000000 0.000000
 44 1.560289 -0.000000 0.000000 0.000000 0.000000 0.000000
 45 1.560289 -0.000000 0.000000 0.000000 0.000000 0.000000
 46 2.463500 0.093204 -0.291938 -0.000796 0.000000 0.000000
 47 1.820337 0.000002 0.000000 0.000000 0.000000 0.000000
 48 1.820337 -0.000001 0.000000 0.000000 0.000000 0.000000
 49 1.820338 -0.000000 -0.000000 0.000000 0.000000 0.000000
 50 3.016626 -0.086193 0.699125 -0.016172 -0.173791 0.088745
 51 1.560289 -0.000000 0.000001 0.000000 0.000000 0.000000
 52 1.560289 0.000000 -0.000000 0.000000 0.000000 0.000000
 53 1.560289 0.000000 0.000000 0.000000 0.000000 0.000000
 54 2.733754 0.442845 1.903233 -0.009342 -0.314026 0.027785
 55 1.300241 -0.000001 -0.000000 0.000000 0.000000 0.000000
 56 1.300241 0.000000 0.000000 0.000000 0.000000 0.000000
 57 1.300241 0.000001 0.000000 0.000000 0.000000 0.000000
 58 -1.941949 1.511764 3.020826 -0.244645 -2.820019 -1.210714
 59 15.353563 -0.000001 0.000002 0.000000 -0.000000 -2.037452
 60 19.266844 -0.000000 -0.000001 0.518823 -0.072449 0.062253
 61 4.212046 5.420720 -0.000000 -0.000000 -0.000000 1.570796
 62 0.549397 0.000001 0.000000 0.000000 0.000000 3.141593
 63 -4.737048 3.614463 -3.415485 -2.783739 -0.512104 1.515916
 64 15.353563 0.000000 0.000003 -0.000000 0.000000 -1.429375
 65 19.266846 -0.000000 0.000002 0.802665 -0.192209 0.402721
 66 4.212047 5.420720 0.000000 -0.000000 0.000000 1.570796
 67 0.549397 0.000000 -0.000001 0.000000 0.000000 0.000000
 68 -38.836460 -1.519705 -0.000052 3.141593 -1.570796 0.000000
time 100
  0 2.661763 15.720562 21.475658 -0.023108 0.983947 2.888680
  1 17.291132 0.265681 -11.495559 0.324029 0.947170 -2.733927
  2 -5.285035 -0.390583 0.000000 0.000000 -1.094943 -1.570795
  3 3.746105 -0.003049 1.930554 -0.301408 -0.418374 0.708811
  4 4.761444 -0.003792 0.000000 -0.000000 -0.000000 -0.000000
  5 4.761960 -0.003754 -0.000009 0.002696 -0.009065 0.136454
  6 4.761961 -0.003758 -0.000010 0.002696 -0.009065 0.136454
  7 4.762263 -0.002028 0.000001 -0.000000 -0.000001 0.383972
  8 2.746989 0.000001 -0.000001 -0.048088 0.089736 -0.838562
  9 9.156627 0.000001 -0.000002 0.000000 0.000000 0.000000
 10 0.000001 0.002190 -1.281929 -0.097236 1.198050 2.666227
 11 7.285012 0.000001 0.000000 0.704644 0.164228 -1.328653
 12 12.718715 0.000000 0.000000 0.000000 0.000000 -0.253296
 13 10.221164 -0.000000 0.000001 1.588231 0.007729 -0.303952
 14 1.389920 -0.447519 1.936563 -0.210439 -0.761471 0.314906
 15 1.208675 0.000000 -0.000000 0.000000 0.000000 0.000000
 16 1.208674 0.000001 -0.000000 0.000000 0.000000 0.000000
 17 1.208675 -0.000001 -0.000000 0.000000 0.000000 3.141593
 18 3.507809 -0.429742 1.193333 0.022860 -0.225875 -0.088311
 19 1.560289 0.000002 0.000000 0.000000 0.000000 0.000000
 20 1.560289 0.000002 -0.000001 0.000000 0.000000 0.000000
 21 1.560289 0.000001 0.000000 0.000000 0.000000 3.141593
 22 3.044310 -0.436516 0.176984 0.140338 -0.004885 0.034563
 23 1.820337 0.000000 -0.000000 0.000000 0.000000 0.000000
 24 1.820338 0.000002 0.000000 0.000000 0.000000 0.000000
 25 1.820337 0.000001 -0.000000 0.000000 0.000000 3.141593
 26 3.330763 -0.128975 -0.727984 0.013106 0.174047 0.071026
 27 1.560289 -0.000000 -0.000000 0.000000 0.000000 0.000000
 28 1.560289 -0.000000 0.000001 0.000000 0.000000 0.000000
 29 1.560289 -0.000000 -0.000000 0.000000 0.000000 3.141593
 30 3.208161 0.466232 -1.931736 0.024854 0.330715 0.074094
 31 1.300241 -0.000001 -0.000000 0.000000 0.000000 0.000000
 32 1.300241 0.000000 0.000000 0.000000 0.000000 0.000000
 33 1.300241 0.000001 0.000000 0.000000 0.000000 3.141593
 34 0.000001 0.002185 1.281927 0.257009 -1.394866 2.503613
 35 7.285011 0.000001 0.000001 -0.563167 -0.077952 -0.990893
 36 12.538438 -0.000001 -0.000002 0.000000 -0.000000 -0.983063
 37 10.782778 0.000002 0.000000 -1.584445 0.009012 -0.032985
 38 1.016388 0.059479 -2.003609 0.348822 0.790160 0.431299
 39 1.107952 0.000000 0.000000 0.000000 0.000000 0.000000
 40 1.107951 -0.000000 0.000000 0.000000 0.000000 0.000000
 41 1.107952 -0.000001 0.000000 0.000000 0.000000 0.000000
 42 3.077730 -0.144549 -1.412630 0.003835 0.209388 0.026587
 43 1.560289 -0.000001 0.000001 0.000000 0.000000 0.000000
 44 1.560289 0.000000 -0.000000 0.000000 0.000000 0.000000
 45 1.560289 0.000000 0.000000 0.000000 0.000000 0.000000
 46 2.463500 0.093205 -0.291938 -0.000796 -0.000000 -0.000000
 47 1.820337 -0.000002 0.000001 0.000000 0.000000 0.000000
 48 1.820338 -0.000001 -0.000001 0.000000 0.000000 0.000000
 49 1.820337 0.000001 0.000001 0.000000 0.000000 0.000000
 50 3.016627 -0.086192 0.699125 -0.016172 -0.173791 0.088745
 51 1.560289 0.000000 -0.000000 0.000000 0.000000 0.000000
 52 1.560289 0.000000 0.000000 0.000000 0.000000 0.000000
 53 1.560289 0.000000 0.000001 0.000000 0.000000 0.000000
 54 2.733754 0.442844 1.903233 -0.009342 -0.314026 0.027785
 55 1.300241 0.000000 0.000000 0.000000 0.000000 0.000000
 56 1.300241 -0.000001 0.000000 0.000000 0.000000 0.000000
 57 1.300241 0.000000 0.000000 0.000000 0.000000 0.000000
 58 -1.893010 1.518150 3.338451 0.000489 -2.499535 -1.533238
 59 15.353564 -0.000001 0.000003 -0.000000 0.000000 -2.017254
 60 19.266844 0.000001 -0.000000 0.709432 0.126869 -0.194899
 61 4.212045 5.420720 -0.000000 -0.000000 0.000000 1.570796
 62 0.549398 -0.000001 0.000000 0.000000 0.000000 3.141593
 63 -4.869097 3.505201 -3.053308 0.237648 -2.681480 -1.414206
 64 15.353561 -0.000001 0.000003 0.000000 -0.000000 -1.062096
 65 19.266844 -0.000000 0.000003 0.536162 -0.093288 0.377469
 66 4.212047 5.420720 0.000001 -0.000000 -0.000000 1.570796
 67 0.549398 -0.000001 -0.000000 0.000000 0.000000 0.000000
 68 -38.836464 -1.519706 -0.000051 -3.141593 -1.570796 0.000000
time 101
  0 2.024923 15.258814 22.904892 -0.013718 1.095498 2.840244
  1 19.734497 0.139316 -10.155386 0.501378 1.021860 -2.563458
  2 -5.235254 -0.901309 0.000001 -0.000000 -1.173312 -1.570795
  3 3.885682 -0.003061 1.631450 -0.282755 -0.415430 0.699716
  4 4.761444 -0.003792 0.000002 -0.000000 -0.000000 -0.000000
  5 4.761954 -0.003755 0.000003 -0.000775 -0.022998 0.135276
  6 4.761957 -0.003759 0.000001 -0.000775 -0.022998 0.135276
  7 4.762264 -0.002026 0.000000 -0.000000 -0.000001 0.383972
  8 2.746988 0.000001 0.000000 -0.035462 0.112712 -0.906678
  9 9.156626 -0.000001 -0.000001 0.000000 0.000000 0.000000
 10 0.000002 0.002191 -1.281928 -0.213987 1.243107 2.553905
 11 7.285012 0.000002 0.000001 0.761167 0.217231 -1.311774
 12 12.718716 -0.000001 0.000001 -0.000000 0.000000 -0.222702
 13 10.221165 0.000001 0.000001 1.586849 0.010495 -0.317249
 14 1.389920 -0.447518 1.936564 -0.210439 -0.761471 0.314906
 15 1.208675 0.000002 -0.000000 0.000000 0.000000 0.000000
 16 1.208674 -0.000001 -0.000000 0.000000 0.000000 0.000000
 17 1.208675 -0.000000 -0.000000 0.000000 0.000000 3.141593
 18 3.507809 -0.429742 1.193333 0.022860 -0.225875 -0.088311
 19 1.560289 -0.000000 -0.000001 0.000000 0.000000 0.000000
 20 1.560289 -0.000001 0.000000 0.000000 0.000000 0.000000
 21 1.560289 -0.000001 0.000000 0.000000 0.000000 3.141593
 22 3.044310 -0.436516 0.176983 0.140338 -0.004885 0.034563
 23 1.820337 -0.000002 -0.000000 0.000000 0.000000 0.000000
 24 1.820338 0.000002 0.000000 0.000000 0.000000 0.000000
 25 1.820338 -0.000001 0.000000 0.000000 0.000000 3.141593
 26 3.330763 -0.128976 -0.727984 0.013106 0.174047 0.071026
 27 1.560289 -0.000000 0.000001 0.000000 0.000000 0.000000
 28 1.560289 -0.000000 -0.000001 0.000000 0.000000 0.000000
 29 1.560289 -0.000000 -0.000001 0.000000 0.000000 3.141593
 30 3.208162 0.466232 -1.931736 0.024854 0.330715 0.074094
 31 1.300241 -0.000002 -0.000000 0.000000 0.000000 0.000000
 32 1.300241 0.000001 0.000000 0.000000 0.000000 0.000000
 33 1.300241 0.000000 0.000001 0.000000 0.000000 3.141593
 34 0.000001 0.002184 1.281927 -0.212680 -1.379493 2.965737
 35 7.285012 0.000001 0.000001 -0.578731 -0.133838 -1.057611
 36 12.538440 -0.000002 -0.000001 0.000000 0.000000 -1.024494
 37 10.782779 0.000001 -0.000002 -1.584643 0.008120 -0.030182
 38 1.016389 0.059478 -2.003610 0.348822 0.790160 0.431299
 39 1.107952 -0.000001 -0.000000 0.000000 0.000000 0.000000
 40 1.107952 0.000001 0.000000 0.000000 0.000000 0.000000
 41 1.107951 0.000000 0.000000 0.000000 0.000000 0.000000
 42 3.077731 -0.144548 -1.412630 0.003835 0.209388 0.026587
 43 1.560289 -0.000000 -0.000000 0.000000 0.000000 0.000000
 44 1.560288 0.000001 0.000001 0.000000 0.000000 0.000000
 45 1.560288 -0.000000 0.000000 0.000000 0.000000 0.000000
 46 2.463500 0.093205 -0.291938 -0.000796 -0.000000 0.000000
 47 1.820338 0.000000 -0.000000 0.000000 0.000000 0.000000
 48 1.820338 0.000000 0.000000 0.000000 0.000000 0.000000
 49 1.820337 -0.000000 0.000000 0.000000 0.000000 0.000000
 50 3.016627 -0.086193 0.699125 -0.016172 -0.173791 0.088745
 51 1.560289 -0.000001 -0.000000 0.000000 0.000000 0.000000
 52 1.560289 0.000001 0.000001 0.000000 0.000000 0.000000
 53 1.560289 0.000001 -0.000000 0.000000 0.000000 0.000000
 54 2.733754 0.442845 1.903232 -0.009342 -0.314026 0.027785
 55 1.300241 -0.000001 -0.000000 0.000000 0.000000 0.000000
 56 1.300241 0.000001 0.000000 0.000000 0.000000 0.000000
 57 1.300241 0.000000 0.000000 0.000000 0.000000 0.000000
 58 -1.898240 1.552262 3.634768 -2.999693 -0.505362 1.444602
 59 15.353564 -0.000000 0.000002 0.000000 0.000000 -1.974343
 60 19.266842 0.000000 -0.000000 0.532959 0.039928 -0.140610
 61 4.212047 5.420720 0.000000 -0.000000 -0.000000 1.570796
 62 0.549398 0.000002 0.000000 0.000000 0.000000 3.141593
 63 -4.854606 3.422185 -2.801326 0.152301 -2.743305 -1.235542
 64 15.353560 0.000001 0.000001 0.000000 -0.000000 -0.740304
 65 19.266842 0.000002 0.000004 0.376401 0.006433 0.286755
 66 4.212048 5.420721 0.000001 -0.000000 -0.000000 1.570796
 67 0.549397 0.000000 -0.000001 0.000000 0.000000 0.000000
 68 -38.836460 -1.519702 -0.000052 -3.141593 -1.570796 0.000000
time 102
  0 1.371722 14.776785 24.342669 0.000527 1.174577 2.809870
  1 21.801527 -0.004808 -9.120529 0.662284 1.059399 -2.412228
  2 -5.259884 -1.237357 -0.000001 -0.000000 -1.259128 -1.570795
  3 4.011175 -0.003053 1.292532 -0.265180 -0.385886 0.693545
  4 4.761445 -0.003791 0.000000 0.000000 -0.000000 -0.000000
  5 4.761958 -0.003756 0.000024 -0.006248 -0.033183 0.136107
  6 4.761959 -0.003757 0.000026 -0.006248 -0.033183 0.136107
  7 4.762264 -0.002030 -0.000001 -0.000000 -0.000001 0.383972
  8 2.746989 0.000000 -0.000000 -0.021344 0.126584 -0.971407
  9 9.156628 0.000001 -0.000001 0.000000 0.000000 0.000000
 10 0.000002 0.002192 -1.281929 -0.372287 1.282200 2.398626
 11 7.285012 0.000001 0.000001 0.809654 0.271496 -1.285178
 12 12.718714 -0.000001 0.000001 -0.000000 0.000000 -0.197816
 13 10.221165 0.000000 -0.000001 1.585427 0.013251 -0.328217
 14 1.389920 -0.447518 1.936563 -0.210439 -0.761471 0.314906
 15 1.208674 0.000001 -0.000001 0.000000 0.000000 0.000000
 16 1.208675 0.000001 0.000001 0.000000 0.000000 0.000000
 17 1.208675 -0.000001 -0.000000 0.000000 0.000000 3.141593
 18 3.507809 -0.429742 1.193333 0.022860 -0.225875 -0.088311
 19 1.560289 -0.000002 -0.000001 0.000000 0.000000 0.000000
 20 1.560288 0.000002 -0.000000 0.000000 0.000000 0.000000
 21 1.560289 -0.000001 0.000001 0.000000 0.000000 3.141593
 22 3.044310 -0.436515 0.176984 0.140338 -0.004885 0.034563
 23 1.820337 -0.000002 -0.000001 0.000000 0.000000 0.000000
 24 1.820338 -0.000001 0.000000 0.000000 0.000000 0.000000
 25 1.820338 -0.000001 0.000001 0.000000 0.000000 3.141593
 26 3.330763 -0.128975 -0.727984 0.013106 0.174047 0.071026
 27 1.560289 0.000001 -0.000000 0.000000 0.000000 0.000000
 28 1.560289 0.000002 -0.000000 0.000000 0.000000 0.000000
 29 1.560289 0.000002 0.000001 0.000000 0.000000 3.141593
 30 3.208161 0.466233 -1.931736 0.024854 0.330715 0.074094
 31 1.300241 -0.000001 -0.000001 0.000000 0.000000 0.000000
 32 1.300242 0.000002 0.000001 0.000000 0.000000 0.000000
 33 1.300241 0.000001 0.000000 0.000000 0.000000 3.141593
 34 0.000002 0.002185 1.281927 -0.378240 -1.379837 3.128810
 35 7.285011 0.000000 -0.000000 -0.589849 -0.200216 -1.068822
 36 12.538439 -0.000000 -0.000001 0.000000 -0.000000 -1.019123
 37 10.782780 -0.000000 0.000002 -1.583616 0.006697 -0.030406
 38 1.016389 0.059480 -2.003610 0.348822 0.790160 0.431299
 39 1.107952 -0.000000 -0.000000 0.000000 0.000000 0.000000
 40 1.107952 0.000000 -0.000001 0.000000 0.000000 0.000000
 41 1.107952 0.000000 0.000000 0.000000 0.000000 0.000000
 42 3.077731 -0.144550 -1.412631 0.003835 0.209388 0.026587
 43 1.560289 0.000000 0.000001 0.000000 0.000000 0.000000
 44 1.560289 0.000000 -0.000000 0.000000 0.000000 0.000000
 45 1.560289 0.000000 -0.000000 0.000000 0.000000 0.000000
 46 2.463500 0.093204 -0.291938 -0.000796 -0.000000 -0.000000
 47 1.820337 0.000001 0.000000 0.000000 0.000000 0.000000
 48 1.820338 -0.000001 -0.000000 0.000000 0.000000 0.000000
 49 1.820337 -0.000001 -0.000001 0.000000 0.000000 0.000000
 50 3.016627 -0.086192 0.699124 -0.016172 -0.173791 0.088745
 51 1.560289 -0.000000 0.000001 0.000000 0.000000 0.000000
 52 1.560289 -0.000000 -0.000000 0.000000 0.000000 0.000000
 53 1.560289 0.000000 -0.000000 0.000000 0.000000 0.000000
 54 2.733754 0.442845 1.903232 -0.009342 -0.314026 0.027785
 55 1.300241 -0.000000 -0.000000 0.000000 0.000000 0.000000
 56 1.300241 -0.000000 0.000000 0.000000 0.000000 0.000000
 57 1.300241 -0.000000 0.000000 0.000000 0.000000 0.000000
 58 -1.963837 1.597289 3.911402 -2.959125 -0.257115 1.386887
 59 15.353564 -0.000001 -0.000000 -0.000000 0.000000 -1.920261
 60 19.266846 0.000001 0.000001 0.205418 -0.025546 0.023309
 61 4.212049 5.420720 0.000000 -0.000000 0.000000 1.570796
 62 0.549398 0.000000 0.000000 0.000000 0.000000 3.141593
 63 -4.720935 3.375938 -2.638015 0.122227 -2.805756 -1.114646
 64 15.353562 -0.000001 0.000000 0.000000 -0.000000 -0.512229
 65 19.266846 -0.000001 0.000002 0.263346 0.062492 0.125354
 66 4.212047 5.420720 0.000000 -0.000000 0.000000 1.570796
 67 0.549397 0.000000 0.000001 0.000000 0.000000 0.000000
 68 -38.836464 -1.519707 -0.000047 3.141593 -1.570796 0.000000
time 103
  0 0.718683 14.283558 25.698595 -0.003418 1.207863 2.770659
  1 23.360580 0.030320 -8.871256 0.757419 1.060322 -2.314745
  2 -5.388522 -1.317165 0.000000 0.000000 -1.350243 -1.570795
  3 4.112161 -0.003014 0.922304 -0.233920 -0.322292 0.694826
  4 4.761444 -0.003792 -0.000001 0.000000 -0.000000 -0.000000
  5 4.761972 -0.003753 0.000041 -0.010871 -0.036760 0.139923
  6 4.761971 -0.003755 0.000040 -0.010871 -0.036760 0.139923
  7 4.762263 -0.002030 -0.000002 -0.000000 -0.000001 0.383972
  8 2.746990 -0.000001 0.000001 -0.002133 0.110267 -1.026763
  9 9.156629 -0.000001 0.000000 0.000000 0.000000 0.000000
 10 0.000003 0.002190 -1.281926 -0.565807 1.314185 2.205975
 11 7.285011 0.000001 0.000001 0.836054 0.334969 -1.246634
 12 12.718717 0.000001 0.000003 -0.000000 0.000000 -0.187196
 13 10.221165 0.000000 0.000000 1.584073 0.015846 -0.333363
 14 1.389920 -0.447519 1.936563 -0.210439 -0.761471 0.314906
 15 1.208674 -0.000002 -0.000000 0.000000 0.000000 0.000000
 16 1.208674 0.000000 -0.000000 0.000000 0.000000 0.000000
 17 1.208675 0.000001 -0.000000 0.000000 0.000000 3.141593
 18 3.507809 -0.429743 1.193334 0.022860 -0.225875 -0.088311
 19 1.560288 0.000000 -0.000001 0.000000 0.000000 0.000000
 20 1.560289 0.000002 0.000001 0.000000 0.000000 0.000000
 21 1.560289 0.000001 -0.000000 0.000000 0.000000 3.141593
 22 3.044310 -0.436519 0.176982 0.140338 -0.004885 0.034563
 23 1.820338 0.000002 0.000001 0.000000 0.000000 0.000000
 24 1.820338 -0.000003 -0.000001 0.000000 0.000000 0.000000
 25 1.820337 -0.000000 -0.000001 0.000000 0.000000 3.141593
 26 3.330763 -0.128979 -0.727985 0.013106 0.174047 0.071026
 27 1.560289 -0.000001 0.000000 0.000000 0.000000 0.000000
 28 1.560289 -0.000003 -0.000001 0.000000 0.000000 0.000000
 29 1.560289 0.000001 0.000000 0.000000 0.000000 3.141593
 30 3.208161 0.466230 -1.931736 0.024854 0.330715 0.074094
 31 1.300241 0.000001 -0.000001 0.000000 0.000000 0.000000
 32 1.300242 0.000001 0.000000 0.000000 0.000000 0.000000
 33 1.300241 0.000001 0.000000 0.000000 0.000000 3.141593
 34 0.000003 0.002183 1.281930 -0.394411 -1.404781 -3.136838
 35 7.285011 0.000001 0.000000 -0.594493 -0.259823 -1.061234
 36 12.538439 -0.000001 -0.000001 -0.000000 0.000000 -0.990925
 37 10.782777 0.000002 -0.000002 -1.581824 0.004777 -0.032169
 38 1.016389 0.059478 -2.003611 0.348822 0.790160 0.431299
 39 1.107951 -0.000002 -0.000000 0.000000 0.000000 0.000000
 40 1.107952 0.000001 -0.000000 0.000000 0.000000 0.000000
 41 1.107952 0.000001 -0.000000 0.000000 0.000000 0.000000
 42 3.077731 -0.144550 -1.412630 0.003835 0.209388 0.026587
 43 1.560289 0.000000 0.000001 0.000000 0.000000 0.000000
 44 1.560289 0.000000 -0.000000 0.000000 0.000000 0.000000
 45 1.560289 0.000001 0.000000 0.000000 0.000000 0.000000
 46 2.463500 0.093204 -0.291939 -0.000796 0.000000 0.000000
 47 1.820338 -0.000000 0.000001 0.000000 0.000000 0.000000
 48 1.820337 -0.000000 0.000000 0.000000 0.000000 0.000000
 49 1.820337 -0.000000 0.000000 0.000000 0.000000 0.000000
 50 3.016627 -0.086193 0.699124 -0.016172 -0.173791 0.088745
 51 1.560289 0.000001 0.000000 0.000000 0.000000 0.000000
 52 1.560289 -0.000001 0.000001 0.000000 0.000000 0.000000
 53 1.560289 -0.000001 -0.000001 0.000000 0.000000 0.000000
 54 2.733754 0.442845 1.903232 -0.009342 -0.314026 0.027785
 55 1.300241 0.000000 -0.000000 0.000000 0.000000 0.000000
 56 1.300241 0.000000 0.000000 0.000000 0.000000 0.000000
 57 1.300241 0.000001 0.000000 0.000000 0.000000 0.000000
 58 -2.126367 1.729113 4.111953 -2.965290 -0.058839 1.330166
 59 15.353566 -0.000002 -0.000000 0.000000 0.000000 -1.850741
 60 19.266844 0.000003 0.000000 -0.036877 0.011497 0.156981
 61 4.212047 5.420721 0.000000 -0.000000 -0.000000 1.570796
 62 0.549397 0.000000 0.000000 0.000000 0.000000 3.141593
 63 -4.446593 3.339624 -2.646955 0.108097 -2.883493 -1.015008
 64 15.353564 0.000001 0.000001 0.000000 -0.000000 -0.306258
 65 19.266844 0.000001 0.000001 0.157427 0.078823 -0.085846
 66 4.212049 5.420721 0.000001 -0.000000 -0.000000 1.570796
 67 0.549398 0.000001 0.000000 0.000000 0.000000 0.000000
 68 -38.836464 -1.519707 -0.000052 3.141593 -1.570796 0.000000
time 104
  0 0.082322 13.788207 26.955978 -0.023547 1.196429 2.721144
  1 24.427916 0.225979 -9.594967 0.775339 1.033415 -2.281231
  2 -5.582854 -1.210194 0.000000 0.000000 -1.444513 -1.570795
  3 4.180792 -0.002946 0.531187 -0.187330 -0.235752 0.704879
  4 4.761443 -0.003791 0.000003 0.000000 0.000000 0.000000
  5 4.761995 -0.003748 0.000050 -0.013909 -0.035216 0.145873
  6 4.761994 -0.003750 0.000053 -0.013909 -0.035216 0.145873
  7 4.762265 -0.002026 0.000001 -0.000000 -0.000001 0.383972
  8 2.746989 -0.000000 0.000000 0.022391 0.075169 -1.059280
  9 9.156628 0.000000 0.000000 0.000000 0.000000 0.000000
 10 -0.000000 0.002191 -1.281928 -0.816682 1.338756 1.953708
 11 7.285013 0.000002 -0.000001 0.874672 0.361884 -1.182689
 12 12.718715 -0.000001 -0.000001 -0.000000 -0.000000 -0.220997
 13 10.221164 0.000001 -0.000002 1.582706 0.018644 -0.321472
 14 1.389920 -0.447521 1.936563 -0.210439 -0.761471 0.314906
 15 1.208674 -0.000001 -0.000000 0.000000 0.000000 0.000000
 16 1.208675 0.000002 -0.000000 0.000000 0.000000 0.000000
 17 1.208675 0.000000 0.000000 0.000000 0.000000 3.141593
 18 3.507809 -0.429743 1.193334 0.022860 -0.225875 -0.088311
 19 1.560289 -0.000001 0.000000 0.000000 0.000000 0.000000
 20 1.560289 0.000001 0.000001 0.000000 0.000000 0.000000
 21 1.560289 0.000001 -0.000000 0.000000 0.000000 3.141593
 22 3.044310 -0.436516 0.176984 0.140338 -0.004885 0.034563
 23 1.820337 -0.000002 -0.000000 0.000000 0.000000 0.000000
 24 1.820338 0.000005 0.000002 0.000000 0.000000 0.000000
 25 1.820337 0.000000 -0.000000 0.000000 0.000000 3.141593
 26 3.330763 -0.128978 -0.727983 0.013106 0.174047 0.071026
 27 1.560289 0.000000 -0.000000 0.000000 0.000000 0.000000
 28 1.560289 0.000003 0.000001 0.000000 0.000000 0.000000
 29 1.560289 -0.000001 -0.000001 0.000000 0.000000 3.141593
 30 3.208161 0.466229 -1.931736 0.024854 0.330715 0.074094
 31 1.300241 -0.000001 -0.000000 0.000000 0.000000 0.000000
 32 1.300241 0.000002 0.000001 0.000000 0.000000 0.000000
 33 1.300241 0.000001 0.000000 0.000000 0.000000 3.141593
 34 0.000002 0.002184 1.281927 -0.410062 -1.420148 -3.120448
 35 7.285012 0.000001 -0.000000 -0.606808 -0.294673 -1.067895
 36 12.538438 0.000001 0.000002 -0.000000 0.000000 -0.966420
 37 10.782779 0.000000 -0.000001 -1.580323 0.003161 -0.033690
 38 1.016389 0.059479 -2.003609 0.348822 0.790160 0.431299
 39 1.107953 -0.000002 -0.000000 0.000000 0.000000 0.000000
 40 1.107952 0.000001 0.000000 0.000000 0.000000 0.000000
 41 1.107952 0.000002 0.000000 0.000000 0.000000 0.000000
 42 3.077731 -0.144549 -1.412631 0.003835 0.209388 0.026587
 43 1.560289 -0.000000 -0.000001 0.000000 0.000000 0.000000
 44 1.560288 0.000001 0.000001 0.000000 0.000000 0.000000
 45 1.560288 -0.000000 0.000000 0.000000 0.000000 0.000000
 46 2.463500 0.093204 -0.291939 -0.000796 0.000000 0.000000
 47 1.820337 -0.000000 0.000001 0.000000 0.000000 0.000000
 48 1.820337 -0.000000 -0.000000 0.000000 0.000000 0.000000
 49 1.820337 0.000000 -0.000000 0.000000 0.000000 0.000000
 50 3.016626 -0.086193 0.699124 -0.016172 -0.173791 0.088745
 51 1.560289 -0.000001 -0.000001 0.000000 0.000000 0.000000
 52 1.560289 0.000000 0.000001 0.000000 0.000000 0.000000
 53 1.560289 0.000001 0.000000 0.000000 0.000000 0.000000
 54 2.733754 0.442844 1.903232 -0.009342 -0.314026 0.027785
 55 1.300241 0.000000 -0.000001 0.000000 0.000000 0.000000
 56 1.300241 0.000000 0.000000 0.000000 0.000000 0.000000
 57 1.300241 -0.000000 0.000001 0.000000 0.000000 0.000000
 58 -2.363099 1.958224 4.226851 -2.993922 0.017600 1.226108
 59 15.353564 -0.000001 -0.000001 -0.000000 -0.000000 -1.751720
 60 19.266844 -0.000001 -0.000000 -0.054446 0.018767 0.235898
 61 4.212046 5.420720 -0.000001 -0.000000 0.000000 1.570796
 62 0.549397 -0.000000 0.000000 0.000000 0.000000 3.141593
 63 -4.074096 3.284718 -2.771216 0.108511 -2.989839 -0.932244
 64 15.353561 -0.000001 0.000001 -0.000000 0.000000 -0.132839
 65 19.266844 0.000001 0.000001 0.077542 0.066062 -0.290960
 66 4.212046 5.420719 -0.000002 -0.000000 -0.000000 1.570796
 67 0.549397 -0.000002 -0.000000 0.000000 0.000000 0.000000
 68 -38.836464 -1.519709 -0.000049 -3.141593 -1.570796 0.000000
time 105
  0 -0.520839 13.299813 28.126867 -0.033699 1.155798 2.686444
  1 25.089405 0.372439 -11.047771 0.745189 0.990497 -2.292297
  2 -5.788037 -1.046552 -0.000001 0.000000 -1.539794 -1.570794
  3 4.212447 -0.002865 0.131070 -0.134942 -0.144386 0.722240
  4 4.761444 -0.003793 -0.000002 0.000000 0.000000 0.000000
  5 4.762018 -0.003749 0.000063 -0.016603 -0.032186 0.152397
  6 4.762019 -0.003748 0.000064 -0.016603 -0.032186 0.152398
  7 4.762264 -0.002030 -0.000000 -0.000000 -0.000001 0.383972
  8 2.746988 -0.000002 -0.000001 0.048543 0.042780 -1.066600
  9 9.156628 -0.000000 -0.000000 0.000000 0.000000 0.000000
 10 0.000001 0.002189 -1.281929 -1.113537 1.345076 1.653544
 11 7.285012 0.000004 0.000001 0.932889 0.336063 -1.107006
 12 12.718715 0.000000 -0.000001 -0.000000 0.000000 -0.278577
 13 10.221162 -0.000001 0.000001 1.581487 0.021353 -0.299867
 14 1.389920 -0.447520 1.936563 -0.210439 -0.761471 0.314906
 15 1.208675 -0.000001 0.000000 0.000000 0.000000 0.000000
 16 1.208675 -0.000001 0.000000 0.000000 0.000000 0.000000
 17 1.208675 -0.000001 -0.000000 0.000000 0.000000 3.141593
 18 3.507810 -0.429746 1.193333 0.022860 -0.225875 -0.088311
 19 1.560289 -0.000001 -0.000001 0.000000 0.000000 0.000000
 20 1.560289 0.000001 0.000000 0.000000 0.000000 0.000000
 21 1.560289 0.000002 0.000001 0.000000 0.000000 3.141593
 22 3.044310 -0.436517 0.176984 0.140338 -0.004885 0.034563
 23 1.820337 0.000000 -0.000000 0.000000 0.000000 0.000000
 24 1.820338 0.000001 0.000000 0.000000 0.000000 0.000000
 25 1.820338 0.000001 0.000000 0.000000 0.000000 3.141593
 26 3.330763 -0.128977 -0.727983 0.013106 0.174047 0.071026
 27 1.560289 -0.000000 -0.000000 0.000000 0.000000 0.000000
 28 1.560289 0.000000 0.000000 0.000000 0.000000 0.000000
 29 1.560289 0.000001 0.000001 0.000000 0.000000 3.141593
 30 3.208161 0.466230 -1.931736 0.024854 0.330715 0.074094
 31 1.300241 0.000003 -0.000000 0.000000 0.000000 0.000000
 32 1.300241 -0.000001 0.000000 0.000000 0.000000 0.000000
 33 1.300241 -0.000000 0.000000 0.000000 0.000000 3.141593
 34 -0.000000 0.002182 1.281928 -0.537125 -1.409831 -2.994939
 35 7.285011 0.000001 0.000001 -0.614803 -0.298945 -1.095922
 36 12.538439 0.000002 0.000000 -0.000000 0.000000 -0.955812
 37 10.782780 -0.000001 0.000001 -1.579490 0.002068 -0.034260
 38 1.016389 0.059479 -2.003610 0.348822 0.790160 0.431299
 39 1.107952 0.000001 0.000000 0.000000 0.000000 0.000000
 40 1.107952 0.000000 0.000000 0.000000 0.000000 0.000000
 41 1.107952 -0.000000 0.000000 0.000000 0.000000 0.000000
 42 3.077731 -0.144551 -1.412631 0.003835 0.209388 0.026587
 43 1.560290 -0.000001 -0.000001 0.000000 0.000000 0.000000
 44 1.560289 0.000000 0.000001 0.000000 0.000000 0.000000
 45 1.560289 0.000001 0.000001 0.000000 0.000000 0.000000
 46 2.463500 0.093205 -0.291939 -0.000796 0.000000 0.000000
 47 1.820338 0.000001 -0.000000 0.000000 0.000000 0.000000
 48 1.820337 -0.000001 0.000000 0.000000 0.000000 0.000000
 49 1.820337 -0.000001 0.000000 0.000000 0.000000 0.000000
 50 3.016626 -0.086193 0.699124 -0.016172 -0.173791 0.088745
 51 1.560289 0.000001 0.000002 0.000000 0.000000 0.000000
 52 1.560289 -0.000001 -0.000001 0.000000 0.000000 0.000000
 53 1.560289 -0.000001 -0.000000 0.000000 0.000000 0.000000
 54 2.733754 0.442845 1.903232 -0.009342 -0.314026 0.027785
 55 1.300241 0.000001 0.000001 0.000000 0.000000 0.000000
 56 1.300241 -0.000000 -0.000000 0.000000 0.000000 0.000000
 57 1.300241 -0.000001 -0.000000 0.000000 0.000000 0.000000
 58 -2.617811 2.230217 4.288362 -3.034579 0.031838 1.109304
 59 15.353565 0.000000 -0.000000 -0.000000 0.000000 -1.637259
 60 19.266848 -0.000001 -0.000001 0.016430 -0.039900 0.307704
 61 4.212047 5.420721 -0.000000 -0.000000 -0.000000 1.570796
 62 0.549398 0.000000 0.000000 0.000000 0.000000 3.141593
 63 -3.671806 3.205445 -2.894818 0.120316 -3.123679 -0.857814
 64 15.353564 -0.000001 -0.000001 0.000000 0.000000 -0.002417
 65 19.266846 -0.000001 -0.000002 0.047048 0.052711 -0.441253
 66 4.212047 5.420721 -0.000001 -0.000000 0.000000 1.570796
 67 0.549398 -0.000001 0.000001 0.000000 0.000000 0.000000
 68 -38.836468 -1.519708 -0.000048 -3.141593 -1.570796 0.000000
time 106
  0 -1.074300 12.827442 29.191216 -0.033717 1.093848 2.666951
  1 25.302479 0.440757 -13.067327 0.686267 0.935929 -2.330200
  2 -5.996795 -0.840283 0.000000 0.000000 -1.633941 -1.570794
  3 4.206209 -0.002783 -0.265497 -0.077607 -0.052242 0.747673
  4 4.761445 -0.003790 -0.000001 0.000000 0.000000 0.000000
  5 4.762043 -0.003740 0.000073 -0.019038 -0.028037 0.159355
  6 4.762043 -0.003745 0.000071 -0.019038 -0.028037 0.159355
  7 4.762264 -0.002029 -0.000002 -0.000000 -0.000001 0.383972
  8 2.746988 -0.000000 0.000001 0.075868 0.006128 -1.060192
  9 9.156628 0.000001 -0.000001 0.000000 0.000000 0.000000
 10 0.000001 0.002190 -1.281925 -1.353220 1.330448 1.409833
 11 7.285011 0.000004 0.000002 0.961354 0.317149 -1.048081
 12 12.718714 0.000001 -0.000001 0.000000 -0.000000 -0.292303
 13 10.221161 -0.000000 0.000000 1.580777 0.022797 -0.292867
 14 1.389921 -0.447521 1.936563 -0.210439 -0.761471 0.314906
 15 1.208674 0.000000 -0.000001 0.000000 0.000000 0.000000
 16 1.208675 0.000002 0.000001 0.000000 0.000000 0.000000
 17 1.208675 0.000001 0.000000 0.000000 0.000000 3.141593
 18 3.507809 -0.429743 1.193334 0.022860 -0.225875 -0.088311
 19 1.560289 0.000000 0.000001 0.000000 0.000000 0.000000
 20 1.560289 -0.000002 -0.000002 0.000000 0.000000 0.000000
 21 1.560289 0.000002 0.000000 0.000000 0.000000 3.141593
 22 3.044309 -0.436516 0.176984 0.140338 -0.004885 0.034563
 23 1.820337 -0.000001 0.000000 0.000000 0.000000 0.000000
 24 1.820337 -0.000001 -0.000001 0.000000 0.000000 0.000000
 25 1.820337 -0.000000 0.000000 0.000000 0.000000 3.141593
 26 3.330762 -0.128976 -0.727984 0.013106 0.174047 0.071026
 27 1.560289 0.000003 0.000001 0.000000 0.000000 0.000000
 28 1.560289 -0.000002 -0.000001 0.000000 0.000000 0.000000
 29 1.560289 -0.000003 -0.000001 0.000000 0.000000 3.141593
 30 3.208161 0.466229 -1.931736 0.024854 0.330715 0.074094
 31 1.300241 0.000002 0.000001 0.000000 0.000000 0.000000
 32 1.300241 -0.000003 -0.000001 0.000000 0.000000 0.000000
 33 1.300241 -0.000000 -0.000000 0.000000 0.000000 3.141593
 34 -0.000001 0.002183 1.281929 -0.630603 -1.388229 -2.903718
 35 7.285010 0.000001 0.000002 -0.610703 -0.282817 -1.127147
 36 12.538438 0.000001 -0.000003 0.000000 -0.000000 -0.948895
 37 10.782778 0.000000 0.000001 -1.578951 0.001275 -0.034584
 38 1.016388 0.059478 -2.003610 0.348822 0.790160 0.431299
 39 1.107952 -0.000001 0.000000 0.000000 0.000000 0.000000
 40 1.107953 0.000001 -0.000000 0.000000 0.000000 0.000000
 41 1.107952 -0.000000 0.000000 0.000000 0.000000 0.000000
 42 3.077730 -0.144549 -1.412630 0.003835 0.209388 0.026587
 43 1.560289 -0.000000 0.000001 0.000000 0.000000 0.000000
 44 1.560289 -0.000001 0.000002 0.000000 0.000000 0.000000
 45 1.560289 -0.000000 -0.000000 0.000000 0.000000 0.000000
 46 2.463500 0.093205 -0.291938 -0.000796 0.000000 -0.000000
 47 1.820337 -0.000001 -0.000000 0.000000 0.000000 0.000000
 48 1.820337 0.000000 -0.000000 0.000000 0.000000 0.000000
 49 1.820337 0.000001 0.000000 0.000000 0.000000 0.000000
 50 3.016626 -0.086192 0.699125 -0.016172 -0.173791 0.088745
 51 1.560289 -0.000001 0.000001 0.000000 0.000000 0.000000
 52 1.560289 0.000000 -0.000000 0.000000 0.000000 0.000000
 53 1.560289 0.000000 -0.000000 0.000000 0.000000 0.000000
 54 2.733753 0.442844 1.903233 -0.009342 -0.314026 0.027785
 55 1.300241 -0.000002 0.000001 0.000000 0.000000 0.000000
 56 1.300242 0.000000 -0.000000 0.000000 0.000000 0.000000
 57 1.300241 0.000001 -0.000000 0.000000 0.000000 0.000000
 58 -2.873084 2.536771 4.293342 -3.077996 0.035106 1.003514
 59 15.353564 0.000000 0.000000 0.000000 0.000000 -1.545276
 60 19.266846 0.000001 0.000001 0.046453 -0.089057 0.363467
 61 4.212046 5.420719 0.000000 -0.000000 -0.000000 1.570796
 62 0.549398 0.000000 0.000000 0.000000 0.000000 3.141593
 63 -3.255597 3.103903 -2.999948 0.154266 2.975887 -0.757994
 64 15.353561 -0.000001 -0.000000 0.000000 -0.000000 0.044493
 65 19.266844 0.000002 -0.000002 0.108635 0.056532 -0.533441
 66 4.212049 5.420720 0.000001 -0.000000 -0.000000 1.570796
 67 0.549397 0.000001 -0.000001 0.000000 0.000000 0.000000
 68 -38.836460 -1.519705 -0.000051 -3.141593 -1.570796 0.000000
time 107
  0 -1.561537 12.380174 29.183041 -0.027425 1.018299 2.659096
  1 24.236502 0.409753 -14.937304 0.614918 0.873344 -2.380154
  2 -6.202549 -0.605350 0.000001 -0.000000 -1.724811 -1.570795
  3 4.164860 -0.002692 -0.646092 -0.016291 0.036727 0.781334
  4 4.761444 -0.003792 0.000000 0.000000 0.000000 0.000000
  5 4.762073 -0.003739 0.000080 -0.021302 -0.023136 0.166608
  6 4.762071 -0.003740 0.000082 -0.021302 -0.023136 0.166608
  7 4.762264 -0.002028 -0.000002 -0.000000 -0.000001 0.383972
  8 2.746989 -0.000000 0.000001 0.104175 -0.040884 -1.052053
  9 9.156630 0.000001 0.000000 0.000000 0.000000 0.000000
 10 0.000002 0.002192 -1.281926 -1.475372 1.298409 1.285081
 11 7.285014 0.000000 -0.000000 0.937535 0.333709 -1.008170
 12 12.718716 -0.000000 -0.000000 -0.000000 -0.000000 -0.214286
 13 10.221162 -0.000001 -0.000001 1.580747 0.022231 -0.316387
 14 1.389921 -0.447518 1.936563 -0.210439 -0.761471 0.314906
 15 1.208676 0.000001 -0.000000 0.000000 0.000000 0.000000
 16 1.208676 0.000001 0.000000 0.000000 0.000000 0.000000
 17 1.208674 -0.000001 -0.000000 0.000000 0.000000 3.141593
 18 3.507810 -0.429740 1.193335 0.022860 -0.225875 -0.088311
 19 1.560289 -0.000000 -0.000001 0.000000 0.000000 0.000000
 20 1.560289 -0.000000 0.000000 0.000000 0.000000 0.000000
 21 1.560289 -0.000001 0.000000 0.000000 0.000000 3.141593
 22 3.044311 -0.436515 0.176984 0.140338 -0.004885 0.034563
 23 1.820337 0.000001 0.000001 0.000000 0.000000 0.000000
 24 1.820338 -0.000001 0.000000 0.000000 0.000000 0.000000
 25 1.820338 -0.000002 -0.000001 0.000000 0.000000 3.141593
 26 3.330764 -0.128976 -0.727984 0.013106 0.174047 0.071026
 27 1.560289 -0.000002 0.000000 0.000000 0.000000 0.000000
 28 1.560289 -0.000002 -0.000000 0.000000 0.000000 0.000000
 29 1.560289 0.000001 -0.000000 0.000000 0.000000 3.141593
 30 3.208162 0.466231 -1.931737 0.024854 0.330715 0.074094
 31 1.300241 0.000001 -0.000000 0.000000 0.000000 0.000000
 32 1.300241 0.000004 0.000001 0.000000 0.000000 0.000000
 33 1.300241 -0.000001 -0.000000 0.000000 0.000000 3.141593
 34 0.000003 0.002183 1.281929 -0.556704 -1.369308 -2.978784
 35 7.285014 -0.000001 -0.000000 -0.600827 -0.261617 -1.140074
 36 12.538439 0.000002 0.000000 -0.000000 0.000000 -0.941582
 37 10.782780 -0.000000 0.000000 -1.578651 0.000908 -0.034992
 38 1.016389 0.059480 -2.003610 0.348822 0.790160 0.431299
 39 1.107953 -0.000001 0.000000 0.000000 0.000000 0.000000
 40 1.107952 -0.000001 -0.000000 0.000000 0.000000 0.000000
 41 1.107952 -0.000001 -0.000001 0.000000 0.000000 0.000000
 42 3.077731 -0.144550 -1.412631 0.003835 0.209388 0.026587
 43 1.560288 0.000000 0.000000 0.000000 0.000000 0.000000
 44 1.560289 0.000001 0.000000 0.000000 0.000000 0.000000
 45 1.560289 0.000000 -0.000000 0.000000 0.000000 0.000000
 46 2.463500 0.093205 -0.291938 -0.000796 -0.000000 0.000000
 47 1.820338 -0.000002 -0.000001 0.000000 0.000000 0.000000
 48 1.820338 0.000001 -0.000001 0.000000 0.000000 0.000000
 49 1.820337 0.000000 0.000001 0.000000 0.000000 0.000000
 50 3.016626 -0.086194 0.699124 -0.016172 -0.173791 0.088745
 51 1.560289 0.000001 0.000001 0.000000 0.000000 0.000000
 52 1.560289 -0.000000 -0.000000 0.000000 0.000000 0.000000
 53 1.560289 0.000000 -0.000000 0.000000 0.000000 0.000000
 54 2.733754 0.442845 1.903232 -0.009342 -0.314026 0.027785
 55 1.300241 -0.000000 0.000001 0.000000 0.000000 0.000000
 56 1.300241 0.000001 0.000000 0.000000 0.000000 0.000000
 57 1.300241 -0.000000 0.000000 0.000000 0.000000 0.000000
 58 -3.111269 2.866156 4.244589 -3.121860 0.048514 0.913876
 59 15.353564 0.000000 -0.000001 -0.000000 0.000000 -1.487623
 60 19.266846 -0.000002 0.000000 0.000324 -0.060914 0.393636
 61 4.212045 5.420720 0.000000 -0.000000 0.000000 1.570796
 62 0.549398 0.000000 -0.000000 0.000000 0.000000 3.141593
 63 -2.842295 2.985399 -3.074802 0.229989 2.768881 -0.652770
 64 15.353563 -0.000001 -0.000001 -0.000000 -0.000000 0.021154
 65 19.266844 -0.000003 0.000000 0.229265 0.071758 -0.596212
 66 4.212046 5.420720 0.000003 -0.000000 -0.000000 1.570796
 67 0.549397 0.000000 -0.000001 0.000000 0.000000 0.000000
 68 -38.836464 -1.519714 -0.000050 -3.141593 -1.570796 0.000000
time 108
  0 -1.966032 11.967087 28.169836 -0.018598 0.936767 2.659419
  1 22.122719 0.302522 -16.264132 0.542484 0.807115 -2.432446
  2 -6.399652 -0.355499 0.000001 0.000000 -1.810256 -1.570795
  3 4.094622 -0.002595 -0.999182 0.047562 0.118827 0.822668
  4 4.761444 -0.003792 0.000000 0.000000 0.000000 0.000000
  5 4.762099 -0.003738 0.000089 -0.023490 -0.017850 0.174019
  6 4.762099 -0.003729 0.000090 -0.023490 -0.017850 0.174019
  7 4.762263 -0.002030 -0.000001 -0.000000 -0.000001 0.383972
  8 2.746989 0.000002 -0.000000 0.141729 -0.106473 -1.032056
  9 9.156626 0.000000 0.000000 0.000000 0.000000 0.000000
 10 0.000001 0.002192 -1.281927 -1.534339 1.264324 1.224265
 11 7.285012 -0.000000 -0.000001 0.888728 0.359516 -0.983444
 12 12.718713 -0.000001 -0.000001 -0.000000 0.000000 -0.092414
 13 10.221166 -0.000000 -0.000002 1.581236 0.020391 -0.354510
 14 1.389921 -0.447516 1.936564 -0.210439 -0.761471 0.314906
 15 1.208676 0.000000 0.000001 0.000000 0.000000 0.000000
 16 1.208674 -0.000001 -0.000001 0.000000 0.000000 0.000000
 17 1.208674 -0.000002 -0.000001 0.000000 0.000000 3.141593
 18 3.507809 -0.429739 1.193334 0.022860 -0.225875 -0.088311
 19 1.560289 -0.000001 0.000001 0.000000 0.000000 0.000000
 20 1.560288 -0.000001 0.000000 0.000000 0.000000 0.000000
 21 1.560288 -0.000000 -0.000000 0.000000 0.000000 3.141593
 22 3.044310 -0.436515 0.176984 0.140338 -0.004885 0.034563
 23 1.820337 -0.000002 -0.000000 0.000000 0.000000 0.000000
 24 1.820337 0.000001 0.000001 0.000000 0.000000 0.000000
 25 1.820337 0.000001 -0.000000 0.000000 0.000000 3.141593
 26 3.330763 -0.128974 -0.727984 0.013106 0.174047 0.071026
 27 1.560289 0.000004 0.000001 0.000000 0.000000 0.000000
 28 1.560289 -0.000002 -0.000001 0.000000 0.000000 0.000000
 29 1.560290 -0.000003 -0.000001 0.000000 0.000000 3.141593
 30 3.208161 0.466234 -1.931735 0.024854 0.330715 0.074094
 31 1.300241 0.000004 0.000001 0.000000 0.000000 0.000000
 32 1.300241 -0.000001 -0.000000 0.000000 0.000000 0.000000
 33 1.300242 -0.000002 -0.000001 0.000000 0.000000 3.141593
 34 0.000003 0.002184 1.281927 -0.268770 -1.334146 3.018445
 35 7.285010 -0.000000 -0.000001 -0.573093 -0.240273 -1.128036
 36 12.538439 -0.000001 -0.000000 0.000000 -0.000000 -0.932436
 37 10.782778 0.000000 -0.000001 -1.578879 0.001545 -0.035606
 38 1.016388 0.059478 -2.003611 0.348822 0.790160 0.431299
 39 1.107953 -0.000000 -0.000000 0.000000 0.000000 0.000000
 40 1.107952 -0.000002 -0.000001 0.000000 0.000000 0.000000
 41 1.107952 0.000000 0.000000 0.000000 0.000000 0.000000
 42 3.077730 -0.144550 -1.412631 0.003835 0.209388 0.026587
 43 1.560289 0.000000 0.000001 0.000000 0.000000 0.000000
 44 1.560289 -0.000001 -0.000001 0.000000 0.000000 0.000000
 45 1.560288 0.000000 0.000001 0.000000 0.000000 0.000000
 46 2.463500 0.093205 -0.291938 -0.000796 -0.000000 -0.000000
 47 1.820337 0.000000 -0.000000 0.000000 0.000000 0.000000
 48 1.820338 0.000000 -0.000001 0.000000 0.000000 0.000000
 49 1.820337 0.000000 -0.000000 0.000000 0.000000 0.000000
 50 3.016626 -0.086194 0.699124 -0.016172 -0.173791 0.088745
 51 1.560289 -0.000001 0.000000 0.000000 0.000000 0.000000
 52 1.560289 0.000001 0.000000 0.000000 0.000000 0.000000
 53 1.560289 0.000000 0.000001 0.000000 0.000000 0.000000
 54 2.733753 0.442845 1.903232 -0.009342 -0.314026 0.027785
 55 1.300241 -0.000000 -0.000000 0.000000 0.000000 0.000000
 56 1.300241 -0.000000 -0.000001 0.000000 0.000000 0.000000
 57 1.300241 -0.000000 0.000001 0.000000 0.000000 0.000000
 58 -3.316558 3.203974 4.151346 3.118665 0.052499 0.836802
 59 15.353565 -0.000002 -0.000001 0.000000 0.000000 -1.452447
 60 19.266844 0.000000 0.000000 -0.067050 0.000017 0.410216
 61 4.212047 5.420720 -0.000001 -0.000000 0.000000 1.570796
 62 0.549398 -0.000000 0.000000 0.000000 0.000000 3.141593
 63 -2.448164 2.858141 -3.114074 0.312787 2.587835 -0.632382
 64 15.353563 0.000002 -0.000004 0.000000 0.000000 -0.002211
 65 19.266846 -0.000001 -0.000005 0.340258 0.078595 -0.616132
 66 4.212046 5.420720 0.000002 -0.000000 -0.000000 1.570796
 67 0.549398 -0.000001 0.000001 0.000000 0.000000 0.000000
 68 -38.836464 -1.519704 -0.000048 3.141593 -1.570796 0.000000
time 109
  0 -2.271278 11.597250 27.666737 -0.009755 0.856836 2.665787
  1 20.373009 0.172196 -17.651131 0.475908 0.742677 -2.481902
  2 -6.583635 -0.104076 -0.000001 0.000000 -1.888134 -1.570795
  3 4.004566 -0.002491 -1.314732 0.111700 0.190844 0.870260
  4 4.761444 -0.003793 -0.000001 0.000000 0.000000 0.000000
  5 4.762126 -0.003728 0.000098 -0.025704 -0.012543 0.181452
  6 4.762128 -0.003731 0.000096 -0.025704 -0.012543 0.181452
  7 4.762265 -0.002026 0.000000 -0.000000 -0.000001 0.383972
  8 2.746989 0.000001 0.000000 0.177810 -0.179156 -0.997925
  9 9.156628 -0.000002 0.000000 0.000000 0.000000 0.000000
 10 0.000001 0.002191 -1.281927 -1.606107 1.250494 1.148826
 11 7.285013 -0.000001 -0.000000 0.848092 0.377094 -0.980324
 12 12.718712 -0.000001 -0.000001 -0.000000 -0.000000 -0.002719
 13 10.221164 -0.000002 0.000001 1.581961 0.018285 -0.383804
 14 1.389921 -0.447518 1.936562 -0.210439 -0.761471 0.314906
 15 1.208675 0.000004 0.000001 0.000000 0.000000 0.000000
 16 1.208674 -0.000001 -0.000001 0.000000 0.000000 0.000000
 17 1.208674 -0.000003 -0.000000 0.000000 0.000000 3.141593
 18 3.507809 -0.429740 1.193333 0.022860 -0.225875 -0.088311
 19 1.560289 -0.000004 -0.000001 0.000000 0.000000 0.000000
 20 1.560289 0.000001 -0.000000 0.000000 0.000000 0.000000
 21 1.560288 0.000002 -0.000000 0.000000 0.000000 3.141593
 22 3.044310 -0.436514 0.176984 0.140338 -0.004885 0.034563
 23 1.820338 -0.000001 -0.000001 0.000000 0.000000 0.000000
 24 1.820337 0.000000 0.000000 0.000000 0.000000 0.000000
 25 1.820338 0.000001 0.000000 0.000000 0.000000 3.141593
 26 3.330763 -0.128976 -0.727985 0.013106 0.174047 0.071026
 27 1.560289 0.000001 0.000001 0.000000 0.000000 0.000000
 28 1.560289 -0.000000 -0.000001 0.000000 0.000000 0.000000
 29 1.560290 -0.000002 -0.000001 0.000000 0.000000 3.141593
 30 3.208162 0.466232 -1.931736 0.024854 0.330715 0.074094
 31 1.300242 -0.000002 -0.000000 0.000000 0.000000 0.000000
 32 1.300241 0.000003 -0.000000 0.000000 0.000000 0.000000
 33 1.300241 -0.000000 0.000000 0.000000 0.000000 3.141593
 34 0.000001 0.002185 1.281928 0.026505 -1.271231 2.731498
 35 7.285014 0.000002 0.000001 -0.539246 -0.221439 -1.095259
 36 12.538439 -0.000000 0.000000 -0.000000 -0.000000 -0.922892
 37 10.782778 0.000001 0.000001 -1.579347 0.002607 -0.036304
 38 1.016388 0.059478 -2.003610 0.348822 0.790160 0.431299
 39 1.107952 0.000001 0.000001 0.000000 0.000000 0.000000
 40 1.107952 0.000001 -0.000001 0.000000 0.000000 0.000000
 41 1.107952 0.000001 -0.000000 0.000000 0.000000 0.000000
 42 3.077730 -0.144550 -1.412631 0.003835 0.209388 0.026587
 43 1.560289 0.000001 0.000001 0.000000 0.000000 0.000000
 44 1.560289 -0.000001 0.000001 0.000000 0.000000 0.000000
 45 1.560289 -0.000000 0.000000 0.000000 0.000000 0.000000
 46 2.463500 0.093204 -0.291939 -0.000796 -0.000000 0.000000
 47 1.820338 -0.000000 -0.000000 0.000000 0.000000 0.000000
 48 1.820337 -0.000000 0.000001 0.000000 0.000000 0.000000
 49 1.820337 -0.000001 0.000001 0.000000 0.000000 0.000000
 50 3.016626 -0.086194 0.699123 -0.016172 -0.173791 0.088745
 51 1.560289 -0.000001 -0.000001 0.000000 0.000000 0.000000
 52 1.560289 0.000001 0.000001 0.000000 0.000000 0.000000
 53 1.560289 0.000000 0.000001 0.000000 0.000000 0.000000
 54 2.733753 0.442844 1.903232 -0.009342 -0.314026 0.027785
 55 1.300241 -0.000000 -0.000000 0.000000 0.000000 0.000000
 56 1.300241 0.000000 -0.000000 0.000000 0.000000 0.000000
 57 1.300241 0.000000 -0.000000 0.000000 0.000000 0.000000
 58 -3.476865 3.534204 4.028867 3.079227 0.041137 0.780075
 59 15.353563 -0.000002 -0.000000 0.000000 0.000000 -1.442101
 60 19.266844 0.000002 -0.000002 -0.112612 0.056028 0.460454
 61 4.212047 5.420720 -0.000000 -0.000000 0.000000 1.570796
 62 0.549397 -0.000000 -0.000000 0.000000 0.000000 3.141593
 63 -2.087347 2.732479 -3.118617 0.366656 2.420637 -0.749567
 64 15.353560 0.000001 -0.000003 -0.000000 0.000000 -0.002189
 65 19.266842 0.000002 0.000004 0.442738 0.051283 -0.575238
 66 4.212049 5.420722 -0.000000 -0.000000 -0.000000 1.570796
 67 0.549396 -0.000000 -0.000001 0.000000 0.000000 0.000000
 68 -38.836460 -1.519706 -0.000048 3.141593 -1.570796 0.000000
time 110
  0 -2.326772 11.248319 27.886765 -0.002288 0.786115 2.677219
  1 19.230452 0.043927 -19.202868 0.419197 0.686329 -2.526447
  2 -6.751365 0.136201 0.000001 0.000000 -1.956299 -1.570795
  3 3.905798 -0.002386 -1.584462 0.172814 0.250263 0.921724
  4 4.761444 -0.003792 -0.000000 0.000000 0.000000 0.000000
  5 4.762153 -0.003723 0.000107 -0.028050 -0.007581 0.188773
  6 4.762156 -0.003723 0.000106 -0.028050 -0.007581 0.188773
  7 4.762265 -0.002027 0.000000 -0.000000 -0.000001 0.383972
  8 2.746988 -0.000002 0.000001 0.190682 -0.230240 -0.971329
  9 9.156627 0.000000 -0.000001 0.000000 0.000000 0.000000
 10 -0.000001 0.002189 -1.281927 -1.754973 1.262750 0.992972
 11 7.285012 0.000000 -0.000001 0.843123 0.376328 -1.015569
 12 12.718715 0.000000 -0.000002 0.000000 0.000000 0.052900
 13 10.221163 -0.000000 0.000002 1.582843 0.015619 -0.402888
 14 1.389921 -0.447521 1.936562 -0.210439 -0.761471 0.314906
 15 1.208674 -0.000001 -0.000002 0.000000 0.000000 0.000000
 16 1.208675 -0.000000 0.000000 0.000000 0.000000 0.000000
 17 1.208675 0.000000 0.000000 0.000000 0.000000 3.141593
 18 3.507810 -0.429744 1.193333 0.022860 -0.225875 -0.088311
 19 1.560289 -0.000003 -0.000001 0.000000 0.000000 0.000000
 20 1.560288 0.000002 0.000001 0.000000 0.000000 0.000000
 21 1.560288 0.000003 0.000001 0.000000 0.000000 3.141593
 22 3.044310 -0.436516 0.176984 0.140338 -0.004885 0.034563
 23 1.820337 -0.000001 -0.000001 0.000000 0.000000 0.000000
 24 1.820338 0.000000 0.000001 0.000000 0.000000 0.000000
 25 1.820337 0.000001 0.000001 0.000000 0.000000 3.141593
 26 3.330763 -0.128978 -0.727985 0.013106 0.174047 0.071026
 27 1.560289 0.000001 0.000000 0.000000 0.000000 0.000000
 28 1.560289 -0.000002 -0.000001 0.000000 0.000000 0.000000
 29 1.560289 0.000003 0.000000 0.000000 0.000000 3.141593
 30 3.208162 0.466229 -1.931736 0.024854 0.330715 0.074094
 31 1.300242 -0.000003 -0.000001 0.000000 0.000000 0.000000
 32 1.300241 0.000003 0.000001 0.000000 0.000000 0.000000
 33 1.300240 0.000000 0.000001 0.000000 0.000000 3.141593
 34 0.000001 0.002182 1.281928 0.258111 -1.226698 2.513234
 35 7.285011 0.000000 -0.000001 -0.538120 -0.213030 -1.039699
 36 12.538442 -0.000000 -0.000001 -0.000000 0.000000 -0.913165
 37 10.782781 -0.000000 -0.000002 -1.579126 0.002484 -0.037046
 38 1.016388 0.059479 -2.003609 0.348822 0.790160 0.431299
 39 1.107952 0.000001 0.000000 0.000000 0.000000 0.000000
 40 1.107952 -0.000001 0.000000 0.000000 0.000000 0.000000
 41 1.107952 -0.000000 0.000000 0.000000 0.000000 0.000000
 42 3.077730 -0.144548 -1.412630 0.003835 0.209388 0.026587
 43 1.560289 0.000001 0.000001 0.000000 0.000000 0.000000
 44 1.560289 -0.000000 0.000001 0.000000 0.000000 0.000000
 45 1.560289 -0.000000 0.000001 0.000000 0.000000 0.000000
 46 2.463500 0.093206 -0.291938 -0.000796 -0.000000 0.000000
 47 1.820337 0.000001 -0.000000 0.000000 0.000000 0.000000
 48 1.820337 -0.000000 -0.000000 0.000000 0.000000 0.000000
 49 1.820337 0.000000 0.000000 0.000000 0.000000 0.000000
 50 3.016625 -0.086192 0.699125 -0.016172 -0.173791 0.088745
 51 1.560289 -0.000000 -0.000000 0.000000 0.000000 0.000000
 52 1.560289 0.000001 -0.000000 0.000000 0.000000 0.000000
 53 1.560289 0.000000 0.000000 0.000000 0.000000 0.000000
 54 2.733753 0.442846 1.903233 -0.009342 -0.314026 0.027785
 55 1.300241 0.000000 -0.000001 0.000000 0.000000 0.000000
 56 1.300241 0.000001 0.000000 0.000000 0.000000 0.000000
 57 1.300241 -0.000000 0.000001 0.000000 0.000000 0.000000
 58 -3.584956 3.840316 3.897125 3.035128 0.023711 0.774345
 59 15.353564 -0.000001 -0.000001 -0.000000 0.000000 -1.463964
 60 19.266844 0.000002 -0.000000 -0.104289 0.072836 0.431576
 61 4.212047 5.420721 -0.000000 -0.000000 -0.000000 1.570796
 62 0.549397 -0.000000 -0.000000 0.000000 0.000000 -3.141593
 63 -1.770779 2.619922 -3.094258 0.368536 2.255306 -0.970574
 64 15.353561 0.000000 -0.000003 0.000000 -0.000000 -0.002183
 65 19.266842 -0.000002 0.000002 0.545130 -0.001663 -0.487644
 66 4.212045 5.420719 -0.000000 -0.000000 0.000000 1.570796
 67 0.549395 0.000001 -0.000000 0.000000 0.000000 0.000000
 68 -38.836464 -1.519704 -0.000049 -3.141593 -1.570796 0.000000
time 111
  0 -2.065723 10.919309 28.113983 0.001974 0.719218 2.695305
  1 18.053482 -0.040693 -20.616352 0.363435 0.635299 -2.573886
  2 -6.901147 0.353403 0.000001 0.000000 -2.012607 -1.570795
  3 3.810516 -0.002284 -1.801787 0.226503 0.295448 0.973767
  4 4.761444 -0.003789 0.000000 0.000000 0.000000 0.000000
  5 4.762181 -0.003719 0.000116 -0.030645 -0.003327 0.195848
  6 4.762184 -0.003716 0.000116 -0.030645 -0.003327 0.195848
  7 4.762263 -0.002029 -0.000002 -0.000000 -0.000001 0.383972
  8 2.746989 0.000001 0.000001 0.184718 -0.252066 -0.958868
  9 9.156629 0.000000 0.000001 0.000000 0.000000 0.000000
 10 0.000000 0.002191 -1.281926 -1.965680 1.284264 0.776147
 11 7.285013 0.000000 -0.000001 0.851778 0.370700 -1.073676
 12 12.718714 0.000000 -0.000003 0.000000 0.000000 0.076344
 13 10.221162 -0.000000 -0.000001 1.583921 0.012677 -0.413147
 14 1.389920 -0.447518 1.936565 -0.210439 -0.761471 0.314906
 15 1.208675 0.000002 -0.000001 0.000000 0.000000 0.000000
 16 1.208674 0.000002 0.000001 0.000000 0.000000 0.000000
 17 1.208675 0.000001 0.000000 0.000000 0.000000 3.141593
 18 3.507810 -0.429743 1.193334 0.022860 -0.225875 -0.088311
 19 1.560289 0.000001 -0.000000 0.000000 0.000000 0.000000
 20 1.560289 0.000000 0.000001 0.000000 0.000000 0.000000
 21 1.560289 -0.000000 0.000000 0.000000 0.000000 3.141593
 22 3.044310 -0.436515 0.176985 0.140338 -0.004885 0.034563
 23 1.820337 0.000001 0.000001 0.000000 0.000000 0.000000
 24 1.820338 -0.000000 -0.000000 0.000000 0.000000 0.000000
 25 1.820338 -0.000002 -0.000000 0.000000 0.000000 3.141593
 26 3.330763 -0.128975 -0.727983 0.013106 0.174047 0.071026
 27 1.560289 0.000002 0.000001 0.000000 0.000000 0.000000
 28 1.560289 -0.000001 -0.000002 0.000000 0.000000 0.000000
 29 1.560289 -0.000000 0.000001 0.000000 0.000000 3.141593
 30 3.208161 0.466231 -1.931735 0.024854 0.330715 0.074094
 31 1.300241 0.000002 0.000000 0.000000 0.000000 0.000000
 32 1.300241 0.000002 0.000001 0.000000 0.000000 0.000000
 33 1.300241 -0.000002 0.000000 0.000000 0.000000 3.141593
 34 0.000002 0.002184 1.281929 0.518947 -1.211664 2.265784
 35 7.285013 -0.000001 0.000001 -0.579718 -0.207630 -0.945897
 36 12.538438 0.000002 0.000000 -0.000000 0.000000 -0.910060
 37 10.782779 -0.000001 0.000000 -1.577779 0.000310 -0.037574
 38 1.016388 0.059479 -2.003611 0.348822 0.790160 0.431299
 39 1.107952 -0.000001 -0.000000 0.000000 0.000000 0.000000
 40 1.107953 0.000000 -0.000000 0.000000 0.000000 0.000000
 41 1.107952 0.000000 0.000000 0.000000 0.000000 0.000000
 42 3.077730 -0.144549 -1.412631 0.003835 0.209388 0.026587
 43 1.560289 -0.000001 0.000000 0.000000 0.000000 0.000000
 44 1.560289 0.000000 0.000001 0.000000 0.000000 0.000000
 45 1.560288 0.000001 0.000001 0.000000 0.000000 0.000000
 46 2.463500 0.093205 -0.291939 -0.000796 -0.000000 0.000000
 47 1.820338 -0.000000 -0.000001 0.000000 0.000000 0.000000
 48 1.820337 0.000000 -0.000001 0.000000 0.000000 0.000000
 49 1.820338 0.000000 -0.000001 0.000000 0.000000 0.000000
 50 3.016626 -0.086194 0.699124 -0.016172 -0.173791 0.088745
 51 1.560289 -0.000000 0.000000 0.000000 0.000000 0.000000
 52 1.560289 0.000001 0.000000 0.000000 0.000000 0.000000
 53 1.560289 0.000000 0.000000 0.000000 0.000000 0.000000
 54 2.733753 0.442844 1.903231 -0.009342 -0.314026 0.027785
 55 1.300241 -0.000000 0.000000 0.000000 0.000000 0.000000
 56 1.300241 -0.000000 0.000001 0.000000 0.000000 0.000000
 57 1.300241 -0.000000 -0.000000 0.000000 0.000000 0.000000
 58 -3.638672 4.106132 3.778880 2.997597 -0.008824 0.749757
 59 15.353564 0.000001 0.000000 0.000000 0.000000 -1.498092
 60 19.266844 -0.000002 0.000000 -0.078922 0.083604 0.378133
 61 4.212047 5.420720 0.000000 -0.000000 0.000000 1.570796
 62 0.549398 0.000000 -0.000000 0.000000 0.000000 3.141593
 63 -1.505779 2.532345 -3.050030 0.265515 2.138388 -1.289348
 64 15.353563 -0.000000 0.000002 0.000000 -0.000000 -0.002191
 65 19.266846 0.000003 0.000002 0.618800 -0.058147 -0.377884
 66 4.212048 5.420719 -0.000000 -0.000000 -0.000000 1.570796
 67 0.549397 0.000002 0.000001 0.000000 0.000000 0.000000
 68 -38.836460 -1.519708 -0.000052 3.141593 -1.570796 0.000000
time 112
  0 -1.597165 10.651335 28.348055 0.002800 0.648053 2.723256
  1 16.683136 -0.061686 -22.034445 0.301325 0.582893 -2.631294
  2 -7.032677 0.536464 0.000000 0.000000 -2.054912 -1.570795
  3 3.730979 -0.002182 -1.961343 0.267516 0.325662 1.022483
  4 4.761445 -0.003792 0.000000 0.000000 0.000000 0.000000
  5 4.762207 -0.003710 0.000128 -0.033607 -0.000144 0.202542
  6 4.762207 -0.003713 0.000128 -0.033607 -0.000144 0.202542
  7 4.762264 -0.002030 -0.000001 -0.000000 -0.000001 0.383972
  8 2.746990 0.000001 0.000001 0.172845 -0.254879 -0.949681
  9 9.156629 0.000000 0.000000 0.000000 0.000000 0.000000
 10 0.000001 0.002191 -1.281926 -2.172987 1.310393 0.567731
 11 7.285012 -0.000002 -0.000000 0.834231 0.373093 -1.110504
 12 12.718713 0.000000 -0.000002 0.000000 -0.000000 -0.002719
 13 10.221165 -0.000001 0.000003 1.584864 0.011266 -0.395297
 14 1.389920 -0.447519 1.936563 -0.210439 -0.761471 0.314906
 15 1.208675 0.000001 -0.000001 0.000000 0.000000 0.000000
 16 1.208676 0.000002 0.000001 0.000000 0.000000 0.000000
 17 1.208675 -0.000002 0.000000 0.000000 0.000000 3.141593
 18 3.507809 -0.429741 1.193334 0.022860 -0.225875 -0.088311
 19 1.560290 0.000001 -0.000001 0.000000 0.000000 0.000000
 20 1.560288 0.000004 0.000002 0.000000 0.000000 0.000000
 21 1.560289 -0.000000 -0.000001 0.000000 0.000000 3.141593
 22 3.044310 -0.436515 0.176984 0.140338 -0.004885 0.034563
 23 1.820337 0.000001 -0.000001 0.000000 0.000000 0.000000
 24 1.820338 0.000001 -0.000000 0.000000 0.000000 0.000000
 25 1.820338 0.000000 -0.000000 0.000000 0.000000 3.141593
 26 3.330762 -0.128975 -0.727984 0.013106 0.174047 0.071026
 27 1.560289 -0.000001 -0.000000 0.000000 0.000000 0.000000
 28 1.560289 -0.000001 -0.000000 0.000000 0.000000 0.000000
 29 1.560289 -0.000001 -0.000000 0.000000 0.000000 3.141593
 30 3.208162 0.466232 -1.931736 0.024854 0.330715 0.074094
 31 1.300241 0.000000 -0.000000 0.000000 0.000000 0.000000
 32 1.300241 0.000000 -0.000000 0.000000 0.000000 0.000000
 33 1.300241 0.000000 0.000000 0.000000 0.000000 3.141593
 34 0.000003 0.002186 1.281928 0.811924 -1.186296 1.982795
 35 7.285011 0.000001 -0.000001 -0.637565 -0.193507 -0.822257
 36 12.538438 -0.000001 0.000000 0.000000 0.000000 -0.911315
 37 10.782778 -0.000000 -0.000000 -1.575858 -0.002924 -0.037975
 38 1.016388 0.059478 -2.003610 0.348822 0.790160 0.431299
 39 1.107952 0.000000 0.000000 0.000000 0.000000 0.000000
 40 1.107953 0.000000 -0.000000 0.000000 0.000000 0.000000
 41 1.107952 -0.000000 -0.000001 0.000000 0.000000 0.000000
 42 3.077731 -0.144550 -1.412631 0.003835 0.209388 0.026587
 43 1.560289 0.000000 0.000001 0.000000 0.000000 0.000000
 44 1.560289 -0.000000 0.000001 0.000000 0.000000 0.000000
 45 1.560289 -0.000001 0.000001 0.000000 0.000000 0.000000
 46 2.463500 0.093204 -0.291938 -0.000796 -0.000000 -0.000000
 47 1.820337 -0.000000 -0.000000 0.000000 0.000000 0.000000
 48 1.820338 0.000000 -0.000001 0.000000 0.000000 0.000000
 49 1.820337 0.000001 0.000001 0.000000 0.000000 0.000000
 50 3.016626 -0.086194 0.699124 -0.016172 -0.173791 0.088745
 51 1.560289 0.000001 0.000000 0.000000 0.000000 0.000000
 52 1.560289 -0.000001 0.000000 0.000000 0.000000 0.000000
 53 1.560289 -0.000000 0.000000 0.000000 0.000000 0.000000
 54 2.733754 0.442844 1.903232 -0.009342 -0.314026 0.027785
 55 1.300241 -0.000000 0.000001 0.000000 0.000000 0.000000
 56 1.300241 0.000001 -0.000000 0.000000 0.000000 0.000000
 57 1.300241 -0.000000 -0.000000 0.000000 0.000000 0.000000
 58 -3.640105 4.316057 3.697413 2.973858 -0.049727 0.727935
 59 15.353565 -0.000002 -0.000000 0.000000 0.000000 -1.535071
 60 19.266842 -0.000000 -0.000001 -0.042061 0.094259 0.325869
 61 4.212047 5.420720 -0.000000 -0.000000 0.000000 1.570796
 62 0.549397 -0.000000 0.000000 0.000000 0.000000 3.141593
 63 -1.296479 2.481476 -2.996000 -3.053251 1.024430 1.517987
 64 15.353562 -0.000000 -0.000000 0.000000 -0.000000 -0.002211
 65 19.266844 0.000003 -0.000001 0.657008 -0.098034 -0.284238
 66 4.212045 5.420720 0.000000 -0.000000 -0.000000 1.570796
 67 0.549397 0.000003 -0.000001 0.000000 0.000000 0.000000
 68 -38.836464 -1.519708 -0.000048 3.141593 -1.570796 0.000000
time 113
  0 -1.030138 10.485518 28.588655 0.001536 0.576126 2.762828
  1 15.187579 -0.035909 -23.378216 0.237363 0.530075 -2.697665
  2 -7.146884 0.675100 0.000000 0.000000 -2.081071 -1.570795
  3 3.678474 -0.002082 -2.058255 0.290245 0.340878 1.063895
  4 4.761444 -0.003792 -0.000000 0.000000 0.000000 0.000000
  5 4.762230 -0.003709 0.000140 -0.037064 0.001605 0.208726
  6 4.762228 -0.003705 0.000141 -0.037064 0.001605 0.208726
  7 4.762264 -0.002030 -0.000000 -0.000000 -0.000001 0.383972
  8 2.746988 -0.000000 0.000000 0.152721 -0.233207 -0.938590
  9 9.156626 0.000001 0.000001 0.000000 0.000000 0.000000
 10 -0.000000 0.002189 -1.281929 -2.389493 1.345530 0.354576
 11 7.285011 -0.000003 -0.000001 0.771579 0.378346 -1.117131
 12 12.718712 -0.000001 -0.000001 -0.000000 -0.000000 -0.217361
 13 10.221166 0.000000 -0.000001 1.586179 0.011596 -0.338335
 14 1.389921 -0.447520 1.936563 -0.210439 -0.761471 0.314906
 15 1.208674 0.000000 -0.000000 0.000000 0.000000 0.000000
 16 1.208675 0.000000 0.000000 0.000000 0.000000 0.000000
 17 1.208675 0.000000 -0.000000 0.000000 0.000000 3.141593
 18 3.507809 -0.429745 1.193333 0.022860 -0.225875 -0.088311
 19 1.560288 0.000004 0.000001 0.000000 0.000000 0.000000
 20 1.560290 -0.000001 -0.000001 0.000000 0.000000 0.000000
 21 1.560289 -0.000002 -0.000000 0.000000 0.000000 3.141593
 22 3.044310 -0.436520 0.176983 0.140338 -0.004885 0.034563
 23 1.820338 0.000001 0.000002 0.000000 0.000000 0.000000
 24 1.820338 -0.000000 -0.000001 0.000000 0.000000 0.000000
 25 1.820337 -0.000001 -0.000001 0.000000 0.000000 3.141593
 26 3.330762 -0.128977 -0.727984 0.013106 0.174047 0.071026
 27 1.560290 -0.000001 0.000001 0.000000 0.000000 0.000000
 28 1.560289 -0.000001 -0.000001 0.000000 0.000000 0.000000
 29 1.560289 -0.000001 0.000000 0.000000 0.000000 3.141593
 30 3.208161 0.466228 -1.931738 0.024854 0.330715 0.074094
 31 1.300241 0.000002 0.000002 0.000000 0.000000 0.000000
 32 1.300242 0.000000 -0.000000 0.000000 0.000000 0.000000
 33 1.300241 -0.000000 -0.000001 0.000000 0.000000 3.141593
 34 0.000001 0.002184 1.281928 1.062478 -1.147332 1.734594
 35 7.285008 -0.000000 0.000001 -0.690544 -0.170014 -0.702854
 36 12.538443 -0.000000 0.000001 -0.000000 0.000000 -0.903542
 37 10.782779 -0.000000 0.000000 -1.573916 -0.006037 -0.038720
 38 1.016389 0.059480 -2.003610 0.348822 0.790160 0.431299
 39 1.107951 -0.000001 -0.000001 0.000000 0.000000 0.000000
 40 1.107953 0.000000 0.000001 0.000000 0.000000 0.000000
 41 1.107952 0.000001 -0.000000 0.000000 0.000000 0.000000
 42 3.077730 -0.144549 -1.412632 0.003835 0.209388 0.026587
 43 1.560288 0.000000 0.000000 0.000000 0.000000 0.000000
 44 1.560289 0.000000 0.000000 0.000000 0.000000 0.000000
 45 1.560289 0.000000 0.000000 0.000000 0.000000 0.000000
 46 2.463499 0.093205 -0.291939 -0.000796 -0.000000 0.000000
 47 1.820337 0.000000 0.000001 0.000000 0.000000 0.000000
 48 1.820338 -0.000000 -0.000000 0.000000 0.000000 0.000000
 49 1.820337 -0.000000 -0.000001 0.000000 0.000000 0.000000
 50 3.016626 -0.086193 0.699123 -0.016172 -0.173791 0.088745
 51 1.560289 -0.000000 0.000000 0.000000 0.000000 0.000000
 52 1.560289 0.000000 0.000000 0.000000 0.000000 0.000000
 53 1.560289 0.000001 0.000000 0.000000 0.000000 0.000000
 54 2.733753 0.442845 1.903231 -0.009342 -0.314026 0.027785
 55 1.300241 -0.000000 0.000000 0.000000 0.000000 0.000000
 56 1.300241 0.000000 0.000000 0.000000 0.000000 0.000000
 57 1.300241 0.000001 0.000000 0.000000 0.000000 0.000000
 58 -3.593905 4.454739 3.674113 2.967792 -0.090722 0.718647
 59 15.353565 -0.000001 -0.000000 -0.000000 -0.000000 -1.565251
 60 19.266842 0.000000 -0.000000 0.001525 0.106140 0.295018
 61 4.212047 5.420720 -0.000001 -0.000000 0.000000 1.570796
 62 0.549398 -0.000000 0.000000 0.000000 0.000000 3.141593
 63 -1.144952 2.478945 -2.940939 3.074912 0.927562 1.284542
 64 15.353561 0.000001 0.000001 0.000000 -0.000000 0.013849
 65 19.266848 0.000000 0.000000 0.674283 -0.114789 -0.230524
 66 4.212045 5.420719 0.000001 -0.000000 0.000000 1.570796
 67 0.549395 0.000001 -0.000000 0.000000 0.000000 0.000000
 68 -38.836464 -1.519709 -0.000047 3.141593 -1.570796 0.000000
time 114
  0 -0.473685 10.462976 28.835449 -0.000652 0.506848 2.815526
  1 13.652648 0.016030 -24.589249 0.175326 0.478058 -2.772866
  2 -7.245594 0.759560 -0.000001 -0.000000 -2.094259 -1.570795
  3 3.651083 -0.001988 -2.106560 0.294345 0.343761 1.096288
  4 4.761445 -0.003796 0.000000 0.000000 0.000000 0.000000
  5 4.762251 -0.003700 0.000156 -0.041141 0.001559 0.214272
  6 4.762250 -0.003704 0.000155 -0.041141 0.001559 0.214272
  7 4.762266 -0.002029 0.000001 -0.000000 -0.000001 0.383972
  8 2.746990 0.000000 -0.000000 0.122685 -0.181446 -0.920673
  9 9.156629 -0.000001 -0.000000 0.000000 0.000000 0.000000
 10 0.000001 0.002191 -1.281928 -2.691514 1.379245 0.058120
 11 7.285012 -0.000001 -0.000001 0.692950 0.384797 -1.112766
 12 12.718713 -0.000001 -0.000001 0.000000 -0.000000 -0.511033
 13 10.221165 0.000000 -0.000001 1.587877 0.012649 -0.258410
 14 1.389921 -0.447518 1.936564 -0.210439 -0.761471 0.314906
 15 1.208676 0.000000 0.000001 0.000000 0.000000 0.000000
 16 1.208676 -0.000000 -0.000001 0.000000 0.000000 0.000000
 17 1.208674 -0.000001 -0.000000 0.000000 0.000000 3.141593
 18 3.507809 -0.429742 1.193335 0.022860 -0.225875 -0.088311
 19 1.560288 0.000001 -0.000001 0.000000 0.000000 0.000000
 20 1.560290 0.000000 0.000001 0.000000 0.000000 0.000000
 21 1.560289 0.000001 0.000000 0.000000 0.000000 3.141593
 22 3.044310 -0.436516 0.176985 0.140338 -0.004885 0.034563
 23 1.820337 -0.000001 0.000002 0.000000 0.000000 0.000000
 24 1.820337 -0.000002 0.000000 0.000000 0.000000 0.000000
 25 1.820337 0.000001 -0.000000 0.000000 0.000000 3.141593
 26 3.330763 -0.128975 -0.727983 0.013106 0.174047 0.071026
 27 1.560289 0.000000 -0.000001 0.000000 0.000000 0.000000
 28 1.560289 0.000000 0.000000 0.000000 0.000000 0.000000
 29 1.560289 -0.000000 -0.000000 0.000000 0.000000 3.141593
 30 3.208161 0.466233 -1.931734 0.024854 0.330715 0.074094
 31 1.300241 -0.000002 -0.000002 0.000000 0.000000 0.000000
 32 1.300242 0.000002 0.000001 0.000000 0.000000 0.000000
 33 1.300241 -0.000001 0.000002 0.000000 0.000000 3.141593
 34 0.000002 0.002184 1.281927 1.233154 -1.113874 1.558942
 35 7.285011 0.000002 -0.000000 -0.722452 -0.149087 -0.620685
 36 12.538439 -0.000000 -0.000001 -0.000000 0.000000 -0.873352
 37 10.782780 0.000000 0.000001 -1.572507 -0.007848 -0.040274
 38 1.016389 0.059478 -2.003610 0.348822 0.790160 0.431299
 39 1.107952 0.000001 0.000000 0.000000 0.000000 0.000000
 40 1.107952 -0.000000 -0.000000 0.000000 0.000000 0.000000
 41 1.107952 -0.000001 -0.000000 0.000000 0.000000 0.000000
 42 3.077731 -0.144550 -1.412631 0.003835 0.209388 0.026587
 43 1.560289 -0.000001 0.000001 0.000000 0.000000 0.000000
 44 1.560289 -0.000000 -0.000001 0.000000 0.000000 0.000000
 45 1.560289 0.000000 -0.000001 0.000000 0.000000 0.000000
 46 2.463500 0.093204 -0.291939 -0.000796 0.000000 0.000000
 47 1.820337 -0.000000 0.000001 0.000000 0.000000 0.000000
 48 1.820338 -0.000000 -0.000000 0.000000 0.000000 0.000000
 49 1.820338 0.000000 -0.000000 0.000000 0.000000 0.000000
 50 3.016626 -0.086194 0.699124 -0.016172 -0.173791 0.088745
 51 1.560288 -0.000000 0.000000 0.000000 0.000000 0.000000
 52 1.560289 -0.000001 0.000000 0.000000 0.000000 0.000000
 53 1.560289 0.000000 0.000000 0.000000 0.000000 0.000000
 54 2.733754 0.442844 1.903232 -0.009342 -0.314026 0.027785
 55 1.300241 -0.000000 0.000000 0.000000 0.000000 0.000000
 56 1.300241 -0.000000 0.000000 0.000000 0.000000 0.000000
 57 1.300241 0.000000 0.000000 0.000000 0.000000 0.000000
 58 -3.513319 4.521762 3.718132 2.985224 -0.128488 0.768833
 59 15.353566 0.000001 -0.000000 -0.000000 -0.000000 -1.552583
 60 19.266844 -0.000000 -0.000001 0.093272 0.087581 0.403231
 61 4.212047 5.420720 0.000000 -0.000000 -0.000000 1.570796
 62 0.549397 -0.000000 -0.000000 0.000000 0.000000 3.141593
 63 -1.044471 2.520921 -2.881979 2.985298 0.745684 1.161329
 64 15.353562 0.000001 -0.000000 -0.000000 -0.000000 0.040624
 65 19.266846 0.000001 -0.000004 0.668296 -0.116440 -0.193255
 66 4.212049 5.420721 0.000000 -0.000000 -0.000000 1.570796
 67 0.549397 0.000000 0.000000 0.000000 0.000000 0.000000
 68 -38.836464 -1.519707 -0.000048 -3.141593 -1.570796 0.000000
time 115
  0 -0.036839 10.624826 29.088106 -0.002490 0.443469 2.882723
  1 12.176238 0.063827 -25.632736 0.118380 0.428399 -2.857504
  2 -7.340402 0.722074 -0.000000 -0.000000 -2.099522 -1.570795
  3 3.640035 -0.001896 -2.125648 0.268983 0.330095 1.117298
  4 4.761444 -0.003790 -0.000001 0.000000 0.000000 0.000000
  5 4.762267 -0.003693 0.000181 -0.047876 -0.003245 0.219177
  6 4.762265 -0.003699 0.000180 -0.047876 -0.003244 0.219177
  7 4.762265 -0.002028 0.000001 -0.000000 -0.000001 0.383972
  8 2.746988 -0.000001 -0.000001 0.095996 -0.068890 -0.896783
  9 9.156629 -0.000002 0.000000 0.000000 0.000000 0.000000
 10 0.000001 0.002188 -1.281930 -3.065354 1.402417 -0.309605
 11 7.285010 -0.000002 -0.000000 0.636675 0.400699 -1.114340
 12 12.718713 -0.000000 -0.000002 -0.000000 -0.000000 -0.819626
 13 10.221165 0.000002 -0.000001 1.588905 0.014512 -0.176964
 14 1.389920 -0.447519 1.936564 -0.210439 -0.761471 0.314906
 15 1.208675 0.000002 0.000000 0.000000 0.000000 0.000000
 16 1.208674 -0.000001 -0.000001 0.000000 0.000000 0.000000
 17 1.208676 -0.000001 -0.000001 0.000000 0.000000 3.141593
 18 3.507810 -0.429743 1.193332 0.022860 -0.225875 -0.088311
 19 1.560289 0.000001 0.000000 0.000000 0.000000 0.000000
 20 1.560289 0.000001 -0.000000 0.000000 0.000000 0.000000
 21 1.560289 0.000002 -0.000000 0.000000 0.000000 3.141593
 22 3.044311 -0.436516 0.176984 0.140338 -0.004885 0.034563
 23 1.820337 0.000002 -0.000000 0.000000 0.000000 0.000000
 24 1.820337 0.000002 -0.000000 0.000000 0.000000 0.000000
 25 1.820337 0.000002 -0.000000 0.000000 0.000000 3.141593
 26 3.330764 -0.128976 -0.727984 0.013106 0.174047 0.071026
 27 1.560289 0.000000 0.000001 0.000000 0.000000 0.000000
 28 1.560288 0.000001 -0.000001 0.000000 0.000000 0.000000
 29 1.560288 0.000001 -0.000001 0.000000 0.000000 3.141593
 30 3.208162 0.466231 -1.931736 0.024854 0.330715 0.074094
 31 1.300242 -0.000001 -0.000002 0.000000 0.000000 0.000000
 32 1.300241 0.000001 0.000001 0.000000 0.000000 0.000000
 33 1.300241 -0.000000 0.000001 0.000000 0.000000 3.141593
 34 0.000001 0.002183 1.281927 1.372200 -1.107711 1.407286
 35 7.285010 0.000001 0.000001 -0.735780 -0.142863 -0.568843
 36 12.538441 -0.000001 -0.000001 0.000000 -0.000000 -0.802975
 37 10.782779 0.000000 0.000002 -1.571690 -0.008034 -0.043272
 38 1.016389 0.059479 -2.003610 0.348822 0.790160 0.431299
 39 1.107952 0.000001 -0.000001 0.000000 0.000000 0.000000
 40 1.107952 -0.000000 -0.000000 0.000000 0.000000 0.000000
 41 1.107952 -0.000001 -0.000000 0.000000 0.000000 0.000000
 42 3.077730 -0.144550 -1.412631 0.003835 0.209388 0.026587
 43 1.560289 -0.000000 -0.000000 0.000000 0.000000 0.000000
 44 1.560289 -0.000001 -0.000000 0.000000 0.000000 0.000000
 45 1.560289 -0.000000 -0.000000 0.000000 0.000000 0.000000
 46 2.463500 0.093205 -0.291939 -0.000796 0.000000 0.000000
 47 1.820337 -0.000001 0.000000 0.000000 0.000000 0.000000
 48 1.820337 0.000001 0.000000 0.000000 0.000000 0.000000
 49 1.820337 -0.000000 -0.000000 0.000000 0.000000 0.000000
 50 3.016625 -0.086193 0.699124 -0.016172 -0.173791 0.088745
 51 1.560289 0.000000 0.000001 0.000000 0.000000 0.000000
 52 1.560289 -0.000000 -0.000000 0.000000 0.000000 0.000000
 53 1.560289 -0.000000 -0.000001 0.000000 0.000000 0.000000
 54 2.733753 0.442845 1.903231 -0.009342 -0.314026 0.027785
 55 1.300241 0.000000 0.000000 0.000000 0.000000 0.000000
 56 1.300241 -0.000000 -0.000000 0.000000 0.000000 0.000000
 57 1.300241 -0.000000 0.000000 0.000000 0.000000 0.000000
 58 -3.383213 4.473227 3.911320 3.036455 -0.178025 0.830636
 59 15.353565 0.000000 -0.000001 -0.000000 0.000000 -1.523757
 60 19.266844 -0.000001 -0.000000 0.197441 0.032985 0.526155
 61 4.212047 5.420720 0.000000 -0.000000 0.000000 1.570796
 62 0.549398 -0.000000 0.000000 0.000000 0.000000 3.141593
 63 -1.008847 2.631605 -2.769312 2.964279 0.528270 1.114247
 64 15.353560 0.000001 -0.000002 -0.000000 -0.000000 0.045930
 65 19.266846 -0.000000 -0.000001 0.627792 -0.109220 -0.153438
 66 4.212047 5.420719 0.000001 -0.000000 0.000000 1.570796
 67 0.549397 0.000002 -0.000000 0.000000 0.000000 0.000000
 68 -38.836464 -1.519708 -0.000048 -3.141593 -1.570796 0.000000
time 116
  0 0.317686 10.971779 29.346289 -0.007699 0.394553 2.990619
  1 11.007550 0.203520 -26.435099 0.054327 0.391061 -2.981395
  2 -7.435697 0.548249 -0.000001 0.000000 -2.097516 -1.570795
  3 3.644398 -0.001804 -2.118151 0.210589 0.298709 1.127046
  4 4.761444 -0.003794 0.000000 0.000000 0.000000 0.000000
  5 4.762280 -0.003689 0.000219 -0.057850 -0.013648 0.223449
  6 4.762280 -0.003691 0.000219 -0.057850 -0.013648 0.223449
  7 4.762264 -0.002028 0.000002 -0.000000 -0.000001 0.383972
  8 2.746987 -0.000000 -0.000002 0.086159 0.101048 -0.861554
  9 9.156627 0.000001 0.000001 0.000000 0.000000 0.000000
 10 -0.000000 0.002190 -1.281930 2.829504 1.415629 -0.693343
 11 7.285011 0.000000 -0.000002 0.631671 0.426233 -1.130886
 12 12.718712 0.000002 -0.000000 0.000000 -0.000000 -1.079032
 13 10.221164 0.000001 0.000000 1.588179 0.017480 -0.115443
 14 1.389921 -0.447520 1.936562 -0.210439 -0.761471 0.314906
 15 1.208676 -0.000000 0.000000 0.000000 0.000000 0.000000
 16 1.208675 0.000000 -0.000000 0.000000 0.000000 0.000000
 17 1.208673 0.000000 -0.000001 0.000000 0.000000 3.141593
 18 3.507810 -0.429743 1.193334 0.022860 -0.225875 -0.088311
 19 1.560287 0.000000 -0.000000 0.000000 0.000000 0.000000
 20 1.560290 0.000001 -0.000000 0.000000 0.000000 0.000000
 21 1.560290 0.000003 -0.000000 0.000000 0.000000 3.141593
 22 3.044311 -0.436516 0.176983 0.140338 -0.004885 0.034563
 23 1.820338 0.000000 -0.000001 0.000000 0.000000 0.000000
 24 1.820339 0.000001 -0.000000 0.000000 0.000000 0.000000
 25 1.820338 0.000002 0.000001 0.000000 0.000000 3.141593
 26 3.330764 -0.128977 -0.727985 0.013106 0.174047 0.071026
 27 1.560290 -0.000001 0.000000 0.000000 0.000000 0.000000
 28 1.560289 0.000001 -0.000000 0.000000 0.000000 0.000000
 29 1.560289 0.000000 -0.000001 0.000000 0.000000 3.141593
 30 3.208162 0.466232 -1.931736 0.024854 0.330715 0.074094
 31 1.300242 0.000001 -0.000001 0.000000 0.000000 0.000000
 32 1.300241 -0.000001 0.000002 0.000000 0.000000 0.000000
 33 1.300241 -0.000001 0.000001 0.000000 0.000000 3.141593
 34 0.000001 0.002183 1.281926 1.522001 -1.119184 1.240251
 35 7.285009 -0.000001 -0.000001 -0.731495 -0.146603 -0.520689
 36 12.538440 -0.000000 -0.000001 0.000000 -0.000000 -0.704283
 37 10.782779 -0.000000 -0.000000 -1.571204 -0.007227 -0.047294
 38 1.016389 0.059479 -2.003610 0.348822 0.790160 0.431299
 39 1.107951 0.000000 -0.000000 0.000000 0.000000 0.000000
 40 1.107952 -0.000001 -0.000001 0.000000 0.000000 0.000000
 41 1.107952 0.000001 0.000000 0.000000 0.000000 0.000000
 42 3.077730 -0.144550 -1.412631 0.003835 0.209388 0.026587
 43 1.560289 -0.000000 0.000001 0.000000 0.000000 0.000000
 44 1.560289 -0.000001 -0.000001 0.000000 0.000000 0.000000
 45 1.560289 0.000000 0.000000 0.000000 0.000000 0.000000
 46 2.463500 0.093205 -0.291938 -0.000796 -0.000000 0.000000
 47 1.820337 0.000000 -0.000001 0.000000 0.000000 0.000000
 48 1.820338 -0.000000 0.000001 0.000000 0.000000 0.000000
 49 1.820337 -0.000000 0.000000 0.000000 0.000000 0.000000
 50 3.016626 -0.086193 0.699125 -0.016172 -0.173791 0.088745
 51 1.560289 0.000000 0.000000 0.000000 0.000000 0.000000
 52 1.560289 -0.000000 -0.000000 0.000000 0.000000 0.000000
 53 1.560289 -0.000000 0.000000 0.000000 0.000000 0.000000
 54 2.733753 0.442845 1.903233 -0.009342 -0.314026 0.027785
 55 1.300241 0.000001 0.000001 0.000000 0.000000 0.000000
 56 1.300241 -0.000000 -0.000000 0.000000 0.000000 0.000000
 57 1.300241 -0.000001 -0.000000 0.000000 0.000000 0.000000
 58 -3.195016 4.278213 4.264754 3.135070 -0.259680 0.864187
 59 15.353562 0.000000 0.000001 -0.000000 -0.000000 -1.500938
 60 19.266844 0.000001 -0.000000 0.335653 -0.065506 0.630301
 61 4.212047 5.420719 -0.000001 -0.000000 -0.000000 1.570796
 62 0.549397 0.000000 0.000000 0.000000 0.000000 3.141593
 63 -1.039281 2.814753 -2.581496 2.999402 0.324712 1.087486
 64 15.353560 -0.000000 0.000001 -0.000000 -0.000000 -0.002417
 65 19.266846 -0.000002 -0.000001 0.550170 -0.096730 -0.094551
 66 4.212048 5.420720 0.000002 -0.000000 0.000000 1.570796
 67 0.549399 0.000000 0.000002 0.000000 0.000000 0.000000
 68 -38.836464 -1.519706 -0.000047 3.141593 -1.570796 0.000000
time 117
  0 0.692872 11.453387 29.609676 -0.011946 0.355815 3.137724
  1 10.067228 0.323607 -27.087309 -0.011307 0.355835 3.141280
  2 -7.521599 0.303215 -0.000001 0.000000 -2.088897 -1.570795
  3 3.662605 -0.001722 -2.086427 0.134631 0.257377 1.129868
  4 4.761445 -0.003790 0.000001 -0.000000 -0.000000 0.000000
  5 4.762289 -0.003688 0.000260 -0.068984 -0.026854 0.226950
  6 4.762290 -0.003689 0.000261 -0.068984 -0.026854 0.226950
  7 4.762265 -0.002028 0.000001 -0.000000 -0.000001 0.383972
  8 2.746990 0.000001 0.000001 0.092535 0.282737 -0.802352
  9 9.156628 0.000000 0.000001 0.000000 0.000000 0.000000
 10 0.000001 0.002190 -1.281928 2.352510 1.430024 -1.168881
 11 7.285013 0.000001 0.000000 0.696511 0.470126 -1.143013
 12 12.718713 -0.000001 -0.000001 -0.000000 -0.000000 -1.255628
 13 10.221163 0.000000 -0.000001 1.583892 0.023260 -0.089308
 14 1.389920 -0.447520 1.936562 -0.210439 -0.761471 0.314906
 15 1.208677 -0.000001 -0.000000 0.000000 0.000000 0.000000
 16 1.208674 -0.000001 -0.000001 0.000000 0.000000 0.000000
 17 1.208675 -0.000001 -0.000001 0.000000 0.000000 3.141593
 18 3.507809 -0.429744 1.193332 0.022860 -0.225875 -0.088311
 19 1.560287 0.000002 -0.000003 0.000000 0.000000 0.000000
 20 1.560290 -0.000003 0.000000 0.000000 0.000000 0.000000
 21 1.560289 0.000001 0.000001 0.000000 0.000000 3.141593
 22 3.044310 -0.436519 0.176983 0.140338 -0.004885 0.034563
 23 1.820336 -0.000000 -0.000002 0.000000 0.000000 0.000000
 24 1.820336 0.000000 0.000000 0.000000 0.000000 0.000000
 25 1.820338 0.000001 -0.000001 0.000000 0.000000 3.141593
 26 3.330761 -0.128978 -0.727986 0.013106 0.174047 0.071026
 27 1.560288 0.000000 -0.000001 0.000000 0.000000 0.000000
 28 1.560288 -0.000001 0.000002 0.000000 0.000000 0.000000
 29 1.560290 -0.000000 0.000001 0.000000 0.000000 3.141593
 30 3.208160 0.466229 -1.931740 0.024854 0.330715 0.074094
 31 1.300241 0.000001 -0.000001 0.000000 0.000000 0.000000
 32 1.300241 0.000001 -0.000000 0.000000 0.000000 0.000000
 33 1.300241 -0.000000 0.000000 0.000000 0.000000 3.141593
 34 0.000002 0.002185 1.281929 1.653028 -1.135614 1.095389
 35 7.285013 -0.000000 0.000000 -0.701086 -0.156232 -0.480080
 36 12.538440 0.000000 0.000000 -0.000000 -0.000000 -0.608360
 37 10.782778 -0.000000 0.000000 -1.571120 -0.005683 -0.051210
 38 1.016389 0.059479 -2.003610 0.348822 0.790160 0.431299
 39 1.107952 -0.000001 -0.000000 0.000000 0.000000 0.000000
 40 1.107953 0.000000 -0.000000 0.000000 0.000000 0.000000
 41 1.107952 0.000000 -0.000000 0.000000 0.000000 0.000000
 42 3.077731 -0.144549 -1.412631 0.003835 0.209388 0.026587
 43 1.560290 0.000000 -0.000001 0.000000 0.000000 0.000000
 44 1.560289 -0.000001 0.000000 0.000000 0.000000 0.000000
 45 1.560289 -0.000000 0.000001 0.000000 0.000000 0.000000
 46 2.463500 0.093205 -0.291938 -0.000796 0.000000 0.000000
 47 1.820337 -0.000001 0.000001 0.000000 0.000000 0.000000
 48 1.820337 0.000001 -0.000000 0.000000 0.000000 0.000000
 49 1.820337 -0.000000 -0.000001 0.000000 0.000000 0.000000
 50 3.016626 -0.086193 0.699124 -0.016172 -0.173791 0.088745
 51 1.560289 0.000001 0.000000 0.000000 0.000000 0.000000
 52 1.560289 -0.000001 0.000001 0.000000 0.000000 0.000000
 53 1.560289 -0.000001 -0.000001 0.000000 0.000000 0.000000
 54 2.733754 0.442845 1.903232 -0.009342 -0.314026 0.027785
 55 1.300241 0.000000 0.000001 0.000000 0.000000 0.000000
 56 1.300241 -0.000000 -0.000001 0.000000 0.000000 0.000000
 57 1.300241 -0.000000 0.000000 0.000000 0.000000 0.000000
 58 -2.973529 3.975954 4.670816 -3.016398 -0.351713 0.818341
 59 15.353567 0.000001 -0.000000 0.000000 -0.000000 -1.505308
 60 19.266850 -0.000002 -0.000000 0.503387 -0.127936 0.551709
 61 4.212047 5.420720 -0.000001 -0.000000 -0.000000 1.570796
 62 0.549397 -0.000000 -0.000000 0.000000 0.000000 3.141593
 63 -1.108912 3.025092 -2.349092 3.077934 0.143179 1.051486
 64 15.353563 -0.000000 -0.000000 -0.000000 0.000000 -0.137668
 65 19.266844 0.000001 0.000000 0.432014 -0.093568 -0.008483
 66 4.212047 5.420720 0.000002 -0.000000 -0.000000 1.570796
 67 0.549398 -0.000001 0.000001 0.000000 0.000000 0.000000
 68 -38.836464 -1.519709 -0.000049 3.141593 -1.570796 0.000000
time 118
  0 1.078238 12.034054 29.877918 -0.002575 0.307875 -3.000432
  1 8.838797 0.071569 -27.796091 -0.047378 0.304333 2.992765
  2 -7.587781 0.044556 -0.000000 0.000000 -2.074324 -1.570795
  3 3.692676 -0.001661 -2.032597 0.056223 0.213508 1.128682
  4 4.761445 -0.003790 0.000001 0.000000 -0.000000 0.000000
  5 4.762292 -0.003684 0.000299 -0.079165 -0.040090 0.229451
  6 4.762293 -0.003683 0.000300 -0.079165 -0.040090 0.229451
  7 4.762265 -0.002030 -0.000001 -0.000000 -0.000001 0.383972
  8 2.746989 0.000000 0.000000 0.111430 0.431274 -0.715004
  9 9.156631 0.000001 0.000001 0.000000 0.000000 0.000000
 10 0.000002 0.002193 -1.281928 -1.387635 1.713383 1.371025
 11 7.285013 0.000001 -0.000000 0.806471 0.503216 -1.129085
 12 12.718714 0.000001 -0.000002 0.000000 0.000000 -1.382772
 13 10.221165 -0.000001 -0.000005 1.576963 0.031062 -0.085947
 14 1.389921 -0.447518 1.936563 -0.210439 -0.761471 0.314906
 15 1.208676 -0.000001 -0.000000 0.000000 0.000000 0.000000
 16 1.208674 -0.000000 -0.000000 0.000000 0.000000 0.000000
 17 1.208676 -0.000000 -0.000000 0.000000 0.000000 3.141593
 18 3.507811 -0.429743 1.193333 0.022860 -0.225875 -0.088311
 19 1.560290 0.000000 -0.000002 0.000000 0.000000 0.000000
 20 1.560288 -0.000001 0.000001 0.000000 0.000000 0.000000
 21 1.560288 -0.000000 0.000000 0.000000 0.000000 3.141593
 22 3.044311 -0.436515 0.176984 0.140338 -0.004885 0.034563
 23 1.820336 0.000001 -0.000000 0.000000 0.000000 0.000000
 24 1.820338 0.000000 -0.000000 0.000000 0.000000 0.000000
 25 1.820338 -0.000000 -0.000001 0.000000 0.000000 3.141593
 26 3.330763 -0.128977 -0.727985 0.013106 0.174047 0.071026
 27 1.560290 0.000003 0.000000 0.000000 0.000000 0.000000
 28 1.560289 -0.000002 0.000000 0.000000 0.000000 0.000000
 29 1.560289 -0.000003 -0.000000 0.000000 0.000000 3.141593
 30 3.208161 0.466230 -1.931736 0.024854 0.330715 0.074094
 31 1.300244 -0.000000 0.000000 0.000000 0.000000 0.000000
 32 1.300240 -0.000000 -0.000001 0.000000 0.000000 0.000000
 33 1.300240 -0.000000 -0.000002 0.000000 0.000000 3.141593
 34 0.000001 0.002184 1.281928 1.714461 -1.154173 1.029135
 35 7.285013 0.000001 0.000000 -0.641236 -0.169137 -0.449603
 36 12.538440 -0.000000 0.000000 -0.000000 -0.000000 -0.546290
 37 10.782781 -0.000000 -0.000000 -1.571503 -0.003660 -0.053892
 38 1.016389 0.059479 -2.003610 0.348822 0.790160 0.431299
 39 1.107952 -0.000001 0.000000 0.000000 0.000000 0.000000
 40 1.107952 0.000001 0.000000 0.000000 0.000000 0.000000
 41 1.107952 0.000000 -0.000000 0.000000 0.000000 0.000000
 42 3.077731 -0.144549 -1.412631 0.003835 0.209388 0.026587
 43 1.560289 0.000000 -0.000000 0.000000 0.000000 0.000000
 44 1.560289 -0.000001 -0.000001 0.000000 0.000000 0.000000
 45 1.560289 0.000000 0.000000 0.000000 0.000000 0.000000
 46 2.463500 0.093205 -0.291938 -0.000796 -0.000000 -0.000000
 47 1.820337 -0.000000 0.000000 0.000000 0.000000 0.000000
 48 1.820338 -0.000000 0.000000 0.000000 0.000000 0.000000
 49 1.820337 -0.000000 0.000000 0.000000 0.000000 0.000000
 50 3.016626 -0.086193 0.699124 -0.016172 -0.173791 0.088745
 51 1.560289 0.000000 0.000001 0.000000 0.000000 0.000000
 52 1.560289 -0.000000 -0.000000 0.000000 0.000000 0.000000
 53 1.560289 0.000000 -0.000001 0.000000 0.000000 0.000000
 54 2.733754 0.442845 1.903232 -0.009342 -0.314026 0.027785
 55 1.300241 0.000001 0.000001 0.000000 0.000000 0.000000
 56 1.300241 -0.000000 -0.000000 0.000000 0.000000 0.000000
 57 1.300241 -0.000000 -0.000001 0.000000 0.000000 0.000000
 58 -2.749337 3.627037 5.035622 -2.896835 -0.423876 0.767205
 59 15.353566 0.000001 -0.000001 -0.000000 0.000000 -1.502264
 60 19.266848 -0.000002 -0.000000 0.675191 -0.162478 0.447992
 61 4.212047 5.420721 0.000000 -0.000000 -0.000000 1.570796
 62 0.549398 -0.000000 0.000000 0.000000 0.000000 3.141593
 63 -1.197185 3.224736 -2.112038 -3.104627 -0.026316 1.006553
 64 15.353561 0.000002 -0.000000 0.000000 0.000000 -0.334437
 65 19.266844 0.000001 0.000000 0.292375 -0.102866 0.081318
 66 4.212047 5.420721 0.000001 -0.000000 -0.000000 1.570796
 67 0.549398 0.000000 0.000001 0.000000 0.000000 0.000000
 68 -38.836464 -1.519709 -0.000054 3.141593 -1.570796 0.000000
time 119
  0 1.463293 12.678163 30.150705 0.016276 0.240122 -2.866481
  1 7.001571 -0.465417 -28.591976 -0.050342 0.235438 2.862490
  2 -7.625048 -0.178340 -0.000000 0.000000 -2.054453 -1.570795
  3 3.732351 -0.001633 -1.958644 -0.010136 0.174480 1.124062
  4 4.761445 -0.003792 0.000001 0.000000 -0.000000 0.000000
  5 4.762292 -0.003683 0.000326 -0.086257 -0.050595 0.230614
  6 4.762292 -0.003681 0.000327 -0.086257 -0.050595 0.230614
  7 4.762264 -0.002026 -0.000000 -0.000000 -0.000001 0.383972
  8 2.746988 -0.000000 0.000000 0.116841 0.524183 -0.593743
  9 9.156627 0.000001 0.000001 0.000000 0.000000 0.000000
 10 0.000001 0.002190 -1.281928 1.244481 1.412085 -2.285740
 11 7.285012 0.000001 0.000000 0.903429 0.487568 -1.078366
 12 12.718714 -0.000002 0.000003 0.000000 0.000000 -1.496824
 13 10.221163 -0.000002 -0.000001 1.570415 0.037532 -0.084655
 14 1.389920 -0.447523 1.936564 -0.210439 -0.761471 0.314906
 15 1.208676 0.000001 -0.000002 0.000000 0.000000 0.000000
 16 1.208673 0.000001 0.000001 0.000000 0.000000 0.000000
 17 1.208674 0.000001 0.000001 0.000000 0.000000 3.141593
 18 3.507809 -0.429745 1.193334 0.022860 -0.225875 -0.088311
 19 1.560289 0.000001 -0.000001 0.000000 0.000000 0.000000
 20 1.560289 0.000001 0.000000 0.000000 0.000000 0.000000
 21 1.560289 0.000000 0.000001 0.000000 0.000000 3.141593
 22 3.044310 -0.436519 0.176984 0.140338 -0.004885 0.034563
 23 1.820336 -0.000002 -0.000000 0.000000 0.000000 0.000000
 24 1.820337 0.000002 -0.000001 0.000000 0.000000 0.000000
 25 1.820338 -0.000001 -0.000000 0.000000 0.000000 3.141593
 26 3.330763 -0.128978 -0.727983 0.013106 0.174047 0.071026
 27 1.560289 0.000002 -0.000001 0.000000 0.000000 0.000000
 28 1.560290 -0.000003 -0.000001 0.000000 0.000000 0.000000
 29 1.560288 0.000000 -0.000001 0.000000 0.000000 3.141593
 30 3.208161 0.466229 -1.931735 0.024854 0.330715 0.074094
 31 1.300240 -0.000001 -0.000000 0.000000 0.000000 0.000000
 32 1.300243 0.000000 -0.000000 0.000000 0.000000 0.000000
 33 1.300241 -0.000001 -0.000000 0.000000 0.000000 3.141593
 34 0.000000 0.002182 1.281927 1.610509 -1.194167 1.143326
 35 7.285013 -0.000002 0.000001 -0.532807 -0.203259 -0.464556
 36 12.538441 -0.000001 -0.000000 0.000000 0.000000 -0.524605
 37 10.782778 0.000000 -0.000001 -1.572517 -0.000216 -0.055602
 38 1.016389 0.059479 -2.003610 0.348822 0.790160 0.431299
 39 1.107952 0.000000 0.000000 0.000000 0.000000 0.000000
 40 1.107952 0.000000 -0.000000 0.000000 0.000000 0.000000
 41 1.107951 0.000000 -0.000000 0.000000 0.000000 0.000000
 42 3.077730 -0.144549 -1.412631 0.003835 0.209388 0.026587
 43 1.560289 0.000000 -0.000000 0.000000 0.000000 0.000000
 44 1.560289 -0.000000 -0.000001 0.000000 0.000000 0.000000
 45 1.560289 0.000000 0.000001 0.000000 0.000000 0.000000
 46 2.463500 0.093205 -0.291938 -0.000796 -0.000000 -0.000000
 47 1.820337 0.000000 -0.000000 0.000000 0.000000 0.000000
 48 1.820338 0.000000 0.000000 0.000000 0.000000 0.000000
 49 1.820337 -0.000000 0.000001 0.000000 0.000000 0.000000
 50 3.016626 -0.086193 0.699124 -0.016172 -0.173791 0.088745
 51 1.560289 0.000000 -0.000000 0.000000 0.000000 0.000000
 52 1.560289 0.000000 -0.000000 0.000000 0.000000 0.000000
 53 1.560289 -0.000000 0.000000 0.000000 0.000000 0.000000
 54 2.733753 0.442845 1.903232 -0.009342 -0.314026 0.027785
 55 1.300241 0.000000 -0.000000 0.000000 0.000000 0.000000
 56 1.300241 0.000000 0.000000 0.000000 0.000000 0.000000
 57 1.300241 0.000000 0.000000 0.000000 0.000000 0.000000
 58 -2.562357 3.313332 5.290143 -2.809478 -0.473242 0.737143
 59 15.353564 -0.000002 0.000000 0.000000 0.000000 -1.502406
 60 19.266846 -0.000000 0.000000 0.836324 -0.179105 0.350375
 61 4.212047 5.420720 -0.000000 -0.000000 -0.000000 1.570796
 62 0.549398 -0.000000 -0.000000 0.000000 0.000000 3.141593
 63 -1.290721 3.386436 -1.923570 -3.008322 -0.155741 0.963922
 64 15.353562 -0.000001 -0.000001 0.000000 0.000000 -0.536947
 65 19.266846 -0.000001 -0.000000 0.155403 -0.107528 0.155356
 66 4.212047 5.420720 -0.000001 -0.000000 -0.000000 1.570796
 67 0.549397 -0.000000 0.000001 0.000000 0.000000 0.000000
 68 -38.836460 -1.519707 -0.000049 3.141593 -1.570796 0.000000
time 120
  0 1.837553 13.350118 30.427687 0.030209 0.160310 -2.728367
  1 4.729040 -0.883367 -29.232826 -0.036881 0.158919 2.727856
  2 -7.625528 -0.320901 0.000001 0.000000 -2.029940 -1.570795
  3 3.779224 -0.001643 -1.866508 -0.050303 0.147711 1.114550
  4 4.761445 -0.003791 0.000000 -0.000000 -0.000000 0.000000
  5 4.762288 -0.003682 0.000333 -0.088111 -0.055610 0.230031
  6 4.762287 -0.003684 0.000331 -0.088111 -0.055610 0.230031
  7 4.762265 -0.002027 0.000002 -0.000000 -0.000001 0.383972
  8 2.746989 -0.000002 -0.000000 0.077436 0.573024 -0.464952
  9 9.156629 0.000001 0.000002 0.000000 0.000000 0.000000
 10 0.000001 0.002190 -1.281928 0.730248 1.395174 -2.803810
 11 7.285013 -0.000001 -0.000001 0.958270 0.441363 -0.959625
 12 12.718714 0.000002 -0.000003 0.000000 -0.000000 -1.605496
 13 10.221165 -0.000001 0.000001 1.565825 0.041622 -0.079250
 14 1.389920 -0.447520 1.936564 -0.210439 -0.761471 0.314906
 15 1.208674 -0.000001 -0.000001 0.000000 0.000000 0.000000
 16 1.208675 -0.000000 0.000001 0.000000 0.000000 0.000000
 17 1.208675 -0.000000 0.000001 0.000000 0.000000 3.141593
 18 3.507810 -0.429743 1.193333 0.022860 -0.225875 -0.088311
 19 1.560288 0.000002 0.000001 0.000000 0.000000 0.000000
 20 1.560290 0.000001 -0.000000 0.000000 0.000000 0.000000
 21 1.560289 -0.000000 -0.000001 0.000000 0.000000 3.141593
 22 3.044311 -0.436517 0.176983 0.140338 -0.004885 0.034563
 23 1.820339 -0.000001 -0.000001 0.000000 0.000000 0.000000
 24 1.820336 -0.000003 0.000002 0.000000 0.000000 0.000000
 25 1.820337 0.000002 -0.000000 0.000000 0.000000 3.141593
 26 3.330763 -0.128977 -0.727984 0.013106 0.174047 0.071026
 27 1.560288 -0.000003 0.000000 0.000000 0.000000 0.000000
 28 1.560289 0.000003 -0.000000 0.000000 0.000000 0.000000
 29 1.560289 -0.000001 -0.000000 0.000000 0.000000 3.141593
 30 3.208161 0.466230 -1.931737 0.024854 0.330715 0.074094
 31 1.300242 -0.000001 0.000000 0.000000 0.000000 0.000000
 32 1.300239 -0.000002 0.000001 0.000000 0.000000 0.000000
 33 1.300242 -0.000002 0.000001 0.000000 0.000000 3.141593
 34 0.000002 0.002183 1.281928 1.331054 -1.234105 1.439445
 35 7.285013 0.000003 -0.000000 -0.395205 -0.236384 -0.534257
 36 12.538440 0.000000 0.000001 -0.000000 -0.000000 -0.544683
 37 10.782778 -0.000000 0.000001 -1.574314 0.004229 -0.055795
 38 1.016389 0.059479 -2.003610 0.348822 0.790160 0.431299
 39 1.107953 0.000001 -0.000000 0.000000 0.000000 0.000000
 40 1.107952 -0.000001 -0.000000 0.000000 0.000000 0.000000
 41 1.107952 -0.000000 -0.000001 0.000000 0.000000 0.000000
 42 3.077731 -0.144550 -1.412631 0.003835 0.209388 0.026587
 43 1.560288 0.000000 -0.000000 0.000000 0.000000 0.000000
 44 1.560289 -0.000000 -0.000000 0.000000 0.000000 0.000000
 45 1.560289 -0.000000 -0.000001 0.000000 0.000000 0.000000
 46 2.463500 0.093205 -0.291939 -0.000796 -0.000000 0.000000
 47 1.820337 -0.000000 -0.000001 0.000000 0.000000 0.000000
 48 1.820338 0.000001 -0.000000 0.000000 0.000000 0.000000
 49 1.820337 -0.000000 0.000000 0.000000 0.000000 0.000000
 50 3.016626 -0.086194 0.699124 -0.016172 -0.173791 0.088745
 51 1.560289 -0.000000 -0.000000 0.000000 0.000000 0.000000
 52 1.560289 0.000000 -0.000001 0.000000 0.000000 0.000000
 53 1.560289 -0.000000 0.000000 0.000000 0.000000 0.000000
 54 2.733753 0.442845 1.903232 -0.009342 -0.314026 0.027785
 55 1.300241 0.000000 -0.000001 0.000000 0.000000 0.000000
 56 1.300241 -0.000000 0.000000 0.000000 0.000000 0.000000
 57 1.300241 -0.000000 -0.000000 0.000000 0.000000 0.000000
 58 -2.459213 3.126417 5.388132 -2.771679 -0.507231 0.752053
 59 15.353565 0.000003 -0.000000 -0.000000 -0.000000 -1.494773
 60 19.266848 -0.000001 -0.000000 0.985205 -0.159817 0.327980
 61 4.212047 5.420721 0.000001 -0.000000 -0.000000 1.570796
 62 0.549397 0.000000 -0.000000 0.000000 0.000000 3.141593
 63 -1.381120 3.490726 -1.848237 -2.951321 -0.223738 0.950712
 64 15.353566 0.000002 -0.000001 0.000000 -0.000000 -0.689420
 65 19.266846 -0.000000 0.000002 0.024501 -0.078211 0.199460
 66 4.212047 5.420720 -0.000000 -0.000000 -0.000000 1.570796
 67 0.549397 0.000000 -0.000001 0.000000 0.000000 0.000000
 68 -38.836468 -1.519710 -0.000053 -3.141593 -1.570796 0.000000
time 121
  0 2.190529 14.014311 30.708549 0.036134 0.074822 -2.591408
  1 2.235595 -1.077388 -29.803762 -0.008292 0.082661 2.592417
  2 -7.587348 -0.358439 0.000000 -0.000000 -2.001442 -1.570795
  3 3.830856 -0.001699 -1.758168 -0.047956 0.137406 1.098961
  4 4.761443 -0.003789 -0.000001 0.000000 -0.000000 0.000000
  5 4.762282 -0.003689 0.000308 -0.081886 -0.052791 0.227716
  6 4.762282 -0.003685 0.000311 -0.081886 -0.052791 0.227716
  7 4.762264 -0.002028 0.000000 -0.000000 -0.000001 0.383972
  8 2.746988 0.000000 0.000001 -0.035265 0.599404 -0.388429
  9 9.156630 -0.000001 -0.000000 0.000000 0.000000 0.000000
 10 0.000002 0.002193 -1.281926 0.258400 1.345237 3.008955
 11 7.285014 0.000001 -0.000001 1.002147 0.401815 -0.752672
 12 12.718711 0.000001 -0.000000 0.000000 0.000000 -1.701957
 13 10.221165 -0.000001 -0.000000 1.561832 0.044775 -0.075792
 14 1.389921 -0.447518 1.936564 -0.210439 -0.761471 0.314906
 15 1.208674 -0.000001 0.000002 0.000000 0.000000 0.000000
 16 1.208676 -0.000000 -0.000001 0.000000 0.000000 0.000000
 17 1.208675 0.000000 -0.000001 0.000000 0.000000 3.141593
 18 3.507809 -0.429745 1.193334 0.022860 -0.225875 -0.088311
 19 1.560289 0.000001 -0.000001 0.000000 0.000000 0.000000
 20 1.560288 0.000002 0.000000 0.000000 0.000000 0.000000
 21 1.560290 -0.000002 -0.000000 0.000000 0.000000 3.141593
 22 3.044309 -0.436519 0.176985 0.140338 -0.004885 0.034563
 23 1.820336 -0.000001 0.000001 0.000000 0.000000 0.000000
 24 1.820337 0.000001 -0.000001 0.000000 0.000000 0.000000
 25 1.820338 0.000003 -0.000000 0.000000 0.000000 3.141593
 26 3.330763 -0.128977 -0.727984 0.013106 0.174047 0.071026
 27 1.560289 0.000000 -0.000001 0.000000 0.000000 0.000000
 28 1.560290 0.000003 0.000002 0.000000 0.000000 0.000000
 29 1.560288 -0.000001 0.000000 0.000000 0.000000 3.141593
 30 3.208162 0.466231 -1.931736 0.024854 0.330715 0.074094
 31 1.300241 0.000001 0.000001 0.000000 0.000000 0.000000
 32 1.300241 0.000001 0.000000 0.000000 0.000000 0.000000
 33 1.300241 0.000001 -0.000000 0.000000 0.000000 3.141593
 34 0.000000 0.002183 1.281928 1.054305 -1.235834 1.727426
 35 7.285013 -0.000001 0.000000 -0.288689 -0.218418 -0.619935
 36 12.538442 -0.000000 -0.000000 -0.000000 0.000000 -0.629882
 37 10.782779 0.000000 -0.000000 -1.576924 0.007389 -0.052125
 38 1.016389 0.059479 -2.003610 0.348822 0.790160 0.431299
 39 1.107952 -0.000001 0.000000 0.000000 0.000000 0.000000
 40 1.107953 0.000000 0.000001 0.000000 0.000000 0.000000
 41 1.107951 0.000000 -0.000000 0.000000 0.000000 0.000000
 42 3.077731 -0.144550 -1.412631 0.003835 0.209388 0.026587
 43 1.560290 -0.000000 -0.000000 0.000000 0.000000 0.000000
 44 1.560289 0.000000 0.000000 0.000000 0.000000 0.000000
 45 1.560288 0.000000 0.000000 0.000000 0.000000 0.000000
 46 2.463500 0.093205 -0.291938 -0.000796 0.000000 0.000000
 47 1.820337 0.000000 0.000001 0.000000 0.000000 0.000000
 48 1.820337 0.000000 -0.000001 0.000000 0.000000 0.000000
 49 1.820338 0.000000 0.000000 0.000000 0.000000 0.000000
 50 3.016627 -0.086194 0.699125 -0.016172 -0.173791 0.088745
 51 1.560289 -0.000000 -0.000000 0.000000 0.000000 0.000000
 52 1.560289 0.000000 0.000000 0.000000 0.000000 0.000000
 53 1.560289 0.000001 0.000000 0.000000 0.000000 0.000000
 54 2.733754 0.442845 1.903232 -0.009342 -0.314026 0.027785
 55 1.300241 -0.000000 0.000000 0.000000 0.000000 0.000000
 56 1.300241 0.000000 0.000000 0.000000 0.000000 0.000000
 57 1.300241 0.000000 -0.000000 0.000000 0.000000 0.000000
 58 -2.465805 3.163146 5.289148 -2.792150 -0.518102 0.807090
 59 15.353564 -0.000001 -0.000000 -0.000000 -0.000000 -1.482867
 60 19.266846 0.000001 0.000000 1.131464 -0.144069 0.314404
 61 4.212047 5.420720 0.000000 -0.000000 -0.000000 1.570796
 62 0.549397 0.000000 0.000000 0.000000 0.000000 3.141593
 63 -1.462434 3.510981 -1.958768 -2.975881 -0.176001 1.019704
 64 15.353562 -0.000001 0.000000 0.000000 -0.000000 -0.744492
 65 19.266844 -0.000001 -0.000000 0.104029 -0.097055 0.124524
 66 4.212046 5.420719 -0.000001 -0.000000 -0.000000 1.570796
 67 0.549397 0.000000 0.000001 0.000000 0.000000 0.000000
 68 -38.836464 -1.519707 -0.000047 3.141593 -1.570796 0.000000
time 122
  0 2.511730 14.635126 30.992941 0.033442 -0.009391 -2.459853
  1 -0.283525 -1.009434 -30.173084 0.031885 0.013782 2.459916
  2 -7.510653 -0.318279 0.000001 0.000000 -1.969617 -1.570795
  3 3.884820 -0.001796 -1.635631 -0.010213 0.139276 1.075887
  4 4.761444 -0.003794 -0.000002 -0.000000 0.000000 0.000000
  5 4.762272 -0.003694 0.000260 -0.068693 -0.043819 0.223698
  6 4.762273 -0.003690 0.000260 -0.068693 -0.043819 0.223698
  7 4.762264 -0.002033 -0.000001 -0.000000 -0.000001 0.383972
  8 2.746989 0.000002 0.000000 -0.205159 0.618298 -0.398863
  9 9.156626 -0.000000 0.000000 0.000000 0.000000 0.000000
 10 0.000002 0.002194 -1.281927 -0.004514 1.272178 2.752510
 11 7.285013 0.000001 -0.000001 1.059876 0.365941 -0.502676
 12 12.718714 -0.000000 0.000004 -0.000000 0.000000 -1.800750
 13 10.221161 0.000002 -0.000001 1.557276 0.047566 -0.071877
 14 1.389920 -0.447517 1.936563 -0.210439 -0.761471 0.314906
 15 1.208674 -0.000000 0.000001 0.000000 0.000000 0.000000
 16 1.208673 -0.000001 -0.000001 0.000000 0.000000 0.000000
 17 1.208674 -0.000002 0.000001 0.000000 0.000000 3.141593
 18 3.507808 -0.429743 1.193333 0.022860 -0.225875 -0.088311
 19 1.560289 0.000002 0.000001 0.000000 0.000000 0.000000
 20 1.560289 -0.000005 0.000000 0.000000 0.000000 0.000000
 21 1.560289 -0.000000 -0.000000 0.000000 0.000000 3.141593
 22 3.044309 -0.436515 0.176983 0.140338 -0.004885 0.034563
 23 1.820337 -0.000000 -0.000001 0.000000 0.000000 0.000000
 24 1.820337 -0.000000 0.000000 0.000000 0.000000 0.000000
 25 1.820337 -0.000001 0.000001 0.000000 0.000000 3.141593
 26 3.330762 -0.128977 -0.727984 0.013106 0.174047 0.071026
 27 1.560290 0.000001 0.000000 0.000000 0.000000 0.000000
 28 1.560288 -0.000000 0.000000 0.000000 0.000000 0.000000
 29 1.560288 -0.000002 -0.000000 0.000000 0.000000 3.141593
 30 3.208160 0.466232 -1.931736 0.024854 0.330715 0.074094
 31 1.300241 -0.000000 0.000000 0.000000 0.000000 0.000000
 32 1.300241 -0.000004 -0.000001 0.000000 0.000000 0.000000
 33 1.300241 0.000001 -0.000001 0.000000 0.000000 3.141593
 34 0.000002 0.002186 1.281928 0.921538 -1.211474 1.867330
 35 7.285011 0.000002 0.000000 -0.258142 -0.138058 -0.674236
 36 12.538438 -0.000000 -0.000000 0.000000 0.000000 -0.803736
 37 10.782779 0.000002 0.000001 -1.581473 0.008653 -0.043233
 38 1.016389 0.059479 -2.003610 0.348822 0.790160 0.431299
 39 1.107952 0.000000 -0.000000 0.000000 0.000000 0.000000
 40 1.107951 -0.000000 -0.000001 0.000000 0.000000 0.000000
 41 1.107952 -0.000001 -0.000001 0.000000 0.000000 0.000000
 42 3.077730 -0.144550 -1.412631 0.003835 0.209388 0.026587
 43 1.560289 0.000000 0.000000 0.000000 0.000000 0.000000
 44 1.560289 0.000000 -0.000000 0.000000 0.000000 0.000000
 45 1.560289 -0.000001 0.000001 0.000000 0.000000 0.000000
 46 2.463500 0.093205 -0.291938 -0.000796 0.000000 0.000000
 47 1.820338 0.000000 0.000000 0.000000 0.000000 0.000000
 48 1.820337 -0.000000 0.000000 0.000000 0.000000 0.000000
 49 1.820337 -0.000000 0.000001 0.000000 0.000000 0.000000
 50 3.016627 -0.086193 0.699124 -0.016172 -0.173791 0.088745
 51 1.560289 0.000000 -0.000000 0.000000 0.000000 0.000000
 52 1.560288 -0.000000 -0.000000 0.000000 0.000000 0.000000
 53 1.560289 0.000000 -0.000000 0.000000 0.000000 0.000000
 54 2.733754 0.442845 1.903232 -0.009342 -0.314026 0.027785
 55 1.300241 0.000000 0.000001 0.000000 0.000000 0.000000
 56 1.300241 -0.000000 -0.000000 0.000000 0.000000 0.000000
 57 1.300241 -0.000000 -0.000000 0.000000 0.000000 0.000000
 58 -2.561207 3.368395 5.025714 -2.857450 -0.500238 0.895434
 59 15.353563 -0.000001 0.000001 0.000000 -0.000000 -1.468049
 60 19.266846 0.000001 0.000000 1.267832 -0.129472 0.309859
 61 4.212047 5.420720 0.000000 -0.000000 -0.000000 1.570796
 62 0.549398 0.000000 0.000000 0.000000 0.000000 3.141593
 63 -1.544268 3.442471 -2.228276 -3.013545 -0.090042 1.103121
 64 15.353562 -0.000001 0.000001 -0.000000 0.000000 -0.797381
 65 19.266848 -0.000001 0.000000 0.166051 -0.101002 0.055470
 66 4.212046 5.420719 -0.000001 -0.000000 -0.000000 1.570796
 67 0.549397 0.000000 0.000001 0.000000 0.000000 0.000000
 68 -38.836468 -1.519707 -0.000049 -3.141593 -1.570796 0.000000
time 123
  0 2.790677 15.176970 31.280550 0.023796 -0.085449 -2.337928
  1 -2.601219 -0.722559 -30.359104 0.078086 -0.042102 2.335265
  2 -7.388035 -0.229091 0.000000 -0.000000 -1.935122 -1.570795
  3 3.938847 -0.001928 -1.500989 0.041924 0.148072 1.043258
  4 4.761446 -0.003793 0.000001 0.000000 0.000000 0.000000
  5 4.762254 -0.003699 0.000197 -0.052326 -0.031945 0.217587
  6 4.762255 -0.003698 0.000198 -0.052326 -0.031945 0.217587
  7 4.762265 -0.002029 0.000001 -0.000000 -0.000001 0.383972
  8 2.746988 0.000000 0.000001 -0.389594 0.608126 -0.479450
  9 9.156626 -0.000000 0.000000 0.000000 0.000000 0.000000
 10 0.000000 0.002190 -1.281928 -0.089195 1.210388 2.673332
 11 7.285012 -0.000002 -0.000001 1.125133 0.311801 -0.284102
 12 12.718712 -0.000000 -0.000001 -0.000000 0.000000 -1.916416
 13 10.221163 -0.000001 -0.000000 1.551011 0.050604 -0.065109
 14 1.389920 -0.447517 1.936563 -0.210439 -0.761471 0.314906
 15 1.208676 -0.000002 -0.000000 0.000000 0.000000 0.000000
 16 1.208676 0.000004 -0.000001 0.000000 0.000000 0.000000
 17 1.208675 0.000001 0.000000 0.000000 0.000000 3.141593
 18 3.507809 -0.429743 1.193334 0.022860 -0.225875 -0.088311
 19 1.560288 0.000003 0.000001 0.000000 0.000000 0.000000
 20 1.560289 -0.000003 -0.000002 0.000000 0.000000 0.000000
 21 1.560289 -0.000001 -0.000001 0.000000 0.000000 3.141593
 22 3.044309 -0.436514 0.176984 0.140338 -0.004885 0.034563
 23 1.820337 0.000003 -0.000002 0.000000 0.000000 0.000000
 24 1.820337 -0.000002 0.000001 0.000000 0.000000 0.000000
 25 1.820337 0.000000 -0.000000 0.000000 0.000000 3.141593
 26 3.330762 -0.128977 -0.727983 0.013106 0.174047 0.071026
 27 1.560289 -0.000002 -0.000001 0.000000 0.000000 0.000000
 28 1.560289 0.000003 0.000002 0.000000 0.000000 0.000000
 29 1.560289 0.000000 0.000000 0.000000 0.000000 3.141593
 30 3.208160 0.466230 -1.931736 0.024854 0.330715 0.074094
 31 1.300241 0.000002 -0.000000 0.000000 0.000000 0.000000
 32 1.300242 -0.000002 0.000000 0.000000 0.000000 0.000000
 33 1.300241 -0.000001 0.000000 0.000000 0.000000 3.141593
 34 0.000001 0.002186 1.281929 0.851568 -1.179925 1.944284
 35 7.285010 0.000002 0.000001 -0.256237 -0.017740 -0.701344
 36 12.538436 -0.000001 -0.000001 0.000000 -0.000000 -1.042710
 37 10.782778 0.000002 0.000001 -1.586832 0.008700 -0.030470
 38 1.016388 0.059479 -2.003609 0.348822 0.790160 0.431299
 39 1.107952 -0.000000 -0.000001 0.000000 0.000000 0.000000
 40 1.107951 0.000000 0.000001 0.000000 0.000000 0.000000
 41 1.107952 -0.000000 0.000000 0.000000 0.000000 0.000000
 42 3.077730 -0.144550 -1.412630 0.003835 0.209388 0.026587
 43 1.560288 -0.000000 -0.000002 0.000000 0.000000 0.000000
 44 1.560289 -0.000000 0.000001 0.000000 0.000000 0.000000
 45 1.560290 0.000000 -0.000000 0.000000 0.000000 0.000000
 46 2.463500 0.093204 -0.291937 -0.000796 0.000000 0.000000
 47 1.820337 0.000000 0.000000 0.000000 0.000000 0.000000
 48 1.820338 -0.000000 0.000000 0.000000 0.000000 0.000000
 49 1.820337 -0.000000 0.000001 0.000000 0.000000 0.000000
 50 3.016626 -0.086194 0.699124 -0.016172 -0.173791 0.088745
 51 1.560289 0.000000 0.000000 0.000000 0.000000 0.000000
 52 1.560289 0.000000 0.000000 0.000000 0.000000 0.000000
 53 1.560289 -0.000000 0.000001 0.000000 0.000000 0.000000
 54 2.733754 0.442845 1.903233 -0.009342 -0.314026 0.027785
 55 1.300241 0.000000 -0.000000 0.000000 0.000000 0.000000
 56 1.300241 -0.000000 0.000001 0.000000 0.000000 0.000000
 57 1.300241 -0.000000 -0.000000 0.000000 0.000000 0.000000
 58 -2.721296 3.603144 4.667939 -2.903294 -0.524889 1.059617
 59 15.353565 -0.000002 0.000002 -0.000000 -0.000000 -1.428040
 60 19.266846 -0.000001 0.000001 1.163811 -0.162031 0.380147
 61 4.212047 5.420720 0.000001 -0.000000 -0.000000 1.570796
 62 0.549398 -0.000000 -0.000000 0.000000 0.000000 3.141593
 63 -1.640587 3.299470 -2.570838 -3.053603 0.017585 1.193484
 64 15.353563 -0.000001 -0.000002 -0.000000 0.000000 -0.841804
 65 19.266848 -0.000001 0.000001 0.217138 -0.091242 -0.008248
 66 4.212046 5.420719 -0.000000 -0.000000 -0.000000 1.570796
 67 0.549397 -0.000000 -0.000000 0.000000 0.000000 0.000000
 68 -38.836460 -1.519708 -0.000048 3.141593 -1.570796 0.000000
time 124
  0 3.016874 15.604229 31.571024 0.010817 -0.147077 -2.230720
  1 -4.509167 -0.329242 -30.435404 0.123120 -0.081380 2.224904
  2 -7.206106 -0.126392 -0.000001 -0.000000 -1.898613 -1.570795
  3 3.990894 -0.002088 -1.356506 0.087619 0.157940 0.998493
  4 4.761444 -0.003795 -0.000001 0.000000 0.000000 0.000000
  5 4.762227 -0.003704 0.000140 -0.036568 -0.020425 0.208861
  6 4.762228 -0.003711 0.000138 -0.036568 -0.020425 0.208861
  7 4.762264 -0.002027 0.000001 -0.000000 -0.000001 0.383972
  8 2.746988 0.000001 -0.000000 -0.546839 0.558394 -0.565295
  9 9.156627 -0.000002 -0.000000 0.000000 0.000000 0.000000
 10 0.000001 0.002192 -1.281928 -0.013507 1.195100 2.744259
 11 7.285014 -0.000001 0.000000 1.146722 0.197652 -0.183071
 12 12.718714 0.000001 -0.000001 -0.000000 -0.000000 -2.072793
 13 10.221165 0.000000 -0.000001 1.543972 0.054625 -0.052949
 14 1.389920 -0.447516 1.936564 -0.210439 -0.761471 0.314906
 15 1.208676 -0.000001 -0.000001 0.000000 0.000000 0.000000
 16 1.208675 -0.000003 0.000000 0.000000 0.000000 0.000000
 17 1.208674 0.000001 -0.000000 0.000000 0.000000 3.141593
 18 3.507809 -0.429742 1.193334 0.022860 -0.225875 -0.088311
 19 1.560289 0.000001 -0.000001 0.000000 0.000000 0.000000
 20 1.560289 -0.000001 0.000000 0.000000 0.000000 0.000000
 21 1.560289 -0.000002 -0.000000 0.000000 0.000000 3.141593
 22 3.044310 -0.436517 0.176984 0.140338 -0.004885 0.034563
 23 1.820338 -0.000004 -0.000000 0.000000 0.000000 0.000000
 24 1.820338 0.000002 -0.000000 0.000000 0.000000 0.000000
 25 1.820337 -0.000000 -0.000001 0.000000 0.000000 3.141593
 26 3.330763 -0.128977 -0.727984 0.013106 0.174047 0.071026
 27 1.560289 -0.000001 0.000001 0.000000 0.000000 0.000000
 28 1.560290 0.000000 -0.000001 0.000000 0.000000 0.000000
 29 1.560289 0.000002 0.000001 0.000000 0.000000 3.141593
 30 3.208161 0.466233 -1.931736 0.024854 0.330715 0.074094
 31 1.300241 0.000001 0.000002 0.000000 0.000000 0.000000
 32 1.300242 0.000001 0.000000 0.000000 0.000000 0.000000
 33 1.300241 0.000001 -0.000000 0.000000 0.000000 3.141593
 34 0.000001 0.002186 1.281928 0.774502 -1.159935 2.025662
 35 7.285013 -0.000002 0.000000 -0.216232 0.120430 -0.709684
 36 12.538437 -0.000001 -0.000000 -0.000000 0.000000 -1.299560
 37 10.782778 0.000002 0.000001 -1.589670 0.007117 -0.015541
 38 1.016389 0.059479 -2.003609 0.348822 0.790160 0.431299
 39 1.107952 -0.000000 0.000001 0.000000 0.000000 0.000000
 40 1.107953 -0.000001 -0.000002 0.000000 0.000000 0.000000
 41 1.107951 0.000000 -0.000000 0.000000 0.000000 0.000000
 42 3.077730 -0.144550 -1.412630 0.003835 0.209388 0.026587
 43 1.560289 -0.000000 -0.000001 0.000000 0.000000 0.000000
 44 1.560289 0.000000 0.000001 0.000000 0.000000 0.000000
 45 1.560289 -0.000000 0.000001 0.000000 0.000000 0.000000
 46 2.463500 0.093205 -0.291938 -0.000796 0.000000 0.000000
 47 1.820337 -0.000001 -0.000002 0.000000 0.000000 0.000000
 48 1.820337 0.000000 0.000001 0.000000 0.000000 0.000000
 49 1.820338 -0.000000 -0.000000 0.000000 0.000000 0.000000
 50 3.016626 -0.086194 0.699125 -0.016172 -0.173791 0.088745
 51 1.560289 -0.000000 0.000001 0.000000 0.000000 0.000000
 52 1.560289 -0.000000 0.000001 0.000000 0.000000 0.000000
 53 1.560289 -0.000000 0.000001 0.000000 0.000000 0.000000
 54 2.733754 0.442845 1.903233 -0.009342 -0.314026 0.027785
 55 1.300240 -0.000000 0.000001 0.000000 0.000000 0.000000
 56 1.300241 0.000000 -0.000001 0.000000 0.000000 0.000000
 57 1.300241 -0.000000 -0.000000 0.000000 0.000000 0.000000
 58 -2.922142 3.747252 4.305625 -2.935288 -0.553704 1.261997
 59 15.353561 -0.000001 0.000002 0.000000 0.000000 -1.380104
 60 19.266842 -0.000001 -0.000000 0.758815 -0.192523 0.480279
 61 4.212046 5.420719 -0.000000 -0.000000 0.000000 1.570796
 62 0.549398 0.000000 0.000000 0.000000 0.000000 3.141593
 63 -1.769994 3.114201 -2.900751 -3.095078 0.121729 1.288651
 64 15.353564 -0.000002 -0.000001 -0.000000 0.000000 -0.873328
 65 19.266846 -0.000002 0.000001 0.268217 -0.064300 -0.067888
 66 4.212047 5.420720 0.000000 -0.000000 0.000000 1.570796
 67 0.549398 -0.000000 0.000001 0.000000 0.000000 0.000000
 68 -38.836464 -1.519707 -0.000047 -3.141593 -1.570796 0.000000
time 125
  0 3.179841 15.881301 31.864050 -0.000436 -0.188861 -2.144571
  1 -5.831655 0.013302 -30.510075 0.158936 -0.102452 2.136446
  2 -6.942417 -0.062971 -0.000002 0.000000 -1.860746 -1.570795
  3 4.039230 -0.002282 -1.204641 0.106452 0.161431 0.937945
  4 4.761443 -0.003790 0.000001 0.000000 0.000000 0.000000
  5 4.762184 -0.003720 0.000094 -0.025155 -0.012559 0.196812
  6 4.762185 -0.003717 0.000096 -0.025155 -0.012559 0.196812
  7 4.762264 -0.002023 0.000000 -0.000000 -0.000001 0.383972
  8 2.746989 -0.000002 -0.000000 -0.644542 0.490304 -0.613167
  9 9.156628 0.000002 0.000000 0.000000 0.000000 0.000000
 10 0.000001 0.002187 -1.281928 0.155436 1.201887 2.901954
 11 7.285011 -0.000002 0.000002 1.124315 0.038956 -0.185281
 12 12.718713 -0.000000 0.000002 -0.000000 -0.000000 -2.250549
 13 10.221165 0.000001 -0.000003 1.534620 0.058843 -0.037151
 14 1.389920 -0.447516 1.936563 -0.210439 -0.761471 0.314906
 15 1.208674 -0.000003 -0.000000 0.000000 0.000000 0.000000
 16 1.208676 0.000002 0.000000 0.000000 0.000000 0.000000
 17 1.208675 0.000003 0.000000 0.000000 0.000000 3.141593
 18 3.507809 -0.429740 1.193334 0.022860 -0.225875 -0.088311
 19 1.560289 -0.000001 0.000000 0.000000 0.000000 0.000000
 20 1.560289 -0.000001 -0.000001 0.000000 0.000000 0.000000
 21 1.560289 -0.000001 -0.000000 0.000000 0.000000 3.141593
 22 3.044310 -0.436516 0.176983 0.140338 -0.004885 0.034563
 23 1.820338 -0.000003 0.000001 0.000000 0.000000 0.000000
 24 1.820338 0.000001 -0.000002 0.000000 0.000000 0.000000
 25 1.820337 0.000003 0.000000 0.000000 0.000000 3.141593
 26 3.330763 -0.128977 -0.727984 0.013106 0.174047 0.071026
 27 1.560290 0.000001 0.000000 0.000000 0.000000 0.000000
 28 1.560289 0.000001 -0.000000 0.000000 0.000000 0.000000
 29 1.560289 0.000001 -0.000001 0.000000 0.000000 3.141593
 30 3.208161 0.466231 -1.931737 0.024854 0.330715 0.074094
 31 1.300242 -0.000004 -0.000000 0.000000 0.000000 0.000000
 32 1.300241 0.000001 -0.000000 0.000000 0.000000 0.000000
 33 1.300241 0.000003 -0.000001 0.000000 0.000000 3.141593
 34 0.000001 0.002182 1.281928 0.628996 -1.161360 2.168286
 35 7.285011 0.000003 0.000001 -0.081880 0.258091 -0.656496
 36 12.538439 -0.000001 -0.000000 -0.000000 0.000000 -1.582940
 37 10.782780 0.000000 -0.000000 -1.590401 0.000691 0.004328
 38 1.016389 0.059479 -2.003610 0.348822 0.790160 0.431299
 39 1.107952 0.000001 0.000000 0.000000 0.000000 0.000000
 40 1.107953 -0.000000 -0.000000 0.000000 0.000000 0.000000
 41 1.107953 -0.000000 -0.000001 0.000000 0.000000 0.000000
 42 3.077731 -0.144549 -1.412630 0.003835 0.209388 0.026587
 43 1.560289 0.000000 -0.000000 0.000000 0.000000 0.000000
 44 1.560289 -0.000000 -0.000000 0.000000 0.000000 0.000000
 45 1.560289 0.000000 -0.000000 0.000000 0.000000 0.000000
 46 2.463501 0.093205 -0.291938 -0.000796 0.000000 0.000000
 47 1.820337 -0.000000 -0.000000 0.000000 0.000000 0.000000
 48 1.820338 -0.000000 -0.000000 0.000000 0.000000 0.000000
 49 1.820337 -0.000000 -0.000001 0.000000 0.000000 0.000000
 50 3.016627 -0.086193 0.699125 -0.016172 -0.173791 0.088745
 51 1.560289 -0.000000 -0.000001 0.000000 0.000000 0.000000
 52 1.560289 -0.000000 -0.000000 0.000000 0.000000 0.000000
 53 1.560289 -0.000000 -0.000000 0.000000 0.000000 0.000000
 54 2.733755 0.442845 1.903233 -0.009342 -0.314026 0.027785
 55 1.300241 -0.000000 -0.000000 0.000000 0.000000 0.000000
 56 1.300241 0.000000 -0.000000 0.000000 0.000000 0.000000
 57 1.300241 0.000000 -0.000000 0.000000 0.000000 0.000000
 58 -3.138434 3.709586 4.049095 -2.973292 -0.539933 1.437705
 59 15.353564 -0.000001 0.000001 -0.000000 0.000000 -1.362357
 60 19.266846 -0.000000 -0.000001 0.380523 -0.158293 0.537120
 61 4.212047 5.420719 0.000000 -0.000000 0.000000 1.570796
 62 0.549398 -0.000000 -0.000000 0.000000 0.000000 3.141593
 63 -1.961033 2.941370 -3.140038 -3.132667 0.194803 1.382939
 64 15.353563 -0.000002 -0.000000 0.000000 -0.000000 -0.915503
 65 19.266844 -0.000000 0.000000 0.331610 -0.044084 -0.050610
 66 4.212047 5.420721 0.000000 -0.000000 0.000000 1.570796
 67 0.549398 -0.000000 0.000001 0.000000 0.000000 0.000000
 68 -38.836464 -1.519709 -0.000052 -3.141593 -1.570796 0.000000
time 126
  0 3.261711 15.957538 32.159279 -0.008155 -0.216191 -2.074199
  1 -6.726543 0.249769 -30.626661 0.186169 -0.110849 2.064725
  2 -6.563632 -0.043950 0.000002 0.000000 -1.822181 -1.570795
  3 4.082475 -0.002508 -1.048102 0.101478 0.157316 0.859416
  4 4.761444 -0.003792 -0.000000 0.000000 0.000000 0.000000
  5 4.762126 -0.003730 0.000067 -0.017775 -0.008139 0.180927
  6 4.762124 -0.003728 0.000068 -0.017775 -0.008139 0.180927
  7 4.762266 -0.002031 0.000000 -0.000000 -0.000001 0.383972
  8 2.746988 0.000002 -0.000000 -0.701386 0.424099 -0.617691
  9 9.156627 -0.000001 -0.000001 0.000000 0.000000 0.000000
 10 0.000001 0.002192 -1.281928 0.275006 1.183282 3.012347
 11 7.285011 -0.000002 0.000001 1.115523 -0.095290 -0.195803
 12 12.718712 0.000001 -0.000001 0.000000 -0.000000 -2.399486
 13 10.221163 0.000001 -0.000002 1.518049 0.061689 -0.021776
 14 1.389921 -0.447522 1.936562 -0.210439 -0.761471 0.314906
 15 1.208675 -0.000001 -0.000001 0.000000 0.000000 0.000000
 16 1.208674 -0.000001 0.000000 0.000000 0.000000 0.000000
 17 1.208675 -0.000001 0.000001 0.000000 0.000000 3.141593
 18 3.507809 -0.429744 1.193333 0.022860 -0.225875 -0.088311
 19 1.560289 0.000001 0.000000 0.000000 0.000000 0.000000
 20 1.560287 0.000003 -0.000000 0.000000 0.000000 0.000000
 21 1.560289 -0.000001 -0.000001 0.000000 0.000000 3.141593
 22 3.044309 -0.436517 0.176983 0.140338 -0.004885 0.034563
 23 1.820337 -0.000001 0.000000 0.000000 0.000000 0.000000
 24 1.820337 0.000000 -0.000000 0.000000 0.000000 0.000000
 25 1.820337 0.000002 -0.000000 0.000000 0.000000 3.141593
 26 3.330763 -0.128979 -0.727985 0.013106 0.174047 0.071026
 27 1.560288 0.000001 -0.000000 0.000000 0.000000 0.000000
 28 1.560290 -0.000001 -0.000000 0.000000 0.000000 0.000000
 29 1.560289 -0.000003 -0.000000 0.000000 0.000000 3.141593
 30 3.208160 0.466230 -1.931737 0.024854 0.330715 0.074094
 31 1.300241 0.000000 0.000000 0.000000 0.000000 0.000000
 32 1.300241 0.000003 -0.000000 0.000000 0.000000 0.000000
 33 1.300242 -0.000001 -0.000000 0.000000 0.000000 3.141593
 34 0.000000 0.002186 1.281927 0.457374 -1.164801 2.332165
 35 7.285011 0.000003 0.000000 0.122475 0.368186 -0.528967
 36 12.538439 -0.000002 0.000000 -0.000000 0.000000 -1.884196
 37 10.782778 0.000001 0.000000 -1.588791 -0.007471 0.026349
 38 1.016389 0.059479 -2.003608 0.348822 0.790160 0.431299
 39 1.107952 -0.000001 -0.000000 0.000000 0.000000 0.000000
 40 1.107952 -0.000000 -0.000001 0.000000 0.000000 0.000000
 41 1.107952 -0.000000 -0.000001 0.000000 0.000000 0.000000
 42 3.077730 -0.144550 -1.412631 0.003835 0.209388 0.026587
 43 1.560289 0.000000 -0.000001 0.000000 0.000000 0.000000
 44 1.560289 -0.000000 0.000000 0.000000 0.000000 0.000000
 45 1.560289 -0.000000 0.000001 0.000000 0.000000 0.000000
 46 2.463500 0.093205 -0.291938 -0.000796 0.000000 0.000000
 47 1.820337 0.000000 0.000001 0.000000 0.000000 0.000000
 48 1.820338 -0.000000 -0.000001 0.000000 0.000000 0.000000
 49 1.820337 0.000000 0.000000 0.000000 0.000000 0.000000
 50 3.016626 -0.086193 0.699124 -0.016172 -0.173791 0.088745
 51 1.560289 0.000000 -0.000001 0.000000 0.000000 0.000000
 52 1.560288 -0.000000 -0.000001 0.000000 0.000000 0.000000
 53 1.560288 -0.000000 -0.000001 0.000000 0.000000 0.000000
 54 2.733753 0.442845 1.903232 -0.009342 -0.314026 0.027785
 55 1.300241 0.000000 0.000001 0.000000 0.000000 0.000000
 56 1.300242 0.000000 0.000001 0.000000 0.000000 0.000000
 57 1.300241 0.000000 -0.000000 0.000000 0.000000 0.000000
 58 -3.368598 3.507098 3.900083 -3.046973 -0.437204 1.543056
 59 15.353565 -0.000000 0.000002 -0.000000 -0.000000 -1.411563
 60 19.266846 0.000000 0.000002 0.142591 -0.009079 0.551595
 61 4.212047 5.420721 0.000000 -0.000000 0.000000 1.570796
 62 0.549398 0.000000 0.000000 0.000000 0.000000 3.141593
 63 -2.220958 2.774163 -3.297540 3.120402 0.243570 1.492358
 64 15.353561 -0.000004 -0.000002 -0.000000 -0.000000 -0.952689
 65 19.266844 0.000000 -0.000001 0.393165 -0.017609 -0.023982
 66 4.212047 5.420721 -0.000001 -0.000000 0.000000 1.570796
 67 0.549398 -0.000000 0.000001 0.000000 0.000000 0.000000
 68 -38.836464 -1.519709 -0.000048 3.141593 -1.570796 0.000000
time 127
  0 3.260584 15.841142 32.456390 -0.014031 -0.238245 -2.009411
  1 -7.470429 0.431600 -30.757589 0.210567 -0.113159 1.999120
  2 -6.057134 -0.022247 0.000001 0.000000 -1.783571 -1.570795
  3 4.119642 -0.002754 -0.889809 0.090943 0.149660 0.766993
  4 4.761447 -0.003793 0.000001 0.000000 0.000000 0.000000
  5 4.762053 -0.003743 0.000043 -0.011562 -0.004606 0.161983
  6 4.762056 -0.003742 0.000044 -0.011562 -0.004606 0.161983
  7 4.762267 -0.002029 0.000000 -0.000000 -0.000001 0.383972
  8 2.746988 0.000001 -0.000000 -0.759944 0.366007 -0.592682
  9 9.156626 -0.000001 -0.000000 0.000000 0.000000 0.000000
 10 0.000000 0.002192 -1.281928 0.271562 1.122173 3.002638
 11 7.285012 -0.000000 -0.000002 1.167702 -0.161952 -0.173603
 12 12.718714 -0.000000 0.000002 -0.000000 0.000000 -2.499471
 13 10.221163 -0.000001 -0.000003 1.489276 0.062856 -0.007330
 14 1.389921 -0.447519 1.936563 -0.210439 -0.761471 0.314906
 15 1.208675 -0.000000 -0.000001 0.000000 0.000000 0.000000
 16 1.208673 -0.000001 0.000002 0.000000 0.000000 0.000000
 17 1.208675 -0.000000 0.000000 0.000000 0.000000 3.141593
 18 3.507809 -0.429743 1.193333 0.022860 -0.225875 -0.088311
 19 1.560288 0.000001 -0.000001 0.000000 0.000000 0.000000
 20 1.560291 -0.000002 -0.000001 0.000000 0.000000 0.000000
 21 1.560289 -0.000001 -0.000001 0.000000 0.000000 3.141593
 22 3.044310 -0.436517 0.176984 0.140338 -0.004885 0.034563
 23 1.820340 -0.000003 0.000000 0.000000 0.000000 0.000000
 24 1.820337 0.000001 0.000000 0.000000 0.000000 0.000000
 25 1.820336 0.000001 0.000000 0.000000 0.000000 3.141593
 26 3.330763 -0.128977 -0.727984 0.013106 0.174047 0.071026
 27 1.560288 -0.000001 -0.000000 0.000000 0.000000 0.000000
 28 1.560289 -0.000001 0.000000 0.000000 0.000000 0.000000
 29 1.560290 -0.000001 0.000000 0.000000 0.000000 3.141593
 30 3.208162 0.466228 -1.931736 0.024854 0.330715 0.074094
 31 1.300240 -0.000000 0.000000 0.000000 0.000000 0.000000
 32 1.300243 -0.000003 0.000000 0.000000 0.000000 0.000000
 33 1.300241 0.000001 -0.000001 0.000000 0.000000 3.141593
 34 0.000000 0.002183 1.281927 0.371129 -1.156749 2.414567
 35 7.285011 0.000002 -0.000000 0.304039 0.454873 -0.400900
 36 12.538441 -0.000001 0.000001 0.000000 0.000000 -2.130118
 37 10.782780 -0.000001 -0.000000 -1.580182 -0.008499 0.040443
 38 1.016389 0.059479 -2.003610 0.348822 0.790160 0.431299
 39 1.107952 -0.000001 0.000001 0.000000 0.000000 0.000000
 40 1.107952 0.000000 0.000001 0.000000 0.000000 0.000000
 41 1.107952 0.000000 0.000001 0.000000 0.000000 0.000000
 42 3.077731 -0.144549 -1.412632 0.003835 0.209388 0.026587
 43 1.560290 -0.000000 -0.000001 0.000000 0.000000 0.000000
 44 1.560289 0.000000 -0.000000 0.000000 0.000000 0.000000
 45 1.560289 0.000000 0.000001 0.000000 0.000000 0.000000
 46 2.463500 0.093205 -0.291939 -0.000796 0.000000 -0.000000
 47 1.820337 -0.000000 -0.000001 0.000000 0.000000 0.000000
 48 1.820338 0.000001 0.000000 0.000000 0.000000 0.000000
 49 1.820338 0.000001 0.000002 0.000000 0.000000 0.000000
 50 3.016626 -0.086193 0.699121 -0.016172 -0.173791 0.088745
 51 1.560290 -0.000000 -0.000001 0.000000 0.000000 0.000000
 52 1.560290 -0.000000 -0.000001 0.000000 0.000000 0.000000
 53 1.560289 -0.000000 -0.000000 0.000000 0.000000 0.000000
 54 2.733754 0.442845 1.903231 -0.009342 -0.314026 0.027785
 55 1.300241 -0.000000 0.000001 0.000000 0.000000 0.000000
 56 1.300240 0.000000 -0.000003 0.000000 0.000000 0.000000
 57 1.300241 -0.000001 0.000001 0.000000 0.000000 0.000000
 58 -3.609877 3.217772 3.783004 0.000050 -2.852761 -1.528324
 59 15.353565 -0.000002 0.000000 -0.000000 0.000000 -1.490957
 60 19.266846 0.000000 -0.000000 -0.082974 0.188995 0.539042
 61 4.212047 5.420720 -0.000001 -0.000000 0.000000 1.570796
 62 0.549397 -0.000000 0.000000 0.000000 0.000000 3.141593
 63 -2.517658 2.559928 -3.430481 -0.048762 2.855288 -1.519841
 64 15.353562 -0.000004 0.000001 0.000000 0.000000 -0.991063
 65 19.266844 0.000000 0.000000 0.455787 0.013847 0.015948
 66 4.212047 5.420720 -0.000000 -0.000000 0.000000 1.570796
 67 0.549397 -0.000000 0.000001 0.000000 0.000000 0.000000
 68 -38.836464 -1.519709 -0.000050 -3.141593 -1.570796 0.000000
time 128
  0 3.189919 15.584776 32.755058 -0.017871 -0.255859 -1.949931
  1 -7.980703 0.545184 -30.503275 0.231928 -0.110479 1.939348
  2 -5.434165 0.004798 0.000002 -0.000000 -1.745576 -1.570795
  3 4.150176 -0.002996 -0.732727 0.077990 0.137516 0.666162
  4 4.761445 -0.003793 -0.000001 0.000000 0.000000 0.000000
  5 4.761977 -0.003754 0.000025 -0.006359 -0.001812 0.141113
  6 4.761980 -0.003755 0.000023 -0.006359 -0.001812 0.141113
  7 4.762263 -0.002028 0.000000 -0.000000 -0.000001 0.383972
  8 2.746989 -0.000003 -0.000000 -0.843945 0.320176 -0.564495
  9 9.156628 -0.000001 0.000001 0.000000 0.000000 0.000000
 10 0.000001 0.002192 -1.281927 0.233621 1.044541 2.959759
 11 7.285011 0.000003 0.000001 1.258334 -0.190300 -0.155421
 12 12.718713 0.000001 -0.000001 -0.000000 -0.000000 -2.570636
 13 10.221162 0.000000 -0.000000 1.453217 0.063010 0.006733
 14 1.389920 -0.447519 1.936563 -0.210439 -0.761471 0.314906
 15 1.208676 -0.000003 -0.000003 0.000000 0.000000 0.000000
 16 1.208674 0.000002 0.000000 0.000000 0.000000 0.000000
 17 1.208674 0.000002 0.000001 0.000000 0.000000 3.141593
 18 3.507810 -0.429743 1.193334 0.022860 -0.225875 -0.088311
 19 1.560289 0.000001 -0.000000 0.000000 0.000000 0.000000
 20 1.560289 0.000002 -0.000000 0.000000 0.000000 0.000000
 21 1.560288 -0.000002 -0.000000 0.000000 0.000000 3.141593
 22 3.044311 -0.436518 0.176983 0.140338 -0.004885 0.034563
 23 1.820338 0.000002 -0.000000 0.000000 0.000000 0.000000
 24 1.820338 0.000002 -0.000000 0.000000 0.000000 0.000000
 25 1.820336 0.000001 -0.000000 0.000000 0.000000 3.141593
 26 3.330763 -0.128979 -0.727984 0.013106 0.174047 0.071026
 27 1.560289 0.000000 0.000000 0.000000 0.000000 0.000000
 28 1.560290 0.000000 0.000001 0.000000 0.000000 0.000000
 29 1.560290 -0.000001 0.000000 0.000000 0.000000 3.141593
 30 3.208161 0.466231 -1.931736 0.024854 0.330715 0.074094
 31 1.300240 0.000002 -0.000001 0.000000 0.000000 0.000000
 32 1.300242 0.000000 0.000000 0.000000 0.000000 0.000000
 33 1.300243 0.000000 0.000001 0.000000 0.000000 3.141593
 34 0.000002 0.002182 1.281927 0.397275 -1.141697 2.392327
 35 7.285011 -0.000001 0.000000 0.419090 0.555479 -0.289057
 36 12.538440 0.000000 0.000000 -0.000000 -0.000000 -2.316980
 37 10.782778 0.000001 0.000000 -1.562084 0.000597 0.044652
 38 1.016389 0.059479 -2.003610 0.348822 0.790160 0.431299
 39 1.107956 -0.000001 -0.000002 0.000000 0.000000 0.000000
 40 1.107951 0.000001 0.000000 0.000000 0.000000 0.000000
 41 1.107950 0.000001 0.000001 0.000000 0.000000 0.000000
 42 3.077730 -0.144549 -1.412630 0.003835 0.209388 0.026587
 43 1.560289 0.000001 -0.000001 0.000000 0.000000 0.000000
 44 1.560289 -0.000000 -0.000001 0.000000 0.000000 0.000000
 45 1.560289 -0.000000 -0.000002 0.000000 0.000000 0.000000
 46 2.463500 0.093204 -0.291938 -0.000796 -0.000000 -0.000000
 47 1.820337 0.000001 0.000003 0.000000 0.000000 0.000000
 48 1.820338 -0.000000 -0.000002 0.000000 0.000000 0.000000
 49 1.820338 -0.000000 0.000000 0.000000 0.000000 0.000000
 50 3.016626 -0.086193 0.699123 -0.016172 -0.173791 0.088745
 51 1.560289 0.000000 -0.000003 0.000000 0.000000 0.000000
 52 1.560289 -0.000000 0.000003 0.000000 0.000000 0.000000
 53 1.560289 -0.000000 0.000001 0.000000 0.000000 0.000000
 54 2.733754 0.442845 1.903233 -0.009342 -0.314026 0.027785
 55 1.300241 -0.000000 0.000001 0.000000 0.000000 0.000000
 56 1.300241 -0.000000 0.000000 0.000000 0.000000 0.000000
 57 1.300241 0.000000 0.000000 0.000000 0.000000 0.000000
 58 -3.832759 2.863644 3.694977 -0.064511 -2.959620 -1.428403
 59 15.353563 -0.000001 0.000000 -0.000000 -0.000000 -1.528350
 60 19.266846 -0.000001 0.000000 -0.288204 0.315375 0.508351
 61 4.212046 5.420720 0.000000 -0.000000 0.000000 1.570796
 62 0.549397 -0.000000 -0.000000 0.000000 0.000000 3.141593
 63 -2.828582 2.298298 -3.539112 -0.068097 2.817574 -1.372064
 64 15.353559 -0.000000 -0.000000 -0.000000 -0.000000 -1.024493
 65 19.266844 -0.000000 -0.000001 0.517043 0.045839 0.065421
 66 4.212046 5.420719 0.000000 -0.000000 -0.000000 1.570796
 67 0.549399 -0.000000 -0.000000 0.000000 0.000000 0.000000
 68 -38.836460 -1.519708 -0.000051 -3.141593 -1.570796 0.000000
time 129
  0 3.063173 15.241113 33.054935 -0.019660 -0.269814 -1.895423
  1 -8.485593 0.603198 -30.676908 0.250248 -0.103820 1.885021
  2 -4.722324 0.037066 0.000002 0.000000 -1.708851 -1.570795
  3 4.173962 -0.003214 -0.579894 0.065535 0.120932 0.562432
  4 4.761442 -0.003792 -0.000000 0.000000 0.000000 0.000000
  5 4.761899 -0.003768 0.000007 -0.001998 0.000378 0.119455
  6 4.761895 -0.003762 0.000008 -0.001998 0.000378 0.119455
  7 4.762266 -0.002029 -0.000001 -0.000000 -0.000001 0.383972
  8 2.746989 0.000000 0.000000 -0.939326 0.271491 -0.541197
  9 9.156630 -0.000001 -0.000002 0.000000 0.000000 0.000000
 10 0.000000 0.002192 -1.281927 0.205287 0.989193 2.929085
 11 7.285011 0.000001 -0.000003 1.338006 -0.212208 -0.143939
 12 12.718713 0.000000 0.000004 -0.000000 -0.000000 -2.623170
 13 10.221161 0.000000 -0.000002 1.419766 0.061743 0.017983
 14 1.389921 -0.447521 1.936563 -0.210439 -0.761471 0.314906
 15 1.208675 0.000000 -0.000002 0.000000 0.000000 0.000000
 16 1.208674 0.000001 0.000003 0.000000 0.000000 0.000000
 17 1.208674 0.000002 -0.000000 0.000000 0.000000 3.141593
 18 3.507808 -0.429744 1.193334 0.022860 -0.225875 -0.088311
 19 1.560290 -0.000000 -0.000001 0.000000 0.000000 0.000000
 20 1.560285 0.000000 0.000002 0.000000 0.000000 0.000000
 21 1.560291 -0.000000 -0.000000 0.000000 0.000000 3.141593
 22 3.044311 -0.436518 0.176984 0.140338 -0.004885 0.034563
 23 1.820339 -0.000001 -0.000000 0.000000 0.000000 0.000000
 24 1.820336 -0.000000 0.000001 0.000000 0.000000 0.000000
 25 1.820338 0.000002 0.000001 0.000000 0.000000 3.141593
 26 3.330762 -0.128978 -0.727983 0.013106 0.174047 0.071026
 27 1.560290 -0.000001 -0.000001 0.000000 0.000000 0.000000
 28 1.560287 -0.000001 0.000001 0.000000 0.000000 0.000000
 29 1.560288 -0.000000 -0.000000 0.000000 0.000000 3.141593
 30 3.208161 0.466228 -1.931735 0.024854 0.330715 0.074094
 31 1.300240 0.000001 0.000001 0.000000 0.000000 0.000000
 32 1.300242 0.000000 -0.000000 0.000000 0.000000 0.000000
 33 1.300241 0.000000 -0.000000 0.000000 0.000000 3.141593
 34 0.000002 0.002183 1.281928 0.465334 -1.123902 2.331645
 35 7.285010 -0.000001 0.000001 0.512341 0.665715 -0.165962
 36 12.538440 -0.000002 0.000002 -0.000000 0.000000 -2.486891
 37 10.782778 -0.000000 -0.000001 -1.538347 0.014604 0.045084
 38 1.016389 0.059480 -2.003608 0.348822 0.790160 0.431299
 39 1.107950 0.000001 0.000001 0.000000 0.000000 0.000000
 40 1.107951 -0.000001 -0.000000 0.000000 0.000000 0.000000
 41 1.107952 -0.000001 -0.000001 0.000000 0.000000 0.000000
 42 3.077730 -0.144549 -1.412629 0.003835 0.209388 0.026587
 43 1.560287 0.000001 0.000003 0.000000 0.000000 0.000000
 44 1.560289 0.000000 -0.000002 0.000000 0.000000 0.000000
 45 1.560290 0.000000 -0.000003 0.000000 0.000000 0.000000
 46 2.463500 0.093205 -0.291938 -0.000796 0.000000 0.000000
 47 1.820336 0.000001 0.000002 0.000000 0.000000 0.000000
 48 1.820338 0.000000 -0.000003 0.000000 0.000000 0.000000
 49 1.820338 0.000000 -0.000000 0.000000 0.000000 0.000000
 50 3.016625 -0.086193 0.699126 -0.016172 -0.173791 0.088745
 51 1.560289 0.000000 -0.000000 0.000000 0.000000 0.000000
 52 1.560289 0.000000 0.000000 0.000000 0.000000 0.000000
 53 1.560288 0.000000 0.000001 0.000000 0.000000 0.000000
 54 2.733754 0.442844 1.903231 -0.009342 -0.314026 0.027785
 55 1.300241 -0.000000 0.000003 0.000000 0.000000 0.000000
 56 1.300241 0.000000 -0.000004 0.000000 0.000000 0.000000
 57 1.300241 0.000000 0.000000 0.000000 0.000000 0.000000
 58 -4.015332 2.471615 3.631728 -0.062712 -2.991248 -1.254947
 59 15.353565 -0.000001 0.000000 -0.000000 0.000000 -1.494435
 60 19.266842 0.000002 -0.000000 -0.243456 0.310530 0.568938
 61 4.212046 5.420720 0.000001 -0.000000 -0.000000 1.570796
 62 0.549397 0.000000 0.000000 0.000000 0.000000 3.141593
 63 -3.131622 1.995381 -3.624463 -0.079726 2.790569 -1.214348
 64 15.353562 -0.000001 0.000001 0.000000 0.000000 -1.051080
 65 19.266846 0.000002 -0.000001 0.579648 0.048713 0.099492
 66 4.212047 5.420720 0.000000 -0.000000 0.000000 1.570796
 67 0.549396 0.000000 -0.000000 0.000000 0.000000 0.000000
 68 -38.836468 -1.519708 -0.000049 -3.141593 -1.570796 0.000000
time 130
  0 2.893803 14.862813 33.355705 -0.019541 -0.280830 -1.845479
  1 -8.906412 0.603305 -30.870602 0.265689 -0.094107 1.835656
  2 -3.965084 0.073213 -0.000000 0.000000 -1.674055 -1.570795
  3 4.191277 -0.003398 -0.434366 0.055895 0.100916 0.461208
  4 4.761445 -0.003790 -0.000000 0.000000 0.000000 0.000000
  5 4.761819 -0.003774 -0.000007 0.001688 0.002097 0.098151
  6 4.761817 -0.003772 -0.000007 0.001688 0.002097 0.098151
  7 4.762264 -0.002029 -0.000000 -0.000000 -0.000001 0.383973
  8 2.746989 -0.000001 0.000000 -1.010096 0.212523 -0.500584
  9 9.156626 0.000002 0.000001 0.000000 0.000000 0.000000
 10 0.000002 0.002190 -1.281927 0.196719 0.974197 2.920222
 11 7.285014 0.000003 -0.000001 1.400158 -0.252978 -0.152380
 12 12.718714 -0.000000 0.000001 0.000000 0.000000 -2.657135
 13 10.221164 -0.000001 0.000002 1.389084 0.057286 0.025426
 14 1.389923 -0.447519 1.936562 -0.210439 -0.761471 0.314906
 15 1.208674 0.000001 0.000002 0.000000 0.000000 0.000000
 16 1.208674 -0.000001 -0.000003 0.000000 0.000000 0.000000
 17 1.208676 -0.000002 -0.000001 0.000000 0.000000 3.141593
 18 3.507812 -0.429743 1.193332 0.022860 -0.225875 -0.088311
 19 1.560286 0.000000 0.000002 0.000000 0.000000 0.000000
 20 1.560289 0.000001 0.000001 0.000000 0.000000 0.000000
 21 1.560292 -0.000001 0.000000 0.000000 0.000000 3.141593
 22 3.044309 -0.436517 0.176983 0.140338 -0.004885 0.034563
 23 1.820335 0.000000 0.000001 0.000000 0.000000 0.000000
 24 1.820339 -0.000002 -0.000002 0.000000 0.000000 0.000000
 25 1.820337 0.000002 0.000000 0.000000 0.000000 3.141593
 26 3.330764 -0.128977 -0.727985 0.013106 0.174047 0.071026
 27 1.560284 0.000001 -0.000000 0.000000 0.000000 0.000000
 28 1.560291 0.000001 -0.000001 0.000000 0.000000 0.000000
 29 1.560290 0.000001 -0.000001 0.000000 0.000000 3.141593
 30 3.208162 0.466231 -1.931737 0.024854 0.330715 0.074094
 31 1.300238 -0.000001 -0.000000 0.000000 0.000000 0.000000
 32 1.300242 -0.000001 0.000001 0.000000 0.000000 0.000000
 33 1.300241 -0.000001 0.000000 0.000000 0.000000 3.141593
 34 0.000002 0.002182 1.281928 0.547541 -1.103042 2.258420
 35 7.285012 0.000001 -0.000001 0.593964 0.775021 -0.033169
 36 12.538440 0.000001 -0.000000 0.000000 0.000000 -2.635398
 37 10.782780 -0.000003 -0.000000 -1.513585 0.030088 0.043702
 38 1.016390 0.059479 -2.003610 0.348822 0.790160 0.431299
 39 1.107952 0.000001 -0.000001 0.000000 0.000000 0.000000
 40 1.107952 -0.000000 0.000001 0.000000 0.000000 0.000000
 41 1.107952 -0.000001 0.000001 0.000000 0.000000 0.000000
 42 3.077732 -0.144549 -1.412632 0.003835 0.209388 0.026587
 43 1.560288 -0.000000 0.000001 0.000000 0.000000 0.000000
 44 1.560289 -0.000000 0.000002 0.000000 0.000000 0.000000
 45 1.560288 -0.000000 0.000002 0.000000 0.000000 0.000000
 46 2.463500 0.093205 -0.291937 -0.000796 0.000000 0.000000
 47 1.820337 -0.000000 -0.000001 0.000000 0.000000 0.000000
 48 1.820336 0.000000 0.000001 0.000000 0.000000 0.000000
 49 1.820338 -0.000000 0.000001 0.000000 0.000000 0.000000
 50 3.016626 -0.086193 0.699126 -0.016172 -0.173791 0.088745
 51 1.560290 0.000000 -0.000001 0.000000 0.000000 0.000000
 52 1.560289 -0.000000 0.000001 0.000000 0.000000 0.000000
 53 1.560288 0.000001 0.000002 0.000000 0.000000 0.000000
 54 2.733755 0.442845 1.903231 -0.009342 -0.314026 0.027785
 55 1.300241 -0.000000 -0.000003 0.000000 0.000000 0.000000
 56 1.300241 -0.000001 0.000003 0.000000 0.000000 0.000000
 57 1.300241 0.000000 0.000000 0.000000 0.000000 0.000000
 58 -4.145504 2.071980 3.588046 -0.056868 -3.016365 -1.080350
 59 15.353565 0.000001 0.000000 0.000000 0.000000 -1.452896
 60 19.266846 -0.000000 0.000000 -0.200955 0.301658 0.624506
 61 4.212046 5.420721 -0.000000 -0.000000 -0.000000 1.570796
 62 0.549397 0.000000 -0.000000 0.000000 0.000000 3.141593
 63 -3.407516 1.664817 -3.688604 -0.086265 2.772928 -1.047965
 64 15.353562 -0.000000 -0.000000 -0.000000 0.000000 -1.064821
 65 19.266848 -0.000003 -0.000001 0.646411 0.054516 0.132886
 66 4.212047 5.420721 -0.000000 -0.000000 0.000000 1.570796
 67 0.549398 0.000000 -0.000000 0.000000 0.000000 0.000000
 68 -38.836464 -1.519709 -0.000049 -3.141593 -1.570796 0.000000
time 131
  0 2.695268 14.502549 33.657017 -0.017782 -0.289563 -1.799644
  1 -9.261758 0.552734 -31.081388 0.278527 -0.082174 1.790712
  2 -3.217874 0.111878 0.000002 0.000000 -1.641842 -1.570794
  3 4.202767 -0.003539 -0.299188 0.050516 0.079176 0.367730
  4 4.761444 -0.003791 0.000000 0.000000 0.000000 0.000000
  5 4.761743 -0.003780 -0.000018 0.004866 0.003472 0.078348
  6 4.761737 -0.003780 -0.000018 0.004866 0.003472 0.078348
  7 4.762267 -0.002029 0.000000 -0.000000 -0.000001 0.383972
  8 2.746988 0.000001 0.000000 -1.041914 0.142248 -0.440149
  9 9.156630 -0.000001 -0.000000 0.000000 0.000000 0.000000
 10 0.000000 0.002192 -1.281928 0.187284 0.982064 2.913139
 11 7.285011 0.000001 0.000001 1.457274 -0.295001 -0.174690
 12 12.718712 0.000003 -0.000000 0.000000 -0.000000 -2.672469
 13 10.221164 0.000000 0.000001 1.360984 0.051037 0.030248
 14 1.389918 -0.447519 1.936563 -0.210439 -0.761471 0.314906
 15 1.208673 0.000001 0.000003 0.000000 0.000000 0.000000
 16 1.208676 0.000002 -0.000002 0.000000 0.000000 0.000000
 17 1.208675 -0.000001 0.000000 0.000000 0.000000 3.141593
 18 3.507809 -0.429743 1.193333 0.022860 -0.225875 -0.088311
 19 1.560288 -0.000001 -0.000000 0.000000 0.000000 0.000000
 20 1.560290 -0.000001 -0.000001 0.000000 0.000000 0.000000
 21 1.560287 0.000001 -0.000001 0.000000 0.000000 3.141593
 22 3.044309 -0.436518 0.176983 0.140338 -0.004885 0.034563
 23 1.820337 -0.000001 -0.000001 0.000000 0.000000 0.000000
 24 1.820336 0.000002 -0.000000 0.000000 0.000000 0.000000
 25 1.820339 0.000000 -0.000000 0.000000 0.000000 3.141593
 26 3.330760 -0.128977 -0.727985 0.013106 0.174047 0.071026
 27 1.560287 0.000002 -0.000000 0.000000 0.000000 0.000000
 28 1.560290 -0.000001 0.000000 0.000000 0.000000 0.000000
 29 1.560288 -0.000000 0.000000 0.000000 0.000000 3.141593
 30 3.208161 0.466230 -1.931737 0.024854 0.330715 0.074094
 31 1.300241 -0.000001 0.000001 0.000000 0.000000 0.000000
 32 1.300243 -0.000002 -0.000000 0.000000 0.000000 0.000000
 33 1.300241 -0.000000 -0.000000 0.000000 0.000000 3.141593
 34 0.000001 0.002185 1.281928 0.620579 -1.081066 2.194088
 35 7.285012 -0.000000 -0.000000 0.673932 0.869061 0.103523
 36 12.538440 0.000001 0.000001 0.000000 0.000000 -2.758046
 37 10.782779 -0.000000 -0.000000 -1.492377 0.043537 0.042188
 38 1.016390 0.059479 -2.003610 0.348822 0.790160 0.431299
 39 1.107952 0.000001 -0.000001 0.000000 0.000000 0.000000
 40 1.107954 -0.000001 0.000000 0.000000 0.000000 0.000000
 41 1.107949 0.000000 0.000000 0.000000 0.000000 0.000000
 42 3.077732 -0.144550 -1.412633 0.003835 0.209388 0.026587
 43 1.560290 -0.000000 0.000000 0.000000 0.000000 0.000000
 44 1.560287 0.000000 0.000001 0.000000 0.000000 0.000000
 45 1.560287 -0.000001 0.000001 0.000000 0.000000 0.000000
 46 2.463501 0.093205 -0.291939 -0.000796 0.000000 0.000000
 47 1.820336 0.000000 0.000001 0.000000 0.000000 0.000000
 48 1.820338 0.000000 -0.000000 0.000000 0.000000 0.000000
 49 1.820339 0.000000 -0.000001 0.000000 0.000000 0.000000
 50 3.016627 -0.086193 0.699123 -0.016172 -0.173791 0.088745
 51 1.560288 -0.000000 -0.000000 0.000000 0.000000 0.000000
 52 1.560289 0.000001 0.000000 0.000000 0.000000 0.000000
 53 1.560288 0.000001 0.000000 0.000000 0.000000 0.000000
 54 2.733755 0.442845 1.903231 -0.009342 -0.314026 0.027785
 55 1.300241 -0.000000 0.000000 0.000000 0.000000 0.000000
 56 1.300240 0.000001 0.000003 0.000000 0.000000 0.000000
 57 1.300241 -0.000000 -0.000002 0.000000 0.000000 0.000000
 58 -4.221599 1.696033 3.558237 -0.048612 -3.034608 -0.913828
 59 15.353561 -0.000001 0.000000 0.000000 -0.000000 -1.404623
 60 19.266842 0.000002 0.000000 -0.160081 0.289612 0.672674
 61 4.212047 5.420720 0.000000 -0.000000 -0.000000 1.570796
 62 0.549397 0.000000 -0.000000 0.000000 0.000000 3.141593
 63 -3.642210 1.327290 -3.734799 -0.086120 2.763173 -0.882480
 64 15.353562 -0.000000 -0.000001 -0.000000 0.000000 -1.065256
 65 19.266846 0.000000 -0.000001 0.713580 0.058559 0.159240
 66 4.212046 5.420719 -0.000001 -0.000000 0.000000 1.570796
 67 0.549397 -0.000000 -0.000000 0.000000 0.000000 0.000000
 68 -38.836464 -1.519708 -0.000050 3.141593 -1.570796 0.000000
time 132
  0 2.481024 14.212984 33.958561 -0.014759 -0.296616 -1.757419
  1 -9.568911 0.462078 -31.305176 0.289126 -0.068782 1.749607
  2 -2.542352 0.152428 -0.000000 0.000001 -1.612871 -1.570796
  3 4.209375 -0.003634 -0.177356 0.049906 0.057761 0.287099
  4 4.761446 -0.003793 -0.000000 -0.000000 0.000000 -0.000000
  5 4.761679 -0.003783 -0.000029 0.007698 0.004633 0.061193
  6 4.761678 -0.003783 -0.000029 0.007698 0.004633 0.061193
  7 4.762261 -0.002029 -0.000000 -0.000000 -0.000001 0.383972
  8 2.746989 -0.000001 -0.000000 -1.054058 0.069232 -0.382085
  9 9.156627 0.000000 -0.000001 0.000000 0.000000 0.000000
 10 0.000002 0.002189 -1.281928 0.154432 0.999653 2.887047
 11 7.285013 0.000000 -0.000001 1.478257 -0.320207 -0.172643
 12 12.718715 0.000003 0.000001 0.000000 0.000000 -2.679174
 13 10.221162 0.000000 -0.000002 1.344854 0.047010 0.033057
 14 1.389921 -0.447519 1.936563 -0.210439 -0.761471 0.314906
 15 1.208675 -0.000000 -0.000000 0.000000 0.000000 0.000000
 16 1.208676 -0.000001 -0.000003 0.000000 0.000000 0.000000
 17 1.208675 -0.000001 0.000001 0.000000 0.000000 3.141593
 18 3.507809 -0.429743 1.193333 0.022860 -0.225875 -0.088311
 19 1.560289 -0.000000 -0.000002 0.000000 0.000000 0.000000
 20 1.560288 -0.000001 0.000002 0.000000 0.000000 0.000000
 21 1.560290 0.000000 -0.000002 0.000000 0.000000 3.141593
 22 3.044310 -0.436517 0.176983 0.140338 -0.004885 0.034563
 23 1.820336 -0.000000 -0.000000 0.000000 0.000000 0.000000
 24 1.820339 -0.000000 0.000000 0.000000 0.000000 0.000000
 25 1.820337 -0.000001 0.000000 0.000000 0.000000 3.141593
 26 3.330764 -0.128977 -0.727985 0.013106 0.174047 0.071026
 27 1.560291 -0.000002 0.000000 0.000000 0.000000 0.000000
 28 1.560287 0.000001 0.000000 0.000000 0.000000 0.000000
 29 1.560288 0.000001 0.000000 0.000000 0.000000 3.141593
 30 3.208163 0.466229 -1.931737 0.024854 0.330715 0.074094
 31 1.300239 0.000001 0.000000 0.000000 0.000000 0.000000
 32 1.300241 0.000001 -0.000001 0.000000 0.000000 0.000000
 33 1.300243 -0.000001 0.000000 0.000000 0.000000 3.141593
 34 0.000003 0.002181 1.281928 0.666302 -1.062398 2.155005
 35 7.285012 0.000001 0.000002 0.758168 0.931829 0.231198
 36 12.538444 -0.000003 0.000001 -0.000000 0.000000 -2.850380
 37 10.782782 -0.000001 -0.000001 -1.479254 0.051356 0.041968
 38 1.016390 0.059478 -2.003609 0.348822 0.790160 0.431299
 39 1.107949 0.000001 -0.000000 0.000000 0.000000 0.000000
 40 1.107954 0.000000 0.000000 0.000000 0.000000 0.000000
 41 1.107952 -0.000000 0.000001 0.000000 0.000000 0.000000
 42 3.077731 -0.144549 -1.412630 0.003835 0.209388 0.026587
 43 1.560292 -0.000001 -0.000002 0.000000 0.000000 0.000000
 44 1.560288 0.000000 -0.000001 0.000000 0.000000 0.000000
 45 1.560289 0.000000 -0.000000 0.000000 0.000000 0.000000
 46 2.463500 0.093205 -0.291938 -0.000796 -0.000000 -0.000000
 47 1.820336 0.000000 0.000001 0.000000 0.000000 0.000000
 48 1.820341 -0.000001 -0.000001 0.000000 0.000000 0.000000
 49 1.820338 0.000000 -0.000001 0.000000 0.000000 0.000000
 50 3.016626 -0.086194 0.699125 -0.016172 -0.173791 0.088745
 51 1.560290 -0.000001 -0.000001 0.000000 0.000000 0.000000
 52 1.560287 0.000000 -0.000000 0.000000 0.000000 0.000000
 53 1.560288 -0.000000 0.000001 0.000000 0.000000 0.000000
 54 2.733752 0.442845 1.903234 -0.009342 -0.314026 0.027785
 55 1.300241 -0.000001 0.000001 0.000000 0.000000 0.000000
 56 1.300241 0.000000 0.000001 0.000000 0.000000 0.000000
 57 1.300242 0.000000 0.000000 0.000000 0.000000 0.000000
 58 -4.251007 1.373596 3.536486 -0.039070 -3.047144 -0.765514
 59 15.353565 -0.000000 0.000000 0.000000 -0.000000 -1.352152
 60 19.266846 0.000001 0.000000 -0.121127 0.275193 0.711853
 61 4.212047 5.420720 -0.000001 -0.000000 -0.000000 1.570796
 62 0.549398 0.000000 0.000001 0.000000 0.000000 3.141593
 63 -3.828117 1.008764 -3.767493 -0.079160 2.758894 -0.729692
 64 15.353564 0.000000 -0.000001 0.000000 -0.000000 -1.054277
 65 19.266846 -0.000002 -0.000001 0.776720 0.057897 0.172303
 66 4.212046 5.420720 0.000001 -0.000000 0.000000 1.570796
 67 0.549398 -0.000000 -0.000001 0.000000 0.000000 0.000000
 68 -38.836464 -1.519707 -0.000049 3.141593 -1.570796 0.000000
time 133
  0 2.264529 14.046785 34.259983 -0.010935 -0.302540 -1.718269
  1 -9.844023 0.344869 -31.537193 0.297912 -0.054620 1.711738
  2 -2.071969 0.109414 0.000001 0.000002 -1.587795 -1.570793
  3 4.212304 -0.003686 -0.071771 0.042372 0.029075 0.232466
  4 4.761444 -0.003790 0.000000 0.000000 0.000000 0.000000
  5 4.761631 -0.003790 -0.000031 0.008014 0.003451 0.049592
  6 4.761633 -0.003784 -0.000030 0.008014 0.003451 0.049592
  7 4.762268 -0.002030 0.000000 -0.000000 -0.000001 0.383972
  8 2.746988 -0.000002 -0.000000 -1.046065 0.018897 -0.354884
  9 9.156625 0.000000 0.000001 0.000000 0.000000 0.000000
 10 -0.000001 0.002189 -1.281928 0.081477 1.023805 2.826455
 11 7.285009 -0.000001 -0.000003 1.459953 -0.341681 -0.160493
 12 12.718712 0.000000 0.000001 -0.000000 0.000000 -2.679083
 13 10.221161 -0.000001 0.000001 1.344085 0.046580 0.033312
 14 1.389920 -0.447519 1.936562 -0.210439 -0.761471 0.314906
 15 1.208674 0.000000 -0.000001 0.000000 0.000000 0.000000
 16 1.208675 -0.000000 -0.000001 0.000000 0.000000 0.000000
 17 1.208674 -0.000000 -0.000001 0.000000 0.000000 3.141593
 18 3.507809 -0.429742 1.193333 0.022860 -0.225875 -0.088311
 19 1.560286 -0.000002 0.000002 0.000000 0.000000 0.000000
 20 1.560289 0.000001 0.000001 0.000000 0.000000 0.000000
 21 1.560291 0.000001 0.000001 0.000000 0.000000 3.141593
 22 3.044307 -0.436517 0.176983 0.140338 -0.004885 0.034563
 23 1.820333 -0.000001 -0.000000 0.000000 0.000000 0.000000
 24 1.820341 -0.000001 -0.000000 0.000000 0.000000 0.000000
 25 1.820340 -0.000001 -0.000001 0.000000 0.000000 3.141593
 26 3.330762 -0.128977 -0.727985 0.013106 0.174047 0.071026
 27 1.560287 0.000001 -0.000001 0.000000 0.000000 0.000000
 28 1.560288 -0.000001 0.000000 0.000000 0.000000 0.000000
 29 1.560289 -0.000000 0.000000 0.000000 0.000000 3.141593
 30 3.208161 0.466230 -1.931738 0.024854 0.330715 0.074094
 31 1.300239 0.000000 0.000000 0.000000 0.000000 0.000000
 32 1.300242 -0.000001 -0.000000 0.000000 0.000000 0.000000
 33 1.300241 0.000001 -0.000000 0.000000 0.000000 3.141593
 34 0.000004 0.002182 1.281927 0.681872 -1.049122 2.143562
 35 7.285014 -0.000001 -0.000000 0.778023 0.952213 0.284041
 36 12.538440 -0.000001 0.000000 -0.000000 -0.000000 -2.888602
 37 10.782780 -0.000003 -0.000000 -1.478989 0.050382 0.042819
 38 1.016388 0.059479 -2.003610 0.348822 0.790160 0.431299
 39 1.107955 -0.000001 0.000001 0.000000 0.000000 0.000000
 40 1.107949 -0.000002 0.000000 0.000000 0.000000 0.000000
 41 1.107952 0.000001 -0.000002 0.000000 0.000000 0.000000
 42 3.077732 -0.144550 -1.412632 0.003835 0.209388 0.026587
 43 1.560293 -0.000001 0.000002 0.000000 0.000000 0.000000
 44 1.560286 0.000000 0.000001 0.000000 0.000000 0.000000
 45 1.560286 -0.000000 0.000002 0.000000 0.000000 0.000000
 46 2.463501 0.093204 -0.291939 -0.000796 0.000000 -0.000000
 47 1.820338 -0.000001 0.000002 0.000000 0.000000 0.000000
 48 1.820334 0.000001 0.000004 0.000000 0.000000 0.000000
 49 1.820336 -0.000000 -0.000001 0.000000 0.000000 0.000000
 50 3.016627 -0.086193 0.699123 -0.016172 -0.173791 0.088745
 51 1.560292 -0.000001 -0.000001 0.000000 0.000000 0.000000
 52 1.560288 -0.000000 -0.000000 0.000000 0.000000 0.000000
 53 1.560288 0.000001 0.000001 0.000000 0.000000 0.000000
 54 2.733753 0.442844 1.903232 -0.009342 -0.314026 0.027785
 55 1.300242 -0.000001 0.000001 0.000000 0.000000 0.000000
 56 1.300238 0.000001 0.000003 0.000000 0.000000 0.000000
 57 1.300242 -0.000000 -0.000001 0.000000 0.000000 0.000000
 58 -4.204985 1.126218 3.569204 -0.030536 -3.039360 -0.657836
 59 15.353566 -0.000001 -0.000000 0.000000 0.000000 -1.301004
 60 19.266846 0.000001 -0.000000 -0.084845 0.256511 0.739387
 61 4.212047 5.420721 -0.000000 -0.000000 0.000000 1.570796
 62 0.549397 -0.000000 -0.000000 0.000000 0.000000 3.141593
 63 -3.992024 0.816039 -3.746429 -0.070737 2.773607 -0.617696
 64 15.353561 0.000000 -0.000001 -0.000000 0.000000 -1.040722
 65 19.266844 -0.000002 -0.000000 0.831879 0.048563 0.166710
 66 4.212046 5.420721 -0.000000 -0.000000 -0.000000 1.570796
 67 0.549397 0.000000 -0.000001 0.000000 0.000000 0.000000
 68 -38.836464 -1.519708 -0.000050 -3.141593 -1.570796 0.000000
time 134
  0 2.036388 13.981463 34.560970 -0.006837 -0.307843 -1.681638
  1 -10.102326 0.217229 -31.772532 0.305348 -0.040322 1.676493
  2 -1.842458 -0.036369 0.000002 -0.000008 -1.567275 -1.570791
  3 4.212798 -0.003707 0.014711 0.024824 -0.007214 0.206258
  4 4.761440 -0.003790 0.000000 0.000000 0.000000 0.000000
  5 4.761611 -0.003789 -0.000021 0.005549 -0.000354 0.044039
  6 4.761613 -0.003789 -0.000021 0.005549 -0.000354 0.044039
  7 4.762262 -0.002027 0.000000 -0.000000 -0.000001 0.383972
  8 2.746988 -0.000002 -0.000000 -1.023440 -0.003862 -0.373051
  9 9.156631 -0.000000 0.000000 0.000000 0.000000 0.000000
 10 0.000002 0.002189 -1.281928 -0.021648 1.052503 2.738018
 11 7.285013 0.000001 -0.000002 1.432384 -0.372350 -0.170522
 12 12.718712 0.000001 0.000001 -0.000000 0.000000 -2.671879
 13 10.221167 -0.000000 -0.000001 1.351975 0.047706 0.031628
 14 1.389919 -0.447519 1.936563 -0.210439 -0.761471 0.314906
 15 1.208673 0.000000 0.000003 0.000000 0.000000 0.000000
 16 1.208675 0.000001 -0.000003 0.000000 0.000000 0.000000
 17 1.208676 0.000001 -0.000000 0.000000 0.000000 3.141593
 18 3.507808 -0.429743 1.193333 0.022860 -0.225875 -0.088311
 19 1.560288 -0.000000 0.000001 0.000000 0.000000 0.000000
 20 1.560292 0.000002 -0.000001 0.000000 0.000000 0.000000
 21 1.560290 -0.000000 -0.000000 0.000000 0.000000 3.141593
 22 3.044309 -0.436516 0.176984 0.140338 -0.004885 0.034563
 23 1.820339 0.000000 -0.000000 0.000000 0.000000 0.000000
 24 1.820336 0.000000 0.000000 0.000000 0.000000 0.000000
 25 1.820337 0.000000 0.000001 0.000000 0.000000 3.141593
 26 3.330762 -0.128977 -0.727984 0.013106 0.174047 0.071026
 27 1.560289 -0.000001 0.000001 0.000000 0.000000 0.000000
 28 1.560294 0.000002 -0.000000 0.000000 0.000000 0.000000
 29 1.560287 0.000000 -0.000000 0.000000 0.000000 3.141593
 30 3.208160 0.466230 -1.931737 0.024854 0.330715 0.074094
 31 1.300240 0.000000 -0.000000 0.000000 0.000000 0.000000
 32 1.300242 0.000000 -0.000000 0.000000 0.000000 0.000000
 33 1.300239 -0.000000 -0.000000 0.000000 0.000000 3.141593
 34 0.000002 0.002181 1.281928 0.681270 -1.039979 2.146637
 35 7.285011 -0.000001 0.000002 0.705106 0.943697 0.240152
 36 12.538440 0.000000 0.000000 0.000000 0.000000 -2.873358
 37 10.782779 0.000002 -0.000000 -1.488870 0.042841 0.043683
 38 1.016391 0.059479 -2.003611 0.348822 0.790160 0.431299
 39 1.107951 -0.000000 0.000000 0.000000 0.000000 0.000000
 40 1.107953 0.000002 -0.000001 0.000000 0.000000 0.000000
 41 1.107953 -0.000001 0.000000 0.000000 0.000000 0.000000
 42 3.077732 -0.144550 -1.412631 0.003835 0.209388 0.026587
 43 1.560287 0.000000 -0.000001 0.000000 0.000000 0.000000
 44 1.560288 0.000000 -0.000000 0.000000 0.000000 0.000000
 45 1.560289 0.000000 -0.000000 0.000000 0.000000 0.000000
 46 2.463500 0.093205 -0.291938 -0.000796 -0.000000 0.000000
 47 1.820338 -0.000001 -0.000000 0.000000 0.000000 0.000000
 48 1.820335 0.000001 0.000001 0.000000 0.000000 0.000000
 49 1.820335 0.000001 0.000002 0.000000 0.000000 0.000000
 50 3.016627 -0.086193 0.699124 -0.016172 -0.173791 0.088745
 51 1.560292 -0.000001 -0.000002 0.000000 0.000000 0.000000
 52 1.560289 0.000000 -0.000000 0.000000 0.000000 0.000000
 53 1.560289 0.000000 0.000001 0.000000 0.000000 0.000000
 54 2.733754 0.442845 1.903233 -0.009342 -0.314026 0.027785
 55 1.300240 -0.000000 0.000001 0.000000 0.000000 0.000000
 56 1.300243 0.000000 -0.000001 0.000000 0.000000 0.000000
 57 1.300242 -0.000001 -0.000001 0.000000 0.000000 0.000000
 58 -4.096330 0.957429 3.654947 -0.027977 -3.008323 -0.598091
 59 15.353563 0.000001 0.000000 0.000000 0.000000 -1.253693
 60 19.266844 -0.000002 0.000000 -0.046720 0.230322 0.725912
 61 4.212047 5.420721 0.000000 -0.000000 -0.000000 1.570796
 62 0.549397 0.000000 -0.000000 0.000000 0.000000 3.141593
 63 -4.149163 0.775597 -3.667908 -0.058806 2.803377 -0.552414
 64 15.353565 0.000000 0.000000 0.000000 -0.000000 -1.034715
 65 19.266846 -0.000000 0.000001 0.878699 0.024828 0.177018
 66 4.212046 5.420722 -0.000001 -0.000000 0.000000 1.570796
 67 0.549398 -0.000000 0.000000 0.000000 0.000000 0.000000
 68 -38.836464 -1.519707 -0.000051 -3.141593 -1.570796 0.000000
time 135
  0 1.781395 13.954864 34.861179 -0.003049 -0.312993 -1.646947
  1 -10.358272 0.097594 -32.006298 0.311923 -0.026468 1.643266
  2 -1.760051 -0.172125 -0.000002 -0.000003 -1.559694 -1.570792
  3 4.212529 -0.003715 0.046736 0.011646 -0.029799 0.197014
  4 4.761446 -0.003792 -0.000000 0.000000 0.000000 0.000000
  5 4.761604 -0.003789 -0.000012 0.003270 -0.003818 0.042055
  6 4.761602 -0.003787 -0.000013 0.003270 -0.003818 0.042055
  7 4.762269 -0.002027 -0.000000 -0.000000 -0.000001 0.383972
  8 2.746988 -0.000002 -0.000000 -1.005279 -0.017023 -0.412035
  9 9.156624 0.000000 -0.000000 0.000000 0.000000 0.000000
 10 0.000002 0.002188 -1.281928 -0.132572 1.075382 2.640037
 11 7.285012 0.000001 0.000001 1.408365 -0.393823 -0.187864
 12 12.718715 0.000001 0.000001 -0.000000 0.000000 -2.664340
 13 10.221167 0.000001 -0.000003 1.362777 0.049288 0.030176
 14 1.389920 -0.447519 1.936563 -0.210439 -0.761471 0.314906
 15 1.208674 -0.000001 0.000003 0.000000 0.000000 0.000000
 16 1.208677 0.000001 -0.000004 0.000000 0.000000 0.000000
 17 1.208674 0.000001 0.000001 0.000000 0.000000 3.141593
 18 3.507809 -0.429744 1.193332 0.022860 -0.225875 -0.088311
 19 1.560288 -0.000000 -0.000001 0.000000 0.000000 0.000000
 20 1.560290 -0.000000 0.000001 0.000000 0.000000 0.000000
 21 1.560288 0.000000 0.000001 0.000000 0.000000 3.141593
 22 3.044310 -0.436516 0.176983 0.140338 -0.004885 0.034563
 23 1.820338 -0.000000 -0.000001 0.000000 0.000000 0.000000
 24 1.820336 -0.000001 0.000001 0.000000 0.000000 0.000000
 25 1.820338 -0.000002 -0.000000 0.000000 0.000000 3.141593
 26 3.330763 -0.128977 -0.727985 0.013106 0.174047 0.071026
 27 1.560290 -0.000002 -0.000000 0.000000 0.000000 0.000000
 28 1.560287 -0.000000 0.000000 0.000000 0.000000 0.000000
 29 1.560289 0.000000 -0.000000 0.000000 0.000000 3.141593
 30 3.208162 0.466230 -1.931737 0.024854 0.330715 0.074094
 31 1.300244 0.000000 0.000000 0.000000 0.000000 0.000000
 32 1.300240 0.000000 -0.000000 0.000000 0.000000 0.000000
 33 1.300241 0.000000 -0.000000 0.000000 0.000000 3.141593
 34 -0.000000 0.002182 1.281928 0.673472 -1.035150 2.155446
 35 7.285012 -0.000001 0.000001 0.612586 0.922538 0.160576
 36 12.538441 -0.000000 0.000001 0.000000 -0.000000 -2.836870
 37 10.782781 -0.000002 -0.000001 -1.502188 0.033185 0.044659
 38 1.016390 0.059479 -2.003610 0.348822 0.790160 0.431299
 39 1.107952 -0.000000 -0.000000 0.000000 0.000000 0.000000
 40 1.107952 0.000000 0.000000 0.000000 0.000000 0.000000
 41 1.107952 0.000000 -0.000000 0.000000 0.000000 0.000000
 42 3.077733 -0.144550 -1.412632 0.003835 0.209388 0.026587
 43 1.560291 -0.000000 0.000000 0.000000 0.000000 0.000000
 44 1.560286 0.000000 0.000001 0.000000 0.000000 0.000000
 45 1.560288 -0.000000 0.000000 0.000000 0.000000 0.000000
 46 2.463503 0.093205 -0.291941 -0.000796 -0.000000 -0.000000
 47 1.820336 0.000000 0.000002 0.000000 0.000000 0.000000
 48 1.820337 -0.000000 0.000002 0.000000 0.000000 0.000000
 49 1.820339 -0.000000 0.000002 0.000000 0.000000 0.000000
 50 3.016629 -0.086194 0.699122 -0.016172 -0.173791 0.088745
 51 1.560290 -0.000001 -0.000000 0.000000 0.000000 0.000000
 52 1.560288 -0.000000 -0.000001 0.000000 0.000000 0.000000
 53 1.560289 -0.000000 -0.000001 0.000000 0.000000 0.000000
 54 2.733754 0.442845 1.903232 -0.009342 -0.314026 0.027785
 55 1.300240 -0.000000 -0.000001 0.000000 0.000000 0.000000
 56 1.300244 -0.000002 -0.000002 0.000000 0.000000 0.000000
 57 1.300241 -0.000000 0.000002 0.000000 0.000000 0.000000
 58 -4.020748 0.871687 3.727473 -0.030314 -2.975888 -0.565297
 59 15.353564 -0.000002 -0.000000 0.000000 0.000000 -1.213508
 60 19.266844 0.000000 -0.000001 -0.005706 0.203906 0.708699
 61 4.212046 5.420720 -0.000001 -0.000000 -0.000000 1.570796
 62 0.549398 0.000000 -0.000000 0.000000 0.000000 3.141593
 63 -4.238997 0.786405 -3.594080 -0.040068 2.827908 -0.511863
 64 15.353561 -0.000001 -0.000000 -0.000000 -0.000000 -1.026183
 65 19.266842 0.000001 -0.000001 0.913869 -0.007607 0.176065
 66 4.212047 5.420720 -0.000001 -0.000000 0.000000 1.570796
 67 0.549398 -0.000000 -0.000000 0.000000 0.000000 0.000000
 68 -38.836468 -1.519708 -0.000049 -3.141593 -1.570796 0.000000
time 136
  0 1.504294 13.960150 35.160290 -0.000200 -0.318425 -1.613603
  1 -10.625627 0.006462 -32.233780 0.318145 -0.013598 1.611453
  2 -1.736697 -0.262256 0.000002 0.000000 -1.567949 -1.570795
  3 4.212760 -0.003721 0.011996 0.007028 -0.031739 0.194385
  4 4.761446 -0.003790 -0.000000 0.000000 0.000000 0.000000
  5 4.761606 -0.003788 -0.000008 0.002094 -0.006071 0.041492
  6 4.761602 -0.003788 -0.000008 0.002094 -0.006071 0.041492
  7 4.762266 -0.002030 -0.000000 -0.000000 -0.000001 0.383972
  8 2.746989 0.000001 0.000000 -0.997552 -0.022517 -0.438756
  9 9.156632 0.000000 -0.000000 0.000000 0.000000 0.000000
 10 0.000001 0.002192 -1.281928 -0.218545 1.086803 2.562716
 11 7.285014 -0.000000 0.000003 1.393549 -0.400640 -0.207606
 12 12.718715 0.000001 0.000001 -0.000000 0.000000 -2.663250
 13 10.221162 -0.000000 -0.000001 1.370746 0.050180 0.031102
 14 1.389921 -0.447519 1.936562 -0.210439 -0.761471 0.314906
 15 1.208675 -0.000002 0.000001 0.000000 0.000000 0.000000
 16 1.208675 0.000001 -0.000001 0.000000 0.000000 0.000000
 17 1.208675 0.000001 -0.000003 0.000000 0.000000 3.141593
 18 3.507808 -0.429744 1.193333 0.022860 -0.225875 -0.088311
 19 1.560292 -0.000001 -0.000000 0.000000 0.000000 0.000000
 20 1.560289 0.000001 0.000000 0.000000 0.000000 0.000000
 21 1.560289 -0.000000 0.000001 0.000000 0.000000 3.141593
 22 3.044309 -0.436517 0.176982 0.140338 -0.004885 0.034563
 23 1.820339 0.000001 0.000000 0.000000 0.000000 0.000000
 24 1.820338 -0.000000 0.000000 0.000000 0.000000 0.000000
 25 1.820336 -0.000001 0.000000 0.000000 0.000000 3.141593
 26 3.330761 -0.128978 -0.727984 0.013106 0.174047 0.071026
 27 1.560289 -0.000000 0.000000 0.000000 0.000000 0.000000
 28 1.560291 -0.000000 0.000000 0.000000 0.000000 0.000000
 29 1.560289 -0.000000 0.000000 0.000000 0.000000 3.141593
 30 3.208161 0.466231 -1.931738 0.024854 0.330715 0.074094
 31 1.300243 0.000001 -0.000001 0.000000 0.000000 0.000000
 32 1.300241 -0.000001 0.000001 0.000000 0.000000 0.000000
 33 1.300242 0.000000 0.000001 0.000000 0.000000 3.141593
 34 0.000000 0.002186 1.281928 0.666717 -1.034816 2.161995
 35 7.285012 0.000001 0.000001 0.552263 0.902817 0.105474
 36 12.538439 -0.000002 -0.000000 0.000000 -0.000000 -2.811357
 37 10.782779 0.000002 0.000001 -1.512233 0.025853 0.045681
 38 1.016389 0.059479 -2.003610 0.348822 0.790160 0.431299
 39 1.107950 0.000001 -0.000001 0.000000 0.000000 0.000000
 40 1.107955 -0.000000 -0.000000 0.000000 0.000000 0.000000
 41 1.107952 -0.000001 0.000001 0.000000 0.000000 0.000000
 42 3.077730 -0.144550 -1.412630 0.003835 0.209388 0.026587
 43 1.560292 -0.000000 0.000000 0.000000 0.000000 0.000000
 44 1.560288 0.000001 -0.000000 0.000000 0.000000 0.000000
 45 1.560288 0.000001 -0.000001 0.000000 0.000000 0.000000
 46 2.463500 0.093205 -0.291939 -0.000796 -0.000000 0.000000
 47 1.820337 -0.000000 0.000002 0.000000 0.000000 0.000000
 48 1.820338 0.000000 0.000002 0.000000 0.000000 0.000000
 49 1.820336 0.000000 0.000001 0.000000 0.000000 0.000000
 50 3.016627 -0.086194 0.699124 -0.016172 -0.173791 0.088745
 51 1.560292 -0.000002 -0.000002 0.000000 0.000000 0.000000
 52 1.560288 0.000001 0.000002 0.000000 0.000000 0.000000
 53 1.560289 0.000000 -0.000001 0.000000 0.000000 0.000000
 54 2.733753 0.442845 1.903232 -0.009342 -0.314026 0.027785
 55 1.300241 0.000000 0.000003 0.000000 0.000000 0.000000
 56 1.300242 -0.000001 -0.000002 0.000000 0.000000 0.000000
 57 1.300243 -0.000001 0.000001 0.000000 0.000000 0.000000
 58 -4.014774 0.843955 3.774123 -0.032480 -2.950362 -0.545584
 59 15.353562 -0.000001 -0.000000 0.000000 -0.000000 -1.179896
 60 19.266844 0.000000 0.000000 0.035283 0.178959 0.690262
 61 4.212047 5.420720 -0.000000 -0.000000 -0.000000 1.570796
 62 0.549397 0.000000 -0.000000 0.000000 0.000000 3.141593
 63 -4.247225 0.792487 -3.547309 -0.021185 2.847692 -0.477230
 64 15.353564 -0.000001 -0.000000 -0.000000 0.000000 -1.009460
 65 19.266848 0.000001 -0.000001 0.949362 -0.037442 0.166845
 66 4.212047 5.420721 -0.000000 -0.000000 0.000000 1.570796
 67 0.549397 0.000001 -0.000001 0.000000 0.000000 0.000000
 68 -38.836464 -1.519708 -0.000050 3.141593 -1.570796 0.000000
time 137
  0 1.209812 13.990491 35.457951 0.001040 -0.324539 -1.580995
  1 -10.917415 -0.033751 -32.450317 0.324533 -0.002212 1.580463
  2 -1.747302 -0.349231 0.000001 -0.000002 -1.584512 -1.570791
  3 4.212379 -0.003719 -0.057798 0.004168 -0.025163 0.195549
  4 4.761445 -0.003791 -0.000000 0.000000 0.000000 0.000000
  5 4.761605 -0.003788 -0.000004 0.000954 -0.008242 0.041746
  6 4.761600 -0.003789 -0.000003 0.000954 -0.008242 0.041746
  7 4.762265 -0.002028 -0.000000 -0.000000 -0.000001 0.383972
  8 2.746986 0.000001 -0.000000 -0.991532 -0.017826 -0.450334
  9 9.156625 -0.000001 -0.000001 0.000000 0.000000 0.000000
 10 -0.000002 0.002193 -1.281928 -0.245549 1.084689 2.538772
 11 7.285011 -0.000001 -0.000000 1.374155 -0.390198 -0.230818
 12 12.718713 -0.000000 0.000001 0.000000 -0.000000 -2.675892
 13 10.221164 -0.000000 0.000000 1.372808 0.049588 0.037016
 14 1.389919 -0.447519 1.936564 -0.210439 -0.761471 0.314906
 15 1.208674 0.000001 0.000002 0.000000 0.000000 0.000000
 16 1.208675 0.000000 0.000000 0.000000 0.000000 0.000000
 17 1.208675 -0.000001 -0.000000 0.000000 0.000000 3.141593
 18 3.507810 -0.429744 1.193333 0.022860 -0.225875 -0.088311
 19 1.560287 0.000001 -0.000000 0.000000 0.000000 0.000000
 20 1.560290 -0.000001 -0.000001 0.000000 0.000000 0.000000
 21 1.560289 -0.000000 -0.000001 0.000000 0.000000 3.141593
 22 3.044308 -0.436518 0.176985 0.140338 -0.004885 0.034563
 23 1.820337 0.000000 0.000000 0.000000 0.000000 0.000000
 24 1.820339 -0.000000 0.000000 0.000000 0.000000 0.000000
 25 1.820337 -0.000000 0.000000 0.000000 0.000000 3.141593
 26 3.330762 -0.128979 -0.727983 0.013106 0.174047 0.071026
 27 1.560289 -0.000001 0.000000 0.000000 0.000000 0.000000
 28 1.560290 -0.000000 0.000000 0.000000 0.000000 0.000000
 29 1.560288 0.000000 0.000000 0.000000 0.000000 3.141593
 30 3.208160 0.466230 -1.931735 0.024854 0.330715 0.074094
 31 1.300239 -0.000000 -0.000000 0.000000 0.000000 0.000000
 32 1.300241 0.000000 0.000000 0.000000 0.000000 0.000000
 33 1.300242 0.000000 0.000000 0.000000 0.000000 3.141593
 34 -0.000000 0.002183 1.281928 0.661389 -1.041574 2.165237
 35 7.285014 -0.000002 -0.000003 0.537584 0.883582 0.099551
 36 12.538444 -0.000001 0.000000 -0.000000 0.000000 -2.801908
 37 10.782779 -0.000001 -0.000001 -1.517740 0.021719 0.046694
 38 1.016389 0.059479 -2.003611 0.348822 0.790160 0.431299
 39 1.107952 -0.000000 -0.000001 0.000000 0.000000 0.000000
 40 1.107951 0.000000 0.000000 0.000000 0.000000 0.000000
 41 1.107951 0.000000 -0.000000 0.000000 0.000000 0.000000
 42 3.077730 -0.144550 -1.412632 0.003835 0.209388 0.026587
 43 1.560290 -0.000001 0.000000 0.000000 0.000000 0.000000
 44 1.560286 0.000001 0.000000 0.000000 0.000000 0.000000
 45 1.560286 0.000001 0.000000 0.000000 0.000000 0.000000
 46 2.463500 0.093205 -0.291940 -0.000796 0.000000 -0.000000
 47 1.820339 -0.000002 -0.000000 0.000000 0.000000 0.000000
 48 1.820336 0.000001 -0.000000 0.000000 0.000000 0.000000
 49 1.820337 0.000001 0.000000 0.000000 0.000000 0.000000
 50 3.016627 -0.086193 0.699122 -0.016172 -0.173791 0.088745
 51 1.560287 0.000000 -0.000001 0.000000 0.000000 0.000000
 52 1.560288 0.000000 -0.000001 0.000000 0.000000 0.000000
 53 1.560290 0.000000 -0.000001 0.000000 0.000000 0.000000
 54 2.733753 0.442845 1.903232 -0.009342 -0.314026 0.027785
 55 1.300240 0.000001 0.000000 0.000000 0.000000 0.000000
 56 1.300242 -0.000000 0.000001 0.000000 0.000000 0.000000
 57 1.300242 0.000000 0.000001 0.000000 0.000000 0.000000
 58 -4.036465 0.838073 3.819758 -0.031993 -2.925611 -0.533234
 59 15.353565 -0.000000 -0.000000 0.000000 -0.000000 -1.149540
 60 19.266846 -0.000000 0.000000 0.072825 0.154832 0.669168
 61 4.212046 5.420721 0.000001 -0.000000 -0.000000 1.570796
 62 0.549397 -0.000000 -0.000000 0.000000 0.000000 3.141593
 63 -4.220763 0.807538 -3.503161 -0.008685 2.868236 -0.440779
 64 15.353562 -0.000001 0.000001 -0.000000 0.000000 -0.979307
 65 19.266846 0.000000 -0.000001 0.977830 -0.021836 0.153511
 66 4.212046 5.420721 -0.000001 -0.000000 0.000000 1.570796
 67 0.549398 -0.000000 -0.000001 0.000000 0.000000 0.000000
 68 -38.836464 -1.519708 -0.000050 -3.141593 -1.570796 0.000000
time 138
  0 0.902695 14.039054 35.753857 -0.000035 -0.331698 -1.548491
  1 -11.245791 0.001136 -32.651131 0.331622 0.007228 1.549707
  2 -1.784055 -0.433466 0.000002 0.000000 -1.601887 -1.570794
  3 4.210764 -0.003713 -0.130936 0.001673 -0.017534 0.199677
  4 4.761445 -0.003793 0.000000 0.000000 0.000000 0.000000
  5 4.761605 -0.003789 0.000001 -0.000159 -0.010351 0.042627
  6 4.761608 -0.003787 0.000000 -0.000159 -0.010351 0.042627
  7 4.762266 -0.002029 -0.000000 -0.000000 -0.000001 0.383972
  8 2.746990 -0.000001 -0.000000 -0.986657 -0.009493 -0.459666
  9 9.156629 -0.000001 -0.000001 0.000000 0.000000 0.000000
 10 0.000003 0.002190 -1.281928 -0.231867 1.075389 2.552010
 11 7.285012 0.000001 0.000001 1.341400 -0.369099 -0.249653
 12 12.718712 -0.000001 0.000002 0.000000 -0.000000 -2.695977
 13 10.221161 -0.000001 0.000000 1.373231 0.048418 0.045862
 14 1.389921 -0.447519 1.936564 -0.210439 -0.761471 0.314906
 15 1.208677 -0.000001 -0.000003 0.000000 0.000000 0.000000
 16 1.208673 0.000000 0.000002 0.000000 0.000000 0.000000
 17 1.208674 0.000001 -0.000000 0.000000 0.000000 3.141593
 18 3.507812 -0.429744 1.193334 0.022860 -0.225875 -0.088311
 19 1.560290 -0.000001 -0.000001 0.000000 0.000000 0.000000
 20 1.560286 0.000001 -0.000001 0.000000 0.000000 0.000000
 21 1.560286 0.000000 -0.000000 0.000000 0.000000 3.141593
 22 3.044313 -0.436518 0.176984 0.140338 -0.004885 0.034563
 23 1.820339 -0.000000 0.000001 0.000000 0.000000 0.000000
 24 1.820337 0.000000 0.000000 0.000000 0.000000 0.000000
 25 1.820339 0.000001 -0.000000 0.000000 0.000000 3.141593
 26 3.330765 -0.128977 -0.727984 0.013106 0.174047 0.071026
 27 1.560291 0.000000 -0.000000 0.000000 0.000000 0.000000
 28 1.560290 -0.000003 0.000000 0.000000 0.000000 0.000000
 29 1.560289 -0.000000 -0.000000 0.000000 0.000000 3.141593
 30 3.208163 0.466230 -1.931736 0.024854 0.330715 0.074094
 31 1.300242 0.000000 -0.000001 0.000000 0.000000 0.000000
 32 1.300239 0.000000 0.000000 0.000000 0.000000 0.000000
 33 1.300239 0.000001 0.000000 0.000000 0.000000 3.141593
 34 -0.000001 0.002184 1.281928 0.653433 -1.054472 2.169403
 35 7.285012 -0.000001 0.000001 0.552143 0.862238 0.120333
 36 12.538438 -0.000001 0.000000 0.000000 0.000000 -2.792506
 37 10.782779 0.000001 0.000001 -1.522112 0.018516 0.047721
 38 1.016391 0.059478 -2.003612 0.348822 0.790160 0.431299
 39 1.107950 0.000001 -0.000000 0.000000 0.000000 0.000000
 40 1.107955 0.000001 -0.000001 0.000000 0.000000 0.000000
 41 1.107952 0.000000 -0.000000 0.000000 0.000000 0.000000
 42 3.077733 -0.144551 -1.412631 0.003835 0.209388 0.026587
 43 1.560290 -0.000001 -0.000001 0.000000 0.000000 0.000000
 44 1.560286 0.000001 -0.000001 0.000000 0.000000 0.000000
 45 1.560286 0.000000 -0.000000 0.000000 0.000000 0.000000
 46 2.463500 0.093205 -0.291939 -0.000796 0.000000 0.000000
 47 1.820336 -0.000001 -0.000000 0.000000 0.000000 0.000000
 48 1.820338 0.000001 -0.000000 0.000000 0.000000 0.000000
 49 1.820336 -0.000000 -0.000000 0.000000 0.000000 0.000000
 50 3.016629 -0.086194 0.699122 -0.016172 -0.173791 0.088745
 51 1.560290 -0.000000 0.000002 0.000000 0.000000 0.000000
 52 1.560288 -0.000000 -0.000002 0.000000 0.000000 0.000000
 53 1.560290 -0.000000 0.000002 0.000000 0.000000 0.000000
 54 2.733753 0.442845 1.903232 -0.009342 -0.314026 0.027785
 55 1.300241 0.000000 0.000000 0.000000 0.000000 0.000000
 56 1.300241 -0.000001 0.000001 0.000000 0.000000 0.000000
 57 1.300241 0.000000 0.000001 0.000000 0.000000 0.000000
 58 -4.059218 0.845330 3.863943 -0.028408 -2.903467 -0.526835
 59 15.353564 0.000001 0.000000 0.000000 -0.000000 -1.120577
 60 19.266844 -0.000001 0.000000 0.107775 0.146763 0.638418
 61 4.212046 5.420720 0.000000 -0.000000 -0.000000 1.570796
 62 0.549398 0.000000 -0.000000 0.000000 0.000000 3.141593
 63 -4.187642 0.833065 -3.460223 0.002890 2.892098 -0.408125
 64 15.353563 0.000001 -0.000001 -0.000000 0.000000 -0.948177
 65 19.266846 -0.000002 -0.000001 1.007336 -0.008619 0.139424
 66 4.212046 5.420720 0.000002 -0.000000 0.000000 1.570796
 67 0.549398 -0.000000 0.000001 0.000000 0.000000 0.000000
 68 -38.836464 -1.519709 -0.000050 3.141593 -1.570796 0.000000
time 139
  0 0.587679 14.099005 36.047646 -0.001673 -0.336782 -1.529119
  1 -11.508730 0.055006 -32.870773 0.336577 0.012097 1.531459
  2 -1.839125 -0.515493 0.000002 -0.000001 -1.612532 -1.570795
  3 4.209155 -0.003709 -0.175735 -0.001941 -0.016303 0.205913
  4 4.761442 -0.003792 0.000000 0.000000 0.000000 -0.000000
  5 4.761609 -0.003787 0.000005 -0.001255 -0.012413 0.043949
  6 4.761615 -0.003788 0.000005 -0.001255 -0.012413 0.043949
  7 4.762260 -0.002027 0.000000 -0.000000 -0.000001 0.383972
  8 2.746989 0.000001 -0.000000 -0.982567 0.001460 -0.467190
  9 9.156629 -0.000000 -0.000000 0.000000 0.000000 0.000000
 10 0.000000 0.002191 -1.281928 -0.218474 1.068447 2.564637
 11 7.285011 -0.000000 -0.000001 1.312568 -0.360013 -0.267192
 12 12.718712 0.000001 0.000001 0.000000 -0.000000 -2.709926
 13 10.221165 0.000000 -0.000000 1.377305 0.048004 0.052756
 14 1.389919 -0.447520 1.936563 -0.210439 -0.761471 0.314906
 15 1.208674 -0.000001 -0.000000 0.000000 0.000000 0.000000
 16 1.208676 0.000002 -0.000002 0.000000 0.000000 0.000000
 17 1.208674 0.000001 -0.000004 0.000000 0.000000 3.141593
 18 3.507809 -0.429744 1.193334 0.022860 -0.225875 -0.088311
 19 1.560288 -0.000002 0.000003 0.000000 0.000000 0.000000
 20 1.560290 0.000001 -0.000002 0.000000 0.000000 0.000000
 21 1.560288 0.000001 -0.000003 0.000000 0.000000 3.141593
 22 3.044312 -0.436518 0.176983 0.140338 -0.004885 0.034563
 23 1.820339 0.000000 0.000000 0.000000 0.000000 0.000000
 24 1.820334 0.000002 0.000000 0.000000 0.000000 0.000000
 25 1.820337 -0.000001 -0.000000 0.000000 0.000000 3.141593
 26 3.330763 -0.128977 -0.727985 0.013106 0.174047 0.071026
 27 1.560291 -0.000001 0.000001 0.000000 0.000000 0.000000
 28 1.560290 -0.000001 -0.000001 0.000000 0.000000 0.000000
 29 1.560288 -0.000000 -0.000001 0.000000 0.000000 3.141593
 30 3.208161 0.466230 -1.931737 0.024854 0.330715 0.074094
 31 1.300240 0.000001 0.000000 0.000000 0.000000 0.000000
 32 1.300242 -0.000000 -0.000000 0.000000 0.000000 0.000000
 33 1.300239 -0.000000 -0.000000 0.000000 0.000000 3.141593
 34 0.000004 0.002183 1.281927 0.644394 -1.068442 2.174454
 35 7.285013 0.000001 -0.000001 0.572467 0.840786 0.147344
 36 12.538443 -0.000001 0.000001 -0.000000 0.000000 -2.783716
 37 10.782778 0.000001 -0.000001 -1.525639 0.015963 0.048663
 38 1.016387 0.059478 -2.003610 0.348822 0.790160 0.431299
 39 1.107955 -0.000001 -0.000001 0.000000 0.000000 0.000000
 40 1.107950 -0.000001 -0.000000 0.000000 0.000000 0.000000
 41 1.107952 -0.000000 -0.000000 0.000000 0.000000 0.000000
 42 3.077730 -0.144551 -1.412632 0.003835 0.209388 0.026587
 43 1.560286 0.000001 0.000001 0.000000 0.000000 0.000000
 44 1.560289 -0.000001 0.000001 0.000000 0.000000 0.000000
 45 1.560292 -0.000000 0.000000 0.000000 0.000000 0.000000
 46 2.463499 0.093204 -0.291940 -0.000796 0.000000 0.000000
 47 1.820339 -0.000001 0.000001 0.000000 0.000000 0.000000
 48 1.820338 0.000000 0.000001 0.000000 0.000000 0.000000
 49 1.820336 0.000000 0.000001 0.000000 0.000000 0.000000
 50 3.016624 -0.086193 0.699123 -0.016172 -0.173791 0.088745
 51 1.560287 -0.000000 0.000002 0.000000 0.000000 0.000000
 52 1.560289 -0.000000 -0.000002 0.000000 0.000000 0.000000
 53 1.560291 -0.000000 0.000000 0.000000 0.000000 0.000000
 54 2.733754 0.442844 1.903230 -0.009342 -0.314026 0.027785
 55 1.300241 0.000000 0.000000 0.000000 0.000000 0.000000
 56 1.300242 -0.000000 -0.000001 0.000000 0.000000 0.000000
 57 1.300242 -0.000001 -0.000002 0.000000 0.000000 0.000000
 58 -4.056355 0.856665 3.906703 -0.024478 -2.883111 -0.521219
 59 15.353564 -0.000001 0.000000 0.000000 0.000000 -1.088310
 60 19.266846 0.000000 0.000000 0.128251 0.143831 0.602944
 61 4.212046 5.420720 -0.000000 -0.000000 -0.000000 1.570796
 62 0.549398 0.000000 -0.000000 0.000000 0.000000 3.141593
 63 -4.175771 0.870871 -3.417612 0.011020 2.916922 -0.387089
 64 15.353565 -0.000000 -0.000001 -0.000000 0.000000 -0.917929
 65 19.266848 -0.000000 -0.000001 1.025268 0.002026 0.123780
 66 4.212047 5.420720 -0.000001 -0.000000 0.000000 1.570796
 67 0.549397 0.000000 -0.000001 0.000000 0.000000 0.000000
 68 -38.836464 -1.519708 -0.000050 3.141593 -1.570796 0.000000
time 140
  0 0.269505 14.163512 36.339016 -0.001874 -0.337691 -1.530484
  1 -11.635132 0.062097 -33.135204 0.337508 0.011480 1.532759
  2 -1.904691 -0.595954 0.000001 -0.000001 -1.614971 -1.570795
  3 4.208738 -0.003704 -0.185978 -0.007134 -0.022975 0.213383
  4 4.761446 -0.003793 -0.000000 0.000000 0.000000 0.000000
  5 4.761617 -0.003788 0.000009 -0.002343 -0.014449 0.045523
  6 4.761620 -0.003787 0.000009 -0.002343 -0.014449 0.045523
  7 4.762262 -0.002029 0.000000 -0.000000 -0.000001 0.383972
  8 2.746988 0.000000 -0.000000 -0.978909 0.014049 -0.473374
  9 9.156626 -0.000001 -0.000001 0.000000 0.000000 0.000000
 10 -0.000001 0.002192 -1.281928 -0.218075 1.067203 2.565119
 11 7.285011 0.000002 -0.000001 1.292850 -0.370544 -0.283449
 12 12.718714 -0.000000 0.000001 -0.000000 -0.000000 -2.713261
 13 10.221165 0.000001 -0.000001 1.386778 0.048760 0.056093
 14 1.389920 -0.447520 1.936562 -0.210439 -0.761471 0.314906
 15 1.208674 0.000002 -0.000000 0.000000 0.000000 0.000000
 16 1.208677 -0.000001 -0.000003 0.000000 0.000000 0.000000
 17 1.208674 0.000000 0.000002 0.000000 0.000000 3.141593
 18 3.507808 -0.429745 1.193333 0.022860 -0.225875 -0.088311
 19 1.560292 0.000001 0.000000 0.000000 0.000000 0.000000
 20 1.560288 -0.000001 0.000001 0.000000 0.000000 0.000000
 21 1.560287 0.000000 0.000001 0.000000 0.000000 3.141593
 22 3.044308 -0.436518 0.176983 0.140338 -0.004885 0.034563
 23 1.820337 0.000001 0.000001 0.000000 0.000000 0.000000
 24 1.820335 0.000001 0.000001 0.000000 0.000000 0.000000
 25 1.820336 -0.000001 0.000001 0.000000 0.000000 3.141593
 26 3.330760 -0.128977 -0.727985 0.013106 0.174047 0.071026
 27 1.560290 -0.000001 -0.000001 0.000000 0.000000 0.000000
 28 1.560287 -0.000001 0.000000 0.000000 0.000000 0.000000
 29 1.560287 -0.000001 0.000000 0.000000 0.000000 3.141593
 30 3.208159 0.466230 -1.931737 0.024854 0.330715 0.074094
 31 1.300239 0.000000 0.000000 0.000000 0.000000 0.000000
 32 1.300239 0.000000 0.000000 0.000000 0.000000 0.000000
 33 1.300242 -0.000000 0.000000 0.000000 0.000000 3.141593
 34 0.000001 0.002183 1.281927 0.636079 -1.078395 2.179931
 35 7.285013 -0.000001 -0.000001 0.578052 0.822018 0.162939
 36 12.538437 -0.000002 0.000000 0.000000 -0.000000 -2.776103
 37 10.782778 -0.000003 0.000001 -1.528609 0.013779 0.049429
 38 1.016389 0.059479 -2.003610 0.348822 0.790160 0.431299
 39 1.107953 0.000000 -0.000000 0.000000 0.000000 0.000000
 40 1.107953 0.000001 -0.000001 0.000000 0.000000 0.000000
 41 1.107952 -0.000001 0.000000 0.000000 0.000000 0.000000
 42 3.077731 -0.144550 -1.412630 0.003835 0.209388 0.026587
 43 1.560289 -0.000001 -0.000001 0.000000 0.000000 0.000000
 44 1.560288 0.000001 0.000000 0.000000 0.000000 0.000000
 45 1.560290 -0.000000 -0.000000 0.000000 0.000000 0.000000
 46 2.463501 0.093205 -0.291940 -0.000796 0.000000 0.000000
 47 1.820338 -0.000001 0.000001 0.000000 0.000000 0.000000
 48 1.820336 -0.000000 0.000000 0.000000 0.000000 0.000000
 49 1.820339 -0.000000 0.000000 0.000000 0.000000 0.000000
 50 3.016627 -0.086193 0.699122 -0.016172 -0.173791 0.088745
 51 1.560291 -0.000001 -0.000002 0.000000 0.000000 0.000000
 52 1.560288 0.000000 0.000003 0.000000 0.000000 0.000000
 53 1.560286 0.000000 -0.000001 0.000000 0.000000 0.000000
 54 2.733755 0.442844 1.903230 -0.009342 -0.314026 0.027785
 55 1.300241 -0.000001 -0.000001 0.000000 0.000000 0.000000
 56 1.300241 -0.000000 -0.000000 0.000000 0.000000 0.000000
 57 1.300240 0.000000 -0.000000 0.000000 0.000000 0.000000
 58 -4.023005 0.866755 3.948372 -0.022664 -2.865185 -0.513564
 59 15.353563 -0.000001 0.000001 0.000000 -0.000000 -1.051133
 60 19.266846 0.000000 0.000000 0.127791 0.145242 0.564005
 61 4.212046 5.420720 0.000000 -0.000000 -0.000000 1.570796
 62 0.549398 -0.000000 0.000000 0.000000 0.000000 3.141593
 63 -4.191277 0.918988 -3.374810 0.014921 2.940012 -0.380635
 64 15.353559 0.000000 0.000001 -0.000000 0.000000 -0.888498
 65 19.266846 -0.000000 -0.000001 1.023919 0.010827 0.105246
 66 4.212047 5.420719 -0.000002 -0.000000 0.000000 1.570796
 67 0.549398 0.000000 -0.000001 0.000000 0.000000 0.000000
 68 -38.836460 -1.519706 -0.000050 -3.141593 -1.570796 0.000000
time 141
  0 -0.047084 14.225740 36.627613 -0.001228 -0.336218 -1.543709
  1 -11.681558 0.041059 -33.424767 0.336136 0.007708 1.545225
  2 -1.972994 -0.675593 -0.000001 -0.000001 -1.614071 -1.570795
  3 4.208929 -0.003698 -0.182167 -0.013074 -0.032840 0.221212
  4 4.761443 -0.003791 0.000000 0.000000 0.000000 -0.000000
  5 4.761625 -0.003787 0.000013 -0.003433 -0.016476 0.047162
  6 4.761623 -0.003788 0.000013 -0.003433 -0.016476 0.047162
  7 4.762261 -0.002029 0.000000 -0.000000 -0.000001 0.383972
  8 2.746988 0.000000 0.000000 -0.975376 0.027316 -0.478714
  9 9.156627 0.000000 0.000000 0.000000 0.000000 0.000000
 10 0.000003 0.002190 -1.281928 -0.217538 1.067678 2.565545
 11 7.285012 -0.000000 0.000000 1.274505 -0.389902 -0.297266
 12 12.718717 -0.000001 0.000001 -0.000000 0.000000 -2.712281
 13 10.221164 -0.000001 -0.000000 1.398829 0.050026 0.058073
 14 1.389924 -0.447520 1.936564 -0.210439 -0.761471 0.314906
 15 1.208674 0.000002 0.000002 0.000000 0.000000 0.000000
 16 1.208676 -0.000001 -0.000003 0.000000 0.000000 0.000000
 17 1.208676 0.000000 -0.000000 0.000000 0.000000 3.141593
 18 3.507809 -0.429744 1.193335 0.022860 -0.225875 -0.088311
 19 1.560287 0.000000 -0.000001 0.000000 0.000000 0.000000
 20 1.560289 -0.000000 -0.000001 0.000000 0.000000 0.000000
 21 1.560291 -0.000001 -0.000001 0.000000 0.000000 3.141593
 22 3.044312 -0.436518 0.176985 0.140338 -0.004885 0.034563
 23 1.820338 0.000001 -0.000001 0.000000 0.000000 0.000000
 24 1.820340 -0.000002 0.000001 0.000000 0.000000 0.000000
 25 1.820337 -0.000001 0.000001 0.000000 0.000000 3.141593
 26 3.330764 -0.128977 -0.727984 0.013106 0.174047 0.071026
 27 1.560288 -0.000001 -0.000001 0.000000 0.000000 0.000000
 28 1.560287 -0.000001 0.000001 0.000000 0.000000 0.000000
 29 1.560289 -0.000001 -0.000000 0.000000 0.000000 3.141593
 30 3.208163 0.466231 -1.931736 0.024854 0.330715 0.074094
 31 1.300239 0.000000 0.000000 0.000000 0.000000 0.000000
 32 1.300242 0.000000 0.000000 0.000000 0.000000 0.000000
 33 1.300242 -0.000000 0.000000 0.000000 0.000000 3.141593
 34 0.000002 0.002183 1.281928 0.629426 -1.081186 2.185612
 35 7.285012 0.000001 0.000004 0.564598 0.808849 0.165705
 36 12.538437 -0.000001 0.000001 -0.000000 -0.000000 -2.770732
 37 10.782776 0.000000 -0.000001 -1.530426 0.012366 0.049849
 38 1.016388 0.059479 -2.003609 0.348822 0.790160 0.431299
 39 1.107950 -0.000001 0.000001 0.000000 0.000000 0.000000
 40 1.107955 0.000001 -0.000002 0.000000 0.000000 0.000000
 41 1.107951 0.000000 0.000000 0.000000 0.000000 0.000000
 42 3.077730 -0.144550 -1.412629 0.003835 0.209388 0.026587
 43 1.560291 -0.000002 -0.000001 0.000000 0.000000 0.000000
 44 1.560287 0.000001 -0.000001 0.000000 0.000000 0.000000
 45 1.560287 0.000000 -0.000001 0.000000 0.000000 0.000000
 46 2.463499 0.093205 -0.291938 -0.000796 0.000000 0.000000
 47 1.820339 -0.000000 -0.000002 0.000000 0.000000 0.000000
 48 1.820338 -0.000000 0.000002 0.000000 0.000000 0.000000
 49 1.820337 -0.000000 0.000001 0.000000 0.000000 0.000000
 50 3.016627 -0.086194 0.699124 -0.016172 -0.173791 0.088745
 51 1.560292 -0.000002 -0.000001 0.000000 0.000000 0.000000
 52 1.560289 0.000000 -0.000001 0.000000 0.000000 0.000000
 53 1.560287 -0.000000 0.000000 0.000000 0.000000 0.000000
 54 2.733752 0.442845 1.903234 -0.009342 -0.314026 0.027785
 55 1.300241 0.000000 0.000000 0.000000 0.000000 0.000000
 56 1.300241 -0.000001 0.000002 0.000000 0.000000 0.000000
 57 1.300241 0.000000 0.000002 0.000000 0.000000 0.000000
 58 -3.977106 0.875027 3.989329 -0.022073 -2.847568 -0.502419
 59 15.353565 0.000000 0.000001 0.000000 -0.000000 -1.010926
 60 19.266844 -0.000001 -0.000000 0.113942 0.139377 0.530847
 61 4.212046 5.420720 0.000000 -0.000000 -0.000000 1.570796
 62 0.549397 0.000000 0.000001 0.000000 0.000000 3.141593
 63 -4.217623 0.970729 -3.331398 0.017490 2.963583 -0.382733
 64 15.353561 -0.000000 0.000000 0.000000 0.000000 -0.862511
 65 19.266844 -0.000002 0.000001 1.016877 0.003051 0.090023
 66 4.212046 5.420719 -0.000000 -0.000000 -0.000000 1.570796
 67 0.549396 0.000000 0.000000 0.000000 0.000000 0.000000
 68 -38.836464 -1.519708 -0.000050 3.141593 -1.570796 0.000000
time 142
  0 -0.357360 14.278860 36.913120 -0.000404 -0.334140 -1.559887
  1 -11.705678 0.013615 -33.718719 0.334125 0.003174 1.560490
  2 -2.036345 -0.755256 -0.000001 0.000000 -1.611835 -1.570794
  3 4.209353 -0.003691 -0.172734 -0.019435 -0.044017 0.228529
  4 4.761444 -0.003793 -0.000000 0.000000 0.000000 -0.000000
  5 4.761630 -0.003785 0.000017 -0.004530 -0.018515 0.048678
  6 4.761627 -0.003787 0.000017 -0.004530 -0.018515 0.048678
  7 4.762266 -0.002028 -0.000000 -0.000000 -0.000001 0.383972
  8 2.746989 0.000002 -0.000000 -0.971726 0.040326 -0.483723
  9 9.156631 0.000000 -0.000000 0.000000 0.000000 0.000000
 10 0.000000 0.002193 -1.281928 -0.216943 1.068841 2.565953
 11 7.285014 -0.000002 -0.000001 1.255801 -0.413094 -0.309378
 12 12.718713 -0.000000 -0.000000 0.000000 -0.000000 -2.709575
 13 10.221164 -0.000000 0.000000 1.411913 0.051488 0.059526
 14 1.389919 -0.447519 1.936562 -0.210439 -0.761471 0.314906
 15 1.208674 0.000001 0.000001 0.000000 0.000000 0.000000
 16 1.208676 -0.000000 -0.000001 0.000000 0.000000 0.000000
 17 1.208676 -0.000001 -0.000002 0.000000 0.000000 3.141593
 18 3.507807 -0.429743 1.193333 0.022860 -0.225875 -0.088311
 19 1.560290 0.000001 -0.000002 0.000000 0.000000 0.000000
 20 1.560289 0.000001 0.000002 0.000000 0.000000 0.000000
 21 1.560291 0.000000 -0.000001 0.000000 0.000000 3.141593
 22 3.044308 -0.436517 0.176984 0.140338 -0.004885 0.034563
 23 1.820338 -0.000001 -0.000000 0.000000 0.000000 0.000000
 24 1.820340 -0.000000 -0.000001 0.000000 0.000000 0.000000
 25 1.820338 -0.000000 -0.000001 0.000000 0.000000 3.141593
 26 3.330763 -0.128977 -0.727986 0.013106 0.174047 0.071026
 27 1.560290 -0.000001 -0.000001 0.000000 0.000000 0.000000
 28 1.560284 -0.000000 0.000001 0.000000 0.000000 0.000000
 29 1.560290 -0.000001 0.000001 0.000000 0.000000 3.141593
 30 3.208159 0.466231 -1.931737 0.024854 0.330715 0.074094
 31 1.300240 -0.000001 0.000001 0.000000 0.000000 0.000000
 32 1.300242 0.000001 -0.000000 0.000000 0.000000 0.000000
 33 1.300239 -0.000001 -0.000000 0.000000 0.000000 3.141593
 34 0.000003 0.002186 1.281928 0.623576 -1.079827 2.191527
 35 7.285012 0.000001 0.000001 0.545607 0.799553 0.167389
 36 12.538441 0.000001 0.000001 -0.000000 -0.000000 -2.767119
 37 10.782779 -0.000000 -0.000000 -1.531078 0.011769 0.049990
 38 1.016390 0.059479 -2.003609 0.348822 0.790160 0.431299
 39 1.107954 -0.000003 0.000001 0.000000 0.000000 0.000000
 40 1.107953 0.000000 -0.000001 0.000000 0.000000 0.000000
 41 1.107952 0.000002 -0.000001 0.000000 0.000000 0.000000
 42 3.077732 -0.144550 -1.412629 0.003835 0.209388 0.026587
 43 1.560289 0.000001 -0.000001 0.000000 0.000000 0.000000
 44 1.560293 -0.000001 -0.000002 0.000000 0.000000 0.000000
 45 1.560290 0.000000 0.000002 0.000000 0.000000 0.000000
 46 2.463501 0.093205 -0.291938 -0.000796 -0.000000 0.000000
 47 1.820340 -0.000001 0.000002 0.000000 0.000000 0.000000
 48 1.820337 0.000000 0.000002 0.000000 0.000000 0.000000
 49 1.820337 0.000000 -0.000001 0.000000 0.000000 0.000000
 50 3.016628 -0.086193 0.699125 -0.016172 -0.173791 0.088745
 51 1.560289 -0.000001 0.000000 0.000000 0.000000 0.000000
 52 1.560289 -0.000000 0.000001 0.000000 0.000000 0.000000
 53 1.560289 0.000000 0.000001 0.000000 0.000000 0.000000
 54 2.733755 0.442845 1.903233 -0.009342 -0.314026 0.027785
 55 1.300241 0.000000 0.000001 0.000000 0.000000 0.000000
 56 1.300241 -0.000000 0.000002 0.000000 0.000000 0.000000
 57 1.300241 0.000000 0.000002 0.000000 0.000000 0.000000
 58 -3.926343 0.879061 4.029888 -0.022526 -2.830590 -0.488237
 59 15.353565 0.000001 -0.000001 -0.000000 0.000000 -0.968455
 60 19.266844 -0.000001 -0.000001 0.096641 0.133913 0.497186
 61 4.212047 5.420721 -0.000000 -0.000000 0.000000 1.570796
 62 0.549398 -0.000000 -0.000000 0.000000 0.000000 3.141593
 63 -4.248673 1.021271 -3.286938 0.019376 2.986737 -0.384292
 64 15.353563 -0.000000 0.000000 -0.000000 0.000000 -0.834947
 65 19.266846 -0.000000 -0.000000 1.006814 -0.003860 0.074251
 66 4.212046 5.420720 0.000000 -0.000000 0.000000 1.570796
 67 0.549397 0.000000 0.000000 0.000000 0.000000 0.000000
 68 -38.836464 -1.519707 -0.000049 3.141593 -1.570796 0.000000
time 143
  0 -0.656580 14.316032 37.195187 0.000000 -0.333251 -1.570136
  1 -11.767971 0.000001 -33.995659 0.333251 0.000216 1.570172
  2 -2.087136 -0.835897 0.000002 0.000001 -1.610265 -1.570794
  3 4.209639 -0.003688 -0.166109 -0.025815 -0.054648 0.234449
  4 4.761444 -0.003790 -0.000000 0.000000 0.000000 0.000000
  5 4.761636 -0.003786 0.000021 -0.005643 -0.020584 0.049883
  6 4.761635 -0.003788 0.000021 -0.005643 -0.020584 0.049883
  7 4.762262 -0.002031 0.000001 -0.000000 -0.000001 0.383972
  8 2.746992 -0.000001 -0.000001 -0.967789 0.052161 -0.488936
  9 9.156626 -0.000001 -0.000001 0.000000 0.000000 0.000000
 10 0.000006 0.002191 -1.281929 -0.216375 1.069660 2.566374
 11 7.285012 -0.000001 0.000001 1.235072 -0.435195 -0.320541
 12 12.718715 0.000002 0.000002 -0.000000 0.000000 -2.707732
 13 10.221165 -0.000001 -0.000001 1.424486 0.052820 0.061268
 14 1.389924 -0.447519 1.936563 -0.210439 -0.761471 0.314906
 15 1.208673 0.000001 0.000003 0.000000 0.000000 0.000000
 16 1.208674 -0.000001 -0.000003 0.000000 0.000000 0.000000
 17 1.208677 0.000000 -0.000001 0.000000 0.000000 3.141593
 18 3.507812 -0.429744 1.193334 0.022860 -0.225875 -0.088311
 19 1.560288 0.000000 0.000002 0.000000 0.000000 0.000000
 20 1.560288 0.000000 0.000002 0.000000 0.000000 0.000000
 21 1.560291 -0.000000 -0.000001 0.000000 0.000000 3.141593
 22 3.044310 -0.436518 0.176985 0.140338 -0.004885 0.034563
 23 1.820335 -0.000001 0.000001 0.000000 0.000000 0.000000
 24 1.820335 0.000001 -0.000000 0.000000 0.000000 0.000000
 25 1.820338 0.000001 -0.000002 0.000000 0.000000 3.141593
 26 3.330763 -0.128977 -0.727983 0.013106 0.174047 0.071026
 27 1.560285 0.000001 0.000001 0.000000 0.000000 0.000000
 28 1.560292 0.000000 -0.000000 0.000000 0.000000 0.000000
 29 1.560287 0.000000 -0.000001 0.000000 0.000000 3.141593
 30 3.208164 0.466231 -1.931737 0.024854 0.330715 0.074094
 31 1.300242 0.000001 0.000001 0.000000 0.000000 0.000000
 32 1.300240 -0.000001 -0.000000 0.000000 0.000000 0.000000
 33 1.300242 0.000001 -0.000000 0.000000 0.000000 3.141593
 34 0.000006 0.002185 1.281927 0.617757 -1.078450 2.197408
 35 7.285013 0.000001 0.000001 0.528990 0.790550 0.171795
 36 12.538440 -0.000002 0.000001 -0.000000 0.000000 -2.763506
 37 10.782778 0.000000 -0.000001 -1.531730 0.011172 0.050132
 38 1.016389 0.059479 -2.003610 0.348822 0.790160 0.431299
 39 1.107949 0.000001 -0.000000 0.000000 0.000000 0.000000
 40 1.107954 0.000000 0.000000 0.000000 0.000000 0.000000
 41 1.107955 0.000000 -0.000000 0.000000 0.000000 0.000000
 42 3.077732 -0.144550 -1.412630 0.003835 0.209388 0.026587
 43 1.560288 0.000000 -0.000001 0.000000 0.000000 0.000000
 44 1.560289 0.000000 -0.000001 0.000000 0.000000 0.000000
 45 1.560291 0.000000 -0.000001 0.000000 0.000000 0.000000
 46 2.463500 0.093205 -0.291938 -0.000796 0.000000 -0.000000
 47 1.820338 -0.000001 -0.000002 0.000000 0.000000 0.000000
 48 1.820335 0.000001 0.000002 0.000000 0.000000 0.000000
 49 1.820336 0.000001 -0.000001 0.000000 0.000000 0.000000
 50 3.016626 -0.086193 0.699125 -0.016172 -0.173791 0.088745
 51 1.560289 0.000000 0.000001 0.000000 0.000000 0.000000
 52 1.560289 -0.000000 0.000000 0.000000 0.000000 0.000000
 53 1.560292 -0.000001 -0.000001 0.000000 0.000000 0.000000
 54 2.733755 0.442844 1.903232 -0.009342 -0.314026 0.027785
 55 1.300240 0.000000 -0.000000 0.000000 0.000000 0.000000
 56 1.300243 -0.000001 -0.000003 0.000000 0.000000 0.000000
 57 1.300241 0.000000 0.000002 0.000000 0.000000 0.000000
 58 -3.878381 0.876747 4.070626 -0.024048 -2.813570 -0.471164
 59 15.353563 -0.000001 0.000000 0.000000 -0.000000 -0.923503
 60 19.266844 0.000001 0.000001 0.086638 0.129887 0.455829
 61 4.212047 5.420720 -0.000000 -0.000000 0.000000 1.570796
 62 0.549397 0.000000 0.000000 0.000000 0.000000 3.141593
 63 -4.278484 1.065529 -3.241304 0.021394 3.009115 -0.377660
 64 15.353565 -0.000001 -0.000001 -0.000000 0.000000 -0.803253
 65 19.266846 0.000001 0.000000 0.999493 -0.001269 0.058555
 66 4.212047 5.420721 -0.000000 -0.000000 0.000000 1.570796
 67 0.549398 0.000000 -0.000000 0.000000 0.000000 0.000000
 68 -38.836464 -1.519709 -0.000050 -3.141593 -1.570796 0.000000
end
