version 1
nodes
  0 "Bip01"  -1
  1 "Bip01 Footsteps"   0
  2 "Bip01 Pelvis"   0
  3 "Bip01 Spine"   2
  4 "Bip01 Spine1"   3
  5 "Bip01 Spine2"   4
  6 "Bip01 Spine3"   5
  7 "Bip01 Neck"   6
  8 "Bip01 Head"   7
  9 "Dummy13"   8
 10 "Bip01 R Clavicle"   7
 11 "Bip01 R UpperArm"  10
 12 "Bip01 R Forearm"  11
 13 "Bip01 R Hand"  12
 14 "Bip01 R Finger0"  13
 15 "Bip01 R Finger01"  14
 16 "Bip01 R Finger02"  15
 17 "Dummy01"  16
 18 "Bip01 R Finger1"  13
 19 "Bip01 R Finger11"  18
 20 "Bip01 R Finger12"  19
 21 "Dummy02"  20
 22 "Bip01 R Finger2"  13
 23 "Bip01 R Finger21"  22
 24 "Bip01 R Finger22"  23
 25 "Dummy03"  24
 26 "Bip01 R Finger3"  13
 27 "Bip01 R Finger31"  26
 28 "Bip01 R Finger32"  27
 29 "Dummy04"  28
 30 "Bip01 R Finger4"  13
 31 "Bip01 R Finger41"  30
 32 "Bip01 R Finger42"  31
 33 "Dummy05"  32
 34 "Bip01 L Clavicle"   7
 35 "Bip01 L UpperArm"  34
 36 "Bip01 L Forearm"  35
 37 "Bip01 L Hand"  36
 38 "Bip01 L Finger0"  37
 39 "Bip01 L Finger01"  38
 40 "Bip01 L Finger02"  39
 41 "Dummy06"  40
 42 "Bip01 L Finger1"  37
 43 "Bip01 L Finger11"  42
 44 "Bip01 L Finger12"  43
 45 "Dummy07"  44
 46 "Bip01 L Finger2"  37
 47 "Bip01 L Finger21"  46
 48 "Bip01 L Finger22"  47
 49 "Dummy08"  48
 50 "Bip01 L Finger3"  37
 51 "Bip01 L Finger31"  50
 52 "Bip01 L Finger32"  51
 53 "Dummy09"  52
 54 "Bip01 L Finger4"  37
 55 "Bip01 L Finger41"  54
 56 "Bip01 L Finger42"  55
 57 "Dummy10"  56
 58 "Bip01 L Thigh"   3
 59 "Bip01 L Calf"  58
 60 "Bip01 L Foot"  59
 61 "Bip01 L Toe0"  60
 62 "Dummy12"  61
 63 "Bip01 R Thigh"   3
 64 "Bip01 R Calf"  63
 65 "Bip01 R Foot"  64
 66 "Bip01 R Toe0"  65
 67 "Dummy11"  66
 68 "SMDImport"   2
end
skeleton
time 0
  0 10.946796 -26.403677 32.815388 0.000000 -0.063222 -2.977007
  1 -2.038656 -0.000001 -32.203190 0.010372 -0.062366 2.976683
  2 -1.940288 0.162835 0.000002 -0.000003 -1.581527 -1.570793
  3 4.212570 -0.003601 -0.046087 0.241221 0.031006 0.217368
  4 4.761448 -0.003791 0.000000 -0.000000 -0.000000 0.000000
  5 4.761614 -0.003783 -0.000191 0.050726 0.008743 0.045879
  6 4.761619 -0.003783 -0.000192 0.050726 0.008742 0.045879
  7 4.762263 -0.002028 -0.000001 -0.000000 -0.000001 0.383972
  8 2.746990 -0.000001 -0.000001 1.049232 -0.429102 -0.572707
  9 9.156628 0.000000 -0.000000 0.000000 0.000000 0.000000
 10 0.000003 0.002190 -1.281928 -1.233559 1.262854 1.538593
 11 7.285012 0.000000 0.000002 0.157933 -0.476153 -0.641944
 12 12.718715 -0.000002 0.000001 -0.000000 -0.000000 -2.362480
 13 10.221164 -0.000001 0.000001 1.697124 0.036954 -0.146356
 14 1.389921 -0.447518 1.936563 -0.210439 -0.761471 0.314906
 15 1.208673 0.000001 0.000001 0.000000 0.000000 0.000000
 16 1.208674 -0.000001 0.000001 0.000000 0.000000 0.000000
 17 1.208674 -0.000002 0.000001 0.000000 0.000000 3.141593
 18 3.507807 -0.429742 1.193334 0.022860 -0.225875 -0.088311
 19 1.560291 -0.000000 0.000000 0.000000 0.000000 0.000000
 20 1.560285 0.000001 0.000001 0.000000 0.000000 0.000000
 21 1.560291 0.000001 0.000000 0.000000 0.000000 3.141593
 22 3.044309 -0.436517 0.176985 0.140338 -0.004885 0.034563
 23 1.820338 -0.000000 0.000001 0.000000 0.000000 0.000000
 24 1.820336 -0.000000 -0.000001 0.000000 0.000000 0.000000
 25 1.820339 0.000000 -0.000000 0.000000 0.000000 3.141593
 26 3.330761 -0.128975 -0.727985 0.013106 0.174047 0.071026
 27 1.560288 -0.000001 0.000001 0.000000 0.000000 0.000000
 28 1.560287 0.000000 -0.000001 0.000000 0.000000 0.000000
 29 1.560289 0.000002 -0.000002 0.000000 0.000000 3.141593
 30 3.208158 0.466231 -1.931736 0.024854 0.330715 0.074094
 31 1.300243 -0.000001 0.000001 0.000000 0.000000 0.000000
 32 1.300242 0.000002 -0.000003 0.000000 0.000000 0.000000
 33 1.300238 -0.000001 0.000001 0.000000 0.000000 3.141593
 34 0.000002 0.002183 1.281927 0.500422 -1.287031 2.273392
 35 7.285013 0.000000 0.000002 -0.664101 0.211612 0.094087
 36 12.538440 0.000001 -0.000001 0.000000 0.000000 -1.861665
 37 10.782778 -0.000001 -0.000004 -1.642053 0.027522 0.024895
 38 1.016390 0.059479 -2.003608 0.348822 0.790160 0.431299
 39 1.107951 -0.000002 0.000003 0.000000 0.000000 0.000000
 40 1.107952 0.000004 -0.000002 0.000000 0.000000 0.000000
 41 1.107952 -0.000000 0.000000 0.000000 0.000000 0.000000
 42 3.077733 -0.144551 -1.412631 0.003835 0.209388 0.026587
 43 1.560287 0.000003 -0.000003 0.000000 0.000000 0.000000
 44 1.560289 -0.000002 0.000002 0.000000 0.000000 0.000000
 45 1.560289 -0.000003 -0.000000 0.000000 0.000000 0.000000
 46 2.463501 0.093205 -0.291938 -0.000796 -0.000000 0.000000
 47 1.820338 -0.000001 0.000001 0.000000 0.000000 0.000000
 48 1.820337 -0.000001 0.000001 0.000000 0.000000 0.000000
 49 1.820335 -0.000001 -0.000002 0.000000 0.000000 0.000000
 50 3.016628 -0.086194 0.699123 -0.016172 -0.173791 0.088745
 51 1.560289 0.000001 -0.000003 0.000000 0.000000 0.000000
 52 1.560291 0.000003 0.000003 0.000000 0.000000 0.000000
 53 1.560290 -0.000001 0.000000 0.000000 0.000000 0.000000
 54 2.733756 0.442844 1.903233 -0.009342 -0.314026 0.027785
 55 1.300240 0.000002 -0.000001 0.000000 0.000000 0.000000
 56 1.300243 -0.000003 0.000001 0.000000 0.000000 0.000000
 57 1.300241 -0.000000 0.000001 0.000000 0.000000 0.000000
 58 -4.225665 1.740690 3.257957 0.545454 -3.010819 -0.818833
 59 15.353563 -0.000001 0.000001 0.000000 0.000000 -0.997736
 60 19.266844 -0.000001 0.000002 0.285450 -0.159535 0.631251
 61 4.212047 5.420719 -0.000002 -0.000000 0.000000 1.570796
 62 0.549398 0.000001 -0.000000 0.000000 0.000000 3.141593
 63 -3.998568 -0.008407 -3.851834 0.474536 2.314314 -0.454171
 64 15.353560 -0.000001 0.000000 -0.000000 0.000000 -0.796718
 65 19.266844 0.000000 -0.000000 0.352471 -0.157208 -0.015296
 66 4.212046 5.420720 0.000000 -0.000000 0.000000 1.570796
 67 0.549398 0.000000 0.000000 0.000000 0.000000 0.000000
 68 -38.836464 -1.519708 -0.000050 3.141593 -1.570796 0.000000
time 1
  0 10.909370 -26.168789 32.768028 0.000010 -0.063453 -2.972541
  1 -2.043113 -0.000321 -32.155457 0.010700 -0.062546 2.972206
  2 -1.935620 0.182204 -0.000002 0.000000 -1.579225 -1.570793
  3 4.212662 -0.003604 -0.036367 0.237597 0.030861 0.216808
  4 4.761444 -0.003792 -0.000001 -0.000000 -0.000000 0.000000
  5 4.761615 -0.003782 -0.000189 0.050021 0.009124 0.045728
  6 4.761613 -0.003783 -0.000191 0.050021 0.009124 0.045728
  7 4.762265 -0.002029 -0.000000 -0.000000 -0.000001 0.383972
  8 2.746988 0.000000 0.000000 1.055086 -0.432359 -0.573370
  9 9.156631 -0.000002 -0.000001 0.000000 0.000000 0.000000
 10 -0.000000 0.002192 -1.281929 -1.237375 1.261532 1.534768
 11 7.285008 -0.000001 0.000000 0.159349 -0.480455 -0.646680
 12 12.718713 -0.000002 0.000002 -0.000000 -0.000000 -2.363660
 13 10.221161 -0.000001 -0.000000 1.696756 0.037045 -0.146534
 14 1.389922 -0.447520 1.936564 -0.210439 -0.761471 0.314906
 15 1.208675 0.000001 -0.000001 0.000000 0.000000 0.000000
 16 1.208675 0.000000 -0.000001 0.000000 0.000000 0.000000
 17 1.208674 0.000000 -0.000002 0.000000 0.000000 3.141593
 18 3.507812 -0.429744 1.193334 0.022860 -0.225875 -0.088311
 19 1.560292 -0.000002 -0.000000 0.000000 0.000000 0.000000
 20 1.560289 0.000000 0.000000 0.000000 0.000000 0.000000
 21 1.560289 0.000001 0.000001 0.000000 0.000000 3.141593
 22 3.044311 -0.436516 0.176983 0.140338 -0.004885 0.034563
 23 1.820335 0.000001 0.000001 0.000000 0.000000 0.000000
 24 1.820338 0.000001 -0.000000 0.000000 0.000000 0.000000
 25 1.820336 0.000001 -0.000000 0.000000 0.000000 3.141593
 26 3.330764 -0.128977 -0.727985 0.013106 0.174047 0.071026
 27 1.560291 -0.000003 0.000003 0.000000 0.000000 0.000000
 28 1.560289 0.000001 -0.000001 0.000000 0.000000 0.000000
 29 1.560292 0.000000 -0.000002 0.000000 0.000000 3.141593
 30 3.208161 0.466230 -1.931736 0.024854 0.330715 0.074094
 31 1.300240 -0.000001 0.000000 0.000000 0.000000 0.000000
 32 1.300243 0.000001 -0.000000 0.000000 0.000000 0.000000
 33 1.300242 0.000001 -0.000001 0.000000 0.000000 3.141593
 34 0.000001 0.002184 1.281928 0.528191 -1.281830 2.246871
 35 7.285011 -0.000001 0.000002 -0.660194 0.208769 0.112270
 36 12.538440 0.000001 -0.000004 -0.000000 -0.000000 -1.865917
 37 10.782777 -0.000003 -0.000001 -1.642173 0.027337 0.025092
 38 1.016389 0.059481 -2.003610 0.348822 0.790160 0.431299
 39 1.107954 -0.000003 -0.000002 0.000000 0.000000 0.000000
 40 1.107951 0.000003 0.000003 0.000000 0.000000 0.000000
 41 1.107951 0.000001 0.000000 0.000000 0.000000 0.000000
 42 3.077731 -0.144549 -1.412629 0.003835 0.209388 0.026587
 43 1.560289 -0.000001 -0.000002 0.000000 0.000000 0.000000
 44 1.560288 0.000001 -0.000002 0.000000 0.000000 0.000000
 45 1.560288 0.000002 -0.000002 0.000000 0.000000 0.000000
 46 2.463500 0.093206 -0.291936 -0.000796 0.000000 0.000000
 47 1.820338 0.000002 0.000001 0.000000 0.000000 0.000000
 48 1.820337 -0.000004 -0.000000 0.000000 0.000000 0.000000
 49 1.820339 0.000001 -0.000001 0.000000 0.000000 0.000000
 50 3.016626 -0.086192 0.699124 -0.016172 -0.173791 0.088745
 51 1.560288 -0.000001 -0.000000 0.000000 0.000000 0.000000
 52 1.560289 0.000000 0.000000 0.000000 0.000000 0.000000
 53 1.560290 0.000001 0.000001 0.000000 0.000000 0.000000
 54 2.733753 0.442846 1.903233 -0.009342 -0.314026 0.027785
 55 1.300240 0.000001 -0.000001 0.000000 0.000000 0.000000
 56 1.300241 0.000003 0.000001 0.000000 0.000000 0.000000
 57 1.300242 -0.000001 -0.000001 0.000000 0.000000 0.000000
 58 -4.225448 1.724514 3.255913 0.549487 -3.003906 -0.816040
 59 15.353566 -0.000001 0.000006 -0.000000 -0.000000 -0.987776
 60 19.266846 0.000001 0.000001 0.283979 -0.171923 0.626217
 61 4.212047 5.420719 -0.000000 -0.000000 0.000000 1.570796
 62 0.549398 0.000001 0.000001 0.000000 0.000000 3.141593
 63 -3.999411 0.001182 -3.860201 0.459651 2.313552 -0.471113
 64 15.353564 -0.000002 -0.000002 0.000000 -0.000000 -0.820551
 65 19.266846 0.000000 -0.000002 0.358293 -0.164164 -0.006130
 66 4.212046 5.420719 -0.000000 -0.000000 0.000000 1.570796
 67 0.549397 0.000000 0.000000 0.000000 0.000000 0.000000
 68 -38.836468 -1.519708 -0.000050 3.141593 -1.570796 0.000000
time 2
  0 10.887978 -25.984386 32.714535 0.000019 -0.063717 -2.964919
  1 -2.048185 -0.000620 -32.101532 0.011232 -0.062720 2.964566
  2 -1.930014 0.204633 -0.000000 -3.141582 -1.565447 1.570782
  3 4.212752 -0.003609 -0.023424 0.232823 0.030297 0.216136
  4 4.761444 -0.003791 -0.000001 0.000000 0.000000 0.000000
  5 4.761617 -0.003783 -0.000188 0.049099 0.009556 0.045551
  6 4.761614 -0.003782 -0.000183 0.049099 0.009556 0.045551
  7 4.762263 -0.002028 0.000000 -0.000000 -0.000001 0.383972
  8 2.746987 0.000000 0.000001 1.065525 -0.436265 -0.576751
  9 9.156630 0.000001 0.000000 0.000000 0.000000 0.000000
 10 -0.000000 0.002191 -1.281926 -1.241696 1.260214 1.530414
 11 7.285012 -0.000001 -0.000003 0.160505 -0.485251 -0.652712
 12 12.718717 -0.000002 -0.000000 0.000000 -0.000000 -2.364731
 13 10.221163 -0.000000 0.000001 1.696364 0.037121 -0.146698
 14 1.389921 -0.447518 1.936563 -0.210439 -0.761471 0.314906
 15 1.208675 -0.000002 0.000001 0.000000 0.000000 0.000000
 16 1.208674 0.000003 0.000000 0.000000 0.000000 0.000000
 17 1.208674 0.000001 -0.000000 0.000000 0.000000 3.141593
 18 3.507811 -0.429742 1.193333 0.022860 -0.225875 -0.088311
 19 1.560289 -0.000001 0.000001 0.000000 0.000000 0.000000
 20 1.560291 0.000000 -0.000002 0.000000 0.000000 0.000000
 21 1.560289 0.000000 0.000000 0.000000 0.000000 3.141593
 22 3.044312 -0.436518 0.176984 0.140338 -0.004885 0.034563
 23 1.820340 -0.000002 0.000002 0.000000 0.000000 0.000000
 24 1.820338 0.000001 -0.000001 0.000000 0.000000 0.000000
 25 1.820336 0.000000 -0.000002 0.000000 0.000000 3.141593
 26 3.330765 -0.128977 -0.727985 0.013106 0.174047 0.071026
 27 1.560286 0.000002 -0.000001 0.000000 0.000000 0.000000
 28 1.560288 -0.000000 0.000001 0.000000 0.000000 0.000000
 29 1.560291 -0.000001 -0.000001 0.000000 0.000000 3.141593
 30 3.208163 0.466229 -1.931735 0.024854 0.330715 0.074094
 31 1.300241 0.000000 -0.000001 0.000000 0.000000 0.000000
 32 1.300243 -0.000002 0.000003 0.000000 0.000000 0.000000
 33 1.300243 0.000001 -0.000002 0.000000 0.000000 3.141593
 34 -0.000000 0.002184 1.281929 0.554990 -1.276427 2.221328
 35 7.285016 -0.000001 -0.000001 -0.656372 0.206482 0.131802
 36 12.538438 0.000001 0.000003 -0.000000 0.000000 -1.870168
 37 10.782778 0.000001 -0.000007 -1.642294 0.027152 0.025288
 38 1.016390 0.059480 -2.003609 0.348822 0.790160 0.431299
 39 1.107952 -0.000002 0.000002 0.000000 0.000000 0.000000
 40 1.107953 0.000003 -0.000005 0.000000 0.000000 0.000000
 41 1.107951 0.000001 -0.000001 0.000000 0.000000 0.000000
 42 3.077732 -0.144548 -1.412631 0.003835 0.209388 0.026587
 43 1.560288 0.000002 -0.000003 0.000000 0.000000 0.000000
 44 1.560290 -0.000001 0.000002 0.000000 0.000000 0.000000
 45 1.560288 -0.000001 -0.000001 0.000000 0.000000 0.000000
 46 2.463500 0.093206 -0.291940 -0.000796 0.000000 0.000000
 47 1.820336 0.000002 -0.000001 0.000000 0.000000 0.000000
 48 1.820340 -0.000004 -0.000002 0.000000 0.000000 0.000000
 49 1.820338 0.000000 -0.000000 0.000000 0.000000 0.000000
 50 3.016625 -0.086191 0.699122 -0.016172 -0.173791 0.088745
 51 1.560288 0.000002 -0.000001 0.000000 0.000000 0.000000
 52 1.560291 0.000001 0.000002 0.000000 0.000000 0.000000
 53 1.560289 0.000001 -0.000001 0.000000 0.000000 0.000000
 54 2.733754 0.442846 1.903233 -0.009342 -0.314026 0.027785
 55 1.300239 0.000000 0.000000 0.000000 0.000000 0.000000
 56 1.300241 0.000000 0.000000 0.000000 0.000000 0.000000
 57 1.300243 0.000000 -0.000000 0.000000 0.000000 0.000000
 58 -4.223735 1.703844 3.254452 0.552447 -2.999829 -0.815790
 59 15.353566 0.000000 0.000003 0.000000 0.000000 -0.981191
 60 19.266844 -0.000002 -0.000002 0.285228 -0.181260 0.621995
 61 4.212046 5.420722 0.000001 -0.000000 0.000000 1.570796
 62 0.549398 0.000001 0.000003 0.000000 0.000000 3.141593
 63 -4.001825 0.014475 -3.869930 0.445797 2.312630 -0.484076
 64 15.353565 0.000000 0.000001 -0.000000 0.000000 -0.841283
 65 19.266846 -0.000001 0.000002 0.366467 -0.166908 0.002059
 66 4.212047 5.420721 0.000000 -0.000000 0.000000 1.570796
 67 0.549397 0.000000 0.000000 0.000000 0.000000 0.000000
 68 -38.836460 -1.519709 -0.000050 -3.141593 -1.570796 0.000000
time 3
  0 10.879614 -25.841007 32.656345 0.000027 -0.063993 -2.956036
  1 -2.053340 -0.000850 -32.042892 0.011848 -0.062889 2.955662
  2 -1.926062 0.220891 0.000001 -0.000014 -1.572868 -1.570789
  3 4.212802 -0.003611 -0.009683 0.229985 0.028885 0.215657
  4 4.761442 -0.003791 0.000000 0.000000 0.000000 0.000000
  5 4.761614 -0.003783 -0.000183 0.048610 0.009887 0.045424
  6 4.761614 -0.003784 -0.000186 0.048610 0.009887 0.045424
  7 4.762265 -0.002029 0.000000 -0.000000 -0.000001 0.383972
  8 2.746986 0.000000 0.000002 1.074302 -0.439955 -0.580559
  9 9.156632 -0.000001 -0.000000 0.000000 0.000000 0.000000
 10 -0.000001 0.002191 -1.281926 -1.244906 1.258873 1.527214
 11 7.285012 -0.000001 -0.000003 0.162231 -0.489097 -0.656154
 12 12.718716 0.000001 -0.000000 -0.000000 -0.000000 -2.366020
 13 10.221166 -0.000000 0.000001 1.696020 0.037228 -0.146889
 14 1.389921 -0.447519 1.936563 -0.210439 -0.761471 0.314906
 15 1.208675 -0.000001 0.000002 0.000000 0.000000 0.000000
 16 1.208674 -0.000000 -0.000002 0.000000 0.000000 0.000000
 17 1.208676 -0.000000 0.000001 0.000000 0.000000 3.141593
 18 3.507811 -0.429744 1.193334 0.022860 -0.225875 -0.088311
 19 1.560288 0.000000 -0.000002 0.000000 0.000000 0.000000
 20 1.560289 0.000000 0.000001 0.000000 0.000000 0.000000
 21 1.560290 0.000001 0.000000 0.000000 0.000000 3.141593
 22 3.044310 -0.436516 0.176982 0.140338 -0.004885 0.034563
 23 1.820338 -0.000000 0.000002 0.000000 0.000000 0.000000
 24 1.820335 0.000001 -0.000001 0.000000 0.000000 0.000000
 25 1.820337 0.000000 -0.000001 0.000000 0.000000 3.141593
 26 3.330764 -0.128978 -0.727984 0.013106 0.174047 0.071026
 27 1.560289 -0.000001 0.000002 0.000000 0.000000 0.000000
 28 1.560290 0.000001 -0.000001 0.000000 0.000000 0.000000
 29 1.560289 0.000003 -0.000002 0.000000 0.000000 3.141593
 30 3.208163 0.466229 -1.931736 0.024854 0.330715 0.074094
 31 1.300240 0.000002 -0.000001 0.000000 0.000000 0.000000
 32 1.300243 -0.000001 0.000001 0.000000 0.000000 0.000000
 33 1.300243 0.000000 -0.000000 0.000000 0.000000 3.141593
 34 0.000001 0.002183 1.281930 0.569007 -1.272539 2.208115
 35 7.285013 -0.000002 -0.000003 -0.655886 0.205082 0.143683
 36 12.538442 -0.000001 -0.000000 0.000000 -0.000000 -1.872579
 37 10.782779 0.000001 -0.000004 -1.642171 0.026944 0.025401
 38 1.016389 0.059480 -2.003610 0.348822 0.790160 0.431299
 39 1.107952 0.000001 -0.000001 0.000000 0.000000 0.000000
 40 1.107952 0.000001 0.000001 0.000000 0.000000 0.000000
 41 1.107952 0.000001 0.000002 0.000000 0.000000 0.000000
 42 3.077731 -0.144548 -1.412632 0.003835 0.209388 0.026587
 43 1.560288 -0.000000 -0.000003 0.000000 0.000000 0.000000
 44 1.560290 -0.000001 0.000002 0.000000 0.000000 0.000000
 45 1.560290 -0.000001 -0.000001 0.000000 0.000000 0.000000
 46 2.463500 0.093205 -0.291939 -0.000796 0.000000 -0.000000
 47 1.820338 -0.000003 -0.000000 0.000000 0.000000 0.000000
 48 1.820336 0.000002 0.000001 0.000000 0.000000 0.000000
 49 1.820337 -0.000000 0.000002 0.000000 0.000000 0.000000
 50 3.016627 -0.086193 0.699123 -0.016172 -0.173791 0.088745
 51 1.560286 0.000002 -0.000002 0.000000 0.000000 0.000000
 52 1.560288 0.000001 0.000002 0.000000 0.000000 0.000000
 53 1.560290 0.000001 0.000001 0.000000 0.000000 0.000000
 54 2.733755 0.442847 1.903234 -0.009342 -0.314026 0.027785
 55 1.300242 -0.000000 0.000002 0.000000 0.000000 0.000000
 56 1.300239 -0.000000 -0.000000 0.000000 0.000000 0.000000
 57 1.300240 -0.000000 -0.000001 0.000000 0.000000 0.000000
 58 -4.218793 1.690916 3.252137 0.556538 -2.998536 -0.818047
 59 15.353569 0.000000 0.000002 0.000000 0.000000 -0.976983
 60 19.266846 -0.000001 -0.000001 0.288266 -0.189307 0.618091
 61 4.212046 5.420721 0.000001 -0.000000 -0.000000 1.570796
 62 0.549397 -0.000001 -0.000001 0.000000 0.000000 3.141593
 63 -4.007224 0.021702 -3.877312 0.436391 2.310974 -0.492807
 64 15.353563 0.000001 0.000001 -0.000000 -0.000000 -0.859820
 65 19.266846 -0.000000 0.000001 0.375199 -0.167920 0.009052
 66 4.212047 5.420720 0.000001 -0.000000 0.000000 1.570796
 67 0.549398 0.000000 0.000000 0.000000 0.000000 0.000000
 68 -38.836464 -1.519707 -0.000050 -3.141593 -1.570796 0.000000
time 4
  0 10.881270 -25.729181 32.594910 0.000031 -0.064264 -2.947783
  1 -2.058051 -0.001006 -31.981030 0.012424 -0.063053 2.947390
  2 -1.926491 0.221778 -0.000001 -1.570795 -1.569951 0.000000
  3 4.212814 -0.003610 0.002430 0.232167 0.026202 0.215687
  4 4.761446 -0.003791 -0.000000 0.000000 0.000000 0.000000
  5 4.761607 -0.003782 -0.000187 0.049206 0.009965 0.045422
  6 4.761614 -0.003782 -0.000186 0.049206 0.009965 0.045422
  7 4.762267 -0.002029 0.000000 -0.000000 -0.000001 0.383972
  8 2.746987 0.000000 0.000001 1.075110 -0.442663 -0.582419
  9 9.156627 0.000000 0.000000 0.000000 0.000000 0.000000
 10 -0.000002 0.002192 -1.281928 -1.245418 1.257483 1.526824
 11 7.285011 0.000003 -0.000003 0.165343 -0.490522 -0.653133
 12 12.718716 -0.000001 -0.000000 -0.000000 -0.000000 -2.367857
 13 10.221164 0.000000 -0.000001 1.695799 0.037414 -0.147147
 14 1.389921 -0.447518 1.936564 -0.210439 -0.761471 0.314906
 15 1.208674 0.000000 0.000003 0.000000 0.000000 0.000000
 16 1.208676 -0.000001 -0.000002 0.000000 0.000000 0.000000
 17 1.208675 -0.000002 -0.000003 0.000000 0.000000 3.141593
 18 3.507810 -0.429742 1.193334 0.022860 -0.225875 -0.088311
 19 1.560287 0.000000 -0.000000 0.000000 0.000000 0.000000
 20 1.560291 -0.000001 0.000001 0.000000 0.000000 0.000000
 21 1.560288 0.000002 -0.000000 0.000000 0.000000 3.141593
 22 3.044310 -0.436516 0.176983 0.140338 -0.004885 0.034563
 23 1.820339 -0.000001 0.000001 0.000000 0.000000 0.000000
 24 1.820336 0.000001 0.000001 0.000000 0.000000 0.000000
 25 1.820338 0.000000 -0.000001 0.000000 0.000000 3.141593
 26 3.330764 -0.128976 -0.727986 0.013106 0.174047 0.071026
 27 1.560290 0.000001 -0.000000 0.000000 0.000000 0.000000
 28 1.560289 0.000002 -0.000002 0.000000 0.000000 0.000000
 29 1.560291 0.000000 -0.000001 0.000000 0.000000 3.141593
 30 3.208162 0.466232 -1.931738 0.024854 0.330715 0.074094
 31 1.300238 0.000002 -0.000001 0.000000 0.000000 0.000000
 32 1.300245 -0.000001 0.000001 0.000000 0.000000 0.000000
 33 1.300246 0.000000 -0.000001 0.000000 0.000000 3.141593
 34 -0.000001 0.002183 1.281928 0.562895 -1.270841 2.214337
 35 7.285017 -0.000001 -0.000001 -0.662660 0.200900 0.138974
 36 12.538442 0.000000 -0.000001 0.000000 -0.000000 -1.873336
 37 10.782776 0.000001 -0.000005 -1.641622 0.026611 0.025458
 38 1.016388 0.059481 -2.003612 0.348822 0.790160 0.431299
 39 1.107952 0.000003 0.000001 0.000000 0.000000 0.000000
 40 1.107952 -0.000003 0.000001 0.000000 0.000000 0.000000
 41 1.107952 -0.000001 0.000002 0.000000 0.000000 0.000000
 42 3.077732 -0.144549 -1.412634 0.003835 0.209388 0.026587
 43 1.560290 -0.000000 -0.000001 0.000000 0.000000 0.000000
 44 1.560290 0.000001 -0.000001 0.000000 0.000000 0.000000
 45 1.560289 0.000002 -0.000001 0.000000 0.000000 0.000000
 46 2.463502 0.093204 -0.291940 -0.000796 0.000000 0.000000
 47 1.820341 -0.000004 0.000003 0.000000 0.000000 0.000000
 48 1.820338 0.000000 0.000000 0.000000 0.000000 0.000000
 49 1.820336 0.000001 -0.000001 0.000000 0.000000 0.000000
 50 3.016629 -0.086194 0.699124 -0.016172 -0.173791 0.088745
 51 1.560285 0.000002 -0.000001 0.000000 0.000000 0.000000
 52 1.560292 -0.000003 0.000001 0.000000 0.000000 0.000000
 53 1.560291 0.000000 0.000001 0.000000 0.000000 0.000000
 54 2.733755 0.442844 1.903232 -0.009342 -0.314026 0.027785
 55 1.300237 0.000000 0.000000 0.000000 0.000000 0.000000
 56 1.300244 -0.000001 0.000000 0.000000 0.000000 0.000000
 57 1.300244 -0.000003 0.000001 0.000000 0.000000 0.000000
 58 -4.208915 1.697946 3.247629 0.563889 -2.999948 -0.822718
 59 15.353566 0.000001 0.000000 0.000000 -0.000000 -0.974047
 60 19.266846 -0.000002 -0.000003 0.292207 -0.197813 0.613997
 61 4.212048 5.420721 -0.000001 -0.000000 0.000000 1.570796
 62 0.549397 -0.000000 -0.000003 0.000000 0.000000 3.141593
 63 -4.016990 0.013059 -3.878687 0.434980 2.307979 -0.496891
 64 15.353564 0.000001 0.000003 -0.000000 -0.000000 -0.876935
 65 19.266846 -0.000000 0.000002 0.382706 -0.169678 0.014543
 66 4.212047 5.420721 0.000001 -0.000000 0.000000 1.570796
 67 0.549398 0.000000 -0.000000 0.000000 0.000000 0.000000
 68 -38.836468 -1.519708 -0.000050 -3.141593 -1.570796 0.000000
time 5
  0 10.889943 -25.639446 32.531357 0.000035 -0.064508 -2.942054
  1 -2.061779 -0.001125 -31.917103 0.012838 -0.063220 2.941647
  2 -1.928761 0.205789 -0.000002 -0.000011 -1.568078 -1.570790
  3 4.212800 -0.003603 0.010504 0.238689 0.022631 0.215947
  4 4.761445 -0.003792 -0.000001 0.000000 0.000000 0.000000
  5 4.761613 -0.003783 -0.000193 0.050720 0.009734 0.045492
  6 4.761613 -0.003782 -0.000194 0.050720 0.009734 0.045492
  7 4.762266 -0.002030 0.000002 -0.000000 -0.000001 0.383972
  8 2.746988 -0.000000 -0.000002 1.067587 -0.443694 -0.581292
  9 9.156623 0.000001 0.000001 0.000000 0.000000 0.000000
 10 -0.000001 0.002193 -1.281930 -1.240011 1.255583 1.532644
 11 7.285008 0.000001 -0.000000 0.170437 -0.487355 -0.640814
 12 12.718713 -0.000001 0.000001 -0.000000 -0.000000 -2.371669
 13 10.221163 -0.000002 -0.000004 1.696132 0.037901 -0.147688
 14 1.389920 -0.447519 1.936563 -0.210439 -0.761471 0.314906
 15 1.208673 0.000003 -0.000002 0.000000 0.000000 0.000000
 16 1.208675 -0.000002 0.000002 0.000000 0.000000 0.000000
 17 1.208677 -0.000000 -0.000001 0.000000 0.000000 3.141593
 18 3.507807 -0.429742 1.193333 0.022860 -0.225875 -0.088311
 19 1.560290 -0.000001 0.000001 0.000000 0.000000 0.000000
 20 1.560288 0.000000 -0.000000 0.000000 0.000000 0.000000
 21 1.560290 0.000000 -0.000001 0.000000 0.000000 3.141593
 22 3.044308 -0.436516 0.176983 0.140338 -0.004885 0.034563
 23 1.820337 -0.000000 -0.000001 0.000000 0.000000 0.000000
 24 1.820338 -0.000000 0.000001 0.000000 0.000000 0.000000
 25 1.820336 -0.000001 0.000001 0.000000 0.000000 3.141593
 26 3.330762 -0.128977 -0.727983 0.013106 0.174047 0.071026
 27 1.560293 -0.000002 0.000000 0.000000 0.000000 0.000000
 28 1.560289 0.000001 -0.000000 0.000000 0.000000 0.000000
 29 1.560291 -0.000000 -0.000002 0.000000 0.000000 3.141593
 30 3.208159 0.466231 -1.931736 0.024854 0.330715 0.074094
 31 1.300240 -0.000001 -0.000000 0.000000 0.000000 0.000000
 32 1.300240 -0.000002 0.000001 0.000000 0.000000 0.000000
 33 1.300244 0.000000 -0.000000 0.000000 0.000000 3.141593
 34 -0.000000 0.002185 1.281927 0.545709 -1.270250 2.231241
 35 7.285012 -0.000001 0.000001 -0.673363 0.193382 0.123030
 36 12.538439 -0.000002 0.000000 0.000000 -0.000000 -1.873324
 37 10.782776 -0.000001 -0.000002 -1.640833 0.026199 0.025495
 38 1.016388 0.059480 -2.003609 0.348822 0.790160 0.431299
 39 1.107952 -0.000001 -0.000001 0.000000 0.000000 0.000000
 40 1.107952 -0.000002 -0.000001 0.000000 0.000000 0.000000
 41 1.107952 -0.000002 -0.000002 0.000000 0.000000 0.000000
 42 3.077729 -0.144548 -1.412630 0.003835 0.209388 0.026587
 43 1.560289 0.000000 -0.000002 0.000000 0.000000 0.000000
 44 1.560289 -0.000001 0.000001 0.000000 0.000000 0.000000
 45 1.560288 -0.000001 0.000000 0.000000 0.000000 0.000000
 46 2.463499 0.093205 -0.291939 -0.000796 0.000000 0.000000
 47 1.820339 0.000002 -0.000001 0.000000 0.000000 0.000000
 48 1.820337 0.000001 -0.000001 0.000000 0.000000 0.000000
 49 1.820338 0.000001 -0.000001 0.000000 0.000000 0.000000
 50 3.016625 -0.086192 0.699125 -0.016172 -0.173791 0.088745
 51 1.560288 -0.000001 0.000001 0.000000 0.000000 0.000000
 52 1.560290 -0.000004 -0.000002 0.000000 0.000000 0.000000
 53 1.560288 0.000001 0.000001 0.000000 0.000000 0.000000
 54 2.733753 0.442845 1.903231 -0.009342 -0.314026 0.027785
 55 1.300241 0.000001 0.000002 0.000000 0.000000 0.000000
 56 1.300242 0.000001 -0.000001 0.000000 0.000000 0.000000
 57 1.300239 0.000001 -0.000000 0.000000 0.000000 0.000000
 58 -4.195780 1.721760 3.242982 0.572838 -3.002303 -0.828762
 59 15.353563 -0.000001 0.000002 0.000000 0.000000 -0.972859
 60 19.266844 0.000001 -0.000002 0.296446 -0.204129 0.611443
 61 4.212047 5.420719 -0.000002 -0.000000 0.000000 1.570796
 62 0.549397 0.000000 -0.000002 0.000000 0.000000 3.141593
 63 -4.030005 -0.009721 -3.872813 0.442404 2.303236 -0.497435
 64 15.353561 -0.000002 -0.000001 -0.000000 -0.000000 -0.892820
 65 19.266844 0.000000 0.000000 0.385319 -0.173047 0.019663
 66 4.212047 5.420720 -0.000001 -0.000000 0.000000 1.570796
 67 0.549397 -0.000000 0.000000 0.000000 0.000000 0.000000
 68 -38.836468 -1.519708 -0.000050 3.141593 -1.570796 0.000000
time 6
  0 10.902624 -25.562332 32.466782 0.000040 -0.064708 -2.940743
  1 -2.063985 -0.001274 -31.852249 0.012966 -0.063398 2.940331
  2 -1.930023 0.180282 0.000001 -0.000010 -1.567708 -1.570781
  3 4.212794 -0.003595 0.012130 0.247058 0.019513 0.216110
  4 4.761446 -0.003791 0.000002 0.000000 0.000000 0.000000
  5 4.761613 -0.003783 -0.000199 0.052578 0.009306 0.045560
  6 4.761618 -0.003784 -0.000201 0.052578 0.009306 0.045560
  7 4.762260 -0.002029 -0.000000 -0.000000 -0.000001 0.383972
  8 2.746989 -0.000001 -0.000002 1.054452 -0.443157 -0.577048
  9 9.156627 0.000000 -0.000000 0.000000 0.000000 0.000000
 10 0.000002 0.002190 -1.281929 -1.230595 1.253316 1.542677
 11 7.285012 0.000000 -0.000005 0.176140 -0.481335 -0.623596
 12 12.718713 -0.000002 0.000000 0.000000 0.000000 -2.376836
 13 10.221161 -0.000000 -0.000001 1.696841 0.038594 -0.148422
 14 1.389922 -0.447519 1.936564 -0.210439 -0.761471 0.314906
 15 1.208674 0.000001 -0.000000 0.000000 0.000000 0.000000
 16 1.208674 0.000002 -0.000001 0.000000 0.000000 0.000000
 17 1.208675 0.000002 -0.000001 0.000000 0.000000 3.141593
 18 3.507810 -0.429743 1.193333 0.022860 -0.225875 -0.088311
 19 1.560289 -0.000000 -0.000001 0.000000 0.000000 0.000000
 20 1.560287 0.000001 0.000000 0.000000 0.000000 0.000000
 21 1.560289 0.000000 0.000001 0.000000 0.000000 3.141593
 22 3.044310 -0.436517 0.176984 0.140338 -0.004885 0.034563
 23 1.820337 -0.000000 0.000000 0.000000 0.000000 0.000000
 24 1.820338 -0.000000 0.000000 0.000000 0.000000 0.000000
 25 1.820336 -0.000000 0.000000 0.000000 0.000000 3.141593
 26 3.330762 -0.128977 -0.727984 0.013106 0.174047 0.071026
 27 1.560286 0.000001 -0.000000 0.000000 0.000000 0.000000
 28 1.560287 -0.000002 0.000001 0.000000 0.000000 0.000000
 29 1.560291 -0.000001 -0.000001 0.000000 0.000000 3.141593
 30 3.208161 0.466230 -1.931734 0.024854 0.330715 0.074094
 31 1.300240 0.000002 -0.000001 0.000000 0.000000 0.000000
 32 1.300241 -0.000002 0.000002 0.000000 0.000000 0.000000
 33 1.300246 -0.000001 -0.000000 0.000000 0.000000 3.141593
 34 0.000005 0.002182 1.281927 0.530780 -1.270085 2.245859
 35 7.285012 -0.000000 -0.000003 -0.680689 0.188401 0.108023
 36 12.538436 -0.000000 0.000002 -0.000000 0.000000 -1.871744
 37 10.782777 0.000002 -0.000001 -1.640113 0.025906 0.025430
 38 1.016388 0.059478 -2.003611 0.348822 0.790160 0.431299
 39 1.107953 0.000003 -0.000001 0.000000 0.000000 0.000000
 40 1.107952 -0.000002 0.000001 0.000000 0.000000 0.000000
 41 1.107952 -0.000003 0.000002 0.000000 0.000000 0.000000
 42 3.077732 -0.144552 -1.412629 0.003835 0.209388 0.026587
 43 1.560290 -0.000001 -0.000002 0.000000 0.000000 0.000000
 44 1.560288 0.000000 0.000003 0.000000 0.000000 0.000000
 45 1.560287 0.000002 0.000001 0.000000 0.000000 0.000000
 46 2.463500 0.093205 -0.291936 -0.000796 -0.000000 0.000000
 47 1.820338 -0.000004 -0.000001 0.000000 0.000000 0.000000
 48 1.820336 0.000001 -0.000000 0.000000 0.000000 0.000000
 49 1.820337 0.000002 0.000000 0.000000 0.000000 0.000000
 50 3.016626 -0.086193 0.699125 -0.016172 -0.173791 0.088745
 51 1.560288 0.000000 0.000001 0.000000 0.000000 0.000000
 52 1.560288 0.000000 -0.000002 0.000000 0.000000 0.000000
 53 1.560290 -0.000000 0.000000 0.000000 0.000000 0.000000
 54 2.733755 0.442843 1.903232 -0.009342 -0.314026 0.027785
 55 1.300242 -0.000002 -0.000000 0.000000 0.000000 0.000000
 56 1.300237 -0.000000 -0.000002 0.000000 0.000000 0.000000
 57 1.300242 0.000001 0.000001 0.000000 0.000000 0.000000
 58 -4.184480 1.752282 3.239389 0.581532 -3.003648 -0.834151
 59 15.353567 -0.000001 0.000004 -0.000000 0.000000 -0.973144
 60 19.266844 -0.000000 0.000003 0.298821 -0.209877 0.610329
 61 4.212047 5.420720 -0.000002 -0.000000 0.000000 1.570796
 62 0.549399 -0.000000 -0.000001 0.000000 0.000000 3.141593
 63 -4.041540 -0.038806 -3.862132 0.451935 2.298218 -0.498607
 64 15.353562 -0.000002 -0.000001 0.000000 -0.000000 -0.907139
 65 19.266848 0.000001 -0.000001 0.383449 -0.178408 0.024078
 66 4.212047 5.420720 -0.000000 -0.000000 0.000000 1.570796
 67 0.549397 -0.000000 -0.000000 0.000000 0.000000 0.000000
 68 -38.836464 -1.519707 -0.000050 3.141593 -1.570796 0.000000
time 7
  0 10.916307 -25.488371 32.402592 0.000048 -0.064844 -2.945743
  1 -2.064158 -0.001537 -31.787914 0.012683 -0.063594 2.945338
  2 -1.932455 0.149271 -0.000001 0.000043 -1.569415 -1.570839
  3 4.212811 -0.003584 0.004898 0.257630 0.017860 0.216427
  4 4.761443 -0.003792 0.000001 0.000000 -0.000000 -0.000000
  5 4.761616 -0.003781 -0.000209 0.054821 0.008789 0.045671
  6 4.761615 -0.003782 -0.000207 0.054821 0.008789 0.045671
  7 4.762263 -0.002029 -0.000002 -0.000000 -0.000001 0.383972
  8 2.746991 -0.000001 -0.000001 1.034005 -0.441450 -0.568652
  9 9.156628 -0.000001 -0.000000 0.000000 0.000000 0.000000
 10 0.000004 0.002190 -1.281927 -1.223121 1.251605 1.550637
 11 7.285011 0.000001 0.000000 0.180197 -0.476825 -0.608424
 12 12.718716 -0.000000 0.000002 -0.000000 -0.000000 -2.380607
 13 10.221167 -0.000002 -0.000002 1.697089 0.039067 -0.148931
 14 1.389923 -0.447520 1.936564 -0.210439 -0.761471 0.314906
 15 1.208677 -0.000001 -0.000000 0.000000 0.000000 0.000000
 16 1.208673 -0.000000 -0.000000 0.000000 0.000000 0.000000
 17 1.208674 0.000001 -0.000000 0.000000 0.000000 3.141593
 18 3.507811 -0.429743 1.193333 0.022860 -0.225875 -0.088311
 19 1.560292 -0.000001 0.000001 0.000000 0.000000 0.000000
 20 1.560288 0.000001 -0.000001 0.000000 0.000000 0.000000
 21 1.560289 0.000002 -0.000001 0.000000 0.000000 3.141593
 22 3.044311 -0.436517 0.176984 0.140338 -0.004885 0.034563
 23 1.820340 -0.000002 0.000001 0.000000 0.000000 0.000000
 24 1.820338 0.000001 -0.000001 0.000000 0.000000 0.000000
 25 1.820335 0.000000 -0.000001 0.000000 0.000000 3.141593
 26 3.330763 -0.128976 -0.727986 0.013106 0.174047 0.071026
 27 1.560288 0.000001 -0.000001 0.000000 0.000000 0.000000
 28 1.560290 -0.000000 0.000001 0.000000 0.000000 0.000000
 29 1.560290 -0.000001 -0.000000 0.000000 0.000000 3.141593
 30 3.208161 0.466231 -1.931737 0.024854 0.330715 0.074094
 31 1.300241 0.000001 -0.000002 0.000000 0.000000 0.000000
 32 1.300245 -0.000001 0.000000 0.000000 0.000000 0.000000
 33 1.300245 -0.000000 0.000000 0.000000 0.000000 3.141593
 34 0.000002 0.002184 1.281928 0.531473 -1.269862 2.245212
 35 7.285016 -0.000002 0.000002 -0.677488 0.191253 0.102017
 36 12.538440 -0.000001 0.000000 0.000000 -0.000000 -1.867797
 37 10.782777 -0.000004 -0.000002 -1.639770 0.025929 0.025187
 38 1.016390 0.059479 -2.003608 0.348822 0.790160 0.431299
 39 1.107954 0.000001 -0.000004 0.000000 0.000000 0.000000
 40 1.107951 0.000002 0.000000 0.000000 0.000000 0.000000
 41 1.107951 0.000002 0.000001 0.000000 0.000000 0.000000
 42 3.077731 -0.144550 -1.412632 0.003835 0.209388 0.026587
 43 1.560289 0.000001 -0.000001 0.000000 0.000000 0.000000
 44 1.560288 0.000000 -0.000000 0.000000 0.000000 0.000000
 45 1.560290 -0.000000 0.000001 0.000000 0.000000 0.000000
 46 2.463502 0.093202 -0.291939 -0.000796 0.000000 -0.000000
 47 1.820339 -0.000004 0.000000 0.000000 0.000000 0.000000
 48 1.820337 0.000001 0.000000 0.000000 0.000000 0.000000
 49 1.820338 0.000002 0.000000 0.000000 0.000000 0.000000
 50 3.016627 -0.086196 0.699122 -0.016172 -0.173791 0.088745
 51 1.560289 0.000001 -0.000002 0.000000 0.000000 0.000000
 52 1.560291 0.000001 0.000002 0.000000 0.000000 0.000000
 53 1.560290 0.000001 0.000001 0.000000 0.000000 0.000000
 54 2.733754 0.442844 1.903231 -0.009342 -0.314026 0.027785
 55 1.300240 -0.000001 -0.000001 0.000000 0.000000 0.000000
 56 1.300245 -0.000004 0.000000 0.000000 0.000000 0.000000
 57 1.300242 -0.000000 0.000000 0.000000 0.000000 0.000000
 58 -4.178436 1.791288 3.234035 0.591322 -3.004717 -0.837499
 59 15.353563 0.000001 0.000004 0.000000 -0.000000 -0.974952
 60 19.266848 0.000001 -0.000003 0.295596 -0.214327 0.611728
 61 4.212046 5.420721 0.000003 -0.000000 0.000000 1.570796
 62 0.549397 0.000000 -0.000001 0.000000 0.000000 3.141593
 63 -4.047603 -0.074838 -3.848371 0.455965 2.295006 -0.504061
 64 15.353563 0.000000 -0.000000 0.000000 -0.000000 -0.919791
 65 19.266850 0.000000 0.000000 0.381324 -0.183921 0.027278
 66 4.212047 5.420721 -0.000001 -0.000000 0.000000 1.570796
 67 0.549398 -0.000000 -0.000000 0.000000 0.000000 0.000000
 68 -38.836464 -1.519708 -0.000048 -3.141593 -1.570796 0.000000
time 8
  0 10.927988 -25.408102 32.340221 0.000062 -0.064897 -2.958947
  1 -2.061789 -0.001966 -31.725565 0.011864 -0.063805 2.958566
  2 -1.938278 0.116729 -0.000000 -3.141574 -1.567632 1.570793
  3 4.212788 -0.003572 -0.014352 0.270803 0.018846 0.217148
  4 4.761446 -0.003792 -0.000000 0.000000 0.000000 0.000000
  5 4.761613 -0.003781 -0.000216 0.057491 0.008287 0.045870
  6 4.761618 -0.003781 -0.000219 0.057491 0.008287 0.045870
  7 4.762260 -0.002029 -0.000000 -0.000000 -0.000001 0.383972
  8 2.746991 -0.000002 -0.000001 1.004572 -0.438796 -0.555100
  9 9.156624 0.000000 0.000001 0.000000 0.000000 0.000000
 10 0.000006 0.002189 -1.281929 -1.223337 1.251422 1.550432
 11 7.285010 -0.000000 -0.000000 0.180196 -0.478134 -0.602210
 12 12.718713 -0.000001 0.000001 0.000000 -0.000000 -2.380235
 13 10.221164 -0.000001 -0.000001 1.696035 0.038895 -0.148800
 14 1.389920 -0.447519 1.936563 -0.210439 -0.761471 0.314906
 15 1.208673 0.000003 0.000002 0.000000 0.000000 0.000000
 16 1.208675 -0.000003 -0.000002 0.000000 0.000000 0.000000
 17 1.208676 -0.000000 0.000001 0.000000 0.000000 3.141593
 18 3.507808 -0.429743 1.193333 0.022860 -0.225875 -0.088311
 19 1.560286 0.000002 -0.000002 0.000000 0.000000 0.000000
 20 1.560287 -0.000001 0.000001 0.000000 0.000000 0.000000
 21 1.560289 -0.000000 0.000001 0.000000 0.000000 3.141593
 22 3.044308 -0.436517 0.176984 0.140338 -0.004885 0.034563
 23 1.820339 -0.000002 0.000001 0.000000 0.000000 0.000000
 24 1.820337 0.000000 -0.000001 0.000000 0.000000 0.000000
 25 1.820338 0.000001 -0.000001 0.000000 0.000000 3.141593
 26 3.330761 -0.128977 -0.727984 0.013106 0.174047 0.071026
 27 1.560287 0.000000 0.000000 0.000000 0.000000 0.000000
 28 1.560290 -0.000002 0.000002 0.000000 0.000000 0.000000
 29 1.560288 0.000000 -0.000001 0.000000 0.000000 3.141593
 30 3.208159 0.466230 -1.931736 0.024854 0.330715 0.074094
 31 1.300241 -0.000002 0.000002 0.000000 0.000000 0.000000
 32 1.300244 0.000001 -0.000001 0.000000 0.000000 0.000000
 33 1.300243 0.000000 -0.000002 0.000000 0.000000 3.141593
 34 0.000003 0.002183 1.281927 0.560650 -1.272579 2.216300
 35 7.285012 -0.000001 0.000001 -0.664731 0.202814 0.111544
 36 12.538439 -0.000001 -0.000002 -0.000000 0.000000 -1.866059
 37 10.782774 -0.000003 0.000000 -1.640181 0.026232 0.025076
 38 1.016391 0.059480 -2.003609 0.348822 0.790160 0.431299
 39 1.107952 -0.000002 -0.000004 0.000000 0.000000 0.000000
 40 1.107952 -0.000001 0.000002 0.000000 0.000000 0.000000
 41 1.107952 -0.000001 0.000003 0.000000 0.000000 0.000000
 42 3.077733 -0.144549 -1.412629 0.003835 0.209388 0.026587
 43 1.560289 0.000001 -0.000003 0.000000 0.000000 0.000000
 44 1.560289 0.000001 0.000003 0.000000 0.000000 0.000000
 45 1.560289 0.000000 0.000001 0.000000 0.000000 0.000000
 46 2.463501 0.093207 -0.291938 -0.000796 0.000000 0.000000
 47 1.820336 -0.000001 -0.000002 0.000000 0.000000 0.000000
 48 1.820338 -0.000001 0.000001 0.000000 0.000000 0.000000
 49 1.820337 -0.000001 0.000001 0.000000 0.000000 0.000000
 50 3.016628 -0.086193 0.699124 -0.016172 -0.173791 0.088745
 51 1.560288 0.000004 -0.000001 0.000000 0.000000 0.000000
 52 1.560291 -0.000002 -0.000001 0.000000 0.000000 0.000000
 53 1.560290 -0.000000 0.000000 0.000000 0.000000 0.000000
 54 2.733755 0.442847 1.903234 -0.009342 -0.314026 0.027785
 55 1.300240 -0.000000 0.000001 0.000000 0.000000 0.000000
 56 1.300242 -0.000001 -0.000002 0.000000 0.000000 0.000000
 57 1.300240 -0.000002 -0.000001 0.000000 0.000000 0.000000
 58 -4.181652 1.840622 3.223957 0.607469 -3.008646 -0.835901
 59 15.353563 -0.000001 0.000004 -0.000000 0.000000 -0.979114
 60 19.266846 0.000001 0.000003 0.277498 -0.213214 0.619846
 61 4.212046 5.420721 0.000001 -0.000000 0.000000 1.570796
 62 0.549398 0.000001 -0.000000 0.000000 0.000000 3.141593
 63 -4.043599 -0.118596 -3.833128 0.438812 2.298748 -0.517846
 64 15.353560 -0.000001 -0.000001 -0.000000 0.000000 -0.929789
 65 19.266846 -0.000001 -0.000004 0.389192 -0.172354 0.031511
 66 4.212046 5.420720 -0.000000 -0.000000 0.000000 1.570796
 67 0.549397 -0.000000 0.000000 0.000000 0.000000 0.000000
 68 -38.836464 -1.519708 -0.000051 -3.141593 -1.570796 0.000000
time 9
  0 10.934656 -25.312057 32.280212 0.000141 -0.064401 -2.986454
  1 -2.042178 -0.004458 -31.666700 0.010104 -0.063604 2.986129
  2 -1.949795 0.086533 0.000000 -3.141587 -1.560427 1.570793
  3 4.212581 -0.003556 -0.044751 0.286776 0.022706 0.218535
  4 4.761446 -0.003793 -0.000000 -0.000000 -0.000000 0.000000
  5 4.761615 -0.003781 -0.000232 0.060629 0.007906 0.046205
  6 4.761619 -0.003781 -0.000228 0.060628 0.007906 0.046205
  7 4.762267 -0.002029 0.000001 -0.000000 -0.000001 0.383972
  8 2.746988 0.000000 0.000000 0.964505 -0.435155 -0.535450
  9 9.156627 0.000000 0.000000 0.000000 0.000000 0.000000
 10 -0.000001 0.002193 -1.281927 -1.245099 1.258024 1.527100
 11 7.285012 0.000001 -0.000000 0.182555 -0.481695 -0.621762
 12 12.718711 -0.000001 0.000001 -0.000000 -0.000000 -2.380311
 13 10.221162 -0.000001 -0.000002 1.694416 0.037949 -0.148570
 14 1.389921 -0.447519 1.936563 -0.210439 -0.761471 0.314906
 15 1.208676 -0.000001 -0.000001 0.000000 0.000000 0.000000
 16 1.208673 0.000002 -0.000001 0.000000 0.000000 0.000000
 17 1.208675 0.000001 -0.000002 0.000000 0.000000 3.141593
 18 3.507807 -0.429742 1.193333 0.022860 -0.225875 -0.088311
 19 1.560290 0.000000 0.000000 0.000000 0.000000 0.000000
 20 1.560287 -0.000000 0.000002 0.000000 0.000000 0.000000
 21 1.560289 -0.000001 -0.000000 0.000000 0.000000 3.141593
 22 3.044308 -0.436516 0.176983 0.140338 -0.004885 0.034563
 23 1.820333 0.000002 -0.000000 0.000000 0.000000 0.000000
 24 1.820340 -0.000001 0.000000 0.000000 0.000000 0.000000
 25 1.820340 -0.000002 0.000000 0.000000 0.000000 3.141593
 26 3.330763 -0.128978 -0.727983 0.013106 0.174047 0.071026
 27 1.560289 -0.000000 0.000000 0.000000 0.000000 0.000000
 28 1.560292 -0.000002 0.000001 0.000000 0.000000 0.000000
 29 1.560292 0.000000 -0.000002 0.000000 0.000000 3.141593
 30 3.208160 0.466230 -1.931736 0.024854 0.330715 0.074094
 31 1.300238 0.000002 -0.000001 0.000000 0.000000 0.000000
 32 1.300239 -0.000001 0.000002 0.000000 0.000000 0.000000
 33 1.300243 -0.000000 -0.000000 0.000000 0.000000 3.141593
 34 -0.000000 0.002185 1.281927 0.609210 -1.276939 2.168014
 35 7.285012 -0.000000 0.000003 -0.645020 0.221200 0.130355
 36 12.538439 0.000000 0.000001 -0.000000 0.000000 -1.865358
 37 10.782776 -0.000002 -0.000001 -1.641082 0.026740 0.025029
 38 1.016388 0.059479 -2.003609 0.348822 0.790160 0.431299
 39 1.107953 0.000002 -0.000003 0.000000 0.000000 0.000000
 40 1.107951 -0.000003 0.000003 0.000000 0.000000 0.000000
 41 1.107951 0.000000 0.000000 0.000000 0.000000 0.000000
 42 3.077730 -0.144549 -1.412631 0.003835 0.209388 0.026587
 43 1.560288 -0.000000 0.000001 0.000000 0.000000 0.000000
 44 1.560288 0.000002 0.000001 0.000000 0.000000 0.000000
 45 1.560290 -0.000003 0.000000 0.000000 0.000000 0.000000
 46 2.463500 0.093204 -0.291940 -0.000796 0.000000 0.000000
 47 1.820338 0.000002 0.000000 0.000000 0.000000 0.000000
 48 1.820337 -0.000001 -0.000000 0.000000 0.000000 0.000000
 49 1.820339 -0.000001 0.000000 0.000000 0.000000 0.000000
 50 3.016627 -0.086194 0.699125 -0.016172 -0.173791 0.088745
 51 1.560287 0.000004 0.000000 0.000000 0.000000 0.000000
 52 1.560288 -0.000002 -0.000000 0.000000 0.000000 0.000000
 53 1.560290 -0.000003 -0.000001 0.000000 0.000000 0.000000
 54 2.733753 0.442845 1.903231 -0.009342 -0.314026 0.027785
 55 1.300240 0.000003 0.000000 0.000000 0.000000 0.000000
 56 1.300241 -0.000002 -0.000001 0.000000 0.000000 0.000000
 57 1.300239 -0.000003 -0.000002 0.000000 0.000000 0.000000
 58 -4.194736 1.901331 3.206226 0.623441 -3.011067 -0.828457
 59 15.353566 -0.000002 0.000002 0.000000 0.000000 -0.984984
 60 19.266844 0.000001 0.000005 0.246687 -0.208917 0.632930
 61 4.212047 5.420718 0.000002 -0.000000 0.000000 1.570796
 62 0.549396 -0.000001 0.000000 0.000000 0.000000 3.141593
 63 -4.028417 -0.170190 -3.818103 0.404652 2.306529 -0.545548
 64 15.353566 -0.000002 -0.000002 0.000000 -0.000000 -0.937445
 65 19.266846 0.000000 -0.000002 0.396896 -0.162268 0.032998
 66 4.212046 5.420719 -0.000000 -0.000000 0.000000 1.570796
 67 0.549398 0.000000 0.000000 0.000000 0.000000 0.000000
 68 -38.836468 -1.519708 -0.000051 3.141593 -1.570796 0.000000
time 10
  0 10.933307 -25.190763 32.223835 0.000261 -0.063263 -3.029034
  1 -2.002586 -0.008244 -31.612738 0.007375 -0.062833 3.028794
  2 -1.969429 0.062434 0.000001 -3.141590 -1.551427 1.570792
  3 4.212019 -0.003535 -0.082713 0.305623 0.029024 0.220867
  4 4.761444 -0.003791 0.000001 -0.000000 -0.000000 0.000000
  5 4.761619 -0.003780 -0.000244 0.064275 0.007751 0.046720
  6 4.761618 -0.003779 -0.000244 0.064275 0.007751 0.046720
  7 4.762266 -0.002028 -0.000001 -0.000000 -0.000001 0.383972
  8 2.746987 0.000000 0.000001 0.919429 -0.432808 -0.505266
  9 9.156623 0.000001 0.000000 0.000000 0.000000 0.000000
 10 0.000002 0.002190 -1.281928 -1.278823 1.266465 1.491224
 11 7.285011 -0.000001 0.000001 0.177698 -0.491787 -0.653761
 12 12.718714 -0.000001 -0.000000 0.000000 -0.000000 -2.374649
 13 10.221163 -0.000000 -0.000000 1.690979 0.036111 -0.147442
 14 1.389921 -0.447518 1.936563 -0.210439 -0.761471 0.314906
 15 1.208674 -0.000000 0.000000 0.000000 0.000000 0.000000
 16 1.208677 -0.000003 0.000001 0.000000 0.000000 0.000000
 17 1.208674 0.000002 0.000001 0.000000 0.000000 3.141593
 18 3.507810 -0.429743 1.193334 0.022860 -0.225875 -0.088311
 19 1.560288 -0.000000 0.000000 0.000000 0.000000 0.000000
 20 1.560290 -0.000001 0.000001 0.000000 0.000000 0.000000
 21 1.560287 -0.000001 0.000000 0.000000 0.000000 3.141593
 22 3.044310 -0.436516 0.176983 0.140338 -0.004885 0.034563
 23 1.820338 0.000001 -0.000002 0.000000 0.000000 0.000000
 24 1.820336 -0.000000 0.000001 0.000000 0.000000 0.000000
 25 1.820338 -0.000001 0.000001 0.000000 0.000000 3.141593
 26 3.330761 -0.128975 -0.727985 0.013106 0.174047 0.071026
 27 1.560288 -0.000000 0.000000 0.000000 0.000000 0.000000
 28 1.560289 0.000000 -0.000001 0.000000 0.000000 0.000000
 29 1.560287 0.000001 -0.000001 0.000000 0.000000 3.141593
 30 3.208162 0.466230 -1.931736 0.024854 0.330715 0.074094
 31 1.300241 0.000000 0.000000 0.000000 0.000000 0.000000
 32 1.300243 -0.000000 0.000000 0.000000 0.000000 0.000000
 33 1.300243 -0.000000 -0.000001 0.000000 0.000000 3.141593
 34 -0.000001 0.002184 1.281929 0.654561 -1.276632 2.123342
 35 7.285012 -0.000000 0.000001 -0.613664 0.247325 0.147888
 36 12.538442 0.000000 -0.000001 0.000000 -0.000000 -1.856280
 37 10.782777 -0.000002 -0.000004 -1.641826 0.027588 0.024394
 38 1.016390 0.059478 -2.003610 0.348822 0.790160 0.431299
 39 1.107953 -0.000003 -0.000000 0.000000 0.000000 0.000000
 40 1.107951 0.000002 -0.000000 0.000000 0.000000 0.000000
 41 1.107952 0.000000 -0.000001 0.000000 0.000000 0.000000
 42 3.077730 -0.144549 -1.412632 0.003835 0.209388 0.026587
 43 1.560290 -0.000001 -0.000000 0.000000 0.000000 0.000000
 44 1.560289 0.000000 0.000001 0.000000 0.000000 0.000000
 45 1.560288 0.000002 0.000001 0.000000 0.000000 0.000000
 46 2.463500 0.093206 -0.291941 -0.000796 0.000000 0.000000
 47 1.820338 0.000002 0.000002 0.000000 0.000000 0.000000
 48 1.820336 -0.000003 0.000001 0.000000 0.000000 0.000000
 49 1.820339 -0.000000 0.000001 0.000000 0.000000 0.000000
 50 3.016627 -0.086192 0.699124 -0.016172 -0.173791 0.088745
 51 1.560287 -0.000000 -0.000003 0.000000 0.000000 0.000000
 52 1.560289 0.000001 0.000001 0.000000 0.000000 0.000000
 53 1.560291 0.000002 0.000003 0.000000 0.000000 0.000000
 54 2.733754 0.442846 1.903232 -0.009342 -0.314026 0.027785
 55 1.300241 0.000003 -0.000000 0.000000 0.000000 0.000000
 56 1.300242 -0.000002 -0.000001 0.000000 0.000000 0.000000
 57 1.300240 0.000001 -0.000001 0.000000 0.000000 0.000000
 58 -4.215889 1.973867 3.177900 0.623216 -3.003917 -0.820194
 59 15.353565 -0.000001 0.000002 0.000000 0.000000 -0.991470
 60 19.266844 -0.000001 -0.000001 0.221731 -0.205196 0.646486
 61 4.212047 5.420719 -0.000000 -0.000000 0.000000 1.570796
 62 0.549398 0.000000 0.000001 0.000000 0.000000 3.141593
 63 -4.003300 -0.229310 -3.805000 0.381888 2.306111 -0.580085
 64 15.353565 -0.000000 0.000000 0.000000 0.000000 -0.942858
 65 19.266848 0.000000 -0.000001 0.378875 -0.163551 0.035724
 66 4.212046 5.420720 -0.000000 -0.000000 0.000000 1.570796
 67 0.549398 -0.000000 0.000000 0.000000 0.000000 0.000000
 68 -38.836464 -1.519708 -0.000049 -3.141593 -1.570796 0.000000
time 11
  0 10.920934 -25.034761 32.174561 0.000319 -0.062030 -3.080585
  1 -1.960552 -0.010064 -31.566006 0.004106 -0.061895 3.080448
  2 -2.015426 0.054278 -0.000002 0.000000 -1.600102 -1.570794
  3 4.210985 -0.003490 -0.124690 0.344006 0.038260 0.226245
  4 4.761445 -0.003793 -0.000001 0.000000 0.000000 0.000000
  5 4.761622 -0.003778 -0.000275 0.071985 0.008480 0.047793
  6 4.761625 -0.003778 -0.000273 0.071985 0.008480 0.047793
  7 4.762266 -0.002029 0.000001 -0.000000 -0.000001 0.383972
  8 2.746988 -0.000000 -0.000001 0.831788 -0.430240 -0.450518
  9 9.156631 -0.000001 -0.000001 0.000000 0.000000 0.000000
 10 -0.000000 0.002191 -1.281929 -1.289460 1.263193 1.480449
 11 7.285013 -0.000001 0.000002 0.141520 -0.522806 -0.637396
 12 12.718713 -0.000000 -0.000001 0.000000 0.000000 -2.344332
 13 10.221165 -0.000001 -0.000002 1.681897 0.032992 -0.142970
 14 1.389921 -0.447518 1.936563 -0.210439 -0.761471 0.314906
 15 1.208675 -0.000002 0.000003 0.000000 0.000000 0.000000
 16 1.208673 0.000001 -0.000001 0.000000 0.000000 0.000000
 17 1.208676 0.000000 -0.000002 0.000000 0.000000 3.141593
 18 3.507811 -0.429743 1.193334 0.022860 -0.225875 -0.088311
 19 1.560287 0.000001 0.000001 0.000000 0.000000 0.000000
 20 1.560290 -0.000001 -0.000001 0.000000 0.000000 0.000000
 21 1.560289 0.000000 0.000000 0.000000 0.000000 3.141593
 22 3.044310 -0.436517 0.176985 0.140338 -0.004885 0.034563
 23 1.820339 -0.000001 0.000001 0.000000 0.000000 0.000000
 24 1.820339 -0.000002 0.000000 0.000000 0.000000 0.000000
 25 1.820336 0.000001 -0.000000 0.000000 0.000000 3.141593
 26 3.330764 -0.128978 -0.727983 0.013106 0.174047 0.071026
 27 1.560289 -0.000003 0.000002 0.000000 0.000000 0.000000
 28 1.560290 -0.000000 -0.000001 0.000000 0.000000 0.000000
 29 1.560290 0.000001 -0.000002 0.000000 0.000000 3.141593
 30 3.208161 0.466231 -1.931736 0.024854 0.330715 0.074094
 31 1.300242 0.000000 0.000001 0.000000 0.000000 0.000000
 32 1.300241 0.000000 -0.000001 0.000000 0.000000 0.000000
 33 1.300244 0.000000 -0.000001 0.000000 0.000000 3.141593
 34 0.000001 0.002183 1.281926 0.671194 -1.266486 2.108407
 35 7.285014 -0.000000 0.000000 -0.562569 0.282394 0.132006
 36 12.538440 0.000000 -0.000001 0.000000 0.000000 -1.829408
 37 10.782777 -0.000002 -0.000002 -1.641770 0.028913 0.022521
 38 1.016390 0.059477 -2.003611 0.348822 0.790160 0.431299
 39 1.107951 0.000001 -0.000001 0.000000 0.000000 0.000000
 40 1.107953 -0.000000 -0.000001 0.000000 0.000000 0.000000
 41 1.107952 -0.000002 -0.000001 0.000000 0.000000 0.000000
 42 3.077730 -0.144548 -1.412633 0.003835 0.209388 0.026587
 43 1.560288 0.000000 -0.000003 0.000000 0.000000 0.000000
 44 1.560289 -0.000000 0.000000 0.000000 0.000000 0.000000
 45 1.560289 -0.000000 0.000002 0.000000 0.000000 0.000000
 46 2.463500 0.093206 -0.291940 -0.000796 0.000000 0.000000
 47 1.820340 -0.000002 0.000002 0.000000 0.000000 0.000000
 48 1.820336 0.000004 -0.000000 0.000000 0.000000 0.000000
 49 1.820338 -0.000000 -0.000002 0.000000 0.000000 0.000000
 50 3.016626 -0.086192 0.699124 -0.016172 -0.173791 0.088745
 51 1.560289 0.000004 0.000001 0.000000 0.000000 0.000000
 52 1.560288 0.000004 0.000001 0.000000 0.000000 0.000000
 53 1.560290 0.000004 -0.000000 0.000000 0.000000 0.000000
 54 2.733753 0.442844 1.903230 -0.009342 -0.314026 0.027785
 55 1.300243 0.000000 0.000003 0.000000 0.000000 0.000000
 56 1.300240 -0.000000 -0.000002 0.000000 0.000000 0.000000
 57 1.300240 -0.000001 -0.000002 0.000000 0.000000 0.000000
 58 -4.244765 2.115932 3.095366 0.613292 -3.004301 -0.818522
 59 15.353564 0.000000 0.000001 0.000000 0.000000 -1.003698
 60 19.266846 -0.000001 0.000004 0.211963 -0.177667 0.664544
 61 4.212047 5.420720 0.000001 -0.000000 0.000000 1.570796
 62 0.549398 -0.000000 -0.000002 0.000000 0.000000 3.141593
 63 -3.964554 -0.352810 -3.795706 0.421300 2.274542 -0.595927
 64 15.353565 -0.000001 -0.000001 -0.000000 0.000000 -0.946336
 65 19.266848 -0.000000 -0.000001 0.314859 -0.183878 0.043955
 66 4.212046 5.420720 0.000000 -0.000000 0.000000 1.570796
 67 0.549397 0.000000 0.000000 0.000000 0.000000 0.000000
 68 -38.836468 -1.519708 -0.000050 -3.141593 -1.570796 0.000000
time 12
  0 10.894531 -24.834585 32.134624 0.000272 -0.061254 -3.135010
  1 -1.933617 -0.008575 -31.527653 0.000676 -0.061251 3.134981
  2 -2.085832 0.051905 0.000002 -0.000002 -1.610124 -1.570793
  3 4.209535 -0.003426 -0.167052 0.391496 0.048347 0.234474
  4 4.761445 -0.003792 -0.000001 -0.000000 0.000000 -0.000000
  5 4.761629 -0.003774 -0.000309 0.081568 0.009680 0.049422
  6 4.761630 -0.003775 -0.000310 0.081568 0.009680 0.049422
  7 4.762261 -0.002028 -0.000002 -0.000000 -0.000001 0.383972
  8 2.746988 -0.000001 0.000000 0.692312 -0.408697 -0.379336
  9 9.156624 0.000003 0.000001 0.000000 0.000000 0.000000
 10 0.000002 0.002189 -1.281926 -1.276993 1.240296 1.495613
 11 7.285012 -0.000000 0.000000 0.049464 -0.591724 -0.596720
 12 12.718716 -0.000001 -0.000000 0.000000 -0.000000 -2.274853
 13 10.221164 -0.000001 -0.000001 1.661620 0.027933 -0.133017
 14 1.389919 -0.447518 1.936563 -0.210439 -0.761471 0.314906
 15 1.208675 -0.000001 -0.000001 0.000000 0.000000 0.000000
 16 1.208675 -0.000001 -0.000000 0.000000 0.000000 0.000000
 17 1.208675 -0.000001 0.000001 0.000000 0.000000 3.141593
 18 3.507808 -0.429742 1.193333 0.022860 -0.225875 -0.088311
 19 1.560287 -0.000000 0.000001 0.000000 0.000000 0.000000
 20 1.560289 -0.000000 -0.000000 0.000000 0.000000 0.000000
 21 1.560291 -0.000000 -0.000000 0.000000 0.000000 3.141593
 22 3.044309 -0.436517 0.176984 0.140338 -0.004885 0.034563
 23 1.820335 0.000001 0.000000 0.000000 0.000000 0.000000
 24 1.820338 0.000000 0.000002 0.000000 0.000000 0.000000
 25 1.820339 -0.000001 -0.000001 0.000000 0.000000 3.141593
 26 3.330761 -0.128977 -0.727984 0.013106 0.174047 0.071026
 27 1.560288 0.000002 -0.000002 0.000000 0.000000 0.000000
 28 1.560290 -0.000000 0.000001 0.000000 0.000000 0.000000
 29 1.560290 -0.000001 -0.000000 0.000000 0.000000 3.141593
 30 3.208162 0.466230 -1.931736 0.024854 0.330715 0.074094
 31 1.300239 -0.000001 0.000001 0.000000 0.000000 0.000000
 32 1.300245 -0.000000 -0.000003 0.000000 0.000000 0.000000
 33 1.300239 -0.000000 0.000001 0.000000 0.000000 3.141593
 34 0.000001 0.002183 1.281928 0.635051 -1.237163 2.148622
 35 7.285014 -0.000000 0.000004 -0.473744 0.335639 0.124903
 36 12.538440 0.000001 0.000001 -0.000000 -0.000000 -1.752783
 37 10.782781 0.000002 -0.000002 -1.639959 0.031877 0.017271
 38 1.016390 0.059478 -2.003609 0.348822 0.790160 0.431299
 39 1.107953 -0.000000 -0.000002 0.000000 0.000000 0.000000
 40 1.107951 0.000003 0.000002 0.000000 0.000000 0.000000
 41 1.107952 -0.000002 0.000001 0.000000 0.000000 0.000000
 42 3.077731 -0.144551 -1.412631 0.003835 0.209388 0.026587
 43 1.560292 -0.000003 0.000002 0.000000 0.000000 0.000000
 44 1.560289 0.000003 -0.000000 0.000000 0.000000 0.000000
 45 1.560288 0.000000 -0.000001 0.000000 0.000000 0.000000
 46 2.463500 0.093205 -0.291938 -0.000796 0.000000 -0.000000
 47 1.820340 -0.000003 0.000000 0.000000 0.000000 0.000000
 48 1.820337 0.000003 -0.000001 0.000000 0.000000 0.000000
 49 1.820336 0.000001 -0.000001 0.000000 0.000000 0.000000
 50 3.016626 -0.086193 0.699124 -0.016172 -0.173791 0.088745
 51 1.560289 0.000000 0.000000 0.000000 0.000000 0.000000
 52 1.560288 0.000001 -0.000000 0.000000 0.000000 0.000000
 53 1.560289 0.000001 -0.000001 0.000000 0.000000 0.000000
 54 2.733754 0.442844 1.903232 -0.009342 -0.314026 0.027785
 55 1.300242 -0.000004 -0.000001 0.000000 0.000000 0.000000
 56 1.300240 0.000003 -0.000001 0.000000 0.000000 0.000000
 57 1.300240 -0.000000 0.000001 0.000000 0.000000 0.000000
 58 -4.273856 2.291207 2.978491 0.599907 -3.004960 -0.819384
 59 15.353564 0.000002 0.000002 0.000000 0.000000 -1.011487
 60 19.266846 -0.000001 -0.000002 0.209964 -0.156555 0.678470
 61 4.212047 5.420721 0.000001 -0.000000 0.000000 1.570796
 62 0.549397 0.000001 -0.000000 0.000000 0.000000 3.141593
 63 -3.919827 -0.500664 -3.784657 0.527000 2.212945 -0.586237
 64 15.353566 0.000000 0.000000 0.000000 -0.000000 -0.969631
 65 19.266850 0.000001 0.000001 0.220915 -0.198443 0.153173
 66 4.212047 5.420721 0.000000 -0.000000 0.000000 1.570796
 67 0.549398 0.000000 0.000000 0.000000 0.000000 0.000000
 68 -38.836464 -1.519708 -0.000049 3.141593 -1.570796 0.000000
time 13
  0 10.851091 -24.580761 32.104824 0.000149 -0.061489 3.096969
  1 -1.939184 -0.004699 -31.497456 -0.002597 -0.061434 -3.096894
  2 -2.151829 0.034897 0.000000 0.000001 -1.619382 -1.570795
  3 4.207828 -0.003400 -0.206063 0.407402 0.055685 0.242212
  4 4.761444 -0.003790 -0.000001 0.000000 0.000000 -0.000000
  5 4.761635 -0.003773 -0.000318 0.084442 0.009864 0.051061
  6 4.761633 -0.003773 -0.000322 0.084442 0.009864 0.051061
  7 4.762260 -0.002029 -0.000000 -0.000000 -0.000001 0.383972
  8 2.746988 0.000002 -0.000001 0.543455 -0.350314 -0.321717
  9 9.156624 0.000001 0.000000 0.000000 0.000000 0.000000
 10 0.000003 0.002191 -1.281927 -1.247488 1.205709 1.530437
 11 7.285016 0.000001 0.000000 -0.086056 -0.691863 -0.559024
 12 12.718715 0.000000 -0.000002 0.000000 -0.000000 -2.180720
 13 10.221167 -0.000002 0.000000 1.635621 0.021936 -0.119568
 14 1.389920 -0.447517 1.936563 -0.210439 -0.761471 0.314906
 15 1.208674 0.000002 -0.000001 0.000000 0.000000 0.000000
 16 1.208674 -0.000001 0.000001 0.000000 0.000000 0.000000
 17 1.208675 0.000000 0.000001 0.000000 0.000000 3.141593
 18 3.507811 -0.429743 1.193334 0.022860 -0.225875 -0.088311
 19 1.560292 -0.000000 0.000001 0.000000 0.000000 0.000000
 20 1.560289 0.000000 0.000000 0.000000 0.000000 0.000000
 21 1.560289 0.000001 -0.000000 0.000000 0.000000 3.141593
 22 3.044310 -0.436515 0.176982 0.140338 -0.004885 0.034563
 23 1.820336 0.000000 -0.000002 0.000000 0.000000 0.000000
 24 1.820340 -0.000000 0.000001 0.000000 0.000000 0.000000
 25 1.820341 -0.000001 0.000001 0.000000 0.000000 3.141593
 26 3.330763 -0.128976 -0.727984 0.013106 0.174047 0.071026
 27 1.560290 0.000001 -0.000001 0.000000 0.000000 0.000000
 28 1.560289 0.000001 -0.000001 0.000000 0.000000 0.000000
 29 1.560292 0.000001 -0.000000 0.000000 0.000000 3.141593
 30 3.208163 0.466230 -1.931736 0.024854 0.330715 0.074094
 31 1.300244 0.000001 0.000000 0.000000 0.000000 0.000000
 32 1.300243 -0.000001 -0.000000 0.000000 0.000000 0.000000
 33 1.300240 -0.000001 0.000000 0.000000 0.000000 3.141593
 34 -0.000000 0.002185 1.281927 0.579323 -1.193214 2.210457
 35 7.285014 0.000000 0.000004 -0.362908 0.398005 0.163811
 36 12.538441 -0.000000 0.000002 0.000000 -0.000000 -1.650104
 37 10.782781 0.000002 -0.000004 -1.637132 0.035629 0.010216
 38 1.016389 0.059478 -2.003612 0.348822 0.790160 0.431299
 39 1.107953 -0.000003 -0.000001 0.000000 0.000000 0.000000
 40 1.107952 0.000004 -0.000003 0.000000 0.000000 0.000000
 41 1.107952 0.000001 0.000002 0.000000 0.000000 0.000000
 42 3.077732 -0.144550 -1.412632 0.003835 0.209388 0.026587
 43 1.560289 -0.000005 -0.000002 0.000000 0.000000 0.000000
 44 1.560288 0.000004 0.000001 0.000000 0.000000 0.000000
 45 1.560290 -0.000002 0.000001 0.000000 0.000000 0.000000
 46 2.463501 0.093205 -0.291940 -0.000796 0.000000 -0.000000
 47 1.820338 0.000001 0.000001 0.000000 0.000000 0.000000
 48 1.820337 0.000000 -0.000004 0.000000 0.000000 0.000000
 49 1.820337 0.000000 0.000000 0.000000 0.000000 0.000000
 50 3.016626 -0.086192 0.699123 -0.016172 -0.173791 0.088745
 51 1.560288 0.000005 -0.000000 0.000000 0.000000 0.000000
 52 1.560290 -0.000005 0.000000 0.000000 0.000000 0.000000
 53 1.560289 0.000001 0.000000 0.000000 0.000000 0.000000
 54 2.733756 0.442843 1.903233 -0.009342 -0.314026 0.027785
 55 1.300241 -0.000001 0.000002 0.000000 0.000000 0.000000
 56 1.300241 -0.000002 -0.000001 0.000000 0.000000 0.000000
 57 1.300241 -0.000003 -0.000001 0.000000 0.000000 0.000000
 58 -4.293181 2.370126 2.936661 0.562513 -2.975486 -0.816482
 59 15.353563 0.000003 0.000002 0.000000 -0.000000 -1.012501
 60 19.266848 -0.000003 -0.000004 0.216123 -0.141239 0.688458
 61 4.212048 5.420721 -0.000002 -0.000000 0.000000 1.570796
 62 0.549397 -0.000000 0.000001 0.000000 0.000000 3.141593
 63 -3.885472 -0.527858 -3.778660 0.641787 2.160721 -0.577976
 64 15.353564 0.000001 0.000001 -0.000000 -0.000000 -0.990480
 65 19.266846 -0.000001 0.000001 0.094529 -0.204057 0.260215
 66 4.212046 5.420721 0.000001 -0.000000 -0.000000 1.570796
 67 0.549398 -0.000000 -0.000000 0.000000 0.000000 0.000000
 68 -38.836468 -1.519708 -0.000050 3.141593 -1.570796 0.000000
time 14
  0 10.787609 -24.263832 32.088470 0.000028 -0.063280 3.055071
  1 -1.994569 -0.000868 -31.477608 -0.005448 -0.063045 -3.054900
  2 -2.223094 -0.019022 0.000003 0.000000 -1.627020 -1.570795
  3 4.206185 -0.003430 -0.238094 0.380890 0.056825 0.250513
  4 4.761447 -0.003792 -0.000001 -0.000000 0.000000 -0.000000
  5 4.761637 -0.003773 -0.000297 0.078390 0.008228 0.053059
  6 4.761644 -0.003775 -0.000296 0.078390 0.008228 0.053059
  7 4.762260 -0.002028 -0.000003 -0.000000 -0.000001 0.383972
  8 2.746991 -0.000001 -0.000001 0.371401 -0.235539 -0.283502
  9 9.156631 -0.000002 0.000000 0.000000 0.000000 0.000000
 10 0.000006 0.002189 -1.281927 -1.179703 1.168903 1.607243
 11 7.285013 -0.000001 0.000002 -0.238302 -0.779162 -0.445754
 12 12.718714 0.000000 0.000000 -0.000000 0.000000 -2.086539
 13 10.221162 -0.000002 -0.000001 1.616645 0.016839 -0.106492
 14 1.389921 -0.447519 1.936565 -0.210439 -0.761471 0.314906
 15 1.208674 -0.000000 0.000002 0.000000 0.000000 0.000000
 16 1.208674 -0.000001 -0.000001 0.000000 0.000000 0.000000
 17 1.208674 -0.000001 0.000000 0.000000 0.000000 3.141593
 18 3.507811 -0.429744 1.193335 0.022860 -0.225875 -0.088311
 19 1.560288 0.000000 -0.000002 0.000000 0.000000 0.000000
 20 1.560290 -0.000001 0.000002 0.000000 0.000000 0.000000
 21 1.560289 -0.000001 0.000001 0.000000 0.000000 3.141593
 22 3.044309 -0.436517 0.176983 0.140338 -0.004885 0.034563
 23 1.820337 -0.000001 0.000002 0.000000 0.000000 0.000000
 24 1.820338 0.000001 -0.000002 0.000000 0.000000 0.000000
 25 1.820338 -0.000001 0.000000 0.000000 0.000000 3.141593
 26 3.330763 -0.128977 -0.727984 0.013106 0.174047 0.071026
 27 1.560291 -0.000001 0.000002 0.000000 0.000000 0.000000
 28 1.560290 -0.000000 -0.000001 0.000000 0.000000 0.000000
 29 1.560287 0.000000 -0.000002 0.000000 0.000000 3.141593
 30 3.208160 0.466230 -1.931735 0.024854 0.330715 0.074094
 31 1.300241 0.000000 0.000000 0.000000 0.000000 0.000000
 32 1.300244 -0.000001 0.000003 0.000000 0.000000 0.000000
 33 1.300242 0.000000 -0.000002 0.000000 0.000000 3.141593
 34 0.000004 0.002182 1.281926 0.545341 -1.152631 2.250582
 35 7.285014 0.000000 0.000000 -0.284007 0.455992 0.168819
 36 12.538438 -0.000000 -0.000000 -0.000000 -0.000000 -1.595443
 37 10.782777 0.000001 -0.000004 -1.635132 0.037255 0.006257
 38 1.016388 0.059482 -2.003610 0.348822 0.790160 0.431299
 39 1.107952 -0.000001 -0.000000 0.000000 0.000000 0.000000
 40 1.107952 -0.000002 -0.000000 0.000000 0.000000 0.000000
 41 1.107952 0.000001 0.000000 0.000000 0.000000 0.000000
 42 3.077730 -0.144547 -1.412632 0.003835 0.209388 0.026587
 43 1.560289 0.000003 0.000001 0.000000 0.000000 0.000000
 44 1.560289 -0.000002 -0.000001 0.000000 0.000000 0.000000
 45 1.560289 0.000000 -0.000001 0.000000 0.000000 0.000000
 46 2.463501 0.093206 -0.291939 -0.000796 0.000000 -0.000000
 47 1.820337 -0.000003 -0.000001 0.000000 0.000000 0.000000
 48 1.820336 0.000004 -0.000001 0.000000 0.000000 0.000000
 49 1.820338 0.000001 0.000001 0.000000 0.000000 0.000000
 50 3.016626 -0.086189 0.699123 -0.016172 -0.173791 0.088745
 51 1.560288 -0.000004 -0.000002 0.000000 0.000000 0.000000
 52 1.560289 0.000004 0.000000 0.000000 0.000000 0.000000
 53 1.560289 -0.000003 0.000000 0.000000 0.000000 0.000000
 54 2.733752 0.442847 1.903229 -0.009342 -0.314026 0.027785
 55 1.300239 0.000000 -0.000002 0.000000 0.000000 0.000000
 56 1.300243 0.000001 0.000001 0.000000 0.000000 0.000000
 57 1.300243 0.000002 0.000001 0.000000 0.000000 0.000000
 58 -4.289010 2.332814 3.011689 0.499490 -2.909377 -0.809484
 59 15.353563 0.000001 0.000000 0.000000 -0.000000 -1.004386
 60 19.266844 0.000000 0.000004 0.230702 -0.131100 0.693036
 61 4.212046 5.420720 0.000002 -0.000000 0.000000 1.570796
 62 0.549398 0.000000 0.000002 0.000000 0.000000 3.141593
 63 -3.872966 -0.385957 -3.777657 0.739326 2.132523 -0.586698
 64 15.353562 -0.000000 -0.000000 -0.000000 0.000000 -1.013645
 65 19.266848 -0.000000 -0.000001 -0.043236 -0.190109 0.368372
 66 4.212046 5.420719 -0.000000 -0.000000 0.000000 1.570796
 67 0.549397 0.000000 0.000000 0.000000 0.000000 0.000000
 68 -38.836464 -1.519708 -0.000048 3.141593 -1.570796 0.000000
time 15
  0 10.701076 -23.874325 32.099548 -0.000641 -0.071782 3.052189
  1 -2.262898 0.020187 -31.470558 -0.007060 -0.071437 -3.051914
  2 -2.307158 -0.089989 0.000002 -0.000000 -1.632184 -1.570795
  3 4.204971 -0.003479 -0.259643 0.333433 0.053376 0.260215
  4 4.761446 -0.003791 0.000002 -0.000000 0.000000 -0.000000
  5 4.761652 -0.003778 -0.000259 0.068008 0.005687 0.055440
  6 4.761653 -0.003777 -0.000259 0.068008 0.005687 0.055440
  7 4.762260 -0.002027 0.000000 -0.000000 -0.000001 0.383972
  8 2.746987 -0.000001 0.000001 0.170836 -0.074203 -0.266004
  9 9.156632 -0.000001 0.000002 0.000000 0.000000 0.000000
 10 0.000001 0.002188 -1.281927 -1.030131 1.114296 1.775520
 11 7.285014 -0.000001 0.000001 -0.407837 -0.803137 -0.142118
 12 12.718711 -0.000000 0.000000 0.000000 0.000000 -1.983404
 13 10.221163 0.000001 -0.000001 1.610866 0.012653 -0.093395
 14 1.389918 -0.447519 1.936564 -0.210439 -0.761471 0.314906
 15 1.208675 -0.000000 -0.000000 0.000000 0.000000 0.000000
 16 1.208674 -0.000000 -0.000000 0.000000 0.000000 0.000000
 17 1.208673 -0.000000 -0.000000 0.000000 0.000000 3.141593
 18 3.507806 -0.429743 1.193332 0.022860 -0.225875 -0.088311
 19 1.560290 -0.000000 0.000001 0.000000 0.000000 0.000000
 20 1.560289 0.000000 -0.000001 0.000000 0.000000 0.000000
 21 1.560291 -0.000000 0.000000 0.000000 0.000000 3.141593
 22 3.044307 -0.436517 0.176984 0.140338 -0.004885 0.034563
 23 1.820339 -0.000000 0.000001 0.000000 0.000000 0.000000
 24 1.820337 -0.000000 0.000000 0.000000 0.000000 0.000000
 25 1.820339 -0.000000 -0.000000 0.000000 0.000000 3.141593
 26 3.330761 -0.128977 -0.727987 0.013106 0.174047 0.071026
 27 1.560290 0.000000 -0.000001 0.000000 0.000000 0.000000
 28 1.560289 -0.000001 0.000001 0.000000 0.000000 0.000000
 29 1.560288 -0.000000 0.000002 0.000000 0.000000 3.141593
 30 3.208159 0.466230 -1.931736 0.024854 0.330715 0.074094
 31 1.300240 -0.000000 -0.000000 0.000000 0.000000 0.000000
 32 1.300242 -0.000000 0.000000 0.000000 0.000000 0.000000
 33 1.300241 -0.000000 0.000001 0.000000 0.000000 3.141593
 34 -0.000001 0.002182 1.281929 0.539772 -1.107700 2.264780
 35 7.285010 0.000002 0.000004 -0.254190 0.519906 0.054545
 36 12.538441 -0.000000 -0.000002 0.000000 0.000000 -1.629101
 37 10.782780 -0.000002 0.000003 -1.634453 0.034850 0.008046
 38 1.016389 0.059477 -2.003611 0.348822 0.790160 0.431299
 39 1.107950 -0.000004 0.000003 0.000000 0.000000 0.000000
 40 1.107952 0.000003 0.000001 0.000000 0.000000 0.000000
 41 1.107953 -0.000000 -0.000002 0.000000 0.000000 0.000000
 42 3.077731 -0.144551 -1.412631 0.003835 0.209388 0.026587
 43 1.560288 0.000003 -0.000001 0.000000 0.000000 0.000000
 44 1.560289 -0.000002 0.000001 0.000000 0.000000 0.000000
 45 1.560289 -0.000000 0.000004 0.000000 0.000000 0.000000
 46 2.463500 0.093204 -0.291939 -0.000796 -0.000000 -0.000000
 47 1.820338 0.000004 0.000004 0.000000 0.000000 0.000000
 48 1.820337 -0.000001 -0.000002 0.000000 0.000000 0.000000
 49 1.820337 -0.000002 -0.000002 0.000000 0.000000 0.000000
 50 3.016628 -0.086192 0.699129 -0.016172 -0.173791 0.088745
 51 1.560291 0.000001 0.000004 0.000000 0.000000 0.000000
 52 1.560288 0.000001 -0.000001 0.000000 0.000000 0.000000
 53 1.560288 0.000001 -0.000001 0.000000 0.000000 0.000000
 54 2.733754 0.442845 1.903233 -0.009342 -0.314026 0.027785
 55 1.300240 0.000002 -0.000001 0.000000 0.000000 0.000000
 56 1.300242 -0.000003 0.000000 0.000000 0.000000 0.000000
 57 1.300242 -0.000001 0.000000 0.000000 0.000000 0.000000
 58 -4.265991 2.236445 3.141003 0.432701 -2.829692 -0.809943
 59 15.353562 0.000001 0.000004 0.000000 -0.000000 -0.985247
 60 19.266846 -0.000000 -0.000002 0.275821 -0.131074 0.685253
 61 4.212047 5.420719 -0.000001 -0.000000 0.000000 1.570796
 62 0.549397 -0.000000 -0.000002 0.000000 0.000000 3.141593
 63 -3.875174 -0.157641 -3.770992 0.854127 2.119942 -0.558619
 64 15.353562 -0.000001 0.000000 -0.000000 0.000000 -1.043627
 65 19.266848 -0.000000 -0.000001 -0.150436 -0.148367 0.477959
 66 4.212047 5.420721 0.000000 -0.000000 0.000000 1.570796
 67 0.549397 -0.000000 -0.000000 0.000000 0.000000 0.000000
 68 -38.836460 -1.519708 -0.000048 -3.141593 -1.570796 0.000000
time 16
  0 10.588487 -23.402777 32.131966 -0.001479 -0.084300 3.062185
  1 -2.624250 0.045938 -31.056036 -0.008183 -0.083916 -3.061779
  2 -2.369341 -0.132342 -0.000001 0.000000 -1.634023 -1.570796
  3 4.204541 -0.003536 -0.267153 0.272664 0.049666 0.267294
  4 4.761448 -0.003792 0.000000 -0.000000 0.000000 -0.000000
  5 4.761658 -0.003781 -0.000209 0.054946 0.003342 0.057140
  6 4.761663 -0.003778 -0.000207 0.054946 0.003342 0.057140
  7 4.762265 -0.002029 -0.000000 -0.000000 -0.000001 0.383972
  8 2.746989 -0.000003 -0.000001 -0.016781 0.088759 -0.271231
  9 9.156626 0.000001 0.000001 0.000000 0.000000 0.000000
 10 0.000001 0.002189 -1.281928 -0.886347 1.043818 1.942700
 11 7.285014 0.000001 0.000001 -0.537594 -0.757218 0.238134
 12 12.718713 -0.000000 0.000001 -0.000000 -0.000000 -1.880221
 13 10.221163 -0.000003 0.000000 1.612139 0.008999 -0.080828
 14 1.389920 -0.447519 1.936565 -0.210439 -0.761471 0.314906
 15 1.208675 0.000000 -0.000000 0.000000 0.000000 0.000000
 16 1.208674 0.000000 -0.000001 0.000000 0.000000 0.000000
 17 1.208673 0.000000 -0.000001 0.000000 0.000000 3.141593
 18 3.507809 -0.429743 1.193335 0.022860 -0.225875 -0.088311
 19 1.560288 -0.000001 0.000001 0.000000 0.000000 0.000000
 20 1.560290 0.000001 -0.000001 0.000000 0.000000 0.000000
 21 1.560290 0.000001 -0.000002 0.000000 0.000000 3.141593
 22 3.044310 -0.436516 0.176984 0.140338 -0.004885 0.034563
 23 1.820336 -0.000000 0.000002 0.000000 0.000000 0.000000
 24 1.820336 -0.000000 -0.000003 0.000000 0.000000 0.000000
 25 1.820336 -0.000000 -0.000001 0.000000 0.000000 3.141593
 26 3.330762 -0.128977 -0.727981 0.013106 0.174047 0.071026
 27 1.560290 0.000000 -0.000002 0.000000 0.000000 0.000000
 28 1.560288 0.000000 -0.000000 0.000000 0.000000 0.000000
 29 1.560288 -0.000000 0.000001 0.000000 0.000000 3.141593
 30 3.208161 0.466230 -1.931733 0.024854 0.330715 0.074094
 31 1.300241 -0.000000 0.000002 0.000000 0.000000 0.000000
 32 1.300243 -0.000000 -0.000004 0.000000 0.000000 0.000000
 33 1.300241 -0.000000 0.000001 0.000000 0.000000 3.141593
 34 0.000002 0.002180 1.281926 0.543855 -1.067235 2.269760
 35 7.285013 -0.000001 -0.000001 -0.255170 0.577247 -0.146052
 36 12.538440 -0.000000 -0.000001 -0.000000 0.000000 -1.710776
 37 10.782779 0.000001 -0.000002 -1.634597 0.030301 0.012922
 38 1.016389 0.059479 -2.003610 0.348822 0.790160 0.431299
 39 1.107954 0.000001 -0.000002 0.000000 0.000000 0.000000
 40 1.107949 -0.000003 0.000002 0.000000 0.000000 0.000000
 41 1.107952 -0.000000 0.000000 0.000000 0.000000 0.000000
 42 3.077731 -0.144548 -1.412629 0.003835 0.209388 0.026587
 43 1.560289 -0.000003 0.000001 0.000000 0.000000 0.000000
 44 1.560289 0.000002 -0.000000 0.000000 0.000000 0.000000
 45 1.560289 0.000003 -0.000001 0.000000 0.000000 0.000000
 46 2.463500 0.093203 -0.291938 -0.000796 0.000000 -0.000000
 47 1.820337 -0.000000 -0.000002 0.000000 0.000000 0.000000
 48 1.820338 0.000000 0.000001 0.000000 0.000000 0.000000
 49 1.820338 0.000000 0.000001 0.000000 0.000000 0.000000
 50 3.016626 -0.086192 0.699126 -0.016172 -0.173791 0.088745
 51 1.560289 -0.000001 0.000001 0.000000 0.000000 0.000000
 52 1.560289 -0.000002 0.000001 0.000000 0.000000 0.000000
 53 1.560289 -0.000002 -0.000000 0.000000 0.000000 0.000000
 54 2.733754 0.442846 1.903233 -0.009342 -0.314026 0.027785
 55 1.300241 0.000001 -0.000000 0.000000 0.000000 0.000000
 56 1.300240 0.000000 -0.000003 0.000000 0.000000 0.000000
 57 1.300241 0.000001 0.000001 0.000000 0.000000 0.000000
 58 -4.244406 2.075556 3.286138 0.358707 -2.744677 -0.797133
 59 15.353563 -0.000000 0.000003 -0.000000 0.000000 -0.959288
 60 19.266842 -0.000001 -0.000001 0.332044 -0.122967 0.670308
 61 4.212047 5.420720 -0.000000 -0.000000 -0.000000 1.570796
 62 0.549398 0.000000 0.000001 0.000000 0.000000 3.141593
 63 -3.880728 0.105290 -3.759841 0.953964 2.121659 -0.516347
 64 15.353564 -0.000001 0.000001 -0.000000 0.000000 -1.073276
 65 19.266842 0.000000 -0.000001 -0.226957 -0.077884 0.586729
 66 4.212047 5.420720 0.000001 -0.000000 0.000000 1.570796
 67 0.549398 -0.000000 -0.000000 0.000000 0.000000 0.000000
 68 -38.836464 -1.519708 -0.000052 -3.141593 -1.570796 0.000000
time 17
  0 10.446835 -22.839718 32.156803 0.000071 -0.089628 3.007264
  1 -2.791884 -0.002193 -31.066387 -0.011965 -0.088827 -3.006736
  2 -2.368739 -0.107263 0.000000 0.000000 -1.631683 -1.570796
  3 4.205188 -0.003590 -0.257071 0.206259 0.049338 0.267056
  4 4.761441 -0.003791 0.000001 0.000000 0.000000 0.000000
  5 4.761661 -0.003782 -0.000154 0.040860 0.002260 0.057060
  6 4.761662 -0.003783 -0.000156 0.040860 0.002260 0.057060
  7 4.762264 -0.002027 0.000000 -0.000000 -0.000001 0.383972
  8 2.746990 0.000001 -0.000001 -0.153783 0.205275 -0.281961
  9 9.156626 0.000002 -0.000000 0.000000 0.000000 0.000000
 10 0.000003 0.002192 -1.281928 -0.833889 1.015505 2.004243
 11 7.285011 -0.000000 -0.000001 -0.600652 -0.695513 0.526774
 12 12.718713 0.000000 0.000001 -0.000000 -0.000000 -1.828316
 13 10.221163 0.000000 -0.000001 1.614847 0.006861 -0.074195
 14 1.389921 -0.447519 1.936562 -0.210439 -0.761471 0.314906
 15 1.208675 0.000001 -0.000001 0.000000 0.000000 0.000000
 16 1.208674 -0.000000 -0.000001 0.000000 0.000000 0.000000
 17 1.208674 -0.000000 -0.000001 0.000000 0.000000 3.141593
 18 3.507809 -0.429743 1.193333 0.022860 -0.225875 -0.088311
 19 1.560288 -0.000001 0.000001 0.000000 0.000000 0.000000
 20 1.560289 0.000001 0.000004 0.000000 0.000000 0.000000
 21 1.560289 0.000000 -0.000001 0.000000 0.000000 3.141593
 22 3.044310 -0.436516 0.176984 0.140338 -0.004885 0.034563
 23 1.820337 -0.000001 -0.000003 0.000000 0.000000 0.000000
 24 1.820337 0.000001 0.000003 0.000000 0.000000 0.000000
 25 1.820337 -0.000000 0.000000 0.000000 0.000000 3.141593
 26 3.330762 -0.128977 -0.727984 0.013106 0.174047 0.071026
 27 1.560291 0.000000 -0.000002 0.000000 0.000000 0.000000
 28 1.560288 0.000001 0.000002 0.000000 0.000000 0.000000
 29 1.560289 -0.000000 -0.000001 0.000000 0.000000 3.141593
 30 3.208160 0.466230 -1.931735 0.024854 0.330715 0.074094
 31 1.300243 0.000001 -0.000002 0.000000 0.000000 0.000000
 32 1.300240 -0.000001 -0.000002 0.000000 0.000000 0.000000
 33 1.300241 -0.000000 -0.000001 0.000000 0.000000 3.141593
 34 0.000002 0.002186 1.281928 0.543654 -1.075217 2.268145
 35 7.285012 0.000001 0.000003 -0.260648 0.602508 -0.373621
 36 12.538439 0.000000 0.000000 -0.000000 -0.000000 -1.793644
 37 10.782779 0.000001 0.000001 -1.635860 0.026360 0.017808
 38 1.016388 0.059476 -2.003609 0.348822 0.790160 0.431299
 39 1.107950 0.000001 0.000000 0.000000 0.000000 0.000000
 40 1.107952 -0.000001 -0.000001 0.000000 0.000000 0.000000
 41 1.107954 -0.000001 -0.000002 0.000000 0.000000 0.000000
 42 3.077730 -0.144553 -1.412630 0.003835 0.209388 0.026587
 43 1.560288 0.000000 0.000001 0.000000 0.000000 0.000000
 44 1.560289 -0.000001 -0.000002 0.000000 0.000000 0.000000
 45 1.560289 -0.000002 -0.000001 0.000000 0.000000 0.000000
 46 2.463499 0.093202 -0.291937 -0.000796 0.000000 0.000000
 47 1.820338 -0.000000 0.000001 0.000000 0.000000 0.000000
 48 1.820338 -0.000002 -0.000003 0.000000 0.000000 0.000000
 49 1.820337 0.000001 0.000001 0.000000 0.000000 0.000000
 50 3.016627 -0.086194 0.699123 -0.016172 -0.173791 0.088745
 51 1.560288 -0.000002 0.000003 0.000000 0.000000 0.000000
 52 1.560289 0.000001 -0.000001 0.000000 0.000000 0.000000
 53 1.560289 -0.000000 -0.000002 0.000000 0.000000 0.000000
 54 2.733754 0.442841 1.903231 -0.009342 -0.314026 0.027785
 55 1.300241 -0.000004 0.000001 0.000000 0.000000 0.000000
 56 1.300241 0.000002 -0.000001 0.000000 0.000000 0.000000
 57 1.300241 0.000001 0.000001 0.000000 0.000000 0.000000
 58 -4.243558 1.850413 3.408238 0.250305 -2.659308 -0.717783
 59 15.353564 0.000000 0.000000 0.000000 0.000000 -0.931674
 60 19.266846 -0.000001 -0.000001 0.329262 -0.094857 0.673942
 61 4.212047 5.420719 0.000001 -0.000000 0.000000 1.570796
 62 0.549399 0.000000 0.000002 0.000000 0.000000 3.141593
 63 -3.882281 0.352006 -3.753069 0.979761 2.146203 -0.600096
 64 15.353565 -0.000002 -0.000001 0.000000 -0.000000 -1.030703
 65 19.266846 0.000000 -0.000000 -0.230023 -0.105735 0.602688
 66 4.212047 5.420720 0.000000 -0.000000 -0.000000 1.570796
 67 0.549398 0.000000 -0.000000 0.000000 0.000000 0.000000
 68 -38.836460 -1.519708 -0.000051 -3.141593 -1.570796 0.000000
time 18
  0 10.273113 -22.175684 32.108902 0.002600 -0.086474 2.890878
  1 -2.689773 -0.080683 -31.027208 -0.018977 -0.084411 -2.890189
  2 -2.256319 -0.000568 -0.000000 0.000000 -1.621852 -1.570795
  3 4.207477 -0.003646 -0.215436 0.128928 0.050795 0.253915
  4 4.761447 -0.003793 -0.000001 0.000000 0.000000 0.000000
  5 4.761647 -0.003784 -0.000094 0.024809 0.002761 0.054095
  6 4.761648 -0.003784 -0.000094 0.024809 0.002761 0.054095
  7 4.762268 -0.002030 0.000000 -0.000000 -0.000001 0.383972
  8 2.746987 0.000002 -0.000000 -0.212258 0.246838 -0.282737
  9 9.156630 -0.000001 0.000001 0.000000 0.000000 0.000000
 10 -0.000003 0.002195 -1.281928 -0.890328 1.059706 1.934112
 11 7.285011 0.000001 -0.000001 -0.667609 -0.637935 0.717755
 12 12.718713 -0.000005 0.000003 0.000000 0.000000 -1.845225
 13 10.221162 0.000001 -0.000002 1.616215 0.006703 -0.075230
 14 1.389921 -0.447519 1.936562 -0.210439 -0.761471 0.314906
 15 1.208675 0.000000 -0.000002 0.000000 0.000000 0.000000
 16 1.208674 -0.000001 0.000002 0.000000 0.000000 0.000000
 17 1.208675 -0.000000 0.000001 0.000000 0.000000 3.141593
 18 3.507809 -0.429743 1.193333 0.022860 -0.225875 -0.088311
 19 1.560289 -0.000000 0.000001 0.000000 0.000000 0.000000
 20 1.560288 -0.000001 0.000003 0.000000 0.000000 0.000000
 21 1.560289 0.000000 -0.000001 0.000000 0.000000 3.141593
 22 3.044309 -0.436517 0.176983 0.140338 -0.004885 0.034563
 23 1.820338 -0.000000 -0.000001 0.000000 0.000000 0.000000
 24 1.820337 -0.000001 -0.000000 0.000000 0.000000 0.000000
 25 1.820336 0.000000 0.000001 0.000000 0.000000 3.141593
 26 3.330762 -0.128978 -0.727984 0.013106 0.174047 0.071026
 27 1.560290 0.000000 -0.000001 0.000000 0.000000 0.000000
 28 1.560287 -0.000000 0.000002 0.000000 0.000000 0.000000
 29 1.560289 -0.000001 -0.000001 0.000000 0.000000 3.141593
 30 3.208162 0.466230 -1.931738 0.024854 0.330715 0.074094
 31 1.300242 -0.000001 -0.000002 0.000000 0.000000 0.000000
 32 1.300241 -0.000000 0.000001 0.000000 0.000000 0.000000
 33 1.300239 0.000001 0.000002 0.000000 0.000000 3.141593
 34 -0.000000 0.002186 1.281927 0.522357 -1.181787 2.267373
 35 7.285012 0.000001 0.000002 -0.271712 0.582340 -0.651687
 36 12.538438 0.000000 -0.000001 -0.000000 -0.000000 -1.880036
 37 10.782777 0.000001 -0.000001 -1.640089 0.024033 0.022745
 38 1.016389 0.059481 -2.003609 0.348822 0.790160 0.431299
 39 1.107953 -0.000002 -0.000001 0.000000 0.000000 0.000000
 40 1.107951 0.000003 0.000001 0.000000 0.000000 0.000000
 41 1.107951 0.000000 -0.000000 0.000000 0.000000 0.000000
 42 3.077731 -0.144549 -1.412632 0.003835 0.209388 0.026587
 43 1.560288 -0.000001 0.000001 0.000000 0.000000 0.000000
 44 1.560290 -0.000002 -0.000001 0.000000 0.000000 0.000000
 45 1.560290 -0.000003 -0.000002 0.000000 0.000000 0.000000
 46 2.463500 0.093207 -0.291938 -0.000796 0.000000 0.000000
 47 1.820337 0.000002 0.000000 0.000000 0.000000 0.000000
 48 1.820337 0.000002 0.000001 0.000000 0.000000 0.000000
 49 1.820337 0.000002 0.000001 0.000000 0.000000 0.000000
 50 3.016627 -0.086192 0.699123 -0.016172 -0.173791 0.088745
 51 1.560289 0.000002 0.000002 0.000000 0.000000 0.000000
 52 1.560289 -0.000003 -0.000002 0.000000 0.000000 0.000000
 53 1.560289 -0.000001 -0.000001 0.000000 0.000000 0.000000
 54 2.733754 0.442846 1.903232 -0.009342 -0.314026 0.027785
 55 1.300242 0.000001 -0.000002 0.000000 0.000000 0.000000
 56 1.300241 0.000002 0.000003 0.000000 0.000000 0.000000
 57 1.300241 -0.000003 -0.000001 0.000000 0.000000 0.000000
 58 -4.263311 1.523017 3.499585 0.084800 -2.589416 -0.553845
 59 15.353562 -0.000001 0.000001 0.000000 -0.000000 -0.900962
 60 19.266842 -0.000001 0.000002 0.273388 -0.047731 0.692215
 61 4.212046 5.420719 0.000001 -0.000000 0.000000 1.570796
 62 0.549397 -0.000001 -0.000003 0.000000 0.000000 3.141593
 63 -3.891374 0.582398 -3.755545 0.983406 2.195869 -0.708797
 64 15.353562 -0.000001 -0.000001 0.000000 0.000000 -0.955396
 65 19.266846 0.000000 -0.000003 -0.133114 -0.219157 0.566000
 66 4.212046 5.420719 -0.000000 -0.000000 -0.000000 1.570796
 67 0.549397 -0.000000 0.000000 0.000000 0.000000 0.000000
 68 -38.836464 -1.519708 -0.000049 3.141593 -1.570796 0.000000
time 19
  0 10.064319 -21.401211 31.995796 0.003223 -0.081671 2.768105
  1 -2.531487 -0.099662 -30.926989 -0.026849 -0.077208 -2.767200
  2 -2.052876 0.148425 -0.000002 -0.000001 -1.603712 -1.570795
  3 4.210622 -0.003692 -0.138759 0.038688 0.048816 0.230485
  4 4.761442 -0.003791 -0.000001 0.000000 0.000000 0.000000
  5 4.761631 -0.003787 -0.000025 0.006366 0.004181 0.049065
  6 4.761630 -0.003785 -0.000025 0.006366 0.004181 0.049065
  7 4.762262 -0.002027 0.000001 -0.000000 -0.000001 0.383972
  8 2.746988 0.000001 -0.000001 -0.204453 0.234770 -0.271868
  9 9.156627 -0.000001 0.000000 0.000000 0.000000 0.000000
 10 -0.000000 0.002191 -1.281928 -1.036287 1.134657 1.764600
 11 7.285015 -0.000001 -0.000001 -0.722126 -0.565153 0.844936
 12 12.718714 0.000000 0.000000 0.000000 -0.000000 -1.898742
 13 10.221166 0.000001 -0.000000 1.618006 0.007698 -0.080425
 14 1.389920 -0.447519 1.936565 -0.210439 -0.761471 0.314906
 15 1.208675 0.000000 0.000001 0.000000 0.000000 0.000000
 16 1.208674 -0.000000 0.000002 0.000000 0.000000 0.000000
 17 1.208675 -0.000000 0.000002 0.000000 0.000000 3.141593
 18 3.507811 -0.429743 1.193333 0.022860 -0.225875 -0.088311
 19 1.560289 0.000001 -0.000000 0.000000 0.000000 0.000000
 20 1.560289 0.000000 0.000001 0.000000 0.000000 0.000000
 21 1.560289 -0.000000 0.000003 0.000000 0.000000 3.141593
 22 3.044310 -0.436517 0.176983 0.140338 -0.004885 0.034563
 23 1.820337 -0.000001 0.000001 0.000000 0.000000 0.000000
 24 1.820337 0.000000 0.000001 0.000000 0.000000 0.000000
 25 1.820337 0.000000 -0.000000 0.000000 0.000000 3.141593
 26 3.330763 -0.128977 -0.727983 0.013106 0.174047 0.071026
 27 1.560289 -0.000000 -0.000001 0.000000 0.000000 0.000000
 28 1.560289 0.000001 -0.000001 0.000000 0.000000 0.000000
 29 1.560288 -0.000000 -0.000001 0.000000 0.000000 3.141593
 30 3.208162 0.466230 -1.931736 0.024854 0.330715 0.074094
 31 1.300243 -0.000000 -0.000002 0.000000 0.000000 0.000000
 32 1.300240 0.000000 0.000001 0.000000 0.000000 0.000000
 33 1.300240 0.000000 0.000001 0.000000 0.000000 3.141593
 34 0.000004 0.002183 1.281926 0.485700 -1.338477 2.282280
 35 7.285012 0.000001 0.000000 -0.295450 0.515662 -0.940550
 36 12.538441 0.000001 -0.000001 -0.000000 0.000000 -1.967621
 37 10.782778 -0.000002 -0.000000 -1.645421 0.022340 0.027702
 38 1.016390 0.059479 -2.003612 0.348822 0.790160 0.431299
 39 1.107950 0.000003 -0.000001 0.000000 0.000000 0.000000
 40 1.107953 -0.000001 -0.000000 0.000000 0.000000 0.000000
 41 1.107952 -0.000002 -0.000000 0.000000 0.000000 0.000000
 42 3.077731 -0.144550 -1.412633 0.003835 0.209388 0.026587
 43 1.560289 0.000000 -0.000002 0.000000 0.000000 0.000000
 44 1.560289 0.000000 -0.000002 0.000000 0.000000 0.000000
 45 1.560289 0.000000 0.000002 0.000000 0.000000 0.000000
 46 2.463500 0.093205 -0.291941 -0.000796 0.000000 0.000000
 47 1.820336 0.000003 0.000002 0.000000 0.000000 0.000000
 48 1.820338 -0.000002 -0.000003 0.000000 0.000000 0.000000
 49 1.820338 -0.000002 -0.000000 0.000000 0.000000 0.000000
 50 3.016628 -0.086193 0.699122 -0.016172 -0.173791 0.088745
 51 1.560288 0.000000 -0.000001 0.000000 0.000000 0.000000
 52 1.560289 0.000001 0.000001 0.000000 0.000000 0.000000
 53 1.560288 0.000002 0.000002 0.000000 0.000000 0.000000
 54 2.733754 0.442845 1.903230 -0.009342 -0.314026 0.027785
 55 1.300242 -0.000000 0.000001 0.000000 0.000000 0.000000
 56 1.300241 -0.000001 0.000001 0.000000 0.000000 0.000000
 57 1.300241 -0.000001 0.000001 0.000000 0.000000 0.000000
 58 -4.279049 1.103917 3.556856 -0.130362 -2.553815 -0.333676
 59 15.353563 0.000001 0.000001 -0.000000 -0.000000 -0.852442
 60 19.266848 0.000002 -0.000001 0.215268 0.001719 0.703897
 61 4.212048 5.420720 -0.000001 -0.000000 0.000000 1.570796
 62 0.549399 0.000001 0.000001 0.000000 0.000000 3.141593
 63 -3.921592 0.820909 -3.754243 0.953912 2.284916 -0.810185
 64 15.353564 -0.000002 -0.000002 0.000000 -0.000000 -0.913761
 65 19.266846 -0.000000 0.000001 -0.068730 -0.309487 0.552040
 66 4.212047 5.420720 0.000000 -0.000000 -0.000000 1.570796
 67 0.549397 -0.000000 -0.000000 0.000000 0.000000 0.000000
 68 -38.836468 -1.519708 -0.000048 3.141593 -1.570796 0.000000
time 20
  0 9.701617 -20.183586 31.863384 0.002472 -0.075758 2.638572
  1 -2.338552 -0.076168 -30.809448 -0.034405 -0.067554 -2.637503
  2 -1.824616 0.302949 0.000001 3.141589 -1.561442 1.570794
  3 4.212639 -0.003708 -0.039176 -0.051788 0.042146 0.204541
  4 4.761443 -0.003790 0.000001 0.000000 0.000000 0.000000
  5 4.761609 -0.003788 0.000046 -0.012035 0.006131 0.043742
  6 4.761616 -0.003789 0.000045 -0.012035 0.006131 0.043742
  7 4.762267 -0.002029 0.000001 -0.000000 -0.000001 0.383972
  8 2.746986 -0.000000 0.000000 -0.148311 0.198394 -0.247426
  9 9.156629 0.000000 0.000001 0.000000 0.000000 0.000000
 10 -0.000003 0.002191 -1.281928 -1.246501 1.202949 1.531816
 11 7.285012 -0.000001 -0.000000 -0.737779 -0.492831 0.901110
 12 12.718715 0.000002 0.000002 -0.000000 -0.000000 -1.965575
 13 10.221168 0.000001 0.000000 1.621427 0.009020 -0.087298
 14 1.389922 -0.447519 1.936563 -0.210439 -0.761471 0.314906
 15 1.208675 0.000001 -0.000000 0.000000 0.000000 0.000000
 16 1.208674 -0.000000 -0.000001 0.000000 0.000000 0.000000
 17 1.208675 -0.000000 -0.000001 0.000000 0.000000 3.141593
 18 3.507812 -0.429742 1.193332 0.022860 -0.225875 -0.088311
 19 1.560289 -0.000001 0.000002 0.000000 0.000000 0.000000
 20 1.560289 0.000001 -0.000003 0.000000 0.000000 0.000000
 21 1.560289 0.000001 -0.000001 0.000000 0.000000 3.141593
 22 3.044310 -0.436518 0.176984 0.140338 -0.004885 0.034563
 23 1.820338 0.000000 -0.000001 0.000000 0.000000 0.000000
 24 1.820337 -0.000000 -0.000001 0.000000 0.000000 0.000000
 25 1.820337 -0.000000 0.000000 0.000000 0.000000 3.141593
 26 3.330765 -0.128977 -0.727985 0.013106 0.174047 0.071026
 27 1.560291 0.000001 -0.000001 0.000000 0.000000 0.000000
 28 1.560288 -0.000001 0.000000 0.000000 0.000000 0.000000
 29 1.560288 -0.000001 0.000002 0.000000 0.000000 3.141593
 30 3.208162 0.466230 -1.931736 0.024854 0.330715 0.074094
 31 1.300242 -0.000000 -0.000001 0.000000 0.000000 0.000000
 32 1.300238 -0.000001 0.000003 0.000000 0.000000 0.000000
 33 1.300244 0.000000 -0.000001 0.000000 0.000000 3.141593
 34 0.000001 0.002183 1.281927 0.507131 -1.438620 2.253404
 35 7.285012 0.000000 0.000001 -0.288462 0.472550 -1.079162
 36 12.538441 0.000001 -0.000002 -0.000000 -0.000000 -2.002567
 37 10.782779 0.000000 0.000003 -1.646549 0.020993 0.029473
 38 1.016388 0.059481 -2.003608 0.348822 0.790160 0.431299
 39 1.107954 -0.000000 -0.000000 0.000000 0.000000 0.000000
 40 1.107951 0.000001 -0.000001 0.000000 0.000000 0.000000
 41 1.107952 0.000003 -0.000001 0.000000 0.000000 0.000000
 42 3.077731 -0.144549 -1.412630 0.003835 0.209388 0.026587
 43 1.560289 0.000001 -0.000001 0.000000 0.000000 0.000000
 44 1.560288 0.000001 -0.000001 0.000000 0.000000 0.000000
 45 1.560289 0.000001 -0.000001 0.000000 0.000000 0.000000
 46 2.463500 0.093206 -0.291937 -0.000796 -0.000000 0.000000
 47 1.820339 0.000000 -0.000001 0.000000 0.000000 0.000000
 48 1.820336 0.000002 -0.000000 0.000000 0.000000 0.000000
 49 1.820336 0.000003 0.000001 0.000000 0.000000 0.000000
 50 3.016626 -0.086192 0.699126 -0.016172 -0.173791 0.088745
 51 1.560290 -0.000001 -0.000001 0.000000 0.000000 0.000000
 52 1.560288 -0.000000 -0.000000 0.000000 0.000000 0.000000
 53 1.560288 0.000001 0.000001 0.000000 0.000000 0.000000
 54 2.733754 0.442845 1.903233 -0.009342 -0.314026 0.027785
 55 1.300240 0.000004 0.000003 0.000000 0.000000 0.000000
 56 1.300241 -0.000001 -0.000001 0.000000 0.000000 0.000000
 57 1.300242 -0.000002 -0.000002 0.000000 0.000000 0.000000
 58 -4.276384 0.675685 3.564537 -0.366942 -2.565736 -0.103539
 59 15.353563 0.000000 0.000001 0.000000 -0.000000 -0.772933
 60 19.266848 -0.000001 0.000002 0.244395 0.101371 0.526384
 61 4.212048 5.420720 -0.000001 -0.000000 -0.000000 1.570796
 62 0.549398 -0.000000 -0.000001 0.000000 0.000000 3.141593
 63 -3.967736 1.054528 -3.744449 0.919818 2.422231 -0.882065
 64 15.353562 -0.000001 -0.000001 -0.000000 0.000000 -0.941629
 65 19.266844 0.000001 -0.000002 -0.105286 -0.343364 0.588335
 66 4.212047 5.420720 0.000000 -0.000000 -0.000000 1.570796
 67 0.549398 -0.000000 -0.000000 0.000000 0.000000 0.000000
 68 -38.836468 -1.519709 -0.000049 -3.141593 -1.570796 0.000000
time 21
  0 9.111668 -18.305696 31.757582 0.000945 -0.069143 2.501900
  1 -2.127379 -0.029028 -30.718775 -0.040559 -0.056021 -2.500796
  2 -1.647965 0.444407 -0.000001 0.000002 -1.554030 -1.570797
  3 4.212155 -0.003693 0.071099 -0.130250 0.031586 0.184721
  4 4.761446 -0.003791 -0.000001 0.000000 0.000000 0.000000
  5 4.761597 -0.003789 0.000106 -0.027953 0.008309 0.039919
  6 4.761598 -0.003786 0.000106 -0.027953 0.008309 0.039919
  7 4.762265 -0.002030 0.000001 -0.000000 -0.000001 0.383972
  8 2.746988 -0.000001 -0.000000 -0.049513 0.143348 -0.219668
  9 9.156631 -0.000002 0.000001 0.000000 0.000000 0.000000
 10 0.000000 0.002191 -1.281929 -1.414630 1.248737 1.350510
 11 7.285012 0.000001 -0.000002 -0.705235 -0.435371 0.910431
 12 12.718713 0.000004 -0.000000 -0.000000 0.000000 -2.022434
 13 10.221165 -0.000001 -0.000000 1.627698 0.009852 -0.093365
 14 1.389922 -0.447519 1.936564 -0.210439 -0.761471 0.314906
 15 1.208675 -0.000002 0.000000 0.000000 0.000000 0.000000
 16 1.208675 0.000001 -0.000001 0.000000 0.000000 0.000000
 17 1.208675 -0.000000 -0.000002 0.000000 0.000000 3.141593
 18 3.507811 -0.429743 1.193334 0.022860 -0.225875 -0.088311
 19 1.560290 0.000001 -0.000001 0.000000 0.000000 0.000000
 20 1.560289 -0.000000 0.000001 0.000000 0.000000 0.000000
 21 1.560287 -0.000001 0.000002 0.000000 0.000000 3.141593
 22 3.044311 -0.436517 0.176984 0.140338 -0.004885 0.034563
 23 1.820336 -0.000001 0.000002 0.000000 0.000000 0.000000
 24 1.820338 -0.000000 -0.000001 0.000000 0.000000 0.000000
 25 1.820339 0.000001 -0.000001 0.000000 0.000000 3.141593
 26 3.330763 -0.128977 -0.727984 0.013106 0.174047 0.071026
 27 1.560289 -0.000001 0.000000 0.000000 0.000000 0.000000
 28 1.560290 -0.000001 0.000000 0.000000 0.000000 0.000000
 29 1.560288 -0.000001 0.000000 0.000000 0.000000 3.141593
 30 3.208163 0.466231 -1.931737 0.024854 0.330715 0.074094
 31 1.300242 -0.000000 -0.000000 0.000000 0.000000 0.000000
 32 1.300240 -0.000001 0.000001 0.000000 0.000000 0.000000
 33 1.300241 -0.000001 -0.000000 0.000000 0.000000 3.141593
 34 0.000002 0.002182 1.281928 0.735345 -1.445806 2.025374
 35 7.285012 -0.000003 -0.000001 -0.241412 0.503132 -1.063380
 36 12.538442 0.000000 -0.000001 -0.000000 -0.000000 -1.974421
 37 10.782778 -0.000002 -0.000001 -1.641214 0.019376 0.027401
 38 1.016389 0.059478 -2.003611 0.348822 0.790160 0.431299
 39 1.107951 0.000002 0.000001 0.000000 0.000000 0.000000
 40 1.107954 -0.000003 0.000001 0.000000 0.000000 0.000000
 41 1.107952 -0.000000 0.000000 0.000000 0.000000 0.000000
 42 3.077731 -0.144549 -1.412631 0.003835 0.209388 0.026587
 43 1.560289 0.000000 -0.000001 0.000000 0.000000 0.000000
 44 1.560289 -0.000002 -0.000003 0.000000 0.000000 0.000000
 45 1.560288 0.000002 0.000001 0.000000 0.000000 0.000000
 46 2.463501 0.093204 -0.291940 -0.000796 -0.000000 0.000000
 47 1.820337 -0.000001 -0.000001 0.000000 0.000000 0.000000
 48 1.820337 0.000002 0.000001 0.000000 0.000000 0.000000
 49 1.820338 0.000001 0.000000 0.000000 0.000000 0.000000
 50 3.016627 -0.086194 0.699123 -0.016172 -0.173791 0.088745
 51 1.560288 0.000002 0.000000 0.000000 0.000000 0.000000
 52 1.560290 -0.000004 -0.000002 0.000000 0.000000 0.000000
 53 1.560289 0.000000 -0.000001 0.000000 0.000000 0.000000
 54 2.733753 0.442846 1.903233 -0.009342 -0.314026 0.027785
 55 1.300242 -0.000002 0.000000 0.000000 0.000000 0.000000
 56 1.300241 -0.000001 0.000001 0.000000 0.000000 0.000000
 57 1.300241 0.000000 0.000002 0.000000 0.000000 0.000000
 58 -4.251185 0.321440 3.530678 -0.594574 -2.632900 0.134068
 59 15.353563 -0.000000 0.000003 0.000000 -0.000000 -0.682943
 60 19.266844 -0.000001 -0.000001 0.262451 0.174645 0.448850
 61 4.212047 5.420720 -0.000002 -0.000000 0.000000 1.570796
 62 0.549398 -0.000001 -0.000000 0.000000 0.000000 3.141593
 63 -4.019833 1.272381 -3.728955 0.889869 2.584692 -0.928063
 64 15.353566 0.000001 -0.000001 -0.000000 -0.000000 -1.003169
 65 19.266846 0.000001 0.000001 -0.161571 -0.364328 0.629950
 66 4.212047 5.420720 0.000000 -0.000000 0.000000 1.570796
 67 0.549398 -0.000000 -0.000000 0.000000 0.000000 0.000000
 68 -38.836468 -1.519709 -0.000050 3.141593 -1.570796 0.000000
time 22
  0 8.359695 -15.931465 31.724274 -0.000733 -0.062069 2.357712
  1 -1.966045 0.023173 -31.634373 -0.044370 -0.043424 -2.356725
  2 -1.578370 0.608346 0.000001 0.000001 -1.528259 -1.570796
  3 4.208907 -0.003662 0.179850 -0.193885 0.023929 0.177212
  4 4.761441 -0.003791 -0.000000 -0.000000 -0.000000 0.000000
  5 4.761599 -0.003784 0.000154 -0.040856 0.011298 0.038861
  6 4.761593 -0.003786 0.000156 -0.040856 0.011298 0.038861
  7 4.762264 -0.002029 -0.000001 -0.000000 -0.000001 0.383972
  8 2.746987 -0.000001 0.000000 0.076670 0.069012 -0.211684
  9 9.156627 0.000001 0.000000 0.000000 0.000000 0.000000
 10 0.000000 0.002189 -1.281927 -1.388662 1.294418 1.375179
 11 7.285011 -0.000002 0.000002 -0.619452 -0.391087 0.872871
 12 12.718713 0.000003 0.000001 0.000000 0.000000 -2.072801
 13 10.221166 0.000002 0.000002 1.640763 0.010443 -0.099420
 14 1.389921 -0.447518 1.936563 -0.210439 -0.761471 0.314906
 15 1.208674 -0.000001 0.000002 0.000000 0.000000 0.000000
 16 1.208676 0.000001 -0.000003 0.000000 0.000000 0.000000
 17 1.208675 0.000000 0.000000 0.000000 0.000000 3.141593
 18 3.507809 -0.429743 1.193334 0.022860 -0.225875 -0.088311
 19 1.560289 0.000003 -0.000001 0.000000 0.000000 0.000000
 20 1.560289 -0.000002 0.000002 0.000000 0.000000 0.000000
 21 1.560288 -0.000003 0.000001 0.000000 0.000000 3.141593
 22 3.044310 -0.436517 0.176985 0.140338 -0.004885 0.034563
 23 1.820338 0.000001 0.000001 0.000000 0.000000 0.000000
 24 1.820338 -0.000001 -0.000001 0.000000 0.000000 0.000000
 25 1.820338 0.000001 0.000000 0.000000 0.000000 3.141593
 26 3.330763 -0.128976 -0.727983 0.013106 0.174047 0.071026
 27 1.560289 0.000001 -0.000001 0.000000 0.000000 0.000000
 28 1.560291 0.000001 0.000001 0.000000 0.000000 0.000000
 29 1.560289 -0.000000 0.000000 0.000000 0.000000 3.141593
 30 3.208162 0.466232 -1.931735 0.024854 0.330715 0.074094
 31 1.300243 0.000001 -0.000001 0.000000 0.000000 0.000000
 32 1.300240 -0.000000 0.000001 0.000000 0.000000 0.000000
 33 1.300240 -0.000001 0.000001 0.000000 0.000000 3.141593
 34 0.000001 0.002181 1.281928 0.941303 -1.405856 1.822037
 35 7.285011 0.000000 0.000001 -0.182719 0.558084 -0.988760
 36 12.538438 -0.000001 -0.000002 0.000000 -0.000000 -1.913981
 37 10.782777 -0.000002 -0.000001 -1.632568 0.017684 0.023333
 38 1.016389 0.059479 -2.003611 0.348822 0.790160 0.431299
 39 1.107952 -0.000002 0.000000 0.000000 0.000000 0.000000
 40 1.107951 0.000004 0.000001 0.000000 0.000000 0.000000
 41 1.107953 -0.000001 0.000000 0.000000 0.000000 0.000000
 42 3.077731 -0.144551 -1.412632 0.003835 0.209388 0.026587
 43 1.560289 0.000002 0.000001 0.000000 0.000000 0.000000
 44 1.560289 -0.000001 -0.000000 0.000000 0.000000 0.000000
 45 1.560289 -0.000001 -0.000002 0.000000 0.000000 0.000000
 46 2.463500 0.093204 -0.291940 -0.000796 0.000000 -0.000000
 47 1.820337 -0.000001 0.000002 0.000000 0.000000 0.000000
 48 1.820337 -0.000001 -0.000002 0.000000 0.000000 0.000000
 49 1.820337 -0.000001 -0.000001 0.000000 0.000000 0.000000
 50 3.016626 -0.086194 0.699123 -0.016172 -0.173791 0.088745
 51 1.560289 0.000001 0.000000 0.000000 0.000000 0.000000
 52 1.560289 0.000001 0.000000 0.000000 0.000000 0.000000
 53 1.560289 0.000001 0.000000 0.000000 0.000000 0.000000
 54 2.733753 0.442844 1.903231 -0.009342 -0.314026 0.027785
 55 1.300241 -0.000002 -0.000001 0.000000 0.000000 0.000000
 56 1.300241 0.000001 0.000000 0.000000 0.000000 0.000000
 57 1.300241 0.000001 0.000001 0.000000 0.000000 0.000000
 58 -4.224499 0.079857 3.462963 -0.730526 -2.705716 0.259602
 59 15.353565 -0.000001 0.000003 0.000000 -0.000000 -0.670232
 60 19.266842 0.000000 0.000001 0.241652 0.238144 0.156571
 61 4.212046 5.420720 0.000001 -0.000000 0.000000 1.570796
 62 0.549397 0.000001 0.000002 0.000000 0.000000 3.141593
 63 -4.049216 1.490830 -3.723029 0.821213 2.730461 -0.955459
 64 15.353560 -0.000001 -0.000002 0.000000 0.000000 -1.057293
 65 19.266846 0.000003 -0.000000 -0.151670 -0.361251 0.647292
 66 4.212046 5.420720 -0.000000 -0.000000 -0.000000 1.570796
 67 0.549397 0.000000 0.000000 0.000000 0.000000 0.000000
 68 -38.836464 -1.519707 -0.000051 3.141593 -1.570796 0.000000
time 23
  0 7.510923 -13.224814 31.809370 -0.001939 -0.054591 2.205639
  1 -1.734079 0.061527 -31.733109 -0.045120 -0.030803 -2.204891
  2 -1.569753 0.798123 0.000001 -0.000000 -1.505705 -1.570795
  3 4.203792 -0.003621 0.274889 -0.242874 0.022451 0.176731
  4 4.761444 -0.003792 0.000000 -0.000000 -0.000000 -0.000000
  5 4.761597 -0.003784 0.000192 -0.050775 0.015048 0.039422
  6 4.761598 -0.003784 0.000192 -0.050775 0.015048 0.039422
  7 4.762261 -0.002028 -0.000000 -0.000000 -0.000001 0.383972
  8 2.746990 -0.000001 0.000000 0.194311 -0.002983 -0.217125
  9 9.156631 -0.000001 0.000000 0.000000 0.000000 0.000000
 10 0.000000 0.002191 -1.281927 -1.157049 1.335619 1.610147
 11 7.285012 0.000000 -0.000003 -0.509662 -0.362842 0.794252
 12 12.718712 0.000001 0.000002 0.000000 0.000000 -2.119237
 13 10.221161 0.000001 -0.000003 1.658183 0.010724 -0.105515
 14 1.389920 -0.447517 1.936563 -0.210439 -0.761471 0.314906
 15 1.208676 -0.000003 0.000002 0.000000 0.000000 0.000000
 16 1.208675 0.000002 -0.000003 0.000000 0.000000 0.000000
 17 1.208675 -0.000001 -0.000000 0.000000 0.000000 3.141593
 18 3.507809 -0.429742 1.193332 0.022860 -0.225875 -0.088311
 19 1.560289 0.000000 -0.000001 0.000000 0.000000 0.000000
 20 1.560289 0.000000 -0.000001 0.000000 0.000000 0.000000
 21 1.560289 0.000000 -0.000001 0.000000 0.000000 3.141593
 22 3.044310 -0.436515 0.176983 0.140338 -0.004885 0.034563
 23 1.820338 0.000001 0.000002 0.000000 0.000000 0.000000
 24 1.820339 0.000002 -0.000003 0.000000 0.000000 0.000000
 25 1.820337 -0.000002 -0.000001 0.000000 0.000000 3.141593
 26 3.330762 -0.128976 -0.727985 0.013106 0.174047 0.071026
 27 1.560288 -0.000002 -0.000000 0.000000 0.000000 0.000000
 28 1.560290 0.000003 0.000002 0.000000 0.000000 0.000000
 29 1.560290 -0.000002 -0.000001 0.000000 0.000000 3.141593
 30 3.208160 0.466231 -1.931737 0.024854 0.330715 0.074094
 31 1.300244 0.000001 -0.000001 0.000000 0.000000 0.000000
 32 1.300241 -0.000001 0.000000 0.000000 0.000000 0.000000
 33 1.300240 -0.000002 0.000000 0.000000 0.000000 3.141593
 34 0.000002 0.002183 1.281928 1.002406 -1.345999 1.766040
 35 7.285012 -0.000000 0.000000 -0.125588 0.614166 -0.867920
 36 12.538440 0.000000 -0.000000 -0.000000 -0.000000 -1.829302
 37 10.782778 -0.000001 -0.000000 -1.623416 0.016811 0.017834
 38 1.016389 0.059478 -2.003612 0.348822 0.790160 0.431299
 39 1.107952 0.000001 0.000002 0.000000 0.000000 0.000000
 40 1.107952 0.000000 -0.000001 0.000000 0.000000 0.000000
 41 1.107953 -0.000001 -0.000001 0.000000 0.000000 0.000000
 42 3.077731 -0.144551 -1.412633 0.003835 0.209388 0.026587
 43 1.560289 0.000001 0.000001 0.000000 0.000000 0.000000
 44 1.560289 -0.000002 -0.000000 0.000000 0.000000 0.000000
 45 1.560289 -0.000001 -0.000001 0.000000 0.000000 0.000000
 46 2.463500 0.093206 -0.291938 -0.000796 0.000000 -0.000000
 47 1.820338 -0.000000 0.000002 0.000000 0.000000 0.000000
 48 1.820338 -0.000000 0.000002 0.000000 0.000000 0.000000
 49 1.820338 -0.000000 -0.000001 0.000000 0.000000 0.000000
 50 3.016627 -0.086193 0.699123 -0.016172 -0.173791 0.088745
 51 1.560289 0.000002 0.000001 0.000000 0.000000 0.000000
 52 1.560288 -0.000001 -0.000000 0.000000 0.000000 0.000000
 53 1.560289 -0.000002 -0.000001 0.000000 0.000000 0.000000
 54 2.733754 0.442846 1.903233 -0.009342 -0.314026 0.027785
 55 1.300241 -0.000001 -0.000002 0.000000 0.000000 0.000000
 56 1.300242 0.000002 -0.000001 0.000000 0.000000 0.000000
 57 1.300241 0.000001 0.000001 0.000000 0.000000 0.000000
 58 -4.212691 -0.071339 3.375948 -0.772809 -2.752622 0.215796
 59 15.353566 0.000000 0.000001 -0.000000 0.000000 -0.768141
 60 19.266846 0.000000 -0.000001 0.190057 0.281599 0.074201
 61 4.212047 5.420721 0.000000 -0.000000 0.000000 1.570796
 62 0.549398 -0.000000 0.000000 0.000000 0.000000 3.141593
 63 -4.048238 1.689895 -3.732573 0.671629 2.828537 -0.982371
 64 15.353563 0.000000 0.000001 0.000000 0.000000 -1.148261
 65 19.266848 0.000001 0.000001 -0.138885 -0.309463 0.656119
 66 4.212047 5.420720 0.000000 -0.000000 0.000000 1.570796
 67 0.549397 0.000000 -0.000000 0.000000 0.000000 0.000000
 68 -38.836464 -1.519708 -0.000049 3.141593 -1.570796 0.000000
time 24
  0 6.630577 -10.349663 32.058773 -0.002104 -0.046556 2.045326
  1 -1.490643 0.067306 -31.995140 -0.042379 -0.019395 -2.044866
  2 -1.559528 0.953042 -0.000000 0.000000 -1.489253 -1.570795
  3 4.198709 -0.003596 0.344093 -0.269614 0.023319 0.175990
  4 4.761446 -0.003791 -0.000000 0.000000 0.000000 0.000000
  5 4.761602 -0.003784 0.000213 -0.056109 0.018337 0.039829
  6 4.761600 -0.003783 0.000213 -0.056109 0.018337 0.039829
  7 4.762262 -0.002029 -0.000000 -0.000000 -0.000001 0.383972
  8 2.746990 0.000001 -0.000000 0.280673 -0.055087 -0.213099
  9 9.156627 -0.000001 -0.000000 0.000000 0.000000 0.000000
 10 0.000003 0.002190 -1.281928 -0.864071 1.341121 1.905919
 11 7.285014 -0.000000 -0.000002 -0.416294 -0.359980 0.709901
 12 12.718713 0.000001 0.000002 -0.000000 -0.000000 -2.137074
 13 10.221165 0.000001 0.000004 1.671624 0.009242 -0.108100
 14 1.389921 -0.447519 1.936563 -0.210439 -0.761471 0.314906
 15 1.208674 -0.000001 0.000000 0.000000 0.000000 0.000000
 16 1.208674 -0.000002 0.000000 0.000000 0.000000 0.000000
 17 1.208676 -0.000001 0.000001 0.000000 0.000000 3.141593
 18 3.507809 -0.429744 1.193334 0.022860 -0.225875 -0.088311
 19 1.560289 -0.000001 0.000002 0.000000 0.000000 0.000000
 20 1.560288 -0.000000 -0.000001 0.000000 0.000000 0.000000
 21 1.560289 0.000001 -0.000002 0.000000 0.000000 3.141593
 22 3.044310 -0.436517 0.176984 0.140338 -0.004885 0.034563
 23 1.820338 0.000003 -0.000003 0.000000 0.000000 0.000000
 24 1.820338 -0.000001 0.000002 0.000000 0.000000 0.000000
 25 1.820337 -0.000001 0.000001 0.000000 0.000000 3.141593
 26 3.330763 -0.128977 -0.727985 0.013106 0.174047 0.071026
 27 1.560288 -0.000003 -0.000001 0.000000 0.000000 0.000000
 28 1.560289 0.000002 0.000001 0.000000 0.000000 0.000000
 29 1.560288 0.000002 0.000000 0.000000 0.000000 3.141593
 30 3.208160 0.466228 -1.931735 0.024854 0.330715 0.074094
 31 1.300241 -0.000002 0.000000 0.000000 0.000000 0.000000
 32 1.300241 -0.000001 0.000001 0.000000 0.000000 0.000000
 33 1.300241 -0.000001 -0.000000 0.000000 0.000000 3.141593
 34 0.000002 0.002185 1.281928 0.970196 -1.293134 1.804962
 35 7.285013 -0.000001 0.000003 -0.069353 0.650892 -0.718933
 36 12.538443 0.000000 -0.000001 0.000000 0.000000 -1.728434
 37 10.782778 0.000002 0.000000 -1.616577 0.017618 0.011491
 38 1.016389 0.059478 -2.003611 0.348822 0.790160 0.431299
 39 1.107954 -0.000001 -0.000001 0.000000 0.000000 0.000000
 40 1.107950 0.000001 0.000000 0.000000 0.000000 0.000000
 41 1.107952 0.000001 -0.000000 0.000000 0.000000 0.000000
 42 3.077730 -0.144549 -1.412629 0.003835 0.209388 0.026587
 43 1.560289 -0.000001 -0.000000 0.000000 0.000000 0.000000
 44 1.560290 0.000000 -0.000001 0.000000 0.000000 0.000000
 45 1.560289 0.000000 -0.000001 0.000000 0.000000 0.000000
 46 2.463500 0.093204 -0.291939 -0.000796 -0.000000 -0.000000
 47 1.820338 0.000002 0.000001 0.000000 0.000000 0.000000
 48 1.820337 0.000000 0.000001 0.000000 0.000000 0.000000
 49 1.820337 0.000001 0.000002 0.000000 0.000000 0.000000
 50 3.016626 -0.086194 0.699123 -0.016172 -0.173791 0.088745
 51 1.560288 -0.000001 -0.000004 0.000000 0.000000 0.000000
 52 1.560289 -0.000000 0.000001 0.000000 0.000000 0.000000
 53 1.560289 0.000001 0.000002 0.000000 0.000000 0.000000
 54 2.733753 0.442846 1.903234 -0.009342 -0.314026 0.027785
 55 1.300241 0.000001 0.000001 0.000000 0.000000 0.000000
 56 1.300241 -0.000002 -0.000001 0.000000 0.000000 0.000000
 57 1.300241 0.000000 -0.000000 0.000000 0.000000 0.000000
 58 -4.209486 -0.146034 3.301660 -0.770299 -2.778709 0.114061
 59 15.353565 -0.000000 0.000003 -0.000000 -0.000000 -0.922694
 60 19.266848 0.000001 0.000002 0.138674 0.235868 0.084429
 61 4.212048 5.420720 0.000001 -0.000000 0.000000 1.570796
 62 0.549398 0.000001 -0.000000 0.000000 0.000000 3.141593
 63 -4.038672 1.804587 -3.757090 0.505920 2.936007 -0.978487
 64 15.353563 -0.000001 0.000000 0.000000 0.000000 -1.206703
 65 19.266846 0.000002 0.000000 -0.104505 -0.250504 0.660762
 66 4.212047 5.420719 0.000000 -0.000000 0.000000 1.570796
 67 0.549398 0.000000 0.000000 0.000000 0.000000 0.000000
 68 -38.836464 -1.519708 -0.000049 -3.141593 -1.570796 0.000000
time 25
  0 5.783881 -7.469938 32.518383 -0.000762 -0.037594 1.876429
  1 -1.221111 0.024736 -32.466560 -0.036082 -0.010583 -1.876224
  2 -1.527607 1.037856 0.000002 -0.000000 -1.490535 -1.570795
  3 4.199144 -0.003590 0.338740 -0.276639 0.033969 0.172637
  4 4.761446 -0.003791 0.000000 0.000000 0.000000 0.000000
  5 4.761596 -0.003782 0.000219 -0.057814 0.020334 0.039431
  6 4.761602 -0.003782 0.000220 -0.057814 0.020334 0.039431
  7 4.762263 -0.002028 -0.000000 -0.000000 -0.000001 0.383972
  8 2.746988 0.000000 -0.000000 0.355387 -0.096043 -0.195659
  9 9.156625 0.000002 -0.000001 0.000000 0.000000 0.000000
 10 0.000001 0.002191 -1.281928 -0.627426 1.304853 2.146309
 11 7.285012 0.000001 -0.000000 -0.341781 -0.381511 0.621909
 12 12.718711 0.000002 -0.000001 0.000000 -0.000000 -2.116241
 13 10.221164 0.000001 0.000001 1.678288 0.004839 -0.105307
 14 1.389920 -0.447520 1.936561 -0.210439 -0.761471 0.314906
 15 1.208674 -0.000002 0.000001 0.000000 0.000000 0.000000
 16 1.208674 0.000001 -0.000003 0.000000 0.000000 0.000000
 17 1.208676 0.000001 0.000002 0.000000 0.000000 3.141593
 18 3.507809 -0.429743 1.193332 0.022860 -0.225875 -0.088311
 19 1.560289 0.000001 -0.000001 0.000000 0.000000 0.000000
 20 1.560289 -0.000000 0.000002 0.000000 0.000000 0.000000
 21 1.560289 0.000000 -0.000001 0.000000 0.000000 3.141593
 22 3.044309 -0.436518 0.176985 0.140338 -0.004885 0.034563
 23 1.820338 0.000001 0.000001 0.000000 0.000000 0.000000
 24 1.820337 0.000001 -0.000001 0.000000 0.000000 0.000000
 25 1.820338 0.000001 0.000001 0.000000 0.000000 3.141593
 26 3.330762 -0.128979 -0.727985 0.013106 0.174047 0.071026
 27 1.560288 -0.000001 0.000001 0.000000 0.000000 0.000000
 28 1.560290 -0.000000 0.000002 0.000000 0.000000 0.000000
 29 1.560289 -0.000001 0.000000 0.000000 0.000000 3.141593
 30 3.208161 0.466229 -1.931736 0.024854 0.330715 0.074094
 31 1.300240 -0.000002 0.000002 0.000000 0.000000 0.000000
 32 1.300242 0.000002 -0.000001 0.000000 0.000000 0.000000
 33 1.300242 -0.000001 -0.000000 0.000000 0.000000 3.141593
 34 0.000001 0.002184 1.281928 0.858567 -1.245303 1.925029
 35 7.285013 0.000000 -0.000001 -0.003049 0.656937 -0.518891
 36 12.538438 -0.000000 0.000000 0.000000 -0.000000 -1.601621
 37 10.782777 0.000000 0.000001 -1.613075 0.020791 0.003512
 38 1.016389 0.059479 -2.003609 0.348822 0.790160 0.431299
 39 1.107954 -0.000001 -0.000001 0.000000 0.000000 0.000000
 40 1.107951 -0.000000 -0.000000 0.000000 0.000000 0.000000
 41 1.107952 0.000001 0.000000 0.000000 0.000000 0.000000
 42 3.077731 -0.144550 -1.412629 0.003835 0.209388 0.026587
 43 1.560289 -0.000000 0.000000 0.000000 0.000000 0.000000
 44 1.560290 -0.000001 0.000000 0.000000 0.000000 0.000000
 45 1.560289 0.000000 0.000000 0.000000 0.000000 0.000000
 46 2.463500 0.093205 -0.291936 -0.000796 -0.000000 -0.000000
 47 1.820338 -0.000000 0.000001 0.000000 0.000000 0.000000
 48 1.820338 0.000002 0.000003 0.000000 0.000000 0.000000
 49 1.820337 -0.000000 -0.000001 0.000000 0.000000 0.000000
 50 3.016626 -0.086192 0.699127 -0.016172 -0.173791 0.088745
 51 1.560289 0.000001 0.000002 0.000000 0.000000 0.000000
 52 1.560288 -0.000000 -0.000003 0.000000 0.000000 0.000000
 53 1.560289 -0.000001 0.000000 0.000000 0.000000 0.000000
 54 2.733754 0.442846 1.903235 -0.009342 -0.314026 0.027785
 55 1.300242 0.000002 0.000001 0.000000 0.000000 0.000000
 56 1.300241 -0.000001 -0.000001 0.000000 0.000000 0.000000
 57 1.300241 -0.000000 0.000000 0.000000 0.000000 0.000000
 58 -4.246614 -0.171636 3.258538 -0.742568 -2.783383 -0.011207
 59 15.353563 -0.000000 -0.000000 0.000000 -0.000000 -1.090654
 60 19.266846 0.000001 0.000002 0.095100 0.142940 0.157410
 61 4.212047 5.420720 0.000000 -0.000000 0.000000 1.570796
 62 0.549398 0.000001 0.000001 0.000000 0.000000 3.141593
 63 -3.997824 1.827912 -3.784185 0.360663 3.025484 -0.922848
 64 15.353564 -0.000001 -0.000000 0.000000 0.000000 -1.216692
 65 19.266842 0.000001 0.000001 -0.097885 -0.181553 0.656207
 66 4.212046 5.420719 0.000000 -0.000000 -0.000000 1.570796
 67 0.549398 0.000000 -0.000000 0.000000 0.000000 0.000000
 68 -38.836460 -1.519708 -0.000050 -3.141593 -1.570796 0.000000
time 26
  0 5.036059 -4.749557 33.234100 0.002383 -0.027127 1.698632
  1 -0.866442 -0.076108 -31.932089 -0.026602 -0.005822 -1.698587
  2 -1.504711 1.089118 -0.000001 0.000000 -1.504116 -1.570795
  3 4.203355 -0.003604 0.281627 -0.260413 0.053164 0.170187
  4 4.761447 -0.003792 0.000000 0.000000 0.000000 0.000000
  5 4.761593 -0.003782 0.000208 -0.054935 0.021866 0.038921
  6 4.761599 -0.003784 0.000208 -0.054935 0.021866 0.038921
  7 4.762264 -0.002028 0.000000 -0.000000 -0.000001 0.383972
  8 2.746989 0.000000 0.000000 0.416382 -0.135538 -0.183257
  9 9.156629 -0.000001 0.000000 0.000000 0.000000 0.000000
 10 0.000003 0.002191 -1.281928 -0.485786 1.241653 2.293461
 11 7.285013 -0.000000 0.000002 -0.276485 -0.418715 0.518418
 12 12.718713 0.000002 -0.000000 -0.000000 -0.000000 -2.066809
 13 10.221166 -0.000001 0.000001 1.680934 -0.001451 -0.099026
 14 1.389920 -0.447520 1.936564 -0.210439 -0.761471 0.314906
 15 1.208675 -0.000002 0.000000 0.000000 0.000000 0.000000
 16 1.208675 0.000003 -0.000001 0.000000 0.000000 0.000000
 17 1.208675 0.000000 -0.000002 0.000000 0.000000 3.141593
 18 3.507809 -0.429742 1.193332 0.022860 -0.225875 -0.088311
 19 1.560289 -0.000001 0.000001 0.000000 0.000000 0.000000
 20 1.560289 0.000001 -0.000003 0.000000 0.000000 0.000000
 21 1.560289 0.000000 0.000001 0.000000 0.000000 3.141593
 22 3.044310 -0.436516 0.176982 0.140338 -0.004885 0.034563
 23 1.820337 -0.000001 0.000001 0.000000 0.000000 0.000000
 24 1.820338 -0.000001 -0.000001 0.000000 0.000000 0.000000
 25 1.820337 -0.000002 -0.000000 0.000000 0.000000 3.141593
 26 3.330762 -0.128977 -0.727984 0.013106 0.174047 0.071026
 27 1.560290 0.000002 0.000001 0.000000 0.000000 0.000000
 28 1.560288 -0.000003 0.000003 0.000000 0.000000 0.000000
 29 1.560289 0.000001 -0.000000 0.000000 0.000000 3.141593
 30 3.208161 0.466231 -1.931736 0.024854 0.330715 0.074094
 31 1.300240 0.000002 0.000000 0.000000 0.000000 0.000000
 32 1.300243 0.000003 -0.000002 0.000000 0.000000 0.000000
 33 1.300241 -0.000002 -0.000000 0.000000 0.000000 3.141593
 34 0.000002 0.002184 1.281928 0.720811 -1.185941 2.073458
 35 7.285012 -0.000001 0.000000 0.056504 0.631126 -0.283090
 36 12.538440 -0.000001 -0.000001 0.000000 -0.000000 -1.448536
 37 10.782779 0.000000 0.000003 -1.611356 0.025707 -0.006090
 38 1.016389 0.059479 -2.003609 0.348822 0.790160 0.431299
 39 1.107952 -0.000001 0.000001 0.000000 0.000000 0.000000
 40 1.107952 -0.000000 0.000001 0.000000 0.000000 0.000000
 41 1.107952 -0.000000 0.000000 0.000000 0.000000 0.000000
 42 3.077731 -0.144550 -1.412631 0.003835 0.209388 0.026587
 43 1.560289 -0.000002 -0.000002 0.000000 0.000000 0.000000
 44 1.560289 0.000001 0.000001 0.000000 0.000000 0.000000
 45 1.560289 0.000001 0.000002 0.000000 0.000000 0.000000
 46 2.463500 0.093205 -0.291938 -0.000796 -0.000000 -0.000000
 47 1.820338 0.000000 0.000003 0.000000 0.000000 0.000000
 48 1.820337 -0.000000 -0.000000 0.000000 0.000000 0.000000
 49 1.820337 -0.000001 -0.000001 0.000000 0.000000 0.000000
 50 3.016627 -0.086192 0.699126 -0.016172 -0.173791 0.088745
 51 1.560289 -0.000001 0.000001 0.000000 0.000000 0.000000
 52 1.560290 0.000000 0.000001 0.000000 0.000000 0.000000
 53 1.560289 0.000000 -0.000001 0.000000 0.000000 0.000000
 54 2.733754 0.442845 1.903232 -0.009342 -0.314026 0.027785
 55 1.300241 0.000001 0.000000 0.000000 0.000000 0.000000
 56 1.300242 0.000000 0.000000 0.000000 0.000000 0.000000
 57 1.300241 0.000000 0.000000 0.000000 0.000000 0.000000
 58 -4.315834 -0.121304 3.233947 -0.694675 -2.772397 -0.140952
 59 15.353564 -0.000001 0.000001 0.000000 -0.000000 -1.228784
 60 19.266846 0.000000 -0.000001 0.055577 0.047827 0.248771
 61 4.212047 5.420719 0.000000 -0.000000 -0.000000 1.570796
 62 0.549397 -0.000000 -0.000001 0.000000 0.000000 3.141593
 63 -3.926569 1.762140 -3.834374 0.264966 3.052966 -0.828105
 64 15.353564 0.000000 -0.000001 0.000000 -0.000000 -1.170794
 65 19.266844 0.000002 0.000002 -0.161263 -0.104760 0.621516
 66 4.212047 5.420720 -0.000000 -0.000000 0.000000 1.570796
 67 0.549398 -0.000000 0.000000 0.000000 0.000000 0.000000
 68 -38.836460 -1.519708 -0.000050 -3.141593 -1.570796 0.000000
time 27
  0 4.339022 -2.128957 34.370544 0.009991 -0.010145 1.487347
  1 -0.335599 -0.330478 -33.077023 -0.010943 -0.009110 -1.487348
  2 -1.511430 1.149285 -0.000002 -0.000000 -1.507288 -1.570795
  3 4.204232 -0.003653 0.268082 -0.203711 0.063446 0.170753
  4 4.761443 -0.003791 -0.000000 0.000000 0.000000 0.000000
  5 4.761596 -0.003785 0.000164 -0.043017 0.024168 0.038570
  6 4.761598 -0.003785 0.000163 -0.043017 0.024168 0.038570
  7 4.762263 -0.002028 -0.000000 -0.000000 -0.000001 0.383972
  8 2.746990 -0.000001 -0.000000 0.462347 -0.186278 -0.180753
  9 9.156626 0.000001 -0.000001 0.000000 0.000000 0.000000
 10 0.000003 0.002190 -1.281928 -0.479754 1.192705 2.306423
 11 7.285013 -0.000000 0.000002 -0.214117 -0.478807 0.405600
 12 12.718711 0.000001 -0.000002 -0.000000 -0.000000 -1.994323
 13 10.221164 0.000001 -0.000001 1.679590 -0.007883 -0.091347
 14 1.389921 -0.447519 1.936562 -0.210439 -0.761471 0.314906
 15 1.208676 -0.000000 0.000001 0.000000 0.000000 0.000000
 16 1.208674 0.000001 -0.000000 0.000000 0.000000 0.000000
 17 1.208675 0.000002 -0.000002 0.000000 0.000000 3.141593
 18 3.507810 -0.429743 1.193333 0.022860 -0.225875 -0.088311
 19 1.560289 0.000000 0.000001 0.000000 0.000000 0.000000
 20 1.560289 0.000001 -0.000004 0.000000 0.000000 0.000000
 21 1.560289 -0.000000 0.000000 0.000000 0.000000 3.141593
 22 3.044310 -0.436516 0.176983 0.140338 -0.004885 0.034563
 23 1.820338 -0.000000 0.000004 0.000000 0.000000 0.000000
 24 1.820338 0.000000 -0.000001 0.000000 0.000000 0.000000
 25 1.820338 0.000000 -0.000003 0.000000 0.000000 3.141593
 26 3.330763 -0.128976 -0.727984 0.013106 0.174047 0.071026
 27 1.560289 0.000001 0.000000 0.000000 0.000000 0.000000
 28 1.560290 0.000001 -0.000002 0.000000 0.000000 0.000000
 29 1.560289 -0.000000 -0.000000 0.000000 0.000000 3.141593
 30 3.208162 0.466230 -1.931738 0.024854 0.330715 0.074094
 31 1.300243 -0.000001 -0.000001 0.000000 0.000000 0.000000
 32 1.300241 -0.000001 0.000002 0.000000 0.000000 0.000000
 33 1.300241 -0.000002 0.000001 0.000000 0.000000 3.141593
 34 0.000002 0.002184 1.281928 0.607063 -1.121860 2.197699
 35 7.285011 -0.000001 0.000001 0.085268 0.584685 -0.078563
 36 12.538438 0.000000 0.000002 -0.000000 -0.000000 -1.291379
 37 10.782779 0.000002 -0.000002 -1.610357 0.031229 -0.015513
 38 1.016389 0.059478 -2.003610 0.348822 0.790160 0.431299
 39 1.107952 0.000001 -0.000001 0.000000 0.000000 0.000000
 40 1.107952 0.000002 0.000003 0.000000 0.000000 0.000000
 41 1.107952 -0.000002 -0.000000 0.000000 0.000000 0.000000
 42 3.077730 -0.144551 -1.412631 0.003835 0.209388 0.026587
 43 1.560288 -0.000002 -0.000001 0.000000 0.000000 0.000000
 44 1.560290 -0.000000 0.000003 0.000000 0.000000 0.000000
 45 1.560289 -0.000001 -0.000001 0.000000 0.000000 0.000000
 46 2.463501 0.093203 -0.291938 -0.000796 -0.000000 0.000000
 47 1.820335 0.000000 -0.000001 0.000000 0.000000 0.000000
 48 1.820338 0.000000 0.000002 0.000000 0.000000 0.000000
 49 1.820339 0.000001 0.000001 0.000000 0.000000 0.000000
 50 3.016627 -0.086194 0.699125 -0.016172 -0.173791 0.088745
 51 1.560289 0.000000 -0.000000 0.000000 0.000000 0.000000
 52 1.560287 -0.000001 -0.000002 0.000000 0.000000 0.000000
 53 1.560290 0.000001 0.000001 0.000000 0.000000 0.000000
 54 2.733752 0.442845 1.903232 -0.009342 -0.314026 0.027785
 55 1.300245 -0.000000 0.000000 0.000000 0.000000 0.000000
 56 1.300240 -0.000000 0.000000 0.000000 0.000000 0.000000
 57 1.300239 -0.000000 -0.000000 0.000000 0.000000 0.000000
 58 -4.349367 0.070937 3.205730 -0.615965 -2.754887 -0.263123
 59 15.353568 -0.000001 0.000001 -0.000000 0.000000 -1.293848
 60 19.266848 -0.000000 -0.000001 0.019746 -0.005741 0.302372
 61 4.212046 5.420719 -0.000001 -0.000000 0.000000 1.570796
 62 0.549397 -0.000000 -0.000000 0.000000 0.000000 3.141593
 63 -3.884909 1.549890 -3.953671 0.307831 3.012521 -0.774597
 64 15.353562 -0.000000 -0.000001 0.000000 0.000000 -1.180525
 65 19.266846 0.000001 0.000001 -0.195903 -0.091797 0.615834
 66 4.212047 5.420720 -0.000000 -0.000000 0.000000 1.570796
 67 0.549398 -0.000000 -0.000000 0.000000 0.000000 0.000000
 68 -38.836464 -1.519708 -0.000050 -3.141593 -1.570796 0.000000
time 28
  0 3.623996 0.565316 35.030846 0.019489 0.016583 1.234145
  1 0.559498 -0.657428 -33.729633 0.009214 -0.023872 -1.234094
  2 -1.556557 1.219340 -0.000003 0.000000 -1.489982 -1.570795
  3 4.198973 -0.003715 0.340386 -0.095900 0.055152 0.175057
  4 4.761441 -0.003791 -0.000000 0.000000 -0.000000 0.000000
  5 4.761594 -0.003788 0.000074 -0.019437 0.027529 0.038347
  6 4.761589 -0.003787 0.000073 -0.019437 0.027529 0.038347
  7 4.762268 -0.002029 0.000000 -0.000000 -0.000001 0.383972
  8 2.746990 -0.000001 0.000000 0.446707 -0.228890 -0.173521
  9 9.156626 0.000001 0.000000 0.000000 0.000000 0.000000
 10 0.000002 0.002191 -1.281927 -0.618201 1.169520 2.177151
 11 7.285013 -0.000000 -0.000001 -0.123117 -0.564198 0.253731
 12 12.718714 -0.000001 -0.000001 0.000000 0.000000 -1.888283
 13 10.221164 -0.000000 0.000000 1.672593 -0.014386 -0.082001
 14 1.389921 -0.447520 1.936566 -0.210439 -0.761471 0.314906
 15 1.208676 0.000000 0.000000 0.000000 0.000000 0.000000
 16 1.208675 -0.000001 -0.000000 0.000000 0.000000 0.000000
 17 1.208674 -0.000001 -0.000001 0.000000 0.000000 3.141593
 18 3.507809 -0.429745 1.193336 0.022860 -0.225875 -0.088311
 19 1.560289 0.000000 0.000001 0.000000 0.000000 0.000000
 20 1.560288 -0.000000 0.000004 0.000000 0.000000 0.000000
 21 1.560289 -0.000000 -0.000001 0.000000 0.000000 3.141593
 22 3.044310 -0.436517 0.176986 0.140338 -0.004885 0.034563
 23 1.820337 0.000000 -0.000001 0.000000 0.000000 0.000000
 24 1.820338 0.000000 0.000000 0.000000 0.000000 0.000000
 25 1.820337 -0.000000 0.000002 0.000000 0.000000 3.141593
 26 3.330763 -0.128977 -0.727985 0.013106 0.174047 0.071026
 27 1.560289 -0.000000 0.000000 0.000000 0.000000 0.000000
 28 1.560290 -0.000000 0.000001 0.000000 0.000000 0.000000
 29 1.560289 -0.000001 0.000001 0.000000 0.000000 3.141593
 30 3.208161 0.466229 -1.931736 0.024854 0.330715 0.074094
 31 1.300240 0.000000 0.000001 0.000000 0.000000 0.000000
 32 1.300243 0.000000 -0.000000 0.000000 0.000000 0.000000
 33 1.300241 -0.000000 -0.000002 0.000000 0.000000 3.141593
 34 0.000001 0.002185 1.281928 0.533629 -1.066809 2.279398
 35 7.285011 0.000000 -0.000000 0.091927 0.535091 0.061295
 36 12.538443 0.000000 -0.000000 -0.000000 0.000000 -1.152349
 37 10.782780 0.000000 -0.000002 -1.608975 0.036233 -0.022949
 38 1.016389 0.059479 -2.003609 0.348822 0.790160 0.431299
 39 1.107953 -0.000001 0.000001 0.000000 0.000000 0.000000
 40 1.107951 -0.000001 -0.000002 0.000000 0.000000 0.000000
 41 1.107952 -0.000001 -0.000003 0.000000 0.000000 0.000000
 42 3.077732 -0.144549 -1.412630 0.003835 0.209388 0.026587
 43 1.560289 -0.000002 0.000001 0.000000 0.000000 0.000000
 44 1.560289 -0.000001 0.000001 0.000000 0.000000 0.000000
 45 1.560289 -0.000001 0.000001 0.000000 0.000000 0.000000
 46 2.463501 0.093206 -0.291937 -0.000796 -0.000000 -0.000000
 47 1.820337 0.000001 0.000001 0.000000 0.000000 0.000000
 48 1.820339 0.000000 0.000001 0.000000 0.000000 0.000000
 49 1.820338 0.000001 0.000001 0.000000 0.000000 0.000000
 50 3.016625 -0.086194 0.699124 -0.016172 -0.173791 0.088745
 51 1.560287 -0.000003 -0.000001 0.000000 0.000000 0.000000
 52 1.560288 0.000003 0.000001 0.000000 0.000000 0.000000
 53 1.560290 -0.000000 0.000000 0.000000 0.000000 0.000000
 54 2.733755 0.442845 1.903234 -0.009342 -0.314026 0.027785
 55 1.300242 0.000003 0.000000 0.000000 0.000000 0.000000
 56 1.300241 -0.000002 -0.000000 0.000000 0.000000 0.000000
 57 1.300241 -0.000003 -0.000001 0.000000 0.000000 0.000000
 58 -4.311011 0.435785 3.145502 -0.506285 -2.715385 -0.394179
 59 15.353563 -0.000001 -0.000001 0.000000 -0.000000 -1.246372
 60 19.266844 0.000002 0.000002 -0.004525 0.000218 0.304921
 61 4.212048 5.420721 0.000000 -0.000000 0.000000 1.570796
 62 0.549398 -0.000000 0.000000 0.000000 0.000000 3.141593
 63 -3.907200 1.136124 -4.135055 0.459572 2.908153 -0.719922
 64 15.353562 -0.000001 0.000000 0.000000 0.000000 -1.183402
 65 19.266844 0.000000 -0.000001 -0.124912 -0.139803 0.626142
 66 4.212047 5.420720 0.000000 -0.000000 -0.000000 1.570796
 67 0.549397 0.000000 0.000000 0.000000 0.000000 0.000000
 68 -38.836464 -1.519708 -0.000050 3.141593 -1.570796 0.000000
time 29
  0 2.925178 3.340194 35.215000 0.024344 0.048950 0.962575
  1 1.659945 -0.824794 -33.874157 0.026268 -0.047945 -0.962609
  2 -1.631303 1.278871 0.000000 -0.000001 -1.463096 -1.570795
  3 4.188322 -0.003728 0.452596 0.043548 0.036728 0.182323
  4 4.761444 -0.003791 -0.000000 -0.000000 0.000000 0.000000
  5 4.761589 -0.003789 -0.000042 0.011307 0.031356 0.038238
  6 4.761586 -0.003788 -0.000042 0.011307 0.031356 0.038238
  7 4.762267 -0.002029 0.000000 -0.000000 -0.000001 0.383972
  8 2.746987 0.000001 -0.000001 0.317562 -0.229595 -0.156684
  9 9.156627 0.000001 -0.000001 0.000000 0.000000 0.000000
 10 -0.000001 0.002192 -1.281928 -0.829509 1.146356 1.973715
 11 7.285012 0.000000 0.000001 0.007844 -0.623744 0.058765
 12 12.718714 0.000000 0.000000 -0.000000 -0.000000 -1.759190
 13 10.221164 0.000003 -0.000000 1.661572 -0.020896 -0.071166
 14 1.389921 -0.447518 1.936562 -0.210439 -0.761471 0.314906
 15 1.208674 -0.000000 -0.000001 0.000000 0.000000 0.000000
 16 1.208676 -0.000001 0.000001 0.000000 0.000000 0.000000
 17 1.208676 -0.000001 -0.000000 0.000000 0.000000 3.141593
 18 3.507809 -0.429743 1.193333 0.022860 -0.225875 -0.088311
 19 1.560289 0.000000 -0.000004 0.000000 0.000000 0.000000
 20 1.560288 0.000001 0.000001 0.000000 0.000000 0.000000
 21 1.560290 0.000001 0.000003 0.000000 0.000000 3.141593
 22 3.044310 -0.436516 0.176984 0.140338 -0.004885 0.034563
 23 1.820337 -0.000001 -0.000001 0.000000 0.000000 0.000000
 24 1.820338 0.000002 -0.000000 0.000000 0.000000 0.000000
 25 1.820338 -0.000000 0.000001 0.000000 0.000000 3.141593
 26 3.330763 -0.128978 -0.727986 0.013106 0.174047 0.071026
 27 1.560289 -0.000000 -0.000000 0.000000 0.000000 0.000000
 28 1.560289 0.000000 -0.000003 0.000000 0.000000 0.000000
 29 1.560289 -0.000000 0.000001 0.000000 0.000000 3.141593
 30 3.208161 0.466229 -1.931734 0.024854 0.330715 0.074094
 31 1.300241 -0.000001 0.000000 0.000000 0.000000 0.000000
 32 1.300242 -0.000002 -0.000003 0.000000 0.000000 0.000000
 33 1.300241 0.000000 0.000002 0.000000 0.000000 3.141593
 34 -0.000000 0.002184 1.281928 0.482192 -1.021370 2.336995
 35 7.285011 0.000001 0.000001 0.041833 0.490139 0.178034
 36 12.538442 -0.000000 0.000001 -0.000000 0.000000 -1.020575
 37 10.782780 -0.000001 0.000002 -1.606468 0.041059 -0.028170
 38 1.016388 0.059477 -2.003611 0.348822 0.790160 0.431299
 39 1.107953 0.000001 0.000002 0.000000 0.000000 0.000000
 40 1.107950 -0.000001 -0.000003 0.000000 0.000000 0.000000
 41 1.107952 0.000000 -0.000000 0.000000 0.000000 0.000000
 42 3.077731 -0.144552 -1.412632 0.003835 0.209388 0.026587
 43 1.560288 -0.000000 0.000001 0.000000 0.000000 0.000000
 44 1.560290 -0.000000 0.000000 0.000000 0.000000 0.000000
 45 1.560290 -0.000000 0.000000 0.000000 0.000000 0.000000
 46 2.463502 0.093204 -0.291938 -0.000796 0.000000 0.000000
 47 1.820337 0.000002 0.000000 0.000000 0.000000 0.000000
 48 1.820338 -0.000002 0.000000 0.000000 0.000000 0.000000
 49 1.820338 0.000001 -0.000000 0.000000 0.000000 0.000000
 50 3.016628 -0.086194 0.699124 -0.016172 -0.173791 0.088745
 51 1.560291 -0.000000 0.000001 0.000000 0.000000 0.000000
 52 1.560287 -0.000001 -0.000001 0.000000 0.000000 0.000000
 53 1.560288 -0.000002 -0.000001 0.000000 0.000000 0.000000
 54 2.733755 0.442845 1.903232 -0.009342 -0.314026 0.027785
 55 1.300241 -0.000000 -0.000001 0.000000 0.000000 0.000000
 56 1.300243 0.000002 0.000001 0.000000 0.000000 0.000000
 57 1.300240 0.000002 0.000001 0.000000 0.000000 0.000000
 58 -4.233324 0.895419 3.020551 -0.369970 -2.666118 -0.553517
 59 15.353564 -0.000000 0.000001 0.000000 0.000000 -1.111748
 60 19.266846 -0.000001 -0.000000 -0.008147 0.032726 0.288729
 61 4.212047 5.420721 -0.000001 -0.000000 0.000000 1.570796
 62 0.549397 -0.000000 -0.000000 0.000000 0.000000 3.141593
 63 -3.964331 0.576720 -4.292869 0.624186 2.769274 -0.674469
 64 15.353560 0.000000 -0.000001 0.000000 0.000000 -1.201949
 65 19.266844 0.000001 0.000000 -0.044183 -0.184073 0.639602
 66 4.212046 5.420720 0.000000 -0.000000 -0.000000 1.570796
 67 0.549398 -0.000000 0.000000 0.000000 0.000000 0.000000
 68 -38.836464 -1.519708 -0.000049 3.141593 -1.570796 0.000000
time 30
  0 2.276766 6.202596 34.923012 0.021475 0.080415 0.695771
  1 2.701680 -0.719889 -33.516422 0.035102 -0.075479 -0.696232
  2 -1.732292 1.336712 0.000000 0.000000 -1.435379 -1.570795
  3 4.174185 -0.003661 0.567938 0.186868 0.017718 0.192523
  4 4.761445 -0.003792 0.000000 -0.000000 -0.000000 0.000000
  5 4.761587 -0.003785 -0.000162 0.042990 0.035547 0.038540
  6 4.761582 -0.003785 -0.000163 0.042990 0.035547 0.038540
  7 4.762265 -0.002028 0.000001 -0.000000 -0.000001 0.383972
  8 2.746988 -0.000001 -0.000000 0.107252 -0.198107 -0.150151
  9 9.156626 0.000000 -0.000000 0.000000 0.000000 0.000000
 10 -0.000000 0.002190 -1.281927 -1.013289 1.122496 1.791261
 11 7.285012 -0.000000 -0.000000 0.116544 -0.630871 -0.102187
 12 12.718712 -0.000001 0.000001 0.000000 0.000000 -1.644090
 13 10.221163 0.000001 -0.000000 1.651574 -0.025764 -0.061668
 14 1.389920 -0.447520 1.936563 -0.210439 -0.761471 0.314906
 15 1.208676 0.000003 -0.000001 0.000000 0.000000 0.000000
 16 1.208678 -0.000003 0.000002 0.000000 0.000000 0.000000
 17 1.208672 -0.000000 -0.000001 0.000000 0.000000 3.141593
 18 3.507808 -0.429745 1.193332 0.022860 -0.225875 -0.088311
 19 1.560289 -0.000002 -0.000000 0.000000 0.000000 0.000000
 20 1.560292 0.000001 -0.000001 0.000000 0.000000 0.000000
 21 1.560289 -0.000000 -0.000001 0.000000 0.000000 3.141593
 22 3.044309 -0.436518 0.176982 0.140338 -0.004885 0.034563
 23 1.820336 -0.000001 -0.000001 0.000000 0.000000 0.000000
 24 1.820338 0.000002 -0.000004 0.000000 0.000000 0.000000
 25 1.820337 0.000000 0.000001 0.000000 0.000000 3.141593
 26 3.330762 -0.128979 -0.727984 0.013106 0.174047 0.071026
 27 1.560287 0.000001 -0.000001 0.000000 0.000000 0.000000
 28 1.560289 -0.000000 0.000002 0.000000 0.000000 0.000000
 29 1.560290 -0.000000 -0.000002 0.000000 0.000000 3.141593
 30 3.208161 0.466228 -1.931735 0.024854 0.330715 0.074094
 31 1.300241 -0.000001 -0.000000 0.000000 0.000000 0.000000
 32 1.300241 0.000002 -0.000003 0.000000 0.000000 0.000000
 33 1.300241 0.000001 0.000001 0.000000 0.000000 3.141593
 34 0.000001 0.002182 1.281928 0.436482 -0.980858 2.387017
 35 7.285012 -0.000000 -0.000002 -0.072086 0.467405 0.303830
 36 12.538437 0.000001 -0.000002 -0.000000 0.000000 -0.889814
 37 10.782780 -0.000001 -0.000004 -1.603557 0.046091 -0.032050
 38 1.016389 0.059479 -2.003610 0.348822 0.790160 0.431299
 39 1.107953 -0.000002 -0.000000 0.000000 0.000000 0.000000
 40 1.107951 0.000002 -0.000001 0.000000 0.000000 0.000000
 41 1.107952 -0.000001 0.000000 0.000000 0.000000 0.000000
 42 3.077731 -0.144549 -1.412631 0.003835 0.209388 0.026587
 43 1.560288 -0.000001 0.000001 0.000000 0.000000 0.000000
 44 1.560289 -0.000001 -0.000001 0.000000 0.000000 0.000000
 45 1.560289 -0.000001 -0.000000 0.000000 0.000000 0.000000
 46 2.463502 0.093206 -0.291939 -0.000796 -0.000000 0.000000
 47 1.820337 0.000003 -0.000000 0.000000 0.000000 0.000000
 48 1.820336 -0.000003 -0.000001 0.000000 0.000000 0.000000
 49 1.820338 0.000001 -0.000000 0.000000 0.000000 0.000000
 50 3.016627 -0.086191 0.699124 -0.016172 -0.173791 0.088745
 51 1.560288 0.000001 -0.000001 0.000000 0.000000 0.000000
 52 1.560288 0.000001 0.000000 0.000000 0.000000 0.000000
 53 1.560289 0.000000 0.000000 0.000000 0.000000 0.000000
 54 2.733753 0.442846 1.903232 -0.009342 -0.314026 0.027785
 55 1.300240 -0.000002 -0.000001 0.000000 0.000000 0.000000
 56 1.300243 -0.000000 0.000000 0.000000 0.000000 0.000000
 57 1.300243 0.000001 0.000000 0.000000 0.000000 0.000000
 58 -4.150558 1.349672 2.819998 -0.217527 -2.647085 -0.714838
 59 15.353564 -0.000000 0.000001 0.000000 -0.000000 -0.944036
 60 19.266844 -0.000000 -0.000001 0.003610 0.056763 0.259028
 61 4.212047 5.420720 -0.000001 -0.000000 0.000000 1.570796
 62 0.549398 -0.000000 -0.000001 0.000000 0.000000 3.141593
 63 -4.020766 -0.011036 -4.376645 0.750048 2.588499 -0.657812
 64 15.353563 -0.000001 -0.000001 0.000000 -0.000000 -1.268490
 65 19.266846 0.000002 0.000002 0.000358 -0.217450 0.665940
 66 4.212046 5.420720 -0.000000 -0.000000 0.000000 1.570796
 67 0.549398 0.000000 -0.000000 0.000000 0.000000 0.000000
 68 -38.836468 -1.519707 -0.000050 -3.141593 -1.570796 0.000000
time 31
  0 1.712960 9.159441 34.154877 0.012282 0.103969 0.457070
  1 3.410770 -0.401459 -32.684772 0.034954 -0.098702 -0.458157
  2 -1.854701 1.407123 0.000002 0.000000 -1.415578 -1.570795
  3 4.162136 -0.003542 0.650020 0.306624 0.008136 0.205372
  4 4.761443 -0.003790 -0.000001 -0.000000 -0.000000 0.000000
  5 4.761580 -0.003780 -0.000264 0.069390 0.039983 0.039499
  6 4.761583 -0.003779 -0.000263 0.069390 0.039983 0.039499
  7 4.762267 -0.002029 0.000000 -0.000000 -0.000001 0.383972
  8 2.746989 -0.000001 0.000001 -0.096602 -0.176138 -0.162597
  9 9.156631 -0.000001 0.000001 0.000000 0.000000 0.000000
 10 -0.000000 0.002191 -1.281927 -1.178763 1.111975 1.618095
 11 7.285010 -0.000001 -0.000002 0.147058 -0.641769 -0.249841
 12 12.718715 -0.000000 0.000000 -0.000000 -0.000000 -1.536444
 13 10.221164 -0.000001 0.000000 1.642857 -0.028652 -0.053082
 14 1.389920 -0.447518 1.936566 -0.210439 -0.761471 0.314906
 15 1.208676 0.000003 0.000000 0.000000 0.000000 0.000000
 16 1.208676 -0.000002 -0.000000 0.000000 0.000000 0.000000
 17 1.208675 -0.000002 0.000000 0.000000 0.000000 3.141593
 18 3.507808 -0.429742 1.193337 0.022860 -0.225875 -0.088311
 19 1.560288 -0.000001 0.000002 0.000000 0.000000 0.000000
 20 1.560290 0.000002 -0.000001 0.000000 0.000000 0.000000
 21 1.560287 0.000002 -0.000001 0.000000 0.000000 3.141593
 22 3.044309 -0.436517 0.176984 0.140338 -0.004885 0.034563
 23 1.820338 -0.000000 0.000001 0.000000 0.000000 0.000000
 24 1.820337 0.000000 0.000001 0.000000 0.000000 0.000000
 25 1.820336 0.000001 0.000001 0.000000 0.000000 3.141593
 26 3.330762 -0.128976 -0.727981 0.013106 0.174047 0.071026
 27 1.560289 0.000001 0.000000 0.000000 0.000000 0.000000
 28 1.560288 0.000000 -0.000000 0.000000 0.000000 0.000000
 29 1.560289 -0.000001 -0.000001 0.000000 0.000000 3.141593
 30 3.208161 0.466231 -1.931736 0.024854 0.330715 0.074094
 31 1.300241 -0.000000 0.000002 0.000000 0.000000 0.000000
 32 1.300241 -0.000001 -0.000003 0.000000 0.000000 0.000000
 33 1.300240 -0.000001 -0.000001 0.000000 0.000000 3.141593
 34 0.000002 0.002182 1.281929 0.401090 -0.954373 2.423693
 35 7.285012 0.000001 -0.000000 -0.190008 0.479309 0.437443
 36 12.538441 -0.000000 0.000000 0.000000 -0.000000 -0.789209
 37 10.782777 -0.000000 0.000001 -1.601302 0.050270 -0.034439
 38 1.016389 0.059479 -2.003610 0.348822 0.790160 0.431299
 39 1.107951 -0.000001 -0.000001 0.000000 0.000000 0.000000
 40 1.107953 0.000000 0.000000 0.000000 0.000000 0.000000
 41 1.107953 0.000001 0.000000 0.000000 0.000000 0.000000
 42 3.077731 -0.144550 -1.412631 0.003835 0.209388 0.026587
 43 1.560291 0.000000 0.000001 0.000000 0.000000 0.000000
 44 1.560288 -0.000001 -0.000000 0.000000 0.000000 0.000000
 45 1.560288 -0.000002 -0.000001 0.000000 0.000000 0.000000
 46 2.463500 0.093205 -0.291938 -0.000796 0.000000 -0.000000
 47 1.820339 0.000002 -0.000001 0.000000 0.000000 0.000000
 48 1.820336 -0.000002 -0.000000 0.000000 0.000000 0.000000
 49 1.820336 0.000001 0.000000 0.000000 0.000000 0.000000
 50 3.016627 -0.086193 0.699124 -0.016172 -0.173791 0.088745
 51 1.560289 -0.000003 -0.000000 0.000000 0.000000 0.000000
 52 1.560287 0.000002 -0.000001 0.000000 0.000000 0.000000
 53 1.560288 0.000002 0.000001 0.000000 0.000000 0.000000
 54 2.733753 0.442844 1.903233 -0.009342 -0.314026 0.027785
 55 1.300242 0.000004 -0.000001 0.000000 0.000000 0.000000
 56 1.300240 -0.000001 0.000001 0.000000 0.000000 0.000000
 57 1.300240 -0.000003 0.000000 0.000000 0.000000 0.000000
 58 -4.098327 1.711812 2.583170 -0.067109 -2.675225 -0.827721
 59 15.353562 0.000001 -0.000001 0.000000 -0.000000 -0.797293
 60 19.266848 -0.000000 0.000001 0.011543 0.059027 0.214653
 61 4.212046 5.420720 -0.000001 -0.000000 -0.000000 1.570796
 62 0.549396 -0.000001 0.000000 0.000000 0.000000 3.141593
 63 -4.038719 -0.499209 -4.400230 0.829871 2.388866 -0.652201
 64 15.353559 0.000001 -0.000000 -0.000000 0.000000 -1.350700
 65 19.266842 0.000000 -0.000001 0.049582 -0.254239 0.692864
 66 4.212047 5.420720 0.000000 -0.000000 -0.000000 1.570796
 67 0.549398 0.000000 -0.000000 0.000000 0.000000 0.000000
 68 -38.836464 -1.519708 -0.000051 3.141593 -1.570796 0.000000
time 32
  0 1.267955 12.217661 32.910599 0.001570 0.114242 0.270542
  1 3.604543 -0.049326 -31.414272 0.029134 -0.110492 -0.272063
  2 -2.041679 1.576289 0.000000 0.000000 -1.412440 -1.570795
  3 4.160086 -0.003411 0.662739 0.401194 0.026517 0.225742
  4 4.761442 -0.003791 -0.000001 0.000000 0.000000 0.000000
  5 4.761592 -0.003775 -0.000338 0.089576 0.046811 0.041820
  6 4.761586 -0.003773 -0.000339 0.089576 0.046811 0.041820
  7 4.762265 -0.002030 -0.000001 -0.000000 -0.000001 0.383972
  8 2.746985 0.000001 -0.000000 -0.287195 -0.184377 -0.184761
  9 9.156628 -0.000001 0.000001 0.000000 0.000000 0.000000
 10 -0.000000 0.002192 -1.281927 -1.342732 1.103314 1.440394
 11 7.285014 0.000000 0.000001 0.111066 -0.657250 -0.380401
 12 12.718715 0.000001 -0.000000 0.000000 -0.000000 -1.442791
 13 10.221163 0.000001 0.000002 1.635226 -0.029963 -0.045896
 14 1.389921 -0.447518 1.936562 -0.210439 -0.761471 0.314906
 15 1.208672 0.000000 -0.000002 0.000000 0.000000 0.000000
 16 1.208676 0.000000 0.000001 0.000000 0.000000 0.000000
 17 1.208676 0.000000 0.000001 0.000000 0.000000 3.141593
 18 3.507810 -0.429741 1.193335 0.022860 -0.225875 -0.088311
 19 1.560291 0.000001 -0.000000 0.000000 0.000000 0.000000
 20 1.560287 -0.000001 -0.000003 0.000000 0.000000 0.000000
 21 1.560287 -0.000002 0.000002 0.000000 0.000000 3.141593
 22 3.044311 -0.436515 0.176983 0.140338 -0.004885 0.034563
 23 1.820337 0.000000 0.000002 0.000000 0.000000 0.000000
 24 1.820336 0.000000 0.000002 0.000000 0.000000 0.000000
 25 1.820336 0.000000 -0.000001 0.000000 0.000000 3.141593
 26 3.330762 -0.128976 -0.727986 0.013106 0.174047 0.071026
 27 1.560290 0.000002 -0.000001 0.000000 0.000000 0.000000
 28 1.560288 -0.000001 -0.000001 0.000000 0.000000 0.000000
 29 1.560290 -0.000001 -0.000002 0.000000 0.000000 3.141593
 30 3.208161 0.466231 -1.931736 0.024854 0.330715 0.074094
 31 1.300240 -0.000001 -0.000001 0.000000 0.000000 0.000000
 32 1.300242 0.000003 -0.000001 0.000000 0.000000 0.000000
 33 1.300242 0.000001 -0.000002 0.000000 0.000000 3.141593
 34 -0.000002 0.002186 1.281927 0.378956 -0.951533 2.443263
 35 7.285012 -0.000001 0.000002 -0.226837 0.512830 0.561272
 36 12.538440 0.000001 -0.000003 0.000000 0.000000 -0.747902
 37 10.782776 -0.000001 0.000001 -1.600760 0.052536 -0.035198
 38 1.016389 0.059481 -2.003609 0.348822 0.790160 0.431299
 39 1.107951 0.000003 0.000001 0.000000 0.000000 0.000000
 40 1.107952 -0.000002 -0.000001 0.000000 0.000000 0.000000
 41 1.107952 0.000000 -0.000001 0.000000 0.000000 0.000000
 42 3.077730 -0.144550 -1.412631 0.003835 0.209388 0.026587
 43 1.560291 0.000000 -0.000001 0.000000 0.000000 0.000000
 44 1.560289 0.000000 0.000001 0.000000 0.000000 0.000000
 45 1.560290 -0.000000 -0.000001 0.000000 0.000000 0.000000
 46 2.463500 0.093204 -0.291939 -0.000796 0.000000 -0.000000
 47 1.820337 -0.000001 0.000000 0.000000 0.000000 0.000000
 48 1.820338 0.000002 -0.000000 0.000000 0.000000 0.000000
 49 1.820337 -0.000002 0.000000 0.000000 0.000000 0.000000
 50 3.016626 -0.086193 0.699124 -0.016172 -0.173791 0.088745
 51 1.560289 0.000002 -0.000000 0.000000 0.000000 0.000000
 52 1.560289 -0.000000 -0.000001 0.000000 0.000000 0.000000
 53 1.560288 -0.000002 0.000001 0.000000 0.000000 0.000000
 54 2.733754 0.442846 1.903233 -0.009342 -0.314026 0.027785
 55 1.300238 -0.000002 0.000001 0.000000 0.000000 0.000000
 56 1.300243 0.000003 -0.000000 0.000000 0.000000 0.000000
 57 1.300243 -0.000000 -0.000000 0.000000 0.000000 0.000000
 58 -4.131891 1.989411 2.296856 0.101646 -2.744138 -0.855128
 59 15.353564 0.000001 -0.000001 -0.000000 -0.000000 -0.659078
 60 19.266848 -0.000001 -0.000001 0.008749 0.047569 0.122275
 61 4.212047 5.420720 -0.000001 -0.000000 0.000000 1.570796
 62 0.549396 0.000000 0.000001 0.000000 0.000000 3.141593
 63 -3.937665 -0.870256 -4.444407 0.830813 2.221500 -0.644555
 64 15.353559 -0.000000 0.000001 -0.000000 0.000000 -1.374136
 65 19.266846 0.000000 -0.000001 0.139495 -0.266577 0.665558
 66 4.212047 5.420720 -0.000000 -0.000000 0.000000 1.570796
 67 0.549398 0.000000 0.000000 0.000000 0.000000 0.000000
 68 -38.836464 -1.519707 -0.000051 -3.141593 -1.570796 0.000000
time 33
  0 1.059669 15.538845 32.256077 -0.006853 0.112256 0.131595
  1 3.468826 0.210881 -30.770281 0.021626 -0.110374 -0.133175
  2 -2.265495 1.766180 0.000002 -0.000001 -1.426974 -1.570795
  3 4.169284 -0.003296 0.601970 0.473968 0.064826 0.250962
  4 4.761447 -0.003792 0.000001 0.000000 0.000000 0.000000
  5 4.761594 -0.003768 -0.000395 0.104076 0.054108 0.045048
  6 4.761595 -0.003768 -0.000392 0.104076 0.054108 0.045048
  7 4.762262 -0.002028 -0.000000 -0.000000 -0.000001 0.383972
  8 2.746989 -0.000000 -0.000001 -0.456953 -0.207965 -0.208891
  9 9.156629 0.000000 0.000000 0.000000 0.000000 0.000000
 10 -0.000000 0.002192 -1.281929 -1.439973 1.094630 1.333003
 11 7.285011 -0.000001 -0.000003 0.039535 -0.642389 -0.390227
 12 12.718712 -0.000001 -0.000000 0.000000 0.000000 -1.419795
 13 10.221165 0.000001 -0.000001 1.633107 -0.029363 -0.044376
 14 1.389921 -0.447518 1.936565 -0.210439 -0.761471 0.314906
 15 1.208673 0.000004 -0.000000 0.000000 0.000000 0.000000
 16 1.208677 -0.000002 0.000000 0.000000 0.000000 0.000000
 17 1.208678 -0.000003 0.000000 0.000000 0.000000 3.141593
 18 3.507809 -0.429743 1.193334 0.022860 -0.225875 -0.088311
 19 1.560287 -0.000000 -0.000000 0.000000 0.000000 0.000000
 20 1.560288 -0.000001 -0.000000 0.000000 0.000000 0.000000
 21 1.560291 0.000000 -0.000001 0.000000 0.000000 3.141593
 22 3.044309 -0.436517 0.176986 0.140338 -0.004885 0.034563
 23 1.820338 -0.000001 0.000001 0.000000 0.000000 0.000000
 24 1.820334 0.000001 -0.000002 0.000000 0.000000 0.000000
 25 1.820338 0.000001 -0.000002 0.000000 0.000000 3.141593
 26 3.330761 -0.128976 -0.727985 0.013106 0.174047 0.071026
 27 1.560289 0.000002 -0.000001 0.000000 0.000000 0.000000
 28 1.560290 -0.000000 -0.000002 0.000000 0.000000 0.000000
 29 1.560290 -0.000001 0.000001 0.000000 0.000000 3.141593
 30 3.208160 0.466231 -1.931736 0.024854 0.330715 0.074094
 31 1.300242 -0.000001 -0.000004 0.000000 0.000000 0.000000
 32 1.300242 -0.000000 0.000001 0.000000 0.000000 0.000000
 33 1.300243 -0.000000 0.000003 0.000000 0.000000 3.141593
 34 0.000002 0.002183 1.281928 0.370679 -0.985272 2.443583
 35 7.285013 -0.000000 -0.000000 -0.145192 0.516179 0.682062
 36 12.538441 -0.000001 -0.000001 -0.000000 0.000000 -0.785134
 37 10.782778 -0.000000 -0.000001 -1.602391 0.052186 -0.034107
 38 1.016389 0.059482 -2.003609 0.348822 0.790160 0.431299
 39 1.107949 -0.000002 -0.000001 0.000000 0.000000 0.000000
 40 1.107951 0.000000 0.000000 0.000000 0.000000 0.000000
 41 1.107952 0.000001 0.000000 0.000000 0.000000 0.000000
 42 3.077729 -0.144548 -1.412629 0.003835 0.209388 0.026587
 43 1.560289 0.000000 -0.000001 0.000000 0.000000 0.000000
 44 1.560290 0.000001 -0.000001 0.000000 0.000000 0.000000
 45 1.560290 0.000001 -0.000000 0.000000 0.000000 0.000000
 46 2.463500 0.093208 -0.291938 -0.000796 0.000000 -0.000000
 47 1.820340 -0.000001 -0.000002 0.000000 0.000000 0.000000
 48 1.820334 -0.000003 0.000002 0.000000 0.000000 0.000000
 49 1.820338 0.000001 -0.000000 0.000000 0.000000 0.000000
 50 3.016627 -0.086193 0.699124 -0.016172 -0.173791 0.088745
 51 1.560290 0.000001 -0.000001 0.000000 0.000000 0.000000
 52 1.560290 0.000000 -0.000000 0.000000 0.000000 0.000000
 53 1.560288 0.000001 0.000000 0.000000 0.000000 0.000000
 54 2.733753 0.442847 1.903233 -0.009342 -0.314026 0.027785
 55 1.300240 0.000000 0.000001 0.000000 0.000000 0.000000
 56 1.300241 -0.000000 -0.000001 0.000000 0.000000 0.000000
 57 1.300241 -0.000001 -0.000000 0.000000 0.000000 0.000000
 58 -4.227654 2.198728 2.010793 0.295726 -2.808955 -0.824797
 59 15.353563 0.000001 -0.000004 0.000000 -0.000000 -0.509510
 60 19.266846 0.000001 -0.000001 0.004654 0.032075 -0.005339
 61 4.212047 5.420720 -0.000001 -0.000000 0.000000 1.570796
 62 0.549399 -0.000001 -0.000001 0.000000 0.000000 3.141593
 63 -3.753110 -1.137677 -4.493301 0.623707 2.068210 -0.764387
 64 15.353562 -0.000000 -0.000000 0.000000 -0.000000 -1.406795
 65 19.266842 0.000000 0.000001 0.097896 -0.238693 0.605221
 66 4.212046 5.420720 -0.000000 -0.000000 0.000000 1.570796
 67 0.549397 -0.000000 -0.000000 0.000000 0.000000 0.000000
 68 -38.836468 -1.519708 -0.000051 3.141593 -1.570796 0.000000
time 34
  0 1.088904 19.141678 32.187065 -0.012365 0.103207 0.016500
  1 3.183112 0.379986 -30.730141 0.014138 -0.102980 -0.017867
  2 -2.388682 1.780604 0.000003 0.000000 -1.451917 -1.570795
  3 4.183026 -0.003250 0.497727 0.502505 0.091848 0.265629
  4 4.761445 -0.003792 0.000000 0.000000 0.000000 -0.000000
  5 4.761600 -0.003765 -0.000410 0.108804 0.055713 0.047464
  6 4.761601 -0.003766 -0.000412 0.108804 0.055713 0.047464
  7 4.762264 -0.002028 -0.000000 -0.000000 -0.000001 0.383972
  8 2.746988 -0.000000 -0.000000 -0.561395 -0.207930 -0.238985
  9 9.156627 -0.000000 -0.000000 0.000000 0.000000 0.000000
 10 0.000001 0.002190 -1.281928 -1.468621 1.091018 1.301099
 11 7.285014 0.000001 0.000003 -0.023067 -0.604905 -0.324871
 12 12.718712 0.000000 -0.000002 0.000000 0.000000 -1.482441
 13 10.221163 0.000003 -0.000001 1.637361 -0.026574 -0.049633
 14 1.389920 -0.447519 1.936565 -0.210439 -0.761471 0.314906
 15 1.208678 -0.000003 0.000001 0.000000 0.000000 0.000000
 16 1.208673 0.000001 -0.000001 0.000000 0.000000 0.000000
 17 1.208675 0.000001 -0.000001 0.000000 0.000000 3.141593
 18 3.507809 -0.429744 1.193333 0.022860 -0.225875 -0.088311
 19 1.560291 -0.000001 0.000001 0.000000 0.000000 0.000000
 20 1.560289 0.000002 -0.000001 0.000000 0.000000 0.000000
 21 1.560289 0.000001 -0.000000 0.000000 0.000000 3.141593
 22 3.044309 -0.436516 0.176982 0.140338 -0.004885 0.034563
 23 1.820338 -0.000001 0.000001 0.000000 0.000000 0.000000
 24 1.820338 0.000001 -0.000002 0.000000 0.000000 0.000000
 25 1.820334 -0.000001 -0.000001 0.000000 0.000000 3.141593
 26 3.330762 -0.128978 -0.727984 0.013106 0.174047 0.071026
 27 1.560290 -0.000001 0.000002 0.000000 0.000000 0.000000
 28 1.560291 -0.000000 -0.000001 0.000000 0.000000 0.000000
 29 1.560287 -0.000000 -0.000002 0.000000 0.000000 3.141593
 30 3.208159 0.466229 -1.931734 0.024854 0.330715 0.074094
 31 1.300241 0.000001 -0.000003 0.000000 0.000000 0.000000
 32 1.300243 -0.000002 0.000003 0.000000 0.000000 0.000000
 33 1.300242 -0.000001 0.000000 0.000000 0.000000 3.141593
 34 -0.000002 0.002184 1.281925 0.373576 -1.047769 2.429463
 35 7.285012 -0.000001 -0.000000 -0.035572 0.466452 0.807149
 36 12.538439 0.000000 0.000002 -0.000000 -0.000000 -0.881539
 37 10.782777 0.000002 0.000001 -1.605567 0.049930 -0.031303
 38 1.016390 0.059480 -2.003611 0.348822 0.790160 0.431299
 39 1.107949 -0.000001 -0.000002 0.000000 0.000000 0.000000
 40 1.107954 -0.000001 0.000000 0.000000 0.000000 0.000000
 41 1.107954 -0.000000 0.000000 0.000000 0.000000 0.000000
 42 3.077729 -0.144550 -1.412630 0.003835 0.209388 0.026587
 43 1.560288 -0.000001 0.000001 0.000000 0.000000 0.000000
 44 1.560290 0.000001 -0.000000 0.000000 0.000000 0.000000
 45 1.560290 0.000003 -0.000000 0.000000 0.000000 0.000000
 46 2.463501 0.093206 -0.291940 -0.000796 0.000000 -0.000000
 47 1.820341 -0.000001 -0.000000 0.000000 0.000000 0.000000
 48 1.820336 -0.000000 0.000000 0.000000 0.000000 0.000000
 49 1.820337 0.000001 0.000000 0.000000 0.000000 0.000000
 50 3.016629 -0.086192 0.699124 -0.016172 -0.173791 0.088745
 51 1.560290 0.000002 -0.000001 0.000000 0.000000 0.000000
 52 1.560290 0.000000 0.000001 0.000000 0.000000 0.000000
 53 1.560288 -0.000001 -0.000000 0.000000 0.000000 0.000000
 54 2.733753 0.442844 1.903231 -0.009342 -0.314026 0.027785
 55 1.300241 0.000004 0.000002 0.000000 0.000000 0.000000
 56 1.300241 -0.000002 -0.000001 0.000000 0.000000 0.000000
 57 1.300241 -0.000004 -0.000002 0.000000 0.000000 0.000000
 58 -4.308740 2.304726 1.907215 0.470091 -2.824240 -0.774152
 59 15.353563 0.000000 -0.000001 0.000000 0.000000 -0.391498
 60 19.266844 -0.000000 -0.000001 0.006343 0.015192 -0.102438
 61 4.212048 5.420720 -0.000002 -0.000000 0.000000 1.570796
 62 0.549397 0.000002 -0.000001 0.000000 0.000000 3.141593
 63 -3.636863 -1.208444 -4.485456 0.361210 2.047479 -0.880974
 64 15.353560 0.000001 -0.000001 0.000000 -0.000000 -1.334237
 65 19.266844 -0.000000 0.000000 0.127490 -0.199139 0.497975
 66 4.212047 5.420720 0.000000 -0.000000 0.000000 1.570796
 67 0.549397 0.000000 -0.000000 0.000000 0.000000 0.000000
 68 -38.836464 -1.519708 -0.000049 3.141593 -1.570796 0.000000
time 35
  0 1.214178 22.818731 32.418575 -0.014679 0.089641 -0.079064
  1 2.786659 0.455082 -31.000082 0.007594 -0.090515 0.078062
  2 -2.400711 1.621762 -0.000001 0.000000 -1.483606 -1.570795
  3 4.196750 -0.003269 0.364994 0.493993 0.104143 0.267899
  4 4.761445 -0.003791 0.000001 0.000000 0.000000 -0.000000
  5 4.761603 -0.003765 -0.000399 0.105700 0.051571 0.048802
  6 4.761609 -0.003768 -0.000399 0.105700 0.051571 0.048802
  7 4.762267 -0.002029 -0.000002 -0.000000 -0.000001 0.383972
  8 2.746988 -0.000000 -0.000000 -0.630451 -0.162866 -0.273127
  9 9.156629 0.000001 0.000001 0.000000 0.000000 0.000000
 10 -0.000002 0.002193 -1.281929 -1.473324 1.091954 1.295758
 11 7.285012 -0.000001 -0.000003 -0.066312 -0.572731 -0.261384
 12 12.718713 -0.000000 -0.000001 0.000000 0.000000 -1.589230
 13 10.221160 -0.000001 -0.000001 1.644724 -0.022270 -0.058410
 14 1.389919 -0.447518 1.936563 -0.210439 -0.761471 0.314906
 15 1.208673 -0.000001 0.000000 0.000000 0.000000 0.000000
 16 1.208677 -0.000002 -0.000002 0.000000 0.000000 0.000000
 17 1.208676 0.000002 0.000000 0.000000 0.000000 3.141593
 18 3.507807 -0.429744 1.193333 0.022860 -0.225875 -0.088311
 19 1.560291 -0.000001 0.000002 0.000000 0.000000 0.000000
 20 1.560290 0.000003 -0.000001 0.000000 0.000000 0.000000
 21 1.560285 0.000001 0.000001 0.000000 0.000000 3.141593
 22 3.044307 -0.436516 0.176984 0.140338 -0.004885 0.034563
 23 1.820339 0.000000 0.000003 0.000000 0.000000 0.000000
 24 1.820338 0.000001 -0.000001 0.000000 0.000000 0.000000
 25 1.820336 0.000001 -0.000002 0.000000 0.000000 3.141593
 26 3.330760 -0.128978 -0.727985 0.013106 0.174047 0.071026
 27 1.560288 0.000001 -0.000003 0.000000 0.000000 0.000000
 28 1.560294 0.000001 0.000002 0.000000 0.000000 0.000000
 29 1.560287 -0.000001 0.000001 0.000000 0.000000 3.141593
 30 3.208158 0.466229 -1.931735 0.024854 0.330715 0.074094
 31 1.300243 -0.000001 0.000003 0.000000 0.000000 0.000000
 32 1.300238 0.000001 -0.000003 0.000000 0.000000 0.000000
 33 1.300243 -0.000000 -0.000000 0.000000 0.000000 3.141593
 34 -0.000000 0.002183 1.281927 0.387311 -1.117329 2.405360
 35 7.285013 -0.000000 -0.000002 0.050509 0.391704 0.905078
 36 12.538440 0.000001 0.000001 -0.000000 0.000000 -1.008350
 37 10.782778 0.000002 -0.000002 -1.609719 0.046823 -0.027179
 38 1.016390 0.059477 -2.003610 0.348822 0.790160 0.431299
 39 1.107950 -0.000003 -0.000001 0.000000 0.000000 0.000000
 40 1.107955 0.000001 0.000001 0.000000 0.000000 0.000000
 41 1.107952 0.000002 0.000000 0.000000 0.000000 0.000000
 42 3.077731 -0.144550 -1.412630 0.003835 0.209388 0.026587
 43 1.560289 0.000004 0.000000 0.000000 0.000000 0.000000
 44 1.560287 -0.000005 0.000000 0.000000 0.000000 0.000000
 45 1.560287 -0.000003 -0.000000 0.000000 0.000000 0.000000
 46 2.463502 0.093203 -0.291939 -0.000796 0.000000 -0.000000
 47 1.820338 -0.000000 -0.000000 0.000000 0.000000 0.000000
 48 1.820336 -0.000007 0.000000 0.000000 0.000000 0.000000
 49 1.820338 0.000002 0.000000 0.000000 0.000000 0.000000
 50 3.016627 -0.086193 0.699123 -0.016172 -0.173791 0.088745
 51 1.560287 -0.000001 0.000002 0.000000 0.000000 0.000000
 52 1.560290 -0.000001 -0.000001 0.000000 0.000000 0.000000
 53 1.560289 -0.000004 -0.000001 0.000000 0.000000 0.000000
 54 2.733755 0.442846 1.903233 -0.009342 -0.314026 0.027785
 55 1.300243 0.000001 -0.000002 0.000000 0.000000 0.000000
 56 1.300239 0.000000 0.000002 0.000000 0.000000 0.000000
 57 1.300239 -0.000001 0.000002 0.000000 0.000000 0.000000
 58 -4.367073 2.336535 1.989116 0.567613 -2.802457 -0.737770
 59 15.353565 -0.000000 -0.000001 0.000000 -0.000000 -0.347946
 60 19.266848 -0.000000 0.000001 0.017222 0.003101 -0.106336
 61 4.212049 5.420720 -0.000001 -0.000000 0.000000 1.570796
 62 0.549398 0.000003 0.000000 0.000000 0.000000 3.141593
 63 -3.605563 -1.117918 -4.425468 0.202213 2.096731 -0.879254
 64 15.353561 0.000000 -0.000001 -0.000000 -0.000000 -1.186077
 65 19.266848 -0.000001 -0.000001 0.171894 -0.159289 0.374849
 66 4.212047 5.420720 0.000000 -0.000000 0.000000 1.570796
 67 0.549397 0.000000 -0.000000 0.000000 0.000000 0.000000
 68 -38.836464 -1.519708 -0.000051 -3.141593 -1.570796 0.000000
time 36
  0 1.294010 26.362560 32.665607 -0.014157 0.073861 -0.159563
  1 2.356252 0.450779 -31.839851 0.002259 -0.075169 0.158955
  2 -2.391962 1.420317 0.000001 0.000000 -1.518380 -1.570795
  3 4.206964 -0.003306 0.218954 0.473337 0.114355 0.267884
  4 4.761444 -0.003791 -0.000001 0.000000 0.000000 -0.000000
  5 4.761614 -0.003768 -0.000380 0.099956 0.045980 0.050004
  6 4.761619 -0.003769 -0.000375 0.099956 0.045980 0.050004
  7 4.762263 -0.002028 -0.000000 -0.000000 -0.000001 0.383972
  8 2.746989 0.000001 0.000000 -0.710303 -0.092273 -0.307751
  9 9.156627 0.000000 -0.000001 0.000000 0.000000 0.000000
 10 0.000000 0.002192 -1.281929 -1.460357 1.097342 1.309985
 11 7.285010 0.000000 -0.000002 -0.095509 -0.529922 -0.185251
 12 12.718709 -0.000000 -0.000001 0.000000 0.000000 -1.712103
 13 10.221163 0.000001 0.000000 1.653444 -0.017589 -0.068430
 14 1.389921 -0.447519 1.936564 -0.210439 -0.761471 0.314906
 15 1.208674 -0.000003 0.000001 0.000000 0.000000 0.000000
 16 1.208673 0.000002 -0.000001 0.000000 0.000000 0.000000
 17 1.208675 -0.000001 -0.000001 0.000000 0.000000 3.141593
 18 3.507810 -0.429742 1.193333 0.022860 -0.225875 -0.088311
 19 1.560287 0.000001 -0.000002 0.000000 0.000000 0.000000
 20 1.560294 0.000004 -0.000000 0.000000 0.000000 0.000000
 21 1.560284 -0.000002 0.000002 0.000000 0.000000 3.141593
 22 3.044310 -0.436516 0.176983 0.140338 -0.004885 0.034563
 23 1.820337 0.000001 0.000001 0.000000 0.000000 0.000000
 24 1.820337 -0.000002 0.000000 0.000000 0.000000 0.000000
 25 1.820340 -0.000000 -0.000000 0.000000 0.000000 3.141593
 26 3.330763 -0.128976 -0.727984 0.013106 0.174047 0.071026
 27 1.560288 0.000001 -0.000003 0.000000 0.000000 0.000000
 28 1.560292 0.000000 0.000002 0.000000 0.000000 0.000000
 29 1.560291 -0.000000 0.000001 0.000000 0.000000 3.141593
 30 3.208161 0.466230 -1.931735 0.024854 0.330715 0.074094
 31 1.300243 -0.000001 0.000000 0.000000 0.000000 0.000000
 32 1.300242 -0.000000 0.000004 0.000000 0.000000 0.000000
 33 1.300240 0.000000 -0.000001 0.000000 0.000000 3.141593
 34 0.000003 0.002184 1.281929 0.408372 -1.172037 2.377396
 35 7.285011 0.000000 0.000001 0.105468 0.340097 0.958294
 36 12.538440 0.000001 -0.000002 0.000000 0.000000 -1.136796
 37 10.782774 0.000001 0.000008 -1.614274 0.043920 -0.022138
 38 1.016389 0.059479 -2.003610 0.348822 0.790160 0.431299
 39 1.107952 0.000005 -0.000000 0.000000 0.000000 0.000000
 40 1.107952 -0.000005 0.000001 0.000000 0.000000 0.000000
 41 1.107952 0.000001 0.000001 0.000000 0.000000 0.000000
 42 3.077732 -0.144550 -1.412631 0.003835 0.209388 0.026587
 43 1.560291 -0.000003 -0.000000 0.000000 0.000000 0.000000
 44 1.560288 0.000003 -0.000001 0.000000 0.000000 0.000000
 45 1.560289 0.000001 0.000001 0.000000 0.000000 0.000000
 46 2.463500 0.093203 -0.291938 -0.000796 0.000000 -0.000000
 47 1.820340 0.000003 -0.000000 0.000000 0.000000 0.000000
 48 1.820336 -0.000001 0.000000 0.000000 0.000000 0.000000
 49 1.820336 -0.000001 0.000000 0.000000 0.000000 0.000000
 50 3.016626 -0.086193 0.699124 -0.016172 -0.173791 0.088745
 51 1.560287 -0.000003 0.000000 0.000000 0.000000 0.000000
 52 1.560292 -0.000002 -0.000000 0.000000 0.000000 0.000000
 53 1.560289 -0.000001 0.000000 0.000000 0.000000 0.000000
 54 2.733754 0.442842 1.903233 -0.009342 -0.314026 0.027785
 55 1.300241 -0.000001 -0.000001 0.000000 0.000000 0.000000
 56 1.300238 0.000003 0.000001 0.000000 0.000000 0.000000
 57 1.300243 -0.000001 0.000000 0.000000 0.000000 0.000000
 58 -4.422498 2.342564 2.124036 0.579056 -2.783421 -0.719338
 59 15.353564 -0.000001 -0.000002 -0.000000 0.000000 -0.391244
 60 19.266842 0.000000 0.000001 0.037324 -0.004266 -0.000962
 61 4.212048 5.420721 0.000001 -0.000000 0.000000 1.570796
 62 0.549398 0.000000 0.000002 0.000000 0.000000 3.141593
 63 -3.586627 -0.974940 -4.353274 0.164426 2.127573 -0.796491
 64 15.353561 0.000002 -0.000001 0.000000 0.000000 -0.986584
 65 19.266848 0.000001 -0.000001 0.169462 -0.135668 0.245954
 66 4.212046 5.420720 -0.000000 -0.000000 0.000000 1.570796
 67 0.549398 0.000000 -0.000000 0.000000 0.000000 0.000000
 68 -38.836464 -1.519708 -0.000050 -3.141593 -1.570796 0.000000
time 37
  0 1.313254 29.858301 32.768436 -0.011505 0.057963 -0.229511
  1 1.855696 0.367911 -31.977016 -0.001979 -0.059060 0.229236
  2 -2.372567 1.185918 0.000003 -0.000002 -1.552579 -1.570794
  3 4.212059 -0.003356 0.075108 0.443221 0.120292 0.266576
  4 4.761445 -0.003792 0.000000 0.000000 0.000000 -0.000000
  5 4.761623 -0.003771 -0.000348 0.092326 0.039340 0.051120
  6 4.761626 -0.003771 -0.000351 0.092326 0.039340 0.051120
  7 4.762260 -0.002027 -0.000002 -0.000000 -0.000001 0.383972
  8 2.746989 -0.000001 0.000001 -0.783449 -0.015331 -0.344153
  9 9.156631 -0.000000 -0.000001 0.000000 0.000000 0.000000
 10 0.000004 0.002189 -1.281926 -1.435025 1.106626 1.337632
 11 7.285013 -0.000002 -0.000001 -0.101945 -0.481224 -0.121972
 12 12.718716 0.000000 0.000000 0.000000 -0.000000 -1.823000
 13 10.221165 0.000003 0.000003 1.661808 -0.013731 -0.077446
 14 1.389921 -0.447518 1.936564 -0.210439 -0.761471 0.314906
 15 1.208675 0.000000 0.000002 0.000000 0.000000 0.000000
 16 1.208674 0.000001 -0.000001 0.000000 0.000000 0.000000
 17 1.208673 0.000001 -0.000001 0.000000 0.000000 3.141593
 18 3.507808 -0.429741 1.193333 0.022860 -0.225875 -0.088311
 19 1.560288 0.000002 -0.000000 0.000000 0.000000 0.000000
 20 1.560288 -0.000003 0.000003 0.000000 0.000000 0.000000
 21 1.560290 0.000001 -0.000001 0.000000 0.000000 3.141593
 22 3.044310 -0.436516 0.176981 0.140338 -0.004885 0.034563
 23 1.820338 0.000002 0.000001 0.000000 0.000000 0.000000
 24 1.820338 -0.000001 -0.000000 0.000000 0.000000 0.000000
 25 1.820336 -0.000001 -0.000000 0.000000 0.000000 3.141593
 26 3.330763 -0.128976 -0.727985 0.013106 0.174047 0.071026
 27 1.560289 0.000001 -0.000002 0.000000 0.000000 0.000000
 28 1.560292 -0.000001 -0.000000 0.000000 0.000000 0.000000
 29 1.560289 -0.000002 0.000001 0.000000 0.000000 3.141593
 30 3.208161 0.466231 -1.931737 0.024854 0.330715 0.074094
 31 1.300241 0.000000 -0.000002 0.000000 0.000000 0.000000
 32 1.300242 -0.000000 0.000005 0.000000 0.000000 0.000000
 33 1.300240 0.000000 0.000000 0.000000 0.000000 3.141593
 34 0.000002 0.002183 1.281930 0.440530 -1.204085 2.342247
 35 7.285012 0.000001 0.000001 0.127488 0.336092 0.917142
 36 12.538440 -0.000000 0.000003 -0.000000 0.000000 -1.293620
 37 10.782776 0.000000 -0.000002 -1.621156 0.041312 -0.014048
 38 1.016391 0.059481 -2.003611 0.348822 0.790160 0.431299
 39 1.107951 -0.000003 -0.000001 0.000000 0.000000 0.000000
 40 1.107953 -0.000002 -0.000001 0.000000 0.000000 0.000000
 41 1.107953 -0.000000 -0.000001 0.000000 0.000000 0.000000
 42 3.077732 -0.144548 -1.412632 0.003835 0.209388 0.026587
 43 1.560289 0.000000 -0.000000 0.000000 0.000000 0.000000
 44 1.560289 0.000001 -0.000000 0.000000 0.000000 0.000000
 45 1.560290 0.000002 0.000000 0.000000 0.000000 0.000000
 46 2.463498 0.093207 -0.291939 -0.000796 -0.000000 -0.000000
 47 1.820339 0.000002 -0.000000 0.000000 0.000000 0.000000
 48 1.820336 0.000001 -0.000000 0.000000 0.000000 0.000000
 49 1.820335 0.000001 -0.000000 0.000000 0.000000 0.000000
 50 3.016625 -0.086190 0.699123 -0.016172 -0.173791 0.088745
 51 1.560290 0.000002 0.000000 0.000000 0.000000 0.000000
 52 1.560290 0.000002 -0.000001 0.000000 0.000000 0.000000
 53 1.560290 0.000002 0.000000 0.000000 0.000000 0.000000
 54 2.733755 0.442847 1.903232 -0.009342 -0.314026 0.027785
 55 1.300241 -0.000003 0.000000 0.000000 0.000000 0.000000
 56 1.300241 -0.000001 0.000001 0.000000 0.000000 0.000000
 57 1.300243 0.000001 -0.000000 0.000000 0.000000 0.000000
 58 -4.463561 2.323641 2.299848 0.544012 -2.767710 -0.701648
 59 15.353562 0.000000 -0.000002 0.000000 -0.000000 -0.489110
 60 19.266842 0.000000 0.000001 0.066065 -0.013783 0.168539
 61 4.212047 5.420721 -0.000000 -0.000000 0.000000 1.570796
 62 0.549397 0.000002 0.000001 0.000000 0.000000 3.141593
 63 -3.584500 -0.795138 -4.269821 0.085233 2.153410 -0.876545
 64 15.353560 0.000001 -0.000001 -0.000000 0.000000 -1.017784
 65 19.266846 -0.000001 -0.000002 0.113962 -0.153786 0.264163
 66 4.212046 5.420720 -0.000001 -0.000000 0.000000 1.570796
 67 0.549398 -0.000000 0.000000 0.000000 0.000000 0.000000
 68 -38.836468 -1.519707 -0.000050 -3.141593 -1.570796 0.000000
time 38
  0 1.339838 33.369774 32.395119 -0.007600 0.043906 -0.293408
  1 1.389595 0.240384 -31.628191 -0.005424 -0.044227 0.293361
  2 -2.351375 0.928990 0.000000 -0.000003 -1.582546 -1.570791
  3 4.212496 -0.003409 -0.050964 0.406414 0.119747 0.264830
  4 4.761443 -0.003791 -0.000002 -0.000000 0.000000 -0.000000
  5 4.761633 -0.003775 -0.000318 0.083565 0.032047 0.052190
  6 4.761635 -0.003774 -0.000316 0.083565 0.032047 0.052190
  7 4.762262 -0.002027 0.000002 -0.000000 -0.000001 0.383972
  8 2.746989 -0.000000 -0.000002 -0.832119 0.048847 -0.382032
  9 9.156628 0.000002 -0.000001 0.000000 0.000000 0.000000
 10 0.000002 0.002191 -1.281931 -1.402391 1.119235 1.372780
 11 7.285010 -0.000001 -0.000005 -0.081850 -0.432789 -0.093831
 12 12.718713 -0.000000 0.000000 -0.000000 -0.000000 -1.893864
 13 10.221166 0.000000 0.000001 1.668140 -0.011958 -0.083245
 14 1.389920 -0.447518 1.936564 -0.210439 -0.761471 0.314906
 15 1.208678 -0.000002 0.000001 0.000000 0.000000 0.000000
 16 1.208671 -0.000002 -0.000002 0.000000 0.000000 0.000000
 17 1.208673 0.000003 0.000000 0.000000 0.000000 3.141593
 18 3.507809 -0.429744 1.193335 0.022860 -0.225875 -0.088311
 19 1.560287 0.000001 -0.000001 0.000000 0.000000 0.000000
 20 1.560289 0.000000 0.000001 0.000000 0.000000 0.000000
 21 1.560291 -0.000000 0.000002 0.000000 0.000000 3.141593
 22 3.044309 -0.436518 0.176985 0.140338 -0.004885 0.034563
 23 1.820337 0.000002 0.000000 0.000000 0.000000 0.000000
 24 1.820335 -0.000003 0.000002 0.000000 0.000000 0.000000
 25 1.820338 0.000002 -0.000000 0.000000 0.000000 3.141593
 26 3.330763 -0.128977 -0.727984 0.013106 0.174047 0.071026
 27 1.560290 0.000001 0.000001 0.000000 0.000000 0.000000
 28 1.560287 -0.000000 0.000001 0.000000 0.000000 0.000000
 29 1.560289 0.000000 0.000001 0.000000 0.000000 3.141593
 30 3.208161 0.466230 -1.931735 0.024854 0.330715 0.074094
 31 1.300242 0.000000 0.000004 0.000000 0.000000 0.000000
 32 1.300240 0.000001 -0.000002 0.000000 0.000000 0.000000
 33 1.300242 0.000001 -0.000000 0.000000 0.000000 3.141593
 34 0.000004 0.002181 1.281924 0.483484 -1.221946 2.298453
 35 7.285013 -0.000001 -0.000001 0.138248 0.364938 0.796572
 36 12.538439 0.000001 0.000006 -0.000000 0.000000 -1.470400
 37 10.782777 -0.000001 -0.000003 -1.629106 0.038498 -0.004084
 38 1.016389 0.059477 -2.003609 0.348822 0.790160 0.431299
 39 1.107953 0.000005 0.000003 0.000000 0.000000 0.000000
 40 1.107952 -0.000002 -0.000001 0.000000 0.000000 0.000000
 41 1.107952 -0.000002 -0.000001 0.000000 0.000000 0.000000
 42 3.077731 -0.144551 -1.412630 0.003835 0.209388 0.026587
 43 1.560286 0.000000 -0.000002 0.000000 0.000000 0.000000
 44 1.560292 0.000003 0.000001 0.000000 0.000000 0.000000
 45 1.560290 0.000002 -0.000000 0.000000 0.000000 0.000000
 46 2.463501 0.093205 -0.291938 -0.000796 0.000000 -0.000000
 47 1.820339 -0.000001 0.000001 0.000000 0.000000 0.000000
 48 1.820336 0.000000 -0.000001 0.000000 0.000000 0.000000
 49 1.820337 0.000001 -0.000000 0.000000 0.000000 0.000000
 50 3.016625 -0.086193 0.699124 -0.016172 -0.173791 0.088745
 51 1.560291 0.000002 0.000001 0.000000 0.000000 0.000000
 52 1.560287 0.000003 -0.000000 0.000000 0.000000 0.000000
 53 1.560288 0.000004 -0.000001 0.000000 0.000000 0.000000
 54 2.733754 0.442846 1.903232 -0.009342 -0.314026 0.027785
 55 1.300239 -0.000005 0.000000 0.000000 0.000000 0.000000
 56 1.300241 0.000004 0.000000 0.000000 0.000000 0.000000
 57 1.300241 0.000005 0.000000 0.000000 0.000000 0.000000
 58 -4.479272 2.281403 2.503485 0.482578 -2.755932 -0.689863
 59 15.353563 0.000000 0.000001 0.000000 -0.000000 -0.617445
 60 19.266840 0.000001 0.000006 0.103759 -0.029976 0.369479
 61 4.212046 5.420721 -0.000002 -0.000000 -0.000000 1.570796
 62 0.549397 0.000002 -0.000001 0.000000 0.000000 3.141593
 63 -3.604173 -0.593695 -4.176942 0.056144 2.180250 -0.956982
 64 15.353563 -0.000000 -0.000000 0.000000 -0.000000 -1.098321
 65 19.266848 -0.000001 -0.000002 0.067970 -0.168798 0.311639
 66 4.212047 5.420719 -0.000001 -0.000000 0.000000 1.570796
 67 0.549398 0.000000 0.000000 0.000000 0.000000 0.000000
 68 -38.836464 -1.519708 -0.000051 3.141593 -1.570796 0.000000
time 39
  0 1.356898 36.657558 31.545660 -0.003415 0.033554 -0.355714
  1 1.033601 0.105170 -30.792633 -0.008486 -0.032642 0.355795
  2 -2.335049 0.661184 0.000000 -3.141591 -1.536987 1.570796
  3 4.210412 -0.003457 -0.143730 0.365733 0.110549 0.263300
  4 4.761444 -0.003791 0.000002 -0.000000 0.000000 -0.000000
  5 4.761642 -0.003777 -0.000290 0.074426 0.024499 0.053242
  6 4.761635 -0.003776 -0.000280 0.074426 0.024499 0.053242
  7 4.762266 -0.002028 0.000002 -0.000000 -0.000001 0.383972
  8 2.746990 -0.000001 0.000001 -0.858800 0.086249 -0.427812
  9 9.156629 0.000002 -0.000001 0.000000 0.000000 0.000000
 10 0.000003 0.002190 -1.281925 -1.326314 1.143464 1.453578
 11 7.285014 -0.000000 0.000001 -0.001084 -0.364289 -0.086807
 12 12.718713 -0.000001 0.000000 0.000000 0.000000 -1.881290
 13 10.221165 -0.000002 -0.000001 1.671203 -0.015392 -0.082361
 14 1.389921 -0.447519 1.936564 -0.210439 -0.761471 0.314906
 15 1.208678 -0.000001 -0.000001 0.000000 0.000000 0.000000
 16 1.208675 0.000001 0.000000 0.000000 0.000000 0.000000
 17 1.208672 -0.000001 0.000002 0.000000 0.000000 3.141593
 18 3.507809 -0.429744 1.193334 0.022860 -0.225875 -0.088311
 19 1.560292 0.000002 0.000001 0.000000 0.000000 0.000000
 20 1.560289 -0.000000 -0.000001 0.000000 0.000000 0.000000
 21 1.560289 -0.000001 0.000001 0.000000 0.000000 3.141593
 22 3.044312 -0.436517 0.176983 0.140338 -0.004885 0.034563
 23 1.820338 -0.000002 0.000002 0.000000 0.000000 0.000000
 24 1.820338 0.000002 0.000001 0.000000 0.000000 0.000000
 25 1.820336 0.000002 0.000001 0.000000 0.000000 3.141593
 26 3.330764 -0.128978 -0.727983 0.013106 0.174047 0.071026
 27 1.560290 -0.000001 0.000003 0.000000 0.000000 0.000000
 28 1.560290 0.000001 -0.000002 0.000000 0.000000 0.000000
 29 1.560287 0.000001 -0.000004 0.000000 0.000000 3.141593
 30 3.208162 0.466228 -1.931735 0.024854 0.330715 0.074094
 31 1.300240 -0.000000 0.000000 0.000000 0.000000 0.000000
 32 1.300244 -0.000001 0.000001 0.000000 0.000000 0.000000
 33 1.300242 -0.000001 0.000002 0.000000 0.000000 3.141593
 34 0.000001 0.002184 1.281930 0.518246 -1.228906 2.263837
 35 7.285015 0.000000 -0.000001 0.147113 0.407505 0.704421
 36 12.538437 0.000004 0.000001 -0.000000 0.000000 -1.585624
 37 10.782780 0.000000 0.000001 -1.632744 0.035514 0.002366
 38 1.016390 0.059477 -2.003611 0.348822 0.790160 0.431299
 39 1.107952 -0.000000 0.000003 0.000000 0.000000 0.000000
 40 1.107951 -0.000002 -0.000002 0.000000 0.000000 0.000000
 41 1.107954 -0.000000 -0.000001 0.000000 0.000000 0.000000
 42 3.077731 -0.144551 -1.412632 0.003835 0.209388 0.026587
 43 1.560289 0.000004 -0.000000 0.000000 0.000000 0.000000
 44 1.560290 -0.000005 0.000002 0.000000 0.000000 0.000000
 45 1.560290 0.000002 0.000002 0.000000 0.000000 0.000000
 46 2.463502 0.093202 -0.291939 -0.000796 0.000000 -0.000000
 47 1.820335 0.000000 -0.000003 0.000000 0.000000 0.000000
 48 1.820342 0.000000 0.000003 0.000000 0.000000 0.000000
 49 1.820337 -0.000001 -0.000000 0.000000 0.000000 0.000000
 50 3.016627 -0.086197 0.699124 -0.016172 -0.173791 0.088745
 51 1.560290 -0.000004 0.000001 0.000000 0.000000 0.000000
 52 1.560290 -0.000004 0.000000 0.000000 0.000000 0.000000
 53 1.560289 0.000002 0.000001 0.000000 0.000000 0.000000
 54 2.733753 0.442843 1.903231 -0.009342 -0.314026 0.027785
 55 1.300247 -0.000004 0.000003 0.000000 0.000000 0.000000
 56 1.300241 0.000004 -0.000001 0.000000 0.000000 0.000000
 57 1.300242 -0.000002 0.000000 0.000000 0.000000 0.000000
 58 -4.459533 2.219100 2.721088 0.415185 -2.747083 -0.688426
 59 15.353565 0.000001 0.000004 -0.000000 -0.000000 -0.752148
 60 19.266848 -0.000000 0.000001 0.148570 -0.055040 0.569502
 61 4.212046 5.420722 -0.000000 -0.000000 -0.000000 1.570796
 62 0.549398 0.000001 -0.000000 0.000000 0.000000 3.141593
 63 -3.651370 -0.384694 -4.077967 0.061464 2.208470 -1.027992
 64 15.353564 0.000001 0.000002 -0.000000 0.000000 -1.199192
 65 19.266844 -0.000001 -0.000001 0.031007 -0.182124 0.371227
 66 4.212047 5.420720 -0.000000 -0.000000 0.000000 1.570796
 67 0.549397 0.000000 -0.000000 0.000000 0.000000 0.000000
 68 -38.836468 -1.519708 -0.000049 3.141593 -1.570796 0.000000
time 40
  0 1.347568 39.482258 30.220055 -0.000038 0.028690 -0.420844
  1 0.845802 0.001123 -29.472416 -0.011689 -0.026202 0.420997
  2 -2.327516 0.395265 0.000000 0.000000 -1.623019 -1.570795
  3 4.207118 -0.003502 -0.221067 0.326052 0.098213 0.262612
  4 4.761445 -0.003791 -0.000003 0.000000 0.000000 0.000000
  5 4.761647 -0.003779 -0.000247 0.065664 0.017088 0.054283
  6 4.761643 -0.003778 -0.000253 0.065664 0.017088 0.054283
  7 4.762269 -0.002030 -0.000001 -0.000000 -0.000001 0.383972
  8 2.746988 0.000001 0.000002 -0.871036 0.107084 -0.476694
  9 9.156631 0.000002 0.000000 0.000000 0.000000 0.000000
 10 0.000000 0.002192 -1.281925 -1.202647 1.172332 1.582399
 11 7.285011 -0.000001 0.000001 0.125300 -0.291990 -0.082094
 12 12.718712 0.000000 -0.000001 -0.000000 -0.000000 -1.809471
 13 10.221165 -0.000000 0.000001 1.671818 -0.022522 -0.076758
 14 1.389922 -0.447520 1.936563 -0.210439 -0.761471 0.314906
 15 1.208675 -0.000001 0.000001 0.000000 0.000000 0.000000
 16 1.208675 -0.000001 -0.000000 0.000000 0.000000 0.000000
 17 1.208676 0.000000 -0.000000 0.000000 0.000000 3.141593
 18 3.507811 -0.429743 1.193332 0.022860 -0.225875 -0.088311
 19 1.560288 -0.000000 -0.000001 0.000000 0.000000 0.000000
 20 1.560289 -0.000000 -0.000000 0.000000 0.000000 0.000000
 21 1.560290 0.000001 0.000000 0.000000 0.000000 3.141593
 22 3.044312 -0.436517 0.176981 0.140338 -0.004885 0.034563
 23 1.820337 -0.000002 0.000003 0.000000 0.000000 0.000000
 24 1.820338 0.000000 -0.000002 0.000000 0.000000 0.000000
 25 1.820335 0.000000 -0.000002 0.000000 0.000000 3.141593
 26 3.330765 -0.128977 -0.727987 0.013106 0.174047 0.071026
 27 1.560291 -0.000001 0.000000 0.000000 0.000000 0.000000
 28 1.560288 -0.000000 0.000001 0.000000 0.000000 0.000000
 29 1.560289 -0.000000 0.000001 0.000000 0.000000 3.141593
 30 3.208163 0.466229 -1.931738 0.024854 0.330715 0.074094
 31 1.300240 -0.000002 0.000001 0.000000 0.000000 0.000000
 32 1.300241 0.000003 -0.000000 0.000000 0.000000 0.000000
 33 1.300242 -0.000001 0.000001 0.000000 0.000000 3.141593
 34 -0.000001 0.002186 1.281932 0.532048 -1.227284 2.250701
 35 7.285010 0.000002 0.000006 0.164155 0.461661 0.669032
 36 12.538439 -0.000000 -0.000000 -0.000000 -0.000000 -1.628534
 37 10.782781 0.000003 0.000004 -1.630894 0.032061 0.004396
 38 1.016388 0.059481 -2.003611 0.348822 0.790160 0.431299
 39 1.107954 0.000003 -0.000002 0.000000 0.000000 0.000000
 40 1.107951 -0.000004 -0.000001 0.000000 0.000000 0.000000
 41 1.107952 0.000000 0.000000 0.000000 0.000000 0.000000
 42 3.077730 -0.144545 -1.412632 0.003835 0.209388 0.026587
 43 1.560289 -0.000002 0.000002 0.000000 0.000000 0.000000
 44 1.560290 0.000001 -0.000000 0.000000 0.000000 0.000000
 45 1.560289 0.000003 -0.000001 0.000000 0.000000 0.000000
 46 2.463500 0.093210 -0.291939 -0.000796 0.000000 0.000000
 47 1.820338 0.000003 -0.000002 0.000000 0.000000 0.000000
 48 1.820337 0.000001 -0.000000 0.000000 0.000000 0.000000
 49 1.820337 -0.000001 0.000000 0.000000 0.000000 0.000000
 50 3.016626 -0.086191 0.699124 -0.016172 -0.173791 0.088745
 51 1.560285 -0.000003 -0.000002 0.000000 0.000000 0.000000
 52 1.560290 -0.000003 0.000001 0.000000 0.000000 0.000000
 53 1.560290 -0.000003 0.000001 0.000000 0.000000 0.000000
 54 2.733754 0.442849 1.903232 -0.009342 -0.314026 0.027785
 55 1.300243 0.000001 0.000001 0.000000 0.000000 0.000000
 56 1.300239 -0.000000 -0.000002 0.000000 0.000000 0.000000
 57 1.300241 0.000001 -0.000000 0.000000 0.000000 0.000000
 58 -4.423215 2.148252 2.933143 0.361854 -2.739291 -0.699748
 59 15.353567 -0.000000 0.000001 -0.000000 0.000000 -0.869119
 60 19.266846 -0.000000 0.000001 0.197206 -0.087649 0.737653
 61 4.212048 5.420721 -0.000001 -0.000000 0.000000 1.570796
 62 0.549396 -0.000001 -0.000002 0.000000 0.000000 3.141593
 63 -3.704924 -0.186784 -3.972779 0.081397 2.239421 -1.083531
 64 15.353563 0.000001 0.000001 -0.000000 0.000000 -1.291393
 65 19.266846 0.000000 -0.000001 0.001316 -0.191651 0.426422
 66 4.212046 5.420721 0.000000 -0.000000 0.000000 1.570796
 67 0.549397 0.000000 0.000000 0.000000 0.000000 0.000000
 68 -38.836464 -1.519707 -0.000052 -3.141593 -1.570796 0.000000
time 41
  0 1.322675 41.803844 29.546663 0.002240 0.032397 -0.484211
  1 0.933238 -0.064493 -28.795967 -0.017068 -0.027629 0.484484
  2 -2.329858 0.144605 0.000000 0.000000 -1.643249 -1.570796
  3 4.201843 -0.003531 -0.305997 0.292498 0.089478 0.263067
  4 4.761446 -0.003792 -0.000001 0.000000 0.000000 0.000000
  5 4.761652 -0.003780 -0.000221 0.058033 0.010208 0.055306
  6 4.761653 -0.003780 -0.000224 0.058033 0.010208 0.055307
  7 4.762262 -0.002026 -0.000005 -0.000000 -0.000001 0.383972
  8 2.746990 -0.000000 0.000001 -0.856838 0.128300 -0.511264
  9 9.156628 -0.000002 0.000001 0.000000 0.000000 0.000000
 10 0.000003 0.002189 -1.281923 -1.110878 1.191450 1.675926
 11 7.285012 -0.000002 0.000004 0.220999 -0.255006 -0.101192
 12 12.718714 -0.000001 0.000000 -0.000000 -0.000000 -1.751747
 13 10.221163 0.000001 -0.000000 1.671470 -0.027677 -0.072379
 14 1.389919 -0.447518 1.936561 -0.210439 -0.761471 0.314906
 15 1.208673 0.000000 0.000002 0.000000 0.000000 0.000000
 16 1.208675 0.000002 -0.000002 0.000000 0.000000 0.000000
 17 1.208675 -0.000001 -0.000001 0.000000 0.000000 3.141593
 18 3.507809 -0.429742 1.193332 0.022860 -0.225875 -0.088311
 19 1.560289 -0.000001 0.000002 0.000000 0.000000 0.000000
 20 1.560288 0.000001 -0.000004 0.000000 0.000000 0.000000
 21 1.560288 0.000001 -0.000001 0.000000 0.000000 3.141593
 22 3.044310 -0.436517 0.176983 0.140338 -0.004885 0.034563
 23 1.820337 -0.000001 0.000002 0.000000 0.000000 0.000000
 24 1.820339 0.000001 -0.000003 0.000000 0.000000 0.000000
 25 1.820337 0.000002 -0.000000 0.000000 0.000000 3.141593
 26 3.330763 -0.128979 -0.727985 0.013106 0.174047 0.071026
 27 1.560288 -0.000001 -0.000001 0.000000 0.000000 0.000000
 28 1.560290 -0.000000 -0.000001 0.000000 0.000000 0.000000
 29 1.560290 0.000001 -0.000000 0.000000 0.000000 3.141593
 30 3.208161 0.466231 -1.931737 0.024854 0.330715 0.074094
 31 1.300241 -0.000001 -0.000001 0.000000 0.000000 0.000000
 32 1.300241 0.000000 -0.000001 0.000000 0.000000 0.000000
 33 1.300241 0.000001 -0.000001 0.000000 0.000000 3.141593
 34 0.000004 0.002182 1.281929 0.533074 -1.219441 2.250910
 35 7.285014 0.000001 0.000003 0.184199 0.528458 0.637257
 36 12.538440 0.000000 0.000001 -0.000000 0.000000 -1.646000
 37 10.782779 0.000002 0.000002 -1.626730 0.028201 0.004920
 38 1.016390 0.059479 -2.003611 0.348822 0.790160 0.431299
 39 1.107955 0.000002 0.000002 0.000000 0.000000 0.000000
 40 1.107949 -0.000001 0.000000 0.000000 0.000000 0.000000
 41 1.107953 -0.000001 -0.000002 0.000000 0.000000 0.000000
 42 3.077732 -0.144551 -1.412631 0.003835 0.209388 0.026587
 43 1.560288 -0.000001 0.000001 0.000000 0.000000 0.000000
 44 1.560289 0.000001 0.000001 0.000000 0.000000 0.000000
 45 1.560289 0.000003 0.000001 0.000000 0.000000 0.000000
 46 2.463501 0.093205 -0.291939 -0.000796 0.000000 -0.000000
 47 1.820338 0.000004 0.000000 0.000000 0.000000 0.000000
 48 1.820337 0.000004 -0.000000 0.000000 0.000000 0.000000
 49 1.820337 -0.000003 -0.000000 0.000000 0.000000 0.000000
 50 3.016627 -0.086194 0.699124 -0.016172 -0.173791 0.088745
 51 1.560288 0.000002 -0.000002 0.000000 0.000000 0.000000
 52 1.560290 0.000001 0.000000 0.000000 0.000000 0.000000
 53 1.560289 -0.000000 0.000001 0.000000 0.000000 0.000000
 54 2.733754 0.442845 1.903230 -0.009342 -0.314026 0.027785
 55 1.300240 0.000000 -0.000002 0.000000 0.000000 0.000000
 56 1.300241 -0.000001 0.000001 0.000000 0.000000 0.000000
 57 1.300241 -0.000002 0.000001 0.000000 0.000000 0.000000
 58 -4.394778 2.084765 3.121756 0.347876 -2.761170 -0.797380
 59 15.353565 0.000001 0.000001 0.000000 -0.000000 -1.090423
 60 19.266844 -0.000000 0.000004 0.180906 -0.087728 0.803268
 61 4.212047 5.420720 0.000001 -0.000000 -0.000000 1.570796
 62 0.549398 0.000000 0.000001 0.000000 0.000000 3.141593
 63 -3.740190 -0.019011 -3.864350 0.092663 2.276068 -1.121048
 64 15.353562 0.000001 0.000000 -0.000000 -0.000000 -1.345920
 65 19.266846 -0.000000 -0.000000 -0.024873 -0.191668 0.461094
 66 4.212047 5.420720 0.000001 -0.000000 -0.000000 1.570796
 67 0.549398 -0.000000 -0.000000 0.000000 0.000000 0.000000
 68 -38.836464 -1.519708 -0.000050 -3.141593 -1.570796 0.000000
time 42
  0 1.286105 43.742062 29.401209 0.003481 0.043971 -0.538762
  1 1.260039 -0.099698 -28.637821 -0.025560 -0.035951 0.539299
  2 -2.340690 -0.077426 0.000001 -0.000000 -1.663477 -1.570795
  3 4.194844 -0.003550 -0.390819 0.268274 0.084043 0.264489
  4 4.761445 -0.003791 -0.000002 0.000000 0.000000 0.000000
  5 4.761652 -0.003779 -0.000195 0.052288 0.004250 0.056287
  6 4.761656 -0.003780 -0.000201 0.052288 0.004250 0.056287
  7 4.762261 -0.002029 -0.000000 -0.000000 -0.000001 0.383972
  8 2.746989 -0.000002 -0.000001 -0.818116 0.151918 -0.528710
  9 9.156629 0.000002 -0.000002 0.000000 0.000000 0.000000
 10 -0.000001 0.002191 -1.281928 -1.103273 1.207752 1.681203
 11 7.285014 0.000001 -0.000002 0.262813 -0.243567 -0.169392
 12 12.718710 -0.000000 -0.000001 0.000000 -0.000000 -1.737584
 13 10.221163 -0.000001 -0.000000 1.671107 -0.028849 -0.071714
 14 1.389920 -0.447517 1.936560 -0.210439 -0.761471 0.314906
 15 1.208673 0.000000 -0.000001 0.000000 0.000000 0.000000
 16 1.208675 -0.000001 0.000003 0.000000 0.000000 0.000000
 17 1.208674 0.000001 -0.000001 0.000000 0.000000 3.141593
 18 3.507810 -0.429743 1.193330 0.022860 -0.225875 -0.088311
 19 1.560287 -0.000001 0.000001 0.000000 0.000000 0.000000
 20 1.560290 0.000001 0.000001 0.000000 0.000000 0.000000
 21 1.560288 0.000001 0.000002 0.000000 0.000000 3.141593
 22 3.044311 -0.436517 0.176981 0.140338 -0.004885 0.034563
 23 1.820336 0.000001 -0.000003 0.000000 0.000000 0.000000
 24 1.820338 -0.000001 0.000002 0.000000 0.000000 0.000000
 25 1.820338 0.000000 -0.000001 0.000000 0.000000 3.141593
 26 3.330763 -0.128976 -0.727987 0.013106 0.174047 0.071026
 27 1.560289 -0.000001 -0.000000 0.000000 0.000000 0.000000
 28 1.560289 0.000003 -0.000001 0.000000 0.000000 0.000000
 29 1.560289 0.000002 -0.000002 0.000000 0.000000 3.141593
 30 3.208162 0.466229 -1.931738 0.024854 0.330715 0.074094
 31 1.300240 -0.000001 0.000003 0.000000 0.000000 0.000000
 32 1.300241 -0.000000 -0.000003 0.000000 0.000000 0.000000
 33 1.300241 0.000001 0.000000 0.000000 0.000000 3.141593
 34 0.000002 0.002182 1.281925 0.533654 -1.209228 2.251961
 35 7.285013 0.000002 0.000003 0.206276 0.599394 0.600273
 36 12.538439 0.000002 -0.000001 -0.000000 0.000000 -1.642948
 37 10.782780 0.000003 0.000001 -1.621377 0.024415 0.004258
 38 1.016388 0.059480 -2.003609 0.348822 0.790160 0.431299
 39 1.107954 0.000002 0.000000 0.000000 0.000000 0.000000
 40 1.107950 -0.000004 -0.000001 0.000000 0.000000 0.000000
 41 1.107953 -0.000002 -0.000001 0.000000 0.000000 0.000000
 42 3.077730 -0.144548 -1.412631 0.003835 0.209388 0.026587
 43 1.560290 -0.000000 0.000002 0.000000 0.000000 0.000000
 44 1.560288 -0.000001 -0.000000 0.000000 0.000000 0.000000
 45 1.560288 -0.000002 -0.000001 0.000000 0.000000 0.000000
 46 2.463499 0.093206 -0.291938 -0.000796 -0.000000 -0.000000
 47 1.820339 0.000004 -0.000000 0.000000 0.000000 0.000000
 48 1.820337 -0.000006 -0.000001 0.000000 0.000000 0.000000
 49 1.820336 -0.000000 -0.000000 0.000000 0.000000 0.000000
 50 3.016627 -0.086190 0.699125 -0.016172 -0.173791 0.088745
 51 1.560287 -0.000000 -0.000000 0.000000 0.000000 0.000000
 52 1.560290 0.000001 0.000001 0.000000 0.000000 0.000000
 53 1.560290 0.000001 0.000001 0.000000 0.000000 0.000000
 54 2.733753 0.442846 1.903232 -0.009342 -0.314026 0.027785
 55 1.300243 0.000000 0.000002 0.000000 0.000000 0.000000
 56 1.300238 -0.000000 -0.000001 0.000000 0.000000 0.000000
 57 1.300241 0.000001 0.000000 0.000000 0.000000 0.000000
 58 -4.374024 2.041265 3.275442 0.319055 -2.772788 -0.858170
 59 15.353563 0.000001 0.000002 0.000000 0.000000 -1.205512
 60 19.266844 0.000001 -0.000003 0.169142 -0.090136 0.816451
 61 4.212045 5.420720 0.000002 -0.000000 -0.000000 1.570796
 62 0.549397 0.000000 0.000001 0.000000 0.000000 3.141593
 63 -3.759103 0.106406 -3.762900 0.075567 2.332010 -1.136714
 64 15.353564 0.000001 0.000000 0.000000 0.000000 -1.334428
 65 19.266846 -0.000002 -0.000001 -0.039914 -0.160824 0.458574
 66 4.212048 5.420721 0.000000 -0.000000 -0.000000 1.570796
 67 0.549397 -0.000000 0.000000 0.000000 0.000000 0.000000
 68 -38.836464 -1.519708 -0.000049 3.141593 -1.570796 0.000000
time 43
  0 1.210586 45.297150 29.663870 0.003462 0.059439 -0.585225
  1 1.718450 -0.099976 -28.877106 -0.035748 -0.047623 0.586180
  2 -2.343614 -0.237418 -0.000000 -0.000001 -1.681880 -1.570795
  3 4.186956 -0.003541 -0.467968 0.277838 0.084149 0.265083
  4 4.761443 -0.003791 0.000000 0.000000 0.000000 0.000000
  5 4.761662 -0.003781 -0.000201 0.053696 0.000590 0.056831
  6 4.761662 -0.003778 -0.000212 0.053696 0.000590 0.056831
  7 4.762261 -0.002027 -0.000001 -0.000000 -0.000001 0.383972
  8 2.746988 0.000002 0.000001 -0.806891 0.161990 -0.543012
  9 9.156630 -0.000002 0.000001 0.000000 0.000000 0.000000
 10 0.000002 0.002191 -1.281925 -1.140258 1.225010 1.640164
 11 7.285014 -0.000000 -0.000000 0.288304 -0.234185 -0.226260
 12 12.718710 -0.000002 0.000000 0.000000 0.000000 -1.736750
 13 10.221162 0.000001 0.000001 1.670359 -0.028541 -0.072253
 14 1.389921 -0.447518 1.936562 -0.210439 -0.761471 0.314906
 15 1.208677 0.000001 0.000002 0.000000 0.000000 0.000000
 16 1.208671 0.000003 -0.000003 0.000000 0.000000 0.000000
 17 1.208673 -0.000001 -0.000001 0.000000 0.000000 3.141593
 18 3.507810 -0.429743 1.193334 0.022860 -0.225875 -0.088311
 19 1.560291 -0.000001 0.000002 0.000000 0.000000 0.000000
 20 1.560288 0.000003 -0.000000 0.000000 0.000000 0.000000
 21 1.560290 -0.000001 0.000000 0.000000 0.000000 3.141593
 22 3.044310 -0.436516 0.176982 0.140338 -0.004885 0.034563
 23 1.820336 0.000001 0.000003 0.000000 0.000000 0.000000
 24 1.820339 -0.000001 -0.000001 0.000000 0.000000 0.000000
 25 1.820337 -0.000001 -0.000001 0.000000 0.000000 3.141593
 26 3.330764 -0.128977 -0.727986 0.013106 0.174047 0.071026
 27 1.560289 0.000000 -0.000000 0.000000 0.000000 0.000000
 28 1.560289 -0.000001 0.000003 0.000000 0.000000 0.000000
 29 1.560289 0.000001 -0.000002 0.000000 0.000000 3.141593
 30 3.208162 0.466231 -1.931738 0.024854 0.330715 0.074094
 31 1.300241 -0.000001 -0.000001 0.000000 0.000000 0.000000
 32 1.300241 0.000000 -0.000000 0.000000 0.000000 0.000000
 33 1.300241 0.000001 0.000001 0.000000 0.000000 3.141593
 34 0.000003 0.002183 1.281932 0.545192 -1.200441 2.242244
 35 7.285010 -0.000001 0.000002 0.245240 0.660473 0.531914
 36 12.538443 -0.000002 -0.000001 0.000000 0.000000 -1.624303
 37 10.782779 0.000001 -0.000002 -1.615962 0.021184 0.002740
 38 1.016389 0.059479 -2.003608 0.348822 0.790160 0.431299
 39 1.107950 0.000003 0.000000 0.000000 0.000000 0.000000
 40 1.107951 -0.000003 -0.000003 0.000000 0.000000 0.000000
 41 1.107951 0.000001 0.000001 0.000000 0.000000 0.000000
 42 3.077729 -0.144551 -1.412630 0.003835 0.209388 0.026587
 43 1.560290 -0.000001 -0.000000 0.000000 0.000000 0.000000
 44 1.560291 0.000001 0.000002 0.000000 0.000000 0.000000
 45 1.560288 0.000001 -0.000001 0.000000 0.000000 0.000000
 46 2.463500 0.093205 -0.291938 -0.000796 -0.000000 -0.000000
 47 1.820338 0.000001 -0.000000 0.000000 0.000000 0.000000
 48 1.820337 0.000001 0.000000 0.000000 0.000000 0.000000
 49 1.820338 0.000002 0.000002 0.000000 0.000000 0.000000
 50 3.016624 -0.086194 0.699124 -0.016172 -0.173791 0.088745
 51 1.560288 0.000001 -0.000001 0.000000 0.000000 0.000000
 52 1.560292 0.000002 0.000001 0.000000 0.000000 0.000000
 53 1.560290 0.000002 0.000002 0.000000 0.000000 0.000000
 54 2.733752 0.442845 1.903231 -0.009342 -0.314026 0.027785
 55 1.300240 0.000006 -0.000002 0.000000 0.000000 0.000000
 56 1.300244 -0.000001 0.000001 0.000000 0.000000 0.000000
 57 1.300241 -0.000002 -0.000000 0.000000 0.000000 0.000000
 58 -4.372668 2.093961 3.329827 0.302393 -2.803401 -0.898401
 59 15.353565 -0.000001 -0.000001 0.000000 -0.000000 -1.252543
 60 19.266842 0.000000 0.000001 0.157739 -0.098168 0.796610
 61 4.212047 5.420721 0.000002 -0.000000 -0.000000 1.570796
 62 0.549396 -0.000001 0.000001 0.000000 0.000000 3.141593
 63 -3.756968 0.091895 -3.689624 0.061612 2.374732 -1.119516
 64 15.353564 0.000001 0.000001 0.000000 0.000000 -1.271998
 65 19.266844 0.000001 -0.000001 -0.039853 -0.108272 0.430834
 66 4.212047 5.420720 -0.000000 -0.000000 0.000000 1.570796
 67 0.549396 -0.000000 -0.000000 0.000000 0.000000 0.000000
 68 -38.836464 -1.519708 -0.000050 -3.141593 -1.570796 0.000000
time 44
  0 1.068845 46.469345 30.214849 0.002432 0.074858 -0.624334
  1 2.204718 -0.071488 -29.396696 -0.045788 -0.059293 0.625783
  2 -2.326466 -0.340924 0.000001 0.000000 -1.696636 -1.570795
  3 4.179585 -0.003514 -0.529792 0.308109 0.087294 0.263432
  4 4.761445 -0.003791 -0.000002 0.000000 0.000000 0.000000
  5 4.761662 -0.003781 -0.000224 0.059622 -0.001234 0.056764
  6 4.761661 -0.003778 -0.000234 0.059622 -0.001234 0.056764
  7 4.762261 -0.002027 -0.000001 -0.000000 -0.000001 0.383972
  8 2.746985 0.000001 0.000000 -0.816987 0.161224 -0.552951
  9 9.156625 0.000002 -0.000000 0.000000 0.000000 0.000000
 10 -0.000002 0.002192 -1.281927 -1.181894 1.234605 1.595557
 11 7.285013 0.000001 -0.000003 0.301267 -0.235536 -0.238072
 12 12.718713 -0.000001 0.000000 -0.000000 0.000000 -1.733041
 13 10.221163 0.000003 0.000003 1.668820 -0.027855 -0.072444
 14 1.389919 -0.447520 1.936564 -0.210439 -0.761471 0.314906
 15 1.208677 0.000002 0.000001 0.000000 0.000000 0.000000
 16 1.208676 -0.000004 0.000001 0.000000 0.000000 0.000000
 17 1.208675 0.000000 -0.000001 0.000000 0.000000 3.141593
 18 3.507808 -0.429744 1.193334 0.022860 -0.225875 -0.088311
 19 1.560286 0.000000 -0.000001 0.000000 0.000000 0.000000
 20 1.560290 -0.000001 0.000001 0.000000 0.000000 0.000000
 21 1.560288 0.000000 -0.000000 0.000000 0.000000 3.141593
 22 3.044309 -0.436516 0.176983 0.140338 -0.004885 0.034563
 23 1.820338 0.000000 -0.000001 0.000000 0.000000 0.000000
 24 1.820336 0.000001 -0.000000 0.000000 0.000000 0.000000
 25 1.820338 0.000001 -0.000000 0.000000 0.000000 3.141593
 26 3.330762 -0.128976 -0.727985 0.013106 0.174047 0.071026
 27 1.560291 0.000003 0.000000 0.000000 0.000000 0.000000
 28 1.560287 -0.000000 0.000001 0.000000 0.000000 0.000000
 29 1.560288 -0.000002 0.000001 0.000000 0.000000 3.141593
 30 3.208160 0.466229 -1.931736 0.024854 0.330715 0.074094
 31 1.300240 -0.000001 0.000000 0.000000 0.000000 0.000000
 32 1.300242 0.000001 0.000000 0.000000 0.000000 0.000000
 33 1.300242 0.000000 -0.000002 0.000000 0.000000 3.141593
 34 0.000002 0.002181 1.281929 0.578581 -1.196607 2.210582
 35 7.285012 -0.000001 0.000000 0.296672 0.706736 0.446962
 36 12.538442 0.000002 0.000003 0.000000 0.000000 -1.594992
 37 10.782779 -0.000003 -0.000003 -1.611616 0.018985 0.000712
 38 1.016390 0.059478 -2.003611 0.348822 0.790160 0.431299
 39 1.107955 0.000001 0.000002 0.000000 0.000000 0.000000
 40 1.107950 -0.000000 -0.000001 0.000000 0.000000 0.000000
 41 1.107950 -0.000002 -0.000001 0.000000 0.000000 0.000000
 42 3.077732 -0.144550 -1.412631 0.003835 0.209388 0.026587
 43 1.560290 0.000002 -0.000002 0.000000 0.000000 0.000000
 44 1.560289 -0.000003 0.000000 0.000000 0.000000 0.000000
 45 1.560289 0.000000 0.000000 0.000000 0.000000 0.000000
 46 2.463500 0.093204 -0.291941 -0.000796 -0.000000 0.000000
 47 1.820338 -0.000001 0.000001 0.000000 0.000000 0.000000
 48 1.820337 0.000001 -0.000001 0.000000 0.000000 0.000000
 49 1.820339 0.000003 0.000001 0.000000 0.000000 0.000000
 50 3.016627 -0.086195 0.699124 -0.016172 -0.173791 0.088745
 51 1.560291 0.000001 0.000000 0.000000 0.000000 0.000000
 52 1.560289 0.000001 0.000001 0.000000 0.000000 0.000000
 53 1.560289 0.000001 0.000001 0.000000 0.000000 0.000000
 54 2.733756 0.442844 1.903233 -0.009342 -0.314026 0.027785
 55 1.300243 0.000000 0.000001 0.000000 0.000000 0.000000
 56 1.300241 0.000002 -0.000002 0.000000 0.000000 0.000000
 57 1.300240 0.000003 -0.000001 0.000000 0.000000 0.000000
 58 -4.384631 2.200213 3.313549 0.296292 -2.844956 -0.915679
 59 15.353563 0.000002 0.000003 0.000000 0.000000 -1.248587
 60 19.266844 -0.000002 -0.000003 0.144604 -0.116929 0.753569
 61 4.212046 5.420722 -0.000001 -0.000000 -0.000000 1.570796
 62 0.549398 -0.000000 -0.000001 0.000000 0.000000 3.141593
 63 -3.745983 -0.012790 -3.640211 0.082401 2.385658 -1.075796
 64 15.353564 0.000002 -0.000002 0.000000 -0.000000 -1.194772
 65 19.266850 0.000001 0.000002 -0.036939 -0.070920 0.400601
 66 4.212047 5.420722 0.000001 -0.000000 0.000000 1.570796
 67 0.549398 0.000001 -0.000001 0.000000 0.000000 0.000000
 68 -38.836460 -1.519706 -0.000052 -3.141593 -1.570796 0.000000
time 45
  0 0.844103 47.440689 30.934317 0.000956 0.086329 -0.656790
  1 2.603804 -0.028757 -30.086334 -0.053551 -0.067752 0.658646
  2 -2.302872 -0.433954 0.000000 0.000000 -1.705924 -1.570795
  3 4.174490 -0.003516 -0.568572 0.306115 0.085940 0.260834
  4 4.761446 -0.003792 0.000001 0.000000 0.000000 0.000000
  5 4.761658 -0.003778 -0.000223 0.058962 -0.003582 0.056426
  6 4.761657 -0.003779 -0.000221 0.058962 -0.003582 0.056426
  7 4.762265 -0.002028 -0.000001 -0.000000 -0.000001 0.383972
  8 2.746989 0.000001 -0.000002 -0.785689 0.165714 -0.552704
  9 9.156627 -0.000001 0.000001 0.000000 0.000000 0.000000
 10 -0.000003 0.002196 -1.281930 -1.179316 1.229731 1.598871
 11 7.285013 0.000000 -0.000003 0.303566 -0.260194 -0.229006
 12 12.718715 -0.000002 0.000001 -0.000000 -0.000000 -1.710251
 13 10.221164 0.000002 -0.000001 1.666087 -0.027884 -0.070736
 14 1.389920 -0.447519 1.936566 -0.210439 -0.761471 0.314906
 15 1.208677 0.000001 0.000001 0.000000 0.000000 0.000000
 16 1.208670 0.000000 -0.000003 0.000000 0.000000 0.000000
 17 1.208675 0.000000 0.000001 0.000000 0.000000 3.141593
 18 3.507810 -0.429743 1.193334 0.022860 -0.225875 -0.088311
 19 1.560290 -0.000000 -0.000003 0.000000 0.000000 0.000000
 20 1.560287 -0.000003 0.000003 0.000000 0.000000 0.000000
 21 1.560287 -0.000000 -0.000002 0.000000 0.000000 3.141593
 22 3.044310 -0.436516 0.176984 0.140338 -0.004885 0.034563
 23 1.820335 0.000001 -0.000001 0.000000 0.000000 0.000000
 24 1.820338 -0.000000 0.000001 0.000000 0.000000 0.000000
 25 1.820338 -0.000002 0.000001 0.000000 0.000000 3.141593
 26 3.330763 -0.128978 -0.727983 0.013106 0.174047 0.071026
 27 1.560289 0.000002 0.000000 0.000000 0.000000 0.000000
 28 1.560288 -0.000003 -0.000000 0.000000 0.000000 0.000000
 29 1.560290 -0.000001 0.000001 0.000000 0.000000 3.141593
 30 3.208162 0.466229 -1.931736 0.024854 0.330715 0.074094
 31 1.300241 -0.000001 -0.000001 0.000000 0.000000 0.000000
 32 1.300241 -0.000000 -0.000001 0.000000 0.000000 0.000000
 33 1.300241 -0.000000 0.000000 0.000000 0.000000 3.141593
 34 0.000002 0.002184 1.281926 0.663961 -1.191764 2.128249
 35 7.285012 -0.000000 -0.000003 0.349304 0.735364 0.438855
 36 12.538444 -0.000000 0.000001 0.000000 0.000000 -1.523114
 37 10.782777 -0.000003 0.000000 -1.607352 0.018309 -0.003800
 38 1.016387 0.059477 -2.003610 0.348822 0.790160 0.431299
 39 1.107952 0.000003 0.000002 0.000000 0.000000 0.000000
 40 1.107952 -0.000002 -0.000001 0.000000 0.000000 0.000000
 41 1.107952 -0.000003 -0.000001 0.000000 0.000000 0.000000
 42 3.077729 -0.144552 -1.412631 0.003835 0.209388 0.026587
 43 1.560290 0.000001 0.000000 0.000000 0.000000 0.000000
 44 1.560290 0.000001 0.000000 0.000000 0.000000 0.000000
 45 1.560289 0.000002 0.000000 0.000000 0.000000 0.000000
 46 2.463500 0.093205 -0.291939 -0.000796 0.000000 0.000000
 47 1.820337 -0.000003 0.000001 0.000000 0.000000 0.000000
 48 1.820337 0.000003 -0.000001 0.000000 0.000000 0.000000
 49 1.820338 0.000000 -0.000000 0.000000 0.000000 0.000000
 50 3.016625 -0.086195 0.699124 -0.016172 -0.173791 0.088745
 51 1.560292 0.000003 0.000001 0.000000 0.000000 0.000000
 52 1.560287 -0.000003 0.000001 0.000000 0.000000 0.000000
 53 1.560287 0.000001 -0.000002 0.000000 0.000000 0.000000
 54 2.733755 0.442845 1.903232 -0.009342 -0.314026 0.027785
 55 1.300242 -0.000001 0.000001 0.000000 0.000000 0.000000
 56 1.300242 -0.000001 0.000001 0.000000 0.000000 0.000000
 57 1.300242 -0.000001 -0.000001 0.000000 0.000000 0.000000
 58 -4.380685 2.195839 3.364157 0.269358 -2.859981 -0.910467
 59 15.353564 0.000001 0.000004 0.000000 0.000000 -1.226602
 60 19.266848 -0.000001 -0.000003 0.115777 -0.083889 0.751156
 61 4.212046 5.420721 0.000002 -0.000000 -0.000000 1.570796
 62 0.549398 0.000001 0.000002 0.000000 0.000000 3.141593
 63 -3.751916 -0.003552 -3.594820 0.134473 2.404438 -1.010598
 64 15.353562 0.000001 -0.000002 0.000000 -0.000000 -1.093768
 65 19.266848 0.000001 0.000001 -0.036967 -0.059914 0.366870
 66 4.212047 5.420719 0.000000 -0.000000 0.000000 1.570796
 67 0.549397 -0.000000 0.000000 0.000000 0.000000 0.000000
 68 -38.836464 -1.519707 -0.000048 -3.141593 -1.570796 0.000000
time 46
  0 0.558741 48.357693 31.702469 -0.000213 0.089992 -0.683247
  1 2.783012 0.006575 -30.841654 -0.056740 -0.069888 0.685222
  2 -2.303258 -0.556720 0.000001 0.000000 -1.707919 -1.570795
  3 4.173383 -0.003553 -0.576754 0.265083 0.073723 0.260675
  4 4.761445 -0.003790 -0.000001 0.000000 0.000000 0.000000
  5 4.761662 -0.003778 -0.000194 0.050368 -0.007485 0.056574
  6 4.761662 -0.003779 -0.000191 0.050367 -0.007485 0.056574
  7 4.762263 -0.002028 -0.000001 -0.000000 -0.000001 0.383972
  8 2.746989 -0.000002 0.000001 -0.716040 0.181878 -0.549049
  9 9.156628 -0.000002 0.000000 0.000000 0.000000 0.000000
 10 0.000001 0.002190 -1.281927 -1.113895 1.202295 1.671019
 11 7.285013 -0.000001 0.000001 0.289827 -0.322702 -0.195161
 12 12.718711 -0.000001 0.000001 -0.000000 0.000000 -1.674996
 13 10.221164 -0.000000 0.000001 1.662186 -0.028492 -0.066801
 14 1.389921 -0.447518 1.936564 -0.210439 -0.761471 0.314906
 15 1.208675 -0.000000 0.000001 0.000000 0.000000 0.000000
 16 1.208673 -0.000001 0.000001 0.000000 0.000000 0.000000
 17 1.208675 0.000000 0.000001 0.000000 0.000000 3.141593
 18 3.507809 -0.429742 1.193334 0.022860 -0.225875 -0.088311
 19 1.560291 -0.000000 0.000001 0.000000 0.000000 0.000000
 20 1.560287 0.000001 -0.000002 0.000000 0.000000 0.000000
 21 1.560288 -0.000001 -0.000002 0.000000 0.000000 3.141593
 22 3.044310 -0.436517 0.176985 0.140338 -0.004885 0.034563
 23 1.820338 -0.000003 0.000002 0.000000 0.000000 0.000000
 24 1.820337 0.000001 -0.000002 0.000000 0.000000 0.000000
 25 1.820337 0.000001 0.000001 0.000000 0.000000 3.141593
 26 3.330763 -0.128978 -0.727982 0.013106 0.174047 0.071026
 27 1.560288 -0.000000 0.000000 0.000000 0.000000 0.000000
 28 1.560290 0.000001 0.000001 0.000000 0.000000 0.000000
 29 1.560290 -0.000001 0.000000 0.000000 0.000000 3.141593
 30 3.208161 0.466228 -1.931734 0.024854 0.330715 0.074094
 31 1.300241 0.000002 -0.000002 0.000000 0.000000 0.000000
 32 1.300242 -0.000002 0.000002 0.000000 0.000000 0.000000
 33 1.300240 -0.000001 -0.000001 0.000000 0.000000 3.141593
 34 0.000001 0.002182 1.281930 0.785498 -1.182009 2.010068
 35 7.285012 -0.000000 0.000000 0.386462 0.750582 0.495883
 36 12.538438 0.000000 -0.000002 0.000000 -0.000000 -1.410787
 37 10.782779 0.000005 0.000004 -1.602869 0.018964 -0.010622
 38 1.016388 0.059479 -2.003612 0.348822 0.790160 0.431299
 39 1.107954 -0.000002 -0.000000 0.000000 0.000000 0.000000
 40 1.107947 -0.000003 0.000001 0.000000 0.000000 0.000000
 41 1.107952 0.000002 0.000000 0.000000 0.000000 0.000000
 42 3.077731 -0.144550 -1.412630 0.003835 0.209388 0.026587
 43 1.560289 0.000001 -0.000002 0.000000 0.000000 0.000000
 44 1.560292 0.000001 0.000003 0.000000 0.000000 0.000000
 45 1.560288 -0.000000 0.000001 0.000000 0.000000 0.000000
 46 2.463501 0.093204 -0.291938 -0.000796 -0.000000 0.000000
 47 1.820339 -0.000001 0.000001 0.000000 0.000000 0.000000
 48 1.820339 0.000001 -0.000002 0.000000 0.000000 0.000000
 49 1.820337 0.000001 -0.000000 0.000000 0.000000 0.000000
 50 3.016626 -0.086193 0.699124 -0.016172 -0.173791 0.088745
 51 1.560292 -0.000000 0.000001 0.000000 0.000000 0.000000
 52 1.560290 0.000000 0.000001 0.000000 0.000000 0.000000
 53 1.560289 0.000001 0.000001 0.000000 0.000000 0.000000
 54 2.733756 0.442845 1.903233 -0.009342 -0.314026 0.027785
 55 1.300242 -0.000000 0.000000 0.000000 0.000000 0.000000
 56 1.300241 0.000002 -0.000002 0.000000 0.000000 0.000000
 57 1.300241 0.000002 0.000001 0.000000 0.000000 0.000000
 58 -4.332784 2.071233 3.510937 0.224782 -2.838645 -0.896282
 59 15.353564 0.000000 0.000003 -0.000000 0.000000 -1.191439
 60 19.266848 -0.000000 -0.000002 0.092342 -0.055668 0.741099
 61 4.212047 5.420721 0.000002 -0.000000 0.000000 1.570796
 62 0.549396 0.000000 0.000000 0.000000 0.000000 3.141593
 63 -3.793221 0.157279 -3.539288 0.187154 2.450260 -0.948459
 64 15.353562 0.000000 0.000000 -0.000000 -0.000000 -0.977967
 65 19.266848 0.000002 -0.000001 -0.036535 -0.060686 0.327897
 66 4.212047 5.420721 0.000000 -0.000000 0.000000 1.570796
 67 0.549398 -0.000000 0.000000 0.000000 0.000000 0.000000
 68 -38.836464 -1.519707 -0.000051 -3.141593 -1.570796 0.000000
time 47
  0 0.244234 49.167324 32.399490 -0.000151 0.084274 -0.692097
  1 2.665302 0.004754 -31.551611 -0.053739 -0.064949 0.693837
  2 -2.334424 -0.702461 0.000001 0.000000 -1.700803 -1.570795
  3 4.177433 -0.003588 -0.546854 0.214078 0.049954 0.263884
  4 4.761442 -0.003789 -0.000002 -0.000000 -0.000000 0.000000
  5 4.761665 -0.003781 -0.000158 0.040114 -0.012083 0.057395
  6 4.761665 -0.003783 -0.000149 0.040114 -0.012083 0.057396
  7 4.762261 -0.002028 0.000001 -0.000000 -0.000001 0.383972
  8 2.746989 -0.000001 -0.000001 -0.658911 0.208767 -0.543730
  9 9.156625 -0.000001 0.000001 0.000000 0.000000 0.000000
 10 0.000003 0.002190 -1.281929 -1.031247 1.155660 1.765490
 11 7.285015 -0.000002 0.000003 0.257492 -0.411564 -0.118940
 12 12.718716 -0.000002 0.000002 0.000000 0.000000 -1.632275
 13 10.221163 -0.000001 -0.000002 1.657286 -0.029218 -0.061434
 14 1.389921 -0.447518 1.936563 -0.210439 -0.761471 0.314906
 15 1.208674 0.000000 0.000002 0.000000 0.000000 0.000000
 16 1.208673 -0.000002 0.000001 0.000000 0.000000 0.000000
 17 1.208675 -0.000001 0.000001 0.000000 0.000000 3.141593
 18 3.507809 -0.429743 1.193333 0.022860 -0.225875 -0.088311
 19 1.560289 -0.000001 0.000003 0.000000 0.000000 0.000000
 20 1.560289 -0.000000 -0.000003 0.000000 0.000000 0.000000
 21 1.560288 -0.000000 -0.000000 0.000000 0.000000 3.141593
 22 3.044309 -0.436517 0.176985 0.140338 -0.004885 0.034563
 23 1.820337 0.000002 -0.000001 0.000000 0.000000 0.000000
 24 1.820339 -0.000001 -0.000000 0.000000 0.000000 0.000000
 25 1.820337 -0.000000 0.000001 0.000000 0.000000 3.141593
 26 3.330762 -0.128979 -0.727983 0.013106 0.174047 0.071026
 27 1.560289 -0.000002 0.000002 0.000000 0.000000 0.000000
 28 1.560289 0.000001 -0.000003 0.000000 0.000000 0.000000
 29 1.560289 0.000001 0.000000 0.000000 0.000000 3.141593
 30 3.208161 0.466230 -1.931737 0.024854 0.330715 0.074094
 31 1.300240 -0.000002 -0.000000 0.000000 0.000000 0.000000
 32 1.300243 0.000000 -0.000001 0.000000 0.000000 0.000000
 33 1.300242 0.000000 -0.000002 0.000000 0.000000 3.141593
 34 0.000004 0.002182 1.281925 0.896344 -1.178283 1.899358
 35 7.285012 0.000001 0.000001 0.373995 0.765481 0.497281
 36 12.538439 0.000000 -0.000003 -0.000000 -0.000000 -1.313964
 37 10.782776 0.000005 0.000003 -1.600327 0.020356 -0.016188
 38 1.016391 0.059479 -2.003611 0.348822 0.790160 0.431299
 39 1.107951 -0.000002 0.000003 0.000000 0.000000 0.000000
 40 1.107952 0.000001 -0.000003 0.000000 0.000000 0.000000
 41 1.107952 0.000001 -0.000002 0.000000 0.000000 0.000000
 42 3.077733 -0.144550 -1.412632 0.003835 0.209388 0.026587
 43 1.560290 0.000000 0.000002 0.000000 0.000000 0.000000
 44 1.560288 0.000001 -0.000001 0.000000 0.000000 0.000000
 45 1.560291 0.000002 -0.000001 0.000000 0.000000 0.000000
 46 2.463500 0.093203 -0.291938 -0.000796 -0.000000 -0.000000
 47 1.820338 -0.000001 0.000001 0.000000 0.000000 0.000000
 48 1.820335 -0.000003 0.000003 0.000000 0.000000 0.000000
 49 1.820337 0.000001 -0.000002 0.000000 0.000000 0.000000
 50 3.016628 -0.086195 0.699124 -0.016172 -0.173791 0.088745
 51 1.560291 0.000004 -0.000002 0.000000 0.000000 0.000000
 52 1.560288 -0.000001 0.000001 0.000000 0.000000 0.000000
 53 1.560288 -0.000002 0.000000 0.000000 0.000000 0.000000
 54 2.733756 0.442845 1.903232 -0.009342 -0.314026 0.027785
 55 1.300240 -0.000002 0.000001 0.000000 0.000000 0.000000
 56 1.300242 -0.000001 -0.000000 0.000000 0.000000 0.000000
 57 1.300241 -0.000000 -0.000002 0.000000 0.000000 0.000000
 58 -4.237058 1.918536 3.679331 0.185591 -2.804868 -0.883916
 59 15.353567 -0.000000 0.000005 0.000000 0.000000 -1.151885
 60 19.266846 -0.000001 -0.000000 0.083225 -0.036709 0.726052
 61 4.212047 5.420719 -0.000001 -0.000000 0.000000 1.570796
 62 0.549398 0.000001 0.000000 0.000000 0.000000 3.141593
 63 -3.871274 0.364231 -3.469825 0.230378 2.497119 -0.924623
 64 15.353563 -0.000001 -0.000001 0.000000 -0.000000 -0.910456
 65 19.266846 0.000001 -0.000001 -0.036623 -0.067850 0.299679
 66 4.212046 5.420718 0.000000 -0.000000 0.000000 1.570796
 67 0.549399 -0.000000 -0.000000 0.000000 0.000000 0.000000
 68 -38.836464 -1.519707 -0.000051 3.141593 -1.570796 0.000000
time 48
  0 -0.067947 49.816551 32.905567 0.000772 0.071556 -0.681303
  1 2.299987 -0.024759 -32.087730 -0.045712 -0.055076 0.682590
  2 -2.379840 -0.849924 -0.000002 0.000000 -1.682749 -1.570795
  3 4.186670 -0.003613 -0.471152 0.153933 0.015301 0.268721
  4 4.761442 -0.003792 0.000002 -0.000000 -0.000000 0.000000
  5 4.761669 -0.003781 -0.000116 0.028533 -0.016917 0.058398
  6 4.761665 -0.003785 -0.000106 0.028533 -0.016917 0.058398
  7 4.762263 -0.002026 -0.000003 -0.000000 -0.000001 0.383972
  8 2.746989 -0.000001 0.000002 -0.607006 0.241402 -0.531099
  9 9.156628 -0.000004 -0.000000 0.000000 0.000000 0.000000
 10 0.000001 0.002190 -1.281924 -0.963934 1.102947 1.847113
 11 7.285012 -0.000001 -0.000001 0.214764 -0.499528 -0.004865
 12 12.718709 0.000001 0.000003 0.000000 0.000000 -1.563450
 13 10.221164 0.000000 -0.000003 1.651184 -0.030662 -0.054763
 14 1.389921 -0.447519 1.936563 -0.210439 -0.761471 0.314906
 15 1.208675 0.000003 -0.000003 0.000000 0.000000 0.000000
 16 1.208674 -0.000003 0.000000 0.000000 0.000000 0.000000
 17 1.208677 0.000000 0.000002 0.000000 0.000000 3.141593
 18 3.507810 -0.429743 1.193333 0.022860 -0.225875 -0.088311
 19 1.560289 0.000000 0.000000 0.000000 0.000000 0.000000
 20 1.560289 0.000001 -0.000003 0.000000 0.000000 0.000000
 21 1.560289 -0.000001 0.000002 0.000000 0.000000 3.141593
 22 3.044311 -0.436517 0.176982 0.140338 -0.004885 0.034563
 23 1.820339 -0.000000 -0.000001 0.000000 0.000000 0.000000
 24 1.820337 -0.000000 0.000001 0.000000 0.000000 0.000000
 25 1.820337 -0.000001 0.000003 0.000000 0.000000 3.141593
 26 3.330763 -0.128978 -0.727985 0.013106 0.174047 0.071026
 27 1.560288 -0.000001 -0.000000 0.000000 0.000000 0.000000
 28 1.560290 -0.000001 -0.000002 0.000000 0.000000 0.000000
 29 1.560290 0.000001 0.000001 0.000000 0.000000 3.141593
 30 3.208162 0.466229 -1.931736 0.024854 0.330715 0.074094
 31 1.300241 -0.000000 0.000000 0.000000 0.000000 0.000000
 32 1.300241 -0.000000 0.000000 0.000000 0.000000 0.000000
 33 1.300242 -0.000000 0.000001 0.000000 0.000000 3.141593
 34 0.000003 0.002182 1.281928 0.966202 -1.198156 1.824270
 35 7.285014 -0.000001 -0.000001 0.255412 0.786210 0.346139
 36 12.538442 0.000000 0.000000 0.000000 -0.000000 -1.288595
 37 10.782777 -0.000001 0.000000 -1.601870 0.021852 -0.016942
 38 1.016392 0.059479 -2.003610 0.348822 0.790160 0.431299
 39 1.107950 0.000001 -0.000000 0.000000 0.000000 0.000000
 40 1.107956 0.000001 -0.000004 0.000000 0.000000 0.000000
 41 1.107951 0.000001 0.000001 0.000000 0.000000 0.000000
 42 3.077731 -0.144550 -1.412632 0.003835 0.209388 0.026587
 43 1.560288 0.000001 0.000001 0.000000 0.000000 0.000000
 44 1.560292 0.000003 -0.000002 0.000000 0.000000 0.000000
 45 1.560289 -0.000001 0.000001 0.000000 0.000000 0.000000
 46 2.463502 0.093206 -0.291940 -0.000796 -0.000000 0.000000
 47 1.820340 0.000001 -0.000001 0.000000 0.000000 0.000000
 48 1.820339 0.000001 0.000003 0.000000 0.000000 0.000000
 49 1.820336 0.000000 0.000000 0.000000 0.000000 0.000000
 50 3.016629 -0.086193 0.699126 -0.016172 -0.173791 0.088745
 51 1.560290 0.000001 -0.000003 0.000000 0.000000 0.000000
 52 1.560288 0.000000 0.000002 0.000000 0.000000 0.000000
 53 1.560290 -0.000001 0.000001 0.000000 0.000000 0.000000
 54 2.733758 0.442846 1.903232 -0.009342 -0.314026 0.027785
 55 1.300243 0.000002 -0.000000 0.000000 0.000000 0.000000
 56 1.300240 0.000001 -0.000001 0.000000 0.000000 0.000000
 57 1.300241 0.000001 -0.000001 0.000000 0.000000 0.000000
 58 -4.098231 1.726135 3.852468 0.162635 -2.765493 -0.872727
 59 15.353568 -0.000000 0.000002 -0.000000 0.000000 -1.115144
 60 19.266844 0.000000 0.000004 0.078850 -0.043120 0.708865
 61 4.212046 5.420721 0.000003 -0.000000 -0.000000 1.570796
 62 0.549398 -0.000000 -0.000001 0.000000 0.000000 3.141593
 63 -3.986146 0.603096 -3.385369 0.255096 2.536699 -0.955443
 64 15.353562 -0.000002 -0.000000 -0.000000 0.000000 -0.911731
 65 19.266846 0.000000 0.000000 -0.038477 -0.079947 0.284727
 66 4.212047 5.420720 0.000000 -0.000000 0.000000 1.570796
 67 0.549398 0.000000 -0.000001 0.000000 0.000000 0.000000
 68 -38.836464 -1.519708 -0.000050 -3.141593 -1.570796 0.000000
time 49
  0 -0.346327 50.252323 33.100883 0.001432 0.053919 -0.665845
  1 1.744247 -0.046266 -32.318310 -0.034453 -0.041508 0.666599
  2 -2.420799 -0.980143 0.000000 0.000000 -1.655530 -1.570794
  3 4.197966 -0.003636 -0.356804 0.086486 -0.026321 0.273291
  4 4.761445 -0.003794 0.000001 0.000000 0.000000 0.000000
  5 4.761672 -0.003783 -0.000067 0.015963 -0.021539 0.059076
  6 4.761665 -0.003785 -0.000055 0.015963 -0.021539 0.059076
  7 4.762266 -0.002028 -0.000003 -0.000000 -0.000001 0.383972
  8 2.746988 0.000002 -0.000001 -0.548458 0.267672 -0.516156
  9 9.156630 0.000001 -0.000001 0.000000 0.000000 0.000000
 10 0.000003 0.002190 -1.281930 -0.922419 1.059847 1.901210
 11 7.285016 -0.000002 0.000005 0.177940 -0.563162 0.134554
 12 12.718712 0.000002 -0.000002 0.000000 -0.000000 -1.449888
 13 10.221163 0.000000 0.000003 1.643666 -0.033416 -0.046905
 14 1.389921 -0.447519 1.936562 -0.210439 -0.761471 0.314906
 15 1.208674 -0.000002 0.000004 0.000000 0.000000 0.000000
 16 1.208675 0.000000 -0.000001 0.000000 0.000000 0.000000
 17 1.208674 0.000000 -0.000002 0.000000 0.000000 3.141593
 18 3.507811 -0.429743 1.193331 0.022860 -0.225875 -0.088311
 19 1.560289 -0.000000 0.000004 0.000000 0.000000 0.000000
 20 1.560290 0.000000 -0.000002 0.000000 0.000000 0.000000
 21 1.560290 0.000000 -0.000003 0.000000 0.000000 3.141593
 22 3.044310 -0.436516 0.176982 0.140338 -0.004885 0.034563
 23 1.820339 0.000002 -0.000000 0.000000 0.000000 0.000000
 24 1.820336 -0.000001 0.000001 0.000000 0.000000 0.000000
 25 1.820336 -0.000001 0.000001 0.000000 0.000000 3.141593
 26 3.330763 -0.128977 -0.727985 0.013106 0.174047 0.071026
 27 1.560290 0.000000 0.000000 0.000000 0.000000 0.000000
 28 1.560290 0.000001 -0.000000 0.000000 0.000000 0.000000
 29 1.560290 0.000001 -0.000001 0.000000 0.000000 3.141593
 30 3.208162 0.466232 -1.931739 0.024854 0.330715 0.074094
 31 1.300241 -0.000000 0.000001 0.000000 0.000000 0.000000
 32 1.300242 -0.000000 0.000001 0.000000 0.000000 0.000000
 33 1.300240 -0.000001 0.000001 0.000000 0.000000 3.141593
 34 0.000000 0.002185 1.281927 0.985308 -1.254965 1.795103
 35 7.285012 0.000000 -0.000000 0.003356 0.781969 -0.029491
 36 12.538440 0.000002 0.000002 0.000000 -0.000000 -1.366085
 37 10.782779 0.000001 0.000002 -1.609612 0.023654 -0.010824
 38 1.016388 0.059479 -2.003609 0.348822 0.790160 0.431299
 39 1.107954 -0.000001 -0.000002 0.000000 0.000000 0.000000
 40 1.107947 -0.000002 0.000001 0.000000 0.000000 0.000000
 41 1.107952 0.000001 0.000001 0.000000 0.000000 0.000000
 42 3.077731 -0.144550 -1.412630 0.003835 0.209388 0.026587
 43 1.560287 0.000000 -0.000000 0.000000 0.000000 0.000000
 44 1.560289 -0.000001 -0.000000 0.000000 0.000000 0.000000
 45 1.560291 -0.000001 -0.000000 0.000000 0.000000 0.000000
 46 2.463500 0.093206 -0.291939 -0.000796 -0.000000 0.000000
 47 1.820335 -0.000001 0.000002 0.000000 0.000000 0.000000
 48 1.820338 -0.000001 -0.000001 0.000000 0.000000 0.000000
 49 1.820338 -0.000001 0.000001 0.000000 0.000000 0.000000
 50 3.016624 -0.086194 0.699123 -0.016172 -0.173791 0.088745
 51 1.560289 0.000002 -0.000000 0.000000 0.000000 0.000000
 52 1.560294 0.000001 0.000002 0.000000 0.000000 0.000000
 53 1.560287 0.000001 -0.000001 0.000000 0.000000 0.000000
 54 2.733752 0.442844 1.903231 -0.009342 -0.314026 0.027785
 55 1.300243 0.000004 0.000001 0.000000 0.000000 0.000000
 56 1.300239 -0.000002 0.000002 0.000000 0.000000 0.000000
 57 1.300241 0.000001 -0.000001 0.000000 0.000000 0.000000
 58 -3.934005 1.488557 4.010825 0.145477 -2.718679 -0.860560
 59 15.353566 -0.000000 0.000000 -0.000000 0.000000 -1.097556
 60 19.266848 -0.000001 -0.000001 0.073446 -0.058349 0.705411
 61 4.212046 5.420722 0.000000 -0.000000 0.000000 1.570796
 62 0.549398 0.000000 0.000000 0.000000 0.000000 3.141593
 63 -4.126781 0.856013 -3.284568 0.277694 2.570918 -1.008098
 64 15.353560 -0.000001 -0.000002 -0.000000 -0.000000 -0.946857
 65 19.266844 -0.000002 0.000000 -0.040112 -0.099144 0.276262
 66 4.212047 5.420720 -0.000000 -0.000000 0.000000 1.570796
 67 0.549397 0.000000 -0.000000 0.000000 0.000000 0.000000
 68 -38.836460 -1.519707 -0.000052 3.141593 -1.570796 0.000000
time 50
  0 -0.559434 50.421608 33.150284 0.001120 0.033481 -0.660641
  1 1.085093 -0.036268 -32.396591 -0.021434 -0.025748 0.660936
  2 -2.436170 -1.077401 -0.000001 0.000001 -1.622624 -1.570795
  3 4.207425 -0.003645 -0.218257 0.014362 -0.069718 0.275308
  4 4.761444 -0.003793 0.000004 -0.000000 -0.000000 0.000000
  5 4.761670 -0.003783 -0.000016 0.002748 -0.025514 0.058911
  6 4.761666 -0.003785 -0.000013 0.002748 -0.025514 0.058911
  7 4.762263 -0.002028 0.000002 -0.000000 -0.000001 0.383972
  8 2.746988 0.000001 0.000000 -0.473142 0.277573 -0.507333
  9 9.156624 -0.000001 0.000002 0.000000 0.000000 0.000000
 10 -0.000001 0.002192 -1.281928 -0.893510 1.014688 1.944136
 11 7.285015 0.000000 -0.000000 0.165764 -0.603619 0.361361
 12 12.718712 -0.000000 0.000000 -0.000000 -0.000000 -1.205652
 13 10.221163 -0.000001 0.000003 1.631637 -0.040309 -0.034390
 14 1.389922 -0.447517 1.936563 -0.210439 -0.761471 0.314906
 15 1.208675 0.000000 -0.000001 0.000000 0.000000 0.000000
 16 1.208674 -0.000000 -0.000002 0.000000 0.000000 0.000000
 17 1.208675 -0.000000 -0.000002 0.000000 0.000000 3.141593
 18 3.507812 -0.429742 1.193333 0.022860 -0.225875 -0.088311
 19 1.560290 0.000000 -0.000002 0.000000 0.000000 0.000000
 20 1.560286 -0.000001 0.000001 0.000000 0.000000 0.000000
 21 1.560287 -0.000001 0.000002 0.000000 0.000000 3.141593
 22 3.044312 -0.436516 0.176983 0.140338 -0.004885 0.034563
 23 1.820337 -0.000002 0.000001 0.000000 0.000000 0.000000
 24 1.820339 0.000001 0.000000 0.000000 0.000000 0.000000
 25 1.820338 0.000001 -0.000001 0.000000 0.000000 3.141593
 26 3.330763 -0.128979 -0.727984 0.013106 0.174047 0.071026
 27 1.560288 -0.000002 0.000001 0.000000 0.000000 0.000000
 28 1.560290 0.000002 -0.000000 0.000000 0.000000 0.000000
 29 1.560288 0.000000 -0.000000 0.000000 0.000000 3.141593
 30 3.208162 0.466230 -1.931736 0.024854 0.330715 0.074094
 31 1.300242 -0.000001 0.000000 0.000000 0.000000 0.000000
 32 1.300239 0.000001 0.000000 0.000000 0.000000 0.000000
 33 1.300241 0.000001 -0.000000 0.000000 0.000000 3.141593
 34 0.000001 0.002184 1.281928 0.969963 -1.337871 1.799689
 35 7.285013 0.000001 0.000002 -0.289585 0.677690 -0.509303
 36 12.538444 0.000001 -0.000003 -0.000000 0.000000 -1.508952
 37 10.782776 -0.000003 0.000003 -1.621859 0.026106 -0.000282
 38 1.016387 0.059478 -2.003611 0.348822 0.790160 0.431299
 39 1.107953 0.000001 0.000002 0.000000 0.000000 0.000000
 40 1.107953 -0.000000 -0.000005 0.000000 0.000000 0.000000
 41 1.107951 0.000000 -0.000002 0.000000 0.000000 0.000000
 42 3.077729 -0.144551 -1.412630 0.003835 0.209388 0.026587
 43 1.560292 0.000000 0.000000 0.000000 0.000000 0.000000
 44 1.560287 0.000000 0.000001 0.000000 0.000000 0.000000
 45 1.560287 0.000000 -0.000000 0.000000 0.000000 0.000000
 46 2.463500 0.093205 -0.291939 -0.000796 0.000000 -0.000000
 47 1.820335 -0.000001 -0.000002 0.000000 0.000000 0.000000
 48 1.820341 0.000002 0.000004 0.000000 0.000000 0.000000
 49 1.820339 0.000002 0.000002 0.000000 0.000000 0.000000
 50 3.016626 -0.086193 0.699125 -0.016172 -0.173791 0.088745
 51 1.560291 0.000002 -0.000000 0.000000 0.000000 0.000000
 52 1.560288 -0.000001 0.000001 0.000000 0.000000 0.000000
 53 1.560289 -0.000001 0.000001 0.000000 0.000000 0.000000
 54 2.733752 0.442845 1.903234 -0.009342 -0.314026 0.027785
 55 1.300241 -0.000001 -0.000000 0.000000 0.000000 0.000000
 56 1.300242 -0.000001 -0.000000 0.000000 0.000000 0.000000
 57 1.300241 0.000001 0.000003 0.000000 0.000000 0.000000
 58 -3.767806 1.206805 4.136568 0.100237 -2.651700 -0.829552
 59 15.353567 -0.000001 0.000004 -0.000000 0.000000 -1.084230
 60 19.266846 -0.000001 -0.000001 0.083212 -0.080316 0.707587
 61 4.212047 5.420720 0.000001 -0.000000 0.000000 1.570796
 62 0.549397 -0.000000 0.000001 0.000000 0.000000 3.141593
 63 -4.278092 1.101848 -3.170185 0.311267 2.609748 -1.051338
 64 15.353567 -0.000001 -0.000002 0.000000 -0.000000 -0.995770
 65 19.266851 0.000001 -0.000001 -0.036800 -0.126515 0.276586
 66 4.212046 5.420720 -0.000000 -0.000000 0.000000 1.570796
 67 0.549398 -0.000000 -0.000000 0.000000 0.000000 0.000000
 68 -38.836464 -1.519708 -0.000047 3.141593 -1.570796 0.000000
time 51
  0 -0.675794 50.271370 32.975529 -0.000207 0.012358 -0.680555
  1 0.398404 0.006660 -32.237560 -0.007616 -0.009735 0.680591
  2 -2.402276 -1.129734 0.000000 -0.000002 -1.584770 -1.570793
  3 4.212629 -0.003651 -0.058643 -0.060068 -0.112818 0.272041
  4 4.761444 -0.003790 0.000000 0.000000 0.000000 0.000000
  5 4.761661 -0.003782 0.000039 -0.010766 -0.028424 0.057368
  6 4.761658 -0.003785 0.000042 -0.010766 -0.028424 0.057368
  7 4.762265 -0.002026 -0.000001 -0.000000 -0.000001 0.383972
  8 2.746990 -0.000004 0.000000 -0.396656 0.262730 -0.533902
  9 9.156630 -0.000002 0.000001 0.000000 0.000000 0.000000
 10 0.000002 0.002189 -1.281929 -0.877610 0.980449 1.971400
 11 7.285012 -0.000002 0.000006 0.178964 -0.623104 0.635053
 12 12.718713 0.000001 0.000001 -0.000000 -0.000000 -0.892924
 13 10.221164 0.000002 0.000006 1.617093 -0.049028 -0.019572
 14 1.389920 -0.447521 1.936564 -0.210439 -0.761471 0.314906
 15 1.208676 0.000001 -0.000002 0.000000 0.000000 0.000000
 16 1.208675 0.000000 0.000001 0.000000 0.000000 0.000000
 17 1.208673 0.000000 0.000001 0.000000 0.000000 3.141593
 18 3.507811 -0.429743 1.193334 0.022860 -0.225875 -0.088311
 19 1.560288 0.000003 -0.000001 0.000000 0.000000 0.000000
 20 1.560290 -0.000001 0.000001 0.000000 0.000000 0.000000
 21 1.560286 -0.000000 0.000000 0.000000 0.000000 3.141593
 22 3.044310 -0.436516 0.176984 0.140338 -0.004885 0.034563
 23 1.820339 0.000000 0.000000 0.000000 0.000000 0.000000
 24 1.820336 0.000001 -0.000000 0.000000 0.000000 0.000000
 25 1.820338 -0.000000 0.000001 0.000000 0.000000 3.141593
 26 3.330764 -0.128976 -0.727984 0.013106 0.174047 0.071026
 27 1.560287 0.000001 0.000000 0.000000 0.000000 0.000000
 28 1.560290 -0.000002 -0.000000 0.000000 0.000000 0.000000
 29 1.560287 0.000000 0.000000 0.000000 0.000000 3.141593
 30 3.208163 0.466230 -1.931736 0.024854 0.330715 0.074094
 31 1.300244 0.000002 0.000002 0.000000 0.000000 0.000000
 32 1.300241 -0.000001 0.000001 0.000000 0.000000 0.000000
 33 1.300242 -0.000001 0.000000 0.000000 0.000000 3.141593
 34 0.000000 0.002180 1.281930 0.925579 -1.430073 1.836025
 35 7.285010 0.000001 -0.000002 -0.494065 0.461399 -0.902688
 36 12.538439 0.000002 -0.000001 -0.000000 -0.000000 -1.669822
 37 10.782782 0.000000 -0.000001 -1.635039 0.028746 0.011477
 38 1.016389 0.059480 -2.003607 0.348822 0.790160 0.431299
 39 1.107953 -0.000002 0.000004 0.000000 0.000000 0.000000
 40 1.107950 0.000001 -0.000001 0.000000 0.000000 0.000000
 41 1.107952 0.000000 -0.000002 0.000000 0.000000 0.000000
 42 3.077730 -0.144548 -1.412628 0.003835 0.209388 0.026587
 43 1.560287 -0.000001 -0.000003 0.000000 0.000000 0.000000
 44 1.560290 -0.000001 0.000002 0.000000 0.000000 0.000000
 45 1.560290 -0.000002 -0.000001 0.000000 0.000000 0.000000
 46 2.463501 0.093207 -0.291936 -0.000796 0.000000 0.000000
 47 1.820338 -0.000002 -0.000004 0.000000 0.000000 0.000000
 48 1.820336 -0.000001 0.000001 0.000000 0.000000 0.000000
 49 1.820337 -0.000001 0.000002 0.000000 0.000000 0.000000
 50 3.016627 -0.086192 0.699127 -0.016172 -0.173791 0.088745
 51 1.560286 0.000000 0.000002 0.000000 0.000000 0.000000
 52 1.560291 -0.000001 -0.000001 0.000000 0.000000 0.000000
 53 1.560290 0.000000 -0.000000 0.000000 0.000000 0.000000
 54 2.733753 0.442847 1.903237 -0.009342 -0.314026 0.027785
 55 1.300241 -0.000001 -0.000003 0.000000 0.000000 0.000000
 56 1.300241 -0.000001 0.000001 0.000000 0.000000 0.000000
 57 1.300241 -0.000001 0.000002 0.000000 0.000000 0.000000
 58 -3.611999 0.884008 4.215009 0.020470 -2.574840 -0.789268
 59 15.353565 -0.000001 0.000004 -0.000000 -0.000000 -1.088650
 60 19.266850 -0.000000 -0.000001 0.134045 -0.039509 0.615299
 61 4.212047 5.420721 0.000001 -0.000000 0.000000 1.570796
 62 0.549396 -0.000001 -0.000000 0.000000 0.000000 3.141593
 63 -4.436663 1.320954 -3.050599 0.362498 2.662951 -1.057163
 64 15.353563 -0.000001 -0.000002 0.000000 -0.000000 -1.038411
 65 19.266846 -0.000001 -0.000001 -0.024579 -0.159552 0.287813
 66 4.212046 5.420721 0.000000 -0.000000 -0.000000 1.570796
 67 0.549398 0.000000 -0.000000 0.000000 0.000000 0.000000
 68 -38.836468 -1.519706 -0.000050 -3.141593 -1.570796 0.000000
time 52
  0 -0.665221 49.687164 32.929314 0.001323 -0.014070 -0.743315
  1 -0.452952 -0.042577 -32.190594 0.008548 0.011254 0.743354
  2 -2.292835 -1.128793 -0.000000 0.000002 -1.542722 -1.570797
  3 4.211281 -0.003652 0.118735 -0.133865 -0.154062 0.260350
  4 4.761446 -0.003794 0.000001 0.000000 0.000000 0.000000
  5 4.761651 -0.003781 0.000088 -0.024233 -0.029863 0.053899
  6 4.761645 -0.003782 0.000092 -0.024233 -0.029863 0.053899
  7 4.762264 -0.002030 0.000002 -0.000000 -0.000001 0.383972
  8 2.746988 0.000003 0.000001 -0.307154 0.234123 -0.575089
  9 9.156627 0.000000 0.000001 0.000000 0.000000 0.000000
 10 0.000000 0.002195 -1.281928 -0.888434 1.010454 1.950642
 11 7.285014 -0.000000 -0.000000 0.204974 -0.599004 0.784934
 12 12.718714 0.000000 0.000003 -0.000000 0.000000 -0.715246
 13 10.221160 0.000004 -0.000000 1.607687 -0.052758 -0.011519
 14 1.389919 -0.447519 1.936563 -0.210439 -0.761471 0.314906
 15 1.208676 -0.000003 0.000001 0.000000 0.000000 0.000000
 16 1.208675 0.000002 -0.000001 0.000000 0.000000 0.000000
 17 1.208676 0.000001 -0.000001 0.000000 0.000000 3.141593
 18 3.507810 -0.429741 1.193333 0.022860 -0.225875 -0.088311
 19 1.560287 -0.000001 0.000000 0.000000 0.000000 0.000000
 20 1.560290 0.000001 0.000002 0.000000 0.000000 0.000000
 21 1.560290 0.000001 -0.000000 0.000000 0.000000 3.141593
 22 3.044312 -0.436516 0.176984 0.140338 -0.004885 0.034563
 23 1.820335 -0.000002 -0.000002 0.000000 0.000000 0.000000
 24 1.820340 0.000002 0.000003 0.000000 0.000000 0.000000
 25 1.820340 -0.000000 -0.000000 0.000000 0.000000 3.141593
 26 3.330763 -0.128976 -0.727986 0.013106 0.174047 0.071026
 27 1.560288 -0.000002 -0.000000 0.000000 0.000000 0.000000
 28 1.560291 0.000001 0.000000 0.000000 0.000000 0.000000
 29 1.560290 0.000001 0.000000 0.000000 0.000000 3.141593
 30 3.208159 0.466230 -1.931736 0.024854 0.330715 0.074094
 31 1.300239 0.000000 -0.000001 0.000000 0.000000 0.000000
 32 1.300243 0.000003 -0.000001 0.000000 0.000000 0.000000
 33 1.300241 0.000000 -0.000002 0.000000 0.000000 3.141593
 34 0.000003 0.002186 1.281926 0.874397 -1.514737 1.883201
 35 7.285012 0.000001 0.000001 -0.591193 0.206123 -1.132341
 36 12.538440 -0.000001 0.000001 0.000000 0.000000 -1.801321
 37 10.782776 -0.000001 -0.000000 -1.645608 0.030964 0.021280
 38 1.016389 0.059480 -2.003609 0.348822 0.790160 0.431299
 39 1.107951 0.000000 0.000001 0.000000 0.000000 0.000000
 40 1.107951 -0.000000 -0.000003 0.000000 0.000000 0.000000
 41 1.107953 0.000000 -0.000001 0.000000 0.000000 0.000000
 42 3.077728 -0.144547 -1.412630 0.003835 0.209388 0.026587
 43 1.560290 -0.000000 0.000001 0.000000 0.000000 0.000000
 44 1.560287 0.000002 0.000003 0.000000 0.000000 0.000000
 45 1.560290 -0.000002 -0.000001 0.000000 0.000000 0.000000
 46 2.463501 0.093206 -0.291936 -0.000796 0.000000 -0.000000
 47 1.820339 0.000003 0.000000 0.000000 0.000000 0.000000
 48 1.820336 -0.000002 -0.000000 0.000000 0.000000 0.000000
 49 1.820336 -0.000002 -0.000001 0.000000 0.000000 0.000000
 50 3.016627 -0.086190 0.699128 -0.016172 -0.173791 0.088745
 51 1.560288 0.000001 0.000002 0.000000 0.000000 0.000000
 52 1.560290 -0.000001 -0.000002 0.000000 0.000000 0.000000
 53 1.560290 -0.000002 -0.000002 0.000000 0.000000 0.000000
 54 2.733756 0.442845 1.903234 -0.009342 -0.314026 0.027785
 55 1.300240 0.000001 -0.000000 0.000000 0.000000 0.000000
 56 1.300242 0.000000 -0.000001 0.000000 0.000000 0.000000
 57 1.300243 -0.000001 -0.000002 0.000000 0.000000 0.000000
 58 -3.476409 0.527151 4.234497 -0.129989 -2.502578 -0.644739
 59 15.353565 -0.000000 0.000003 0.000000 0.000000 -1.048734
 60 19.266844 0.000001 0.000002 0.152466 -0.006871 0.551978
 61 4.212047 5.420721 0.000000 -0.000000 -0.000000 1.570796
 62 0.549398 -0.000000 0.000001 0.000000 0.000000 3.141593
 63 -4.600492 1.493237 -2.939289 0.449015 2.727514 -1.016856
 64 15.353564 0.000000 -0.000001 -0.000000 0.000000 -1.084885
 65 19.266848 0.000000 -0.000001 -0.022692 -0.205733 0.328465
 66 4.212047 5.420720 -0.000000 -0.000000 -0.000000 1.570796
 67 0.549398 -0.000000 0.000000 0.000000 0.000000 0.000000
 68 -38.836460 -1.519708 -0.000051 -3.141593 -1.570796 0.000000
time 53
  0 -0.545629 48.677986 33.329559 0.004261 -0.046158 -0.848353
  1 -1.503956 -0.138731 -32.559040 0.031821 0.033713 0.848791
  2 -1.802209 -1.007360 0.000001 0.000001 -1.497212 -1.570795
  3 4.201239 -0.003646 0.310528 -0.234730 -0.186013 0.204223
  4 4.761448 -0.003790 -0.000002 0.000000 0.000000 0.000000
  5 4.761596 -0.003785 0.000169 -0.044927 -0.027945 0.040805
  6 4.761595 -0.003784 0.000170 -0.044927 -0.027945 0.040805
  7 4.762264 -0.002030 0.000000 -0.000000 -0.000001 0.383972
  8 2.746987 0.000004 0.000000 -0.098688 0.186723 -0.515017
  9 9.156627 -0.000002 -0.000000 0.000000 0.000000 0.000000
 10 -0.000001 0.002193 -1.281927 -0.975236 1.129443 1.829180
 11 7.285014 -0.000004 -0.000002 0.203325 -0.485101 0.756524
 12 12.718712 0.000002 -0.000004 0.000000 -0.000000 -0.731471
 13 10.221166 -0.000001 0.000005 1.604843 -0.049110 -0.012624
 14 1.389921 -0.447519 1.936562 -0.210439 -0.761471 0.314906
 15 1.208676 0.000001 0.000001 0.000000 0.000000 0.000000
 16 1.208675 -0.000002 0.000001 0.000000 0.000000 0.000000
 17 1.208675 -0.000002 -0.000001 0.000000 0.000000 3.141593
 18 3.507811 -0.429743 1.193332 0.022860 -0.225875 -0.088311
 19 1.560292 0.000000 0.000002 0.000000 0.000000 0.000000
 20 1.560288 -0.000001 -0.000000 0.000000 0.000000 0.000000
 21 1.560287 -0.000003 -0.000000 0.000000 0.000000 3.141593
 22 3.044311 -0.436517 0.176984 0.140338 -0.004885 0.034563
 23 1.820336 -0.000002 0.000001 0.000000 0.000000 0.000000
 24 1.820340 0.000002 -0.000000 0.000000 0.000000 0.000000
 25 1.820338 -0.000000 -0.000001 0.000000 0.000000 3.141593
 26 3.330763 -0.128979 -0.727983 0.013106 0.174047 0.071026
 27 1.560289 0.000000 0.000002 0.000000 0.000000 0.000000
 28 1.560290 0.000002 -0.000000 0.000000 0.000000 0.000000
 29 1.560289 -0.000003 -0.000001 0.000000 0.000000 3.141593
 30 3.208164 0.466230 -1.931736 0.024854 0.330715 0.074094
 31 1.300240 -0.000002 -0.000001 0.000000 0.000000 0.000000
 32 1.300243 -0.000001 -0.000002 0.000000 0.000000 0.000000
 33 1.300241 0.000001 -0.000005 0.000000 0.000000 3.141593
 34 0.000003 0.002187 1.281927 2.915290 -1.559139 -0.158481
 35 7.285014 0.000001 -0.000004 -0.635880 0.047827 -1.125258
 36 12.538439 -0.000001 -0.000002 -0.000000 -0.000000 -1.856071
 37 10.782777 0.000001 -0.000002 -1.650044 0.032027 0.025975
 38 1.016389 0.059479 -2.003610 0.348822 0.790160 0.431299
 39 1.107954 0.000003 -0.000003 0.000000 0.000000 0.000000
 40 1.107951 0.000003 0.000001 0.000000 0.000000 0.000000
 41 1.107950 0.000003 0.000000 0.000000 0.000000 0.000000
 42 3.077730 -0.144549 -1.412632 0.003835 0.209388 0.026587
 43 1.560290 -0.000003 0.000002 0.000000 0.000000 0.000000
 44 1.560287 0.000002 0.000002 0.000000 0.000000 0.000000
 45 1.560288 -0.000000 -0.000002 0.000000 0.000000 0.000000
 46 2.463501 0.093205 -0.291939 -0.000796 -0.000000 -0.000000
 47 1.820335 0.000002 0.000001 0.000000 0.000000 0.000000
 48 1.820339 0.000000 0.000001 0.000000 0.000000 0.000000
 49 1.820338 -0.000001 0.000000 0.000000 0.000000 0.000000
 50 3.016626 -0.086193 0.699123 -0.016172 -0.173791 0.088745
 51 1.560292 -0.000000 0.000002 0.000000 0.000000 0.000000
 52 1.560287 -0.000001 -0.000002 0.000000 0.000000 0.000000
 53 1.560287 -0.000000 0.000001 0.000000 0.000000 0.000000
 54 2.733752 0.442845 1.903230 -0.009342 -0.314026 0.027785
 55 1.300244 -0.000002 -0.000001 0.000000 0.000000 0.000000
 56 1.300240 0.000003 -0.000001 0.000000 0.000000 0.000000
 57 1.300239 -0.000001 -0.000002 0.000000 0.000000 0.000000
 58 -3.422285 -0.110961 4.142800 -0.433639 -2.488604 -0.284672
 59 15.353565 0.000001 0.000002 0.000000 -0.000000 -0.923425
 60 19.266844 -0.000001 0.000002 0.135622 0.011691 0.528582
 61 4.212047 5.420719 -0.000002 -0.000000 -0.000000 1.570796
 62 0.549398 -0.000001 -0.000001 0.000000 0.000000 3.141593
 63 -4.777036 1.563357 -2.858725 0.516562 2.820765 -0.928058
 64 15.353565 -0.000000 -0.000002 0.000000 -0.000000 -1.140741
 65 19.266846 0.000002 0.000002 -0.025641 -0.261881 0.394305
 66 4.212047 5.420721 0.000000 -0.000000 0.000000 1.570796
 67 0.549400 -0.000000 0.000000 0.000000 0.000000 0.000000
 68 -38.836460 -1.519707 -0.000051 -3.141593 -1.570796 0.000000
time 54
  0 -0.357694 47.375957 33.656464 -0.000081 -0.076892 -0.982670
  1 -2.528862 0.002658 -32.823689 0.064056 0.042563 0.984037
  2 -0.986068 -0.776671 -0.000002 0.000000 -1.448988 -1.570795
  3 4.180976 -0.003586 0.513016 -0.335186 -0.208805 0.111210
  4 4.761448 -0.003795 0.000001 0.000000 0.000000 0.000000
  5 4.761517 -0.003777 0.000256 -0.067982 -0.021508 0.020701
  6 4.761517 -0.003782 0.000257 -0.067982 -0.021508 0.020701
  7 4.762267 -0.002027 -0.000001 -0.000000 -0.000001 0.383972
  8 2.746988 0.000001 0.000000 0.222397 0.068406 -0.356376
  9 9.156631 -0.000002 0.000000 0.000000 0.000000 0.000000
 10 0.000002 0.002191 -1.281927 -1.259950 1.284598 1.509172
 11 7.285012 -0.000002 -0.000002 0.236073 -0.344013 0.586026
 12 12.718713 0.000001 0.000002 -0.000000 0.000000 -0.837359
 13 10.221161 0.000002 0.000002 1.604863 -0.041872 -0.018109
 14 1.389920 -0.447517 1.936562 -0.210439 -0.761471 0.314906
 15 1.208674 -0.000002 0.000000 0.000000 0.000000 0.000000
 16 1.208671 0.000001 -0.000000 0.000000 0.000000 0.000000
 17 1.208676 0.000001 0.000000 0.000000 0.000000 3.141593
 18 3.507811 -0.429741 1.193334 0.022860 -0.225875 -0.088311
 19 1.560291 -0.000002 0.000003 0.000000 0.000000 0.000000
 20 1.560288 -0.000002 -0.000001 0.000000 0.000000 0.000000
 21 1.560288 -0.000003 0.000000 0.000000 0.000000 3.141593
 22 3.044310 -0.436515 0.176985 0.140338 -0.004885 0.034563
 23 1.820338 0.000002 -0.000001 0.000000 0.000000 0.000000
 24 1.820337 0.000002 0.000000 0.000000 0.000000 0.000000
 25 1.820337 0.000003 -0.000000 0.000000 0.000000 3.141593
 26 3.330765 -0.128975 -0.727984 0.013106 0.174047 0.071026
 27 1.560288 -0.000005 -0.000002 0.000000 0.000000 0.000000
 28 1.560292 0.000003 -0.000000 0.000000 0.000000 0.000000
 29 1.560289 0.000005 0.000001 0.000000 0.000000 3.141593
 30 3.208160 0.466232 -1.931738 0.024854 0.330715 0.074094
 31 1.300240 -0.000006 0.000002 0.000000 0.000000 0.000000
 32 1.300240 0.000004 0.000001 0.000000 0.000000 0.000000
 33 1.300243 -0.000003 0.000000 0.000000 0.000000 3.141593
 34 0.000000 0.002186 1.281928 3.141459 -1.498085 -0.384636
 35 7.285012 0.000001 0.000002 -0.658151 0.014169 -0.876667
 36 12.538440 0.000001 -0.000002 0.000000 -0.000000 -1.795948
 37 10.782779 0.000001 -0.000000 -1.644412 0.030890 0.022920
 38 1.016389 0.059482 -2.003610 0.348822 0.790160 0.431299
 39 1.107951 0.000001 0.000001 0.000000 0.000000 0.000000
 40 1.107952 -0.000001 -0.000000 0.000000 0.000000 0.000000
 41 1.107952 -0.000004 -0.000000 0.000000 0.000000 0.000000
 42 3.077728 -0.144544 -1.412631 0.003835 0.209388 0.026587
 43 1.560289 -0.000003 0.000003 0.000000 0.000000 0.000000
 44 1.560288 -0.000004 -0.000001 0.000000 0.000000 0.000000
 45 1.560290 0.000002 -0.000002 0.000000 0.000000 0.000000
 46 2.463500 0.093208 -0.291938 -0.000796 -0.000000 0.000000
 47 1.820337 0.000001 -0.000000 0.000000 0.000000 0.000000
 48 1.820339 -0.000001 -0.000000 0.000000 0.000000 0.000000
 49 1.820338 -0.000003 0.000000 0.000000 0.000000 0.000000
 50 3.016628 -0.086193 0.699123 -0.016172 -0.173791 0.088745
 51 1.560289 0.000000 0.000001 0.000000 0.000000 0.000000
 52 1.560287 0.000003 0.000001 0.000000 0.000000 0.000000
 53 1.560290 -0.000000 -0.000001 0.000000 0.000000 0.000000
 54 2.733752 0.442847 1.903231 -0.009342 -0.314026 0.027785
 55 1.300240 -0.000002 -0.000001 0.000000 0.000000 0.000000
 56 1.300239 0.000003 0.000003 0.000000 0.000000 0.000000
 57 1.300243 0.000002 0.000002 0.000000 0.000000 0.000000
 58 -3.411615 -0.855298 3.876871 -0.748610 -2.618363 0.114518
 59 15.353566 0.000000 0.000002 0.000000 0.000000 -0.777911
 60 19.266844 0.000001 -0.000000 0.089116 0.033534 0.504162
 61 4.212047 5.420719 0.000001 -0.000000 -0.000000 1.570796
 62 0.549397 0.000001 0.000000 0.000000 0.000000 3.141593
 63 -4.930077 1.501969 -2.890520 0.523217 2.914925 -0.804431
 64 15.353567 -0.000002 -0.000002 0.000000 -0.000000 -1.179076
 65 19.266848 0.000002 0.000002 0.005126 -0.303686 0.448609
 66 4.212047 5.420718 -0.000001 -0.000000 0.000000 1.570796
 67 0.549399 -0.000000 0.000000 0.000000 0.000000 0.000000
 68 -38.836464 -1.519708 -0.000049 3.141593 -1.570796 0.000000
time 55
  0 -0.142096 45.913204 34.530312 -0.009317 -0.104013 -1.140725
  1 -3.452897 0.308188 -33.075687 0.098470 0.034825 1.142926
  2 -0.426072 -0.375192 0.000001 -0.000000 -1.398792 -1.570795
  3 4.149787 -0.003562 0.722225 -0.358113 -0.213944 0.048284
  4 4.761443 -0.003790 -0.000000 0.000000 0.000000 0.000000
  5 4.761471 -0.003775 0.000283 -0.074778 -0.010356 0.008658
  6 4.761475 -0.003780 0.000283 -0.074778 -0.010356 0.008658
  7 4.762263 -0.002030 0.000000 -0.000000 -0.000001 0.383972
  8 2.746988 0.000001 0.000000 0.465960 -0.099030 -0.253081
  9 9.156624 0.000002 -0.000001 0.000000 0.000000 0.000000
 10 0.000003 0.002193 -1.281927 -1.994328 1.380280 0.755614
 11 7.285012 0.000001 0.000003 0.368392 -0.256052 0.381091
 12 12.718712 -0.000001 -0.000002 0.000000 -0.000000 -0.991815
 13 10.221163 0.000001 -0.000003 1.607884 -0.033727 -0.026427
 14 1.389919 -0.447515 1.936561 -0.210439 -0.761471 0.314906
 15 1.208677 0.000004 0.000000 0.000000 0.000000 0.000000
 16 1.208674 -0.000005 -0.000001 0.000000 0.000000 0.000000
 17 1.208674 0.000000 0.000001 0.000000 0.000000 3.141593
 18 3.507808 -0.429738 1.193331 0.022860 -0.225875 -0.088311
 19 1.560290 0.000003 -0.000001 0.000000 0.000000 0.000000
 20 1.560286 0.000004 -0.000003 0.000000 0.000000 0.000000
 21 1.560290 0.000004 0.000002 0.000000 0.000000 3.141593
 22 3.044308 -0.436512 0.176980 0.140338 -0.004885 0.034563
 23 1.820333 -0.000004 0.000002 0.000000 0.000000 0.000000
 24 1.820338 0.000006 -0.000002 0.000000 0.000000 0.000000
 25 1.820340 -0.000002 0.000000 0.000000 0.000000 3.141593
 26 3.330761 -0.128971 -0.727985 0.013106 0.174047 0.071026
 27 1.560293 0.000003 -0.000001 0.000000 0.000000 0.000000
 28 1.560287 0.000001 0.000001 0.000000 0.000000 0.000000
 29 1.560287 -0.000001 -0.000001 0.000000 0.000000 3.141593
 30 3.208161 0.466235 -1.931736 0.024854 0.330715 0.074094
 31 1.300238 0.000003 -0.000005 0.000000 0.000000 0.000000
 32 1.300245 0.000001 0.000001 0.000000 0.000000 0.000000
 33 1.300240 0.000001 0.000001 0.000000 0.000000 3.141593
 34 0.000000 0.002185 1.281928 2.964771 -1.424177 -0.209805
 35 7.285013 -0.000000 0.000000 -0.659287 0.012832 -0.561599
 36 12.538441 0.000003 -0.000000 -0.000000 -0.000000 -1.648306
 37 10.782777 -0.000003 0.000001 -1.630960 0.028095 0.013970
 38 1.016387 0.059480 -2.003610 0.348822 0.790160 0.431299
 39 1.107952 0.000002 0.000000 0.000000 0.000000 0.000000
 40 1.107952 -0.000002 0.000001 0.000000 0.000000 0.000000
 41 1.107953 -0.000005 0.000001 0.000000 0.000000 0.000000
 42 3.077729 -0.144549 -1.412632 0.003835 0.209388 0.026587
 43 1.560286 0.000005 -0.000002 0.000000 0.000000 0.000000
 44 1.560291 -0.000005 0.000001 0.000000 0.000000 0.000000
 45 1.560290 -0.000001 -0.000000 0.000000 0.000000 0.000000
 46 2.463501 0.093203 -0.291938 -0.000796 -0.000000 0.000000
 47 1.820341 -0.000004 0.000001 0.000000 0.000000 0.000000
 48 1.820336 0.000005 -0.000001 0.000000 0.000000 0.000000
 49 1.820335 -0.000000 -0.000001 0.000000 0.000000 0.000000
 50 3.016625 -0.086194 0.699123 -0.016172 -0.173791 0.088745
 51 1.560286 0.000005 0.000000 0.000000 0.000000 0.000000
 52 1.560290 -0.000005 -0.000000 0.000000 0.000000 0.000000
 53 1.560289 -0.000000 -0.000001 0.000000 0.000000 0.000000
 54 2.733752 0.442845 1.903231 -0.009342 -0.314026 0.027785
 55 1.300243 -0.000006 -0.000001 0.000000 0.000000 0.000000
 56 1.300240 0.000004 0.000001 0.000000 0.000000 0.000000
 57 1.300240 -0.000001 0.000000 0.000000 0.000000 0.000000
 58 -3.425985 -1.124671 3.586727 -0.877237 -2.796617 0.312883
 59 15.353565 0.000000 0.000001 0.000000 -0.000000 -0.668873
 60 19.266846 -0.000001 -0.000001 0.016284 0.061941 0.287841
 61 4.212046 5.420720 -0.000001 -0.000000 -0.000000 1.570796
 62 0.549397 -0.000001 -0.000002 0.000000 0.000000 3.141593
 63 -4.981254 1.384355 -3.117448 0.503928 2.950302 -0.700829
 64 15.353563 -0.000002 0.000000 -0.000000 0.000000 -1.172989
 65 19.266846 -0.000001 0.000001 0.106057 -0.303228 0.451050
 66 4.212047 5.420720 0.000000 -0.000000 0.000000 1.570796
 67 0.549398 -0.000000 0.000000 0.000000 0.000000 0.000000
 68 -38.836464 -1.519707 -0.000050 -3.141593 -1.570796 0.000000
time 56
  0 0.060488 44.421844 35.790779 -0.014696 -0.129630 -1.318894
  1 -4.461961 0.502976 -34.224018 0.129217 0.017986 1.321011
  2 -0.262152 0.296433 0.000001 0.000000 -1.347366 -1.570795
  3 4.107253 -0.003637 0.934361 -0.292442 -0.190668 0.030802
  4 4.761444 -0.003788 0.000000 -0.000000 0.000000 0.000000
  5 4.761471 -0.003785 0.000232 -0.061148 0.006095 0.007088
  6 4.761472 -0.003786 0.000232 -0.061148 0.006095 0.007088
  7 4.762265 -0.002028 0.000000 -0.000000 -0.000001 0.383972
  8 2.746991 -0.000001 -0.000000 0.543655 -0.237173 -0.219791
  9 9.156630 -0.000001 -0.000001 0.000000 0.000000 0.000000
 10 0.000001 0.002190 -1.281928 -2.741950 1.359067 0.006843
 11 7.285013 0.000001 -0.000003 0.535383 -0.169198 0.250290
 12 12.718712 0.000002 -0.000003 0.000000 0.000000 -1.153741
 13 10.221162 0.000002 -0.000001 1.614093 -0.027336 -0.036031
 14 1.389922 -0.447517 1.936563 -0.210439 -0.761471 0.314906
 15 1.208675 -0.000001 -0.000001 0.000000 0.000000 0.000000
 16 1.208672 0.000004 0.000001 0.000000 0.000000 0.000000
 17 1.208675 0.000002 0.000002 0.000000 0.000000 3.141593
 18 3.507811 -0.429742 1.193333 0.022860 -0.225875 -0.088311
 19 1.560283 0.000002 -0.000000 0.000000 0.000000 0.000000
 20 1.560291 0.000000 0.000000 0.000000 0.000000 0.000000
 21 1.560292 -0.000001 0.000001 0.000000 0.000000 3.141593
 22 3.044312 -0.436516 0.176984 0.140338 -0.004885 0.034563
 23 1.820338 -0.000000 0.000000 0.000000 0.000000 0.000000
 24 1.820337 0.000006 -0.000001 0.000000 0.000000 0.000000
 25 1.820337 -0.000003 0.000000 0.000000 0.000000 3.141593
 26 3.330763 -0.128971 -0.727985 0.013106 0.174047 0.071026
 27 1.560287 -0.000000 0.000001 0.000000 0.000000 0.000000
 28 1.560291 -0.000006 0.000003 0.000000 0.000000 0.000000
 29 1.560288 0.000003 -0.000002 0.000000 0.000000 3.141593
 30 3.208162 0.466231 -1.931737 0.024854 0.330715 0.074094
 31 1.300241 -0.000004 0.000001 0.000000 0.000000 0.000000
 32 1.300240 -0.000004 0.000002 0.000000 0.000000 0.000000
 33 1.300242 0.000003 0.000000 0.000000 0.000000 3.141593
 34 0.000002 0.002180 1.281928 2.789065 -1.363462 -0.039199
 35 7.285013 0.000000 0.000000 -0.669738 0.033411 -0.301637
 36 12.538439 -0.000001 -0.000006 -0.000000 0.000000 -1.463995
 37 10.782780 0.000002 0.000005 -1.615461 0.025224 0.002750
 38 1.016387 0.059479 -2.003610 0.348822 0.790160 0.431299
 39 1.107952 0.000001 0.000000 0.000000 0.000000 0.000000
 40 1.107952 0.000007 -0.000003 0.000000 0.000000 0.000000
 41 1.107952 -0.000002 0.000001 0.000000 0.000000 0.000000
 42 3.077729 -0.144547 -1.412631 0.003835 0.209388 0.026587
 43 1.560288 -0.000003 -0.000002 0.000000 0.000000 0.000000
 44 1.560293 -0.000007 0.000003 0.000000 0.000000 0.000000
 45 1.560288 0.000002 0.000000 0.000000 0.000000 0.000000
 46 2.463501 0.093204 -0.291938 -0.000796 -0.000000 0.000000
 47 1.820340 -0.000007 0.000000 0.000000 0.000000 0.000000
 48 1.820337 0.000004 0.000000 0.000000 0.000000 0.000000
 49 1.820335 -0.000001 -0.000000 0.000000 0.000000 0.000000
 50 3.016625 -0.086190 0.699124 -0.016172 -0.173791 0.088745
 51 1.560291 0.000001 0.000001 0.000000 0.000000 0.000000
 52 1.560285 0.000006 -0.000000 0.000000 0.000000 0.000000
 53 1.560290 -0.000004 -0.000000 0.000000 0.000000 0.000000
 54 2.733755 0.442844 1.903233 -0.009342 -0.314026 0.027785
 55 1.300241 -0.000002 -0.000000 0.000000 0.000000 0.000000
 56 1.300241 -0.000003 0.000001 0.000000 0.000000 0.000000
 57 1.300241 -0.000003 -0.000000 0.000000 0.000000 0.000000
 58 -3.513748 -0.871973 3.347591 -0.832798 -2.813341 0.286711
 59 15.353563 0.000001 -0.000001 0.000000 -0.000000 -0.702254
 60 19.266844 0.000000 -0.000001 -0.005352 0.071928 0.214168
 61 4.212046 5.420721 -0.000000 -0.000000 -0.000000 1.570796
 62 0.549398 -0.000000 -0.000000 0.000000 0.000000 3.141593
 63 -4.901993 1.201565 -3.539589 0.408068 2.939877 -0.609149
 64 15.353567 -0.000001 -0.000001 -0.000000 -0.000000 -1.079340
 65 19.266844 -0.000003 0.000002 0.045613 -0.244646 0.457095
 66 4.212047 5.420721 -0.000000 -0.000000 0.000000 1.570796
 67 0.549397 -0.000000 0.000000 0.000000 0.000000 0.000000
 68 -38.836464 -1.519711 -0.000048 3.141593 -1.570796 0.000000
time 57
  0 0.209378 43.034000 37.277557 -0.016911 -0.155498 -1.506499
  1 -5.576016 0.601474 -35.564613 0.156255 -0.006925 1.507274
  2 -0.270870 1.130583 0.000002 0.000000 -1.295456 -1.570795
  3 4.053406 -0.003724 1.145852 -0.188494 -0.149819 0.032281
  4 4.761443 -0.003789 0.000000 0.000000 0.000000 0.000000
  5 4.761478 -0.003787 0.000146 -0.038510 0.026098 0.008633
  6 4.761484 -0.003787 0.000147 -0.038510 0.026098 0.008633
  7 4.762265 -0.002033 -0.000001 -0.000000 -0.000001 0.383972
  8 2.746987 0.000001 0.000000 0.527733 -0.329202 -0.215630
  9 9.156628 -0.000001 0.000000 0.000000 0.000000 0.000000
 10 0.000001 0.002195 -1.281927 3.061177 1.359731 -0.463407
 11 7.285012 0.000002 -0.000004 0.608669 -0.025874 0.050010
 12 12.718713 -0.000001 -0.000001 0.000000 0.000000 -1.379127
 13 10.221160 -0.000002 0.000003 1.630111 -0.023441 -0.051417
 14 1.389922 -0.447517 1.936564 -0.210439 -0.761471 0.314906
 15 1.208674 0.000004 -0.000000 0.000000 0.000000 0.000000
 16 1.208675 0.000004 -0.000000 0.000000 0.000000 0.000000
 17 1.208674 -0.000002 -0.000000 0.000000 0.000000 3.141593
 18 3.507810 -0.429739 1.193335 0.022860 -0.225875 -0.088311
 19 1.560287 0.000006 0.000000 0.000000 0.000000 0.000000
 20 1.560290 -0.000005 -0.000000 0.000000 0.000000 0.000000
 21 1.560291 -0.000001 -0.000001 0.000000 0.000000 3.141593
 22 3.044310 -0.436511 0.176985 0.140338 -0.004885 0.034563
 23 1.820340 -0.000006 0.000002 0.000000 0.000000 0.000000
 24 1.820335 0.000005 -0.000002 0.000000 0.000000 0.000000
 25 1.820335 -0.000000 -0.000001 0.000000 0.000000 3.141593
 26 3.330766 -0.128976 -0.727983 0.013106 0.174047 0.071026
 27 1.560291 0.000003 0.000001 0.000000 0.000000 0.000000
 28 1.560285 0.000007 -0.000002 0.000000 0.000000 0.000000
 29 1.560288 -0.000002 -0.000000 0.000000 0.000000 3.141593
 30 3.208163 0.466232 -1.931735 0.024854 0.330715 0.074094
 31 1.300240 -0.000000 0.000001 0.000000 0.000000 0.000000
 32 1.300242 -0.000001 -0.000001 0.000000 0.000000 0.000000
 33 1.300243 -0.000002 -0.000000 0.000000 0.000000 3.141593
 34 0.000002 0.002184 1.281928 2.551376 -1.339819 0.193068
 35 7.285012 0.000001 0.000001 -0.680076 0.088648 -0.128936
 36 12.538437 0.000001 -0.000009 -0.000000 0.000000 -1.293865
 37 10.782782 0.000001 0.000004 -1.603731 0.023670 -0.007053
 38 1.016391 0.059478 -2.003610 0.348822 0.790160 0.431299
 39 1.107952 -0.000002 0.000001 0.000000 0.000000 0.000000
 40 1.107952 -0.000003 0.000001 0.000000 0.000000 0.000000
 41 1.107952 -0.000003 0.000000 0.000000 0.000000 0.000000
 42 3.077733 -0.144550 -1.412631 0.003835 0.209388 0.026587
 43 1.560293 -0.000001 0.000002 0.000000 0.000000 0.000000
 44 1.560287 0.000000 -0.000001 0.000000 0.000000 0.000000
 45 1.560287 0.000002 -0.000001 0.000000 0.000000 0.000000
 46 2.463499 0.093208 -0.291939 -0.000796 -0.000000 -0.000000
 47 1.820338 -0.000003 0.000001 0.000000 0.000000 0.000000
 48 1.820338 -0.000003 -0.000000 0.000000 0.000000 0.000000
 49 1.820337 -0.000003 -0.000001 0.000000 0.000000 0.000000
 50 3.016625 -0.086189 0.699123 -0.016172 -0.173791 0.088745
 51 1.560288 -0.000002 -0.000001 0.000000 0.000000 0.000000
 52 1.560290 -0.000001 0.000001 0.000000 0.000000 0.000000
 53 1.560287 -0.000000 0.000000 0.000000 0.000000 0.000000
 54 2.733755 0.442847 1.903232 -0.009342 -0.314026 0.027785
 55 1.300244 -0.000002 0.000000 0.000000 0.000000 0.000000
 56 1.300239 0.000000 -0.000000 0.000000 0.000000 0.000000
 57 1.300238 0.000003 -0.000000 0.000000 0.000000 0.000000
 58 -3.630140 -0.447450 3.063705 -0.727050 -2.786429 0.168294
 59 15.353566 -0.000001 0.000001 -0.000000 -0.000000 -0.798770
 60 19.266846 0.000001 0.000003 -0.010647 0.071238 0.235642
 61 4.212047 5.420720 0.000003 -0.000000 -0.000000 1.570796
 62 0.549397 -0.000002 -0.000002 0.000000 0.000000 3.141593
 63 -4.723504 0.909777 -4.051248 0.274037 2.921570 -0.517591
 64 15.353561 0.000004 -0.000003 -0.000000 -0.000000 -0.946100
 65 19.266846 -0.000000 0.000001 0.066680 -0.178307 0.419946
 66 4.212046 5.420720 -0.000001 -0.000000 0.000000 1.570796
 67 0.549395 -0.000000 0.000000 0.000000 0.000000 0.000000
 68 -38.836464 -1.519710 -0.000050 -3.141593 -1.570796 0.000000
time 58
  0 0.263898 41.881798 38.830326 -0.016378 -0.183432 -1.692871
  1 -6.850547 0.604773 -36.921848 0.180134 -0.038474 1.690903
  2 -0.530020 1.980997 0.000000 -0.000000 -1.243802 -1.570795
  3 3.989061 -0.003781 1.353160 -0.069159 -0.105209 0.060515
  4 4.761442 -0.003785 0.000000 0.000000 0.000000 0.000000
  5 4.761501 -0.003789 0.000044 -0.011363 0.046931 0.013902
  6 4.761497 -0.003796 0.000042 -0.011363 0.046931 0.013902
  7 4.762265 -0.002026 -0.000000 -0.000000 -0.000001 0.383972
  8 2.746989 -0.000001 0.000000 0.479617 -0.397080 -0.229846
  9 9.156629 0.000002 -0.000000 0.000000 0.000000 0.000000
 10 0.000001 0.002190 -1.281928 2.531953 1.372982 -0.985195
 11 7.285012 -0.000003 -0.000003 0.550176 0.119599 -0.227239
 12 12.718714 0.000000 0.000001 -0.000000 0.000000 -1.642148
 13 10.221161 -0.000001 0.000005 1.651732 -0.020706 -0.069973
 14 1.389920 -0.447524 1.936563 -0.210439 -0.761471 0.314906
 15 1.208673 0.000000 0.000004 0.000000 0.000000 0.000000
 16 1.208675 -0.000002 -0.000002 0.000000 0.000000 0.000000
 17 1.208675 -0.000005 -0.000003 0.000000 0.000000 3.141593
 18 3.507810 -0.429744 1.193332 0.022860 -0.225875 -0.088311
 19 1.560292 -0.000004 -0.000001 0.000000 0.000000 0.000000
 20 1.560285 0.000004 0.000002 0.000000 0.000000 0.000000
 21 1.560288 -0.000000 0.000001 0.000000 0.000000 3.141593
 22 3.044307 -0.436517 0.176982 0.140338 -0.004885 0.034563
 23 1.820339 0.000001 -0.000000 0.000000 0.000000 0.000000
 24 1.820339 -0.000005 -0.000001 0.000000 0.000000 0.000000
 25 1.820336 0.000003 0.000001 0.000000 0.000000 3.141593
 26 3.330765 -0.128983 -0.727985 0.013106 0.174047 0.071026
 27 1.560290 0.000002 0.000001 0.000000 0.000000 0.000000
 28 1.560290 0.000002 0.000001 0.000000 0.000000 0.000000
 29 1.560290 0.000001 0.000001 0.000000 0.000000 3.141593
 30 3.208159 0.466229 -1.931736 0.024854 0.330715 0.074094
 31 1.300245 -0.000002 0.000000 0.000000 0.000000 0.000000
 32 1.300237 -0.000001 0.000000 0.000000 0.000000 0.000000
 33 1.300240 0.000001 0.000001 0.000000 0.000000 3.141593
 34 0.000005 0.002183 1.281929 1.995810 -1.330402 0.749948
 35 7.285009 0.000001 -0.000001 -0.687151 0.158144 -0.000842
 36 12.538437 0.000001 0.000002 0.000000 -0.000000 -1.098145
 37 10.782782 -0.000000 0.000003 -1.598071 0.024855 -0.017118
 38 1.016389 0.059478 -2.003610 0.348822 0.790160 0.431299
 39 1.107950 0.000006 -0.000002 0.000000 0.000000 0.000000
 40 1.107952 -0.000004 0.000001 0.000000 0.000000 0.000000
 41 1.107953 0.000001 0.000002 0.000000 0.000000 0.000000
 42 3.077729 -0.144549 -1.412631 0.003835 0.209388 0.026587
 43 1.560290 0.000002 0.000000 0.000000 0.000000 0.000000
 44 1.560289 0.000001 0.000000 0.000000 0.000000 0.000000
 45 1.560289 0.000001 0.000000 0.000000 0.000000 0.000000
 46 2.463497 0.093205 -0.291938 -0.000796 0.000000 -0.000000
 47 1.820338 -0.000002 -0.000001 0.000000 0.000000 0.000000
 48 1.820337 -0.000002 0.000001 0.000000 0.000000 0.000000
 49 1.820335 -0.000003 0.000000 0.000000 0.000000 0.000000
 50 3.016627 -0.086196 0.699124 -0.016172 -0.173791 0.088745
 51 1.560289 0.000002 -0.000001 0.000000 0.000000 0.000000
 52 1.560286 0.000007 0.000002 0.000000 0.000000 0.000000
 53 1.560291 -0.000001 0.000001 0.000000 0.000000 0.000000
 54 2.733754 0.442842 1.903233 -0.009342 -0.314026 0.027785
 55 1.300240 0.000000 0.000000 0.000000 0.000000 0.000000
 56 1.300246 -0.000004 -0.000002 0.000000 0.000000 0.000000
 57 1.300241 -0.000002 0.000000 0.000000 0.000000 0.000000
 58 -3.716985 0.056840 2.725286 -0.590542 -2.754029 -0.014513
 59 15.353564 0.000002 0.000001 0.000000 0.000000 -0.877738
 60 19.266848 0.000000 0.000005 -0.002306 0.071791 0.292884
 61 4.212048 5.420720 -0.000001 -0.000000 -0.000000 1.570796
 62 0.549399 0.000000 -0.000000 0.000000 0.000000 3.141593
 63 -4.486245 0.560242 -4.542099 0.228521 2.850389 -0.402771
 64 15.353559 0.000001 -0.000000 0.000000 -0.000000 -0.777548
 65 19.266846 0.000003 -0.000000 0.033163 -0.115252 0.370524
 66 4.212047 5.420721 0.000000 -0.000000 0.000000 1.570796
 67 0.549399 0.000000 -0.000000 0.000000 0.000000 0.000000
 68 -38.836464 -1.519709 -0.000050 -3.141593 -1.570796 0.000000
time 59
  0 0.021326 41.211750 40.288780 -0.013234 -0.215282 -1.867428
  1 -8.334582 0.504387 -38.111362 0.202353 -0.075163 1.861224
  2 -1.042020 2.690040 0.000000 0.000000 -1.193149 -1.570795
  3 3.915688 -0.003758 1.552962 0.043708 -0.071377 0.115935
  4 4.761446 -0.003791 0.000000 0.000000 0.000000 0.000000
  5 4.761531 -0.003792 -0.000059 0.015793 0.065840 0.023209
  6 4.761528 -0.003788 -0.000060 0.015793 0.065840 0.023209
  7 4.762266 -0.002028 -0.000000 -0.000000 -0.000001 0.383972
  8 2.746984 0.000002 -0.000001 0.421008 -0.455569 -0.242218
  9 9.156623 0.000000 -0.000000 0.000000 0.000000 0.000000
 10 0.000003 0.002192 -1.281926 2.277540 1.367785 -1.238558
 11 7.285012 -0.000001 -0.000003 0.464125 0.178480 -0.425227
 12 12.718712 0.000000 -0.000004 -0.000000 -0.000000 -1.778986
 13 10.221163 0.000001 0.000004 1.663006 -0.019368 -0.079603
 14 1.389920 -0.447520 1.936563 -0.210439 -0.761471 0.314906
 15 1.208675 -0.000005 -0.000002 0.000000 0.000000 0.000000
 16 1.208674 0.000005 0.000002 0.000000 0.000000 0.000000
 17 1.208675 -0.000000 0.000002 0.000000 0.000000 3.141593
 18 3.507809 -0.429748 1.193334 0.022860 -0.225875 -0.088311
 19 1.560290 -0.000003 -0.000001 0.000000 0.000000 0.000000
 20 1.560287 -0.000000 0.000001 0.000000 0.000000 0.000000
 21 1.560287 0.000003 0.000001 0.000000 0.000000 3.141593
 22 3.044310 -0.436523 0.176985 0.140338 -0.004885 0.034563
 23 1.820340 -0.000000 0.000002 0.000000 0.000000 0.000000
 24 1.820335 0.000001 -0.000001 0.000000 0.000000 0.000000
 25 1.820336 0.000004 -0.000002 0.000000 0.000000 3.141593
 26 3.330763 -0.128980 -0.727984 0.013106 0.174047 0.071026
 27 1.560289 -0.000009 0.000001 0.000000 0.000000 0.000000
 28 1.560289 0.000002 -0.000001 0.000000 0.000000 0.000000
 29 1.560289 0.000004 -0.000001 0.000000 0.000000 3.141593
 30 3.208164 0.466225 -1.931737 0.024854 0.330715 0.074094
 31 1.300243 -0.000003 -0.000001 0.000000 0.000000 0.000000
 32 1.300240 -0.000004 0.000001 0.000000 0.000000 0.000000
 33 1.300242 -0.000004 0.000001 0.000000 0.000000 3.141593
 34 0.000001 0.002186 1.281929 1.416004 -1.226612 1.350296
 35 7.285010 0.000003 -0.000007 -0.680584 0.232588 0.134168
 36 12.538439 -0.000002 0.000000 0.000000 0.000000 -0.867493
 37 10.782776 0.000002 -0.000000 -1.595168 0.027638 -0.028500
 38 1.016387 0.059479 -2.003609 0.348822 0.790160 0.431299
 39 1.107954 -0.000003 0.000001 0.000000 0.000000 0.000000
 40 1.107951 -0.000000 -0.000001 0.000000 0.000000 0.000000
 41 1.107951 0.000002 -0.000001 0.000000 0.000000 0.000000
 42 3.077729 -0.144548 -1.412630 0.003835 0.209388 0.026587
 43 1.560290 -0.000002 0.000000 0.000000 0.000000 0.000000
 44 1.560289 -0.000002 0.000000 0.000000 0.000000 0.000000
 45 1.560288 -0.000001 0.000000 0.000000 0.000000 0.000000
 46 2.463498 0.093206 -0.291937 -0.000796 0.000000 0.000000
 47 1.820338 -0.000001 0.000001 0.000000 0.000000 0.000000
 48 1.820337 -0.000001 -0.000000 0.000000 0.000000 0.000000
 49 1.820337 -0.000001 -0.000000 0.000000 0.000000 0.000000
 50 3.016626 -0.086193 0.699124 -0.016172 -0.173791 0.088745
 51 1.560289 -0.000002 -0.000001 0.000000 0.000000 0.000000
 52 1.560289 -0.000003 0.000001 0.000000 0.000000 0.000000
 53 1.560289 -0.000003 0.000001 0.000000 0.000000 0.000000
 54 2.733753 0.442844 1.903234 -0.009342 -0.314026 0.027785
 55 1.300242 -0.000008 -0.000001 0.000000 0.000000 0.000000
 56 1.300241 0.000002 0.000001 0.000000 0.000000 0.000000
 57 1.300240 0.000004 0.000001 0.000000 0.000000 0.000000
 58 -3.728615 0.560313 2.359434 -0.457229 -2.732388 -0.218610
 59 15.353562 0.000000 -0.000001 0.000000 -0.000000 -0.858468
 60 19.266844 0.000003 0.000001 0.017538 0.079748 0.327767
 61 4.212047 5.420718 -0.000002 -0.000000 0.000000 1.570796
 62 0.549398 0.000000 -0.000002 0.000000 0.000000 3.141593
 63 -4.251020 0.241047 -4.940238 0.317859 2.761312 -0.272846
 64 15.353562 0.000001 -0.000000 0.000000 -0.000000 -0.574757
 65 19.266844 -0.000000 -0.000001 -0.091573 -0.069253 0.283423
 66 4.212046 5.420719 -0.000001 -0.000000 0.000000 1.570796
 67 0.549398 -0.000000 -0.000001 0.000000 0.000000 0.000000
 68 -38.836460 -1.519708 -0.000048 3.141593 -1.570796 0.000000
time 60
  0 -0.439751 40.865517 41.492599 -0.007558 -0.252870 -2.019662
  1 -10.062159 0.294293 -38.939007 0.225514 -0.115629 2.007515
  2 -1.734134 3.137325 -0.000004 -0.000000 -1.144240 -1.570795
  3 3.835373 -0.003684 1.742206 0.127317 -0.059844 0.192102
  4 4.761445 -0.003788 0.000001 0.000000 0.000000 0.000000
  5 4.761576 -0.003789 -0.000145 0.038387 0.080132 0.036547
  6 4.761572 -0.003788 -0.000144 0.038387 0.080132 0.036547
  7 4.762264 -0.002027 -0.000000 -0.000000 -0.000001 0.383972
  8 2.746983 0.000002 -0.000003 0.363872 -0.505491 -0.226940
  9 9.156631 -0.000002 0.000001 0.000000 0.000000 0.000000
 10 0.000001 0.002193 -1.281928 2.575371 1.378508 -0.942602
 11 7.285012 0.000001 -0.000001 0.483168 0.134747 -0.541265
 12 12.718714 0.000001 0.000003 -0.000000 -0.000000 -1.663593
 13 10.221164 -0.000000 -0.000003 1.652668 -0.020674 -0.071323
 14 1.389922 -0.447516 1.936562 -0.210439 -0.761471 0.314906
 15 1.208678 -0.000005 -0.000003 0.000000 0.000000 0.000000
 16 1.208673 0.000003 0.000002 0.000000 0.000000 0.000000
 17 1.208673 0.000004 0.000002 0.000000 0.000000 3.141593
 18 3.507808 -0.429741 1.193334 0.022860 -0.225875 -0.088311
 19 1.560293 -0.000002 -0.000001 0.000000 0.000000 0.000000
 20 1.560288 -0.000000 0.000001 0.000000 0.000000 0.000000
 21 1.560288 0.000001 0.000001 0.000000 0.000000 3.141593
 22 3.044310 -0.436516 0.176984 0.140338 -0.004885 0.034563
 23 1.820335 0.000002 0.000000 0.000000 0.000000 0.000000
 24 1.820339 -0.000000 -0.000001 0.000000 0.000000 0.000000
 25 1.820339 -0.000003 0.000001 0.000000 0.000000 3.141593
 26 3.330762 -0.128974 -0.727985 0.013106 0.174047 0.071026
 27 1.560289 -0.000005 0.000001 0.000000 0.000000 0.000000
 28 1.560286 0.000008 -0.000001 0.000000 0.000000 0.000000
 29 1.560291 -0.000001 0.000000 0.000000 0.000000 3.141593
 30 3.208164 0.466231 -1.931737 0.024854 0.330715 0.074094
 31 1.300237 0.000002 -0.000001 0.000000 0.000000 0.000000
 32 1.300243 0.000001 0.000001 0.000000 0.000000 0.000000
 33 1.300243 -0.000000 0.000001 0.000000 0.000000 3.141593
 34 -0.000001 0.002183 1.281927 1.156668 -1.084032 1.647521
 35 7.285012 -0.000001 -0.000003 -0.689680 0.282630 0.221904
 36 12.538438 0.000001 0.000000 0.000000 -0.000000 -0.698400
 37 10.782778 -0.000002 0.000001 -1.592388 0.029425 -0.036549
 38 1.016388 0.059481 -2.003610 0.348822 0.790160 0.431299
 39 1.107954 -0.000007 0.000001 0.000000 0.000000 0.000000
 40 1.107952 0.000003 -0.000002 0.000000 0.000000 0.000000
 41 1.107951 0.000005 0.000001 0.000000 0.000000 0.000000
 42 3.077730 -0.144547 -1.412631 0.003835 0.209388 0.026587
 43 1.560291 -0.000002 -0.000002 0.000000 0.000000 0.000000
 44 1.560286 0.000001 0.000001 0.000000 0.000000 0.000000
 45 1.560288 0.000004 0.000001 0.000000 0.000000 0.000000
 46 2.463500 0.093204 -0.291940 -0.000796 0.000000 0.000000
 47 1.820336 0.000001 0.000000 0.000000 0.000000 0.000000
 48 1.820339 0.000003 -0.000000 0.000000 0.000000 0.000000
 49 1.820336 0.000003 0.000000 0.000000 0.000000 0.000000
 50 3.016624 -0.086189 0.699125 -0.016172 -0.173791 0.088745
 51 1.560287 0.000002 -0.000001 0.000000 0.000000 0.000000
 52 1.560290 0.000001 -0.000000 0.000000 0.000000 0.000000
 53 1.560290 0.000001 0.000000 0.000000 0.000000 0.000000
 54 2.733753 0.442850 1.903234 -0.009342 -0.314026 0.027785
 55 1.300241 0.000003 -0.000001 0.000000 0.000000 0.000000
 56 1.300240 0.000008 0.000003 0.000000 0.000000 0.000000
 57 1.300241 -0.000001 -0.000001 0.000000 0.000000 0.000000
 58 -3.642523 1.001919 2.031359 -0.359708 -2.676855 -0.418486
 59 15.353564 0.000003 0.000002 -0.000000 0.000000 -0.625754
 60 19.266844 -0.000001 0.000002 0.052973 0.089607 0.329443
 61 4.212046 5.420718 0.000001 -0.000000 0.000000 1.570796
 62 0.549398 0.000000 0.000000 0.000000 0.000000 3.141593
 63 -4.080630 0.073453 -5.221643 0.474292 2.717597 -0.141943
 64 15.353562 0.000001 -0.000001 -0.000000 -0.000000 -0.353936
 65 19.266848 0.000002 0.000000 -0.249903 -0.038680 0.179189
 66 4.212048 5.420721 -0.000002 -0.000000 0.000000 1.570796
 67 0.549396 -0.000000 0.000001 0.000000 0.000000 0.000000
 68 -38.836464 -1.519708 -0.000051 3.141593 -1.570796 0.000000
time 61
  0 -0.738044 40.367916 42.281467 0.000151 -0.297908 -2.139045
  1 -11.499049 -0.005643 -37.450672 0.253315 -0.158496 2.118798
  2 -2.691758 3.244400 -0.000000 -0.000000 -1.097816 -1.570795
  3 3.750781 -0.003544 1.918085 0.179690 -0.075512 0.301621
  4 4.761443 -0.003793 -0.000002 0.000000 0.000000 0.000000
  5 4.761642 -0.003780 -0.000218 0.057845 0.088223 0.057552
  6 4.761647 -0.003782 -0.000217 0.057845 0.088223 0.057552
  7 4.762261 -0.002028 -0.000003 -0.000000 -0.000001 0.383972
  8 2.746985 0.000001 -0.000002 0.292195 -0.530799 -0.186988
  9 9.156631 0.000001 -0.000001 0.000000 0.000000 0.000000
 10 0.000005 0.002191 -1.281925 -3.125778 1.360406 -0.369303
 11 7.285012 -0.000000 -0.000000 0.581695 0.066609 -0.615834
 12 12.718717 0.000002 -0.000000 0.000000 -0.000000 -1.422018
 13 10.221161 -0.000001 -0.000002 1.631988 -0.023423 -0.054119
 14 1.389924 -0.447518 1.936564 -0.210439 -0.761471 0.314906
 15 1.208676 -0.000003 -0.000002 0.000000 0.000000 0.000000
 16 1.208674 -0.000001 0.000001 0.000000 0.000000 0.000000
 17 1.208674 0.000001 0.000001 0.000000 0.000000 3.141593
 18 3.507810 -0.429739 1.193332 0.022860 -0.225875 -0.088311
 19 1.560287 -0.000001 -0.000001 0.000000 0.000000 0.000000
 20 1.560290 -0.000003 0.000001 0.000000 0.000000 0.000000
 21 1.560291 -0.000005 0.000000 0.000000 0.000000 3.141593
 22 3.044310 -0.436512 0.176983 0.140338 -0.004885 0.034563
 23 1.820337 -0.000004 -0.000001 0.000000 0.000000 0.000000
 24 1.820338 -0.000002 0.000000 0.000000 0.000000 0.000000
 25 1.820337 -0.000002 0.000001 0.000000 0.000000 3.141593
 26 3.330762 -0.128971 -0.727987 0.013106 0.174047 0.071026
 27 1.560293 -0.000001 0.000001 0.000000 0.000000 0.000000
 28 1.560287 0.000001 0.000000 0.000000 0.000000 0.000000
 29 1.560287 0.000002 0.000000 0.000000 0.000000 3.141593
 30 3.208161 0.466236 -1.931738 0.024854 0.330715 0.074094
 31 1.300242 -0.000003 -0.000001 0.000000 0.000000 0.000000
 32 1.300240 -0.000004 -0.000001 0.000000 0.000000 0.000000
 33 1.300242 0.000004 -0.000001 0.000000 0.000000 3.141593
 34 0.000002 0.002182 1.281930 1.054583 -1.014040 1.775304
 35 7.285013 -0.000002 -0.000003 -0.751442 0.278032 0.193604
 36 12.538440 0.000000 0.000008 0.000000 -0.000000 -0.687356
 37 10.782781 0.000000 -0.000000 -1.587053 0.027635 -0.036619
 38 1.016389 0.059477 -2.003610 0.348822 0.790160 0.431299
 39 1.107952 -0.000000 -0.000000 0.000000 0.000000 0.000000
 40 1.107953 -0.000000 -0.000002 0.000000 0.000000 0.000000
 41 1.107953 -0.000001 0.000000 0.000000 0.000000 0.000000
 42 3.077732 -0.144554 -1.412633 0.003835 0.209388 0.026587
 43 1.560289 -0.000003 -0.000001 0.000000 0.000000 0.000000
 44 1.560288 0.000002 0.000003 0.000000 0.000000 0.000000
 45 1.560291 0.000001 -0.000000 0.000000 0.000000 0.000000
 46 2.463500 0.093204 -0.291938 -0.000796 0.000000 0.000000
 47 1.820336 -0.000003 0.000001 0.000000 0.000000 0.000000
 48 1.820340 -0.000008 -0.000003 0.000000 0.000000 0.000000
 49 1.820337 0.000001 0.000001 0.000000 0.000000 0.000000
 50 3.016628 -0.086196 0.699123 -0.016172 -0.173791 0.088745
 51 1.560289 -0.000000 0.000000 0.000000 0.000000 0.000000
 52 1.560290 -0.000000 0.000001 0.000000 0.000000 0.000000
 53 1.560289 0.000001 -0.000000 0.000000 0.000000 0.000000
 54 2.733754 0.442846 1.903233 -0.009342 -0.314026 0.027785
 55 1.300239 -0.000001 0.000001 0.000000 0.000000 0.000000
 56 1.300242 -0.000000 0.000001 0.000000 0.000000 0.000000
 57 1.300242 0.000000 0.000001 0.000000 0.000000 0.000000
 58 -3.438592 1.458815 1.777597 -0.253175 -2.583968 -0.682464
 59 15.353567 0.000003 -0.000001 0.000000 -0.000000 -0.266211
 60 19.266844 -0.000000 -0.000001 0.066640 0.071010 0.326269
 61 4.212047 5.420720 0.000000 -0.000000 0.000000 1.570796
 62 0.549398 0.000000 -0.000001 0.000000 0.000000 3.141593
 63 -3.991208 0.153324 -5.409221 0.666500 2.695116 -0.086947
 64 15.353560 0.000001 0.000002 0.000000 0.000000 -0.211272
 65 19.266848 0.000001 -0.000003 -0.437271 -0.013254 0.099690
 66 4.212047 5.420722 0.000000 -0.000000 0.000000 1.570796
 67 0.549396 0.000000 0.000001 0.000000 0.000000 0.000000
 68 -38.836460 -1.519707 -0.000047 3.141593 -1.570796 0.000000
time 62
  0 -0.607338 39.458179 43.169701 0.007860 -0.359414 -2.209604
  1 -14.091740 -0.294778 -37.503349 0.297545 -0.204826 2.177372
  2 -3.856708 3.016075 0.000002 0.000000 -1.054623 -1.570795
  3 3.664943 -0.003311 2.078114 0.204697 -0.111044 0.444071
  4 4.761446 -0.003794 0.000001 0.000000 0.000000 0.000000
  5 4.761738 -0.003772 -0.000287 0.076072 0.091143 0.085987
  6 4.761743 -0.003769 -0.000285 0.076072 0.091143 0.085987
  7 4.762262 -0.002031 -0.000001 -0.000000 -0.000001 0.383972
  8 2.746989 0.000003 -0.000000 0.210544 -0.524827 -0.153453
  9 9.156628 -0.000003 0.000001 0.000000 0.000000 0.000000
 10 0.000003 0.002192 -1.281927 -2.712331 1.320799 0.032665
 11 7.285014 -0.000001 0.000001 0.663063 0.044607 -0.549724
 12 12.718713 0.000000 0.000004 0.000000 0.000000 -1.268590
 13 10.221162 -0.000000 0.000002 1.618926 -0.025300 -0.042985
 14 1.389919 -0.447520 1.936561 -0.210439 -0.761471 0.314906
 15 1.208674 -0.000004 -0.000001 0.000000 0.000000 0.000000
 16 1.208676 -0.000004 -0.000000 0.000000 0.000000 0.000000
 17 1.208676 -0.000004 -0.000000 0.000000 0.000000 3.141593
 18 3.507811 -0.429746 1.193333 0.022860 -0.225875 -0.088311
 19 1.560293 -0.000001 0.000003 0.000000 0.000000 0.000000
 20 1.560289 0.000000 -0.000001 0.000000 0.000000 0.000000
 21 1.560289 0.000001 -0.000002 0.000000 0.000000 3.141593
 22 3.044312 -0.436521 0.176983 0.140338 -0.004885 0.034563
 23 1.820337 -0.000002 0.000002 0.000000 0.000000 0.000000
 24 1.820334 0.000001 -0.000004 0.000000 0.000000 0.000000
 25 1.820339 -0.000000 -0.000000 0.000000 0.000000 3.141593
 26 3.330763 -0.128983 -0.727984 0.013106 0.174047 0.071026
 27 1.560293 -0.000001 0.000002 0.000000 0.000000 0.000000
 28 1.560288 0.000000 -0.000001 0.000000 0.000000 0.000000
 29 1.560288 0.000002 -0.000001 0.000000 0.000000 3.141593
 30 3.208157 0.466229 -1.931738 0.024854 0.330715 0.074094
 31 1.300244 -0.000003 0.000002 0.000000 0.000000 0.000000
 32 1.300239 -0.000002 -0.000003 0.000000 0.000000 0.000000
 33 1.300241 0.000000 -0.000002 0.000000 0.000000 3.141593
 34 0.000002 0.002188 1.281927 0.995003 -1.062621 1.825081
 35 7.285012 0.000002 0.000003 -0.868166 0.206585 0.040304
 36 12.538437 0.000001 -0.000003 0.000000 -0.000000 -0.901006
 37 10.782778 0.000000 -0.000001 -1.576468 0.019727 -0.025327
 38 1.016391 0.059477 -2.003611 0.348822 0.790160 0.431299
 39 1.107953 -0.000003 0.000002 0.000000 0.000000 0.000000
 40 1.107952 -0.000001 -0.000001 0.000000 0.000000 0.000000
 41 1.107952 0.000001 -0.000001 0.000000 0.000000 0.000000
 42 3.077732 -0.144550 -1.412632 0.003835 0.209388 0.026587
 43 1.560289 -0.000002 -0.000002 0.000000 0.000000 0.000000
 44 1.560289 -0.000003 0.000000 0.000000 0.000000 0.000000
 45 1.560289 -0.000004 0.000000 0.000000 0.000000 0.000000
 46 2.463500 0.093207 -0.291937 -0.000796 0.000000 0.000000
 47 1.820338 0.000004 0.000001 0.000000 0.000000 0.000000
 48 1.820340 -0.000002 -0.000002 0.000000 0.000000 0.000000
 49 1.820335 -0.000001 0.000001 0.000000 0.000000 0.000000
 50 3.016627 -0.086193 0.699122 -0.016172 -0.173791 0.088745
 51 1.560290 -0.000006 -0.000001 0.000000 0.000000 0.000000
 52 1.560287 0.000004 0.000001 0.000000 0.000000 0.000000
 53 1.560287 0.000006 0.000001 0.000000 0.000000 0.000000
 54 2.733754 0.442847 1.903232 -0.009342 -0.314026 0.027785
 55 1.300240 0.000002 -0.000002 0.000000 0.000000 0.000000
 56 1.300241 0.000007 0.000003 0.000000 0.000000 0.000000
 57 1.300243 -0.000002 -0.000000 0.000000 0.000000 0.000000
 58 -3.112095 1.939214 1.580169 -0.075828 -2.532955 -1.060479
 59 15.353562 0.000000 -0.000002 -0.000000 0.000000 -0.001891
 60 19.266844 -0.000001 0.000001 0.043738 0.060043 0.319795
 61 4.212046 5.420722 -0.000002 -0.000000 0.000000 1.570796
 62 0.549398 0.000000 0.000001 0.000000 0.000000 3.141593
 63 -3.923850 0.459355 -5.548026 0.921542 2.769237 -0.166582
 64 15.353559 0.000001 -0.000002 -0.000000 0.000000 -0.075507
 65 19.266848 0.000001 0.000002 -0.373547 -0.150406 0.046569
 66 4.212046 5.420719 -0.000000 -0.000000 0.000000 1.570796
 67 0.549398 -0.000000 0.000000 0.000000 0.000000 0.000000
 68 -38.836464 -1.519708 -0.000052 -3.141593 -1.570796 0.000000
time 63
  0 -0.313849 38.397076 43.581795 0.012985 -0.439033 -2.234550
  1 -17.205154 -0.475719 -36.634850 0.362041 -0.254357 2.184856
  2 -4.937764 2.595398 0.000001 0.000000 -1.015402 -1.570795
  3 3.581110 -0.003027 2.220205 0.192342 -0.150522 0.591312
  4 4.761442 -0.003788 -0.000001 -0.000000 -0.000000 0.000000
  5 4.761851 -0.003762 -0.000337 0.089082 0.090564 0.115879
  6 4.761854 -0.003751 -0.000336 0.089082 0.090564 0.115879
  7 4.762270 -0.002027 0.000003 -0.000000 -0.000001 0.383972
  8 2.746989 -0.000000 -0.000001 0.153030 -0.504338 -0.134446
  9 9.156631 0.000001 0.000000 0.000000 0.000000 0.000000
 10 0.000001 0.002190 -1.281929 -2.408782 1.293958 0.328784
 11 7.285014 -0.000000 0.000002 0.693385 0.019255 -0.335060
 12 12.718717 0.000001 0.000002 0.000000 -0.000000 -1.258550
 13 10.221162 -0.000003 0.000000 1.618394 -0.026255 -0.041933
 14 1.389921 -0.447520 1.936563 -0.210439 -0.761471 0.314906
 15 1.208674 0.000006 -0.000000 0.000000 0.000000 0.000000
 16 1.208677 -0.000006 0.000000 0.000000 0.000000 0.000000
 17 1.208674 -0.000000 0.000001 0.000000 0.000000 3.141593
 18 3.507810 -0.429746 1.193335 0.022860 -0.225875 -0.088311
 19 1.560288 0.000001 0.000000 0.000000 0.000000 0.000000
 20 1.560288 0.000000 0.000000 0.000000 0.000000 0.000000
 21 1.560290 0.000002 -0.000002 0.000000 0.000000 3.141593
 22 3.044310 -0.436517 0.176983 0.140338 -0.004885 0.034563
 23 1.820340 -0.000002 0.000001 0.000000 0.000000 0.000000
 24 1.820336 -0.000001 0.000001 0.000000 0.000000 0.000000
 25 1.820337 -0.000001 0.000000 0.000000 0.000000 3.141593
 26 3.330763 -0.128979 -0.727985 0.013106 0.174047 0.071026
 27 1.560287 0.000003 -0.000000 0.000000 0.000000 0.000000
 28 1.560290 -0.000002 -0.000000 0.000000 0.000000 0.000000
 29 1.560290 0.000001 -0.000001 0.000000 0.000000 3.141593
 30 3.208162 0.466228 -1.931736 0.024854 0.330715 0.074094
 31 1.300240 0.000002 0.000002 0.000000 0.000000 0.000000
 32 1.300241 0.000003 -0.000002 0.000000 0.000000 0.000000
 33 1.300242 -0.000001 -0.000000 0.000000 0.000000 3.141593
 34 -0.000002 0.002185 1.281925 0.924885 -1.185378 1.868914
 35 7.285013 0.000001 -0.000001 -1.014626 0.101681 -0.131554
 36 12.538438 0.000003 -0.000001 -0.000000 0.000000 -1.268443
 37 10.782783 -0.000002 0.000002 -1.562440 0.007287 -0.006271
 38 1.016388 0.059482 -2.003609 0.348822 0.790160 0.431299
 39 1.107953 0.000001 -0.000000 0.000000 0.000000 0.000000
 40 1.107950 0.000007 -0.000003 0.000000 0.000000 0.000000
 41 1.107952 -0.000002 0.000002 0.000000 0.000000 0.000000
 42 3.077733 -0.144550 -1.412631 0.003835 0.209388 0.026587
 43 1.560288 -0.000000 -0.000001 0.000000 0.000000 0.000000
 44 1.560289 0.000001 0.000000 0.000000 0.000000 0.000000
 45 1.560289 0.000002 0.000000 0.000000 0.000000 0.000000
 46 2.463501 0.093206 -0.291938 -0.000796 -0.000000 -0.000000
 47 1.820334 0.000002 -0.000001 0.000000 0.000000 0.000000
 48 1.820341 0.000000 0.000000 0.000000 0.000000 0.000000
 49 1.820340 -0.000002 0.000001 0.000000 0.000000 0.000000
 50 3.016626 -0.086191 0.699124 -0.016172 -0.173791 0.088745
 51 1.560289 -0.000001 0.000001 0.000000 0.000000 0.000000
 52 1.560288 -0.000002 -0.000001 0.000000 0.000000 0.000000
 53 1.560290 -0.000002 -0.000001 0.000000 0.000000 0.000000
 54 2.733753 0.442847 1.903233 -0.009342 -0.314026 0.027785
 55 1.300240 0.000001 0.000000 0.000000 0.000000 0.000000
 56 1.300241 0.000001 -0.000001 0.000000 0.000000 0.000000
 57 1.300241 0.000001 0.000000 0.000000 0.000000 0.000000
 58 -2.721487 2.319748 1.455104 0.202365 -2.589378 -1.565061
 59 15.353566 0.000001 0.000000 0.000000 -0.000000 0.061417
 60 19.266844 0.000000 0.000001 0.034365 0.072337 0.323671
 61 4.212046 5.420720 -0.000001 -0.000000 -0.000000 1.570796
 62 0.549397 0.000001 0.000001 0.000000 0.000000 3.141593
 63 -3.819945 0.935275 -5.653811 1.183261 2.853913 -0.340978
 64 15.353560 0.000001 -0.000001 0.000000 0.000000 0.020618
 65 19.266848 0.000001 -0.000001 0.096794 -0.358210 0.034141
 66 4.212046 5.420720 -0.000000 -0.000000 -0.000000 1.570796
 67 0.549397 0.000000 0.000001 0.000000 0.000000 0.000000
 68 -38.836460 -1.519709 -0.000051 3.141593 -1.570796 0.000000
time 64
  0 -0.274937 37.491749 43.517742 0.013116 -0.527136 -2.231550
  1 -20.329952 -0.458072 -34.923603 0.438444 -0.302966 2.160014
  2 -5.732940 2.219048 -0.000001 -0.000000 -0.980897 -1.570795
  3 3.502724 -0.002773 2.342539 0.141529 -0.176881 0.714635
  4 4.761443 -0.003793 0.000000 -0.000000 -0.000000 0.000000
  5 4.761949 -0.003743 -0.000348 0.092971 0.088574 0.141348
  6 4.761941 -0.003739 -0.000351 0.092971 0.088574 0.141348
  7 4.762267 -0.002030 0.000002 -0.000000 -0.000001 0.383972
  8 2.746988 -0.000001 0.000000 0.141537 -0.497228 -0.125066
  9 9.156626 -0.000001 0.000000 0.000000 0.000000 0.000000
 10 -0.000001 0.002191 -1.281929 -2.138017 1.251737 0.595090
 11 7.285012 -0.000002 -0.000002 0.695797 -0.055632 -0.077332
 12 12.718712 0.000001 0.000002 -0.000000 0.000000 -1.292246
 13 10.221162 0.000000 -0.000003 1.621947 -0.027166 -0.043999
 14 1.389920 -0.447517 1.936562 -0.210439 -0.761471 0.314906
 15 1.208676 0.000000 0.000001 0.000000 0.000000 0.000000
 16 1.208672 0.000002 0.000000 0.000000 0.000000 0.000000
 17 1.208675 0.000001 -0.000000 0.000000 0.000000 3.141593
 18 3.507810 -0.429742 1.193332 0.022860 -0.225875 -0.088311
 19 1.560288 -0.000000 -0.000000 0.000000 0.000000 0.000000
 20 1.560290 -0.000000 0.000001 0.000000 0.000000 0.000000
 21 1.560289 -0.000000 0.000002 0.000000 0.000000 3.141593
 22 3.044309 -0.436516 0.176982 0.140338 -0.004885 0.034563
 23 1.820338 -0.000002 0.000003 0.000000 0.000000 0.000000
 24 1.820337 -0.000001 -0.000000 0.000000 0.000000 0.000000
 25 1.820337 -0.000000 -0.000001 0.000000 0.000000 3.141593
 26 3.330764 -0.128976 -0.727985 0.013106 0.174047 0.071026
 27 1.560288 -0.000001 -0.000001 0.000000 0.000000 0.000000
 28 1.560290 -0.000001 0.000001 0.000000 0.000000 0.000000
 29 1.560290 -0.000000 -0.000000 0.000000 0.000000 3.141593
 30 3.208160 0.466233 -1.931737 0.024854 0.330715 0.074094
 31 1.300241 0.000001 -0.000001 0.000000 0.000000 0.000000
 32 1.300241 -0.000000 0.000001 0.000000 0.000000 0.000000
 33 1.300241 -0.000001 0.000000 0.000000 0.000000 3.141593
 34 0.000001 0.002184 1.281928 0.798553 -1.333271 1.972509
 35 7.285012 0.000001 -0.000003 -1.159991 0.010401 -0.238200
 36 12.538440 -0.000002 0.000002 -0.000000 -0.000000 -1.679837
 37 10.782778 -0.000001 0.000004 -1.548931 -0.005958 0.014800
 38 1.016386 0.059481 -2.003610 0.348822 0.790160 0.431299
 39 1.107952 0.000004 -0.000001 0.000000 0.000000 0.000000
 40 1.107951 -0.000004 -0.000001 0.000000 0.000000 0.000000
 41 1.107951 -0.000004 -0.000002 0.000000 0.000000 0.000000
 42 3.077730 -0.144551 -1.412630 0.003835 0.209388 0.026587
 43 1.560289 -0.000004 -0.000000 0.000000 0.000000 0.000000
 44 1.560289 0.000004 0.000001 0.000000 0.000000 0.000000
 45 1.560289 -0.000004 -0.000001 0.000000 0.000000 0.000000
 46 2.463497 0.093205 -0.291939 -0.000796 0.000000 -0.000000
 47 1.820333 0.000004 -0.000003 0.000000 0.000000 0.000000
 48 1.820339 -0.000005 -0.000001 0.000000 0.000000 0.000000
 49 1.820337 0.000002 0.000001 0.000000 0.000000 0.000000
 50 3.016627 -0.086195 0.699124 -0.016172 -0.173791 0.088745
 51 1.560288 0.000003 -0.000000 0.000000 0.000000 0.000000
 52 1.560293 -0.000001 0.000001 0.000000 0.000000 0.000000
 53 1.560287 -0.000000 -0.000001 0.000000 0.000000 0.000000
 54 2.733754 0.442842 1.903232 -0.009342 -0.314026 0.027785
 55 1.300242 -0.000001 -0.000000 0.000000 0.000000 0.000000
 56 1.300236 0.000003 -0.000001 0.000000 0.000000 0.000000
 57 1.300242 0.000001 -0.000000 0.000000 0.000000 0.000000
 58 -2.370367 2.523539 1.423003 -2.676301 -0.394129 1.108364
 59 15.353564 0.000003 0.000000 -0.000000 -0.000000 0.029503
 60 19.266848 0.000004 -0.000000 0.042216 0.080541 0.327708
 61 4.212049 5.420721 -0.000000 -0.000000 0.000000 1.570796
 62 0.549397 -0.000002 0.000002 0.000000 0.000000 3.141593
 63 -3.659326 1.506363 -5.715903 1.344007 2.871723 -0.496017
 64 15.353562 0.000001 0.000000 0.000000 0.000000 -0.001761
 65 19.266848 0.000001 0.000001 0.656270 -0.465418 0.038682
 66 4.212046 5.420721 0.000001 -0.000000 0.000000 1.570796
 67 0.549397 0.000000 0.000001 0.000000 0.000000 0.000000
 68 -38.836460 -1.519708 -0.000052 3.141593 -1.570796 0.000000
time 65
  0 -0.512915 36.781250 43.279877 0.007799 -0.613808 -2.218783
  1 -23.140015 -0.256140 -32.840218 0.516209 -0.348433 2.123452
  2 -6.287398 2.029084 0.000000 0.000000 -0.951851 -1.570795
  3 3.433427 -0.002612 2.443720 0.002309 -0.181886 0.811360
  4 4.761443 -0.003787 0.000002 -0.000000 -0.000000 0.000000
  5 4.762037 -0.003736 -0.000285 0.075556 0.082552 0.163835
  6 4.762039 -0.003730 -0.000284 0.075557 0.082552 0.163835
  7 4.762269 -0.002025 0.000001 -0.000000 -0.000001 0.383972
  8 2.746987 -0.000003 -0.000000 0.219286 -0.550077 -0.134490
  9 9.156628 0.000000 -0.000001 0.000000 0.000000 0.000000
 10 -0.000004 0.002189 -1.281930 -1.923441 1.200290 0.809995
 11 7.285013 0.000001 -0.000004 0.670887 -0.146652 0.079031
 12 12.718714 -0.000001 -0.000000 0.000000 -0.000000 -1.351673
 13 10.221165 -0.000000 -0.000002 1.627600 -0.027789 -0.047819
 14 1.389920 -0.447518 1.936562 -0.210439 -0.761471 0.314906
 15 1.208672 0.000001 -0.000002 0.000000 0.000000 0.000000
 16 1.208677 -0.000000 0.000001 0.000000 0.000000 0.000000
 17 1.208676 -0.000001 0.000001 0.000000 0.000000 3.141593
 18 3.507810 -0.429743 1.193335 0.022860 -0.225875 -0.088311
 19 1.560289 -0.000002 0.000000 0.000000 0.000000 0.000000
 20 1.560289 -0.000001 0.000000 0.000000 0.000000 0.000000
 21 1.560289 -0.000001 0.000000 0.000000 0.000000 3.141593
 22 3.044310 -0.436517 0.176984 0.140338 -0.004885 0.034563
 23 1.820338 0.000000 -0.000003 0.000000 0.000000 0.000000
 24 1.820337 -0.000001 0.000002 0.000000 0.000000 0.000000
 25 1.820337 -0.000003 0.000001 0.000000 0.000000 3.141593
 26 3.330763 -0.128975 -0.727985 0.013106 0.174047 0.071026
 27 1.560289 -0.000001 0.000002 0.000000 0.000000 0.000000
 28 1.560289 -0.000000 -0.000001 0.000000 0.000000 0.000000
 29 1.560289 0.000000 -0.000002 0.000000 0.000000 3.141593
 30 3.208162 0.466231 -1.931737 0.024854 0.330715 0.074094
 31 1.300242 0.000002 0.000000 0.000000 0.000000 0.000000
 32 1.300240 0.000002 -0.000000 0.000000 0.000000 0.000000
 33 1.300240 0.000002 -0.000001 0.000000 0.000000 3.141593
 34 -0.000000 0.002181 1.281927 0.436235 -1.447357 2.323507
 35 7.285012 0.000000 0.000001 -1.278761 -0.024166 -0.179356
 36 12.538439 -0.000001 0.000007 0.000000 0.000000 -2.025357
 37 10.782778 0.000000 -0.000005 -1.539625 -0.015988 0.032327
 38 1.016387 0.059478 -2.003613 0.348822 0.790160 0.431299
 39 1.107950 0.000000 0.000003 0.000000 0.000000 0.000000
 40 1.107953 0.000001 -0.000004 0.000000 0.000000 0.000000
 41 1.107954 0.000002 -0.000003 0.000000 0.000000 0.000000
 42 3.077729 -0.144550 -1.412633 0.003835 0.209388 0.026587
 43 1.560291 -0.000002 0.000003 0.000000 0.000000 0.000000
 44 1.560288 -0.000001 -0.000003 0.000000 0.000000 0.000000
 45 1.560289 0.000000 -0.000001 0.000000 0.000000 0.000000
 46 2.463501 0.093200 -0.291939 -0.000796 0.000000 0.000000
 47 1.820339 -0.000002 0.000001 0.000000 0.000000 0.000000
 48 1.820337 -0.000003 0.000001 0.000000 0.000000 0.000000
 49 1.820338 -0.000004 0.000002 0.000000 0.000000 0.000000
 50 3.016624 -0.086195 0.699121 -0.016172 -0.173791 0.088745
 51 1.560290 -0.000004 0.000003 0.000000 0.000000 0.000000
 52 1.560286 0.000007 -0.000004 0.000000 0.000000 0.000000
 53 1.560290 -0.000003 0.000001 0.000000 0.000000 0.000000
 54 2.733752 0.442844 1.903230 -0.009342 -0.314026 0.027785
 55 1.300244 -0.000000 0.000001 0.000000 0.000000 0.000000
 56 1.300238 0.000003 -0.000001 0.000000 0.000000 0.000000
 57 1.300238 0.000006 -0.000002 0.000000 0.000000 0.000000
 58 -2.102614 2.495553 1.620328 -2.478087 -0.301063 0.812583
 59 15.353565 -0.000002 0.000002 0.000000 0.000000 -0.002316
 60 19.266844 0.000001 -0.000002 0.045741 0.071363 0.307512
 61 4.212044 5.420719 0.000002 -0.000000 0.000000 1.570796
 62 0.549398 -0.000003 -0.000003 0.000000 0.000000 3.141593
 63 -3.427652 2.478908 -5.584119 1.300345 2.676518 -0.599827
 64 15.353562 0.000001 -0.000000 0.000000 0.000000 -0.474567
 65 19.266846 0.000003 -0.000000 0.638678 -0.500983 0.229199
 66 4.212047 5.420720 -0.000001 -0.000000 0.000000 1.570796
 67 0.549397 -0.000000 -0.000000 0.000000 0.000000 0.000000
 68 -38.836468 -1.519708 -0.000053 -3.141593 -1.570796 0.000000
time 66
  0 -0.772289 36.096508 42.965729 0.000716 -0.689144 -2.216813
  1 -25.346397 -0.022013 -30.763979 0.582280 -0.392212 2.097638
  2 -6.618094 2.064807 -0.000000 -0.000000 -0.929007 -1.570795
  3 3.376734 -0.002484 2.522149 -0.186790 -0.167893 0.874131
  4 4.761446 -0.003791 0.000001 -0.000000 -0.000000 -0.000000
  5 4.762123 -0.003725 -0.000165 0.044057 0.074169 0.182169
  6 4.762120 -0.003723 -0.000166 0.044057 0.074169 0.182169
  7 4.762262 -0.002032 -0.000001 -0.000000 -0.000001 0.383972
  8 2.746990 -0.000003 0.000001 0.350923 -0.644660 -0.169044
  9 9.156627 0.000001 0.000000 0.000000 0.000000 0.000000
 10 0.000003 0.002188 -1.281927 -1.759900 1.150089 0.979347
 11 7.285013 -0.000000 -0.000000 0.608279 -0.223477 0.123083
 12 12.718713 -0.000001 0.000004 -0.000000 0.000000 -1.418827
 13 10.221161 0.000001 -0.000005 1.633362 -0.027888 -0.052019
 14 1.389921 -0.447518 1.936562 -0.210439 -0.761471 0.314906
 15 1.208675 -0.000002 0.000001 0.000000 0.000000 0.000000
 16 1.208675 0.000001 -0.000001 0.000000 0.000000 0.000000
 17 1.208675 0.000001 -0.000001 0.000000 0.000000 3.141593
 18 3.507809 -0.429743 1.193334 0.022860 -0.225875 -0.088311
 19 1.560288 -0.000001 -0.000001 0.000000 0.000000 0.000000
 20 1.560290 -0.000001 0.000003 0.000000 0.000000 0.000000
 21 1.560289 -0.000002 0.000002 0.000000 0.000000 3.141593
 22 3.044309 -0.436516 0.176983 0.140338 -0.004885 0.034563
 23 1.820337 0.000001 0.000000 0.000000 0.000000 0.000000
 24 1.820338 -0.000001 0.000003 0.000000 0.000000 0.000000
 25 1.820337 -0.000001 -0.000001 0.000000 0.000000 3.141593
 26 3.330764 -0.128977 -0.727985 0.013106 0.174047 0.071026
 27 1.560289 -0.000000 0.000000 0.000000 0.000000 0.000000
 28 1.560290 0.000002 -0.000001 0.000000 0.000000 0.000000
 29 1.560288 -0.000002 0.000001 0.000000 0.000000 3.141593
 30 3.208161 0.466230 -1.931737 0.024854 0.330715 0.074094
 31 1.300243 0.000000 -0.000001 0.000000 0.000000 0.000000
 32 1.300240 -0.000001 0.000000 0.000000 0.000000 0.000000
 33 1.300241 -0.000002 0.000001 0.000000 0.000000 3.141593
 34 0.000004 0.002184 1.281929 -0.081181 -1.462943 2.837535
 35 7.285012 0.000004 -0.000002 -1.314918 0.008722 -0.008123
 36 12.538441 0.000003 -0.000003 -0.000000 0.000000 -2.195172
 37 10.782782 0.000005 -0.000001 -1.537982 -0.018583 0.040871
 38 1.016388 0.059477 -2.003612 0.348822 0.790160 0.431299
 39 1.107953 -0.000001 -0.000006 0.000000 0.000000 0.000000
 40 1.107952 -0.000001 0.000004 0.000000 0.000000 0.000000
 41 1.107951 -0.000002 0.000003 0.000000 0.000000 0.000000
 42 3.077732 -0.144554 -1.412629 0.003835 0.209388 0.026587
 43 1.560287 0.000004 -0.000003 0.000000 0.000000 0.000000
 44 1.560290 -0.000005 0.000003 0.000000 0.000000 0.000000
 45 1.560290 0.000001 0.000001 0.000000 0.000000 0.000000
 46 2.463500 0.093203 -0.291940 -0.000796 0.000000 -0.000000
 47 1.820339 -0.000005 0.000004 0.000000 0.000000 0.000000
 48 1.820337 0.000004 -0.000001 0.000000 0.000000 0.000000
 49 1.820336 -0.000002 -0.000002 0.000000 0.000000 0.000000
 50 3.016627 -0.086196 0.699124 -0.016172 -0.173791 0.088745
 51 1.560286 0.000006 -0.000002 0.000000 0.000000 0.000000
 52 1.560291 -0.000004 0.000004 0.000000 0.000000 0.000000
 53 1.560290 -0.000006 0.000002 0.000000 0.000000 0.000000
 54 2.733753 0.442844 1.903230 -0.009342 -0.314026 0.027785
 55 1.300244 -0.000007 0.000004 0.000000 0.000000 0.000000
 56 1.300241 0.000002 -0.000001 0.000000 0.000000 0.000000
 57 1.300240 0.000003 -0.000002 0.000000 0.000000 0.000000
 58 -1.943800 2.270433 1.941625 -2.329899 -0.329872 0.703607
 59 15.353568 0.000000 -0.000001 0.000000 0.000000 0.036365
 60 19.266844 -0.000002 -0.000002 0.038171 0.047911 0.235230
 61 4.212044 5.420720 0.000003 -0.000000 0.000000 1.570796
 62 0.549399 -0.000001 -0.000002 0.000000 0.000000 3.141593
 63 -3.167900 3.611639 -5.155052 1.149333 2.650283 -0.692877
 64 15.353563 0.000001 -0.000002 -0.000000 0.000000 -0.704678
 65 19.266846 0.000001 0.000004 0.663527 -0.528650 0.288649
 66 4.212047 5.420720 0.000001 -0.000000 -0.000000 1.570796
 67 0.549398 0.000000 -0.000001 0.000000 0.000000 0.000000
 68 -38.836468 -1.519708 -0.000046 -3.141593 -1.570796 0.000000
time 67
  0 -1.053711 35.432487 42.583393 0.000157 -0.743412 -2.249740
  1 -26.719007 -0.004568 -29.062408 0.621131 -0.438842 2.106771
  2 -6.616022 2.240310 0.000001 -0.000000 -0.913108 -1.570795
  3 3.336118 -0.002463 2.575854 -0.291637 -0.160052 0.874963
  4 4.761445 -0.003788 0.000002 0.000000 0.000000 0.000000
  5 4.762142 -0.003728 -0.000090 0.024087 0.070955 0.186153
  6 4.762141 -0.003727 -0.000090 0.024087 0.070955 0.186153
  7 4.762265 -0.002031 -0.000001 -0.000000 -0.000001 0.383972
  8 2.746989 -0.000000 0.000001 0.443144 -0.691992 -0.180227
  9 9.156626 -0.000004 0.000001 0.000000 0.000000 0.000000
 10 0.000001 0.002187 -1.281928 -1.631499 1.112085 1.118346
 11 7.285012 -0.000003 -0.000002 0.483901 -0.306611 0.178899
 12 12.718713 -0.000002 0.000001 -0.000000 -0.000000 -1.475703
 13 10.221161 0.000002 0.000001 1.637239 -0.027258 -0.055222
 14 1.389918 -0.447519 1.936564 -0.210439 -0.761471 0.314906
 15 1.208675 -0.000002 -0.000000 0.000000 0.000000 0.000000
 16 1.208675 0.000002 0.000000 0.000000 0.000000 0.000000
 17 1.208675 0.000001 0.000001 0.000000 0.000000 3.141593
 18 3.507807 -0.429743 1.193334 0.022860 -0.225875 -0.088311
 19 1.560289 0.000002 -0.000000 0.000000 0.000000 0.000000
 20 1.560289 -0.000005 0.000002 0.000000 0.000000 0.000000
 21 1.560289 -0.000001 -0.000001 0.000000 0.000000 3.141593
 22 3.044308 -0.436517 0.176984 0.140338 -0.004885 0.034563
 23 1.820338 -0.000000 0.000001 0.000000 0.000000 0.000000
 24 1.820337 0.000001 -0.000003 0.000000 0.000000 0.000000
 25 1.820336 0.000001 0.000001 0.000000 0.000000 3.141593
 26 3.330761 -0.128978 -0.727984 0.013106 0.174047 0.071026
 27 1.560289 0.000001 -0.000000 0.000000 0.000000 0.000000
 28 1.560290 0.000001 0.000000 0.000000 0.000000 0.000000
 29 1.560289 0.000000 -0.000001 0.000000 0.000000 3.141593
 30 3.208159 0.466230 -1.931736 0.024854 0.330715 0.074094
 31 1.300243 0.000001 -0.000002 0.000000 0.000000 0.000000
 32 1.300240 0.000001 0.000001 0.000000 0.000000 0.000000
 33 1.300241 0.000001 0.000001 0.000000 0.000000 3.141593
 34 0.000002 0.002184 1.281928 0.007724 -1.401388 2.749210
 35 7.285012 0.000001 0.000002 -1.217690 0.050369 0.098240
 36 12.538437 0.000002 -0.000001 0.000000 0.000000 -2.136577
 37 10.782779 0.000001 -0.000001 -1.546994 -0.010744 0.037803
 38 1.016388 0.059478 -2.003611 0.348822 0.790160 0.431299
 39 1.107952 0.000000 0.000001 0.000000 0.000000 0.000000
 40 1.107952 -0.000000 0.000001 0.000000 0.000000 0.000000
 41 1.107952 -0.000000 0.000002 0.000000 0.000000 0.000000
 42 3.077730 -0.144550 -1.412632 0.003835 0.209388 0.026587
 43 1.560288 0.000001 -0.000003 0.000000 0.000000 0.000000
 44 1.560289 0.000002 0.000001 0.000000 0.000000 0.000000
 45 1.560288 0.000004 0.000001 0.000000 0.000000 0.000000
 46 2.463500 0.093204 -0.291938 -0.000796 0.000000 -0.000000
 47 1.820337 0.000001 0.000001 0.000000 0.000000 0.000000
 48 1.820337 0.000001 -0.000001 0.000000 0.000000 0.000000
 49 1.820337 0.000000 -0.000001 0.000000 0.000000 0.000000
 50 3.016627 -0.086196 0.699125 -0.016172 -0.173791 0.088745
 51 1.560288 -0.000000 0.000001 0.000000 0.000000 0.000000
 52 1.560291 -0.000001 0.000002 0.000000 0.000000 0.000000
 53 1.560289 -0.000001 0.000001 0.000000 0.000000 0.000000
 54 2.733755 0.442842 1.903234 -0.009342 -0.314026 0.027785
 55 1.300245 -0.000000 0.000002 0.000000 0.000000 0.000000
 56 1.300238 0.000001 -0.000001 0.000000 0.000000 0.000000
 57 1.300239 0.000003 -0.000001 0.000000 0.000000 0.000000
 58 -1.936131 2.047547 2.090403 -2.292635 -0.375668 0.756764
 59 15.353568 0.000002 -0.000002 -0.000000 0.000000 0.075140
 60 19.266848 0.000001 -0.000004 0.026009 0.012064 0.140638
 61 4.212042 5.420717 0.000000 -0.000000 -0.000000 1.570796
 62 0.549399 -0.000001 -0.000001 0.000000 0.000000 3.141593
 63 -3.103565 4.126788 -4.835919 1.054883 2.623818 -0.701219
 64 15.353559 0.000000 0.000002 -0.000000 0.000000 -0.858779
 65 19.266844 0.000004 0.000000 0.653433 -0.546389 0.327499
 66 4.212046 5.420720 -0.000001 -0.000000 0.000000 1.570796
 67 0.549398 0.000000 -0.000001 0.000000 0.000000 0.000000
 68 -38.836460 -1.519709 -0.000054 3.141593 -1.570796 0.000000
time 68
  0 -1.357827 34.784172 42.140930 -0.000733 -0.753135 -2.348187
  1 -26.697695 0.020868 -28.478447 0.588561 -0.500935 2.193707
  2 -6.365318 2.446171 -0.000001 0.000000 -0.904896 -1.570795
  3 3.314741 -0.002584 2.603155 -0.295532 -0.165071 0.828890
  4 4.761443 -0.003787 0.000001 0.000000 0.000000 0.000000
  5 4.762103 -0.003730 -0.000075 0.020004 0.073592 0.177040
  6 4.762109 -0.003731 -0.000074 0.020004 0.073592 0.177039
  7 4.762263 -0.002026 -0.000001 -0.000000 -0.000001 0.383972
  8 2.746988 -0.000002 -0.000001 0.497534 -0.661525 -0.171555
  9 9.156629 -0.000002 0.000000 0.000000 0.000000 0.000000
 10 0.000002 0.002188 -1.281927 -1.496342 1.094308 1.269773
 11 7.285016 0.000000 0.000002 0.321759 -0.410618 0.258646
 12 12.718713 0.000004 -0.000002 0.000000 -0.000000 -1.518908
 13 10.221165 0.000001 -0.000001 1.638875 -0.026021 -0.056725
 14 1.389920 -0.447517 1.936562 -0.210439 -0.761471 0.314906
 15 1.208681 -0.000000 -0.000000 0.000000 0.000000 0.000000
 16 1.208675 0.000001 -0.000002 0.000000 0.000000 0.000000
 17 1.208671 0.000001 0.000000 0.000000 0.000000 3.141593
 18 3.507811 -0.429743 1.193334 0.022860 -0.225875 -0.088311
 19 1.560291 0.000002 0.000001 0.000000 0.000000 0.000000
 20 1.560289 0.000003 -0.000004 0.000000 0.000000 0.000000
 21 1.560289 -0.000002 0.000000 0.000000 0.000000 3.141593
 22 3.044308 -0.436515 0.176983 0.140338 -0.004885 0.034563
 23 1.820339 0.000001 0.000004 0.000000 0.000000 0.000000
 24 1.820338 0.000001 -0.000002 0.000000 0.000000 0.000000
 25 1.820337 0.000002 -0.000001 0.000000 0.000000 3.141593
 26 3.330761 -0.128977 -0.727983 0.013106 0.174047 0.071026
 27 1.560291 -0.000000 0.000001 0.000000 0.000000 0.000000
 28 1.560289 -0.000001 -0.000001 0.000000 0.000000 0.000000
 29 1.560289 -0.000001 -0.000000 0.000000 0.000000 3.141593
 30 3.208160 0.466231 -1.931736 0.024854 0.330715 0.074094
 31 1.300242 -0.000000 0.000001 0.000000 0.000000 0.000000
 32 1.300241 0.000000 0.000001 0.000000 0.000000 0.000000
 33 1.300241 0.000001 0.000001 0.000000 0.000000 3.141593
 34 -0.000001 0.002181 1.281926 0.205746 -1.290195 2.558913
 35 7.285014 0.000001 0.000001 -1.026873 0.080641 0.126434
 36 12.538439 0.000002 0.000000 0.000000 -0.000000 -1.922791
 37 10.782782 0.000001 -0.000002 -1.564372 0.004691 0.026628
 38 1.016387 0.059477 -2.003611 0.348822 0.790160 0.431299
 39 1.107952 -0.000004 0.000000 0.000000 0.000000 0.000000
 40 1.107952 0.000004 0.000002 0.000000 0.000000 0.000000
 41 1.107951 0.000003 0.000000 0.000000 0.000000 0.000000
 42 3.077730 -0.144551 -1.412632 0.003835 0.209388 0.026587
 43 1.560289 0.000004 0.000001 0.000000 0.000000 0.000000
 44 1.560289 0.000003 -0.000001 0.000000 0.000000 0.000000
 45 1.560290 0.000002 -0.000001 0.000000 0.000000 0.000000
 46 2.463502 0.093201 -0.291938 -0.000796 0.000000 -0.000000
 47 1.820337 -0.000003 -0.000000 0.000000 0.000000 0.000000
 48 1.820337 -0.000003 0.000001 0.000000 0.000000 0.000000
 49 1.820338 -0.000002 0.000000 0.000000 0.000000 0.000000
 50 3.016626 -0.086195 0.699124 -0.016172 -0.173791 0.088745
 51 1.560290 -0.000002 -0.000000 0.000000 0.000000 0.000000
 52 1.560287 -0.000003 -0.000000 0.000000 0.000000 0.000000
 53 1.560288 -0.000003 -0.000001 0.000000 0.000000 0.000000
 54 2.733755 0.442842 1.903233 -0.009342 -0.314026 0.027785
 55 1.300241 0.000003 -0.000000 0.000000 0.000000 0.000000
 56 1.300242 -0.000000 0.000000 0.000000 0.000000 0.000000
 57 1.300243 -0.000003 0.000000 0.000000 0.000000 0.000000
 58 -2.033326 1.927825 2.063771 -2.349786 -0.403359 0.907521
 59 15.353567 -0.000001 0.000002 -0.000000 -0.000000 -0.001891
 60 19.266848 0.000001 -0.000000 0.016893 -0.032585 0.090072
 61 4.212048 5.420721 -0.000003 -0.000000 0.000000 1.570796
 62 0.549400 -0.000003 0.000000 0.000000 0.000000 3.141593
 63 -3.237039 4.032302 -4.848703 1.036044 2.580013 -0.636877
 64 15.353561 0.000001 -0.000004 0.000000 -0.000000 -0.957429
 65 19.266846 -0.000001 0.000001 0.552738 -0.523403 0.401659
 66 4.212047 5.420721 0.000001 -0.000000 0.000000 1.570796
 67 0.549397 0.000000 -0.000001 0.000000 0.000000 0.000000
 68 -38.836464 -1.519706 -0.000049 3.141593 -1.570796 0.000000
time 69
  0 -1.685290 34.146519 41.646442 -0.006313 -0.717996 -2.492442
  1 -25.355402 0.183237 -29.025824 0.480605 -0.556089 2.355152
  2 -6.003750 2.685812 0.000000 0.000000 -0.902956 -1.570795
  3 3.309543 -0.002751 2.609498 -0.274322 -0.168403 0.765952
  4 4.761448 -0.003789 0.000003 0.000000 0.000000 0.000000
  5 4.762055 -0.003742 -0.000072 0.018566 0.077823 0.163935
  6 4.762057 -0.003740 -0.000069 0.018566 0.077823 0.163935
  7 4.762262 -0.002028 -0.000002 -0.000000 -0.000001 0.383972
  8 2.746989 0.000001 0.000001 0.565570 -0.601147 -0.186995
  9 9.156626 -0.000002 -0.000000 0.000000 0.000000 0.000000
 10 0.000002 0.002191 -1.281927 -1.334025 1.086288 1.452236
 11 7.285011 -0.000002 0.000002 0.149108 -0.518888 0.321151
 12 12.718712 0.000004 -0.000000 -0.000000 0.000000 -1.560444
 13 10.221165 0.000005 0.000001 1.639598 -0.024319 -0.057443
 14 1.389921 -0.447517 1.936564 -0.210439 -0.761471 0.314906
 15 1.208673 0.000001 0.000003 0.000000 0.000000 0.000000
 16 1.208675 0.000002 -0.000003 0.000000 0.000000 0.000000
 17 1.208676 -0.000002 0.000001 0.000000 0.000000 3.141593
 18 3.507809 -0.429741 1.193335 0.022860 -0.225875 -0.088311
 19 1.560289 -0.000001 0.000002 0.000000 0.000000 0.000000
 20 1.560289 0.000000 -0.000000 0.000000 0.000000 0.000000
 21 1.560288 0.000001 -0.000001 0.000000 0.000000 3.141593
 22 3.044308 -0.436516 0.176985 0.140338 -0.004885 0.034563
 23 1.820337 0.000000 -0.000001 0.000000 0.000000 0.000000
 24 1.820338 -0.000001 -0.000001 0.000000 0.000000 0.000000
 25 1.820337 -0.000001 -0.000000 0.000000 0.000000 3.141593
 26 3.330763 -0.128974 -0.727985 0.013106 0.174047 0.071026
 27 1.560290 0.000001 -0.000001 0.000000 0.000000 0.000000
 28 1.560288 0.000003 -0.000000 0.000000 0.000000 0.000000
 29 1.560290 -0.000001 -0.000001 0.000000 0.000000 3.141593
 30 3.208160 0.466231 -1.931736 0.024854 0.330715 0.074094
 31 1.300241 -0.000001 0.000002 0.000000 0.000000 0.000000
 32 1.300242 -0.000000 -0.000002 0.000000 0.000000 0.000000
 33 1.300239 -0.000000 -0.000003 0.000000 0.000000 3.141593
 34 0.000003 0.002187 1.281931 0.336697 -1.148636 2.447761
 35 7.285011 0.000000 -0.000002 -0.821701 0.130248 0.176908
 36 12.538436 0.000001 0.000003 0.000000 -0.000000 -1.632874
 37 10.782779 0.000000 0.000002 -1.585607 0.023198 0.011144
 38 1.016390 0.059473 -2.003610 0.348822 0.790160 0.431299
 39 1.107952 0.000001 0.000001 0.000000 0.000000 0.000000
 40 1.107952 -0.000000 -0.000001 0.000000 0.000000 0.000000
 41 1.107952 -0.000001 -0.000001 0.000000 0.000000 0.000000
 42 3.077730 -0.144553 -1.412632 0.003835 0.209388 0.026587
 43 1.560290 0.000002 0.000001 0.000000 0.000000 0.000000
 44 1.560291 -0.000004 0.000001 0.000000 0.000000 0.000000
 45 1.560288 -0.000003 -0.000000 0.000000 0.000000 0.000000
 46 2.463500 0.093202 -0.291939 -0.000796 -0.000000 0.000000
 47 1.820338 0.000000 0.000000 0.000000 0.000000 0.000000
 48 1.820338 -0.000001 0.000000 0.000000 0.000000 0.000000
 49 1.820338 -0.000001 0.000000 0.000000 0.000000 0.000000
 50 3.016625 -0.086195 0.699124 -0.016172 -0.173791 0.088745
 51 1.560290 -0.000001 0.000000 0.000000 0.000000 0.000000
 52 1.560288 -0.000002 -0.000000 0.000000 0.000000 0.000000
 53 1.560289 -0.000003 -0.000000 0.000000 0.000000 0.000000
 54 2.733755 0.442842 1.903233 -0.009342 -0.314026 0.027785
 55 1.300242 -0.000002 -0.000001 0.000000 0.000000 0.000000
 56 1.300240 0.000000 0.000000 0.000000 0.000000 0.000000
 57 1.300240 0.000003 0.000000 0.000000 0.000000 0.000000
 58 -2.173122 1.820910 2.006006 -2.430928 -0.439440 1.086427
 59 15.353564 -0.000000 0.000000 -0.000000 0.000000 -0.236994
 60 19.266842 0.000003 -0.000002 0.015237 -0.088037 0.102620
 61 4.212047 5.420721 -0.000000 -0.000000 0.000000 1.570796
 62 0.549400 -0.000000 -0.000002 0.000000 0.000000 3.141593
 63 -3.400903 3.777207 -4.945651 1.010160 2.546839 -0.585851
 64 15.353562 -0.000002 -0.000002 0.000000 0.000000 -1.024217
 65 19.266846 0.000003 0.000002 0.412570 -0.497663 0.470907
 66 4.212046 5.420720 -0.000001 -0.000000 -0.000000 1.570796
 67 0.549398 0.000000 -0.000001 0.000000 0.000000 0.000000
 68 -38.836460 -1.519709 -0.000051 3.141593 -1.570796 0.000000
time 70
  0 -2.036746 33.514500 41.107998 0.000169 -0.660713 -2.634819
  1 -23.321556 -0.005075 -30.005312 0.360900 -0.566246 2.528706
  2 -5.544125 2.946902 0.000000 0.000000 -0.905191 -1.570795
  3 3.315190 -0.002936 2.601959 -0.235246 -0.168782 0.691377
  4 4.761443 -0.003787 0.000005 0.000000 0.000000 0.000000
  5 4.761998 -0.003751 -0.000072 0.019098 0.083106 0.148005
  6 4.761991 -0.003750 -0.000073 0.019098 0.083106 0.148005
  7 4.762265 -0.002031 0.000001 -0.000000 -0.000001 0.383972
  8 2.746986 -0.000001 -0.000001 0.623226 -0.534088 -0.198870
  9 9.156625 0.000002 0.000002 0.000000 0.000000 0.000000
 10 -0.000003 0.002191 -1.281930 -1.167997 1.075556 1.637021
 11 7.285011 0.000002 -0.000002 -0.028840 -0.622299 0.399598
 12 12.718708 0.000003 -0.000003 -0.000000 -0.000000 -1.605402
 13 10.221162 0.000005 0.000002 1.639937 -0.021993 -0.058429
 14 1.389921 -0.447519 1.936563 -0.210439 -0.761471 0.314906
 15 1.208676 0.000000 0.000003 0.000000 0.000000 0.000000
 16 1.208672 -0.000001 -0.000001 0.000000 0.000000 0.000000
 17 1.208675 -0.000000 -0.000002 0.000000 0.000000 3.141593
 18 3.507809 -0.429743 1.193335 0.022860 -0.225875 -0.088311
 19 1.560289 0.000001 -0.000001 0.000000 0.000000 0.000000
 20 1.560287 -0.000000 -0.000004 0.000000 0.000000 0.000000
 21 1.560290 0.000000 0.000000 0.000000 0.000000 3.141593
 22 3.044312 -0.436516 0.176982 0.140338 -0.004885 0.034563
 23 1.820337 0.000001 -0.000001 0.000000 0.000000 0.000000
 24 1.820338 -0.000002 -0.000004 0.000000 0.000000 0.000000
 25 1.820338 0.000001 0.000000 0.000000 0.000000 3.141593
 26 3.330763 -0.128977 -0.727984 0.013106 0.174047 0.071026
 27 1.560289 0.000001 0.000001 0.000000 0.000000 0.000000
 28 1.560289 -0.000001 0.000001 0.000000 0.000000 0.000000
 29 1.560291 0.000000 0.000001 0.000000 0.000000 3.141593
 30 3.208160 0.466228 -1.931738 0.024854 0.330715 0.074094
 31 1.300240 -0.000001 -0.000002 0.000000 0.000000 0.000000
 32 1.300242 0.000001 0.000001 0.000000 0.000000 0.000000
 33 1.300241 0.000001 0.000001 0.000000 0.000000 3.141593
 34 0.000000 0.002183 1.281928 0.415686 -1.007258 2.399673
 35 7.285007 -0.000001 -0.000003 -0.632757 0.188892 0.245564
 36 12.538438 0.000001 0.000000 0.000000 -0.000000 -1.345882
 37 10.782779 0.000000 -0.000001 -1.605998 0.040469 -0.004582
 38 1.016389 0.059476 -2.003610 0.348822 0.790160 0.431299
 39 1.107952 0.000001 0.000001 0.000000 0.000000 0.000000
 40 1.107952 0.000000 -0.000000 0.000000 0.000000 0.000000
 41 1.107952 -0.000000 -0.000001 0.000000 0.000000 0.000000
 42 3.077731 -0.144552 -1.412631 0.003835 0.209388 0.026587
 43 1.560289 -0.000001 -0.000000 0.000000 0.000000 0.000000
 44 1.560289 -0.000001 -0.000000 0.000000 0.000000 0.000000
 45 1.560289 -0.000001 -0.000001 0.000000 0.000000 0.000000
 46 2.463499 0.093205 -0.291938 -0.000796 -0.000000 0.000000
 47 1.820337 -0.000002 -0.000000 0.000000 0.000000 0.000000
 48 1.820337 0.000001 -0.000000 0.000000 0.000000 0.000000
 49 1.820337 0.000000 -0.000001 0.000000 0.000000 0.000000
 50 3.016625 -0.086195 0.699124 -0.016172 -0.173791 0.088745
 51 1.560289 0.000001 0.000001 0.000000 0.000000 0.000000
 52 1.560289 0.000000 -0.000001 0.000000 0.000000 0.000000
 53 1.560289 -0.000001 -0.000001 0.000000 0.000000 0.000000
 54 2.733752 0.442844 1.903232 -0.009342 -0.314026 0.027785
 55 1.300242 -0.000001 -0.000000 0.000000 0.000000 0.000000
 56 1.300240 0.000001 0.000001 0.000000 0.000000 0.000000
 57 1.300241 0.000000 0.000000 0.000000 0.000000 0.000000
 58 -2.337609 1.714112 1.926920 -2.539718 -0.471718 1.302118
 59 15.353562 0.000001 -0.000001 -0.000000 -0.000000 -0.554478
 60 19.266842 0.000003 -0.000000 0.027645 -0.145756 0.139036
 61 4.212046 5.420721 -0.000001 -0.000000 0.000000 1.570796
 62 0.549398 0.000000 0.000001 0.000000 0.000000 3.141593
 63 -3.568120 3.397237 -5.095399 0.959894 2.497611 -0.552494
 64 15.353562 -0.000000 -0.000000 -0.000000 0.000000 -1.077615
 65 19.266842 0.000003 -0.000001 0.301512 -0.466247 0.516821
 66 4.212047 5.420721 -0.000002 -0.000000 -0.000000 1.570796
 67 0.549398 -0.000000 0.000001 0.000000 0.000000 0.000000
 68 -38.836464 -1.519710 -0.000055 -3.141593 -1.570796 0.000000
time 71
  0 -2.412842 32.883095 40.533684 0.019098 -0.585666 -2.762574
  1 -20.688757 -0.595661 -31.185141 0.260651 -0.530964 2.685571
  2 -5.007745 3.216073 0.000000 -0.000000 -0.911325 -1.570795
  3 3.330892 -0.003122 2.581402 -0.184584 -0.164186 0.610267
  4 4.761444 -0.003790 0.000002 0.000000 0.000000 0.000000
  5 4.761928 -0.003757 -0.000077 0.020943 0.088896 0.130418
  6 4.761930 -0.003759 -0.000076 0.020943 0.088896 0.130418
  7 4.762264 -0.002032 -0.000002 -0.000000 -0.000001 0.383972
  8 2.746987 0.000001 -0.000001 0.659676 -0.488449 -0.188621
  9 9.156623 0.000000 -0.000001 0.000000 0.000000 0.000000
 10 -0.000000 0.002194 -1.281927 -1.030591 1.059392 1.788446
 11 7.285013 0.000003 -0.000001 -0.203313 -0.704740 0.511097
 12 12.718713 0.000004 -0.000002 -0.000000 0.000000 -1.658871
 13 10.221167 0.000002 -0.000001 1.640415 -0.018881 -0.060735
 14 1.389921 -0.447520 1.936564 -0.210439 -0.761471 0.314906
 15 1.208673 0.000000 0.000002 0.000000 0.000000 0.000000
 16 1.208674 0.000000 -0.000002 0.000000 0.000000 0.000000
 17 1.208676 0.000000 -0.000002 0.000000 0.000000 3.141593
 18 3.507810 -0.429746 1.193333 0.022860 -0.225875 -0.088311
 19 1.560288 -0.000002 -0.000002 0.000000 0.000000 0.000000
 20 1.560292 0.000002 0.000002 0.000000 0.000000 0.000000
 21 1.560289 -0.000000 -0.000001 0.000000 0.000000 -3.141593
 22 3.044312 -0.436517 0.176986 0.140338 -0.004885 0.034563
 23 1.820334 -0.000001 0.000001 0.000000 0.000000 0.000000
 24 1.820343 0.000002 0.000000 0.000000 0.000000 0.000000
 25 1.820337 -0.000001 -0.000001 0.000000 0.000000 3.141593
 26 3.330765 -0.128978 -0.727985 0.013106 0.174047 0.071026
 27 1.560290 0.000001 0.000001 0.000000 0.000000 0.000000
 28 1.560287 0.000001 0.000004 0.000000 0.000000 0.000000
 29 1.560289 -0.000000 -0.000000 0.000000 0.000000 3.141593
 30 3.208162 0.466229 -1.931735 0.024854 0.330715 0.074094
 31 1.300243 -0.000001 -0.000003 0.000000 0.000000 0.000000
 32 1.300242 0.000001 0.000003 0.000000 0.000000 0.000000
 33 1.300240 -0.000000 0.000000 0.000000 0.000000 3.141593
 34 -0.000001 0.002185 1.281927 0.459062 -0.897019 2.388213
 35 7.285012 0.000002 -0.000000 -0.479229 0.239967 0.306622
 36 12.538442 -0.000000 0.000003 -0.000000 0.000000 -1.140874
 37 10.782779 -0.000001 -0.000002 -1.620574 0.052502 -0.016152
 38 1.016390 0.059477 -2.003610 0.348822 0.790160 0.431299
 39 1.107952 0.000001 -0.000001 0.000000 0.000000 0.000000
 40 1.107951 -0.000002 -0.000001 0.000000 0.000000 0.000000
 41 1.107952 -0.000001 0.000000 0.000000 0.000000 0.000000
 42 3.077731 -0.144550 -1.412631 0.003835 0.209388 0.026587
 43 1.560288 -0.000002 -0.000001 0.000000 0.000000 0.000000
 44 1.560289 0.000001 -0.000000 0.000000 0.000000 0.000000
 45 1.560289 0.000001 -0.000001 0.000000 0.000000 0.000000
 46 2.463501 0.093203 -0.291938 -0.000796 0.000000 -0.000000
 47 1.820337 -0.000003 -0.000000 0.000000 0.000000 0.000000
 48 1.820337 0.000002 0.000000 0.000000 0.000000 0.000000
 49 1.820338 0.000003 0.000001 0.000000 0.000000 0.000000
 50 3.016627 -0.086194 0.699124 -0.016172 -0.173791 0.088745
 51 1.560288 0.000003 0.000001 0.000000 0.000000 0.000000
 52 1.560289 -0.000002 -0.000001 0.000000 0.000000 0.000000
 53 1.560288 0.000000 -0.000001 0.000000 0.000000 0.000000
 54 2.733754 0.442844 1.903233 -0.009342 -0.314026 0.027785
 55 1.300240 0.000004 0.000001 0.000000 0.000000 0.000000
 56 1.300241 -0.000000 -0.000000 0.000000 0.000000 0.000000
 57 1.300241 -0.000001 -0.000000 0.000000 0.000000 0.000000
 58 -2.514450 1.601369 1.837705 -2.661343 -0.485529 1.541032
 59 15.353566 0.000002 0.000002 -0.000000 -0.000000 -0.893307
 60 19.266844 0.000001 0.000000 0.053502 -0.188083 0.181011
 61 4.212047 5.420720 0.000001 -0.000000 0.000000 1.570796
 62 0.549397 -0.000001 0.000002 0.000000 0.000000 3.141593
 63 -3.711759 2.927741 -5.266325 0.872528 2.440686 -0.549715
 64 15.353564 0.000002 -0.000001 0.000000 -0.000000 -1.120808
 65 19.266848 -0.000000 -0.000000 0.234933 -0.448646 0.549148
 66 4.212046 5.420720 -0.000001 -0.000000 0.000000 1.570796
 67 0.549398 -0.000000 0.000000 0.000000 0.000000 0.000000
 68 -38.836464 -1.519707 -0.000051 3.141593 -1.570796 0.000000
time 72
  0 -2.814232 32.247261 39.931564 0.030381 -0.491682 -2.887085
  1 -17.386080 -0.986147 -32.448944 0.166639 -0.465694 2.839857
  2 -4.426246 3.476799 -0.000001 -0.000000 -0.921081 -1.570795
  3 3.355690 -0.003287 2.548599 -0.128855 -0.153749 0.527848
  4 4.761448 -0.003790 0.000000 0.000000 0.000000 0.000000
  5 4.761862 -0.003767 -0.000087 0.023469 0.094635 0.112337
  6 4.761864 -0.003770 -0.000093 0.023469 0.094635 0.112337
  7 4.762261 -0.002027 -0.000001 -0.000000 -0.000001 0.383972
  8 2.746989 0.000000 -0.000000 0.711240 -0.485839 -0.184783
  9 9.156631 -0.000002 0.000000 0.000000 0.000000 0.000000
 10 0.000003 0.002190 -1.281927 -0.952509 1.044119 1.874538
 11 7.285014 0.000000 -0.000001 -0.358897 -0.746618 0.653578
 12 12.718715 0.000001 -0.000001 0.000000 0.000000 -1.725940
 13 10.221163 -0.000001 -0.000003 1.641547 -0.014817 -0.065409
 14 1.389921 -0.447519 1.936560 -0.210439 -0.761471 0.314906
 15 1.208675 -0.000002 0.000005 0.000000 0.000000 0.000000
 16 1.208675 0.000001 -0.000000 0.000000 0.000000 0.000000
 17 1.208674 0.000001 -0.000002 0.000000 0.000000 3.141593
 18 3.507809 -0.429744 1.193331 0.022860 -0.225875 -0.088311
 19 1.560290 0.000003 0.000003 0.000000 0.000000 0.000000
 20 1.560288 -0.000000 -0.000002 0.000000 0.000000 0.000000
 21 1.560289 -0.000001 0.000000 0.000000 0.000000 3.141593
 22 3.044310 -0.436517 0.176980 0.140338 -0.004885 0.034563
 23 1.820338 0.000000 -0.000004 0.000000 0.000000 0.000000
 24 1.820336 0.000001 0.000001 0.000000 0.000000 0.000000
 25 1.820336 0.000000 0.000003 0.000000 0.000000 3.141593
 26 3.330762 -0.128977 -0.727985 0.013106 0.174047 0.071026
 27 1.560289 0.000001 0.000002 0.000000 0.000000 0.000000
 28 1.560290 -0.000001 -0.000004 0.000000 0.000000 0.000000
 29 1.560290 0.000000 0.000000 0.000000 0.000000 3.141593
 30 3.208163 0.466232 -1.931739 0.024854 0.330715 0.074094
 31 1.300243 0.000001 0.000001 0.000000 0.000000 0.000000
 32 1.300243 -0.000002 -0.000003 0.000000 0.000000 0.000000
 33 1.300240 0.000001 0.000001 0.000000 0.000000 3.141593
 34 0.000000 0.002186 1.281929 0.485585 -0.831360 2.385044
 35 7.285008 0.000002 0.000004 -0.420649 0.283083 0.296885
 36 12.538439 0.000001 -0.000002 -0.000000 0.000000 -1.061738
 37 10.782777 0.000000 -0.000001 -1.623575 0.055456 -0.020949
 38 1.016389 0.059479 -2.003609 0.348822 0.790160 0.431299
 39 1.107952 0.000001 0.000000 0.000000 0.000000 0.000000
 40 1.107952 0.000001 0.000001 0.000000 0.000000 0.000000
 41 1.107952 0.000001 -0.000000 0.000000 0.000000 0.000000
 42 3.077731 -0.144549 -1.412630 0.003835 0.209388 0.026587
 43 1.560289 -0.000002 0.000000 0.000000 0.000000 0.000000
 44 1.560289 0.000001 0.000000 0.000000 0.000000 0.000000
 45 1.560289 0.000001 0.000000 0.000000 0.000000 0.000000
 46 2.463500 0.093206 -0.291938 -0.000796 0.000000 0.000000
 47 1.820337 -0.000001 0.000000 0.000000 0.000000 0.000000
 48 1.820338 -0.000001 0.000000 0.000000 0.000000 0.000000
 49 1.820337 -0.000001 0.000001 0.000000 0.000000 0.000000
 50 3.016627 -0.086192 0.699125 -0.016172 -0.173791 0.088745
 51 1.560289 0.000002 0.000001 0.000000 0.000000 0.000000
 52 1.560289 -0.000003 -0.000000 0.000000 0.000000 0.000000
 53 1.560288 -0.000000 -0.000000 0.000000 0.000000 0.000000
 54 2.733754 0.442844 1.903232 -0.009342 -0.314026 0.027785
 55 1.300241 0.000002 0.000000 0.000000 0.000000 0.000000
 56 1.300241 -0.000003 -0.000000 0.000000 0.000000 0.000000
 57 1.300240 -0.000001 -0.000000 0.000000 0.000000 0.000000
 58 -2.692517 1.480511 1.749361 0.365220 -2.667718 -1.358381
 59 15.353567 0.000002 -0.000001 0.000000 -0.000000 -1.192447
 60 19.266846 -0.000000 -0.000000 0.079423 -0.208748 0.214818
 61 4.212046 5.420720 -0.000001 -0.000000 -0.000000 1.570796
 62 0.549397 -0.000001 0.000000 0.000000 0.000000 3.141593
 63 -3.814334 2.410683 -5.429522 0.756764 2.397872 -0.574984
 64 15.353563 -0.000000 -0.000002 0.000000 0.000000 -1.155298
 65 19.266848 -0.000000 -0.000001 0.184364 -0.425708 0.573602
 66 4.212046 5.420720 0.000001 -0.000000 -0.000000 1.570796
 67 0.549397 0.000000 0.000000 0.000000 0.000000 0.000000
 68 -38.836468 -1.519707 -0.000047 -3.141593 -1.570796 0.000000
time 73
  0 -3.241558 31.601982 39.309738 0.031419 -0.390850 -3.004068
  1 -13.793014 -1.051544 -33.457684 0.089917 -0.382116 2.980445
  2 -3.840019 3.709275 -0.000001 0.000000 -0.934184 -1.570795
  3 3.388573 -0.003422 2.504237 -0.074438 -0.138135 0.449291
  4 4.761444 -0.003791 0.000000 0.000000 0.000000 0.000000
  5 4.761790 -0.003774 -0.000099 0.026080 0.099738 0.094920
  6 4.761797 -0.003776 -0.000102 0.026080 0.099738 0.094920
  7 4.762261 -0.002026 0.000001 -0.000000 -0.000001 0.383972
  8 2.746992 -0.000002 -0.000001 0.785995 -0.509507 -0.202128
  9 9.156629 0.000002 0.000000 0.000000 0.000000 0.000000
 10 0.000005 0.002189 -1.281927 -0.955104 1.045767 1.871372
 11 7.285015 0.000001 -0.000003 -0.461555 -0.734092 0.765290
 12 12.718713 0.000003 -0.000001 -0.000000 0.000000 -1.817410
 13 10.221167 -0.000000 -0.000000 1.643334 -0.009127 -0.073717
 14 1.389921 -0.447519 1.936562 -0.210439 -0.761471 0.314906
 15 1.208678 0.000003 -0.000001 0.000000 0.000000 0.000000
 16 1.208673 -0.000003 -0.000001 0.000000 0.000000 0.000000
 17 1.208673 -0.000002 -0.000001 0.000000 0.000000 3.141593
 18 3.507809 -0.429744 1.193332 0.022860 -0.225875 -0.088311
 19 1.560290 0.000001 -0.000000 0.000000 0.000000 0.000000
 20 1.560290 0.000002 -0.000000 0.000000 0.000000 0.000000
 21 1.560288 -0.000000 0.000000 0.000000 0.000000 3.141593
 22 3.044310 -0.436517 0.176981 0.140338 -0.004885 0.034563
 23 1.820338 0.000001 -0.000001 0.000000 0.000000 0.000000
 24 1.820339 -0.000002 -0.000004 0.000000 0.000000 0.000000
 25 1.820337 0.000000 0.000001 0.000000 0.000000 3.141593
 26 3.330763 -0.128977 -0.727986 0.013106 0.174047 0.071026
 27 1.560291 0.000002 0.000001 0.000000 0.000000 0.000000
 28 1.560288 -0.000001 0.000000 0.000000 0.000000 0.000000
 29 1.560290 -0.000000 -0.000000 0.000000 0.000000 3.141593
 30 3.208163 0.466231 -1.931740 0.024854 0.330715 0.074094
 31 1.300243 0.000000 0.000000 0.000000 0.000000 0.000000
 32 1.300241 -0.000000 0.000000 0.000000 0.000000 0.000000
 33 1.300240 -0.000000 0.000000 0.000000 0.000000 3.141593
 34 0.000004 0.002181 1.281925 0.507775 -0.796771 2.378119
 35 7.285013 0.000001 0.000001 -0.448599 0.330100 0.222378
 36 12.538441 0.000000 0.000000 -0.000000 -0.000000 -1.063930
 37 10.782778 -0.000001 -0.000000 -1.618798 0.052216 -0.021250
 38 1.016389 0.059482 -2.003609 0.348822 0.790160 0.431299
 39 1.107952 0.000002 0.000001 0.000000 0.000000 0.000000
 40 1.107952 -0.000000 -0.000000 0.000000 0.000000 0.000000
 41 1.107952 -0.000002 -0.000001 0.000000 0.000000 0.000000
 42 3.077731 -0.144548 -1.412630 0.003835 0.209388 0.026587
 43 1.560290 0.000004 0.000001 0.000000 0.000000 0.000000
 44 1.560289 -0.000001 -0.000000 0.000000 0.000000 0.000000
 45 1.560289 -0.000002 -0.000001 0.000000 0.000000 0.000000
 46 2.463500 0.093207 -0.291938 -0.000796 0.000000 0.000000
 47 1.820338 0.000001 0.000000 0.000000 0.000000 0.000000
 48 1.820337 -0.000001 -0.000001 0.000000 0.000000 0.000000
 49 1.820337 -0.000002 -0.000001 0.000000 0.000000 0.000000
 50 3.016627 -0.086192 0.699125 -0.016172 -0.173791 0.088745
 51 1.560288 -0.000002 -0.000000 0.000000 0.000000 0.000000
 52 1.560290 0.000001 0.000001 0.000000 0.000000 0.000000
 53 1.560288 0.000000 0.000001 0.000000 0.000000 0.000000
 54 2.733754 0.442846 1.903233 -0.009342 -0.314026 0.027785
 55 1.300242 -0.000001 0.000000 0.000000 0.000000 0.000000
 56 1.300241 -0.000001 0.000000 0.000000 0.000000 0.000000
 57 1.300241 -0.000000 0.000001 0.000000 0.000000 0.000000
 58 -2.862222 1.354182 1.672806 0.274926 -2.703391 -1.134442
 59 15.353567 0.000001 0.000002 -0.000000 -0.000000 -1.390862
 60 19.266850 -0.000001 -0.000000 0.093267 -0.214761 0.228524
 61 4.212048 5.420721 0.000000 -0.000000 0.000000 1.570796
 62 0.549398 -0.000000 0.000000 0.000000 0.000000 3.141593
 63 -3.870881 1.893762 -5.562630 0.629281 2.371736 -0.616172
 64 15.353560 0.000001 -0.000001 -0.000000 -0.000000 -1.187528
 65 19.266846 0.000002 0.000000 0.142373 -0.400711 0.598522
 66 4.212047 5.420721 -0.000000 -0.000000 -0.000000 1.570796
 67 0.549397 0.000000 -0.000000 0.000000 0.000000 0.000000
 68 -38.836464 -1.519706 -0.000049 -3.141593 -1.570796 0.000000
time 74
  0 -3.695477 30.942215 38.676277 0.023703 -0.295520 -3.111716
  1 -10.359630 -0.806527 -34.019558 0.033852 -0.294559 3.103165
  2 -3.294543 3.891484 -0.000004 0.000000 -0.950357 -1.570795
  3 3.428411 -0.003525 2.448957 -0.027169 -0.119526 0.379476
  4 4.761442 -0.003791 0.000000 0.000000 0.000000 0.000000
  5 4.761735 -0.003779 -0.000108 0.028209 0.103595 0.079318
  6 4.761727 -0.003777 -0.000105 0.028209 0.103595 0.079318
  7 4.762265 -0.002029 0.000002 -0.000000 -0.000001 0.383972
  8 2.746990 -0.000002 -0.000001 0.833291 -0.539715 -0.201340
  9 9.156631 0.000000 0.000001 0.000000 0.000000 0.000000
 10 0.000004 0.002188 -1.281927 -1.017253 1.065138 1.801030
 11 7.285014 0.000001 -0.000002 -0.508701 -0.688475 0.796949
 12 12.718715 0.000002 -0.000005 0.000000 0.000000 -1.930117
 13 10.221162 -0.000002 -0.000000 1.645486 -0.001811 -0.085152
 14 1.389921 -0.447518 1.936564 -0.210439 -0.761471 0.314906
 15 1.208672 -0.000002 0.000001 0.000000 0.000000 0.000000
 16 1.208677 0.000001 0.000002 0.000000 0.000000 0.000000
 17 1.208676 0.000002 0.000002 0.000000 0.000000 3.141593
 18 3.507809 -0.429743 1.193333 0.022860 -0.225875 -0.088311
 19 1.560290 -0.000000 -0.000001 0.000000 0.000000 0.000000
 20 1.560289 0.000001 -0.000002 0.000000 0.000000 0.000000
 21 1.560288 0.000000 0.000001 0.000000 0.000000 3.141593
 22 3.044309 -0.436518 0.176983 0.140338 -0.004885 0.034563
 23 1.820337 0.000001 0.000001 0.000000 0.000000 0.000000
 24 1.820338 0.000001 0.000001 0.000000 0.000000 0.000000
 25 1.820337 -0.000001 0.000002 0.000000 0.000000 3.141593
 26 3.330763 -0.128977 -0.727986 0.013106 0.174047 0.071026
 27 1.560289 0.000001 0.000001 0.000000 0.000000 0.000000
 28 1.560289 0.000000 -0.000000 0.000000 0.000000 0.000000
 29 1.560288 0.000000 -0.000002 0.000000 0.000000 3.141593
 30 3.208161 0.466230 -1.931735 0.024854 0.330715 0.074094
 31 1.300243 0.000000 -0.000002 0.000000 0.000000 0.000000
 32 1.300240 0.000001 0.000005 0.000000 0.000000 0.000000
 33 1.300242 0.000000 0.000000 0.000000 0.000000 3.141593
 34 0.000003 0.002180 1.281924 0.519863 -0.782359 2.373303
 35 7.285011 0.000001 0.000003 -0.470753 0.378070 0.164026
 36 12.538439 0.000001 0.000001 -0.000000 -0.000000 -1.093858
 37 10.782779 0.000001 -0.000001 -1.615505 0.048973 -0.019873
 38 1.016389 0.059478 -2.003610 0.348822 0.790160 0.431299
 39 1.107952 0.000000 -0.000001 0.000000 0.000000 0.000000
 40 1.107953 0.000003 0.000001 0.000000 0.000000 0.000000
 41 1.107952 -0.000002 -0.000001 0.000000 0.000000 0.000000
 42 3.077731 -0.144551 -1.412631 0.003835 0.209388 0.026587
 43 1.560289 -0.000001 0.000001 0.000000 0.000000 0.000000
 44 1.560290 0.000002 0.000002 0.000000 0.000000 0.000000
 45 1.560289 0.000001 0.000002 0.000000 0.000000 0.000000
 46 2.463500 0.093202 -0.291939 -0.000796 0.000000 -0.000000
 47 1.820338 -0.000001 -0.000002 0.000000 0.000000 0.000000
 48 1.820337 -0.000000 0.000001 0.000000 0.000000 0.000000
 49 1.820337 0.000001 0.000001 0.000000 0.000000 0.000000
 50 3.016626 -0.086194 0.699124 -0.016172 -0.173791 0.088745
 51 1.560290 0.000002 0.000000 0.000000 0.000000 0.000000
 52 1.560289 -0.000003 -0.000001 0.000000 0.000000 0.000000
 53 1.560289 0.000000 -0.000002 0.000000 0.000000 0.000000
 54 2.733754 0.442845 1.903233 -0.009342 -0.314026 0.027785
 55 1.300241 0.000001 -0.000000 0.000000 0.000000 0.000000
 56 1.300241 0.000004 0.000000 0.000000 0.000000 0.000000
 57 1.300241 -0.000001 -0.000000 0.000000 0.000000 0.000000
 58 -3.015774 1.229764 1.618611 0.207913 -2.760295 -0.931392
 59 15.353564 0.000001 0.000002 0.000000 -0.000000 -1.382028
 60 19.266842 -0.000002 0.000002 0.084826 -0.193548 0.206110
 61 4.212047 5.420720 0.000001 -0.000000 0.000000 1.570796
 62 0.549398 -0.000000 0.000000 0.000000 0.000000 3.141593
 63 -3.889245 1.427331 -5.651742 0.509388 2.359107 -0.660378
 64 15.353562 0.000000 0.000001 0.000000 0.000000 -1.222336
 65 19.266844 0.000001 0.000001 0.100296 -0.377249 0.630151
 66 4.212046 5.420718 -0.000002 -0.000000 -0.000000 1.570796
 67 0.549396 0.000000 -0.000000 0.000000 0.000000 0.000000
 68 -38.836460 -1.519709 -0.000054 3.141593 -1.570796 0.000000
time 75
  0 -4.171679 30.263046 38.039268 0.011336 -0.217624 3.074791
  1 -7.542632 -0.386669 -34.107906 -0.003176 -0.217892 -3.075682
  2 -2.836654 4.000580 -0.000003 0.000000 -0.969325 -1.570795
  3 3.474053 -0.003595 2.383385 0.007907 -0.101259 0.322917
  4 4.761446 -0.003791 -0.000001 0.000000 -0.000000 0.000000
  5 4.761680 -0.003782 -0.000109 0.029311 0.105573 0.066678
  6 4.761691 -0.003784 -0.000109 0.029311 0.105573 0.066678
  7 4.762265 -0.002028 -0.000002 -0.000000 -0.000001 0.383972
  8 2.746988 0.000000 0.000002 0.848190 -0.574642 -0.182383
  9 9.156629 -0.000001 -0.000000 0.000000 0.000000 0.000000
 10 -0.000001 0.002192 -1.281927 -1.103136 1.087870 1.704275
 11 7.285011 -0.000001 0.000001 -0.526464 -0.639913 0.765148
 12 12.718714 0.000001 -0.000004 -0.000000 0.000000 -2.048197
 13 10.221163 0.000001 -0.000002 1.648091 0.006286 -0.098102
 14 1.389921 -0.447518 1.936561 -0.210439 -0.761471 0.314906
 15 1.208675 -0.000002 -0.000002 0.000000 0.000000 0.000000
 16 1.208674 0.000003 -0.000001 0.000000 0.000000 0.000000
 17 1.208673 0.000001 -0.000001 0.000000 0.000000 3.141593
 18 3.507809 -0.429744 1.193331 0.022860 -0.225875 -0.088311
 19 1.560289 0.000002 -0.000003 0.000000 0.000000 0.000000
 20 1.560288 -0.000002 0.000001 0.000000 0.000000 0.000000
 21 1.560288 -0.000001 0.000001 0.000000 0.000000 3.141593
 22 3.044310 -0.436517 0.176983 0.140338 -0.004885 0.034563
 23 1.820337 0.000001 0.000001 0.000000 0.000000 0.000000
 24 1.820338 -0.000001 -0.000000 0.000000 0.000000 0.000000
 25 1.820338 -0.000000 -0.000002 0.000000 0.000000 3.141593
 26 3.330764 -0.128977 -0.727984 0.013106 0.174047 0.071026
 27 1.560289 -0.000001 0.000001 0.000000 0.000000 0.000000
 28 1.560291 0.000003 0.000003 0.000000 0.000000 0.000000
 29 1.560289 -0.000000 -0.000001 0.000000 0.000000 3.141593
 30 3.208161 0.466231 -1.931736 0.024854 0.330715 0.074094
 31 1.300239 -0.000001 -0.000001 0.000000 0.000000 0.000000
 32 1.300242 0.000002 0.000002 0.000000 0.000000 0.000000
 33 1.300242 0.000000 0.000001 0.000000 0.000000 3.141593
 34 -0.000001 0.002185 1.281931 0.520130 -0.785047 2.372151
 35 7.285008 -0.000000 0.000001 -0.462095 0.424217 0.146918
 36 12.538438 0.000001 -0.000002 -0.000000 -0.000000 -1.133882
 37 10.782779 -0.000000 0.000003 -1.616784 0.047805 -0.017727
 38 1.016389 0.059481 -2.003608 0.348822 0.790160 0.431299
 39 1.107952 -0.000000 0.000001 0.000000 0.000000 0.000000
 40 1.107953 0.000003 0.000002 0.000000 0.000000 0.000000
 41 1.107952 -0.000002 -0.000000 0.000000 0.000000 0.000000
 42 3.077731 -0.144547 -1.412630 0.003835 0.209388 0.026587
 43 1.560288 -0.000000 0.000000 0.000000 0.000000 0.000000
 44 1.560290 0.000001 0.000001 0.000000 0.000000 0.000000
 45 1.560289 0.000003 0.000002 0.000000 0.000000 0.000000
 46 2.463500 0.093207 -0.291938 -0.000796 0.000000 0.000000
 47 1.820338 -0.000001 -0.000001 0.000000 0.000000 0.000000
 48 1.820337 -0.000004 -0.000002 0.000000 0.000000 0.000000
 49 1.820337 0.000001 0.000002 0.000000 0.000000 0.000000
 50 3.016627 -0.086191 0.699125 -0.016172 -0.173791 0.088745
 51 1.560289 0.000003 -0.000000 0.000000 0.000000 0.000000
 52 1.560288 -0.000003 -0.000001 0.000000 0.000000 0.000000
 53 1.560288 -0.000000 -0.000002 0.000000 0.000000 0.000000
 54 2.733754 0.442844 1.903232 -0.009342 -0.314026 0.027785
 55 1.300241 -0.000002 -0.000001 0.000000 0.000000 0.000000
 56 1.300242 -0.000000 -0.000000 0.000000 0.000000 0.000000
 57 1.300241 0.000002 0.000000 0.000000 0.000000 0.000000
 58 -3.147166 1.118512 1.596832 0.160106 -2.821615 -0.753410
 59 15.353561 0.000000 0.000001 -0.000000 0.000000 -1.206430
 60 19.266844 -0.000001 0.000002 0.065448 -0.144156 0.152880
 61 4.212047 5.420721 0.000001 -0.000000 0.000000 1.570796
 62 0.549398 -0.000000 0.000000 0.000000 0.000000 3.141593
 63 -3.887647 1.060877 -5.690720 0.403231 2.355867 -0.698932
 64 15.353561 0.000001 -0.000001 0.000000 -0.000000 -1.261524
 65 19.266844 0.000002 0.000001 0.060348 -0.333947 0.670058
 66 4.212047 5.420721 -0.000000 -0.000000 0.000000 1.570796
 67 0.549398 -0.000000 0.000001 0.000000 0.000000 0.000000
 68 -38.836460 -1.519708 -0.000052 -3.141593 -1.570796 0.000000
time 76
  0 -4.664239 29.565044 37.406776 0.000145 -0.168282 2.991814
  1 -5.745123 -0.004905 -33.817043 -0.025200 -0.166402 -2.989725
  2 -2.564156 3.928294 0.000001 0.000000 -0.990810 -1.570795
  3 3.524343 -0.003630 2.308148 0.028147 -0.097016 0.290123
  4 4.761445 -0.003791 -0.000002 0.000000 -0.000000 -0.000000
  5 4.761659 -0.003784 -0.000108 0.029879 0.102907 0.059241
  6 4.761658 -0.003784 -0.000116 0.029879 0.102907 0.059241
  7 4.762266 -0.002028 0.000000 -0.000000 -0.000001 0.383972
  8 2.746989 -0.000001 -0.000001 0.877056 -0.601595 -0.196978
  9 9.156625 0.000001 -0.000001 0.000000 0.000000 0.000000
 10 0.000001 0.002191 -1.281928 -1.166509 1.104974 1.632635
 11 7.285014 0.000000 -0.000001 -0.521391 -0.632432 0.685080
 12 12.718714 0.000000 -0.000000 -0.000000 0.000000 -2.155791
 13 10.221162 0.000001 -0.000003 1.651277 0.014319 -0.110955
 14 1.389921 -0.447518 1.936567 -0.210439 -0.761471 0.314906
 15 1.208676 -0.000001 -0.000001 0.000000 0.000000 0.000000
 16 1.208675 0.000001 -0.000001 0.000000 0.000000 0.000000
 17 1.208675 0.000002 -0.000000 0.000000 0.000000 3.141593
 18 3.507810 -0.429742 1.193337 0.022860 -0.225875 -0.088311
 19 1.560292 0.000005 -0.000001 0.000000 0.000000 0.000000
 20 1.560288 -0.000001 -0.000001 0.000000 0.000000 0.000000
 21 1.560288 -0.000001 -0.000002 0.000000 0.000000 3.141593
 22 3.044309 -0.436518 0.176985 0.140338 -0.004885 0.034563
 23 1.820340 0.000002 0.000002 0.000000 0.000000 0.000000
 24 1.820336 -0.000001 0.000001 0.000000 0.000000 0.000000
 25 1.820337 0.000002 -0.000002 0.000000 0.000000 3.141593
 26 3.330764 -0.128976 -0.727984 0.013106 0.174047 0.071026
 27 1.560288 0.000000 0.000002 0.000000 0.000000 0.000000
 28 1.560289 -0.000001 -0.000004 0.000000 0.000000 0.000000
 29 1.560289 -0.000000 0.000001 0.000000 0.000000 3.141593
 30 3.208161 0.466229 -1.931736 0.024854 0.330715 0.074094
 31 1.300241 0.000000 0.000002 0.000000 0.000000 0.000000
 32 1.300242 -0.000000 -0.000001 0.000000 0.000000 0.000000
 33 1.300242 0.000001 -0.000001 0.000000 0.000000 3.141593
 34 0.000001 0.002183 1.281927 0.513700 -0.802293 2.371455
 35 7.285009 -0.000001 -0.000002 -0.477052 0.443814 0.126893
 36 12.538440 0.000001 -0.000001 -0.000000 -0.000000 -1.193701
 37 10.782779 -0.000002 -0.000001 -1.619118 0.046650 -0.014377
 38 1.016389 0.059479 -2.003608 0.348822 0.790160 0.431299
 39 1.107952 -0.000002 -0.000001 0.000000 0.000000 0.000000
 40 1.107952 0.000001 0.000001 0.000000 0.000000 0.000000
 41 1.107952 0.000000 0.000001 0.000000 0.000000 0.000000
 42 3.077730 -0.144550 -1.412628 0.003835 0.209388 0.026587
 43 1.560292 0.000001 0.000000 0.000000 0.000000 0.000000
 44 1.560288 -0.000002 -0.000001 0.000000 0.000000 0.000000
 45 1.560288 -0.000001 -0.000001 0.000000 0.000000 0.000000
 46 2.463500 0.093202 -0.291938 -0.000796 -0.000000 -0.000000
 47 1.820337 -0.000004 0.000001 0.000000 0.000000 0.000000
 48 1.820338 0.000002 0.000001 0.000000 0.000000 0.000000
 49 1.820338 0.000003 0.000001 0.000000 0.000000 0.000000
 50 3.016626 -0.086196 0.699125 -0.016172 -0.173791 0.088745
 51 1.560289 -0.000001 0.000000 0.000000 0.000000 0.000000
 52 1.560288 -0.000004 -0.000001 0.000000 0.000000 0.000000
 53 1.560288 0.000001 -0.000001 0.000000 0.000000 0.000000
 54 2.733754 0.442842 1.903233 -0.009342 -0.314026 0.027785
 55 1.300240 -0.000002 0.000001 0.000000 0.000000 0.000000
 56 1.300242 0.000004 0.000001 0.000000 0.000000 0.000000
 57 1.300241 -0.000001 0.000001 0.000000 0.000000 0.000000
 58 -3.228943 1.058436 1.646014 0.140174 -2.853185 -0.626324
 59 15.353565 0.000000 -0.000000 0.000000 0.000000 -1.023558
 60 19.266846 -0.000001 -0.000001 0.054303 -0.102779 0.092544
 61 4.212046 5.420721 -0.000000 -0.000000 -0.000000 1.570796
 62 0.549398 0.000000 -0.000000 0.000000 0.000000 3.141593
 63 -3.938492 0.853237 -5.641956 0.321734 2.372554 -0.731144
 64 15.353562 0.000004 0.000000 -0.000000 -0.000000 -1.305581
 65 19.266844 0.000004 0.000002 0.031168 -0.298277 0.709915
 66 4.212046 5.420720 -0.000001 -0.000000 0.000000 1.570796
 67 0.549398 -0.000000 0.000001 0.000000 0.000000 0.000000
 68 -38.836460 -1.519708 -0.000050 3.141593 -1.570796 0.000000
time 77
  0 -5.171367 28.851427 36.786900 -0.007419 -0.141277 2.916682
  1 -4.742644 0.247395 -33.345226 -0.039004 -0.136022 -2.913500
  2 -2.479948 3.667663 -0.000003 0.000000 -1.014537 -1.570795
  3 3.578084 -0.003637 2.223873 0.038153 -0.109243 0.280299
  4 4.761447 -0.003792 0.000001 0.000000 0.000000 0.000000
  5 4.761645 -0.003784 -0.000115 0.030585 0.095557 0.056810
  6 4.761648 -0.003784 -0.000115 0.030585 0.095557 0.056810
  7 4.762263 -0.002029 0.000002 -0.000000 -0.000001 0.383972
  8 2.746991 0.000001 -0.000001 0.918972 -0.610358 -0.248004
  9 9.156627 0.000000 -0.000000 0.000000 0.000000 0.000000
 10 0.000002 0.002192 -1.281928 -1.178207 1.118803 1.617422
 11 7.285010 -0.000000 -0.000000 -0.471387 -0.670242 0.548224
 12 12.718713 0.000000 -0.000001 -0.000000 -0.000000 -2.247724
 13 10.221162 -0.000004 -0.000003 1.655038 0.021859 -0.123774
 14 1.389922 -0.447513 1.936561 -0.210439 -0.761471 0.314906
 15 1.208676 -0.000001 -0.000001 0.000000 0.000000 0.000000
 16 1.208676 -0.000000 -0.000001 0.000000 0.000000 0.000000
 17 1.208676 -0.000000 -0.000001 0.000000 0.000000 3.141593
 18 3.507811 -0.429739 1.193331 0.022860 -0.225875 -0.088311
 19 1.560287 -0.000002 0.000001 0.000000 0.000000 0.000000
 20 1.560290 0.000001 0.000001 0.000000 0.000000 0.000000
 21 1.560289 0.000001 0.000001 0.000000 0.000000 3.141593
 22 3.044312 -0.436511 0.176981 0.140338 -0.004885 0.034563
 23 1.820336 -0.000000 -0.000001 0.000000 0.000000 0.000000
 24 1.820338 -0.000000 -0.000000 0.000000 0.000000 0.000000
 25 1.820338 0.000000 0.000001 0.000000 0.000000 3.141593
 26 3.330763 -0.128976 -0.727983 0.013106 0.174047 0.071026
 27 1.560291 0.000004 0.000000 0.000000 0.000000 0.000000
 28 1.560287 0.000000 -0.000002 0.000000 0.000000 0.000000
 29 1.560290 0.000000 0.000003 0.000000 0.000000 3.141593
 30 3.208160 0.466231 -1.931736 0.024854 0.330715 0.074094
 31 1.300239 -0.000002 0.000003 0.000000 0.000000 0.000000
 32 1.300243 -0.000001 -0.000002 0.000000 0.000000 0.000000
 33 1.300242 0.000002 -0.000000 0.000000 0.000000 3.141593
 34 0.000004 0.002184 1.281928 0.504881 -0.824447 2.371374
 35 7.285008 -0.000001 -0.000001 -0.512866 0.432632 0.101234
 36 12.538438 0.000001 -0.000002 0.000000 0.000000 -1.260733
 37 10.782777 -0.000002 -0.000001 -1.621858 0.045491 -0.010567
 38 1.016390 0.059480 -2.003610 0.348822 0.790160 0.431299
 39 1.107950 0.000001 -0.000001 0.000000 0.000000 0.000000
 40 1.107951 0.000001 0.000000 0.000000 0.000000 0.000000
 41 1.107953 0.000000 0.000001 0.000000 0.000000 0.000000
 42 3.077730 -0.144550 -1.412631 0.003835 0.209388 0.026587
 43 1.560290 0.000001 0.000001 0.000000 0.000000 0.000000
 44 1.560289 -0.000000 -0.000000 0.000000 0.000000 0.000000
 45 1.560287 -0.000001 -0.000001 0.000000 0.000000 0.000000
 46 2.463500 0.093206 -0.291937 -0.000796 0.000000 0.000000
 47 1.820336 -0.000002 0.000001 0.000000 0.000000 0.000000
 48 1.820338 -0.000001 0.000001 0.000000 0.000000 0.000000
 49 1.820338 -0.000001 0.000001 0.000000 0.000000 0.000000
 50 3.016626 -0.086194 0.699123 -0.016172 -0.173791 0.088745
 51 1.560289 -0.000002 -0.000001 0.000000 0.000000 0.000000
 52 1.560289 0.000002 0.000000 0.000000 0.000000 0.000000
 53 1.560289 -0.000000 0.000001 0.000000 0.000000 0.000000
 54 2.733754 0.442845 1.903232 -0.009342 -0.314026 0.027785
 55 1.300240 -0.000001 -0.000001 0.000000 0.000000 0.000000
 56 1.300242 -0.000000 -0.000001 0.000000 0.000000 0.000000
 57 1.300241 0.000001 -0.000001 0.000000 0.000000 0.000000
 58 -3.260084 1.061479 1.765769 0.143201 -2.845403 -0.555725
 59 15.353565 -0.000001 0.000003 0.000000 -0.000000 -0.887460
 60 19.266844 0.000000 0.000002 0.043521 -0.090564 0.034019
 61 4.212047 5.420720 0.000001 -0.000000 0.000000 1.570796
 62 0.549397 -0.000000 -0.000000 0.000000 0.000000 3.141593
 63 -4.058723 0.783722 -5.510565 0.270558 2.401779 -0.759791
 64 15.353562 0.000002 0.000001 -0.000000 0.000000 -1.351356
 65 19.266844 0.000004 -0.000001 0.000741 -0.269181 0.748899
 66 4.212047 5.420720 -0.000000 -0.000000 0.000000 1.570796
 67 0.549398 0.000000 -0.000001 0.000000 0.000000 0.000000
 68 -38.836464 -1.519708 -0.000050 -3.141593 -1.570796 0.000000
time 78
  0 -5.691300 28.125368 36.187706 -0.013095 -0.122517 2.841733
  1 -4.043036 0.429946 -32.831722 -0.048938 -0.113121 -2.838158
  2 -2.486778 3.348433 0.000000 -0.000000 -1.040229 -1.570795
  3 3.634045 -0.003634 2.131230 0.043115 -0.124047 0.281424
  4 4.761446 -0.003791 -0.000000 0.000000 0.000000 0.000000
  5 4.761644 -0.003783 -0.000121 0.031125 0.086972 0.056880
  6 4.761649 -0.003784 -0.000114 0.031125 0.086972 0.056880
  7 4.762262 -0.002028 0.000003 -0.000000 -0.000001 0.383972
  8 2.746989 -0.000000 -0.000001 0.962781 -0.610261 -0.313648
  9 9.156626 0.000003 -0.000000 0.000000 0.000000 0.000000
 10 0.000002 0.002189 -1.281928 -1.165601 1.133716 1.628201
 11 7.285012 -0.000000 -0.000001 -0.372327 -0.708324 0.361975
 12 12.718714 0.000001 -0.000003 -0.000000 -0.000000 -2.330413
 13 10.221164 0.000003 0.000006 1.659816 0.029800 -0.137371
 14 1.389919 -0.447517 1.936563 -0.210439 -0.761471 0.314906
 15 1.208676 0.000001 0.000000 0.000000 0.000000 0.000000
 16 1.208675 0.000002 -0.000001 0.000000 0.000000 0.000000
 17 1.208673 0.000002 0.000000 0.000000 0.000000 3.141593
 18 3.507808 -0.429743 1.193336 0.022860 -0.225875 -0.088311
 19 1.560289 -0.000000 -0.000002 0.000000 0.000000 0.000000
 20 1.560292 0.000000 0.000003 0.000000 0.000000 0.000000
 21 1.560291 0.000001 0.000001 0.000000 0.000000 3.141593
 22 3.044308 -0.436517 0.176984 0.140338 -0.004885 0.034563
 23 1.820340 0.000003 -0.000000 0.000000 0.000000 0.000000
 24 1.820338 -0.000001 0.000002 0.000000 0.000000 0.000000
 25 1.820334 -0.000000 -0.000002 0.000000 0.000000 3.141593
 26 3.330760 -0.128978 -0.727984 0.013106 0.174047 0.071026
 27 1.560289 -0.000001 -0.000002 0.000000 0.000000 0.000000
 28 1.560289 0.000002 0.000001 0.000000 0.000000 0.000000
 29 1.560288 0.000001 0.000000 0.000000 0.000000 3.141593
 30 3.208162 0.466232 -1.931735 0.024854 0.330715 0.074094
 31 1.300239 0.000001 0.000002 0.000000 0.000000 0.000000
 32 1.300242 0.000002 -0.000004 0.000000 0.000000 0.000000
 33 1.300242 -0.000001 -0.000001 0.000000 0.000000 3.141593
 34 0.000002 0.002183 1.281923 0.498154 -0.841747 2.371455
 35 7.285012 0.000000 0.000004 -0.553476 0.412451 0.079492
 36 12.538436 -0.000001 0.000000 -0.000000 0.000000 -1.322398
 37 10.782777 -0.000001 0.000003 -1.624351 0.044310 -0.007044
 38 1.016390 0.059478 -2.003610 0.348822 0.790160 0.431299
 39 1.107953 0.000003 0.000002 0.000000 0.000000 0.000000
 40 1.107953 -0.000002 -0.000002 0.000000 0.000000 0.000000
 41 1.107952 0.000000 -0.000001 0.000000 0.000000 0.000000
 42 3.077730 -0.144551 -1.412632 0.003835 0.209388 0.026587
 43 1.560288 -0.000001 -0.000000 0.000000 0.000000 0.000000
 44 1.560290 0.000001 -0.000000 0.000000 0.000000 0.000000
 45 1.560290 0.000002 0.000000 0.000000 0.000000 0.000000
 46 2.463500 0.093203 -0.291939 -0.000796 0.000000 0.000000
 47 1.820336 -0.000000 0.000001 0.000000 0.000000 0.000000
 48 1.820339 -0.000003 -0.000001 0.000000 0.000000 0.000000
 49 1.820337 0.000001 -0.000000 0.000000 0.000000 0.000000
 50 3.016627 -0.086194 0.699123 -0.016172 -0.173791 0.088745
 51 1.560287 0.000002 -0.000000 0.000000 0.000000 0.000000
 52 1.560289 0.000002 -0.000000 0.000000 0.000000 0.000000
 53 1.560290 0.000001 0.000000 0.000000 0.000000 0.000000
 54 2.733753 0.442844 1.903232 -0.009342 -0.314026 0.027785
 55 1.300241 -0.000003 -0.000003 0.000000 0.000000 0.000000
 56 1.300241 0.000002 0.000003 0.000000 0.000000 0.000000
 57 1.300241 0.000000 0.000000 0.000000 0.000000 0.000000
 58 -3.273778 1.095928 1.906015 0.153101 -2.822140 -0.513905
 59 15.353562 -0.000000 0.000001 0.000000 -0.000000 -0.746799
 60 19.266842 -0.000000 0.000001 0.031090 -0.087959 -0.029101
 61 4.212046 5.420719 -0.000001 -0.000000 -0.000000 1.570796
 62 0.549398 -0.000001 -0.000000 0.000000 0.000000 3.141593
 63 -4.180129 0.782612 -5.356244 0.234310 2.425960 -0.794603
 64 15.353561 -0.000000 -0.000000 -0.000000 0.000000 -1.394814
 65 19.266842 0.000002 0.000000 -0.044020 -0.246313 0.779592
 66 4.212046 5.420719 0.000000 -0.000000 0.000000 1.570796
 67 0.549397 0.000000 0.000000 0.000000 0.000000 0.000000
 68 -38.836464 -1.519708 -0.000051 -3.141593 -1.570796 0.000000
time 79
  0 -6.222251 27.390087 35.617279 -0.016615 -0.110584 2.767980
  1 -3.587991 0.536859 -32.309044 -0.056033 -0.096819 -2.764345
  2 -2.488797 3.108450 -0.000001 -0.000000 -1.067611 -1.570795
  3 3.691045 -0.003632 2.030951 0.047684 -0.126946 0.281698
  4 4.761444 -0.003791 -0.000001 0.000000 0.000000 0.000000
  5 4.761650 -0.003784 -0.000120 0.031206 0.080604 0.056955
  6 4.761652 -0.003785 -0.000116 0.031206 0.080604 0.056955
  7 4.762262 -0.002028 -0.000003 -0.000000 -0.000001 0.383972
  8 2.746989 0.000001 0.000001 1.002254 -0.612270 -0.373235
  9 9.156626 -0.000001 -0.000001 0.000000 0.000000 0.000000
 10 0.000002 0.002191 -1.281925 -1.161027 1.148720 1.630408
 11 7.285012 0.000000 -0.000001 -0.269615 -0.718167 0.191029
 12 12.718713 0.000002 -0.000005 0.000000 -0.000000 -2.405382
 13 10.221164 0.000001 0.000006 1.666435 0.039298 -0.151236
 14 1.389919 -0.447516 1.936564 -0.210439 -0.761471 0.314906
 15 1.208673 -0.000001 0.000000 0.000000 0.000000 0.000000
 16 1.208676 -0.000001 0.000000 0.000000 0.000000 0.000000
 17 1.208675 -0.000002 0.000000 0.000000 0.000000 3.141593
 18 3.507806 -0.429741 1.193334 0.022860 -0.225875 -0.088311
 19 1.560286 0.000002 -0.000002 0.000000 0.000000 0.000000
 20 1.560289 0.000002 0.000000 0.000000 0.000000 0.000000
 21 1.560291 -0.000001 0.000001 0.000000 0.000000 3.141593
 22 3.044308 -0.436516 0.176984 0.140338 -0.004885 0.034563
 23 1.820339 -0.000000 -0.000000 0.000000 0.000000 0.000000
 24 1.820336 0.000002 -0.000003 0.000000 0.000000 0.000000
 25 1.820337 -0.000002 0.000001 0.000000 0.000000 3.141593
 26 3.330762 -0.128974 -0.727984 0.013106 0.174047 0.071026
 27 1.560291 0.000001 0.000003 0.000000 0.000000 0.000000
 28 1.560287 0.000002 -0.000001 0.000000 0.000000 0.000000
 29 1.560288 0.000002 -0.000003 0.000000 0.000000 3.141593
 30 3.208158 0.466232 -1.931735 0.024854 0.330715 0.074094
 31 1.300242 0.000004 -0.000002 0.000000 0.000000 0.000000
 32 1.300241 -0.000001 -0.000001 0.000000 0.000000 0.000000
 33 1.300241 -0.000002 -0.000001 0.000000 0.000000 3.141593
 34 0.000002 0.002184 1.281928 0.494002 -0.851690 2.371848
 35 7.285012 0.000000 0.000000 -0.580080 0.407791 0.075661
 36 12.538441 -0.000000 -0.000001 -0.000000 -0.000000 -1.378959
 37 10.782778 0.000000 -0.000000 -1.626616 0.043051 -0.003773
 38 1.016390 0.059476 -2.003610 0.348822 0.790160 0.431299
 39 1.107952 0.000001 -0.000001 0.000000 0.000000 0.000000
 40 1.107952 0.000000 0.000000 0.000000 0.000000 0.000000
 41 1.107953 -0.000000 0.000000 0.000000 0.000000 0.000000
 42 3.077731 -0.144551 -1.412631 0.003835 0.209388 0.026587
 43 1.560290 -0.000002 0.000001 0.000000 0.000000 0.000000
 44 1.560288 0.000002 0.000001 0.000000 0.000000 0.000000
 45 1.560290 0.000002 0.000001 0.000000 0.000000 0.000000
 46 2.463500 0.093204 -0.291938 -0.000796 0.000000 -0.000000
 47 1.820336 -0.000000 -0.000001 0.000000 0.000000 0.000000
 48 1.820336 0.000000 -0.000002 0.000000 0.000000 0.000000
 49 1.820338 -0.000000 -0.000002 0.000000 0.000000 0.000000
 50 3.016627 -0.086194 0.699125 -0.016172 -0.173791 0.088745
 51 1.560289 -0.000000 -0.000002 0.000000 0.000000 0.000000
 52 1.560290 0.000002 0.000001 0.000000 0.000000 0.000000
 53 1.560289 -0.000003 0.000000 0.000000 0.000000 0.000000
 54 2.733754 0.442844 1.903233 -0.009342 -0.314026 0.027785
 55 1.300241 0.000001 -0.000001 0.000000 0.000000 0.000000
 56 1.300242 0.000003 0.000001 0.000000 0.000000 0.000000
 57 1.300241 -0.000001 0.000001 0.000000 0.000000 0.000000
 58 -3.309449 1.126929 2.015906 0.159018 -2.804211 -0.469671
 59 15.353562 -0.000001 0.000000 -0.000000 -0.000000 -0.602987
 60 19.266846 0.000001 0.000000 0.026560 -0.084000 -0.089387
 61 4.212046 5.420720 -0.000000 -0.000000 -0.000000 1.570796
 62 0.549398 0.000000 0.000000 0.000000 0.000000 3.141593
 63 -4.236861 0.780560 -5.242193 0.196275 2.429991 -0.828869
 64 15.353560 0.000001 0.000002 -0.000000 0.000000 -1.433741
 65 19.266846 0.000002 -0.000002 -0.098635 -0.217029 0.806298
 66 4.212046 5.420720 0.000001 -0.000000 0.000000 1.570796
 67 0.549396 0.000000 0.000001 0.000000 0.000000 0.000000
 68 -38.836460 -1.519706 -0.000049 3.141593 -1.570796 0.000000
time 80
  0 -6.762437 26.648779 35.083702 -0.017903 -0.104060 2.696405
  1 -3.321679 0.569392 -31.800434 -0.061145 -0.086130 -2.692837
  2 -2.457788 2.955510 0.000002 -0.000000 -1.096406 -1.570795
  3 3.747977 -0.003637 1.923848 0.053487 -0.118268 0.277737
  4 4.761446 -0.003791 -0.000000 0.000000 0.000000 0.000000
  5 4.761650 -0.003783 -0.000119 0.030947 0.076504 0.056237
  6 4.761651 -0.003785 -0.000116 0.030947 0.076504 0.056237
  7 4.762263 -0.002028 -0.000001 -0.000000 -0.000001 0.383972
  8 2.746986 0.000001 0.000001 1.032642 -0.612728 -0.415876
  9 9.156633 0.000000 0.000001 0.000000 0.000000 0.000000
 10 0.000001 0.002191 -1.281928 -1.181528 1.164337 1.606037
 11 7.285011 -0.000000 0.000001 -0.184573 -0.706330 0.063473
 12 12.718713 0.000001 -0.000004 -0.000000 0.000000 -2.474197
 13 10.221167 -0.000002 0.000001 1.676315 0.051558 -0.165778
 14 1.389922 -0.447522 1.936565 -0.210439 -0.761471 0.314906
 15 1.208676 0.000003 -0.000002 0.000000 0.000000 0.000000
 16 1.208674 -0.000002 0.000001 0.000000 0.000000 0.000000
 17 1.208672 -0.000003 0.000001 0.000000 0.000000 3.141593
 18 3.507808 -0.429746 1.193334 0.022860 -0.225875 -0.088311
 19 1.560288 0.000002 -0.000001 0.000000 0.000000 0.000000
 20 1.560290 0.000002 -0.000001 0.000000 0.000000 0.000000
 21 1.560289 -0.000002 -0.000000 0.000000 0.000000 3.141593
 22 3.044312 -0.436517 0.176985 0.140338 -0.004885 0.034563
 23 1.820333 -0.000001 -0.000001 0.000000 0.000000 0.000000
 24 1.820341 -0.000001 0.000001 0.000000 0.000000 0.000000
 25 1.820340 -0.000001 0.000001 0.000000 0.000000 3.141593
 26 3.330763 -0.128980 -0.727983 0.013106 0.174047 0.071026
 27 1.560290 -0.000002 -0.000000 0.000000 0.000000 0.000000
 28 1.560288 0.000005 -0.000001 0.000000 0.000000 0.000000
 29 1.560289 -0.000000 -0.000000 0.000000 0.000000 3.141593
 30 3.208160 0.466228 -1.931735 0.024854 0.330715 0.074094
 31 1.300243 -0.000002 0.000000 0.000000 0.000000 0.000000
 32 1.300241 0.000005 0.000001 0.000000 0.000000 0.000000
 33 1.300240 0.000000 0.000001 0.000000 0.000000 3.141593
 34 -0.000003 0.002186 1.281927 0.490278 -0.859426 2.372621
 35 7.285009 0.000001 0.000002 -0.588198 0.419813 0.090301
 36 12.538437 0.000001 -0.000001 0.000000 0.000000 -1.435922
 37 10.782780 0.000001 -0.000002 -1.628938 0.041743 -0.000432
 38 1.016387 0.059481 -2.003610 0.348822 0.790160 0.431299
 39 1.107950 -0.000002 -0.000002 0.000000 0.000000 0.000000
 40 1.107950 0.000003 0.000002 0.000000 0.000000 0.000000
 41 1.107954 0.000000 0.000001 0.000000 0.000000 0.000000
 42 3.077730 -0.144549 -1.412633 0.003835 0.209388 0.026587
 43 1.560290 -0.000000 -0.000001 0.000000 0.000000 0.000000
 44 1.560289 -0.000000 -0.000002 0.000000 0.000000 0.000000
 45 1.560291 -0.000000 -0.000003 0.000000 0.000000 0.000000
 46 2.463499 0.093204 -0.291941 -0.000796 -0.000000 0.000000
 47 1.820336 -0.000001 -0.000003 0.000000 0.000000 0.000000
 48 1.820339 0.000000 0.000002 0.000000 0.000000 0.000000
 49 1.820338 0.000001 0.000002 0.000000 0.000000 0.000000
 50 3.016625 -0.086193 0.699122 -0.016172 -0.173791 0.088745
 51 1.560289 0.000000 -0.000001 0.000000 0.000000 0.000000
 52 1.560290 0.000001 -0.000001 0.000000 0.000000 0.000000
 53 1.560289 0.000003 -0.000000 0.000000 0.000000 0.000000
 54 2.733753 0.442847 1.903231 -0.009342 -0.314026 0.027785
 55 1.300242 -0.000001 0.000002 0.000000 0.000000 0.000000
 56 1.300241 -0.000001 0.000002 0.000000 0.000000 0.000000
 57 1.300241 -0.000000 0.000002 0.000000 0.000000 0.000000
 58 -3.373015 1.144689 2.093623 0.156088 -2.798812 -0.402391
 59 15.353564 0.000001 -0.000000 -0.000000 -0.000000 -0.457434
 60 19.266846 -0.000001 -0.000000 0.041318 -0.067520 -0.140075
 61 4.212046 5.420720 -0.000000 -0.000000 -0.000000 1.570796
 62 0.549398 0.000000 -0.000000 0.000000 0.000000 3.141593
 63 -4.237338 0.755789 -5.170106 0.151918 2.417548 -0.860268
 64 15.353563 0.000003 -0.000001 -0.000000 -0.000000 -1.466255
 65 19.266846 -0.000002 -0.000000 -0.157084 -0.181864 0.826894
 66 4.212046 5.420720 -0.000001 -0.000000 0.000000 1.570796
 67 0.549398 -0.000000 -0.000000 0.000000 0.000000 0.000000
 68 -38.836464 -1.519710 -0.000049 -3.141593 -1.570796 0.000000
time 81
  0 -7.310079 25.904652 34.595051 -0.017093 -0.101560 2.627971
  1 -3.192622 0.535468 -31.323029 -0.064947 -0.079978 -2.624502
  2 -2.428622 2.802075 -0.000003 0.000000 -1.126338 -1.570795
  3 3.803868 -0.003638 1.810830 0.059181 -0.108289 0.274002
  4 4.761446 -0.003792 0.000001 0.000000 0.000000 0.000000
  5 4.761644 -0.003784 -0.000119 0.030644 0.072432 0.055587
  6 4.761644 -0.003783 -0.000118 0.030644 0.072432 0.055587
  7 4.762264 -0.002028 -0.000000 -0.000000 -0.000001 0.383972
  8 2.746988 -0.000002 0.000001 1.052935 -0.604085 -0.445831
  9 9.156630 -0.000001 -0.000000 0.000000 0.000000 0.000000
 10 0.000003 0.002188 -1.281926 -1.213481 1.179705 1.569834
 11 7.285012 0.000000 0.000003 -0.106108 -0.688083 -0.041874
 12 12.718712 0.000000 -0.000001 -0.000000 0.000000 -2.535293
 13 10.221166 -0.000002 -0.000000 1.687948 0.065483 -0.180470
 14 1.389919 -0.447520 1.936564 -0.210439 -0.761471 0.314906
 15 1.208673 -0.000001 0.000000 0.000000 0.000000 0.000000
 16 1.208674 -0.000003 0.000002 0.000000 0.000000 0.000000
 17 1.208675 0.000001 -0.000002 0.000000 0.000000 3.141593
 18 3.507809 -0.429741 1.193334 0.022860 -0.225875 -0.088311
 19 1.560292 -0.000004 0.000001 0.000000 0.000000 0.000000
 20 1.560288 0.000001 -0.000000 0.000000 0.000000 0.000000
 21 1.560287 0.000002 -0.000001 0.000000 0.000000 3.141593
 22 3.044308 -0.436518 0.176984 0.140338 -0.004885 0.034563
 23 1.820339 -0.000002 0.000001 0.000000 0.000000 0.000000
 24 1.820336 -0.000001 -0.000000 0.000000 0.000000 0.000000
 25 1.820337 -0.000001 -0.000001 0.000000 0.000000 3.141593
 26 3.330762 -0.128978 -0.727982 0.013106 0.174047 0.071026
 27 1.560290 -0.000001 0.000003 0.000000 0.000000 0.000000
 28 1.560287 -0.000001 0.000000 0.000000 0.000000 0.000000
 29 1.560287 -0.000001 -0.000000 0.000000 0.000000 3.141593
 30 3.208160 0.466230 -1.931735 0.024854 0.330715 0.074094
 31 1.300241 -0.000001 -0.000001 0.000000 0.000000 0.000000
 32 1.300241 -0.000005 0.000003 0.000000 0.000000 0.000000
 33 1.300243 -0.000000 -0.000002 0.000000 0.000000 3.141593
 34 0.000001 0.002182 1.281929 0.487777 -0.866599 2.372584
 35 7.285014 0.000001 0.000001 -0.589362 0.431676 0.110863
 36 12.538440 0.000000 0.000002 -0.000000 -0.000000 -1.488560
 37 10.782779 0.000001 -0.000003 -1.631060 0.040479 0.002658
 38 1.016389 0.059477 -2.003612 0.348822 0.790160 0.431299
 39 1.107951 -0.000004 -0.000001 0.000000 0.000000 0.000000
 40 1.107950 0.000001 0.000000 0.000000 0.000000 0.000000
 41 1.107954 0.000002 -0.000000 0.000000 0.000000 0.000000
 42 3.077730 -0.144552 -1.412633 0.003835 0.209388 0.026587
 43 1.560290 0.000000 -0.000002 0.000000 0.000000 0.000000
 44 1.560289 0.000001 -0.000001 0.000000 0.000000 0.000000
 45 1.560290 0.000001 -0.000001 0.000000 0.000000 0.000000
 46 2.463501 0.093205 -0.291939 -0.000796 -0.000000 0.000000
 47 1.820337 0.000001 0.000001 0.000000 0.000000 0.000000
 48 1.820338 0.000001 0.000001 0.000000 0.000000 0.000000
 49 1.820336 0.000001 0.000001 0.000000 0.000000 0.000000
 50 3.016626 -0.086194 0.699122 -0.016172 -0.173791 0.088745
 51 1.560290 0.000002 0.000001 0.000000 0.000000 0.000000
 52 1.560287 -0.000001 -0.000001 0.000000 0.000000 0.000000
 53 1.560289 -0.000001 -0.000000 0.000000 0.000000 0.000000
 54 2.733754 0.442845 1.903232 -0.009342 -0.314026 0.027785
 55 1.300241 0.000000 0.000002 0.000000 0.000000 0.000000
 56 1.300241 -0.000000 -0.000001 0.000000 0.000000 0.000000
 57 1.300241 -0.000000 -0.000002 0.000000 0.000000 0.000000
 58 -3.439401 1.163264 2.171644 0.148071 -2.799918 -0.281869
 59 15.353563 0.000001 0.000001 0.000000 -0.000000 -0.264742
 60 19.266842 -0.000001 0.000001 0.084618 -0.030569 -0.194590
 61 4.212047 5.420721 0.000000 -0.000000 -0.000000 1.570796
 62 0.549397 -0.000000 0.000000 0.000000 0.000000 3.141593
 63 -4.231093 0.732527 -5.097998 0.116935 2.395886 -0.890059
 64 15.353561 0.000001 0.000000 -0.000000 0.000000 -1.493055
 65 19.266844 0.000002 -0.000000 -0.225821 -0.155157 0.844955
 66 4.212047 5.420721 -0.000000 -0.000000 0.000000 1.570796
 67 0.549398 -0.000000 0.000000 0.000000 0.000000 0.000000
 68 -38.836464 -1.519708 -0.000050 -3.141593 -1.570796 0.000000
time 82
  0 -7.863386 25.160917 34.159409 -0.014531 -0.101763 2.563632
  1 -3.154728 0.448890 -30.890305 -0.067918 -0.077217 -2.560267
  2 -2.401367 2.648708 -0.000002 0.000000 -1.157131 -1.570795
  3 3.857803 -0.003640 1.692867 0.064719 -0.097226 0.270515
  4 4.761443 -0.003792 0.000000 0.000000 0.000000 0.000000
  5 4.761643 -0.003784 -0.000116 0.030302 0.068398 0.055004
  6 4.761646 -0.003784 -0.000114 0.030302 0.068398 0.055004
  7 4.762265 -0.002028 -0.000000 -0.000000 -0.000001 0.383972
  8 2.746988 -0.000001 -0.000000 1.067708 -0.591967 -0.467876
  9 9.156629 0.000001 0.000000 0.000000 0.000000 0.000000
 10 0.000001 0.002189 -1.281927 -1.244952 1.192338 1.534783
 11 7.285013 -0.000000 -0.000000 -0.046861 -0.666379 -0.123894
 12 12.718719 0.000000 -0.000005 -0.000000 -0.000000 -2.585495
 13 10.221164 -0.000000 0.000005 1.697835 0.078672 -0.193481
 14 1.389920 -0.447521 1.936563 -0.210439 -0.761471 0.314906
 15 1.208673 -0.000002 0.000002 0.000000 0.000000 0.000000
 16 1.208676 0.000003 -0.000001 0.000000 0.000000 0.000000
 17 1.208677 -0.000000 -0.000001 0.000000 0.000000 3.141593
 18 3.507808 -0.429745 1.193334 0.022860 -0.225875 -0.088311
 19 1.560287 -0.000002 0.000001 0.000000 0.000000 0.000000
 20 1.560290 -0.000001 -0.000000 0.000000 0.000000 0.000000
 21 1.560290 0.000000 -0.000000 0.000000 0.000000 3.141593
 22 3.044309 -0.436518 0.176984 0.140338 -0.004885 0.034563
 23 1.820335 -0.000000 -0.000001 0.000000 0.000000 0.000000
 24 1.820338 -0.000003 0.000001 0.000000 0.000000 0.000000
 25 1.820338 0.000001 0.000001 0.000000 0.000000 3.141593
 26 3.330762 -0.128981 -0.727984 0.013106 0.174047 0.071026
 27 1.560290 -0.000000 0.000001 0.000000 0.000000 0.000000
 28 1.560286 -0.000000 -0.000001 0.000000 0.000000 0.000000
 29 1.560286 -0.000000 -0.000002 0.000000 0.000000 3.141593
 30 3.208162 0.466230 -1.931736 0.024854 0.330715 0.074094
 31 1.300241 0.000002 -0.000000 0.000000 0.000000 0.000000
 32 1.300245 0.000001 0.000002 0.000000 0.000000 0.000000
 33 1.300242 0.000001 -0.000001 0.000000 0.000000 3.141593
 34 0.000002 0.002183 1.281928 0.487321 -0.874861 2.370543
 35 7.285012 0.000002 0.000003 -0.590188 0.441551 0.125838
 36 12.538440 0.000001 0.000004 -0.000000 -0.000000 -1.532148
 37 10.782779 -0.000002 -0.000002 -1.632725 0.039350 0.005176
 38 1.016389 0.059480 -2.003611 0.348822 0.790160 0.431299
 39 1.107953 0.000002 0.000000 0.000000 0.000000 0.000000
 40 1.107953 0.000000 -0.000001 0.000000 0.000000 0.000000
 41 1.107953 -0.000001 -0.000001 0.000000 0.000000 0.000000
 42 3.077731 -0.144548 -1.412631 0.003835 0.209388 0.026587
 43 1.560290 0.000001 0.000002 0.000000 0.000000 0.000000
 44 1.560287 0.000002 -0.000001 0.000000 0.000000 0.000000
 45 1.560288 0.000001 -0.000001 0.000000 0.000000 0.000000
 46 2.463501 0.093205 -0.291939 -0.000796 -0.000000 -0.000000
 47 1.820337 -0.000002 -0.000001 0.000000 0.000000 0.000000
 48 1.820337 0.000002 -0.000001 0.000000 0.000000 0.000000
 49 1.820339 0.000002 -0.000000 0.000000 0.000000 0.000000
 50 3.016627 -0.086194 0.699123 -0.016172 -0.173791 0.088745
 51 1.560290 -0.000001 -0.000001 0.000000 0.000000 0.000000
 52 1.560289 -0.000001 -0.000001 0.000000 0.000000 0.000000
 53 1.560288 -0.000000 -0.000001 0.000000 0.000000 0.000000
 54 2.733753 0.442847 1.903232 -0.009342 -0.314026 0.027785
 55 1.300239 -0.000001 -0.000000 0.000000 0.000000 0.000000
 56 1.300241 -0.000000 -0.000001 0.000000 0.000000 0.000000
 57 1.300241 -0.000001 -0.000002 0.000000 0.000000 0.000000
 58 -3.507777 1.182386 2.249498 0.137393 -2.805437 -0.142038
 59 15.353564 0.000000 0.000002 -0.000000 -0.000000 -0.068119
 60 19.266848 -0.000001 0.000001 0.159107 0.024742 -0.236503
 61 4.212046 5.420719 0.000000 -0.000000 0.000000 1.570796
 62 0.549398 -0.000000 -0.000001 0.000000 0.000000 3.141593
 63 -4.218855 0.710855 -5.025946 0.086238 2.368865 -0.919903
 64 15.353564 0.000004 0.000001 -0.000000 0.000000 -1.513010
 65 19.266846 -0.000002 0.000000 -0.298017 -0.127513 0.857244
 66 4.212046 5.420721 -0.000001 -0.000000 0.000000 1.570796
 67 0.549397 -0.000000 -0.000001 0.000000 0.000000 0.000000
 68 -38.836464 -1.519708 -0.000048 -3.141593 -1.570796 0.000000
time 83
  0 -8.420598 24.420753 33.784859 -0.010761 -0.103434 2.504352
  1 -3.383910 0.350788 -32.597126 -0.070341 -0.076653 -2.501096
  2 -2.376090 2.495991 -0.000001 -0.000000 -1.188508 -1.570795
  3 3.909012 -0.003644 1.571020 0.070065 -0.085295 0.267295
  4 4.761446 -0.003792 0.000001 0.000000 0.000000 0.000000
  5 4.761642 -0.003785 -0.000114 0.029925 0.064415 0.054486
  6 4.761649 -0.003784 -0.000113 0.029925 0.064415 0.054486
  7 4.762265 -0.002027 -0.000001 -0.000000 -0.000001 0.383972
  8 2.746987 0.000001 -0.000000 1.081850 -0.581488 -0.487350
  9 9.156632 -0.000001 0.000001 0.000000 0.000000 0.000000
 10 -0.000002 0.002192 -1.281929 -1.278000 1.199584 1.498897
 11 7.285011 -0.000000 -0.000002 -0.013451 -0.643268 -0.176512
 12 12.718716 0.000000 -0.000004 -0.000000 -0.000000 -2.624589
 13 10.221165 -0.000001 0.000004 1.705249 0.091746 -0.205319
 14 1.389923 -0.447518 1.936563 -0.210439 -0.761471 0.314906
 15 1.208675 -0.000001 0.000000 0.000000 0.000000 0.000000
 16 1.208675 -0.000000 -0.000001 0.000000 0.000000 0.000000
 17 1.208675 0.000001 0.000000 0.000000 0.000000 3.141593
 18 3.507812 -0.429746 1.193335 0.022860 -0.225875 -0.088311
 19 1.560288 -0.000001 0.000001 0.000000 0.000000 0.000000
 20 1.560289 0.000001 -0.000001 0.000000 0.000000 0.000000
 21 1.560287 0.000002 -0.000000 0.000000 0.000000 3.141593
 22 3.044312 -0.436518 0.176984 0.140338 -0.004885 0.034563
 23 1.820337 -0.000001 0.000000 0.000000 0.000000 0.000000
 24 1.820339 -0.000004 -0.000000 0.000000 0.000000 0.000000
 25 1.820338 0.000001 -0.000000 0.000000 0.000000 3.141593
 26 3.330765 -0.128980 -0.727983 0.013106 0.174047 0.071026
 27 1.560290 -0.000000 -0.000000 0.000000 0.000000 0.000000
 28 1.560287 -0.000000 -0.000000 0.000000 0.000000 0.000000
 29 1.560288 -0.000000 -0.000000 0.000000 0.000000 3.141593
 30 3.208162 0.466228 -1.931736 0.024854 0.330715 0.074094
 31 1.300240 0.000005 -0.000002 0.000000 0.000000 0.000000
 32 1.300242 -0.000001 0.000001 0.000000 0.000000 0.000000
 33 1.300241 -0.000002 0.000000 0.000000 0.000000 3.141593
 34 0.000000 0.002183 1.281929 0.491984 -0.884939 2.363667
 35 7.285012 -0.000001 -0.000000 -0.589658 0.448024 0.135017
 36 12.538438 0.000000 -0.000001 -0.000000 -0.000000 -1.562599
 37 10.782779 -0.000003 0.000003 -1.633717 0.038385 0.006831
 38 1.016389 0.059479 -2.003611 0.348822 0.790160 0.431299
 39 1.107952 -0.000004 -0.000001 0.000000 0.000000 0.000000
 40 1.107952 0.000001 0.000001 0.000000 0.000000 0.000000
 41 1.107952 0.000002 0.000000 0.000000 0.000000 0.000000
 42 3.077731 -0.144551 -1.412633 0.003835 0.209388 0.026587
 43 1.560289 -0.000000 -0.000001 0.000000 0.000000 0.000000
 44 1.560292 -0.000001 -0.000000 0.000000 0.000000 0.000000
 45 1.560290 -0.000001 -0.000001 0.000000 0.000000 0.000000
 46 2.463500 0.093203 -0.291941 -0.000796 0.000000 -0.000000
 47 1.820337 -0.000001 0.000001 0.000000 0.000000 0.000000
 48 1.820339 -0.000001 0.000001 0.000000 0.000000 0.000000
 49 1.820338 -0.000000 0.000001 0.000000 0.000000 0.000000
 50 3.016627 -0.086193 0.699123 -0.016172 -0.173791 0.088745
 51 1.560287 -0.000001 0.000002 0.000000 0.000000 0.000000
 52 1.560289 -0.000000 -0.000002 0.000000 0.000000 0.000000
 53 1.560289 -0.000000 -0.000002 0.000000 0.000000 0.000000
 54 2.733755 0.442846 1.903232 -0.009342 -0.314026 0.027785
 55 1.300243 -0.000001 0.000000 0.000000 0.000000 0.000000
 56 1.300238 -0.000000 0.000001 0.000000 0.000000 0.000000
 57 1.300241 0.000000 0.000001 0.000000 0.000000 0.000000
 58 -3.577350 1.201815 2.326708 0.123348 -2.813827 -0.071584
 59 15.353564 0.000001 0.000002 0.000000 0.000000 -0.001891
 60 19.266844 0.000001 0.000002 0.264764 0.082102 -0.211711
 61 4.212047 5.420720 0.000000 -0.000000 0.000000 1.570796
 62 0.549397 -0.000000 0.000000 0.000000 0.000000 3.141593
 63 -4.201394 0.690843 -4.954057 0.045755 2.354447 -0.951301
 64 15.353562 0.000002 -0.000000 -0.000000 0.000000 -1.525638
 65 19.266846 0.000001 -0.000001 -0.351166 -0.104544 0.861212
 66 4.212046 5.420718 -0.000001 -0.000000 0.000000 1.570796
 67 0.549397 -0.000000 0.000001 0.000000 0.000000 0.000000
 68 -38.836464 -1.519707 -0.000051 -3.141593 -1.570796 0.000000
time 84
  0 -8.979923 23.687374 33.479473 -0.006505 -0.105433 2.451114
  1 -3.416941 0.210042 -32.287811 -0.072318 -0.077063 -2.447982
  2 -2.352843 2.344515 -0.000000 -0.000000 -1.220193 -1.570795
  3 3.956817 -0.003644 1.446404 0.075183 -0.072713 0.264356
  4 4.761443 -0.003791 0.000000 0.000000 0.000000 0.000000
  5 4.761642 -0.003785 -0.000112 0.029518 0.060496 0.054032
  6 4.761641 -0.003784 -0.000112 0.029518 0.060496 0.054032
  7 4.762266 -0.002029 0.000000 -0.000000 -0.000001 0.383972
  8 2.746990 -0.000001 0.000001 1.096208 -0.572685 -0.501233
  9 9.156627 -0.000000 -0.000001 0.000000 0.000000 0.000000
 10 0.000002 0.002192 -1.281929 -1.308511 1.204195 1.466050
 11 7.285008 0.000001 0.000002 0.001492 -0.621566 -0.209356
 12 12.718713 -0.000000 -0.000002 -0.000000 -0.000000 -2.652789
 13 10.221165 -0.000001 0.000005 1.710994 0.103976 -0.215564
 14 1.389923 -0.447517 1.936564 -0.210439 -0.761471 0.314906
 15 1.208675 0.000001 -0.000000 0.000000 0.000000 0.000000
 16 1.208675 0.000001 0.000000 0.000000 0.000000 0.000000
 17 1.208675 0.000000 -0.000000 0.000000 0.000000 3.141593
 18 3.507809 -0.429744 1.193333 0.022860 -0.225875 -0.088311
 19 1.560291 0.000002 -0.000000 0.000000 0.000000 0.000000
 20 1.560287 -0.000003 0.000001 0.000000 0.000000 0.000000
 21 1.560287 -0.000001 0.000000 0.000000 0.000000 3.141593
 22 3.044310 -0.436518 0.176984 0.140338 -0.004885 0.034563
 23 1.820335 -0.000004 0.000001 0.000000 0.000000 0.000000
 24 1.820341 -0.000000 0.000001 0.000000 0.000000 0.000000
 25 1.820338 0.000001 -0.000001 0.000000 0.000000 3.141593
 26 3.330764 -0.128975 -0.727984 0.013106 0.174047 0.071026
 27 1.560292 0.000002 0.000001 0.000000 0.000000 0.000000
 28 1.560288 -0.000000 0.000000 0.000000 0.000000 0.000000
 29 1.560288 -0.000002 -0.000000 0.000000 0.000000 3.141593
 30 3.208163 0.466229 -1.931735 0.024854 0.330715 0.074094
 31 1.300240 -0.000001 -0.000000 0.000000 0.000000 0.000000
 32 1.300243 -0.000001 0.000000 0.000000 0.000000 0.000000
 33 1.300243 -0.000001 0.000001 0.000000 0.000000 3.141593
 34 0.000003 0.002183 1.281930 0.500123 -0.895908 2.353544
 35 7.285012 -0.000000 -0.000000 -0.583342 0.452209 0.141917
 36 12.538439 0.000001 0.000002 -0.000000 0.000000 -1.579761
 37 10.782777 0.000000 -0.000003 -1.634043 0.037594 0.007654
 38 1.016389 0.059478 -2.003609 0.348822 0.790160 0.431299
 39 1.107951 0.000001 0.000000 0.000000 0.000000 0.000000
 40 1.107951 0.000002 0.000000 0.000000 0.000000 0.000000
 41 1.107951 0.000002 0.000000 0.000000 0.000000 0.000000
 42 3.077729 -0.144550 -1.412631 0.003835 0.209388 0.026587
 43 1.560286 0.000001 0.000000 0.000000 0.000000 0.000000
 44 1.560288 0.000001 0.000001 0.000000 0.000000 0.000000
 45 1.560290 0.000002 0.000001 0.000000 0.000000 0.000000
 46 2.463499 0.093203 -0.291939 -0.000796 -0.000000 -0.000000
 47 1.820335 0.000001 0.000001 0.000000 0.000000 0.000000
 48 1.820337 -0.000000 -0.000001 0.000000 0.000000 0.000000
 49 1.820341 -0.000002 -0.000002 0.000000 0.000000 0.000000
 50 3.016625 -0.086193 0.699126 -0.016172 -0.173791 0.088745
 51 1.560289 0.000003 0.000001 0.000000 0.000000 0.000000
 52 1.560288 -0.000001 -0.000001 0.000000 0.000000 0.000000
 53 1.560289 -0.000002 -0.000002 0.000000 0.000000 0.000000
 54 2.733752 0.442846 1.903234 -0.009342 -0.314026 0.027785
 55 1.300242 0.000000 0.000001 0.000000 0.000000 0.000000
 56 1.300241 0.000003 0.000003 0.000000 0.000000 0.000000
 57 1.300240 0.000001 -0.000001 0.000000 0.000000 0.000000
 58 -3.647315 1.221323 2.402846 0.097330 -2.820434 -0.106936
 59 15.353562 -0.000000 0.000001 0.000000 0.000000 -0.177887
 60 19.266846 0.000000 0.000001 0.251076 0.044161 -0.000535
 61 4.212048 5.420721 -0.000000 -0.000000 -0.000000 1.570796
 62 0.549397 -0.000000 -0.000000 0.000000 0.000000 3.141593
 63 -4.179480 0.672545 -4.882460 -0.010699 2.363049 -0.982218
 64 15.353566 -0.000000 0.000001 -0.000000 -0.000000 -1.529283
 65 19.266844 0.000000 -0.000002 -0.372982 -0.081471 0.846824
 66 4.212047 5.420720 -0.000000 -0.000000 0.000000 1.570796
 67 0.549397 0.000000 0.000000 0.000000 0.000000 0.000000
 68 -38.836468 -1.519707 -0.000050 3.141593 -1.570796 0.000000
time 85
  0 -9.539585 22.963982 33.251339 -0.002626 -0.106720 2.404924
  1 -3.434186 0.084187 -32.057121 -0.073792 -0.077211 -2.401933
  2 -2.331672 2.194880 0.000001 -0.000000 -1.251910 -1.570795
  3 4.000690 -0.003649 1.320214 0.080045 -0.059699 0.261709
  4 4.761444 -0.003791 0.000000 0.000000 0.000000 0.000000
  5 4.761640 -0.003785 -0.000111 0.029087 0.056653 0.053639
  6 4.761644 -0.003785 -0.000109 0.029087 0.056653 0.053639
  7 4.762264 -0.002028 -0.000001 -0.000000 -0.000001 0.383972
  8 2.746989 0.000001 -0.000001 1.107806 -0.564389 -0.507580
  9 9.156625 0.000001 -0.000001 0.000000 0.000000 0.000000
 10 0.000004 0.002190 -1.281928 -1.313784 1.212965 1.459591
 11 7.285010 0.000001 0.000003 0.007305 -0.604837 -0.246814
 12 12.718717 0.000000 -0.000005 -0.000000 0.000000 -2.667557
 13 10.221163 0.000000 0.000001 1.714050 0.110797 -0.221141
 14 1.389922 -0.447519 1.936564 -0.210439 -0.761471 0.314906
 15 1.208672 0.000000 0.000001 0.000000 0.000000 0.000000
 16 1.208676 -0.000000 -0.000001 0.000000 0.000000 0.000000
 17 1.208675 -0.000001 0.000000 0.000000 0.000000 3.141593
 18 3.507810 -0.429743 1.193334 0.022860 -0.225875 -0.088311
 19 1.560289 -0.000004 0.000000 0.000000 0.000000 0.000000
 20 1.560288 0.000002 -0.000000 0.000000 0.000000 0.000000
 21 1.560290 0.000003 -0.000000 0.000000 0.000000 3.141593
 22 3.044308 -0.436517 0.176983 0.140338 -0.004885 0.034563
 23 1.820340 -0.000004 0.000001 0.000000 0.000000 0.000000
 24 1.820337 0.000002 -0.000000 0.000000 0.000000 0.000000
 25 1.820338 -0.000000 -0.000001 0.000000 0.000000 3.141593
 26 3.330761 -0.128978 -0.727984 0.013106 0.174047 0.071026
 27 1.560290 0.000000 -0.000000 0.000000 0.000000 0.000000
 28 1.560288 -0.000001 0.000001 0.000000 0.000000 0.000000
 29 1.560288 -0.000004 -0.000000 0.000000 0.000000 3.141593
 30 3.208161 0.466230 -1.931736 0.024854 0.330715 0.074094
 31 1.300241 -0.000003 0.000000 0.000000 0.000000 0.000000
 32 1.300244 0.000002 -0.000001 0.000000 0.000000 0.000000
 33 1.300241 -0.000002 0.000001 0.000000 0.000000 3.141593
 34 0.000001 0.002185 1.281927 0.505257 -0.907033 2.345923
 35 7.285014 0.000001 0.000001 -0.572846 0.456225 0.140155
 36 12.538443 0.000001 -0.000001 -0.000000 -0.000000 -1.584819
 37 10.782780 -0.000001 0.000002 -1.633782 0.037041 0.007811
 38 1.016388 0.059480 -2.003610 0.348822 0.790160 0.431299
 39 1.107950 0.000001 -0.000000 0.000000 0.000000 0.000000
 40 1.107950 0.000000 -0.000000 0.000000 0.000000 0.000000
 41 1.107954 -0.000000 -0.000000 0.000000 0.000000 0.000000
 42 3.077729 -0.144551 -1.412633 0.003835 0.209388 0.026587
 43 1.560291 -0.000001 0.000001 0.000000 0.000000 0.000000
 44 1.560288 0.000001 0.000001 0.000000 0.000000 0.000000
 45 1.560290 0.000001 -0.000001 0.000000 0.000000 0.000000
 46 2.463499 0.093205 -0.291940 -0.000796 0.000000 0.000000
 47 1.820338 -0.000002 -0.000002 0.000000 0.000000 0.000000
 48 1.820339 0.000000 0.000004 0.000000 0.000000 0.000000
 49 1.820337 0.000002 0.000001 0.000000 0.000000 0.000000
 50 3.016625 -0.086193 0.699122 -0.016172 -0.173791 0.088745
 51 1.560290 0.000001 -0.000001 0.000000 0.000000 0.000000
 52 1.560290 -0.000002 -0.000003 0.000000 0.000000 0.000000
 53 1.560288 -0.000001 0.000001 0.000000 0.000000 0.000000
 54 2.733752 0.442844 1.903230 -0.009342 -0.314026 0.027785
 55 1.300242 -0.000000 0.000000 0.000000 0.000000 0.000000
 56 1.300238 0.000000 0.000001 0.000000 0.000000 0.000000
 57 1.300242 -0.000000 0.000001 0.000000 0.000000 0.000000
 58 -3.716885 1.240708 2.477502 0.081753 -2.831655 -0.247258
 59 15.353564 -0.000000 0.000001 -0.000000 0.000000 -0.484101
 60 19.266846 -0.000001 -0.000002 0.256879 0.049034 0.109596
 61 4.212046 5.420720 -0.000000 -0.000000 -0.000000 1.570796
 62 0.549398 0.000000 -0.000000 0.000000 0.000000 3.141593
 63 -4.153927 0.656009 -4.811337 -0.067965 2.386106 -1.005802
 64 15.353564 0.000000 0.000000 -0.000000 0.000000 -1.524454
 65 19.266846 -0.000001 0.000000 -0.374463 -0.064326 0.827058
 66 4.212047 5.420721 0.000001 -0.000000 0.000000 1.570796
 67 0.549397 0.000000 -0.000000 0.000000 0.000000 0.000000
 68 -38.836464 -1.519708 -0.000049 3.141593 -1.570796 0.000000
time 86
  0 -10.097799 22.253780 33.108528 -0.000084 -0.106333 2.366808
  1 -3.406644 0.002680 -31.916553 -0.074590 -0.075854 -2.363972
  2 -2.312612 2.047691 -0.000000 0.000000 -1.283384 -1.570795
  3 4.040250 -0.003650 1.193678 0.084626 -0.046469 0.259362
  4 4.761443 -0.003791 -0.000000 0.000000 0.000000 0.000000
  5 4.761642 -0.003785 -0.000110 0.028634 0.052897 0.053306
  6 4.761640 -0.003785 -0.000108 0.028634 0.052897 0.053306
  7 4.762263 -0.002029 0.000000 -0.000000 -0.000001 0.383972
  8 2.746989 0.000000 -0.000001 1.115397 -0.559472 -0.513360
  9 9.156626 0.000000 -0.000001 0.000000 0.000000 0.000000
 10 0.000003 0.002191 -1.281928 -1.276587 1.230634 1.497018
 11 7.285010 0.000002 0.000003 0.002028 -0.596184 -0.304660
 12 12.718715 -0.000001 -0.000004 -0.000000 0.000000 -2.661959
 13 10.221165 -0.000001 0.000001 1.713290 0.108315 -0.218954
 14 1.389919 -0.447516 1.936563 -0.210439 -0.761471 0.314906
 15 1.208673 -0.000001 -0.000001 0.000000 0.000000 0.000000
 16 1.208673 0.000002 0.000001 0.000000 0.000000 0.000000
 17 1.208676 -0.000001 -0.000000 0.000000 0.000000 3.141593
 18 3.507807 -0.429742 1.193334 0.022860 -0.225875 -0.088311
 19 1.560286 0.000003 -0.000000 0.000000 0.000000 0.000000
 20 1.560289 -0.000001 -0.000000 0.000000 0.000000 0.000000
 21 1.560291 -0.000005 0.000000 0.000000 0.000000 3.141593
 22 3.044310 -0.436516 0.176984 0.140338 -0.004885 0.034563
 23 1.820338 0.000002 0.000000 0.000000 0.000000 0.000000
 24 1.820336 -0.000004 0.000000 0.000000 0.000000 0.000000
 25 1.820338 -0.000001 0.000001 0.000000 0.000000 3.141593
 26 3.330761 -0.128976 -0.727984 0.013106 0.174047 0.071026
 27 1.560287 -0.000001 -0.000001 0.000000 0.000000 0.000000
 28 1.560292 -0.000000 0.000001 0.000000 0.000000 0.000000
 29 1.560288 -0.000000 -0.000000 0.000000 0.000000 3.141593
 30 3.208159 0.466228 -1.931736 0.024854 0.330715 0.074094
 31 1.300242 -0.000001 0.000001 0.000000 0.000000 0.000000
 32 1.300238 -0.000001 -0.000001 0.000000 0.000000 0.000000
 33 1.300239 -0.000001 -0.000001 0.000000 0.000000 3.141593
 34 0.000000 0.002186 1.281927 0.502940 -0.918301 2.344738
 35 7.285013 -0.000000 0.000001 -0.558387 0.459578 0.128640
 36 12.538439 0.000000 0.000001 -0.000000 0.000000 -1.579539
 37 10.782779 0.000001 -0.000003 -1.633097 0.036805 0.007452
 38 1.016389 0.059481 -2.003610 0.348822 0.790160 0.431299
 39 1.107950 -0.000000 -0.000001 0.000000 0.000000 0.000000
 40 1.107950 0.000002 0.000002 0.000000 0.000000 0.000000
 41 1.107951 -0.000002 0.000000 0.000000 0.000000 0.000000
 42 3.077732 -0.144549 -1.412631 0.003835 0.209388 0.026587
 43 1.560290 -0.000001 -0.000002 0.000000 0.000000 0.000000
 44 1.560289 0.000001 0.000001 0.000000 0.000000 0.000000
 45 1.560290 0.000001 0.000002 0.000000 0.000000 0.000000
 46 2.463502 0.093204 -0.291939 -0.000796 -0.000000 -0.000000
 47 1.820334 0.000002 -0.000001 0.000000 0.000000 0.000000
 48 1.820338 -0.000003 -0.000001 0.000000 0.000000 0.000000
 49 1.820337 -0.000000 0.000002 0.000000 0.000000 0.000000
 50 3.016628 -0.086192 0.699124 -0.016172 -0.173791 0.088745
 51 1.560285 0.000000 -0.000001 0.000000 0.000000 0.000000
 52 1.560290 -0.000001 -0.000001 0.000000 0.000000 0.000000
 53 1.560290 -0.000001 -0.000002 0.000000 0.000000 0.000000
 54 2.733751 0.442846 1.903232 -0.009342 -0.314026 0.027785
 55 1.300245 -0.000000 0.000001 0.000000 0.000000 0.000000
 56 1.300239 0.000000 0.000001 0.000000 0.000000 0.000000
 57 1.300239 0.000001 0.000002 0.000000 0.000000 0.000000
 58 -3.785283 1.259784 2.550313 0.074550 -2.838124 -0.370371
 59 15.353567 -0.000001 0.000003 -0.000000 0.000000 -0.719907
 60 19.266850 -0.000002 0.000001 0.246895 0.076610 0.090059
 61 4.212046 5.420721 -0.000001 -0.000000 0.000000 1.570796
 62 0.549397 0.000000 -0.000001 0.000000 0.000000 3.141593
 63 -4.125555 0.641271 -4.740896 -0.113455 2.410670 -1.020134
 64 15.353563 0.000003 -0.000001 0.000000 0.000000 -1.510595
 65 19.266850 -0.000002 0.000000 -0.370847 -0.050157 0.803933
 66 4.212046 5.420721 0.000000 -0.000000 0.000000 1.570796
 67 0.549397 0.000000 -0.000000 0.000000 0.000000 0.000000
 68 -38.836464 -1.519707 -0.000050 3.141593 -1.570796 0.000000
time 87
  0 -10.652777 21.559982 33.059132 0.000115 -0.103365 2.337795
  1 -3.306793 -0.003680 -31.877394 -0.074470 -0.071750 -2.335127
  2 -2.295689 1.903556 -0.000000 0.000000 -1.314337 -1.570795
  3 4.075257 -0.003651 1.068081 0.088902 -0.033245 0.257317
  4 4.761440 -0.003791 -0.000001 0.000000 0.000000 0.000000
  5 4.761642 -0.003786 -0.000106 0.028166 0.049241 0.053031
  6 4.761638 -0.003783 -0.000108 0.028166 0.049241 0.053031
  7 4.762263 -0.002027 -0.000001 -0.000000 -0.000001 0.383972
  8 2.746989 -0.000000 0.000001 1.115723 -0.562828 -0.521602
  9 9.156631 -0.000000 -0.000000 0.000000 0.000000 0.000000
 10 0.000001 0.002191 -1.281928 -1.204484 1.251235 1.570050
 11 7.285012 -0.000000 -0.000003 -0.013573 -0.593529 -0.367535
 12 12.718713 -0.000001 -0.000002 0.000000 -0.000000 -2.642929
 13 10.221165 -0.000001 0.000003 1.709909 0.100390 -0.212134
 14 1.389923 -0.447517 1.936564 -0.210439 -0.761471 0.314906
 15 1.208678 -0.000002 -0.000002 0.000000 0.000000 0.000000
 16 1.208672 0.000000 0.000001 0.000000 0.000000 0.000000
 17 1.208675 0.000002 0.000002 0.000000 0.000000 3.141593
 18 3.507808 -0.429745 1.193333 0.022860 -0.225875 -0.088311
 19 1.560291 -0.000002 -0.000001 0.000000 0.000000 0.000000
 20 1.560287 0.000002 0.000000 0.000000 0.000000 0.000000
 21 1.560287 0.000002 0.000000 0.000000 0.000000 3.141593
 22 3.044308 -0.436518 0.176983 0.140338 -0.004885 0.034563
 23 1.820339 0.000001 0.000001 0.000000 0.000000 0.000000
 24 1.820337 -0.000000 0.000000 0.000000 0.000000 0.000000
 25 1.820336 -0.000001 0.000000 0.000000 0.000000 3.141593
 26 3.330763 -0.128978 -0.727984 0.013106 0.174047 0.071026
 27 1.560291 -0.000002 0.000000 0.000000 0.000000 0.000000
 28 1.560286 0.000004 -0.000001 0.000000 0.000000 0.000000
 29 1.560289 0.000000 0.000000 0.000000 0.000000 3.141593
 30 3.208161 0.466228 -1.931736 0.024854 0.330715 0.074094
 31 1.300243 0.000001 0.000000 0.000000 0.000000 0.000000
 32 1.300239 0.000004 -0.000001 0.000000 0.000000 0.000000
 33 1.300241 -0.000001 0.000001 0.000000 0.000000 3.141593
 34 -0.000001 0.002183 1.281929 0.496815 -0.929842 2.346879
 35 7.285012 -0.000002 -0.000000 -0.540704 0.462561 0.111668
 36 12.538439 0.000001 0.000002 -0.000000 0.000000 -1.566601
 37 10.782779 -0.000002 0.000002 -1.632086 0.036776 0.006684
 38 1.016389 0.059478 -2.003611 0.348822 0.790160 0.431299
 39 1.107953 -0.000000 -0.000000 0.000000 0.000000 0.000000
 40 1.107951 0.000002 0.000002 0.000000 0.000000 0.000000
 41 1.107952 0.000001 -0.000000 0.000000 0.000000 0.000000
 42 3.077732 -0.144549 -1.412630 0.003835 0.209388 0.026587
 43 1.560289 -0.000000 -0.000001 0.000000 0.000000 0.000000
 44 1.560288 -0.000001 0.000000 0.000000 0.000000 0.000000
 45 1.560291 -0.000001 0.000001 0.000000 0.000000 0.000000
 46 2.463499 0.093205 -0.291939 -0.000796 -0.000000 0.000000
 47 1.820340 0.000001 -0.000001 0.000000 0.000000 0.000000
 48 1.820340 0.000001 0.000001 0.000000 0.000000 0.000000
 49 1.820338 0.000001 0.000001 0.000000 0.000000 0.000000
 50 3.016625 -0.086192 0.699124 -0.016172 -0.173791 0.088745
 51 1.560291 -0.000004 -0.000002 0.000000 0.000000 0.000000
 52 1.560288 0.000002 -0.000001 0.000000 0.000000 0.000000
 53 1.560289 -0.000000 0.000000 0.000000 0.000000 0.000000
 54 2.733753 0.442845 1.903233 -0.009342 -0.314026 0.027785
 55 1.300239 0.000001 0.000003 0.000000 0.000000 0.000000
 56 1.300242 0.000000 -0.000002 0.000000 0.000000 0.000000
 57 1.300243 -0.000001 -0.000002 0.000000 0.000000 0.000000
 58 -3.851743 1.278385 2.620953 0.061786 -2.837615 -0.394236
 59 15.353564 0.000002 0.000001 -0.000000 -0.000000 -0.799721
 60 19.266846 -0.000002 0.000001 0.217007 0.060142 0.127211
 61 4.212047 5.420720 -0.000000 -0.000000 -0.000000 1.570796
 62 0.549398 0.000000 -0.000001 0.000000 0.000000 3.141593
 63 -4.095220 0.628356 -4.671389 -0.144854 2.438377 -1.031127
 64 15.353562 0.000005 0.000001 -0.000000 0.000000 -1.484554
 65 19.266844 -0.000001 0.000000 -0.377896 -0.068540 0.733023
 66 4.212047 5.420720 0.000001 -0.000000 -0.000000 1.570796
 67 0.549396 -0.000000 -0.000001 0.000000 0.000000 0.000000
 68 -38.836464 -1.519708 -0.000049 3.141593 -1.570796 0.000000
time 88
  0 -11.202758 20.885763 33.001354 -0.001062 -0.098540 2.328566
  1 -3.147267 0.033825 -31.835461 -0.072416 -0.066895 -2.326089
  2 -2.280916 1.763087 0.000001 0.000000 -1.344494 -1.570795
  3 4.105609 -0.003653 0.944732 0.092853 -0.020243 0.255574
  4 4.761448 -0.003792 0.000001 0.000000 0.000000 0.000000
  5 4.761642 -0.003784 -0.000105 0.027687 0.045698 0.052812
  6 4.761641 -0.003784 -0.000105 0.027687 0.045698 0.052812
  7 4.762265 -0.002029 0.000000 -0.000000 -0.000001 0.383972
  8 2.746991 -0.000001 -0.000001 1.111876 -0.569784 -0.528941
  9 9.156628 0.000001 0.000000 0.000000 0.000000 0.000000
 10 0.000003 0.002190 -1.281928 -1.117960 1.266300 1.657658
 11 7.285014 -0.000000 0.000002 -0.026083 -0.591148 -0.412246
 12 12.718716 -0.000001 -0.000003 -0.000000 0.000000 -2.628736
 13 10.221164 -0.000002 0.000003 1.706498 0.094051 -0.206977
 14 1.389918 -0.447519 1.936563 -0.210439 -0.761471 0.314906
 15 1.208673 0.000002 0.000001 0.000000 0.000000 0.000000
 16 1.208676 -0.000003 -0.000000 0.000000 0.000000 0.000000
 17 1.208676 -0.000001 -0.000001 0.000000 0.000000 3.141593
 18 3.507808 -0.429745 1.193334 0.022860 -0.225875 -0.088311
 19 1.560289 0.000001 -0.000001 0.000000 0.000000 0.000000
 20 1.560290 -0.000000 0.000000 0.000000 0.000000 0.000000
 21 1.560287 -0.000001 0.000000 0.000000 0.000000 3.141593
 22 3.044308 -0.436518 0.176984 0.140338 -0.004885 0.034563
 23 1.820341 -0.000002 0.000001 0.000000 0.000000 0.000000
 24 1.820338 0.000002 -0.000001 0.000000 0.000000 0.000000
 25 1.820335 0.000002 -0.000000 0.000000 0.000000 3.141593
 26 3.330762 -0.128979 -0.727984 0.013106 0.174047 0.071026
 27 1.560290 0.000002 -0.000000 0.000000 0.000000 0.000000
 28 1.560287 -0.000000 0.000001 0.000000 0.000000 0.000000
 29 1.560289 -0.000000 -0.000000 0.000000 0.000000 3.141593
 30 3.208161 0.466229 -1.931736 0.024854 0.330715 0.074094
 31 1.300239 -0.000002 -0.000001 0.000000 0.000000 0.000000
 32 1.300241 -0.000002 0.000002 0.000000 0.000000 0.000000
 33 1.300244 -0.000002 0.000000 0.000000 0.000000 3.141593
 34 0.000002 0.002185 1.281926 0.492477 -0.941235 2.347604
 35 7.285012 0.000001 0.000001 -0.522355 0.468492 0.090873
 36 12.538440 0.000002 0.000001 -0.000000 0.000000 -1.548554
 37 10.782778 -0.000000 -0.000000 -1.630734 0.036736 0.005607
 38 1.016387 0.059479 -2.003610 0.348822 0.790160 0.431299
 39 1.107952 -0.000002 0.000001 0.000000 0.000000 0.000000
 40 1.107951 -0.000002 -0.000001 0.000000 0.000000 0.000000
 41 1.107950 -0.000002 -0.000000 0.000000 0.000000 0.000000
 42 3.077728 -0.144549 -1.412630 0.003835 0.209388 0.026587
 43 1.560287 0.000004 0.000002 0.000000 0.000000 0.000000
 44 1.560289 -0.000001 -0.000001 0.000000 0.000000 0.000000
 45 1.560291 -0.000002 -0.000000 0.000000 0.000000 0.000000
 46 2.463499 0.093203 -0.291939 -0.000796 -0.000000 0.000000
 47 1.820342 -0.000001 0.000001 0.000000 0.000000 0.000000
 48 1.820335 -0.000000 0.000001 0.000000 0.000000 0.000000
 49 1.820336 0.000001 0.000001 0.000000 0.000000 0.000000
 50 3.016625 -0.086195 0.699124 -0.016172 -0.173791 0.088745
 51 1.560290 0.000002 -0.000002 0.000000 0.000000 0.000000
 52 1.560287 0.000003 -0.000002 0.000000 0.000000 0.000000
 53 1.560289 -0.000001 0.000002 0.000000 0.000000 0.000000
 54 2.733753 0.442843 1.903232 -0.009342 -0.314026 0.027785
 55 1.300238 -0.000002 -0.000001 0.000000 0.000000 0.000000
 56 1.300243 -0.000001 -0.000000 0.000000 0.000000 0.000000
 57 1.300242 -0.000000 0.000001 0.000000 0.000000 0.000000
 58 -3.915502 1.296361 2.689137 0.050260 -2.833056 -0.379059
 59 15.353566 -0.000000 0.000004 -0.000000 0.000000 -0.809054
 60 19.266848 -0.000001 0.000002 0.194986 0.024636 0.228039
 61 4.212047 5.420720 0.000001 -0.000000 -0.000000 1.570796
 62 0.549398 -0.000000 -0.000000 0.000000 0.000000 3.141593
 63 -4.063774 0.617292 -4.603115 -0.166424 2.465178 -1.032761
 64 15.353562 0.000002 -0.000000 -0.000000 0.000000 -1.458036
 65 19.266846 -0.000000 -0.000001 -0.368099 -0.089852 0.660682
 66 4.212046 5.420720 0.000000 -0.000000 -0.000000 1.570796
 67 0.549399 -0.000000 0.000001 0.000000 0.000000 0.000000
 68 -38.836464 -1.519708 -0.000051 -3.141593 -1.570796 0.000000
time 89
  0 -11.745952 20.234341 33.169525 -0.001864 -0.093512 2.344436
  1 -3.002843 0.059692 -32.018284 -0.068293 -0.063955 -2.342163
  2 -2.268296 1.626890 0.000002 0.000000 -1.373578 -1.570795
  3 4.131347 -0.003653 0.824954 0.096458 -0.007684 0.254129
  4 4.761443 -0.003791 -0.000001 0.000000 0.000000 0.000000
  5 4.761642 -0.003785 -0.000103 0.027201 0.042279 0.052648
  6 4.761638 -0.003786 -0.000101 0.027201 0.042279 0.052648
  7 4.762262 -0.002027 -0.000001 -0.000000 -0.000001 0.383972
  8 2.746988 0.000000 -0.000001 1.111918 -0.568675 -0.532883
  9 9.156630 -0.000001 -0.000001 0.000000 0.000000 0.000000
 10 0.000001 0.002191 -1.281928 -1.020411 1.271482 1.756891
 11 7.285011 0.000000 -0.000001 -0.030638 -0.584923 -0.421811
 12 12.718715 0.000000 -0.000001 -0.000000 0.000000 -2.627269
 13 10.221163 -0.000001 0.000002 1.703950 0.092161 -0.206222
 14 1.389920 -0.447519 1.936564 -0.210439 -0.761471 0.314906
 15 1.208676 -0.000001 0.000000 0.000000 0.000000 0.000000
 16 1.208675 -0.000000 0.000000 0.000000 0.000000 0.000000
 17 1.208673 0.000001 0.000000 0.000000 0.000000 3.141593
 18 3.507810 -0.429742 1.193334 0.022860 -0.225875 -0.088311
 19 1.560293 -0.000000 -0.000000 0.000000 0.000000 0.000000
 20 1.560289 -0.000002 0.000001 0.000000 0.000000 0.000000
 21 1.560286 -0.000001 0.000001 0.000000 0.000000 3.141593
 22 3.044308 -0.436515 0.176983 0.140338 -0.004885 0.034563
 23 1.820339 -0.000000 0.000001 0.000000 0.000000 0.000000
 24 1.820338 -0.000001 0.000000 0.000000 0.000000 0.000000
 25 1.820337 -0.000001 0.000000 0.000000 0.000000 3.141593
 26 3.330763 -0.128978 -0.727984 0.013106 0.174047 0.071026
 27 1.560290 0.000001 0.000000 0.000000 0.000000 0.000000
 28 1.560291 -0.000000 0.000001 0.000000 0.000000 0.000000
 29 1.560288 -0.000000 0.000000 0.000000 0.000000 3.141593
 30 3.208159 0.466231 -1.931735 0.024854 0.330715 0.074094
 31 1.300243 -0.000003 0.000001 0.000000 0.000000 0.000000
 32 1.300241 0.000002 -0.000001 0.000000 0.000000 0.000000
 33 1.300241 -0.000001 0.000000 0.000000 0.000000 3.141593
 34 0.000004 0.002182 1.281927 0.495880 -0.952060 2.341751
 35 7.285012 0.000001 0.000000 -0.506027 0.480528 0.067917
 36 12.538440 0.000003 -0.000004 0.000000 0.000000 -1.527948
 37 10.782778 -0.000000 -0.000000 -1.629024 0.036468 0.004322
 38 1.016389 0.059480 -2.003610 0.348822 0.790160 0.431299
 39 1.107952 0.000001 0.000000 0.000000 0.000000 0.000000
 40 1.107953 -0.000000 -0.000000 0.000000 0.000000 0.000000
 41 1.107953 -0.000002 0.000000 0.000000 0.000000 0.000000
 42 3.077732 -0.144547 -1.412629 0.003835 0.209388 0.026587
 43 1.560289 -0.000001 -0.000001 0.000000 0.000000 0.000000
 44 1.560287 0.000000 0.000002 0.000000 0.000000 0.000000
 45 1.560288 0.000001 0.000002 0.000000 0.000000 0.000000
 46 2.463500 0.093207 -0.291938 -0.000796 0.000000 0.000000
 47 1.820336 0.000001 0.000001 0.000000 0.000000 0.000000
 48 1.820338 0.000000 0.000001 0.000000 0.000000 0.000000
 49 1.820337 0.000000 0.000001 0.000000 0.000000 0.000000
 50 3.016628 -0.086192 0.699125 -0.016172 -0.173791 0.088745
 51 1.560291 -0.000001 -0.000001 0.000000 0.000000 0.000000
 52 1.560287 0.000001 0.000000 0.000000 0.000000 0.000000
 53 1.560287 0.000003 0.000001 0.000000 0.000000 0.000000
 54 2.733756 0.442846 1.903232 -0.009342 -0.314026 0.027785
 55 1.300239 0.000001 0.000001 0.000000 0.000000 0.000000
 56 1.300243 0.000003 0.000003 0.000000 0.000000 0.000000
 57 1.300242 -0.000002 -0.000001 0.000000 0.000000 0.000000
 58 -3.975825 1.313569 2.754629 0.054884 -2.835357 -0.379118
 59 15.353563 -0.000002 0.000001 0.000000 -0.000000 -0.803423
 60 19.266842 0.000000 0.000002 0.180515 0.003504 0.287812
 61 4.212047 5.420720 0.000001 -0.000000 0.000000 1.570796
 62 0.549398 -0.000000 -0.000001 0.000000 0.000000 3.141593
 63 -4.032101 0.608091 -4.536405 -0.173377 2.481823 -1.020686
 64 15.353559 -0.000001 -0.000001 -0.000000 0.000000 -1.430950
 65 19.266846 0.000003 -0.000003 -0.344282 -0.108874 0.594104
 66 4.212047 5.420719 0.000000 -0.000000 -0.000000 1.570796
 67 0.549397 0.000000 -0.000000 0.000000 0.000000 0.000000
 68 -38.836464 -1.519710 -0.000051 3.141593 -1.570796 0.000000
time 90
  0 -12.280578 19.608917 33.496269 -0.002167 -0.088796 2.378388
  1 -2.880805 0.070117 -32.357521 -0.063030 -0.062625 -2.376317
  2 -2.257828 1.495572 0.000003 0.000000 -1.401313 -1.570795
  3 4.152638 -0.003655 0.710081 0.099697 0.004216 0.252973
  4 4.761444 -0.003791 0.000001 0.000000 0.000000 0.000000
  5 4.761642 -0.003786 -0.000101 0.026713 0.038998 0.052535
  6 4.761638 -0.003784 -0.000102 0.026713 0.038998 0.052535
  7 4.762262 -0.002027 0.000000 -0.000000 -0.000001 0.383972
  8 2.746991 -0.000001 -0.000000 1.120875 -0.556638 -0.532669
  9 9.156625 0.000001 0.000000 0.000000 0.000000 0.000000
 10 0.000004 0.002190 -1.281928 -0.917953 1.269829 1.861190
 11 7.285011 -0.000001 -0.000000 -0.032103 -0.578717 -0.413065
 12 12.718711 -0.000001 0.000001 0.000000 -0.000000 -2.630639
 13 10.221163 -0.000001 0.000001 1.701424 0.091830 -0.207151
 14 1.389922 -0.447518 1.936563 -0.210439 -0.761471 0.314906
 15 1.208673 -0.000000 0.000001 0.000000 0.000000 0.000000
 16 1.208676 -0.000000 -0.000001 0.000000 0.000000 0.000000
 17 1.208677 -0.000000 0.000000 0.000000 0.000000 3.141593
 18 3.507811 -0.429741 1.193334 0.022860 -0.225875 -0.088311
 19 1.560289 -0.000002 0.000000 0.000000 0.000000 0.000000
 20 1.560291 0.000002 -0.000001 0.000000 0.000000 0.000000
 21 1.560289 -0.000001 -0.000000 0.000000 0.000000 3.141593
 22 3.044313 -0.436516 0.176984 0.140338 -0.004885 0.034563
 23 1.820335 -0.000002 -0.000001 0.000000 0.000000 0.000000
 24 1.820341 -0.000001 0.000001 0.000000 0.000000 0.000000
 25 1.820338 -0.000001 0.000000 0.000000 0.000000 3.141593
 26 3.330766 -0.128976 -0.727984 0.013106 0.174047 0.071026
 27 1.560290 -0.000000 0.000001 0.000000 0.000000 0.000000
 28 1.560289 -0.000000 -0.000002 0.000000 0.000000 0.000000
 29 1.560290 -0.000000 0.000001 0.000000 0.000000 3.141593
 30 3.208164 0.466230 -1.931736 0.024854 0.330715 0.074094
 31 1.300240 -0.000002 0.000001 0.000000 0.000000 0.000000
 32 1.300239 -0.000000 -0.000002 0.000000 0.000000 0.000000
 33 1.300242 -0.000000 0.000000 0.000000 0.000000 3.141593
 34 0.000005 0.002180 1.281928 0.515349 -0.963417 2.321485
 35 7.285013 0.000000 0.000000 -0.492272 0.506804 0.034193
 36 12.538443 0.000001 0.000001 -0.000000 0.000000 -1.500491
 37 10.782780 -0.000002 0.000000 -1.626433 0.035734 0.002506
 38 1.016389 0.059478 -2.003609 0.348822 0.790160 0.431299
 39 1.107951 0.000001 -0.000001 0.000000 0.000000 0.000000
 40 1.107951 0.000004 0.000002 0.000000 0.000000 0.000000
 41 1.107951 -0.000000 -0.000001 0.000000 0.000000 0.000000
 42 3.077729 -0.144549 -1.412632 0.003835 0.209388 0.026587
 43 1.560286 0.000001 0.000000 0.000000 0.000000 0.000000
 44 1.560289 0.000000 -0.000001 0.000000 0.000000 0.000000
 45 1.560292 -0.000001 0.000000 0.000000 0.000000 0.000000
 46 2.463501 0.093203 -0.291939 -0.000796 -0.000000 0.000000
 47 1.820334 0.000001 0.000000 0.000000 0.000000 0.000000
 48 1.820338 0.000000 0.000001 0.000000 0.000000 0.000000
 49 1.820338 -0.000000 0.000001 0.000000 0.000000 0.000000
 50 3.016624 -0.086192 0.699125 -0.016172 -0.173791 0.088745
 51 1.560291 -0.000001 -0.000003 0.000000 0.000000 0.000000
 52 1.560287 0.000000 0.000002 0.000000 0.000000 0.000000
 53 1.560288 0.000002 0.000002 0.000000 0.000000 0.000000
 54 2.733754 0.442844 1.903232 -0.009342 -0.314026 0.027785
 55 1.300241 0.000002 -0.000000 0.000000 0.000000 0.000000
 56 1.300240 0.000000 -0.000003 0.000000 0.000000 0.000000
 57 1.300242 0.000001 0.000001 0.000000 0.000000 0.000000
 58 -4.031972 1.329887 2.817222 0.080279 -2.845096 -0.398842
 59 15.353563 0.000000 -0.000000 0.000000 -0.000000 -0.801383
 60 19.266844 -0.000000 -0.000002 0.176394 0.000656 0.308266
 61 4.212046 5.420719 -0.000000 -0.000000 -0.000000 1.570796
 62 0.549398 -0.000000 -0.000000 0.000000 0.000000 3.141593
 63 -4.001079 0.600779 -4.471640 -0.166349 2.483402 -1.019992
 64 15.353565 0.000003 0.000000 0.000000 -0.000000 -1.418642
 65 19.266848 -0.000000 0.000001 -0.331922 -0.130314 0.492072
 66 4.212047 5.420721 0.000001 -0.000000 0.000000 1.570796
 67 0.549397 0.000000 -0.000001 0.000000 0.000000 0.000000
 68 -38.836464 -1.519708 -0.000049 -3.141593 -1.570796 0.000000
time 91
  0 -12.804855 19.012691 33.914452 -0.001958 -0.084935 2.423413
  1 -2.791309 0.064194 -32.785095 -0.057439 -0.062632 -2.421530
  2 -2.249492 1.369731 0.000002 0.000000 -1.427423 -1.570795
  3 4.169760 -0.003655 0.601442 0.102550 0.015237 0.252096
  4 4.761442 -0.003791 0.000000 0.000000 0.000000 0.000000
  5 4.761644 -0.003785 -0.000098 0.026229 0.035865 0.052472
  6 4.761639 -0.003785 -0.000100 0.026229 0.035865 0.052472
  7 4.762266 -0.002029 0.000000 -0.000000 -0.000001 0.383972
  8 2.746987 0.000002 -0.000001 1.134294 -0.540011 -0.530199
  9 9.156630 -0.000001 0.000001 0.000000 0.000000 0.000000
 10 0.000001 0.002191 -1.281928 -0.840340 1.268312 1.939626
 11 7.285014 -0.000002 0.000001 -0.030807 -0.577685 -0.413982
 12 12.718719 -0.000001 0.000001 -0.000000 -0.000000 -2.633444
 13 10.221165 -0.000001 0.000001 1.699022 0.091422 -0.207919
 14 1.389919 -0.447519 1.936563 -0.210439 -0.761471 0.314906
 15 1.208673 0.000001 0.000001 0.000000 0.000000 0.000000
 16 1.208678 -0.000000 -0.000001 0.000000 0.000000 0.000000
 17 1.208675 0.000001 -0.000000 0.000000 0.000000 3.141593
 18 3.507811 -0.429745 1.193334 0.022860 -0.225875 -0.088311
 19 1.560286 -0.000001 -0.000001 0.000000 0.000000 0.000000
 20 1.560289 -0.000001 0.000000 0.000000 0.000000 0.000000
 21 1.560292 -0.000001 0.000001 0.000000 0.000000 3.141593
 22 3.044310 -0.436519 0.176984 0.140338 -0.004885 0.034563
 23 1.820335 0.000000 0.000000 0.000000 0.000000 0.000000
 24 1.820340 -0.000001 0.000001 0.000000 0.000000 0.000000
 25 1.820338 -0.000000 -0.000001 0.000000 0.000000 3.141593
 26 3.330764 -0.128980 -0.727983 0.013106 0.174047 0.071026
 27 1.560290 -0.000001 -0.000001 0.000000 0.000000 0.000000
 28 1.560287 -0.000001 0.000001 0.000000 0.000000 0.000000
 29 1.560287 -0.000001 0.000001 0.000000 0.000000 3.141593
 30 3.208161 0.466229 -1.931736 0.024854 0.330715 0.074094
 31 1.300240 0.000001 0.000002 0.000000 0.000000 0.000000
 32 1.300241 0.000001 -0.000001 0.000000 0.000000 0.000000
 33 1.300242 0.000001 -0.000002 0.000000 0.000000 3.141593
 34 -0.000000 0.002186 1.281926 0.546177 -0.973427 2.291109
 35 7.285012 0.000002 0.000001 -0.481792 0.541235 -0.004757
 36 12.538439 0.000002 -0.000002 0.000000 -0.000000 -1.466974
 37 10.782780 0.000002 -0.000001 -1.623214 0.034728 0.000257
 38 1.016389 0.059478 -2.003610 0.348822 0.790160 0.431299
 39 1.107950 0.000003 0.000002 0.000000 0.000000 0.000000
 40 1.107952 -0.000001 -0.000000 0.000000 0.000000 0.000000
 41 1.107952 -0.000002 -0.000000 0.000000 0.000000 0.000000
 42 3.077731 -0.144550 -1.412630 0.003835 0.209388 0.026587
 43 1.560291 0.000001 0.000001 0.000000 0.000000 0.000000
 44 1.560287 -0.000000 -0.000002 0.000000 0.000000 0.000000
 45 1.560287 0.000001 -0.000000 0.000000 0.000000 0.000000
 46 2.463500 0.093204 -0.291938 -0.000796 0.000000 -0.000000
 47 1.820336 0.000002 -0.000001 0.000000 0.000000 0.000000
 48 1.820338 -0.000003 -0.000003 0.000000 0.000000 0.000000
 49 1.820337 -0.000001 0.000001 0.000000 0.000000 0.000000
 50 3.016627 -0.086192 0.699126 -0.016172 -0.173791 0.088745
 51 1.560288 -0.000001 -0.000003 0.000000 0.000000 0.000000
 52 1.560290 -0.000001 0.000003 0.000000 0.000000 0.000000
 53 1.560289 -0.000000 -0.000000 0.000000 0.000000 0.000000
 54 2.733754 0.442844 1.903232 -0.009342 -0.314026 0.027785
 55 1.300244 -0.000000 -0.000002 0.000000 0.000000 0.000000
 56 1.300239 -0.000000 0.000003 0.000000 0.000000 0.000000
 57 1.300240 0.000000 -0.000001 0.000000 0.000000 0.000000
 58 -4.083232 1.345187 2.876750 0.115735 -2.859311 -0.418566
 59 15.353565 0.000001 0.000002 0.000000 -0.000000 -0.788781
 60 19.266846 -0.000002 0.000001 0.172643 0.001127 0.313570
 61 4.212047 5.420720 -0.000000 -0.000000 -0.000000 1.570796
 62 0.549398 0.000000 -0.000000 0.000000 0.000000 3.141593
 63 -3.971611 0.595366 -4.409220 -0.151427 2.475785 -1.015380
 64 15.353559 -0.000000 -0.000001 -0.000000 0.000000 -1.401982
 65 19.266842 0.000003 -0.000001 -0.317802 -0.153603 0.363756
 66 4.212046 5.420721 0.000001 -0.000000 -0.000000 1.570796
 67 0.549397 0.000000 -0.000000 0.000000 0.000000 0.000000
 68 -38.836468 -1.519707 -0.000051 3.141593 -1.570796 0.000000
time 92
  0 -13.316996 18.448877 34.357094 -0.001353 -0.082473 2.472513
  1 -2.747049 0.044980 -33.233040 -0.052289 -0.063821 -2.470788
  2 -2.243267 1.249964 -0.000002 -0.000000 -1.451632 -1.570795
  3 4.183103 -0.003655 0.500343 0.104995 0.025163 0.251484
  4 4.761447 -0.003790 -0.000002 0.000000 0.000000 0.000000
  5 4.761639 -0.003787 -0.000097 0.025752 0.032893 0.052458
  6 4.761640 -0.003785 -0.000098 0.025752 0.032893 0.052458
  7 4.762267 -0.002028 -0.000001 -0.000000 -0.000001 0.383972
  8 2.746988 0.000001 -0.000001 1.146081 -0.520865 -0.527168
  9 9.156631 -0.000002 0.000001 0.000000 0.000000 0.000000
 10 0.000000 0.002192 -1.281928 -0.797703 1.273600 1.981533
 11 7.285014 -0.000000 0.000000 -0.026603 -0.585748 -0.439382
 12 12.718715 -0.000000 -0.000001 -0.000000 0.000000 -2.634160
 13 10.221163 -0.000000 -0.000001 1.696102 0.090153 -0.207984
 14 1.389920 -0.447521 1.936563 -0.210439 -0.761471 0.314906
 15 1.208674 -0.000002 0.000001 0.000000 0.000000 0.000000
 16 1.208676 0.000002 -0.000001 0.000000 0.000000 0.000000
 17 1.208676 -0.000001 0.000000 0.000000 0.000000 3.141593
 18 3.507809 -0.429745 1.193333 0.022860 -0.225875 -0.088311
 19 1.560287 -0.000002 -0.000001 0.000000 0.000000 0.000000
 20 1.560290 -0.000002 0.000001 0.000000 0.000000 0.000000
 21 1.560289 0.000001 0.000000 0.000000 0.000000 3.141593
 22 3.044308 -0.436518 0.176984 0.140338 -0.004885 0.034563
 23 1.820339 -0.000001 0.000001 0.000000 0.000000 0.000000
 24 1.820338 -0.000000 -0.000001 0.000000 0.000000 0.000000
 25 1.820337 0.000000 -0.000000 0.000000 0.000000 3.141593
 26 3.330765 -0.128979 -0.727984 0.013106 0.174047 0.071026
 27 1.560286 0.000003 -0.000000 0.000000 0.000000 0.000000
 28 1.560289 -0.000002 0.000000 0.000000 0.000000 0.000000
 29 1.560292 0.000000 0.000000 0.000000 0.000000 3.141593
 30 3.208161 0.466228 -1.931737 0.024854 0.330715 0.074094
 31 1.300244 0.000002 -0.000001 0.000000 0.000000 0.000000
 32 1.300239 -0.000001 -0.000001 0.000000 0.000000 0.000000
 33 1.300241 -0.000001 0.000001 0.000000 0.000000 3.141593
 34 -0.000002 0.002185 1.281928 0.573752 -0.977735 2.264861
 35 7.285014 0.000002 0.000003 -0.475066 0.565224 -0.025095
 36 12.538439 -0.000001 0.000000 0.000000 0.000000 -1.437567
 37 10.782779 -0.000001 -0.000000 -1.620517 0.033874 -0.001699
 38 1.016390 0.059479 -2.003608 0.348822 0.790160 0.431299
 39 1.107950 -0.000001 -0.000003 0.000000 0.000000 0.000000
 40 1.107954 -0.000001 0.000002 0.000000 0.000000 0.000000
 41 1.107951 0.000000 0.000002 0.000000 0.000000 0.000000
 42 3.077732 -0.144549 -1.412630 0.003835 0.209388 0.026587
 43 1.560291 -0.000000 -0.000001 0.000000 0.000000 0.000000
 44 1.560289 0.000001 0.000003 0.000000 0.000000 0.000000
 45 1.560291 -0.000001 -0.000001 0.000000 0.000000 0.000000
 46 2.463502 0.093204 -0.291938 -0.000796 -0.000000 -0.000000
 47 1.820335 0.000001 -0.000002 0.000000 0.000000 0.000000
 48 1.820338 0.000000 0.000002 0.000000 0.000000 0.000000
 49 1.820338 -0.000000 0.000001 0.000000 0.000000 0.000000
 50 3.016626 -0.086193 0.699125 -0.016172 -0.173791 0.088745
 51 1.560288 -0.000001 -0.000001 0.000000 0.000000 0.000000
 52 1.560293 -0.000002 -0.000000 0.000000 0.000000 0.000000
 53 1.560288 0.000003 0.000001 0.000000 0.000000 0.000000
 54 2.733754 0.442844 1.903232 -0.009342 -0.314026 0.027785
 55 1.300245 0.000000 -0.000000 0.000000 0.000000 0.000000
 56 1.300239 -0.000000 -0.000001 0.000000 0.000000 0.000000
 57 1.300239 -0.000000 -0.000002 0.000000 0.000000 0.000000
 58 -4.128896 1.359358 2.933082 0.152037 -2.873805 -0.436076
 59 15.353567 0.000001 0.000002 -0.000000 0.000000 -0.772116
 60 19.266848 -0.000001 -0.000001 0.172870 0.002634 0.309929
 61 4.212046 5.420720 -0.000001 -0.000000 -0.000000 1.570796
 62 0.549398 -0.000000 -0.000001 0.000000 0.000000 3.141593
 63 -3.944583 0.591878 -4.349574 -0.138727 2.484781 -0.975677
 64 15.353562 0.000002 0.000000 0.000000 -0.000000 -1.363583
 65 19.266846 -0.000002 0.000001 -0.271606 -0.151159 0.266810
 66 4.212046 5.420719 0.000001 -0.000000 -0.000000 1.570796
 67 0.549397 0.000000 -0.000001 0.000000 0.000000 0.000000
 68 -38.836464 -1.519706 -0.000048 -3.141593 -1.570796 0.000000
time 93
  0 -13.815235 17.920658 34.757225 -0.000577 -0.081938 2.518694
  1 -2.762019 0.019415 -33.633316 -0.048342 -0.066186 -2.517069
  2 -2.239117 1.136853 -0.000001 0.000000 -1.473664 -1.570795
  3 4.193112 -0.003657 0.408080 0.107008 0.033777 0.251124
  4 4.761444 -0.003792 -0.000000 0.000000 0.000000 0.000000
  5 4.761642 -0.003785 -0.000096 0.025288 0.030096 0.052489
  6 4.761639 -0.003785 -0.000096 0.025288 0.030096 0.052489
  7 4.762265 -0.002029 -0.000000 -0.000000 -0.000001 0.383972
  8 2.746989 0.000000 -0.000000 1.150002 -0.501168 -0.525232
  9 9.156627 0.000000 -0.000000 0.000000 0.000000 0.000000
 10 0.000000 0.002193 -1.281928 -0.776886 1.282094 2.001054
 11 7.285012 0.000000 -0.000001 -0.018222 -0.598155 -0.475195
 12 12.718716 -0.000000 -0.000002 -0.000000 0.000000 -2.634311
 13 10.221166 -0.000001 -0.000001 1.693306 0.088808 -0.207885
 14 1.389923 -0.447520 1.936564 -0.210439 -0.761471 0.314906
 15 1.208675 -0.000002 -0.000000 0.000000 0.000000 0.000000
 16 1.208675 -0.000000 -0.000001 0.000000 0.000000 0.000000
 17 1.208674 -0.000000 -0.000001 0.000000 0.000000 3.141593
 18 3.507810 -0.429743 1.193334 0.022860 -0.225875 -0.088311
 19 1.560287 -0.000001 -0.000000 0.000000 0.000000 0.000000
 20 1.560288 -0.000001 0.000000 0.000000 0.000000 0.000000
 21 1.560289 -0.000001 0.000000 0.000000 0.000000 3.141593
 22 3.044312 -0.436519 0.176984 0.140338 -0.004885 0.034563
 23 1.820334 0.000000 -0.000001 0.000000 0.000000 0.000000
 24 1.820338 0.000000 0.000001 0.000000 0.000000 0.000000
 25 1.820337 0.000001 0.000001 0.000000 0.000000 3.141593
 26 3.330763 -0.128978 -0.727985 0.013106 0.174047 0.071026
 27 1.560289 -0.000002 0.000000 0.000000 0.000000 0.000000
 28 1.560291 -0.000002 -0.000001 0.000000 0.000000 0.000000
 29 1.560289 0.000002 0.000001 0.000000 0.000000 3.141593
 30 3.208160 0.466230 -1.931737 0.024854 0.330715 0.074094
 31 1.300244 0.000002 -0.000000 0.000000 0.000000 0.000000
 32 1.300241 0.000001 0.000001 0.000000 0.000000 0.000000
 33 1.300243 0.000000 0.000001 0.000000 0.000000 3.141593
 34 0.000001 0.002184 1.281928 0.591560 -0.974419 2.249505
 35 7.285011 0.000001 0.000001 -0.471193 0.572994 -0.018781
 36 12.538443 0.000001 -0.000001 -0.000000 -0.000000 -1.414360
 37 10.782780 0.000002 -0.000001 -1.618655 0.033308 -0.003202
 38 1.016390 0.059477 -2.003612 0.348822 0.790160 0.431299
 39 1.107951 -0.000001 -0.000002 0.000000 0.000000 0.000000
 40 1.107951 0.000000 0.000003 0.000000 0.000000 0.000000
 41 1.107952 -0.000000 0.000000 0.000000 0.000000 0.000000
 42 3.077730 -0.144550 -1.412631 0.003835 0.209388 0.026587
 43 1.560290 -0.000002 -0.000001 0.000000 0.000000 0.000000
 44 1.560286 0.000001 -0.000001 0.000000 0.000000 0.000000
 45 1.560286 0.000002 -0.000000 0.000000 0.000000 0.000000
 46 2.463499 0.093203 -0.291941 -0.000796 0.000000 0.000000
 47 1.820335 -0.000001 -0.000003 0.000000 0.000000 0.000000
 48 1.820339 0.000000 0.000002 0.000000 0.000000 0.000000
 49 1.820339 0.000000 0.000003 0.000000 0.000000 0.000000
 50 3.016626 -0.086194 0.699123 -0.016172 -0.173791 0.088745
 51 1.560286 0.000000 0.000002 0.000000 0.000000 0.000000
 52 1.560291 -0.000000 -0.000001 0.000000 0.000000 0.000000
 53 1.560291 -0.000001 -0.000002 0.000000 0.000000 0.000000
 54 2.733752 0.442844 1.903230 -0.009342 -0.314026 0.027785
 55 1.300239 0.000001 0.000002 0.000000 0.000000 0.000000
 56 1.300242 -0.000001 0.000002 0.000000 0.000000 0.000000
 57 1.300243 0.000000 -0.000001 0.000000 0.000000 0.000000
 58 -4.168280 1.372279 2.986099 0.180085 -2.884566 -0.450110
 59 15.353562 0.000001 0.000001 0.000000 -0.000000 -0.757831
 60 19.266848 -0.000001 0.000001 0.180363 0.002926 0.305187
 61 4.212046 5.420719 -0.000001 -0.000000 -0.000000 1.570796
 62 0.549398 0.000000 0.000000 0.000000 0.000000 3.141593
 63 -3.920893 0.590345 -4.293148 -0.175786 2.536433 -0.956734
 64 15.353563 0.000004 -0.000001 0.000000 0.000000 -1.266197
 65 19.266846 -0.000000 -0.000000 -0.184560 -0.117417 0.157500
 66 4.212046 5.420720 0.000001 -0.000000 -0.000000 1.570796
 67 0.549398 0.000000 0.000000 0.000000 0.000000 0.000000
 68 -38.836464 -1.519707 -0.000049 -3.141593 -1.570796 0.000000
time 94
  0 -14.297788 17.431246 35.047745 0.000097 -0.083823 2.554964
  1 -2.849741 -0.003295 -33.917557 -0.046395 -0.069837 -2.553347
  2 -2.237000 1.030977 0.000000 -0.000000 -1.493242 -1.570795
  3 4.200305 -0.003658 0.325926 0.108561 0.040863 0.250997
  4 4.761441 -0.003791 -0.000000 0.000000 0.000000 0.000000
  5 4.761640 -0.003784 -0.000095 0.024842 0.027484 0.052564
  6 4.761640 -0.003785 -0.000095 0.024842 0.027484 0.052564
  7 4.762268 -0.002029 0.000000 -0.000000 -0.000001 0.383972
  8 2.746987 -0.000001 0.000000 1.141916 -0.480067 -0.524241
  9 9.156629 -0.000000 -0.000001 0.000000 0.000000 0.000000
 10 -0.000002 0.002191 -1.281928 -0.767638 1.286797 2.009593
 11 7.285013 0.000001 -0.000001 -0.005762 -0.607261 -0.505144
 12 12.718715 -0.000001 -0.000002 0.000000 -0.000000 -2.633066
 13 10.221163 -0.000000 0.000000 1.692663 0.088104 -0.207405
 14 1.389921 -0.447517 1.936563 -0.210439 -0.761471 0.314906
 15 1.208672 0.000002 0.000002 0.000000 0.000000 0.000000
 16 1.208677 -0.000001 -0.000001 0.000000 0.000000 0.000000
 17 1.208675 -0.000002 0.000000 0.000000 0.000000 3.141593
 18 3.507810 -0.429742 1.193334 0.022860 -0.225875 -0.088311
 19 1.560292 -0.000002 0.000000 0.000000 0.000000 0.000000
 20 1.560288 -0.000000 -0.000000 0.000000 0.000000 0.000000
 21 1.560288 0.000000 0.000000 0.000000 0.000000 3.141593
 22 3.044310 -0.436515 0.176984 0.140338 -0.004885 0.034563
 23 1.820336 -0.000000 -0.000002 0.000000 0.000000 0.000000
 24 1.820339 -0.000001 0.000001 0.000000 0.000000 0.000000
 25 1.820339 -0.000001 0.000002 0.000000 0.000000 3.141593
 26 3.330762 -0.128975 -0.727985 0.013106 0.174047 0.071026
 27 1.560289 -0.000001 -0.000001 0.000000 0.000000 0.000000
 28 1.560287 -0.000001 0.000001 0.000000 0.000000 0.000000
 29 1.560288 -0.000000 0.000000 0.000000 0.000000 3.141593
 30 3.208163 0.466231 -1.931736 0.024854 0.330715 0.074094
 31 1.300238 -0.000000 -0.000002 0.000000 0.000000 0.000000
 32 1.300240 -0.000000 0.000001 0.000000 0.000000 0.000000
 33 1.300243 -0.000000 0.000001 0.000000 0.000000 3.141593
 34 -0.000002 0.002183 1.281927 0.605592 -0.966785 2.238853
 35 7.285014 0.000000 0.000001 -0.469651 0.573993 0.000312
 36 12.538441 -0.000000 -0.000002 0.000000 0.000000 -1.393197
 37 10.782781 0.000000 -0.000000 -1.617117 0.032847 -0.004552
 38 1.016391 0.059480 -2.003610 0.348822 0.790160 0.431299
 39 1.107953 -0.000000 -0.000002 0.000000 0.000000 0.000000
 40 1.107955 -0.000001 0.000003 0.000000 0.000000 0.000000
 41 1.107950 0.000000 0.000000 0.000000 0.000000 0.000000
 42 3.077733 -0.144549 -1.412630 0.003835 0.209388 0.026587
 43 1.560292 -0.000000 0.000002 0.000000 0.000000 0.000000
 44 1.560289 0.000000 0.000002 0.000000 0.000000 0.000000
 45 1.560290 0.000001 0.000002 0.000000 0.000000 0.000000
 46 2.463502 0.093205 -0.291938 -0.000796 -0.000000 0.000000
 47 1.820341 -0.000001 -0.000001 0.000000 0.000000 0.000000
 48 1.820335 -0.000001 -0.000001 0.000000 0.000000 0.000000
 49 1.820336 -0.000000 -0.000001 0.000000 0.000000 0.000000
 50 3.016625 -0.086192 0.699124 -0.016172 -0.173791 0.088745
 51 1.560290 -0.000001 0.000001 0.000000 0.000000 0.000000
 52 1.560287 0.000002 0.000001 0.000000 0.000000 0.000000
 53 1.560289 0.000000 0.000001 0.000000 0.000000 0.000000
 54 2.733755 0.442844 1.903231 -0.009342 -0.314026 0.027785
 55 1.300243 -0.000002 -0.000001 0.000000 0.000000 0.000000
 56 1.300241 0.000001 0.000000 0.000000 0.000000 0.000000
 57 1.300242 0.000001 0.000001 0.000000 0.000000 0.000000
 58 -4.200703 1.383834 3.035701 0.193530 -2.890367 -0.453117
 59 15.353565 0.000001 -0.000000 0.000000 0.000000 -0.743904
 60 19.266846 -0.000003 -0.000001 0.191236 0.012790 0.317259
 61 4.212046 5.420721 -0.000001 -0.000000 -0.000000 1.570796
 62 0.549399 -0.000000 -0.000001 0.000000 0.000000 3.141593
 63 -3.901446 0.590802 -4.240397 -0.231985 2.606816 -0.933794
 64 15.353561 0.000003 0.000002 0.000000 -0.000000 -1.137216
 65 19.266844 -0.000001 0.000001 -0.067400 -0.062829 0.124930
 66 4.212047 5.420720 0.000000 -0.000000 -0.000000 1.570796
 67 0.549400 -0.000000 0.000002 0.000000 0.000000 0.000000
 68 -38.836464 -1.519708 -0.000049 -3.141593 -1.570796 0.000000
time 95
  0 -14.714859 17.172739 35.163639 0.000642 -0.089230 2.583236
  1 -3.043438 -0.021848 -34.017071 -0.046818 -0.075992 -2.581484
  2 -2.248798 0.960640 0.000003 0.000000 -1.505715 -1.570795
  3 4.204052 -0.003655 0.273521 0.108708 0.045095 0.252439
  4 4.761446 -0.003792 -0.000000 0.000000 0.000000 0.000000
  5 4.761642 -0.003784 -0.000095 0.024391 0.025753 0.052948
  6 4.761641 -0.003785 -0.000093 0.024391 0.025753 0.052948
  7 4.762266 -0.002026 -0.000002 -0.000000 -0.000001 0.383972
  8 2.746989 0.000001 -0.000000 1.126250 -0.461704 -0.525032
  9 9.156630 -0.000000 0.000001 0.000000 0.000000 0.000000
 10 -0.000000 0.002191 -1.281928 -0.772622 1.281953 2.005332
 11 7.285014 0.000000 -0.000001 0.007763 -0.604347 -0.516583
 12 12.718715 0.000000 -0.000004 -0.000000 -0.000000 -2.628885
 13 10.221165 -0.000000 0.000002 1.695877 0.088427 -0.206114
 14 1.389920 -0.447520 1.936564 -0.210439 -0.761471 0.314906
 15 1.208673 0.000001 0.000002 0.000000 0.000000 0.000000
 16 1.208675 0.000002 -0.000002 0.000000 0.000000 0.000000
 17 1.208675 0.000001 0.000000 0.000000 0.000000 3.141593
 18 3.507807 -0.429744 1.193334 0.022860 -0.225875 -0.088311
 19 1.560288 0.000001 0.000001 0.000000 0.000000 0.000000
 20 1.560290 0.000002 -0.000000 0.000000 0.000000 0.000000
 21 1.560288 -0.000001 0.000000 0.000000 0.000000 3.141593
 22 3.044309 -0.436517 0.176982 0.140338 -0.004885 0.034563
 23 1.820336 -0.000001 -0.000000 0.000000 0.000000 0.000000
 24 1.820340 -0.000001 0.000000 0.000000 0.000000 0.000000
 25 1.820341 -0.000001 0.000000 0.000000 0.000000 3.141593
 26 3.330762 -0.128978 -0.727984 0.013106 0.174047 0.071026
 27 1.560292 0.000000 0.000001 0.000000 0.000000 0.000000
 28 1.560288 -0.000000 0.000000 0.000000 0.000000 0.000000
 29 1.560289 0.000001 -0.000000 0.000000 0.000000 3.141593
 30 3.208159 0.466229 -1.931737 0.024854 0.330715 0.074094
 31 1.300244 0.000000 -0.000001 0.000000 0.000000 0.000000
 32 1.300239 0.000001 -0.000001 0.000000 0.000000 0.000000
 33 1.300240 0.000000 0.000001 0.000000 0.000000 3.141593
 34 0.000001 0.002183 1.281929 0.619236 -0.958944 2.228661
 35 7.285013 0.000001 0.000004 -0.471711 0.576506 0.021244
 36 12.538440 0.000000 -0.000001 0.000000 0.000000 -1.374883
 37 10.782782 -0.000000 -0.000001 -1.615814 0.032425 -0.005711
 38 1.016390 0.059478 -2.003610 0.348822 0.790160 0.431299
 39 1.107953 0.000000 -0.000000 0.000000 0.000000 0.000000
 40 1.107953 0.000000 -0.000001 0.000000 0.000000 0.000000
 41 1.107953 0.000000 -0.000001 0.000000 0.000000 0.000000
 42 3.077731 -0.144550 -1.412631 0.003835 0.209388 0.026587
 43 1.560288 -0.000002 -0.000003 0.000000 0.000000 0.000000
 44 1.560290 0.000001 0.000002 0.000000 0.000000 0.000000
 45 1.560288 0.000002 0.000002 0.000000 0.000000 0.000000
 46 2.463500 0.093204 -0.291938 -0.000796 -0.000000 -0.000000
 47 1.820338 -0.000000 -0.000001 0.000000 0.000000 0.000000
 48 1.820335 -0.000001 -0.000003 0.000000 0.000000 0.000000
 49 1.820338 -0.000000 0.000001 0.000000 0.000000 0.000000
 50 3.016627 -0.086194 0.699125 -0.016172 -0.173791 0.088745
 51 1.560292 -0.000000 0.000002 0.000000 0.000000 0.000000
 52 1.560287 -0.000000 -0.000003 0.000000 0.000000 0.000000
 53 1.560287 -0.000001 0.000000 0.000000 0.000000 0.000000
 54 2.733754 0.442845 1.903235 -0.009342 -0.314026 0.027785
 55 1.300242 -0.000000 0.000001 0.000000 0.000000 0.000000
 56 1.300240 -0.000002 -0.000001 0.000000 0.000000 0.000000
 57 1.300243 0.000000 -0.000000 0.000000 0.000000 0.000000
 58 -4.218545 1.394780 3.069006 0.198988 -2.889127 -0.445560
 59 15.353565 0.000001 0.000000 0.000000 0.000000 -0.728106
 60 19.266844 -0.000001 0.000000 0.203956 0.012919 0.341852
 61 4.212047 5.420721 -0.000001 -0.000000 -0.000000 1.570796
 62 0.549399 -0.000000 -0.000001 0.000000 0.000000 3.141593
 63 -3.888313 0.600822 -4.205651 -0.289432 2.672714 -0.914338
 64 15.353562 0.000002 0.000002 0.000000 0.000000 -1.021857
 65 19.266850 -0.000001 -0.000001 0.056340 -0.032737 0.152677
 66 4.212047 5.420721 0.000001 -0.000000 -0.000000 1.570796
 67 0.549396 0.000000 0.000000 0.000000 0.000000 0.000000
 68 -38.836464 -1.519708 -0.000049 -3.141593 -1.570796 0.000000
time 96
  0 -15.038589 17.258575 35.014191 0.001080 -0.098170 2.610350
  1 -3.223187 -0.035354 -32.727062 -0.048919 -0.085154 -2.608319
  2 -2.281720 0.942379 -0.000002 0.000000 -1.508721 -1.570794
  3 4.204868 -0.003653 0.260892 0.106957 0.046029 0.256264
  4 4.761443 -0.003791 0.000000 0.000000 0.000000 0.000000
  5 4.761646 -0.003784 -0.000091 0.023915 0.025308 0.053804
  6 4.761646 -0.003785 -0.000090 0.023915 0.025308 0.053804
  7 4.762266 -0.002030 0.000001 -0.000000 -0.000001 0.383972
  8 2.746988 0.000001 -0.000001 1.109183 -0.451177 -0.529356
  9 9.156626 -0.000001 0.000000 0.000000 0.000000 0.000000
 10 0.000002 0.002192 -1.281929 -0.789405 1.273362 1.989865
 11 7.285014 -0.000001 0.000001 0.020538 -0.591180 -0.518809
 12 12.718714 0.000000 -0.000003 -0.000000 -0.000000 -2.623308
 13 10.221166 -0.000000 0.000005 1.701247 0.089383 -0.204441
 14 1.389921 -0.447518 1.936564 -0.210439 -0.761471 0.314906
 15 1.208674 -0.000000 0.000001 0.000000 0.000000 0.000000
 16 1.208677 0.000000 -0.000002 0.000000 0.000000 0.000000
 17 1.208676 -0.000001 -0.000001 0.000000 0.000000 3.141593
 18 3.507808 -0.429741 1.193333 0.022860 -0.225875 -0.088311
 19 1.560290 0.000001 -0.000000 0.000000 0.000000 0.000000
 20 1.560286 0.000002 -0.000001 0.000000 0.000000 0.000000
 21 1.560286 0.000002 -0.000000 0.000000 0.000000 3.141593
 22 3.044310 -0.436516 0.176984 0.140338 -0.004885 0.034563
 23 1.820335 -0.000001 -0.000000 0.000000 0.000000 0.000000
 24 1.820338 -0.000000 0.000000 0.000000 0.000000 0.000000
 25 1.820338 -0.000000 0.000001 0.000000 0.000000 3.141593
 26 3.330765 -0.128977 -0.727985 0.013106 0.174047 0.071026
 27 1.560290 -0.000003 0.000001 0.000000 0.000000 0.000000
 28 1.560288 0.000002 -0.000002 0.000000 0.000000 0.000000
 29 1.560288 0.000003 -0.000000 0.000000 0.000000 3.141593
 30 3.208161 0.466230 -1.931736 0.024854 0.330715 0.074094
 31 1.300243 0.000002 0.000002 0.000000 0.000000 0.000000
 32 1.300240 -0.000002 -0.000001 0.000000 0.000000 0.000000
 33 1.300241 0.000001 -0.000001 0.000000 0.000000 3.141593
 34 -0.000001 0.002186 1.281926 0.636018 -0.954861 2.214433
 35 7.285011 0.000002 0.000004 -0.476770 0.587047 0.034764
 36 12.538440 0.000001 -0.000000 -0.000000 0.000000 -1.360222
 37 10.782780 -0.000002 -0.000001 -1.614659 0.031979 -0.006642
 38 1.016390 0.059479 -2.003611 0.348822 0.790160 0.431299
 39 1.107951 -0.000000 -0.000001 0.000000 0.000000 0.000000
 40 1.107951 -0.000001 0.000000 0.000000 0.000000 0.000000
 41 1.107951 -0.000002 0.000000 0.000000 0.000000 0.000000
 42 3.077731 -0.144549 -1.412634 0.003835 0.209388 0.026587
 43 1.560290 0.000000 0.000001 0.000000 0.000000 0.000000
 44 1.560285 0.000001 -0.000000 0.000000 0.000000 0.000000
 45 1.560291 0.000000 -0.000000 0.000000 0.000000 0.000000
 46 2.463500 0.093207 -0.291939 -0.000796 -0.000000 -0.000000
 47 1.820336 0.000001 0.000000 0.000000 0.000000 0.000000
 48 1.820339 -0.000001 -0.000000 0.000000 0.000000 0.000000
 49 1.820339 -0.000000 -0.000000 0.000000 0.000000 0.000000
 50 3.016624 -0.086192 0.699124 -0.016172 -0.173791 0.088745
 51 1.560287 -0.000000 -0.000002 0.000000 0.000000 0.000000
 52 1.560292 0.000001 -0.000000 0.000000 0.000000 0.000000
 53 1.560291 -0.000001 -0.000001 0.000000 0.000000 0.000000
 54 2.733755 0.442845 1.903231 -0.009342 -0.314026 0.027785
 55 1.300240 -0.000000 -0.000000 0.000000 0.000000 0.000000
 56 1.300242 0.000001 0.000001 0.000000 0.000000 0.000000
 57 1.300242 0.000002 0.000002 0.000000 0.000000 0.000000
 58 -4.218849 1.406018 3.078537 0.203871 -2.881159 -0.436008
 59 15.353562 0.000001 0.000001 0.000000 -0.000000 -0.716743
 60 19.266846 -0.000003 -0.000000 0.218401 -0.001176 0.379940
 61 4.212047 5.420720 0.000000 -0.000000 -0.000000 1.570796
 62 0.549397 0.000000 0.000001 0.000000 0.000000 3.141593
 63 -3.881790 0.624835 -4.197189 -0.329090 2.712844 -0.907994
 64 15.353563 0.000001 0.000002 -0.000000 0.000000 -0.965339
 65 19.266846 0.000001 0.000000 0.146631 -0.033387 0.216412
 66 4.212047 5.420719 -0.000001 -0.000000 0.000000 1.570796
 67 0.549396 -0.000000 -0.000000 0.000000 0.000000 0.000000
 68 -38.836468 -1.519708 -0.000050 3.141593 -1.570796 0.000000
time 97
  0 -15.300095 17.573978 34.622314 0.001279 -0.109466 2.636708
  1 -3.549855 -0.041325 -32.299026 -0.051989 -0.096385 -2.634270
  2 -2.328577 0.958932 -0.000001 0.000000 -1.505415 -1.570795
  3 4.204003 -0.003649 0.274798 0.103910 0.044782 0.261666
  4 4.761446 -0.003791 0.000001 0.000000 0.000000 0.000000
  5 4.761652 -0.003785 -0.000089 0.023423 0.025718 0.054973
  6 4.761650 -0.003784 -0.000088 0.023423 0.025718 0.054973
  7 4.762262 -0.002027 -0.000002 -0.000000 -0.000001 0.383972
  8 2.746989 0.000001 0.000001 1.096499 -0.447961 -0.537018
  9 9.156626 0.000000 -0.000000 0.000000 0.000000 0.000000
 10 0.000002 0.002189 -1.281926 -0.802020 1.271129 1.977595
 11 7.285014 -0.000001 0.000001 0.032934 -0.576289 -0.527641
 12 12.718714 -0.000000 -0.000003 -0.000000 0.000000 -2.620127
 13 10.221164 0.000001 0.000003 1.705689 0.090524 -0.203456
 14 1.389922 -0.447521 1.936563 -0.210439 -0.761471 0.314906
 15 1.208677 0.000002 -0.000000 0.000000 0.000000 0.000000
 16 1.208673 -0.000002 -0.000000 0.000000 0.000000 0.000000
 17 1.208674 0.000001 -0.000000 0.000000 0.000000 3.141593
 18 3.507810 -0.429744 1.193334 0.022860 -0.225875 -0.088311
 19 1.560293 0.000001 0.000002 0.000000 0.000000 0.000000
 20 1.560289 0.000001 -0.000000 0.000000 0.000000 0.000000
 21 1.560289 0.000001 -0.000001 0.000000 0.000000 3.141593
 22 3.044310 -0.436518 0.176984 0.140338 -0.004885 0.034563
 23 1.820337 0.000000 -0.000001 0.000000 0.000000 0.000000
 24 1.820336 -0.000001 0.000001 0.000000 0.000000 0.000000
 25 1.820340 -0.000002 0.000000 0.000000 0.000000 3.141593
 26 3.330766 -0.128979 -0.727985 0.013106 0.174047 0.071026
 27 1.560291 -0.000001 -0.000001 0.000000 0.000000 0.000000
 28 1.560289 -0.000001 0.000000 0.000000 0.000000 0.000000
 29 1.560290 -0.000002 0.000000 0.000000 0.000000 3.141593
 30 3.208163 0.466228 -1.931736 0.024854 0.330715 0.074094
 31 1.300240 0.000003 0.000001 0.000000 0.000000 0.000000
 32 1.300240 -0.000001 -0.000002 0.000000 0.000000 0.000000
 33 1.300242 -0.000002 -0.000001 0.000000 0.000000 3.141593
 34 -0.000000 0.002185 1.281929 0.657603 -0.955988 2.194026
 35 7.285012 0.000002 0.000003 -0.482206 0.603324 0.042097
 36 12.538442 -0.000000 -0.000001 0.000000 0.000000 -1.350617
 37 10.782780 -0.000002 0.000000 -1.613704 0.031497 -0.007258
 38 1.016389 0.059478 -2.003610 0.348822 0.790160 0.431299
 39 1.107954 0.000001 -0.000001 0.000000 0.000000 0.000000
 40 1.107955 -0.000001 0.000002 0.000000 0.000000 0.000000
 41 1.107951 -0.000001 -0.000000 0.000000 0.000000 0.000000
 42 3.077731 -0.144548 -1.412629 0.003835 0.209388 0.026587
 43 1.560288 -0.000000 -0.000001 0.000000 0.000000 0.000000
 44 1.560291 -0.000000 -0.000002 0.000000 0.000000 0.000000
 45 1.560290 -0.000001 -0.000001 0.000000 0.000000 0.000000
 46 2.463502 0.093205 -0.291937 -0.000796 0.000000 0.000000
 47 1.820340 0.000000 0.000000 0.000000 0.000000 0.000000
 48 1.820335 0.000001 0.000001 0.000000 0.000000 0.000000
 49 1.820336 0.000002 0.000001 0.000000 0.000000 0.000000
 50 3.016624 -0.086194 0.699123 -0.016172 -0.173791 0.088745
 51 1.560289 0.000001 -0.000001 0.000000 0.000000 0.000000
 52 1.560289 0.000002 0.000002 0.000000 0.000000 0.000000
 53 1.560288 0.000000 0.000001 0.000000 0.000000 0.000000
 54 2.733756 0.442845 1.903234 -0.009342 -0.314026 0.027785
 55 1.300242 0.000001 0.000001 0.000000 0.000000 0.000000
 56 1.300239 0.000001 0.000004 0.000000 0.000000 0.000000
 57 1.300241 -0.000002 -0.000002 0.000000 0.000000 0.000000
 58 -4.207552 1.417373 3.072265 0.213746 -2.870108 -0.429956
 59 15.353564 -0.000001 0.000000 -0.000000 -0.000000 -0.716094
 60 19.266844 -0.000000 -0.000001 0.228180 -0.026673 0.430667
 61 4.212046 5.420720 0.000000 -0.000000 -0.000000 1.570796
 62 0.549398 -0.000000 0.000000 0.000000 0.000000 3.141593
 63 -3.879618 0.658320 -4.206221 -0.341372 2.718916 -0.920975
 64 15.353563 0.000001 0.000002 -0.000000 0.000000 -1.033987
 65 19.266848 -0.000001 -0.000000 0.175403 -0.040151 0.259559
 66 4.212046 5.420720 -0.000001 -0.000000 0.000000 1.570796
 67 0.549396 -0.000000 -0.000000 0.000000 0.000000 0.000000
 68 -38.836464 -1.519708 -0.000049 -3.141593 -1.570796 0.000000
time 98
  0 -15.530485 18.004162 34.092388 0.001169 -0.121938 2.662710
  1 -3.887942 -0.037075 -31.726254 -0.055366 -0.108706 -2.659769
  2 -2.382194 0.992932 0.000001 0.000000 -1.498954 -1.570795
  3 4.202163 -0.003643 0.301965 0.100165 0.042472 0.267844
  4 4.761444 -0.003791 -0.000001 0.000000 0.000000 0.000000
  5 4.761655 -0.003785 -0.000086 0.022923 0.026558 0.056299
  6 4.761656 -0.003783 -0.000088 0.022923 0.026558 0.056299
  7 4.762267 -0.002028 0.000001 -0.000000 -0.000001 0.383972
  8 2.746990 -0.000000 -0.000000 1.091086 -0.450284 -0.548459
  9 9.156631 -0.000000 0.000001 0.000000 0.000000 0.000000
 10 0.000002 0.002189 -1.281927 -0.805269 1.280853 1.972868
 11 7.285012 -0.000000 0.000001 0.047130 -0.565473 -0.552137
 12 12.718718 -0.000000 -0.000003 0.000000 -0.000000 -2.621403
 13 10.221166 -0.000001 0.000003 1.707866 0.091776 -0.203754
 14 1.389922 -0.447519 1.936563 -0.210439 -0.761471 0.314906
 15 1.208674 0.000001 0.000003 0.000000 0.000000 0.000000
 16 1.208676 0.000000 -0.000000 0.000000 0.000000 0.000000
 17 1.208676 -0.000001 -0.000001 0.000000 0.000000 3.141593
 18 3.507812 -0.429745 1.193334 0.022860 -0.225875 -0.088311
 19 1.560288 0.000001 -0.000000 0.000000 0.000000 0.000000
 20 1.560292 -0.000001 0.000001 0.000000 0.000000 0.000000
 21 1.560288 -0.000001 0.000001 0.000000 0.000000 3.141593
 22 3.044311 -0.436518 0.176984 0.140338 -0.004885 0.034563
 23 1.820340 -0.000002 0.000001 0.000000 0.000000 0.000000
 24 1.820338 0.000003 -0.000002 0.000000 0.000000 0.000000
 25 1.820335 -0.000001 0.000001 0.000000 0.000000 3.141593
 26 3.330766 -0.128978 -0.727984 0.013106 0.174047 0.071026
 27 1.560289 -0.000000 -0.000000 0.000000 0.000000 0.000000
 28 1.560284 0.000001 -0.000001 0.000000 0.000000 0.000000
 29 1.560290 0.000000 0.000001 0.000000 0.000000 3.141593
 30 3.208162 0.466229 -1.931736 0.024854 0.330715 0.074094
 31 1.300242 0.000002 -0.000000 0.000000 0.000000 0.000000
 32 1.300241 0.000001 -0.000000 0.000000 0.000000 0.000000
 33 1.300242 0.000001 -0.000000 0.000000 0.000000 3.141593
 34 0.000000 0.002184 1.281927 0.682270 -0.959872 2.169651
 35 7.285012 0.000001 -0.000000 -0.487540 0.620879 0.048826
 36 12.538438 0.000002 0.000001 0.000000 -0.000000 -1.345243
 37 10.782782 -0.000001 0.000001 -1.612971 0.031009 -0.007604
 38 1.016389 0.059480 -2.003608 0.348822 0.790160 0.431299
 39 1.107950 0.000000 0.000001 0.000000 0.000000 0.000000
 40 1.107956 -0.000002 0.000001 0.000000 0.000000 0.000000
 41 1.107952 0.000000 -0.000002 0.000000 0.000000 0.000000
 42 3.077732 -0.144550 -1.412630 0.003835 0.209388 0.026587
 43 1.560292 0.000000 0.000003 0.000000 0.000000 0.000000
 44 1.560289 -0.000001 -0.000003 0.000000 0.000000 0.000000
 45 1.560290 0.000002 0.000001 0.000000 0.000000 0.000000
 46 2.463499 0.093205 -0.291938 -0.000796 -0.000000 0.000000
 47 1.820337 0.000002 0.000001 0.000000 0.000000 0.000000
 48 1.820341 -0.000001 -0.000000 0.000000 0.000000 0.000000
 49 1.820336 -0.000000 -0.000002 0.000000 0.000000 0.000000
 50 3.016627 -0.086192 0.699127 -0.016172 -0.173791 0.088745
 51 1.560288 0.000001 -0.000002 0.000000 0.000000 0.000000
 52 1.560292 -0.000000 -0.000003 0.000000 0.000000 0.000000
 53 1.560289 0.000000 0.000001 0.000000 0.000000 0.000000
 54 2.733754 0.442844 1.903233 -0.009342 -0.314026 0.027785
 55 1.300240 -0.000003 -0.000001 0.000000 0.000000 0.000000
 56 1.300241 0.000000 -0.000000 0.000000 0.000000 0.000000
 57 1.300241 0.000001 0.000000 0.000000 0.000000 0.000000
 58 -4.190407 1.428598 3.058114 0.233221 -2.858952 -0.437297
 59 15.353566 0.000002 -0.000001 0.000000 0.000000 -0.735644
 60 19.266846 -0.000001 -0.000000 0.232128 -0.049537 0.473073
 61 4.212047 5.420721 -0.000001 -0.000000 -0.000000 1.570796
 62 0.549398 -0.000000 -0.000001 0.000000 0.000000 3.141593
 63 -3.879375 0.696732 -4.223898 -0.334190 2.710932 -0.949478
 64 15.353564 0.000004 0.000000 0.000000 -0.000000 -1.117906
 65 19.266848 -0.000002 0.000003 0.172214 -0.052745 0.309693
 66 4.212046 5.420719 -0.000001 -0.000000 0.000000 1.570796
 67 0.549398 0.000001 -0.000001 0.000000 0.000000 0.000000
 68 -38.836464 -1.519707 -0.000049 -3.141593 -1.570796 0.000000
time 99
  0 -15.760876 18.434345 33.528313 0.000730 -0.134403 2.688756
  1 -4.207510 -0.022728 -31.116350 -0.058431 -0.121109 -2.685261
  2 -2.435564 1.027007 0.000002 0.000000 -1.492493 -1.570795
  3 4.200143 -0.003637 0.329119 0.096367 0.040196 0.274009
  4 4.761448 -0.003792 0.000001 0.000000 0.000000 0.000000
  5 4.761662 -0.003784 -0.000086 0.022425 0.027399 0.057625
  6 4.761660 -0.003786 -0.000085 0.022425 0.027399 0.057625
  7 4.762264 -0.002028 0.000001 -0.000000 -0.000001 0.383972
  8 2.746989 -0.000001 -0.000000 1.089453 -0.453878 -0.562221
  9 9.156629 -0.000001 0.000001 0.000000 0.000000 0.000000
 10 0.000001 0.002189 -1.281928 -0.805448 1.297023 1.970348
 11 7.285011 -0.000000 0.000001 0.064355 -0.558027 -0.585572
 12 12.718713 0.000000 0.000004 -0.000000 -0.000000 -2.625075
 13 10.221165 -0.000001 -0.000002 1.709113 0.093226 -0.204744
 14 1.389922 -0.447521 1.936563 -0.210439 -0.761471 0.314906
 15 1.208672 0.000000 0.000000 0.000000 0.000000 0.000000
 16 1.208676 -0.000001 0.000001 0.000000 0.000000 0.000000
 17 1.208677 -0.000002 -0.000002 0.000000 0.000000 3.141593
 18 3.507809 -0.429743 1.193334 0.022860 -0.225875 -0.088311
 19 1.560288 0.000001 -0.000000 0.000000 0.000000 0.000000
 20 1.560289 0.000001 -0.000000 0.000000 0.000000 0.000000
 21 1.560290 0.000001 -0.000000 0.000000 0.000000 3.141593
 22 3.044311 -0.436517 0.176984 0.140338 -0.004885 0.034563
 23 1.820335 0.000002 -0.000001 0.000000 0.000000 0.000000
 24 1.820338 -0.000003 0.000001 0.000000 0.000000 0.000000
 25 1.820338 -0.000001 0.000000 0.000000 0.000000 3.141593
 26 3.330763 -0.128978 -0.727984 0.013106 0.174047 0.071026
 27 1.560286 0.000000 0.000000 0.000000 0.000000 0.000000
 28 1.560289 -0.000000 -0.000000 0.000000 0.000000 0.000000
 29 1.560292 -0.000001 -0.000000 0.000000 0.000000 3.141593
 30 3.208164 0.466228 -1.931736 0.024854 0.330715 0.074094
 31 1.300241 -0.000002 0.000001 0.000000 0.000000 0.000000
 32 1.300239 -0.000001 -0.000002 0.000000 0.000000 0.000000
 33 1.300241 -0.000001 0.000001 0.000000 0.000000 3.141593
 34 0.000001 0.002184 1.281926 0.708466 -0.964561 2.143305
 35 7.285012 0.000000 0.000000 -0.492015 0.637978 0.056226
 36 12.538443 -0.000001 -0.000002 0.000000 0.000000 -1.341561
 37 10.782779 0.000002 -0.000000 -1.612326 0.030519 -0.007842
 38 1.016389 0.059479 -2.003609 0.348822 0.790160 0.431299
 39 1.107951 -0.000002 -0.000001 0.000000 0.000000 0.000000
 40 1.107951 -0.000000 0.000002 0.000000 0.000000 0.000000
 41 1.107950 0.000001 0.000001 0.000000 0.000000 0.000000
 42 3.077732 -0.144550 -1.412631 0.003835 0.209388 0.026587
 43 1.560290 -0.000000 0.000001 0.000000 0.000000 0.000000
 44 1.560287 0.000000 0.000001 0.000000 0.000000 0.000000
 45 1.560287 0.000001 0.000001 0.000000 0.000000 0.000000
 46 2.463499 0.093204 -0.291938 -0.000796 -0.000000 0.000000
 47 1.820337 0.000001 0.000002 0.000000 0.000000 0.000000
 48 1.820340 -0.000001 0.000001 0.000000 0.000000 0.000000
 49 1.820337 0.000001 0.000001 0.000000 0.000000 0.000000
 50 3.016628 -0.086195 0.699123 -0.016172 -0.173791 0.088745
 51 1.560291 -0.000001 -0.000002 0.000000 0.000000 0.000000
 52 1.560289 0.000003 0.000004 0.000000 0.000000 0.000000
 53 1.560286 0.000001 0.000000 0.000000 0.000000 0.000000
 54 2.733756 0.442844 1.903233 -0.009342 -0.314026 0.027785
 55 1.300238 0.000000 -0.000000 0.000000 0.000000 0.000000
 56 1.300243 0.000001 0.000001 0.000000 0.000000 0.000000
 57 1.300242 0.000001 0.000001 0.000000 0.000000 0.000000
 58 -4.173162 1.439603 3.044004 0.255468 -2.853668 -0.453139
 59 15.353563 0.000002 0.000001 -0.000000 -0.000000 -0.770504
 60 19.266844 0.000000 0.000001 0.233139 -0.068183 0.519115
 61 4.212047 5.420720 -0.000000 -0.000000 -0.000000 1.570796
 62 0.549398 -0.000000 -0.000001 0.000000 0.000000 3.141593
 63 -3.878790 0.735334 -4.241420 -0.318590 2.694140 -0.979869
 64 15.353561 -0.000000 -0.000000 0.000000 -0.000000 -1.200130
 65 19.266846 0.000002 -0.000000 0.157100 -0.070453 0.361493
 66 4.212047 5.420721 0.000001 -0.000000 0.000000 1.570796
 67 0.549398 -0.000001 0.000001 0.000000 0.000000 0.000000
 68 -38.836464 -1.519707 -0.000050 3.141593 -1.570796 0.000000
time 100
  0 -16.022381 18.749748 33.033344 0.000000 -0.145678 2.715236
  1 -4.486221 -0.000000 -30.577217 -0.060602 -0.132556 -2.711212
  2 -2.481891 1.043826 0.000002 0.000000 -1.489187 -1.570795
  3 4.199052 -0.003633 0.343008 0.093222 0.039025 0.279386
  4 4.761443 -0.003792 0.000000 0.000000 0.000000 0.000000
  5 4.761668 -0.003784 -0.000082 0.021934 0.027811 0.058794
  6 4.761662 -0.003784 -0.000084 0.021934 0.027811 0.058794
  7 4.762262 -0.002028 -0.000000 -0.000000 -0.000001 0.383972
  8 2.746989 -0.000001 -0.000000 1.087693 -0.454514 -0.575113
  9 9.156631 -0.000001 0.000001 0.000000 0.000000 0.000000
 10 0.000001 0.002190 -1.281929 -0.805866 1.313211 1.967726
 11 7.285013 0.000001 -0.000001 0.083392 -0.552750 -0.620046
 12 12.718716 0.000001 -0.000002 0.000000 -0.000000 -2.628746
 13 10.221165 -0.000000 0.000003 1.710358 0.094676 -0.205733
 14 1.389921 -0.447518 1.936565 -0.210439 -0.761471 0.314906
 15 1.208672 -0.000000 0.000001 0.000000 0.000000 0.000000
 16 1.208676 -0.000001 0.000001 0.000000 0.000000 0.000000
 17 1.208676 -0.000002 -0.000000 0.000000 0.000000 3.141593
 18 3.507809 -0.429742 1.193334 0.022860 -0.225875 -0.088311
 19 1.560290 0.000001 0.000000 0.000000 0.000000 0.000000
 20 1.560291 -0.000001 -0.000001 0.000000 0.000000 0.000000
 21 1.560287 -0.000001 -0.000001 0.000000 0.000000 3.141593
 22 3.044308 -0.436514 0.176984 0.140338 -0.004885 0.034563
 23 1.820336 0.000001 -0.000001 0.000000 0.000000 0.000000
 24 1.820338 0.000001 0.000001 0.000000 0.000000 0.000000
 25 1.820335 0.000000 0.000000 0.000000 0.000000 3.141593
 26 3.330762 -0.128975 -0.727985 0.013106 0.174047 0.071026
 27 1.560290 -0.000002 0.000001 0.000000 0.000000 0.000000
 28 1.560287 -0.000000 -0.000002 0.000000 0.000000 0.000000
 29 1.560291 -0.000001 -0.000001 0.000000 0.000000 3.141593
 30 3.208160 0.466231 -1.931736 0.024854 0.330715 0.074094
 31 1.300243 -0.000003 0.000000 0.000000 0.000000 0.000000
 32 1.300239 0.000002 -0.000000 0.000000 0.000000 0.000000
 33 1.300239 0.000003 -0.000000 0.000000 0.000000 3.141593
 34 0.000004 0.002181 1.281928 0.734323 -0.968230 2.117337
 35 7.285013 -0.000000 0.000001 -0.494887 0.652912 0.065553
 36 12.538439 0.000000 0.000000 0.000000 0.000000 -1.337033
 37 10.782780 0.000001 -0.000001 -1.611637 0.030030 -0.008134
 38 1.016389 0.059478 -2.003611 0.348822 0.790160 0.431299
 39 1.107953 -0.000000 -0.000001 0.000000 0.000000 0.000000
 40 1.107952 0.000001 0.000001 0.000000 0.000000 0.000000
 41 1.107952 0.000002 0.000001 0.000000 0.000000 0.000000
 42 3.077731 -0.144550 -1.412631 0.003835 0.209388 0.026587
 43 1.560289 0.000001 -0.000001 0.000000 0.000000 0.000000
 44 1.560290 -0.000002 -0.000004 0.000000 0.000000 0.000000
 45 1.560288 0.000000 0.000001 0.000000 0.000000 0.000000
 46 2.463499 0.093206 -0.291937 -0.000796 -0.000000 0.000000
 47 1.820336 0.000001 -0.000001 0.000000 0.000000 0.000000
 48 1.820339 -0.000001 -0.000004 0.000000 0.000000 0.000000
 49 1.820339 -0.000001 0.000000 0.000000 0.000000 0.000000
 50 3.016627 -0.086193 0.699124 -0.016172 -0.173791 0.088745
 51 1.560288 0.000001 -0.000002 0.000000 0.000000 0.000000
 52 1.560288 0.000001 -0.000002 0.000000 0.000000 0.000000
 53 1.560288 0.000001 0.000001 0.000000 0.000000 0.000000
 54 2.733752 0.442844 1.903231 -0.009342 -0.314026 0.027785
 55 1.300240 -0.000001 -0.000002 0.000000 0.000000 0.000000
 56 1.300242 0.000001 -0.000001 0.000000 0.000000 0.000000
 57 1.300243 -0.000000 -0.000001 0.000000 0.000000 0.000000
 58 -4.161680 1.450533 3.037848 0.277992 -2.844605 -0.465150
 59 15.353564 0.000001 0.000000 -0.000000 -0.000000 -0.805358
 60 19.266848 -0.000000 0.000001 0.224079 -0.097577 0.615000
 61 4.212047 5.420721 -0.000001 -0.000000 -0.000000 1.570796
 62 0.549398 0.000000 -0.000000 0.000000 0.000000 3.141593
 63 -3.875877 0.769148 -4.250092 -0.303887 2.677673 -0.999271
 64 15.353563 0.000001 -0.000001 0.000000 -0.000000 -1.267387
 65 19.266846 0.000002 -0.000001 0.150570 -0.093435 0.410440
 66 4.212046 5.420720 -0.000002 -0.000000 0.000000 1.570796
 67 0.549395 0.000001 -0.000002 0.000000 0.000000 0.000000
 68 -38.836464 -1.519709 -0.000049 -3.141593 -1.570796 0.000000
end
