version 1
nodes
  0 "Bip01"  -1
  1 "Bip01 Footsteps"   0
  2 "Bip01 Pelvis"   0
  3 "Bip01 Spine"   2
  4 "Bip01 Spine1"   3
  5 "Bip01 Spine2"   4
  6 "Bip01 Spine3"   5
  7 "Bip01 Neck"   6
  8 "Bip01 Head"   7
  9 "Dummy13"   8
 10 "Bip01 R Clavicle"   7
 11 "Bip01 R UpperArm"  10
 12 "Bip01 R Forearm"  11
 13 "Bip01 R Hand"  12
 14 "Bip01 R Finger0"  13
 15 "Bip01 R Finger01"  14
 16 "Bip01 R Finger02"  15
 17 "Dummy01"  16
 18 "Bip01 R Finger1"  13
 19 "Bip01 R Finger11"  18
 20 "Bip01 R Finger12"  19
 21 "Dummy02"  20
 22 "Bip01 R Finger2"  13
 23 "Bip01 R Finger21"  22
 24 "Bip01 R Finger22"  23
 25 "Dummy03"  24
 26 "Bip01 R Finger3"  13
 27 "Bip01 R Finger31"  26
 28 "Bip01 R Finger32"  27
 29 "Dummy04"  28
 30 "Bip01 R Finger4"  13
 31 "Bip01 R Finger41"  30
 32 "Bip01 R Finger42"  31
 33 "Dummy05"  32
 34 "Bip01 L Clavicle"   7
 35 "Bip01 L UpperArm"  34
 36 "Bip01 L Forearm"  35
 37 "Bip01 L Hand"  36
 38 "Bip01 L Finger0"  37
 39 "Bip01 L Finger01"  38
 40 "Bip01 L Finger02"  39
 41 "Dummy06"  40
 42 "Bip01 L Finger1"  37
 43 "Bip01 L Finger11"  42
 44 "Bip01 L Finger12"  43
 45 "Dummy07"  44
 46 "Bip01 L Finger2"  37
 47 "Bip01 L Finger21"  46
 48 "Bip01 L Finger22"  47
 49 "Dummy08"  48
 50 "Bip01 L Finger3"  37
 51 "Bip01 L Finger31"  50
 52 "Bip01 L Finger32"  51
 53 "Dummy09"  52
 54 "Bip01 L Finger4"  37
 55 "Bip01 L Finger41"  54
 56 "Bip01 L Finger42"  55
 57 "Dummy10"  56
 58 "Bip01 L Thigh"   3
 59 "Bip01 L Calf"  58
 60 "Bip01 L Foot"  59
 61 "Bip01 L Toe0"  60
 62 "Dummy12"  61
 63 "Bip01 R Thigh"   3
 64 "Bip01 R Calf"  63
 65 "Bip01 R Foot"  64
 66 "Bip01 R Toe0"  65
 67 "Dummy11"  66
 68 "SMDImport"   2
end
skeleton
time 0
  0 0.231628 -28.670155 39.058197 0.000000 -0.114030 -1.352466
  1 -4.060954 0.000000 -35.458393 0.111346 0.024648 1.353840
  2 -0.371248 -0.052033 0.000001 0.000000 -1.574763 -1.570795
  3 4.212166 -0.003676 -0.015799 -0.242658 -0.002120 0.041780
  4 4.761441 -0.003793 -0.000000 0.000000 0.000000 0.000000
  5 4.761479 -0.003788 0.000197 -0.052008 -0.002139 0.008638
  6 4.761477 -0.003787 0.000197 -0.052008 -0.002139 0.008638
  7 4.762266 -0.002030 -0.000000 -0.000000 -0.000001 0.383972
  8 2.746986 0.000000 0.000000 0.130271 0.074396 -0.267770
  9 9.156627 -0.000001 -0.000000 0.000000 0.000000 0.000000
 10 -0.000002 0.002192 -1.281928 -0.257911 0.980635 2.541069
 11 7.285013 0.000000 0.000000 -0.614784 -0.686099 0.820427
 12 12.718716 0.000000 0.000001 -0.000000 -0.000000 -0.574799
 13 10.221161 0.000000 -0.000001 1.589359 -0.015055 -0.009431
 14 1.389921 -0.447518 1.936564 -0.210439 -0.761471 0.314906
 15 1.208675 -0.000001 -0.000002 0.000000 0.000000 0.000000
 16 1.208675 0.000001 0.000003 0.000000 0.000000 0.000000
 17 1.208675 0.000000 0.000001 0.000000 0.000000 3.141593
 18 3.507808 -0.429742 1.193335 0.022860 -0.225875 -0.088311
 19 1.560290 -0.000000 -0.000000 0.000000 0.000000 0.000000
 20 1.560290 0.000001 -0.000000 0.000000 0.000000 0.000000
 21 1.560290 0.000000 -0.000001 0.000000 0.000000 3.141593
 22 3.044309 -0.436516 0.176985 0.140338 -0.004885 0.034563
 23 1.820339 0.000001 0.000001 0.000000 0.000000 0.000000
 24 1.820337 -0.000001 -0.000000 0.000000 0.000000 0.000000
 25 1.820336 0.000000 0.000000 0.000000 0.000000 3.141593
 26 3.330763 -0.128976 -0.727984 0.013106 0.174047 0.071026
 27 1.560292 0.000001 -0.000001 0.000000 0.000000 0.000000
 28 1.560288 -0.000000 0.000001 0.000000 0.000000 0.000000
 29 1.560291 0.000000 0.000001 0.000000 0.000000 3.141593
 30 3.208162 0.466231 -1.931736 0.024854 0.330715 0.074094
 31 1.300239 -0.000001 0.000002 0.000000 0.000000 0.000000
 32 1.300241 0.000001 -0.000001 0.000000 0.000000 0.000000
 33 1.300243 0.000000 -0.000000 0.000000 0.000000 3.141593
 34 0.000000 0.002185 1.281928 0.578480 -1.207284 2.208846
 35 7.285012 0.000001 -0.000003 -0.037848 0.774774 -0.162472
 36 12.538443 -0.000002 -0.000001 -0.000000 -0.000000 -1.129336
 37 10.782781 -0.000000 0.000001 -1.592806 0.016975 -0.023770
 38 1.016389 0.059478 -2.003607 0.348822 0.790160 0.431299
 39 1.107952 0.000002 -0.000002 0.000000 0.000000 0.000000
 40 1.107952 -0.000001 0.000003 0.000000 0.000000 0.000000
 41 1.107953 -0.000003 -0.000000 0.000000 0.000000 0.000000
 42 3.077732 -0.144550 -1.412627 0.003835 0.209388 0.026587
 43 1.560291 -0.000000 0.000003 0.000000 0.000000 0.000000
 44 1.560288 -0.000001 -0.000002 0.000000 0.000000 0.000000
 45 1.560290 -0.000002 0.000000 0.000000 0.000000 0.000000
 46 2.463501 0.093204 -0.291935 -0.000796 -0.000000 0.000000
 47 1.820341 -0.000001 0.000001 0.000000 0.000000 0.000000
 48 1.820336 -0.000002 0.000000 0.000000 0.000000 0.000000
 49 1.820335 0.000001 -0.000001 0.000000 0.000000 0.000000
 50 3.016628 -0.086195 0.699129 -0.016172 -0.173791 0.088745
 51 1.560287 0.000002 0.000000 0.000000 0.000000 0.000000
 52 1.560288 -0.000004 -0.000003 0.000000 0.000000 0.000000
 53 1.560288 0.000000 0.000003 0.000000 0.000000 0.000000
 54 2.733753 0.442845 1.903237 -0.009342 -0.314026 0.027785
 55 1.300237 0.000001 -0.000001 0.000000 0.000000 0.000000
 56 1.300240 0.000001 -0.000001 0.000000 0.000000 0.000000
 57 1.300241 0.000000 -0.000001 0.000000 0.000000 0.000000
 58 -4.200536 -0.711667 3.622492 -0.048163 3.133656 0.149835
 59 15.353565 0.000001 -0.000000 -0.000000 0.000000 -0.533370
 60 19.266846 -0.000004 0.000000 -0.012573 -0.063801 0.553045
 61 4.212047 5.420721 0.000000 -0.000000 0.000000 1.570796
 62 0.549398 -0.000000 -0.000000 0.000000 0.000000 3.141593
 63 -4.216054 1.048472 -3.488186 0.297491 3.064749 -0.286367
 64 15.353566 -0.000003 0.000000 -0.000000 -0.000000 -0.001761
 65 19.266846 0.000001 0.000000 -0.016432 -0.042531 0.265250
 66 4.212046 5.420720 0.000001 -0.000000 -0.000000 1.570796
 67 0.549398 -0.000000 -0.000000 0.000000 0.000000 0.000000
 68 -38.836464 -1.519709 -0.000049 -3.141593 -1.570796 0.000000
time 1
  0 0.010243 -31.605698 38.405384 0.000810 -0.121429 -1.321359
  1 -4.244118 -0.028175 -34.779358 0.117508 0.030692 1.323115
  2 -0.400369 -0.029344 0.000003 -0.000003 -1.581682 -1.570793
  3 4.211969 -0.003652 -0.044851 -0.265130 0.007223 0.045035
  4 4.761444 -0.003790 0.000000 0.000000 -0.000000 -0.000000
  5 4.761480 -0.003789 0.000216 -0.056900 -0.001769 0.009373
  6 4.761479 -0.003784 0.000216 -0.056900 -0.001769 0.009373
  7 4.762270 -0.002026 0.000000 -0.000000 -0.000001 0.383972
  8 2.746985 -0.000000 -0.000000 0.148998 0.070951 -0.268236
  9 9.156627 -0.000001 0.000000 0.000000 0.000000 0.000000
 10 -0.000007 0.002193 -1.281928 -0.231910 0.966342 2.564901
 11 7.285012 -0.000000 -0.000002 -0.633671 -0.640196 0.884316
 12 12.718711 -0.000001 -0.000000 -0.000000 -0.000000 -0.551532
 13 10.221166 -0.000002 0.000000 1.589554 -0.016917 -0.009517
 14 1.389920 -0.447519 1.936563 -0.210439 -0.761471 0.314906
 15 1.208676 0.000001 0.000001 0.000000 0.000000 0.000000
 16 1.208675 -0.000001 -0.000000 0.000000 0.000000 0.000000
 17 1.208676 -0.000000 -0.000000 0.000000 0.000000 3.141593
 18 3.507810 -0.429743 1.193334 0.022860 -0.225875 -0.088311
 19 1.560291 0.000001 0.000000 0.000000 0.000000 0.000000
 20 1.560289 -0.000000 0.000000 0.000000 0.000000 0.000000
 21 1.560288 -0.000000 0.000001 0.000000 0.000000 3.141593
 22 3.044310 -0.436517 0.176984 0.140338 -0.004885 0.034563
 23 1.820335 -0.000000 0.000001 0.000000 0.000000 0.000000
 24 1.820337 -0.000000 -0.000001 0.000000 0.000000 0.000000
 25 1.820338 0.000000 -0.000001 0.000000 0.000000 3.141593
 26 3.330764 -0.128977 -0.727984 0.013106 0.174047 0.071026
 27 1.560287 0.000000 -0.000000 0.000000 0.000000 0.000000
 28 1.560290 0.000000 0.000000 0.000000 0.000000 0.000000
 29 1.560287 -0.000000 0.000000 0.000000 0.000000 3.141593
 30 3.208161 0.466230 -1.931736 0.024854 0.330715 0.074094
 31 1.300242 0.000001 -0.000001 0.000000 0.000000 0.000000
 32 1.300239 -0.000000 0.000000 0.000000 0.000000 0.000000
 33 1.300239 -0.000001 0.000000 0.000000 0.000000 3.141593
 34 -0.000003 0.002185 1.281928 0.566415 -1.207265 2.220560
 35 7.285014 0.000000 -0.000002 -0.080641 0.736020 -0.194827
 36 12.538442 -0.000001 -0.000001 -0.000000 -0.000000 -1.214200
 37 10.782781 0.000004 -0.000002 -1.596947 0.018446 -0.018715
 38 1.016387 0.059479 -2.003610 0.348822 0.790160 0.431299
 39 1.107955 -0.000004 -0.000000 0.000000 0.000000 0.000000
 40 1.107949 0.000001 -0.000000 0.000000 0.000000 0.000000
 41 1.107952 0.000003 -0.000000 0.000000 0.000000 0.000000
 42 3.077728 -0.144550 -1.412632 0.003835 0.209388 0.026587
 43 1.560285 0.000000 -0.000001 0.000000 0.000000 0.000000
 44 1.560292 -0.000000 0.000001 0.000000 0.000000 0.000000
 45 1.560290 -0.000001 0.000001 0.000000 0.000000 0.000000
 46 2.463498 0.093205 -0.291939 -0.000796 0.000000 0.000000
 47 1.820341 0.000000 0.000002 0.000000 0.000000 0.000000
 48 1.820337 0.000000 -0.000003 0.000000 0.000000 0.000000
 49 1.820334 0.000000 -0.000000 0.000000 0.000000 0.000000
 50 3.016625 -0.086193 0.699125 -0.016172 -0.173791 0.088745
 51 1.560292 -0.000001 0.000001 0.000000 0.000000 0.000000
 52 1.560286 -0.000001 -0.000000 0.000000 0.000000 0.000000
 53 1.560288 -0.000000 -0.000002 0.000000 0.000000 0.000000
 54 2.733752 0.442845 1.903231 -0.009342 -0.314026 0.027785
 55 1.300240 0.000001 0.000003 0.000000 0.000000 0.000000
 56 1.300242 0.000001 -0.000001 0.000000 0.000000 0.000000
 57 1.300238 0.000003 0.000001 0.000000 0.000000 0.000000
 58 -4.234208 -0.776980 3.599180 -0.027087 3.132009 0.229053
 59 15.353567 0.000001 0.000000 -0.000000 -0.000000 -0.539887
 60 19.266848 0.000001 0.000001 -0.022348 -0.067389 0.559705
 61 4.212046 5.420720 0.000000 -0.000000 0.000000 1.570796
 62 0.549398 0.000000 0.000000 0.000000 0.000000 3.141593
 63 -4.181286 1.142440 -3.469983 0.271122 3.046049 -0.373697
 64 15.353565 -0.000001 -0.000000 -0.000000 0.000000 -0.172334
 65 19.266848 0.000001 -0.000000 -0.036537 -0.045011 0.285574
 66 4.212047 5.420720 0.000000 -0.000000 -0.000000 1.570796
 67 0.549398 0.000001 0.000000 0.000000 0.000000 0.000000
 68 -38.836464 -1.519707 -0.000050 3.141593 -1.570796 0.000000
time 2
  0 -0.218958 -34.573311 37.679024 0.001389 -0.128850 -1.290228
  1 -4.408753 -0.047248 -34.026546 0.123482 0.036923 1.292422
  2 -0.428997 -0.006778 -0.000003 -3.141589 -1.552018 1.570796
  3 4.211498 -0.003627 -0.078018 -0.290248 0.017518 0.048248
  4 4.761448 -0.003788 0.000000 0.000000 -0.000000 -0.000000
  5 4.761484 -0.003786 0.000236 -0.062379 -0.001428 0.010105
  6 4.761479 -0.003780 0.000237 -0.062379 -0.001428 0.010105
  7 4.762262 -0.002028 0.000000 -0.000000 -0.000001 0.383972
  8 2.746987 -0.000001 0.000000 0.169673 0.067032 -0.267824
  9 9.156625 -0.000002 0.000000 0.000000 0.000000 0.000000
 10 -0.000001 0.002189 -1.281928 -0.207024 0.951689 2.587413
 11 7.285012 -0.000003 -0.000000 -0.646565 -0.590991 0.941575
 12 12.718716 -0.000001 0.000001 -0.000000 0.000000 -0.528266
 13 10.221163 -0.000001 -0.000001 1.589749 -0.018779 -0.009603
 14 1.389919 -0.447518 1.936564 -0.210439 -0.761471 0.314906
 15 1.208674 0.000001 -0.000001 0.000000 0.000000 0.000000
 16 1.208675 -0.000000 0.000000 0.000000 0.000000 0.000000
 17 1.208676 -0.000000 0.000001 0.000000 0.000000 3.141593
 18 3.507808 -0.429743 1.193334 0.022860 -0.225875 -0.088311
 19 1.560291 0.000001 0.000000 0.000000 0.000000 0.000000
 20 1.560287 0.000000 -0.000000 0.000000 0.000000 0.000000
 21 1.560289 -0.000000 -0.000001 0.000000 0.000000 3.141593
 22 3.044309 -0.436516 0.176984 0.140338 -0.004885 0.034563
 23 1.820341 -0.000000 -0.000000 0.000000 0.000000 0.000000
 24 1.820338 0.000000 0.000000 0.000000 0.000000 0.000000
 25 1.820335 -0.000000 -0.000000 0.000000 0.000000 3.141593
 26 3.330763 -0.128976 -0.727982 0.013106 0.174047 0.071026
 27 1.560289 0.000001 0.000000 0.000000 0.000000 0.000000
 28 1.560290 -0.000000 0.000002 0.000000 0.000000 0.000000
 29 1.560287 0.000000 -0.000001 0.000000 0.000000 3.141593
 30 3.208161 0.466230 -1.931735 0.024854 0.330715 0.074094
 31 1.300242 -0.000001 0.000000 0.000000 0.000000 0.000000
 32 1.300241 0.000000 -0.000002 0.000000 0.000000 0.000000
 33 1.300242 0.000001 0.000000 0.000000 0.000000 3.141593
 34 0.000000 0.002182 1.281928 0.554351 -1.207195 2.232265
 35 7.285012 -0.000001 -0.000001 -0.120513 0.695210 -0.219839
 36 12.538443 -0.000003 0.000000 0.000000 -0.000000 -1.299064
 37 10.782775 0.000002 -0.000001 -1.601081 0.019938 -0.013665
 38 1.016391 0.059481 -2.003608 0.348822 0.790160 0.431299
 39 1.107949 -0.000001 -0.000001 0.000000 0.000000 0.000000
 40 1.107954 -0.000001 0.000001 0.000000 0.000000 0.000000
 41 1.107954 -0.000001 0.000002 0.000000 0.000000 0.000000
 42 3.077734 -0.144549 -1.412630 0.003835 0.209388 0.026587
 43 1.560285 -0.000000 -0.000001 0.000000 0.000000 0.000000
 44 1.560291 -0.000000 0.000001 0.000000 0.000000 0.000000
 45 1.560290 -0.000000 0.000000 0.000000 0.000000 0.000000
 46 2.463503 0.093206 -0.291939 -0.000796 -0.000000 -0.000000
 47 1.820336 -0.000002 -0.000000 0.000000 0.000000 0.000000
 48 1.820337 -0.000001 -0.000000 0.000000 0.000000 0.000000
 49 1.820335 -0.000001 -0.000000 0.000000 0.000000 0.000000
 50 3.016627 -0.086192 0.699124 -0.016172 -0.173791 0.088745
 51 1.560287 0.000001 -0.000001 0.000000 0.000000 0.000000
 52 1.560289 0.000000 -0.000001 0.000000 0.000000 0.000000
 53 1.560291 -0.000001 -0.000001 0.000000 0.000000 0.000000
 54 2.733754 0.442846 1.903231 -0.009342 -0.314026 0.027785
 55 1.300241 0.000000 -0.000000 0.000000 0.000000 0.000000
 56 1.300242 0.000000 -0.000001 0.000000 0.000000 0.000000
 57 1.300240 0.000000 -0.000001 0.000000 0.000000 0.000000
 58 -4.271303 -0.851194 3.572225 -0.007694 3.131447 0.306872
 59 15.353567 0.000002 0.000000 0.000000 -0.000000 -0.546419
 60 19.266848 0.000002 0.000000 -0.032271 -0.071302 0.540176
 61 4.212047 5.420720 0.000000 -0.000000 0.000000 1.570796
 62 0.549397 0.000000 -0.000000 0.000000 0.000000 3.141593
 63 -4.142981 1.244904 -3.445607 0.242742 3.030581 -0.470300
 64 15.353563 -0.000002 0.000000 0.000000 0.000000 -0.351820
 65 19.266846 0.000005 -0.000001 -0.058757 -0.049074 0.306813
 66 4.212047 5.420722 0.000000 -0.000000 0.000000 1.570796
 67 0.549397 -0.000000 -0.000000 0.000000 0.000000 0.000000
 68 -38.836464 -1.519711 -0.000050 3.141593 -1.570796 0.000000
time 3
  0 -0.432526 -37.476784 37.100956 0.001601 -0.136829 -1.273657
  1 -4.601263 -0.053499 -33.417606 0.130438 0.041479 1.276256
  2 -0.456829 0.018174 0.000002 0.000001 -1.597474 -1.570793
  3 4.210764 -0.003607 -0.111198 -0.309817 0.028078 0.051392
  4 4.761443 -0.003790 0.000000 -0.000000 -0.000000 0.000000
  5 4.761483 -0.003783 0.000253 -0.066682 -0.001019 0.010837
  6 4.761491 -0.003780 0.000253 -0.066682 -0.001019 0.010837
  7 4.762267 -0.002032 -0.000000 -0.000000 -0.000001 0.383972
  8 2.746986 -0.000000 -0.000000 0.186419 0.063967 -0.269369
  9 9.156630 0.000001 0.000001 0.000000 0.000000 0.000000
 10 -0.000003 0.002191 -1.281928 -0.193933 0.941826 2.599322
 11 7.285015 -0.000002 0.000001 -0.658288 -0.556001 0.963341
 12 12.718710 0.000000 0.000000 -0.000000 0.000000 -0.514716
 13 10.221165 -0.000001 -0.000000 1.589817 -0.019701 -0.009620
 14 1.389922 -0.447519 1.936562 -0.210439 -0.761471 0.314906
 15 1.208676 -0.000001 -0.000002 0.000000 0.000000 0.000000
 16 1.208674 0.000000 0.000004 0.000000 0.000000 0.000000
 17 1.208675 0.000000 -0.000001 0.000000 0.000000 3.141593
 18 3.507809 -0.429742 1.193333 0.022860 -0.225875 -0.088311
 19 1.560291 0.000001 0.000001 0.000000 0.000000 0.000000
 20 1.560288 -0.000000 0.000000 0.000000 0.000000 0.000000
 21 1.560289 -0.000001 -0.000001 0.000000 0.000000 3.141593
 22 3.044311 -0.436517 0.176984 0.140338 -0.004885 0.034563
 23 1.820339 -0.000000 0.000000 0.000000 0.000000 0.000000
 24 1.820337 0.000000 0.000001 0.000000 0.000000 0.000000
 25 1.820338 0.000000 0.000002 0.000000 0.000000 3.141593
 26 3.330762 -0.128977 -0.727984 0.013106 0.174047 0.071026
 27 1.560289 0.000001 0.000002 0.000000 0.000000 0.000000
 28 1.560291 -0.000000 -0.000000 0.000000 0.000000 0.000000
 29 1.560287 -0.000000 -0.000001 0.000000 0.000000 3.141593
 30 3.208159 0.466230 -1.931736 0.024854 0.330715 0.074094
 31 1.300243 0.000000 -0.000001 0.000000 0.000000 0.000000
 32 1.300240 -0.000001 0.000001 0.000000 0.000000 0.000000
 33 1.300241 0.000000 0.000001 0.000000 0.000000 3.141593
 34 -0.000002 0.002187 1.281928 0.541243 -1.209259 2.244617
 35 7.285013 0.000003 0.000001 -0.129072 0.672789 -0.212802
 36 12.538441 -0.000002 0.000000 0.000000 0.000000 -1.366503
 37 10.782773 0.000001 -0.000003 -1.603579 0.020337 -0.009846
 38 1.016390 0.059481 -2.003611 0.348822 0.790160 0.431299
 39 1.107953 -0.000003 -0.000003 0.000000 0.000000 0.000000
 40 1.107953 0.000001 0.000002 0.000000 0.000000 0.000000
 41 1.107952 0.000003 0.000001 0.000000 0.000000 0.000000
 42 3.077734 -0.144549 -1.412632 0.003835 0.209388 0.026587
 43 1.560287 -0.000000 -0.000003 0.000000 0.000000 0.000000
 44 1.560290 -0.000000 0.000002 0.000000 0.000000 0.000000
 45 1.560289 -0.000000 0.000002 0.000000 0.000000 0.000000
 46 2.463500 0.093207 -0.291939 -0.000796 0.000000 0.000000
 47 1.820334 -0.000001 -0.000000 0.000000 0.000000 0.000000
 48 1.820338 -0.000001 -0.000000 0.000000 0.000000 0.000000
 49 1.820337 -0.000002 -0.000000 0.000000 0.000000 0.000000
 50 3.016629 -0.086192 0.699122 -0.016172 -0.173791 0.088745
 51 1.560286 0.000002 -0.000001 0.000000 0.000000 0.000000
 52 1.560289 -0.000001 -0.000001 0.000000 0.000000 0.000000
 53 1.560292 -0.000002 -0.000001 0.000000 0.000000 0.000000
 54 2.733756 0.442847 1.903231 -0.009342 -0.314026 0.027785
 55 1.300240 -0.000001 0.000002 0.000000 0.000000 0.000000
 56 1.300242 -0.000000 -0.000002 0.000000 0.000000 0.000000
 57 1.300241 -0.000000 -0.000002 0.000000 0.000000 0.000000
 58 -4.309314 -0.904701 3.547372 -0.015252 3.133859 0.394111
 59 15.353567 0.000003 0.000000 -0.000000 0.000000 -0.523704
 60 19.266844 -0.000001 0.000001 -0.022889 -0.078480 0.468672
 61 4.212046 5.420719 0.000000 -0.000000 -0.000000 1.570796
 62 0.549397 0.000000 0.000000 0.000000 0.000000 3.141593
 63 -4.103652 1.327774 -3.426421 0.216304 3.020986 -0.551385
 64 15.353565 -0.000001 -0.000001 -0.000000 -0.000000 -0.513481
 65 19.266844 -0.000000 0.000001 -0.076428 -0.055132 0.326531
 66 4.212047 5.420720 -0.000000 -0.000000 0.000000 1.570796
 67 0.549397 0.000001 0.000000 0.000000 0.000000 0.000000
 68 -38.836468 -1.519708 -0.000050 3.141593 -1.570796 0.000000
time 4
  0 -0.607009 -40.219906 36.894077 0.001495 -0.147834 -1.276673
  1 -5.234925 -0.052555 -35.152496 0.141142 0.044146 1.279684
  2 -0.483950 0.047503 0.000002 0.000000 -1.604390 -1.570795
  3 4.209908 -0.003599 -0.140300 -0.315649 0.038166 0.054473
  4 4.761448 -0.003791 0.000000 0.000000 0.000000 0.000000
  5 4.761487 -0.003780 0.000258 -0.068043 -0.000449 0.011574
  6 4.761491 -0.003780 0.000258 -0.068044 -0.000449 0.011574
  7 4.762263 -0.002028 -0.000000 -0.000000 -0.000001 0.383972
  8 2.746986 -0.000001 0.000000 0.193410 0.063253 -0.275588
  9 9.156627 -0.000001 -0.000000 0.000000 0.000000 0.000000
 10 -0.000004 0.002190 -1.281928 -0.195194 0.937795 2.598748
 11 7.285010 -0.000004 -0.000000 -0.670525 -0.544649 0.956244
 12 12.718718 0.000000 -0.000000 -0.000000 -0.000000 -0.510831
 13 10.221162 0.000000 -0.000000 1.589719 -0.019531 -0.009604
 14 1.389923 -0.447519 1.936563 -0.210439 -0.761471 0.314906
 15 1.208675 0.000000 0.000001 0.000000 0.000000 0.000000
 16 1.208674 0.000000 -0.000000 0.000000 0.000000 0.000000
 17 1.208677 -0.000000 -0.000001 0.000000 0.000000 3.141593
 18 3.507811 -0.429743 1.193334 0.022860 -0.225875 -0.088311
 19 1.560291 0.000001 -0.000002 0.000000 0.000000 0.000000
 20 1.560288 -0.000000 0.000001 0.000000 0.000000 0.000000
 21 1.560289 -0.000000 0.000000 0.000000 0.000000 3.141593
 22 3.044312 -0.436517 0.176983 0.140338 -0.004885 0.034563
 23 1.820342 -0.000000 0.000000 0.000000 0.000000 0.000000
 24 1.820336 0.000001 -0.000000 0.000000 0.000000 0.000000
 25 1.820338 -0.000000 -0.000000 0.000000 0.000000 3.141593
 26 3.330765 -0.128976 -0.727984 0.013106 0.174047 0.071026
 27 1.560291 -0.000000 0.000000 0.000000 0.000000 0.000000
 28 1.560290 -0.000000 0.000001 0.000000 0.000000 0.000000
 29 1.560288 0.000000 -0.000000 0.000000 0.000000 3.141593
 30 3.208164 0.466230 -1.931736 0.024854 0.330715 0.074094
 31 1.300244 -0.000000 0.000000 0.000000 0.000000 0.000000
 32 1.300242 -0.000000 0.000001 0.000000 0.000000 0.000000
 33 1.300240 0.000000 0.000001 0.000000 0.000000 3.141593
 34 -0.000001 0.002184 1.281928 0.526953 -1.216749 2.257254
 35 7.285012 0.000003 -0.000001 -0.081358 0.676697 -0.162056
 36 12.538443 -0.000000 -0.000004 0.000000 0.000000 -1.422976
 37 10.782782 -0.000001 -0.000000 -1.603931 0.019107 -0.007074
 38 1.016391 0.059480 -2.003609 0.348822 0.790160 0.431299
 39 1.107950 -0.000000 0.000002 0.000000 0.000000 0.000000
 40 1.107950 -0.000000 -0.000003 0.000000 0.000000 0.000000
 41 1.107955 -0.000002 0.000000 0.000000 0.000000 0.000000
 42 3.077731 -0.144548 -1.412631 0.003835 0.209388 0.026587
 43 1.560291 -0.000002 0.000003 0.000000 0.000000 0.000000
 44 1.560288 -0.000002 -0.000002 0.000000 0.000000 0.000000
 45 1.560289 0.000001 -0.000002 0.000000 0.000000 0.000000
 46 2.463502 0.093206 -0.291937 -0.000796 -0.000000 -0.000000
 47 1.820336 -0.000002 -0.000002 0.000000 0.000000 0.000000
 48 1.820340 0.000002 0.000001 0.000000 0.000000 0.000000
 49 1.820340 -0.000001 0.000001 0.000000 0.000000 0.000000
 50 3.016626 -0.086191 0.699124 -0.016172 -0.173791 0.088745
 51 1.560290 -0.000001 0.000001 0.000000 0.000000 0.000000
 52 1.560284 0.000000 -0.000001 0.000000 0.000000 0.000000
 53 1.560290 0.000000 -0.000000 0.000000 0.000000 0.000000
 54 2.733755 0.442847 1.903234 -0.009342 -0.314026 0.027785
 55 1.300240 0.000000 0.000000 0.000000 0.000000 0.000000
 56 1.300243 -0.000000 0.000001 0.000000 0.000000 0.000000
 57 1.300242 -0.000000 0.000001 0.000000 0.000000 0.000000
 58 -4.345517 -0.908605 3.532241 -0.062908 3.132821 0.519818
 59 15.353567 0.000002 0.000000 -0.000000 0.000000 -0.412309
 60 19.266842 -0.000002 0.000001 0.058493 0.010809 0.329642
 61 4.212045 5.420721 0.000000 -0.000000 0.000000 1.570796
 62 0.549398 -0.000000 -0.000000 0.000000 0.000000 3.141593
 63 -4.066002 1.363747 -3.426087 0.195450 3.016307 -0.591592
 64 15.353563 -0.000003 -0.000000 -0.000000 0.000000 -0.630583
 65 19.266844 0.000004 -0.000001 -0.082999 -0.061022 0.342130
 66 4.212047 5.420721 -0.000001 -0.000000 0.000000 1.570796
 67 0.549397 -0.000001 -0.000000 0.000000 0.000000 0.000000
 68 -38.836464 -1.519708 -0.000050 -3.141593 -1.570796 0.000000
time 5
  0 -0.754993 -42.829304 37.055363 0.001462 -0.159385 -1.294304
  1 -5.666214 -0.051516 -35.248932 0.153033 0.044746 1.297618
  2 -0.518596 0.085417 0.000000 0.000000 -1.609350 -1.570796
  3 4.209179 -0.003615 -0.161233 -0.298359 0.047277 0.058398
  4 4.761443 -0.003788 0.000000 0.000000 0.000000 0.000000
  5 4.761491 -0.003785 0.000244 -0.064449 0.000419 0.012511
  6 4.761490 -0.003782 0.000245 -0.064449 0.000419 0.012511
  7 4.762267 -0.002031 -0.000000 -0.000000 -0.000001 0.383972
  8 2.746988 0.000001 0.000000 0.182538 0.068602 -0.297091
  9 9.156624 0.000001 -0.000000 0.000000 -0.000000 0.000000
 10 -0.000001 0.002193 -1.281928 -0.203892 0.936743 2.591763
 11 7.285011 -0.000000 -0.000000 -0.673121 -0.557381 0.947438
 12 12.718719 -0.000001 0.000000 0.000000 -0.000000 -0.511633
 13 10.221161 -0.000000 -0.000001 1.589533 -0.018803 -0.009580
 14 1.389922 -0.447518 1.936562 -0.210439 -0.761471 0.314906
 15 1.208673 -0.000001 -0.000003 0.000000 0.000000 0.000000
 16 1.208675 0.000001 0.000000 0.000000 0.000000 0.000000
 17 1.208675 0.000000 -0.000000 0.000000 0.000000 3.141593
 18 3.507810 -0.429743 1.193332 0.022860 -0.225875 -0.088311
 19 1.560291 0.000000 0.000000 0.000000 0.000000 0.000000
 20 1.560289 0.000000 -0.000001 0.000000 0.000000 0.000000
 21 1.560288 0.000000 -0.000001 0.000000 0.000000 3.141593
 22 3.044311 -0.436516 0.176983 0.140338 -0.004885 0.034563
 23 1.820340 0.000001 0.000002 0.000000 0.000000 0.000000
 24 1.820338 0.000000 -0.000000 0.000000 0.000000 0.000000
 25 1.820337 0.000000 -0.000001 0.000000 0.000000 3.141593
 26 3.330762 -0.128977 -0.727985 0.013106 0.174047 0.071026
 27 1.560290 -0.000001 -0.000001 0.000000 0.000000 0.000000
 28 1.560288 0.000000 0.000002 0.000000 0.000000 0.000000
 29 1.560290 0.000000 0.000001 0.000000 0.000000 3.141593
 30 3.208161 0.466230 -1.931738 0.024854 0.330715 0.074094
 31 1.300241 0.000000 0.000000 0.000000 0.000000 0.000000
 32 1.300243 -0.000001 0.000000 0.000000 0.000000 0.000000
 33 1.300241 0.000000 0.000000 0.000000 0.000000 3.141593
 34 0.000002 0.002186 1.281928 0.510836 -1.226360 2.271389
 35 7.285012 0.000002 0.000000 0.005440 0.695897 -0.099746
 36 12.538446 -0.000001 -0.000005 0.000000 0.000000 -1.462024
 37 10.782777 -0.000001 -0.000001 -1.602658 0.016760 -0.005529
 38 1.016391 0.059478 -2.003608 0.348822 0.790160 0.431299
 39 1.107951 0.000001 0.000000 0.000000 0.000000 0.000000
 40 1.107951 0.000001 0.000000 0.000000 0.000000 0.000000
 41 1.107951 0.000001 0.000001 0.000000 0.000000 0.000000
 42 3.077732 -0.144551 -1.412631 0.003835 0.209388 0.026587
 43 1.560289 -0.000001 0.000003 0.000000 0.000000 0.000000
 44 1.560290 -0.000001 -0.000001 0.000000 0.000000 0.000000
 45 1.560286 -0.000001 -0.000002 0.000000 0.000000 0.000000
 46 2.463503 0.093203 -0.291937 -0.000796 0.000000 0.000000
 47 1.820335 0.000001 0.000001 0.000000 0.000000 0.000000
 48 1.820337 0.000001 0.000001 0.000000 0.000000 0.000000
 49 1.820338 0.000002 0.000000 0.000000 0.000000 0.000000
 50 3.016628 -0.086194 0.699125 -0.016172 -0.173791 0.088745
 51 1.560289 -0.000001 -0.000001 0.000000 0.000000 0.000000
 52 1.560289 -0.000001 0.000001 0.000000 0.000000 0.000000
 53 1.560290 -0.000001 0.000000 0.000000 0.000000 0.000000
 54 2.733755 0.442844 1.903234 -0.009342 -0.314026 0.027785
 55 1.300240 0.000000 -0.000002 0.000000 0.000000 0.000000
 56 1.300239 0.000001 0.000002 0.000000 0.000000 0.000000
 57 1.300241 0.000000 -0.000002 0.000000 0.000000 0.000000
 58 -4.377817 -0.826144 3.534339 -0.125860 3.123699 0.638102
 59 15.353567 0.000005 0.000000 -0.000000 -0.000000 -0.271579
 60 19.266848 -0.000001 0.000001 0.134444 0.144902 0.093499
 61 4.212046 5.420721 -0.000000 -0.000000 0.000000 1.570796
 62 0.549398 0.000001 0.000000 0.000000 0.000000 3.141593
 63 -4.031619 1.324728 -3.459513 0.185080 3.005290 -0.571977
 64 15.353564 -0.000002 0.000000 -0.000000 -0.000000 -0.722847
 65 19.266848 0.000002 0.000000 -0.077435 -0.071582 0.374284
 66 4.212047 5.420721 0.000000 -0.000000 -0.000000 1.570796
 67 0.549399 -0.000000 -0.000000 0.000000 0.000000 0.000000
 68 -38.836464 -1.519709 -0.000049 3.141593 -1.570796 0.000000
time 6
  0 -0.902722 -45.400143 37.388882 0.001869 -0.164584 -1.326121
  1 -5.904055 -0.066449 -35.547981 0.159319 0.041515 1.329281
  2 -0.554744 0.127316 -0.000002 -0.000001 -1.611371 -1.570795
  3 4.208854 -0.003653 -0.169866 -0.261654 0.053941 0.062472
  4 4.761442 -0.003786 -0.000000 0.000000 0.000000 0.000000
  5 4.761505 -0.003784 0.000215 -0.056671 0.001505 0.013466
  6 4.761497 -0.003787 0.000215 -0.056671 0.001505 0.013466
  7 4.762259 -0.002029 0.000000 -0.000000 -0.000001 0.383972
  8 2.746987 -0.000003 -0.000000 0.157606 0.075397 -0.325793
  9 9.156626 -0.000001 -0.000000 0.000000 0.000000 0.000000
 10 0.000002 0.002186 -1.281928 -0.215874 0.938209 2.581775
 11 7.285013 -0.000002 0.000001 -0.667105 -0.587020 0.931560
 12 12.718711 -0.000001 -0.000000 0.000000 0.000000 -0.519457
 13 10.221167 0.000003 0.000001 1.589308 -0.017606 -0.009454
 14 1.389919 -0.447518 1.936563 -0.210439 -0.761471 0.314906
 15 1.208675 -0.000000 -0.000001 0.000000 0.000000 0.000000
 16 1.208673 0.000001 -0.000003 0.000000 0.000000 0.000000
 17 1.208678 -0.000001 -0.000001 0.000000 0.000000 3.141593
 18 3.507808 -0.429743 1.193332 0.022860 -0.225875 -0.088311
 19 1.560290 0.000001 -0.000002 0.000000 0.000000 0.000000
 20 1.560292 -0.000000 0.000003 0.000000 0.000000 0.000000
 21 1.560289 -0.000001 0.000000 0.000000 0.000000 3.141593
 22 3.044308 -0.436516 0.176985 0.140338 -0.004885 0.034563
 23 1.820342 0.000000 0.000001 0.000000 0.000000 0.000000
 24 1.820336 0.000000 0.000001 0.000000 0.000000 0.000000
 25 1.820337 0.000000 0.000000 0.000000 0.000000 3.141593
 26 3.330761 -0.128977 -0.727985 0.013106 0.174047 0.071026
 27 1.560289 -0.000001 0.000003 0.000000 0.000000 0.000000
 28 1.560291 0.000000 -0.000001 0.000000 0.000000 0.000000
 29 1.560289 0.000001 0.000000 0.000000 0.000000 3.141593
 30 3.208159 0.466231 -1.931734 0.024854 0.330715 0.074094
 31 1.300243 -0.000001 0.000002 0.000000 0.000000 0.000000
 32 1.300241 0.000000 -0.000000 0.000000 0.000000 0.000000
 33 1.300242 0.000000 -0.000001 0.000000 0.000000 3.141593
 34 -0.000000 0.002180 1.281927 0.491631 -1.230321 2.289387
 35 7.285012 -0.000002 0.000000 0.090075 0.728450 -0.051707
 36 12.538440 -0.000001 0.000000 0.000000 -0.000000 -1.446851
 37 10.782777 0.000001 0.000000 -1.599683 0.013745 -0.006979
 38 1.016389 0.059477 -2.003609 0.348822 0.790160 0.431299
 39 1.107953 0.000002 -0.000003 0.000000 0.000000 0.000000
 40 1.107953 0.000001 0.000002 0.000000 0.000000 0.000000
 41 1.107952 0.000003 0.000001 0.000000 0.000000 0.000000
 42 3.077728 -0.144552 -1.412632 0.003835 0.209388 0.026587
 43 1.560287 -0.000000 0.000002 0.000000 0.000000 0.000000
 44 1.560289 -0.000001 -0.000001 0.000000 0.000000 0.000000
 45 1.560288 -0.000001 -0.000001 0.000000 0.000000 0.000000
 46 2.463499 0.093204 -0.291937 -0.000796 0.000000 0.000000
 47 1.820339 0.000001 0.000002 0.000000 0.000000 0.000000
 48 1.820336 -0.000000 -0.000001 0.000000 0.000000 0.000000
 49 1.820334 0.000000 -0.000002 0.000000 0.000000 0.000000
 50 3.016626 -0.086195 0.699125 -0.016172 -0.173791 0.088745
 51 1.560289 -0.000000 0.000003 0.000000 0.000000 0.000000
 52 1.560290 -0.000001 -0.000002 0.000000 0.000000 0.000000
 53 1.560283 -0.000000 0.000001 0.000000 0.000000 0.000000
 54 2.733751 0.442843 1.903232 -0.009342 -0.314026 0.027785
 55 1.300243 -0.000000 0.000000 0.000000 0.000000 0.000000
 56 1.300240 -0.000001 -0.000000 0.000000 0.000000 0.000000
 57 1.300237 -0.000000 -0.000000 0.000000 0.000000 0.000000
 58 -4.400946 -0.674019 3.546844 -0.182059 3.121078 0.638966
 59 15.353564 -0.000001 -0.000000 -0.000000 0.000000 -0.250949
 60 19.266842 0.000002 0.000001 0.160939 0.314334 -0.319357
 61 4.212046 5.420720 -0.000001 -0.000000 0.000000 1.570796
 62 0.549397 -0.000001 -0.000000 0.000000 0.000000 3.141593
 63 -4.005995 1.218111 -3.518840 0.189200 2.999043 -0.521700
 64 15.353559 0.000004 0.000001 -0.000000 0.000000 -0.752289
 65 19.266842 -0.000001 -0.000000 -0.075120 -0.081854 0.379365
 66 4.212046 5.420720 0.000000 -0.000000 -0.000000 1.570796
 67 0.549399 0.000000 -0.000000 0.000000 0.000000 0.000000
 68 -38.836464 -1.519707 -0.000051 3.141593 -1.570796 0.000000
time 7
  0 -1.047236 -47.939034 37.829601 0.002523 -0.162893 -1.367919
  1 -5.915409 -0.090795 -35.992744 0.159107 0.035154 1.370516
  2 -0.570397 0.163433 -0.000001 0.000000 -1.610200 -1.570795
  3 4.209056 -0.003695 -0.165113 -0.217007 0.056852 0.064227
  4 4.761447 -0.003787 0.000000 0.000000 0.000000 0.000000
  5 4.761496 -0.003786 0.000179 -0.047127 0.002578 0.013871
  6 4.761495 -0.003788 0.000179 -0.047127 0.002578 0.013871
  7 4.762265 -0.002030 -0.000000 -0.000000 -0.000001 0.383972
  8 2.746990 0.000001 0.000000 0.131089 0.075403 -0.335348
  9 9.156625 -0.000002 -0.000000 0.000000 0.000000 0.000000
 10 0.000002 0.002193 -1.281928 -0.227038 0.941790 2.572146
 11 7.285011 0.000002 0.000000 -0.658916 -0.619157 0.898956
 12 12.718710 -0.000001 -0.000000 -0.000000 0.000000 -0.536633
 13 10.221163 0.000002 -0.000001 1.589091 -0.016028 -0.009134
 14 1.389919 -0.447519 1.936564 -0.210439 -0.761471 0.314906
 15 1.208672 0.000000 -0.000001 0.000000 0.000000 0.000000
 16 1.208677 0.000000 -0.000001 0.000000 0.000000 0.000000
 17 1.208677 -0.000000 -0.000001 0.000000 0.000000 3.141593
 18 3.507808 -0.429743 1.193335 0.022860 -0.225875 -0.088311
 19 1.560291 0.000001 0.000002 0.000000 0.000000 0.000000
 20 1.560288 -0.000001 -0.000001 0.000000 0.000000 0.000000
 21 1.560290 0.000000 -0.000000 0.000000 0.000000 3.141593
 22 3.044311 -0.436517 0.176985 0.140338 -0.004885 0.034563
 23 1.820337 -0.000001 -0.000002 0.000000 0.000000 0.000000
 24 1.820340 0.000000 0.000001 0.000000 0.000000 0.000000
 25 1.820339 0.000001 0.000001 0.000000 0.000000 3.141593
 26 3.330765 -0.128977 -0.727984 0.013106 0.174047 0.071026
 27 1.560292 0.000001 0.000001 0.000000 0.000000 0.000000
 28 1.560287 -0.000001 0.000003 0.000000 0.000000 0.000000
 29 1.560290 -0.000000 -0.000001 0.000000 0.000000 3.141593
 30 3.208163 0.466231 -1.931734 0.024854 0.330715 0.074094
 31 1.300243 0.000000 0.000003 0.000000 0.000000 0.000000
 32 1.300241 -0.000000 -0.000003 0.000000 0.000000 0.000000
 33 1.300240 -0.000000 -0.000002 0.000000 0.000000 3.141593
 34 0.000001 0.002187 1.281928 0.470067 -1.227881 2.310548
 35 7.285012 0.000001 0.000000 0.164755 0.779843 -0.010205
 36 12.538440 0.000001 -0.000000 0.000000 -0.000000 -1.366012
 37 10.782777 -0.000002 0.000002 -1.594633 0.009967 -0.012250
 38 1.016387 0.059478 -2.003610 0.348822 0.790160 0.431299
 39 1.107954 -0.000007 -0.000001 0.000000 0.000000 0.000000
 40 1.107952 0.000003 -0.000000 0.000000 0.000000 0.000000
 41 1.107951 0.000004 -0.000000 0.000000 0.000000 0.000000
 42 3.077729 -0.144551 -1.412632 0.003835 0.209388 0.026587
 43 1.560289 -0.000000 -0.000000 0.000000 0.000000 0.000000
 44 1.560286 0.000002 -0.000001 0.000000 0.000000 0.000000
 45 1.560293 0.000001 0.000002 0.000000 0.000000 0.000000
 46 2.463500 0.093203 -0.291940 -0.000796 0.000000 0.000000
 47 1.820338 -0.000002 -0.000002 0.000000 0.000000 0.000000
 48 1.820331 0.000002 0.000001 0.000000 0.000000 0.000000
 49 1.820339 0.000000 -0.000000 0.000000 0.000000 0.000000
 50 3.016627 -0.086195 0.699124 -0.016172 -0.173791 0.088745
 51 1.560289 0.000002 0.000002 0.000000 0.000000 0.000000
 52 1.560290 -0.000004 -0.000004 0.000000 0.000000 0.000000
 53 1.560287 0.000000 0.000001 0.000000 0.000000 0.000000
 54 2.733752 0.442843 1.903231 -0.009342 -0.314026 0.027785
 55 1.300239 0.000003 0.000002 0.000000 0.000000 0.000000
 56 1.300241 -0.000003 0.000000 0.000000 0.000000 0.000000
 57 1.300239 0.000001 0.000000 0.000000 0.000000 0.000000
 58 -4.410862 -0.504010 3.557849 -0.220096 -3.099668 0.461509
 59 15.353562 -0.000002 0.000000 -0.000000 -0.000000 -0.478149
 60 19.266848 0.000001 0.000001 0.126296 0.323691 -0.366838
 61 4.212045 5.420721 -0.000000 -0.000000 0.000000 1.570796
 62 0.549398 -0.000001 -0.000000 0.000000 0.000000 3.141593
 63 -3.994618 1.070621 -3.584092 0.199417 2.999564 -0.450852
 64 15.353563 0.000002 -0.000000 -0.000000 -0.000000 -0.738187
 65 19.266846 0.000000 -0.000000 -0.075265 -0.091766 0.365323
 66 4.212047 5.420718 0.000000 -0.000000 0.000000 1.570796
 67 0.549395 0.000000 0.000001 0.000000 0.000000 0.000000
 68 -38.836464 -1.519711 -0.000049 3.141593 -1.570796 0.000000
time 8
  0 -1.185574 -50.452587 38.318867 0.003098 -0.158919 -1.414629
  1 -5.849745 -0.113078 -36.499008 0.156541 0.027677 1.416553
  2 -0.562287 0.196123 0.000001 -0.000002 -1.606729 -1.570795
  3 4.209596 -0.003729 -0.150678 -0.169815 0.057132 0.063313
  4 4.761439 -0.003784 -0.000000 0.000000 0.000000 0.000000
  5 4.761497 -0.003789 0.000140 -0.036980 0.003641 0.013660
  6 4.761504 -0.003790 0.000140 -0.036980 0.003641 0.013660
  7 4.762259 -0.002027 0.000000 -0.000000 -0.000001 0.383972
  8 2.746991 -0.000001 -0.000000 0.108760 0.069532 -0.312375
  9 9.156630 -0.000001 0.000000 0.000000 0.000000 0.000000
 10 0.000003 0.002188 -1.281928 -0.237551 0.948482 2.562572
 11 7.285013 -0.000003 -0.000001 -0.657971 -0.647265 0.820256
 12 12.718708 0.000003 0.000000 -0.000000 0.000000 -0.569444
 13 10.221167 0.000005 0.000001 1.588574 -0.013071 -0.008164
 14 1.389922 -0.447519 1.936560 -0.210439 -0.761471 0.314906
 15 1.208678 0.000000 -0.000001 0.000000 0.000000 0.000000
 16 1.208673 0.000001 -0.000003 0.000000 0.000000 0.000000
 17 1.208675 0.000000 0.000001 0.000000 0.000000 3.141593
 18 3.507810 -0.429742 1.193331 0.022860 -0.225875 -0.088311
 19 1.560292 0.000001 -0.000003 0.000000 0.000000 0.000000
 20 1.560289 0.000001 0.000004 0.000000 0.000000 0.000000
 21 1.560288 0.000001 -0.000001 0.000000 0.000000 3.141593
 22 3.044309 -0.436517 0.176982 0.140338 -0.004885 0.034563
 23 1.820339 -0.000000 0.000001 0.000000 0.000000 0.000000
 24 1.820338 -0.000000 0.000000 0.000000 0.000000 0.000000
 25 1.820338 -0.000000 -0.000001 0.000000 0.000000 3.141593
 26 3.330763 -0.128977 -0.727984 0.013106 0.174047 0.071026
 27 1.560288 -0.000001 0.000004 0.000000 0.000000 0.000000
 28 1.560291 0.000001 -0.000001 0.000000 0.000000 0.000000
 29 1.560289 0.000000 -0.000002 0.000000 0.000000 3.141593
 30 3.208162 0.466231 -1.931737 0.024854 0.330715 0.074094
 31 1.300241 -0.000001 0.000002 0.000000 0.000000 0.000000
 32 1.300243 0.000000 0.000001 0.000000 0.000000 0.000000
 33 1.300240 0.000000 0.000001 0.000000 0.000000 3.141593
 34 0.000004 0.002182 1.281928 0.447724 -1.222578 2.332783
 35 7.285012 -0.000001 0.000002 0.253808 0.841224 0.050839
 36 12.538440 -0.000001 0.000000 -0.000000 -0.000000 -1.247313
 37 10.782777 -0.000003 0.000001 -1.588120 0.005588 -0.019823
 38 1.016387 0.059479 -2.003611 0.348822 0.790160 0.431299
 39 1.107949 -0.000001 -0.000002 0.000000 0.000000 0.000000
 40 1.107952 0.000000 0.000003 0.000000 0.000000 0.000000
 41 1.107953 -0.000001 0.000000 0.000000 0.000000 0.000000
 42 3.077732 -0.144550 -1.412632 0.003835 0.209388 0.026587
 43 1.560286 0.000001 0.000003 0.000000 0.000000 0.000000
 44 1.560287 -0.000000 -0.000003 0.000000 0.000000 0.000000
 45 1.560289 -0.000001 -0.000001 0.000000 0.000000 0.000000
 46 2.463504 0.093204 -0.291940 -0.000796 0.000000 0.000000
 47 1.820325 0.000004 0.000002 0.000000 0.000000 0.000000
 48 1.820343 0.000000 0.000003 0.000000 0.000000 0.000000
 49 1.820340 -0.000002 -0.000002 0.000000 0.000000 0.000000
 50 3.016621 -0.086192 0.699122 -0.016172 -0.173791 0.088745
 51 1.560288 0.000000 -0.000001 0.000000 0.000000 0.000000
 52 1.560295 -0.000003 -0.000002 0.000000 0.000000 0.000000
 53 1.560287 0.000002 0.000002 0.000000 0.000000 0.000000
 54 2.733749 0.442847 1.903231 -0.009342 -0.314026 0.027785
 55 1.300240 0.000001 0.000001 0.000000 0.000000 0.000000
 56 1.300242 -0.000000 0.000000 0.000000 0.000000 0.000000
 57 1.300240 0.000000 0.000001 0.000000 0.000000 0.000000
 58 -4.411823 -0.336674 3.561563 -0.234184 -3.020262 0.179526
 59 15.353559 0.000001 -0.000000 -0.000000 -0.000000 -0.825296
 60 19.266844 0.000000 0.000001 0.058019 0.165347 -0.181659
 61 4.212046 5.420721 0.000000 -0.000000 0.000000 1.570796
 62 0.549398 -0.000001 -0.000000 0.000000 0.000000 3.141593
 63 -3.993538 0.899273 -3.646594 0.211366 3.005359 -0.360774
 64 15.353560 0.000001 -0.000001 -0.000000 -0.000000 -0.689035
 65 19.266842 0.000002 0.000000 -0.075895 -0.101234 0.335065
 66 4.212047 5.420719 0.000000 -0.000000 0.000000 1.570796
 67 0.549399 -0.000000 -0.000000 0.000000 0.000000 0.000000
 68 -38.836464 -1.519707 -0.000050 3.141593 -1.570796 0.000000
time 9
  0 -1.314774 -52.947407 38.799362 0.003420 -0.153481 -1.464472
  1 -5.724635 -0.126569 -37.005089 0.152269 0.019626 1.465706
  2 -0.546044 0.231811 -0.000001 -3.141591 -1.539917 1.570796
  3 4.210293 -0.003755 -0.129594 -0.118961 0.056174 0.061472
  4 4.761442 -0.003786 -0.000000 0.000000 0.000000 0.000000
  5 4.761497 -0.003793 0.000098 -0.026021 0.004801 0.013218
  6 4.761497 -0.003790 0.000099 -0.026021 0.004801 0.013218
  7 4.762265 -0.002027 -0.000000 -0.000000 -0.000001 0.383972
  8 2.746991 -0.000001 0.000000 0.087508 0.063827 -0.272752
  9 9.156624 -0.000001 -0.000000 0.000000 0.000000 0.000000
 10 0.000003 0.002189 -1.281928 -0.249408 0.959184 2.551232
 11 7.285013 0.000001 -0.000000 -0.648949 -0.674749 0.695593
 12 12.718715 0.000000 -0.000001 -0.000000 -0.000000 -0.617501
 13 10.221164 0.000002 0.000000 1.588048 -0.009383 -0.006906
 14 1.389920 -0.447519 1.936566 -0.210439 -0.761471 0.314906
 15 1.208674 -0.000000 -0.000001 0.000000 0.000000 0.000000
 16 1.208675 -0.000001 0.000003 0.000000 0.000000 0.000000
 17 1.208675 -0.000000 -0.000001 0.000000 0.000000 3.141593
 18 3.507811 -0.429743 1.193336 0.022860 -0.225875 -0.088311
 19 1.560287 0.000001 0.000005 0.000000 0.000000 0.000000
 20 1.560289 0.000000 -0.000000 0.000000 0.000000 0.000000
 21 1.560289 0.000000 -0.000001 0.000000 0.000000 3.141593
 22 3.044311 -0.436517 0.176985 0.140338 -0.004885 0.034563
 23 1.820333 0.000001 -0.000001 0.000000 0.000000 0.000000
 24 1.820338 -0.000001 0.000000 0.000000 0.000000 0.000000
 25 1.820337 -0.000000 0.000002 0.000000 0.000000 3.141593
 26 3.330763 -0.128976 -0.727984 0.013106 0.174047 0.071026
 27 1.560287 0.000001 -0.000000 0.000000 0.000000 0.000000
 28 1.560288 0.000000 0.000003 0.000000 0.000000 0.000000
 29 1.560290 -0.000000 -0.000002 0.000000 0.000000 3.141593
 30 3.208160 0.466231 -1.931736 0.024854 0.330715 0.074094
 31 1.300239 0.000001 -0.000001 0.000000 0.000000 0.000000
 32 1.300240 0.000000 -0.000001 0.000000 0.000000 0.000000
 33 1.300242 -0.000000 -0.000001 0.000000 0.000000 3.141593
 34 0.000002 0.002183 1.281928 0.425994 -1.213050 2.354910
 35 7.285013 -0.000002 0.000001 0.359930 0.896340 0.135806
 36 12.538441 0.000000 0.000001 -0.000000 -0.000000 -1.112836
 37 10.782775 -0.000000 -0.000001 -1.581552 0.001439 -0.027924
 38 1.016393 0.059476 -2.003611 0.348822 0.790160 0.431299
 39 1.107955 -0.000002 0.000003 0.000000 0.000000 0.000000
 40 1.107948 0.000004 -0.000003 0.000000 0.000000 0.000000
 41 1.107951 0.000001 -0.000002 0.000000 0.000000 0.000000
 42 3.077730 -0.144549 -1.412629 0.003835 0.209388 0.026587
 43 1.560291 0.000002 0.000001 0.000000 0.000000 0.000000
 44 1.560289 0.000000 -0.000000 0.000000 0.000000 0.000000
 45 1.560291 -0.000001 -0.000002 0.000000 0.000000 0.000000
 46 2.463498 0.093205 -0.291937 -0.000796 -0.000000 -0.000000
 47 1.820337 -0.000000 -0.000000 0.000000 0.000000 0.000000
 48 1.820339 0.000001 0.000002 0.000000 0.000000 0.000000
 49 1.820337 -0.000000 -0.000002 0.000000 0.000000 0.000000
 50 3.016631 -0.086195 0.699125 -0.016172 -0.173791 0.088745
 51 1.560290 0.000001 0.000002 0.000000 0.000000 0.000000
 52 1.560287 0.000001 -0.000002 0.000000 0.000000 0.000000
 53 1.560287 0.000001 0.000001 0.000000 0.000000 0.000000
 54 2.733753 0.442845 1.903235 -0.009342 -0.314026 0.027785
 55 1.300240 -0.000002 -0.000001 0.000000 0.000000 0.000000
 56 1.300243 0.000001 0.000000 0.000000 0.000000 0.000000
 57 1.300242 0.000001 0.000001 0.000000 0.000000 0.000000
 58 -4.408401 -0.160807 3.556389 -0.234623 -2.973484 -0.055015
 59 15.353561 0.000002 -0.000001 0.000000 -0.000000 -1.057730
 60 19.266842 0.000003 0.000001 -0.015925 0.049232 0.021701
 61 4.212045 5.420722 0.000001 -0.000000 -0.000000 1.570796
 62 0.549399 0.000001 0.000000 0.000000 0.000000 3.141593
 63 -3.997121 0.707187 -3.705670 0.220953 3.014580 -0.253294
 64 15.353559 0.000000 0.000000 -0.000000 0.000000 -0.615900
 65 19.266844 0.000002 -0.000000 -0.074232 -0.087025 0.346320
 66 4.212046 5.420719 -0.000000 -0.000000 0.000000 1.570796
 67 0.549397 -0.000000 0.000000 0.000000 0.000000 0.000000
 68 -38.836464 -1.519707 -0.000050 -3.141593 -1.570796 0.000000
time 10
  0 -1.431876 -55.430111 39.211945 0.003396 -0.147412 -1.515685
  1 -5.560547 -0.127168 -37.447258 0.147006 0.011482 1.516280
  2 -0.526413 0.268828 -0.000001 0.000000 -1.595761 -1.570793
  3 4.210963 -0.003776 -0.104887 -0.066078 0.054498 0.059231
  4 4.761446 -0.003788 -0.000000 0.000000 0.000000 0.000000
  5 4.761493 -0.003789 0.000055 -0.014618 0.005990 0.012652
  6 4.761488 -0.003796 0.000055 -0.014617 0.005990 0.012652
  7 4.762263 -0.002024 0.000000 -0.000000 -0.000001 0.383972
  8 2.746989 -0.000002 -0.000000 0.066919 0.059637 -0.232999
  9 9.156624 -0.000001 -0.000000 0.000000 0.000000 0.000000
 10 -0.000000 0.002188 -1.281928 -0.261150 0.973440 2.539346
 11 7.285013 -0.000002 0.000003 -0.607684 -0.699320 0.564171
 12 12.718716 -0.000000 -0.000001 0.000000 -0.000000 -0.673128
 13 10.221165 0.000003 0.000002 1.588456 -0.007524 -0.006482
 14 1.389921 -0.447519 1.936564 -0.210439 -0.761471 0.314906
 15 1.208675 -0.000002 0.000005 0.000000 0.000000 0.000000
 16 1.208673 -0.000001 -0.000001 0.000000 0.000000 0.000000
 17 1.208674 -0.000001 -0.000003 0.000000 0.000000 3.141593
 18 3.507810 -0.429743 1.193336 0.022860 -0.225875 -0.088311
 19 1.560290 0.000000 0.000001 0.000000 0.000000 0.000000
 20 1.560286 0.000000 0.000002 0.000000 0.000000 0.000000
 21 1.560289 0.000001 -0.000002 0.000000 0.000000 3.141593
 22 3.044312 -0.436516 0.176983 0.140338 -0.004885 0.034563
 23 1.820333 -0.000000 0.000000 0.000000 0.000000 0.000000
 24 1.820338 -0.000000 0.000001 0.000000 0.000000 0.000000
 25 1.820339 0.000000 0.000003 0.000000 0.000000 3.141593
 26 3.330765 -0.128977 -0.727983 0.013106 0.174047 0.071026
 27 1.560288 -0.000001 0.000000 0.000000 0.000000 0.000000
 28 1.560289 0.000002 -0.000002 0.000000 0.000000 0.000000
 29 1.560288 0.000000 0.000002 0.000000 0.000000 3.141593
 30 3.208163 0.466231 -1.931737 0.024854 0.330715 0.074094
 31 1.300241 -0.000000 -0.000002 0.000000 0.000000 0.000000
 32 1.300242 -0.000000 0.000003 0.000000 0.000000 0.000000
 33 1.300241 -0.000001 0.000001 0.000000 0.000000 3.141593
 34 -0.000002 0.002182 1.281928 0.406455 -1.197969 2.375582
 35 7.285011 0.000002 0.000000 0.476437 0.928733 0.243502
 36 12.538439 0.000001 -0.000000 0.000000 -0.000000 -0.984664
 37 10.782776 0.000001 -0.000001 -1.576362 -0.001694 -0.034763
 38 1.016387 0.059478 -2.003608 0.348822 0.790160 0.431299
 39 1.107951 0.000001 -0.000001 0.000000 0.000000 0.000000
 40 1.107952 0.000001 0.000002 0.000000 0.000000 0.000000
 41 1.107952 0.000001 0.000002 0.000000 0.000000 0.000000
 42 3.077732 -0.144553 -1.412631 0.003835 0.209388 0.026587
 43 1.560292 -0.000000 0.000003 0.000000 0.000000 0.000000
 44 1.560289 -0.000001 -0.000002 0.000000 0.000000 0.000000
 45 1.560290 -0.000001 0.000000 0.000000 0.000000 0.000000
 46 2.463500 0.093203 -0.291936 -0.000796 -0.000000 -0.000000
 47 1.820339 0.000001 -0.000002 0.000000 0.000000 0.000000
 48 1.820341 -0.000002 -0.000005 0.000000 0.000000 0.000000
 49 1.820335 -0.000001 0.000000 0.000000 0.000000 0.000000
 50 3.016625 -0.086194 0.699129 -0.016172 -0.173791 0.088745
 51 1.560288 0.000001 -0.000001 0.000000 0.000000 0.000000
 52 1.560292 0.000001 0.000000 0.000000 0.000000 0.000000
 53 1.560289 0.000001 -0.000001 0.000000 0.000000 0.000000
 54 2.733756 0.442842 1.903234 -0.009342 -0.314026 0.027785
 55 1.300239 0.000003 0.000003 0.000000 0.000000 0.000000
 56 1.300241 -0.000001 -0.000001 0.000000 0.000000 0.000000
 57 1.300241 -0.000002 -0.000002 0.000000 0.000000 0.000000
 58 -4.402345 0.019210 3.541981 -0.261584 -2.971443 -0.168248
 59 15.353563 0.000001 0.000000 -0.000000 0.000000 -1.065658
 60 19.266846 -0.000001 -0.000000 -0.041442 0.036177 0.186016
 61 4.212046 5.420721 -0.000000 -0.000000 0.000000 1.570796
 62 0.549398 -0.000001 -0.000000 0.000000 0.000000 3.141593
 63 -4.003320 0.502171 -3.756483 0.225399 3.029702 -0.132857
 64 15.353559 -0.000001 0.000000 -0.000000 0.000000 -0.514215
 65 19.266844 0.000000 -0.000001 -0.065173 -0.073571 0.342714
 66 4.212046 5.420722 0.000000 -0.000000 0.000000 1.570796
 67 0.549396 0.000000 -0.000000 0.000000 0.000000 0.000000
 68 -38.836464 -1.519709 -0.000049 3.141593 -1.570796 0.000000
time 11
  0 -1.533919 -57.907299 39.497284 0.003033 -0.141550 -1.566523
  1 -5.381175 -0.114536 -37.761738 0.141536 0.003636 1.566566
  2 -0.507787 0.304951 0.000000 0.000000 -1.589701 -1.570792
  3 4.211505 -0.003787 -0.079584 -0.012809 0.052570 0.057078
  4 4.761445 -0.003783 0.000000 0.000000 0.000000 0.000000
  5 4.761493 -0.003792 0.000012 -0.003134 0.007140 0.012067
  6 4.761486 -0.003792 0.000012 -0.003134 0.007140 0.012067
  7 4.762269 -0.002029 0.000000 -0.000000 -0.000001 0.383972
  8 2.746993 -0.000001 0.000000 0.046624 0.055051 -0.209573
  9 9.156631 -0.000001 -0.000000 0.000000 0.000000 0.000000
 10 0.000000 0.002191 -1.281928 -0.270590 0.992818 2.528538
 11 7.285011 -0.000001 -0.000002 -0.527294 -0.713847 0.438848
 12 12.718716 -0.000003 -0.000003 -0.000000 -0.000000 -0.737428
 13 10.221161 0.000004 0.000003 1.590324 -0.008977 -0.007393
 14 1.389919 -0.447518 1.936565 -0.210439 -0.761471 0.314906
 15 1.208676 -0.000000 0.000002 0.000000 0.000000 0.000000
 16 1.208674 0.000000 -0.000003 0.000000 0.000000 0.000000
 17 1.208673 0.000000 -0.000001 0.000000 0.000000 3.141593
 18 3.507810 -0.429742 1.193335 0.022860 -0.225875 -0.088311
 19 1.560290 -0.000001 0.000003 0.000000 0.000000 0.000000
 20 1.560287 0.000000 -0.000001 0.000000 0.000000 0.000000
 21 1.560287 0.000000 -0.000002 0.000000 0.000000 3.141593
 22 3.044308 -0.436517 0.176987 0.140338 -0.004885 0.034563
 23 1.820336 -0.000000 0.000001 0.000000 0.000000 0.000000
 24 1.820336 0.000000 -0.000001 0.000000 0.000000 0.000000
 25 1.820338 0.000000 -0.000000 0.000000 0.000000 3.141593
 26 3.330764 -0.128975 -0.727983 0.013106 0.174047 0.071026
 27 1.560286 0.000002 -0.000000 0.000000 0.000000 0.000000
 28 1.560290 -0.000003 0.000001 0.000000 0.000000 0.000000
 29 1.560290 0.000001 0.000002 0.000000 0.000000 3.141593
 30 3.208160 0.466232 -1.931735 0.024854 0.330715 0.074094
 31 1.300242 -0.000000 -0.000003 0.000000 0.000000 0.000000
 32 1.300239 -0.000001 0.000003 0.000000 0.000000 0.000000
 33 1.300240 -0.000001 -0.000000 0.000000 0.000000 3.141593
 34 0.000002 0.002186 1.281928 0.394233 -1.169180 2.391136
 35 7.285012 0.000001 -0.000003 0.566163 0.929012 0.366340
 36 12.538441 -0.000003 0.000002 0.000000 -0.000000 -0.852238
 37 10.782776 0.000001 0.000000 -1.573696 -0.002724 -0.039842
 38 1.016386 0.059482 -2.003609 0.348822 0.790160 0.431299
 39 1.107954 -0.000004 -0.000004 0.000000 0.000000 0.000000
 40 1.107952 -0.000001 0.000001 0.000000 0.000000 0.000000
 41 1.107954 -0.000002 0.000002 0.000000 0.000000 0.000000
 42 3.077733 -0.144550 -1.412634 0.003835 0.209388 0.026587
 43 1.560285 0.000004 0.000003 0.000000 0.000000 0.000000
 44 1.560290 -0.000002 -0.000002 0.000000 0.000000 0.000000
 45 1.560290 -0.000003 -0.000000 0.000000 0.000000 0.000000
 46 2.463499 0.093207 -0.291938 -0.000796 0.000000 0.000000
 47 1.820343 -0.000002 -0.000006 0.000000 0.000000 0.000000
 48 1.820336 -0.000002 0.000003 0.000000 0.000000 0.000000
 49 1.820336 -0.000001 0.000000 0.000000 0.000000 0.000000
 50 3.016629 -0.086192 0.699122 -0.016172 -0.173791 0.088745
 51 1.560290 -0.000002 -0.000002 0.000000 0.000000 0.000000
 52 1.560288 0.000002 0.000009 0.000000 0.000000 0.000000
 53 1.560290 -0.000004 -0.000002 0.000000 0.000000 0.000000
 54 2.733755 0.442848 1.903232 -0.009342 -0.314026 0.027785
 55 1.300244 -0.000002 -0.000002 0.000000 0.000000 0.000000
 56 1.300239 0.000002 0.000002 0.000000 0.000000 0.000000
 57 1.300239 -0.000001 -0.000001 0.000000 0.000000 0.000000
 58 -4.395268 0.198985 3.518979 -0.302502 -2.989216 -0.227298
 59 15.353565 -0.000000 0.000000 0.000000 0.000000 -0.958872
 60 19.266846 -0.000001 -0.000001 -0.019412 0.030152 0.361689
 61 4.212048 5.420722 -0.000001 -0.000000 -0.000000 1.570796
 62 0.549395 -0.000000 -0.000001 0.000000 0.000000 3.141593
 63 -4.010351 0.292672 -3.795604 0.228681 3.049270 0.002881
 64 15.353561 0.000001 0.000000 -0.000000 -0.000000 -0.381035
 65 19.266846 -0.000000 -0.000001 -0.053697 -0.060970 0.322331
 66 4.212047 5.420721 -0.000000 -0.000000 0.000000 1.570796
 67 0.549398 -0.000000 0.000000 0.000000 0.000000 0.000000
 68 -38.836464 -1.519706 -0.000050 -3.141593 -1.570796 0.000000
time 12
  0 -1.617940 -60.385586 39.595783 0.002444 -0.136725 -1.615254
  1 -5.212356 -0.092610 -37.884903 0.136699 -0.003615 1.614839
  2 -0.494134 0.337399 0.000001 0.000000 -1.584222 -1.570792
  3 4.211861 -0.003778 -0.056714 0.039185 0.050800 0.055459
  4 4.761443 -0.003790 0.000000 0.000000 0.000000 0.000000
  5 4.761487 -0.003793 -0.000031 0.008064 0.008177 0.011565
  6 4.761487 -0.003792 -0.000030 0.008064 0.008177 0.011565
  7 4.762271 -0.002031 0.000000 -0.000000 -0.000001 0.383972
  8 2.746993 -0.000001 0.000000 0.031764 0.043312 -0.209613
  9 9.156624 0.000001 0.000000 0.000000 0.000000 0.000000
 10 0.000000 0.002195 -1.281928 -0.280324 1.015781 2.516850
 11 7.285012 0.000003 0.000002 -0.423456 -0.713901 0.310032
 12 12.718716 -0.000002 0.000003 -0.000000 -0.000000 -0.809298
 13 10.221162 0.000002 0.000000 1.593128 -0.012254 -0.009147
 14 1.389917 -0.447517 1.936562 -0.210439 -0.761471 0.314906
 15 1.208676 -0.000001 0.000002 0.000000 0.000000 0.000000
 16 1.208676 -0.000001 0.000000 0.000000 0.000000 0.000000
 17 1.208676 -0.000001 -0.000001 0.000000 0.000000 3.141593
 18 3.507812 -0.429743 1.193335 0.022860 -0.225875 -0.088311
 19 1.560290 0.000003 -0.000001 0.000000 0.000000 0.000000
 20 1.560287 -0.000001 -0.000001 0.000000 0.000000 0.000000
 21 1.560287 -0.000001 -0.000001 0.000000 0.000000 3.141593
 22 3.044309 -0.436516 0.176984 0.140338 -0.004885 0.034563
 23 1.820342 -0.000001 -0.000000 0.000000 0.000000 0.000000
 24 1.820336 0.000001 -0.000002 0.000000 0.000000 0.000000
 25 1.820335 -0.000000 -0.000003 0.000000 0.000000 3.141593
 26 3.330763 -0.128975 -0.727987 0.013106 0.174047 0.071026
 27 1.560289 0.000002 0.000001 0.000000 0.000000 0.000000
 28 1.560289 0.000001 0.000001 0.000000 0.000000 0.000000
 29 1.560289 0.000001 0.000001 0.000000 0.000000 3.141593
 30 3.208163 0.466230 -1.931733 0.024854 0.330715 0.074094
 31 1.300237 0.000001 -0.000006 0.000000 0.000000 0.000000
 32 1.300241 -0.000001 0.000005 0.000000 0.000000 0.000000
 33 1.300243 -0.000002 0.000004 0.000000 0.000000 3.141593
 34 -0.000002 0.002185 1.281927 0.385683 -1.131598 2.404659
 35 7.285012 -0.000003 -0.000002 0.626257 0.909714 0.489044
 36 12.538441 -0.000001 -0.000002 0.000000 0.000000 -0.717935
 37 10.782779 -0.000000 0.000001 -1.572690 -0.002502 -0.043688
 38 1.016390 0.059478 -2.003609 0.348822 0.790160 0.431299
 39 1.107950 -0.000000 0.000004 0.000000 0.000000 0.000000
 40 1.107952 -0.000001 -0.000001 0.000000 0.000000 0.000000
 41 1.107953 -0.000003 -0.000003 0.000000 0.000000 0.000000
 42 3.077729 -0.144549 -1.412627 0.003835 0.209388 0.026587
 43 1.560290 0.000001 0.000001 0.000000 0.000000 0.000000
 44 1.560289 0.000001 0.000001 0.000000 0.000000 0.000000
 45 1.560289 0.000000 0.000002 0.000000 0.000000 0.000000
 46 2.463500 0.093204 -0.291938 -0.000796 -0.000000 0.000000
 47 1.820339 -0.000000 -0.000004 0.000000 0.000000 0.000000
 48 1.820334 0.000002 0.000006 0.000000 0.000000 0.000000
 49 1.820339 -0.000003 -0.000004 0.000000 0.000000 0.000000
 50 3.016629 -0.086193 0.699125 -0.016172 -0.173791 0.088745
 51 1.560288 0.000001 0.000000 0.000000 0.000000 0.000000
 52 1.560289 0.000001 0.000001 0.000000 0.000000 0.000000
 53 1.560287 0.000001 0.000000 0.000000 0.000000 0.000000
 54 2.733753 0.442844 1.903234 -0.009342 -0.314026 0.027785
 55 1.300237 0.000002 0.000000 0.000000 0.000000 0.000000
 56 1.300242 0.000001 -0.000001 0.000000 0.000000 0.000000
 57 1.300242 0.000000 -0.000002 0.000000 0.000000 0.000000
 58 -4.388624 0.374217 3.489053 -0.319634 -3.009137 -0.283102
 59 15.353563 -0.000002 -0.000000 0.000000 -0.000000 -0.832084
 60 19.266844 0.000002 0.000000 0.009457 0.004314 0.478780
 61 4.212047 5.420723 0.000001 -0.000000 0.000000 1.570796
 62 0.549397 0.000000 0.000000 0.000000 0.000000 3.141593
 63 -4.016650 0.087603 -3.821182 0.236198 3.076056 0.169793
 64 15.353562 0.000001 0.000000 0.000000 -0.000000 -0.188950
 65 19.266850 0.000002 -0.000000 -0.045326 -0.048296 0.272632
 66 4.212046 5.420719 -0.000000 -0.000000 0.000000 1.570796
 67 0.549397 -0.000000 0.000000 0.000000 0.000000 0.000000
 68 -38.836464 -1.519708 -0.000050 3.141593 -1.570796 0.000000
time 13
  0 -1.680980 -62.871586 39.423218 0.001836 -0.133754 -1.660157
  1 -5.076773 -0.069253 -37.729244 0.133389 -0.010073 1.659361
  2 -0.488956 0.362914 -0.000000 0.000000 -1.580048 -1.570789
  3 4.212053 -0.003772 -0.039308 0.088235 0.049553 0.054772
  4 4.761447 -0.003784 0.000000 0.000000 0.000000 0.000000
  5 4.761484 -0.003790 -0.000071 0.018611 0.009028 0.011248
  6 4.761485 -0.003793 -0.000071 0.018611 0.009028 0.011248
  7 4.762269 -0.002029 -0.000000 -0.000000 -0.000001 0.383972
  8 2.746991 -0.000000 0.000000 0.025325 0.024221 -0.223477
  9 9.156627 -0.000000 -0.000000 0.000000 0.000000 0.000000
 10 -0.000003 0.002191 -1.281928 -0.296254 1.037151 2.499839
 11 7.285014 0.000000 0.000002 -0.311117 -0.702534 0.185610
 12 12.718716 0.000000 0.000002 0.000000 0.000000 -0.877750
 13 10.221162 0.000000 -0.000001 1.596224 -0.015462 -0.011374
 14 1.389922 -0.447518 1.936563 -0.210439 -0.761471 0.314906
 15 1.208672 0.000003 0.000003 0.000000 0.000000 0.000000
 16 1.208678 -0.000002 -0.000001 0.000000 0.000000 0.000000
 17 1.208677 -0.000003 -0.000002 0.000000 0.000000 3.141593
 18 3.507809 -0.429743 1.193333 0.022860 -0.225875 -0.088311
 19 1.560285 -0.000000 -0.000004 0.000000 0.000000 0.000000
 20 1.560292 -0.000002 0.000004 0.000000 0.000000 0.000000
 21 1.560293 0.000001 0.000002 0.000000 0.000000 3.141593
 22 3.044309 -0.436517 0.176985 0.140338 -0.004885 0.034563
 23 1.820341 -0.000003 0.000002 0.000000 0.000000 0.000000
 24 1.820337 0.000002 -0.000002 0.000000 0.000000 0.000000
 25 1.820336 0.000003 -0.000003 0.000000 0.000000 3.141593
 26 3.330763 -0.128978 -0.727983 0.013106 0.174047 0.071026
 27 1.560291 0.000001 -0.000001 0.000000 0.000000 0.000000
 28 1.560288 0.000001 -0.000001 0.000000 0.000000 0.000000
 29 1.560288 0.000001 -0.000000 0.000000 0.000000 3.141593
 30 3.208160 0.466231 -1.931736 0.024854 0.330715 0.074094
 31 1.300241 0.000000 -0.000004 0.000000 0.000000 0.000000
 32 1.300244 -0.000003 0.000008 0.000000 0.000000 0.000000
 33 1.300241 0.000002 -0.000001 0.000000 0.000000 3.141593
 34 -0.000004 0.002184 1.281928 0.369605 -1.103270 2.423865
 35 7.285014 0.000000 -0.000001 0.702002 0.882772 0.597801
 36 12.538436 0.000001 0.000000 0.000000 -0.000000 -0.623236
 37 10.782778 0.000000 0.000001 -1.571759 -0.003169 -0.046041
 38 1.016388 0.059479 -2.003613 0.348822 0.790160 0.431299
 39 1.107953 -0.000001 -0.000001 0.000000 0.000000 0.000000
 40 1.107949 -0.000001 -0.000000 0.000000 0.000000 0.000000
 41 1.107950 0.000001 0.000000 0.000000 0.000000 0.000000
 42 3.077730 -0.144550 -1.412633 0.003835 0.209388 0.026587
 43 1.560287 -0.000001 -0.000002 0.000000 0.000000 0.000000
 44 1.560291 -0.000000 -0.000001 0.000000 0.000000 0.000000
 45 1.560289 0.000000 -0.000001 0.000000 0.000000 0.000000
 46 2.463499 0.093204 -0.291942 -0.000796 0.000000 -0.000000
 47 1.820336 -0.000001 -0.000000 0.000000 0.000000 0.000000
 48 1.820338 -0.000002 -0.000003 0.000000 0.000000 0.000000
 49 1.820337 0.000002 0.000001 0.000000 0.000000 0.000000
 50 3.016628 -0.086193 0.699123 -0.016172 -0.173791 0.088745
 51 1.560291 -0.000000 0.000000 0.000000 0.000000 0.000000
 52 1.560284 -0.000001 -0.000003 0.000000 0.000000 0.000000
 53 1.560289 0.000001 0.000001 0.000000 0.000000 0.000000
 54 2.733755 0.442845 1.903231 -0.009342 -0.314026 0.027785
 55 1.300243 0.000001 -0.000002 0.000000 0.000000 0.000000
 56 1.300239 0.000001 0.000000 0.000000 0.000000 0.000000
 57 1.300238 0.000001 0.000002 0.000000 0.000000 0.000000
 58 -4.383746 0.540913 3.454879 -0.293627 -3.031822 -0.355590
 59 15.353566 -0.000002 0.000000 -0.000000 0.000000 -0.685927
 60 19.266846 -0.000001 0.000000 0.011769 -0.019387 0.502065
 61 4.212048 5.420722 0.000000 -0.000000 0.000000 1.570796
 62 0.549395 0.000000 0.000000 0.000000 0.000000 3.141593
 63 -4.020891 -0.103819 -3.832969 0.242083 3.102451 0.324895
 64 15.353559 0.000002 -0.000000 0.000000 0.000000 -0.024395
 65 19.266846 -0.000002 0.000000 -0.037447 -0.049725 0.258798
 66 4.212047 5.420722 0.000000 -0.000000 -0.000000 1.570796
 67 0.549396 -0.000000 0.000000 0.000000 0.000000 0.000000
 68 -38.836464 -1.519708 -0.000050 -3.141593 -1.570796 0.000000
time 14
  0 -1.677093 -65.300797 39.003155 0.001339 -0.132698 -1.705660
  1 -4.981333 -0.049953 -37.318249 0.131685 -0.016464 1.704486
  2 -0.495366 0.377902 -0.000001 -0.000004 -1.577889 -1.570795
  3 4.212121 -0.003753 -0.030394 0.132665 0.049157 0.055375
  4 4.761449 -0.003791 -0.000000 0.000000 0.000000 0.000000
  5 4.761483 -0.003789 -0.000107 0.028142 0.009616 0.011213
  6 4.761488 -0.003793 -0.000107 0.028142 0.009616 0.011213
  7 4.762262 -0.002027 -0.000000 -0.000000 -0.000001 0.383972
  8 2.746990 -0.000002 0.000000 0.023465 0.004611 -0.243010
  9 9.156631 -0.000000 0.000000 0.000000 0.000000 0.000000
 10 0.000001 0.002192 -1.281928 -0.324370 1.055601 2.472170
 11 7.285011 0.000006 -0.000002 -0.183876 -0.680825 0.054705
 12 12.718711 0.000000 0.000001 -0.000000 0.000000 -0.940403
 13 10.221168 0.000000 0.000001 1.599691 -0.018224 -0.014227
 14 1.389920 -0.447517 1.936565 -0.210439 -0.761471 0.314906
 15 1.208676 -0.000001 0.000001 0.000000 0.000000 0.000000
 16 1.208677 -0.000001 0.000001 0.000000 0.000000 0.000000
 17 1.208677 -0.000002 -0.000001 0.000000 0.000000 3.141593
 18 3.507807 -0.429742 1.193335 0.022860 -0.225875 -0.088311
 19 1.560286 0.000004 -0.000004 0.000000 0.000000 0.000000
 20 1.560289 -0.000001 0.000001 0.000000 0.000000 0.000000
 21 1.560292 -0.000002 0.000003 0.000000 0.000000 3.141593
 22 3.044307 -0.436515 0.176984 0.140338 -0.004885 0.034563
 23 1.820332 -0.000000 -0.000000 0.000000 0.000000 0.000000
 24 1.820341 -0.000000 0.000001 0.000000 0.000000 0.000000
 25 1.820342 -0.000001 0.000002 0.000000 0.000000 3.141593
 26 3.330761 -0.128975 -0.727985 0.013106 0.174047 0.071026
 27 1.560289 -0.000002 -0.000001 0.000000 0.000000 0.000000
 28 1.560289 -0.000002 0.000000 0.000000 0.000000 0.000000
 29 1.560289 -0.000002 0.000001 0.000000 0.000000 3.141593
 30 3.208159 0.466231 -1.931733 0.024854 0.330715 0.074094
 31 1.300240 0.000000 0.000002 0.000000 0.000000 0.000000
 32 1.300247 -0.000001 0.000005 0.000000 0.000000 0.000000
 33 1.300239 -0.000001 -0.000003 0.000000 0.000000 3.141593
 34 0.000001 0.002182 1.281928 0.339714 -1.089110 2.453300
 35 7.285014 -0.000002 0.000002 0.812088 0.846005 0.695507
 36 12.538442 -0.000000 -0.000001 -0.000000 -0.000000 -0.581427
 37 10.782773 -0.000001 -0.000002 -1.570321 -0.005496 -0.046867
 38 1.016389 0.059480 -2.003603 0.348822 0.790160 0.431299
 39 1.107960 -0.000007 -0.000000 0.000000 0.000000 0.000000
 40 1.107950 0.000002 -0.000001 0.000000 0.000000 0.000000
 41 1.107950 0.000003 -0.000001 0.000000 0.000000 0.000000
 42 3.077732 -0.144551 -1.412629 0.003835 0.209388 0.026587
 43 1.560291 -0.000000 -0.000004 0.000000 0.000000 0.000000
 44 1.560283 0.000001 0.000007 0.000000 0.000000 0.000000
 45 1.560290 -0.000001 -0.000002 0.000000 0.000000 0.000000
 46 2.463502 0.093204 -0.291938 -0.000796 -0.000000 -0.000000
 47 1.820335 -0.000000 -0.000002 0.000000 0.000000 0.000000
 48 1.820336 -0.000001 -0.000002 0.000000 0.000000 0.000000
 49 1.820338 -0.000001 0.000002 0.000000 0.000000 0.000000
 50 3.016626 -0.086193 0.699127 -0.016172 -0.173791 0.088745
 51 1.560288 0.000001 -0.000003 0.000000 0.000000 0.000000
 52 1.560289 0.000001 0.000002 0.000000 0.000000 0.000000
 53 1.560288 0.000001 -0.000000 0.000000 0.000000 0.000000
 54 2.733753 0.442843 1.903232 -0.009342 -0.314026 0.027785
 55 1.300243 -0.000000 -0.000001 0.000000 0.000000 0.000000
 56 1.300238 0.000001 0.000002 0.000000 0.000000 0.000000
 57 1.300239 0.000000 -0.000003 0.000000 0.000000 0.000000
 58 -4.381851 0.695376 3.420009 -0.247996 -3.060238 -0.424739
 59 15.353563 0.000000 0.000000 0.000000 -0.000000 -0.519767
 60 19.266846 -0.000005 -0.000000 0.008723 -0.031179 0.470906
 61 4.212046 5.420720 -0.000000 -0.000000 0.000000 1.570796
 62 0.549396 -0.000001 0.000000 0.000000 0.000000 3.141593
 63 -4.021893 -0.272434 -3.832152 0.244087 3.103000 0.382127
 64 15.353562 -0.000000 0.000000 -0.000000 -0.000000 -0.038852
 65 19.266846 0.000001 -0.000001 -0.035413 -0.049766 0.321487
 66 4.212047 5.420720 0.000000 -0.000000 -0.000000 1.570796
 67 0.549400 -0.000000 -0.000000 0.000000 0.000000 0.000000
 68 -38.836464 -1.519713 -0.000050 3.141593 -1.570796 0.000000
time 15
  0 -1.585413 -67.669510 38.439167 0.000955 -0.132915 -1.754064
  1 -4.914699 -0.035099 -36.758167 0.130887 -0.023215 1.752479
  2 -0.529404 0.367251 -0.000000 -3.141588 -1.557020 1.570794
  3 4.211824 -0.003730 -0.058656 0.172450 0.054761 0.059094
  4 4.761446 -0.003797 0.000000 0.000000 0.000000 0.000000
  5 4.761486 -0.003783 -0.000139 0.036566 0.009621 0.011881
  6 4.761489 -0.003792 -0.000138 0.036566 0.009621 0.011881
  7 4.762262 -0.002021 -0.000001 -0.000000 -0.000001 0.383972
  8 2.746993 -0.000005 0.000001 0.020469 -0.005875 -0.263408
  9 9.156624 0.000002 -0.000000 0.000000 0.000000 0.000000
 10 0.000003 0.002182 -1.281927 -0.359888 1.071919 2.437702
 11 7.285012 -0.000002 -0.000002 -0.052608 -0.644843 -0.071124
 12 12.718711 0.000001 0.000002 0.000000 0.000000 -0.999638
 13 10.221163 -0.000003 -0.000001 1.603454 -0.020910 -0.017555
 14 1.389921 -0.447521 1.936566 -0.210439 -0.761471 0.314906
 15 1.208677 0.000001 0.000002 0.000000 0.000000 0.000000
 16 1.208673 0.000001 -0.000001 0.000000 0.000000 0.000000
 17 1.208677 0.000001 -0.000001 0.000000 0.000000 3.141593
 18 3.507808 -0.429745 1.193336 0.022860 -0.225875 -0.088311
 19 1.560297 -0.000001 -0.000002 0.000000 0.000000 0.000000
 20 1.560288 -0.000001 -0.000001 0.000000 0.000000 0.000000
 21 1.560286 -0.000002 -0.000000 0.000000 0.000000 3.141593
 22 3.044308 -0.436518 0.176985 0.140338 -0.004885 0.034563
 23 1.820336 -0.000002 0.000001 0.000000 0.000000 0.000000
 24 1.820337 0.000001 0.000003 0.000000 0.000000 0.000000
 25 1.820339 0.000001 -0.000001 0.000000 0.000000 3.141593
 26 3.330762 -0.128978 -0.727982 0.013106 0.174047 0.071026
 27 1.560284 0.000002 -0.000001 0.000000 0.000000 0.000000
 28 1.560290 -0.000001 0.000002 0.000000 0.000000 0.000000
 29 1.560290 -0.000002 -0.000001 0.000000 0.000000 3.141593
 30 3.208162 0.466229 -1.931736 0.024854 0.330715 0.074094
 31 1.300243 0.000000 -0.000005 0.000000 0.000000 0.000000
 32 1.300242 0.000000 0.000003 0.000000 0.000000 0.000000
 33 1.300239 -0.000000 0.000004 0.000000 0.000000 3.141593
 34 0.000004 0.002177 1.281928 0.302819 -1.080342 2.487901
 35 7.285014 0.000005 -0.000000 0.919163 0.796653 0.775979
 36 12.538442 -0.000003 0.000001 -0.000000 0.000000 -0.567309
 37 10.782779 0.000006 -0.000002 -1.568904 -0.008496 -0.046673
 38 1.016390 0.059478 -2.003613 0.348822 0.790160 0.431299
 39 1.107951 0.000002 -0.000003 0.000000 0.000000 0.000000
 40 1.107951 0.000002 0.000003 0.000000 0.000000 0.000000
 41 1.107951 -0.000002 0.000001 0.000000 0.000000 0.000000
 42 3.077729 -0.144549 -1.412631 0.003835 0.209388 0.026587
 43 1.560290 -0.000001 -0.000007 0.000000 0.000000 0.000000
 44 1.560283 0.000004 0.000007 0.000000 0.000000 0.000000
 45 1.560290 -0.000001 -0.000004 0.000000 0.000000 0.000000
 46 2.463500 0.093206 -0.291939 -0.000796 0.000000 0.000000
 47 1.820340 -0.000000 0.000004 0.000000 0.000000 0.000000
 48 1.820335 -0.000000 -0.000002 0.000000 0.000000 0.000000
 49 1.820337 -0.000000 0.000001 0.000000 0.000000 0.000000
 50 3.016626 -0.086192 0.699125 -0.016172 -0.173791 0.088745
 51 1.560290 -0.000002 -0.000004 0.000000 0.000000 0.000000
 52 1.560283 0.000001 0.000001 0.000000 0.000000 0.000000
 53 1.560289 -0.000000 0.000002 0.000000 0.000000 0.000000
 54 2.733756 0.442845 1.903231 -0.009342 -0.314026 0.027785
 55 1.300243 -0.000000 0.000000 0.000000 0.000000 0.000000
 56 1.300238 -0.000001 0.000000 0.000000 0.000000 0.000000
 57 1.300239 -0.000001 -0.000000 0.000000 0.000000 0.000000
 58 -4.401639 0.846848 3.390589 -0.206352 -3.080745 -0.485661
 59 15.353568 0.000003 0.000001 -0.000000 -0.000000 -0.426426
 60 19.266844 -0.000004 -0.000001 0.011674 -0.038182 0.430615
 61 4.212044 5.420720 -0.000000 -0.000000 -0.000000 1.570796
 62 0.549393 0.000002 -0.000000 0.000000 0.000000 3.141593
 63 -4.000688 -0.408271 -3.815238 0.257173 3.106530 0.462450
 64 15.353562 0.000001 0.000000 0.000000 -0.000000 -0.001761
 65 19.266846 -0.000001 0.000000 -0.049423 -0.039167 0.361876
 66 4.212047 5.420719 0.000000 -0.000000 0.000000 1.570796
 67 0.549397 -0.000000 -0.000000 0.000000 0.000000 0.000000
 68 -38.836464 -1.519710 -0.000050 -3.141593 -1.570796 0.000000
time 16
  0 -1.440601 -70.075516 37.832359 0.000737 -0.134148 -1.800455
  1 -4.878854 -0.026653 -36.150730 0.130833 -0.029733 1.798458
  2 -0.586313 0.328228 0.000000 0.000001 -1.597074 -1.570794
  3 4.210782 -0.003710 -0.111442 0.206147 0.063062 0.065424
  4 4.761446 -0.003789 0.000000 0.000000 0.000000 0.000000
  5 4.761492 -0.003783 -0.000165 0.043592 0.008993 0.013178
  6 4.761492 -0.003792 -0.000165 0.043592 0.008993 0.013178
  7 4.762266 -0.002026 -0.000000 -0.000000 -0.000001 0.383972
  8 2.746989 0.000000 0.000000 0.020831 -0.003160 -0.285341
  9 9.156625 0.000001 0.000000 0.000000 0.000000 0.000000
 10 0.000000 0.002190 -1.281928 -0.391362 1.084446 2.407026
 11 7.285011 -0.000004 -0.000003 0.044252 -0.605923 -0.157102
 12 12.718714 0.000000 0.000002 0.000000 0.000000 -1.051610
 13 10.221158 0.000001 0.000003 1.606632 -0.022753 -0.020508
 14 1.389925 -0.447522 1.936565 -0.210439 -0.761471 0.314906
 15 1.208677 0.000001 -0.000002 0.000000 0.000000 0.000000
 16 1.208674 0.000001 0.000001 0.000000 0.000000 0.000000
 17 1.208678 -0.000000 0.000002 0.000000 0.000000 3.141593
 18 3.507812 -0.429745 1.193335 0.022860 -0.225875 -0.088311
 19 1.560284 0.000002 -0.000001 0.000000 0.000000 0.000000
 20 1.560295 -0.000003 -0.000000 0.000000 0.000000 0.000000
 21 1.560291 -0.000000 0.000001 0.000000 0.000000 3.141593
 22 3.044313 -0.436520 0.176987 0.140338 -0.004885 0.034563
 23 1.820331 0.000004 -0.000002 0.000000 0.000000 0.000000
 24 1.820343 -0.000000 0.000000 0.000000 0.000000 0.000000
 25 1.820339 -0.000002 0.000002 0.000000 0.000000 3.141593
 26 3.330768 -0.128979 -0.727984 0.013106 0.174047 0.071026
 27 1.560284 0.000001 -0.000003 0.000000 0.000000 0.000000
 28 1.560291 0.000000 0.000002 0.000000 0.000000 0.000000
 29 1.560291 -0.000000 -0.000000 0.000000 0.000000 3.141593
 30 3.208162 0.466230 -1.931736 0.024854 0.330715 0.074094
 31 1.300240 -0.000000 -0.000003 0.000000 0.000000 0.000000
 32 1.300241 0.000001 -0.000004 0.000000 0.000000 0.000000
 33 1.300242 0.000001 0.000003 0.000000 0.000000 3.141593
 34 0.000002 0.002182 1.281928 0.267092 -1.074531 2.520692
 35 7.285012 -0.000005 -0.000000 1.005345 0.743258 0.832798
 36 12.538440 -0.000006 0.000001 0.000000 -0.000000 -0.564642
 37 10.782779 0.000006 -0.000003 -1.567575 -0.011658 -0.046012
 38 1.016388 0.059478 -2.003610 0.348822 0.790160 0.431299
 39 1.107955 -0.000003 -0.000003 0.000000 0.000000 0.000000
 40 1.107948 0.000002 -0.000000 0.000000 0.000000 0.000000
 41 1.107951 -0.000000 0.000002 0.000000 0.000000 0.000000
 42 3.077731 -0.144550 -1.412629 0.003835 0.209388 0.026587
 43 1.560288 -0.000001 -0.000001 0.000000 0.000000 0.000000
 44 1.560289 -0.000001 -0.000002 0.000000 0.000000 0.000000
 45 1.560290 0.000000 0.000001 0.000000 0.000000 0.000000
 46 2.463500 0.093204 -0.291936 -0.000796 -0.000000 0.000000
 47 1.820339 -0.000000 -0.000004 0.000000 0.000000 0.000000
 48 1.820335 0.000001 0.000001 0.000000 0.000000 0.000000
 49 1.820336 0.000001 0.000002 0.000000 0.000000 0.000000
 50 3.016625 -0.086193 0.699126 -0.016172 -0.173791 0.088745
 51 1.560288 -0.000000 0.000000 0.000000 0.000000 0.000000
 52 1.560290 0.000000 -0.000000 0.000000 0.000000 0.000000
 53 1.560287 0.000001 -0.000001 0.000000 0.000000 0.000000
 54 2.733753 0.442844 1.903232 -0.009342 -0.314026 0.027785
 55 1.300239 -0.000000 -0.000003 0.000000 0.000000 0.000000
 56 1.300241 0.000000 0.000002 0.000000 0.000000 0.000000
 57 1.300242 0.000001 -0.000000 0.000000 0.000000 0.000000
 58 -4.431030 0.989875 3.370556 -0.178033 -3.082447 -0.547443
 59 15.353565 0.000001 0.000000 -0.000000 0.000000 -0.440103
 60 19.266844 0.000007 0.000001 0.025103 -0.046882 0.389185
 61 4.212046 5.420722 -0.000000 -0.000000 0.000000 1.570796
 62 0.549394 0.000003 -0.000000 0.000000 0.000000 3.141593
 63 -3.969377 -0.506571 -3.785391 0.274752 3.099685 0.493446
 64 15.353557 0.000001 -0.000001 0.000000 0.000000 -0.030786
 65 19.266844 0.000004 -0.000001 -0.113518 -0.083425 0.279866
 66 4.212047 5.420723 -0.000000 -0.000000 0.000000 1.570796
 67 0.549396 -0.000001 0.000000 0.000000 0.000000 0.000000
 68 -38.836464 -1.519709 -0.000050 3.141593 -1.570796 0.000000
time 17
  0 -1.277315 -72.616608 37.280952 0.000702 -0.136133 -1.839917
  1 -4.875762 -0.024980 -35.594673 0.131475 -0.035415 1.837538
  2 -0.639274 0.277762 0.000002 -0.000001 -1.601412 -1.570794
  3 4.210279 -0.003685 -0.129788 0.229710 0.061926 0.071330
  4 4.761445 -0.003790 -0.000000 -0.000000 0.000000 0.000000
  5 4.761495 -0.003794 -0.000185 0.048555 0.008061 0.014462
  6 4.761498 -0.003786 -0.000184 0.048555 0.008061 0.014462
  7 4.762259 -0.002021 -0.000000 -0.000000 -0.000001 0.383972
  8 2.746988 -0.000003 0.000000 0.030341 0.006018 -0.308429
  9 9.156626 0.000001 -0.000000 0.000000 0.000000 0.000000
 10 0.000000 0.002187 -1.281928 -0.415550 1.094531 2.383111
 11 7.285012 -0.000001 -0.000003 0.091577 -0.581425 -0.197948
 12 12.718715 0.000003 0.000000 0.000000 -0.000000 -1.096467
 13 10.221164 -0.000001 -0.000000 1.609006 -0.023329 -0.022908
 14 1.389918 -0.447518 1.936562 -0.210439 -0.761471 0.314906
 15 1.208673 -0.000000 0.000002 0.000000 0.000000 0.000000
 16 1.208680 -0.000003 0.000001 0.000000 0.000000 0.000000
 17 1.208677 -0.000005 -0.000002 0.000000 0.000000 3.141593
 18 3.507812 -0.429744 1.193335 0.022860 -0.225875 -0.088311
 19 1.560282 0.000003 0.000000 0.000000 0.000000 0.000000
 20 1.560294 -0.000002 -0.000000 0.000000 0.000000 0.000000
 21 1.560291 0.000001 -0.000001 0.000000 0.000000 3.141593
 22 3.044312 -0.436516 0.176983 0.140338 -0.004885 0.034563
 23 1.820335 -0.000002 0.000000 0.000000 0.000000 0.000000
 24 1.820338 -0.000002 0.000001 0.000000 0.000000 0.000000
 25 1.820341 -0.000002 0.000001 0.000000 0.000000 3.141593
 26 3.330761 -0.128975 -0.727985 0.013106 0.174047 0.071026
 27 1.560289 -0.000000 -0.000000 0.000000 0.000000 0.000000
 28 1.560289 -0.000002 0.000001 0.000000 0.000000 0.000000
 29 1.560290 -0.000001 0.000000 0.000000 0.000000 3.141593
 30 3.208159 0.466233 -1.931738 0.024854 0.330715 0.074094
 31 1.300241 -0.000001 -0.000001 0.000000 0.000000 0.000000
 32 1.300240 -0.000003 0.000000 0.000000 0.000000 0.000000
 33 1.300241 0.000002 -0.000000 0.000000 0.000000 3.141593
 34 0.000001 0.002176 1.281928 0.240876 -1.069752 2.544617
 35 7.285014 -0.000002 -0.000002 1.064149 0.697342 0.873129
 36 12.538438 -0.000002 0.000001 0.000000 0.000000 -0.557187
 37 10.782781 0.000006 -0.000001 -1.566400 -0.014474 -0.045433
 38 1.016391 0.059477 -2.003612 0.348822 0.790160 0.431299
 39 1.107950 0.000003 0.000003 0.000000 0.000000 0.000000
 40 1.107952 -0.000002 -0.000005 0.000000 0.000000 0.000000
 41 1.107954 -0.000004 -0.000002 0.000000 0.000000 0.000000
 42 3.077730 -0.144551 -1.412634 0.003835 0.209388 0.026587
 43 1.560286 0.000003 0.000003 0.000000 0.000000 0.000000
 44 1.560289 -0.000000 -0.000003 0.000000 0.000000 0.000000
 45 1.560289 -0.000001 -0.000001 0.000000 0.000000 0.000000
 46 2.463503 0.093205 -0.291938 -0.000796 0.000000 0.000000
 47 1.820338 0.000001 0.000002 0.000000 0.000000 0.000000
 48 1.820336 -0.000001 0.000000 0.000000 0.000000 0.000000
 49 1.820338 -0.000000 -0.000001 0.000000 0.000000 0.000000
 50 3.016626 -0.086194 0.699124 -0.016172 -0.173791 0.088745
 51 1.560286 0.000000 0.000001 0.000000 0.000000 0.000000
 52 1.560289 0.000000 0.000001 0.000000 0.000000 0.000000
 53 1.560290 0.000000 0.000000 0.000000 0.000000 0.000000
 54 2.733754 0.442844 1.903230 -0.009342 -0.314026 0.027785
 55 1.300243 0.000000 0.000000 0.000000 0.000000 0.000000
 56 1.300235 0.000001 0.000002 0.000000 0.000000 0.000000
 57 1.300241 0.000001 -0.000001 0.000000 0.000000 0.000000
 58 -4.425970 1.098467 3.363526 -0.156825 -3.072055 -0.609454
 59 15.353561 -0.000002 -0.000000 0.000000 0.000000 -0.507534
 60 19.266848 0.000007 0.000001 0.045171 -0.052200 0.336702
 61 4.212049 5.420722 0.000000 -0.000000 -0.000000 1.570796
 62 0.549396 -0.000000 0.000000 0.000000 0.000000 3.141593
 63 -3.972623 -0.566290 -3.755683 0.287765 3.086371 0.529353
 64 15.353562 -0.000002 -0.000001 -0.000000 -0.000000 -0.068095
 65 19.266850 -0.000003 -0.000000 -0.163840 -0.118687 0.275963
 66 4.212047 5.420719 0.000000 -0.000000 -0.000000 1.570796
 67 0.549397 -0.000000 0.000000 0.000000 0.000000 0.000000
 68 -38.836468 -1.519702 -0.000048 -3.141593 -1.570796 0.000000
time 18
  0 -1.102695 -75.305237 36.883186 0.000811 -0.138607 -1.867528
  1 -4.908860 -0.028554 -35.188545 0.132857 -0.039633 1.864834
  2 -0.663155 0.234584 0.000000 0.000002 -1.590425 -1.570795
  3 4.211463 -0.003677 -0.083568 0.239322 0.046250 0.073967
  4 4.761445 -0.003789 0.000000 0.000000 0.000000 0.000000
  5 4.761500 -0.003782 -0.000192 0.050794 0.007168 0.015099
  6 4.761497 -0.003784 -0.000193 0.050794 0.007168 0.015099
  7 4.762264 -0.002025 -0.000000 -0.000000 -0.000001 0.383972
  8 2.746988 -0.000005 0.000000 0.045128 0.015573 -0.324808
  9 9.156631 -0.000003 -0.000000 0.000000 0.000000 0.000000
 10 -0.000002 0.002185 -1.281928 -0.433956 1.101332 2.364921
 11 7.285013 0.000000 -0.000001 0.103650 -0.573463 -0.210744
 12 12.718713 0.000004 0.000002 0.000000 0.000000 -1.134061
 13 10.221167 0.000000 -0.000003 1.610786 -0.023072 -0.024924
 14 1.389917 -0.447521 1.936564 -0.210439 -0.761471 0.314906
 15 1.208674 -0.000002 0.000001 0.000000 0.000000 0.000000
 16 1.208675 0.000000 -0.000001 0.000000 0.000000 0.000000
 17 1.208678 -0.000000 0.000002 0.000000 0.000000 3.141593
 18 3.507806 -0.429745 1.193335 0.022860 -0.225875 -0.088311
 19 1.560292 -0.000001 -0.000001 0.000000 0.000000 0.000000
 20 1.560284 -0.000001 0.000002 0.000000 0.000000 0.000000
 21 1.560290 -0.000001 0.000000 0.000000 0.000000 3.141593
 22 3.044311 -0.436519 0.176984 0.140338 -0.004885 0.034563
 23 1.820334 -0.000002 0.000001 0.000000 0.000000 0.000000
 24 1.820339 0.000002 0.000000 0.000000 0.000000 0.000000
 25 1.820344 -0.000002 -0.000001 0.000000 0.000000 3.141593
 26 3.330758 -0.128978 -0.727985 0.013106 0.174047 0.071026
 27 1.560283 0.000002 0.000000 0.000000 0.000000 0.000000
 28 1.560295 -0.000003 0.000001 0.000000 0.000000 0.000000
 29 1.560291 0.000000 0.000002 0.000000 0.000000 3.141593
 30 3.208157 0.466228 -1.931735 0.024854 0.330715 0.074094
 31 1.300242 0.000001 -0.000000 0.000000 0.000000 0.000000
 32 1.300240 0.000001 0.000000 0.000000 0.000000 0.000000
 33 1.300241 0.000000 0.000001 0.000000 0.000000 3.141593
 34 0.000001 0.002175 1.281928 0.228914 -1.068088 2.555420
 35 7.285014 -0.000000 0.000001 1.103970 0.668654 0.910682
 36 12.538441 0.000003 -0.000001 -0.000000 -0.000000 -0.538039
 37 10.782782 -0.000002 0.000002 -1.565432 -0.016908 -0.044768
 38 1.016386 0.059480 -2.003608 0.348822 0.790160 0.431299
 39 1.107951 0.000001 -0.000002 0.000000 0.000000 0.000000
 40 1.107951 0.000001 -0.000002 0.000000 0.000000 0.000000
 41 1.107951 0.000002 -0.000002 0.000000 0.000000 0.000000
 42 3.077729 -0.144551 -1.412634 0.003835 0.209388 0.026587
 43 1.560288 0.000003 0.000005 0.000000 0.000000 0.000000
 44 1.560288 -0.000001 -0.000001 0.000000 0.000000 0.000000
 45 1.560290 -0.000002 -0.000003 0.000000 0.000000 0.000000
 46 2.463498 0.093207 -0.291936 -0.000796 0.000000 -0.000000
 47 1.820336 -0.000001 0.000000 0.000000 0.000000 0.000000
 48 1.820340 0.000001 0.000006 0.000000 0.000000 0.000000
 49 1.820338 -0.000000 -0.000003 0.000000 0.000000 0.000000
 50 3.016623 -0.086194 0.699124 -0.016172 -0.173791 0.088745
 51 1.560288 -0.000000 0.000001 0.000000 0.000000 0.000000
 52 1.560288 -0.000001 0.000001 0.000000 0.000000 0.000000
 53 1.560289 -0.000001 0.000001 0.000000 0.000000 0.000000
 54 2.733751 0.442846 1.903233 -0.009342 -0.314026 0.027785
 55 1.300241 -0.000001 -0.000001 0.000000 0.000000 0.000000
 56 1.300240 -0.000000 0.000002 0.000000 0.000000 0.000000
 57 1.300243 -0.000000 0.000003 0.000000 0.000000 0.000000
 58 -4.368396 1.146974 3.372278 -0.142067 -3.058507 -0.651994
 59 15.353565 0.000004 0.000001 0.000000 -0.000000 -0.590338
 60 19.266842 0.000001 0.000000 0.064439 -0.051876 0.290979
 61 4.212045 5.420719 -0.000000 -0.000000 0.000000 1.570796
 62 0.549401 -0.000001 0.000000 0.000000 0.000000 3.141593
 63 -4.029709 -0.587605 -3.736632 0.296357 3.072329 0.574339
 64 15.353564 -0.000001 -0.000001 0.000000 -0.000000 -0.089225
 65 19.266844 -0.000000 0.000000 -0.205555 -0.162037 0.211172
 66 4.212046 5.420720 -0.000000 -0.000000 0.000000 1.570796
 67 0.549400 0.000000 0.000000 0.000000 0.000000 0.000000
 68 -38.836464 -1.519710 -0.000051 -3.141593 -1.570796 0.000000
time 19
  0 -0.906427 -78.068909 36.738926 0.000973 -0.141313 -1.878356
  1 -4.950849 -0.033861 -34.801003 0.135056 -0.041723 1.875464
  2 -0.646444 0.202420 0.000001 0.000000 -1.571992 -1.570759
  3 4.212283 -0.003676 -0.005921 0.233958 0.024275 0.072101
  4 4.761444 -0.003797 -0.000000 0.000000 0.000000 0.000000
  5 4.761498 -0.003783 -0.000189 0.049964 0.006341 0.014794
  6 4.761499 -0.003791 -0.000189 0.049964 0.006341 0.014794
  7 4.762263 -0.002038 0.000000 -0.000000 -0.000001 0.383972
  8 2.746989 0.000002 -0.000000 0.059767 0.021153 -0.329005
  9 9.156631 -0.000005 0.000000 0.000000 0.000000 0.000000
 10 0.000004 0.002196 -1.281928 -0.440525 1.100554 2.358980
 11 7.285013 -0.000003 -0.000000 0.090340 -0.579013 -0.199943
 12 12.718715 0.000002 0.000002 -0.000000 -0.000000 -1.160101
 13 10.221162 -0.000000 -0.000003 1.611733 -0.022513 -0.026223
 14 1.389920 -0.447521 1.936562 -0.210439 -0.761471 0.314906
 15 1.208677 -0.000004 -0.000000 0.000000 0.000000 0.000000
 16 1.208670 0.000005 0.000001 0.000000 0.000000 0.000000
 17 1.208670 -0.000001 0.000000 0.000000 0.000000 3.141593
 18 3.507808 -0.429744 1.193333 0.022860 -0.225875 -0.088311
 19 1.560293 -0.000001 0.000000 0.000000 0.000000 0.000000
 20 1.560287 -0.000002 0.000000 0.000000 0.000000 0.000000
 21 1.560290 -0.000002 0.000001 0.000000 0.000000 3.141593
 22 3.044308 -0.436518 0.176981 0.140338 -0.004885 0.034563
 23 1.820338 -0.000001 -0.000003 0.000000 0.000000 0.000000
 24 1.820340 -0.000001 0.000002 0.000000 0.000000 0.000000
 25 1.820334 -0.000002 -0.000000 0.000000 0.000000 3.141593
 26 3.330765 -0.128979 -0.727985 0.013106 0.174047 0.071026
 27 1.560291 0.000001 -0.000001 0.000000 0.000000 0.000000
 28 1.560295 0.000002 -0.000003 0.000000 0.000000 0.000000
 29 1.560289 0.000001 0.000002 0.000000 0.000000 3.141593
 30 3.208164 0.466229 -1.931739 0.024854 0.330715 0.074094
 31 1.300243 -0.000000 -0.000001 0.000000 0.000000 0.000000
 32 1.300234 0.000001 -0.000002 0.000000 0.000000 0.000000
 33 1.300243 -0.000000 0.000000 0.000000 0.000000 3.141593
 34 0.000002 0.002189 1.281928 0.227061 -1.070428 2.556814
 35 7.285013 -0.000008 0.000000 1.134080 0.656263 0.944090
 36 12.538438 -0.000002 -0.000002 0.000000 0.000000 -0.520002
 37 10.782780 0.000003 -0.000002 -1.564698 -0.019028 -0.043918
 38 1.016387 0.059478 -2.003609 0.348822 0.790160 0.431299
 39 1.107951 0.000000 -0.000001 0.000000 0.000000 0.000000
 40 1.107950 0.000003 0.000004 0.000000 0.000000 0.000000
 41 1.107954 -0.000002 -0.000004 0.000000 0.000000 0.000000
 42 3.077729 -0.144550 -1.412631 0.003835 0.209388 0.026587
 43 1.560290 0.000003 0.000005 0.000000 0.000000 0.000000
 44 1.560289 -0.000002 -0.000001 0.000000 0.000000 0.000000
 45 1.560288 0.000000 -0.000004 0.000000 0.000000 0.000000
 46 2.463498 0.093206 -0.291936 -0.000796 0.000000 0.000000
 47 1.820339 0.000002 -0.000000 0.000000 0.000000 0.000000
 48 1.820336 0.000001 0.000001 0.000000 0.000000 0.000000
 49 1.820339 0.000002 0.000001 0.000000 0.000000 0.000000
 50 3.016627 -0.086192 0.699127 -0.016172 -0.173791 0.088745
 51 1.560290 0.000003 0.000005 0.000000 0.000000 0.000000
 52 1.560285 -0.000000 -0.000001 0.000000 0.000000 0.000000
 53 1.560288 -0.000001 -0.000003 0.000000 0.000000 0.000000
 54 2.733754 0.442845 1.903234 -0.009342 -0.314026 0.027785
 55 1.300241 -0.000000 0.000003 0.000000 0.000000 0.000000
 56 1.300241 -0.000002 -0.000003 0.000000 0.000000 0.000000
 57 1.300243 0.000001 0.000001 0.000000 0.000000 0.000000
 58 -4.288888 1.125345 3.397184 -0.132594 -3.050099 -0.656445
 59 15.353562 -0.000004 0.000000 -0.000000 -0.000000 -0.650137
 60 19.266848 0.000005 0.000001 0.072480 -0.047711 0.269577
 61 4.212047 5.420718 -0.000000 -0.000000 0.000000 1.570796
 62 0.549399 0.000001 0.000000 0.000000 0.000000 3.141593
 63 -4.111079 -0.572385 -3.726449 0.302910 3.063431 0.631309
 64 15.353566 0.000000 -0.000001 -0.000000 -0.000000 -0.072927
 65 19.266844 0.000004 -0.000001 -0.237963 -0.227294 0.046526
 66 4.212046 5.420720 0.000000 -0.000000 0.000000 1.570796
 67 0.549398 0.000001 0.000000 0.000000 0.000000 0.000000
 68 -38.836460 -1.519704 -0.000050 -3.141593 -1.570796 0.000000
time 20
  0 -0.696997 -80.877968 36.899075 0.001253 -0.145296 -1.869715
  1 -5.112597 -0.043764 -34.939457 0.139303 -0.041452 1.866731
  2 -0.605403 0.172054 -0.000000 -0.000002 -1.554668 -1.570794
  3 4.211739 -0.003696 0.067105 0.216360 0.003530 0.067580
  4 4.761442 -0.003792 0.000000 0.000000 0.000000 0.000000
  5 4.761499 -0.003789 -0.000176 0.046476 0.005421 0.013933
  6 4.761497 -0.003781 -0.000176 0.046476 0.005421 0.013933
  7 4.762266 -0.002031 0.000000 -0.000000 -0.000001 0.383972
  8 2.746985 -0.000000 0.000000 0.064870 0.020469 -0.322908
  9 9.156629 -0.000002 0.000000 0.000000 0.000000 0.000000
 10 -0.000002 0.002192 -1.281928 -0.428149 1.086628 2.372937
 11 7.285010 0.000005 -0.000001 0.051243 -0.591567 -0.157222
 12 12.718713 -0.000005 -0.000000 -0.000000 -0.000000 -1.179724
 13 10.221162 0.000004 0.000003 1.611910 -0.021872 -0.026886
 14 1.389922 -0.447520 1.936562 -0.210439 -0.761471 0.314906
 15 1.208670 0.000001 -0.000001 0.000000 0.000000 0.000000
 16 1.208678 -0.000002 -0.000003 0.000000 0.000000 0.000000
 17 1.208674 -0.000002 0.000003 0.000000 0.000000 3.141593
 18 3.507812 -0.429744 1.193333 0.022860 -0.225875 -0.088311
 19 1.560290 0.000000 -0.000001 0.000000 0.000000 0.000000
 20 1.560291 0.000000 -0.000001 0.000000 0.000000 0.000000
 21 1.560291 0.000001 -0.000001 0.000000 0.000000 3.141593
 22 3.044307 -0.436516 0.176982 0.140338 -0.004885 0.034563
 23 1.820338 -0.000001 0.000002 0.000000 0.000000 0.000000
 24 1.820346 -0.000002 -0.000004 0.000000 0.000000 0.000000
 25 1.820338 0.000002 0.000001 0.000000 0.000000 3.141593
 26 3.330765 -0.128976 -0.727986 0.013106 0.174047 0.071026
 27 1.560285 -0.000001 0.000002 0.000000 0.000000 0.000000
 28 1.560287 -0.000000 -0.000002 0.000000 0.000000 0.000000
 29 1.560289 0.000000 0.000001 0.000000 0.000000 3.141593
 30 3.208161 0.466231 -1.931737 0.024854 0.330715 0.074094
 31 1.300236 0.000002 -0.000001 0.000000 0.000000 0.000000
 32 1.300241 0.000002 -0.000001 0.000000 0.000000 0.000000
 33 1.300246 -0.000001 -0.000001 0.000000 0.000000 3.141593
 34 -0.000001 0.002178 1.281928 0.230859 -1.073222 2.553140
 35 7.285012 -0.000009 0.000002 1.149000 0.657091 0.953443
 36 12.538439 -0.000004 0.000002 0.000000 0.000000 -0.516398
 37 10.782777 0.000003 -0.000003 -1.564216 -0.020472 -0.043535
 38 1.016389 0.059482 -2.003606 0.348822 0.790160 0.431299
 39 1.107952 0.000001 0.000003 0.000000 0.000000 0.000000
 40 1.107952 0.000000 0.000004 0.000000 0.000000 0.000000
 41 1.107952 0.000000 0.000004 0.000000 0.000000 0.000000
 42 3.077733 -0.144550 -1.412633 0.003835 0.209388 0.026587
 43 1.560290 -0.000003 -0.000005 0.000000 0.000000 0.000000
 44 1.560290 0.000003 0.000001 0.000000 0.000000 0.000000
 45 1.560290 -0.000001 0.000003 0.000000 0.000000 0.000000
 46 2.463501 0.093205 -0.291940 -0.000796 -0.000000 -0.000000
 47 1.820338 0.000000 0.000002 0.000000 0.000000 0.000000
 48 1.820335 0.000001 -0.000001 0.000000 0.000000 0.000000
 49 1.820337 0.000001 -0.000001 0.000000 0.000000 0.000000
 50 3.016626 -0.086192 0.699124 -0.016172 -0.173791 0.088745
 51 1.560290 0.000002 0.000006 0.000000 0.000000 0.000000
 52 1.560287 -0.000001 -0.000002 0.000000 0.000000 0.000000
 53 1.560288 -0.000001 -0.000005 0.000000 0.000000 0.000000
 54 2.733755 0.442846 1.903232 -0.009342 -0.314026 0.027785
 55 1.300242 0.000002 0.000001 0.000000 0.000000 0.000000
 56 1.300236 -0.000001 -0.000003 0.000000 0.000000 0.000000
 57 1.300243 -0.000000 0.000001 0.000000 0.000000 0.000000
 58 -4.214552 1.050076 3.435358 -0.125677 -3.047821 -0.632938
 59 15.353566 -0.000002 0.000000 0.000000 0.000000 -0.755566
 60 19.266846 0.000004 -0.000000 0.060810 -0.044694 0.330594
 61 4.212047 5.420724 -0.000000 -0.000000 -0.000000 1.570796
 62 0.549398 0.000000 -0.000000 0.000000 0.000000 3.141593
 63 -4.188686 -0.522493 -3.719109 0.312740 3.068421 0.704477
 64 15.353563 0.000007 -0.000001 0.000000 0.000000 -0.001761
 65 19.266846 0.000000 0.000001 -0.255562 -0.320044 -0.199974
 66 4.212043 5.420722 -0.000000 -0.000000 -0.000000 1.570796
 67 0.549399 0.000001 0.000000 0.000000 0.000000 0.000000
 68 -38.836468 -1.519706 -0.000049 3.141593 -1.570796 0.000000
time 21
  0 -0.482888 -83.702774 37.291630 0.001608 -0.150974 -1.844996
  1 -5.369922 -0.056751 -35.297943 0.145845 -0.039187 1.842011
  2 -0.557201 0.142911 -0.000000 0.000001 -1.547010 -1.570796
  3 4.211089 -0.003716 0.099473 0.189343 -0.007474 0.062291
  4 4.761444 -0.003793 -0.000000 0.000000 0.000000 0.000000
  5 4.761495 -0.003787 -0.000155 0.040800 0.004470 0.012905
  6 4.761493 -0.003791 -0.000155 0.040800 0.004470 0.012905
  7 4.762265 -0.002030 0.000000 -0.000000 -0.000001 0.383972
  8 2.746988 0.000002 0.000000 0.063147 0.015722 -0.310901
  9 9.156626 0.000005 -0.000000 0.000000 0.000000 0.000000
 10 -0.000001 0.002194 -1.281928 -0.405565 1.064996 2.397522
 11 7.285012 -0.000009 0.000000 -0.008812 -0.609675 -0.087818
 12 12.718714 -0.000001 0.000003 -0.000000 0.000000 -1.187792
 13 10.221165 -0.000000 -0.000001 1.611254 -0.020932 -0.026833
 14 1.389918 -0.447518 1.936562 -0.210439 -0.761471 0.314906
 15 1.208681 -0.000002 -0.000002 0.000000 0.000000 0.000000
 16 1.208675 -0.000000 0.000003 0.000000 0.000000 0.000000
 17 1.208675 0.000001 0.000003 0.000000 0.000000 3.141593
 18 3.507808 -0.429743 1.193332 0.022860 -0.225875 -0.088311
 19 1.560288 -0.000000 0.000000 0.000000 0.000000 0.000000
 20 1.560296 0.000001 -0.000003 0.000000 0.000000 0.000000
 21 1.560288 0.000001 0.000000 0.000000 0.000000 3.141593
 22 3.044312 -0.436517 0.176983 0.140338 -0.004885 0.034563
 23 1.820332 0.000002 -0.000003 0.000000 0.000000 0.000000
 24 1.820336 -0.000003 0.000003 0.000000 0.000000 0.000000
 25 1.820341 -0.000000 0.000001 0.000000 0.000000 3.141593
 26 3.330761 -0.128977 -0.727985 0.013106 0.174047 0.071026
 27 1.560292 -0.000000 -0.000001 0.000000 0.000000 0.000000
 28 1.560286 0.000001 -0.000004 0.000000 0.000000 0.000000
 29 1.560287 0.000001 0.000000 0.000000 0.000000 3.141593
 30 3.208159 0.466231 -1.931739 0.024854 0.330715 0.074094
 31 1.300238 0.000001 0.000002 0.000000 0.000000 0.000000
 32 1.300243 0.000001 0.000002 0.000000 0.000000 0.000000
 33 1.300244 0.000000 0.000002 0.000000 0.000000 3.141593
 34 0.000001 0.002191 1.281928 0.241165 -1.072814 2.544016
 35 7.285011 -0.000002 -0.000001 1.149344 0.667155 0.920318
 36 12.538442 -0.000002 0.000001 0.000000 -0.000000 -0.535032
 37 10.782780 -0.000003 0.000003 -1.563675 -0.021668 -0.044204
 38 1.016391 0.059478 -2.003613 0.348822 0.790160 0.431299
 39 1.107953 -0.000002 -0.000001 0.000000 0.000000 0.000000
 40 1.107953 -0.000002 -0.000001 0.000000 0.000000 0.000000
 41 1.107952 0.000001 -0.000001 0.000000 0.000000 0.000000
 42 3.077733 -0.144547 -1.412628 0.003835 0.209388 0.026587
 43 1.560289 0.000002 0.000003 0.000000 0.000000 0.000000
 44 1.560288 -0.000003 0.000001 0.000000 0.000000 0.000000
 45 1.560289 0.000000 -0.000001 0.000000 0.000000 0.000000
 46 2.463502 0.093206 -0.291937 -0.000796 -0.000000 0.000000
 47 1.820340 0.000001 0.000002 0.000000 0.000000 0.000000
 48 1.820337 -0.000001 -0.000004 0.000000 0.000000 0.000000
 49 1.820338 -0.000002 -0.000003 0.000000 0.000000 0.000000
 50 3.016626 -0.086193 0.699124 -0.016172 -0.173791 0.088745
 51 1.560288 -0.000001 0.000000 0.000000 0.000000 0.000000
 52 1.560290 -0.000001 -0.000000 0.000000 0.000000 0.000000
 53 1.560288 -0.000001 -0.000001 0.000000 0.000000 0.000000
 54 2.733756 0.442846 1.903234 -0.009342 -0.314026 0.027785
 55 1.300241 0.000002 0.000002 0.000000 0.000000 0.000000
 56 1.300243 -0.000001 0.000003 0.000000 0.000000 0.000000
 57 1.300242 -0.000001 0.000000 0.000000 0.000000 0.000000
 58 -4.175950 0.937640 3.480211 -0.125142 -3.054332 -0.563393
 59 15.353568 0.000000 0.000000 -0.000000 0.000000 -0.788494
 60 19.266846 -0.000006 -0.000001 0.055102 -0.040990 0.362594
 61 4.212046 5.420717 -0.000000 -0.000000 -0.000000 1.570796
 62 0.549400 -0.000000 -0.000000 0.000000 0.000000 3.141593
 63 -4.230688 -0.441050 -3.713971 0.322973 3.007758 0.582533
 64 15.353566 -0.000000 0.000000 0.000000 0.000000 -0.259765
 65 19.266840 0.000003 -0.000001 -0.215947 -0.344123 -0.281383
 66 4.212046 5.420720 -0.000000 -0.000000 0.000000 1.570796
 67 0.549399 0.000003 -0.000000 0.000000 0.000000 0.000000
 68 -38.836464 -1.519706 -0.000049 -3.141593 -1.570796 0.000000
time 22
  0 -0.272584 -86.513664 37.836113 0.001761 -0.157149 -1.808376
  1 -5.673018 -0.063042 -35.801868 0.153214 -0.035129 1.805541
  2 -0.518841 0.115148 -0.000001 0.000000 -1.552005 -1.570794
  3 4.211519 -0.003741 0.078548 0.155108 -0.005681 0.058091
  4 4.761445 -0.003798 -0.000000 0.000000 0.000000 0.000000
  5 4.761490 -0.003780 -0.000126 0.033404 0.003553 0.012095
  6 4.761488 -0.003790 -0.000127 0.033404 0.003553 0.012095
  7 4.762266 -0.002027 0.000000 -0.000000 -0.000001 0.383972
  8 2.746987 0.000004 -0.000000 0.062769 0.010264 -0.296421
  9 9.156629 0.000003 -0.000000 0.000000 0.000000 0.000000
 10 -0.000002 0.002192 -1.281928 -0.387839 1.048234 2.416581
 11 7.285011 0.000004 -0.000002 -0.067657 -0.637984 -0.016120
 12 12.718714 0.000002 0.000003 -0.000000 -0.000000 -1.164610
 13 10.221160 -0.000002 -0.000002 1.609339 -0.019564 -0.025504
 14 1.389919 -0.447516 1.936562 -0.210439 -0.761471 0.314906
 15 1.208677 0.000001 -0.000002 0.000000 0.000000 0.000000
 16 1.208670 0.000003 0.000001 0.000000 0.000000 0.000000
 17 1.208672 0.000005 0.000001 0.000000 0.000000 3.141593
 18 3.507808 -0.429741 1.193335 0.022860 -0.225875 -0.088311
 19 1.560287 -0.000001 -0.000003 0.000000 0.000000 0.000000
 20 1.560287 -0.000001 0.000003 0.000000 0.000000 0.000000
 21 1.560288 -0.000001 0.000001 0.000000 0.000000 3.141593
 22 3.044308 -0.436515 0.176985 0.140338 -0.004885 0.034563
 23 1.820334 -0.000000 -0.000003 0.000000 0.000000 0.000000
 24 1.820340 -0.000001 0.000002 0.000000 0.000000 0.000000
 25 1.820338 -0.000002 0.000002 0.000000 0.000000 3.141593
 26 3.330762 -0.128974 -0.727985 0.013106 0.174047 0.071026
 27 1.560287 0.000002 -0.000004 0.000000 0.000000 0.000000
 28 1.560293 -0.000000 0.000007 0.000000 0.000000 0.000000
 29 1.560285 -0.000000 -0.000001 0.000000 0.000000 3.141593
 30 3.208158 0.466232 -1.931736 0.024854 0.330715 0.074094
 31 1.300245 0.000003 -0.000004 0.000000 0.000000 0.000000
 32 1.300243 -0.000002 0.000005 0.000000 0.000000 0.000000
 33 1.300241 0.000001 -0.000002 0.000000 0.000000 3.141593
 34 -0.000004 0.002184 1.281928 0.257134 -1.072750 2.529795
 35 7.285011 0.000001 0.000003 1.130151 0.690554 0.852321
 36 12.538439 -0.000002 0.000002 0.000000 -0.000000 -0.568100
 37 10.782776 0.000001 -0.000003 -1.563385 -0.022188 -0.045337
 38 1.016388 0.059477 -2.003610 0.348822 0.790160 0.431299
 39 1.107953 -0.000003 -0.000004 0.000000 0.000000 0.000000
 40 1.107951 0.000002 0.000006 0.000000 0.000000 0.000000
 41 1.107952 0.000001 0.000002 0.000000 0.000000 0.000000
 42 3.077730 -0.144553 -1.412633 0.003835 0.209388 0.026587
 43 1.560288 0.000004 0.000004 0.000000 0.000000 0.000000
 44 1.560290 -0.000001 0.000001 0.000000 0.000000 0.000000
 45 1.560290 -0.000002 -0.000001 0.000000 0.000000 0.000000
 46 2.463499 0.093202 -0.291939 -0.000796 -0.000000 0.000000
 47 1.820337 0.000001 0.000004 0.000000 0.000000 0.000000
 48 1.820339 -0.000001 -0.000003 0.000000 0.000000 0.000000
 49 1.820337 -0.000003 -0.000002 0.000000 0.000000 0.000000
 50 3.016628 -0.086196 0.699123 -0.016172 -0.173791 0.088745
 51 1.560290 0.000000 -0.000001 0.000000 0.000000 0.000000
 52 1.560287 -0.000001 -0.000002 0.000000 0.000000 0.000000
 53 1.560287 -0.000002 0.000001 0.000000 0.000000 0.000000
 54 2.733755 0.442842 1.903231 -0.009342 -0.314026 0.027785
 55 1.300244 0.000001 0.000001 0.000000 0.000000 0.000000
 56 1.300240 0.000001 0.000002 0.000000 0.000000 0.000000
 57 1.300242 0.000002 -0.000001 0.000000 0.000000 0.000000
 58 -4.183777 0.802648 3.526262 -0.127610 -3.066857 -0.466435
 59 15.353567 0.000003 0.000000 -0.000000 0.000000 -0.770610
 60 19.266848 -0.000006 -0.000001 0.052695 -0.036957 0.371649
 61 4.212047 5.420722 -0.000000 -0.000000 0.000000 1.570796
 62 0.549399 -0.000000 0.000000 0.000000 0.000000 3.141593
 63 -4.225382 -0.329004 -3.710981 0.327392 2.932568 0.361224
 64 15.353560 -0.000003 -0.000000 0.000000 -0.000000 -0.640715
 65 19.266844 0.000004 -0.000000 -0.087376 -0.253695 -0.291019
 66 4.212050 5.420721 0.000000 -0.000000 0.000000 1.570796
 67 0.549399 0.000003 -0.000000 0.000000 0.000000 0.000000
 68 -38.836464 -1.519711 -0.000050 3.141593 -1.570796 0.000000
time 23
  0 -0.074571 -89.280983 38.450184 0.001536 -0.162613 -1.764045
  1 -5.967961 -0.055865 -36.376320 0.159929 -0.029589 1.761548
  2 -0.492413 0.088454 0.000001 -0.000004 -1.564173 -1.570798
  3 4.212152 -0.003755 0.027493 0.115894 0.003396 0.055207
  4 4.761446 -0.003799 -0.000000 0.000000 0.000000 0.000000
  5 4.761488 -0.003791 -0.000094 0.024865 0.002677 0.011547
  6 4.761489 -0.003788 -0.000094 0.024865 0.002677 0.011547
  7 4.762263 -0.002031 -0.000000 -0.000000 -0.000001 0.383972
  8 2.746990 -0.000003 -0.000000 0.071257 0.008324 -0.280456
  9 9.156630 0.000001 -0.000000 0.000000 0.000000 0.000000
 10 -0.000000 0.002186 -1.281928 -0.379634 1.041251 2.425199
 11 7.285014 -0.000002 -0.000000 -0.121005 -0.681715 0.052364
 12 12.718711 -0.000002 -0.000000 0.000000 0.000000 -1.102684
 13 10.221161 -0.000001 -0.000002 1.605745 -0.017444 -0.022416
 14 1.389921 -0.447518 1.936565 -0.210439 -0.761471 0.314906
 15 1.208672 0.000003 0.000004 0.000000 0.000000 0.000000
 16 1.208678 0.000002 -0.000003 0.000000 0.000000 0.000000
 17 1.208676 0.000001 -0.000002 0.000000 0.000000 3.141593
 18 3.507816 -0.429743 1.193337 0.022860 -0.225875 -0.088311
 19 1.560286 -0.000002 0.000000 0.000000 0.000000 0.000000
 20 1.560288 0.000002 -0.000001 0.000000 0.000000 0.000000
 21 1.560290 -0.000001 -0.000003 0.000000 0.000000 3.141593
 22 3.044316 -0.436515 0.176985 0.140338 -0.004885 0.034563
 23 1.820339 0.000002 0.000005 0.000000 0.000000 0.000000
 24 1.820347 0.000000 -0.000001 0.000000 0.000000 0.000000
 25 1.820333 0.000000 -0.000003 0.000000 0.000000 3.141593
 26 3.330765 -0.128976 -0.727981 0.013106 0.174047 0.071026
 27 1.560286 0.000001 -0.000002 0.000000 0.000000 0.000000
 28 1.560295 0.000001 -0.000003 0.000000 0.000000 0.000000
 29 1.560290 0.000000 -0.000001 0.000000 0.000000 3.141593
 30 3.208166 0.466230 -1.931732 0.024854 0.330715 0.074094
 31 1.300244 -0.000002 -0.000001 0.000000 0.000000 0.000000
 32 1.300239 -0.000002 -0.000001 0.000000 0.000000 0.000000
 33 1.300237 -0.000002 -0.000002 0.000000 0.000000 3.141593
 34 -0.000002 0.002185 1.281928 0.272363 -1.080317 2.515260
 35 7.285011 0.000006 0.000004 1.075934 0.732159 0.766907
 36 12.538440 0.000000 -0.000000 -0.000000 -0.000000 -0.605507
 37 10.782778 0.000003 0.000001 -1.564297 -0.020382 -0.045829
 38 1.016388 0.059479 -2.003609 0.348822 0.790160 0.431299
 39 1.107954 -0.000000 0.000003 0.000000 0.000000 0.000000
 40 1.107947 0.000004 0.000003 0.000000 0.000000 0.000000
 41 1.107954 -0.000005 0.000003 0.000000 0.000000 0.000000
 42 3.077730 -0.144553 -1.412634 0.003835 0.209388 0.026587
 43 1.560288 0.000004 0.000003 0.000000 0.000000 0.000000
 44 1.560290 -0.000002 0.000001 0.000000 0.000000 0.000000
 45 1.560290 -0.000004 -0.000001 0.000000 0.000000 0.000000
 46 2.463499 0.093205 -0.291936 -0.000796 0.000000 0.000000
 47 1.820337 -0.000001 -0.000003 0.000000 0.000000 0.000000
 48 1.820338 0.000000 -0.000000 0.000000 0.000000 0.000000
 49 1.820337 0.000002 0.000003 0.000000 0.000000 0.000000
 50 3.016625 -0.086194 0.699124 -0.016172 -0.173791 0.088745
 51 1.560290 0.000001 0.000004 0.000000 0.000000 0.000000
 52 1.560287 -0.000000 -0.000002 0.000000 0.000000 0.000000
 53 1.560287 -0.000001 -0.000001 0.000000 0.000000 0.000000
 54 2.733752 0.442844 1.903232 -0.009342 -0.314026 0.027785
 55 1.300242 0.000002 -0.000001 0.000000 0.000000 0.000000
 56 1.300239 0.000002 -0.000000 0.000000 0.000000 0.000000
 57 1.300241 0.000002 0.000000 0.000000 0.000000 0.000000
 58 -4.217859 0.653289 3.569254 -0.129591 -3.083804 -0.350932
 59 15.353565 0.000001 0.000000 -0.000000 -0.000000 -0.710455
 60 19.266850 0.000001 -0.000000 0.051053 -0.033061 0.359017
 61 4.212047 5.420722 0.000000 -0.000000 0.000000 1.570796
 62 0.549398 -0.000000 0.000000 0.000000 0.000000 3.141593
 63 -4.192967 -0.193780 -3.706865 0.327897 2.889962 0.172538
 64 15.353560 -0.000002 0.000000 -0.000000 0.000000 -0.886975
 65 19.266844 0.000001 0.000001 0.020732 -0.178289 -0.236229
 66 4.212048 5.420720 0.000000 -0.000000 -0.000000 1.570796
 67 0.549397 -0.000002 0.000001 0.000000 0.000000 0.000000
 68 -38.836464 -1.519711 -0.000049 3.141593 -1.570796 0.000000
time 24
  0 0.102669 -91.975090 39.049736 0.000917 -0.166146 -1.716215
  1 -6.195593 -0.033871 -36.946335 0.164555 -0.023060 1.714237
  2 -0.468661 0.061546 -0.000002 0.000000 -1.579282 -1.570793
  3 4.212079 -0.003777 -0.036016 0.073221 0.015416 0.052618
  4 4.761447 -0.003794 -0.000000 0.000000 0.000000 0.000000
  5 4.761486 -0.003797 -0.000059 0.015564 0.001804 0.011041
  6 4.761482 -0.003781 -0.000059 0.015564 0.001804 0.011042
  7 4.762270 -0.002040 -0.000000 -0.000000 -0.000001 0.383972
  8 2.746982 0.000001 0.000000 0.088111 0.014629 -0.252392
  9 9.156626 0.000000 0.000000 0.000000 0.000000 0.000000
 10 -0.000004 0.002196 -1.281927 -0.374553 1.038195 2.430286
 11 7.285011 -0.000004 -0.000002 -0.182489 -0.731488 0.132370
 12 12.718711 -0.000003 0.000000 0.000000 -0.000000 -1.018004
 13 10.221162 0.000003 0.000001 1.601082 -0.014820 -0.018235
 14 1.389921 -0.447520 1.936566 -0.210439 -0.761471 0.314906
 15 1.208667 -0.000002 0.000001 0.000000 0.000000 0.000000
 16 1.208679 -0.000004 -0.000000 0.000000 0.000000 0.000000
 17 1.208677 -0.000005 -0.000000 0.000000 0.000000 3.141593
 18 3.507809 -0.429743 1.193335 0.022860 -0.225875 -0.088311
 19 1.560296 -0.000001 0.000001 0.000000 0.000000 0.000000
 20 1.560287 0.000000 -0.000003 0.000000 0.000000 0.000000
 21 1.560285 0.000000 0.000001 0.000000 0.000000 3.141593
 22 3.044308 -0.436518 0.176985 0.140338 -0.004885 0.034563
 23 1.820338 -0.000000 0.000004 0.000000 0.000000 0.000000
 24 1.820339 0.000001 -0.000006 0.000000 0.000000 0.000000
 25 1.820333 0.000001 -0.000001 0.000000 0.000000 3.141593
 26 3.330766 -0.128979 -0.727981 0.013106 0.174047 0.071026
 27 1.560292 -0.000000 -0.000000 0.000000 0.000000 0.000000
 28 1.560286 0.000000 -0.000002 0.000000 0.000000 0.000000
 29 1.560285 0.000001 -0.000004 0.000000 0.000000 3.141593
 30 3.208160 0.466230 -1.931735 0.024854 0.330715 0.074094
 31 1.300239 0.000002 -0.000007 0.000000 0.000000 0.000000
 32 1.300244 -0.000001 0.000000 0.000000 0.000000 0.000000
 33 1.300243 -0.000001 0.000002 0.000000 0.000000 3.141593
 34 -0.000002 0.002185 1.281928 0.282464 -1.098587 2.503896
 35 7.285012 0.000005 -0.000001 0.974717 0.785526 0.661974
 36 12.538443 -0.000001 -0.000002 -0.000000 -0.000000 -0.639278
 37 10.782784 0.000000 0.000001 -1.566637 -0.015507 -0.045653
 38 1.016389 0.059476 -2.003613 0.348822 0.790160 0.431299
 39 1.107949 0.000001 0.000004 0.000000 0.000000 0.000000
 40 1.107954 -0.000001 -0.000004 0.000000 0.000000 0.000000
 41 1.107954 -0.000004 -0.000000 0.000000 0.000000 0.000000
 42 3.077731 -0.144550 -1.412629 0.003835 0.209388 0.026587
 43 1.560290 -0.000002 -0.000001 0.000000 0.000000 0.000000
 44 1.560290 0.000003 0.000001 0.000000 0.000000 0.000000
 45 1.560288 0.000001 0.000003 0.000000 0.000000 0.000000
 46 2.463500 0.093202 -0.291941 -0.000796 0.000000 0.000000
 47 1.820340 -0.000000 0.000000 0.000000 0.000000 0.000000
 48 1.820336 -0.000000 -0.000001 0.000000 0.000000 0.000000
 49 1.820337 -0.000000 -0.000001 0.000000 0.000000 0.000000
 50 3.016626 -0.086194 0.699124 -0.016172 -0.173791 0.088745
 51 1.560291 0.000001 -0.000002 0.000000 0.000000 0.000000
 52 1.560288 0.000001 -0.000002 0.000000 0.000000 0.000000
 53 1.560289 0.000001 -0.000003 0.000000 0.000000 0.000000
 54 2.733756 0.442845 1.903233 -0.009342 -0.314026 0.027785
 55 1.300243 -0.000000 0.000003 0.000000 0.000000 0.000000
 56 1.300240 0.000000 0.000003 0.000000 0.000000 0.000000
 57 1.300241 0.000001 0.000003 0.000000 0.000000 0.000000
 58 -4.262577 0.490499 3.607172 -0.123744 -3.104077 -0.221923
 59 15.353564 -0.000005 0.000000 -0.000000 -0.000000 -0.622179
 60 19.266846 0.000010 0.000000 0.042369 -0.037205 0.369878
 61 4.212047 5.420720 -0.000000 -0.000000 0.000000 1.570796
 62 0.549397 -0.000000 -0.000000 0.000000 0.000000 3.141593
 63 -4.149645 -0.045331 -3.697633 0.346816 2.887992 0.063194
 64 15.353568 -0.000003 -0.000001 0.000000 -0.000000 -0.926462
 65 19.266846 0.000005 -0.000003 0.066463 -0.175891 -0.128172
 66 4.212047 5.420719 0.000000 -0.000000 -0.000000 1.570796
 67 0.549397 -0.000005 0.000002 0.000000 0.000000 0.000000
 68 -38.836464 -1.519713 -0.000050 3.141593 -1.570796 0.000000
time 25
  0 0.250652 -94.566330 39.552128 0.000055 -0.166535 -1.669135
  1 -6.293256 -0.002075 -37.439377 0.165751 -0.016221 1.667783
  2 -0.447412 0.034247 -0.000002 -0.000001 -1.593157 -1.570795
  3 4.211175 -0.003779 -0.094273 0.027687 0.026164 0.050298
  4 4.761445 -0.003796 -0.000000 0.000000 -0.000000 -0.000000
  5 4.761486 -0.003787 -0.000021 0.005677 0.000931 0.010572
  6 4.761487 -0.003793 -0.000022 0.005677 0.000931 0.010572
  7 4.762268 -0.002024 0.000000 -0.000000 -0.000001 0.383972
  8 2.746982 0.000002 0.000000 0.104755 0.025209 -0.217136
  9 9.156628 0.000003 0.000000 0.000000 0.000000 0.000000
 10 -0.000006 0.002188 -1.281928 -0.368380 1.035882 2.436201
 11 7.285013 0.000001 0.000002 -0.254892 -0.775064 0.226408
 12 12.718711 0.000002 0.000001 0.000000 0.000000 -0.926096
 13 10.221166 -0.000001 0.000001 1.596463 -0.012423 -0.014118
 14 1.389922 -0.447517 1.936567 -0.210439 -0.761471 0.314906
 15 1.208669 0.000003 0.000004 0.000000 0.000000 0.000000
 16 1.208675 -0.000002 -0.000001 0.000000 0.000000 0.000000
 17 1.208681 0.000001 -0.000001 0.000000 0.000000 3.141593
 18 3.507804 -0.429741 1.193335 0.022860 -0.225875 -0.088311
 19 1.560287 -0.000001 0.000002 0.000000 0.000000 0.000000
 20 1.560288 -0.000000 0.000002 0.000000 0.000000 0.000000
 21 1.560290 -0.000001 0.000003 0.000000 0.000000 3.141593
 22 3.044307 -0.436516 0.176988 0.140338 -0.004885 0.034563
 23 1.820335 0.000000 -0.000002 0.000000 0.000000 0.000000
 24 1.820337 -0.000000 0.000002 0.000000 0.000000 0.000000
 25 1.820341 -0.000000 0.000002 0.000000 0.000000 3.141593
 26 3.330762 -0.128975 -0.727980 0.013106 0.174047 0.071026
 27 1.560288 0.000002 -0.000002 0.000000 0.000000 0.000000
 28 1.560296 0.000001 -0.000000 0.000000 0.000000 0.000000
 29 1.560288 0.000001 -0.000001 0.000000 0.000000 3.141593
 30 3.208157 0.466232 -1.931733 0.024854 0.330715 0.074094
 31 1.300241 0.000002 -0.000007 0.000000 0.000000 0.000000
 32 1.300240 0.000001 0.000004 0.000000 0.000000 0.000000
 33 1.300242 -0.000000 0.000007 0.000000 0.000000 3.141593
 34 -0.000003 0.002186 1.281928 0.291116 -1.122696 2.493069
 35 7.285011 0.000004 0.000001 0.830247 0.833330 0.527583
 36 12.538442 -0.000004 -0.000001 -0.000000 -0.000000 -0.673049
 37 10.782775 0.000007 -0.000004 -1.569766 -0.008853 -0.045267
 38 1.016388 0.059474 -2.003609 0.348822 0.790160 0.431299
 39 1.107949 0.000004 -0.000002 0.000000 0.000000 0.000000
 40 1.107955 -0.000006 0.000002 0.000000 0.000000 0.000000
 41 1.107953 -0.000000 0.000002 0.000000 0.000000 0.000000
 42 3.077729 -0.144554 -1.412630 0.003835 0.209388 0.026587
 43 1.560291 -0.000001 0.000004 0.000000 0.000000 0.000000
 44 1.560288 -0.000002 -0.000004 0.000000 0.000000 0.000000
 45 1.560288 -0.000002 0.000003 0.000000 0.000000 0.000000
 46 2.463500 0.093200 -0.291938 -0.000796 -0.000000 -0.000000
 47 1.820335 0.000003 0.000002 0.000000 0.000000 0.000000
 48 1.820338 0.000003 -0.000000 0.000000 0.000000 0.000000
 49 1.820338 0.000002 -0.000002 0.000000 0.000000 0.000000
 50 3.016628 -0.086196 0.699126 -0.016172 -0.173791 0.088745
 51 1.560290 -0.000000 0.000000 0.000000 0.000000 0.000000
 52 1.560288 0.000001 0.000004 0.000000 0.000000 0.000000
 53 1.560288 0.000003 0.000007 0.000000 0.000000 0.000000
 54 2.733755 0.442840 1.903233 -0.009342 -0.314026 0.027785
 55 1.300241 -0.000003 -0.000004 0.000000 0.000000 0.000000
 56 1.300240 0.000005 0.000008 0.000000 0.000000 0.000000
 57 1.300242 0.000000 -0.000002 0.000000 0.000000 0.000000
 58 -4.302514 0.316343 3.638251 -0.108392 -3.126767 -0.083363
 59 15.353568 0.000002 0.000000 -0.000000 0.000000 -0.500893
 60 19.266848 0.000004 0.000000 0.022953 -0.039822 0.361715
 61 4.212047 5.420717 -0.000000 -0.000000 -0.000000 1.570796
 62 0.549400 -0.000000 0.000000 0.000000 0.000000 3.141593
 63 -4.110866 0.113615 -3.681737 0.380394 2.903769 -0.019981
 64 15.353562 0.000001 0.000002 -0.000000 -0.000000 -0.879741
 65 19.266840 0.000006 -0.000004 0.067862 -0.190862 0.028105
 66 4.212046 5.420721 0.000000 -0.000000 0.000000 1.570796
 67 0.549399 0.000001 0.000001 0.000000 0.000000 0.000000
 68 -38.836464 -1.519710 -0.000051 3.141593 -1.570796 0.000000
time 26
  0 0.346346 -96.973114 39.874710 -0.000868 -0.162450 -1.619404
  1 -6.192440 0.032805 -37.783089 0.162220 -0.008726 1.618766
  2 -0.428442 0.006412 -0.000001 0.000001 -1.601586 -1.570793
  3 4.210234 -0.003792 -0.129592 -0.020073 0.031427 0.048212
  4 4.761444 -0.003790 -0.000000 0.000000 -0.000000 -0.000000
  5 4.761479 -0.003781 0.000018 -0.004620 0.000057 0.010130
  6 4.761487 -0.003794 0.000018 -0.004620 0.000057 0.010130
  7 4.762267 -0.002027 -0.000000 -0.000000 -0.000001 0.383972
  8 2.746987 -0.000000 -0.000000 0.117004 0.034658 -0.196909
  9 9.156632 0.000005 0.000000 0.000000 0.000000 0.000000
 10 0.000002 0.002189 -1.281928 -0.357148 1.031065 2.447024
 11 7.285013 0.000000 -0.000002 -0.334913 -0.800185 0.331490
 12 12.718718 0.000000 0.000003 -0.000000 0.000000 -0.842487
 13 10.221164 0.000001 -0.000001 1.592987 -0.011004 -0.011209
 14 1.389917 -0.447517 1.936558 -0.210439 -0.761471 0.314906
 15 1.208676 -0.000001 0.000002 0.000000 0.000000 0.000000
 16 1.208669 0.000000 -0.000001 0.000000 0.000000 0.000000
 17 1.208669 0.000001 -0.000000 0.000000 0.000000 3.141593
 18 3.507809 -0.429743 1.193333 0.022860 -0.225875 -0.088311
 19 1.560285 0.000000 0.000003 0.000000 0.000000 0.000000
 20 1.560282 0.000001 -0.000001 0.000000 0.000000 0.000000
 21 1.560294 -0.000001 -0.000001 0.000000 0.000000 3.141593
 22 3.044310 -0.436516 0.176979 0.140338 -0.004885 0.034563
 23 1.820340 -0.000000 0.000002 0.000000 0.000000 0.000000
 24 1.820337 0.000000 0.000000 0.000000 0.000000 0.000000
 25 1.820338 0.000001 -0.000002 0.000000 0.000000 3.141593
 26 3.330764 -0.128976 -0.727985 0.013106 0.174047 0.071026
 27 1.560289 -0.000001 -0.000002 0.000000 0.000000 0.000000
 28 1.560288 -0.000000 -0.000003 0.000000 0.000000 0.000000
 29 1.560289 -0.000000 -0.000004 0.000000 0.000000 3.141593
 30 3.208163 0.466231 -1.931738 0.024854 0.330715 0.074094
 31 1.300237 0.000000 -0.000002 0.000000 0.000000 0.000000
 32 1.300244 -0.000000 -0.000000 0.000000 0.000000 0.000000
 33 1.300244 -0.000000 0.000001 0.000000 0.000000 3.141593
 34 0.000005 0.002187 1.281928 0.305085 -1.148029 2.477160
 35 7.285012 0.000009 0.000002 0.658306 0.863995 0.377045
 36 12.538443 -0.000000 0.000000 0.000000 0.000000 -0.714142
 37 10.782782 -0.000002 0.000002 -1.573334 -0.001824 -0.044287
 38 1.016388 0.059481 -2.003611 0.348822 0.790160 0.431299
 39 1.107953 -0.000003 -0.000002 0.000000 0.000000 0.000000
 40 1.107953 -0.000004 -0.000000 0.000000 0.000000 0.000000
 41 1.107955 -0.000004 0.000001 0.000000 0.000000 0.000000
 42 3.077732 -0.144549 -1.412635 0.003835 0.209388 0.026587
 43 1.560291 0.000004 0.000001 0.000000 0.000000 0.000000
 44 1.560287 0.000003 0.000000 0.000000 0.000000 0.000000
 45 1.560287 0.000003 -0.000001 0.000000 0.000000 0.000000
 46 2.463500 0.093205 -0.291942 -0.000796 0.000000 0.000000
 47 1.820340 -0.000005 -0.000005 0.000000 0.000000 0.000000
 48 1.820339 0.000005 0.000007 0.000000 0.000000 0.000000
 49 1.820334 -0.000000 0.000001 0.000000 0.000000 0.000000
 50 3.016627 -0.086194 0.699120 -0.016172 -0.173791 0.088745
 51 1.560288 0.000001 0.000002 0.000000 0.000000 0.000000
 52 1.560291 -0.000001 0.000000 0.000000 0.000000 0.000000
 53 1.560289 -0.000003 -0.000002 0.000000 0.000000 0.000000
 54 2.733750 0.442847 1.903232 -0.009342 -0.314026 0.027785
 55 1.300242 0.000006 0.000006 0.000000 0.000000 0.000000
 56 1.300241 -0.000004 -0.000004 0.000000 0.000000 0.000000
 57 1.300242 0.000002 0.000000 0.000000 0.000000 0.000000
 58 -4.322249 0.133227 3.661646 -0.088592 3.136524 0.060056
 59 15.353562 0.000005 0.000000 0.000000 -0.000000 -0.348953
 60 19.266848 0.000003 0.000000 0.003356 -0.042503 0.331134
 61 4.212047 5.420718 -0.000000 -0.000000 -0.000000 1.570796
 62 0.549403 -0.000000 0.000000 0.000000 0.000000 3.141593
 63 -4.092065 0.280179 -3.658563 0.415296 2.929353 -0.085222
 64 15.353560 0.000000 -0.000002 -0.000000 0.000000 -0.778145
 65 19.266842 0.000004 0.000000 0.029866 -0.194328 0.184236
 66 4.212047 5.420715 0.000002 -0.000000 0.000000 1.570796
 67 0.549394 -0.000003 0.000002 0.000000 0.000000 0.000000
 68 -38.836464 -1.519706 -0.000050 3.141593 -1.570796 0.000000
time 27
  0 0.387858 -99.188339 39.895767 -0.001548 -0.154451 -1.562804
  1 -5.893265 0.058580 -37.852192 0.154459 -0.000318 1.562899
  2 -0.411503 -0.022091 -0.000000 0.000002 -1.602283 -1.570796
  3 4.210137 -0.003774 -0.132338 -0.069307 0.028900 0.046323
  4 4.761443 -0.003792 -0.000000 0.000000 0.000000 0.000000
  5 4.761481 -0.003788 0.000058 -0.015151 -0.000819 0.009709
  6 4.761479 -0.003788 0.000058 -0.015151 -0.000819 0.009709
  7 4.762261 -0.002024 0.000001 -0.000000 -0.000001 0.383972
  8 2.746984 -0.000003 -0.000000 0.122645 0.043834 -0.199276
  9 9.156627 -0.000002 0.000000 0.000000 0.000000 0.000000
 10 0.000003 0.002188 -1.281928 -0.339122 1.022566 2.464401
 11 7.285013 0.000003 0.000002 -0.412598 -0.802803 0.441822
 12 12.718710 -0.000004 -0.000000 0.000000 0.000000 -0.770935
 13 10.221161 -0.000000 0.000001 1.591120 -0.010980 -0.009996
 14 1.389919 -0.447518 1.936559 -0.210439 -0.761471 0.314906
 15 1.208674 -0.000000 -0.000002 0.000000 0.000000 0.000000
 16 1.208682 -0.000003 0.000003 0.000000 0.000000 0.000000
 17 1.208677 0.000001 -0.000002 0.000000 0.000000 3.141593
 18 3.507808 -0.429742 1.193330 0.022860 -0.225875 -0.088311
 19 1.560289 0.000000 -0.000006 0.000000 0.000000 0.000000
 20 1.560291 -0.000000 0.000006 0.000000 0.000000 0.000000
 21 1.560291 -0.000001 0.000002 0.000000 0.000000 3.141593
 22 3.044311 -0.436516 0.176984 0.140338 -0.004885 0.034563
 23 1.820338 -0.000001 0.000002 0.000000 0.000000 0.000000
 24 1.820339 -0.000001 0.000003 0.000000 0.000000 0.000000
 25 1.820338 0.000001 0.000003 0.000000 0.000000 3.141593
 26 3.330760 -0.128976 -0.727986 0.013106 0.174047 0.071026
 27 1.560289 -0.000000 -0.000002 0.000000 0.000000 0.000000
 28 1.560289 -0.000000 -0.000001 0.000000 0.000000 0.000000
 29 1.560290 -0.000000 -0.000001 0.000000 0.000000 3.141593
 30 3.208159 0.466231 -1.931738 0.024854 0.330715 0.074094
 31 1.300242 -0.000000 -0.000002 0.000000 0.000000 0.000000
 32 1.300240 -0.000001 0.000001 0.000000 0.000000 0.000000
 33 1.300242 -0.000001 0.000004 0.000000 0.000000 3.141593
 34 -0.000002 0.002176 1.281927 0.332010 -1.169775 2.449464
 35 7.285013 -0.000003 0.000001 0.485289 0.873408 0.232716
 36 12.538442 -0.000005 0.000000 0.000000 -0.000000 -0.769884
 37 10.782779 0.000001 -0.000001 -1.576993 0.004176 -0.042318
 38 1.016391 0.059479 -2.003610 0.348822 0.790160 0.431299
 39 1.107947 0.000003 -0.000000 0.000000 0.000000 0.000000
 40 1.107952 0.000001 -0.000003 0.000000 0.000000 0.000000
 41 1.107957 -0.000000 0.000000 0.000000 0.000000 0.000000
 42 3.077730 -0.144547 -1.412628 0.003835 0.209388 0.026587
 43 1.560282 0.000003 -0.000000 0.000000 0.000000 0.000000
 44 1.560290 0.000002 -0.000000 0.000000 0.000000 0.000000
 45 1.560291 0.000002 0.000000 0.000000 0.000000 0.000000
 46 2.463500 0.093205 -0.291938 -0.000796 -0.000000 -0.000000
 47 1.820339 -0.000003 0.000002 0.000000 0.000000 0.000000
 48 1.820336 -0.000003 0.000001 0.000000 0.000000 0.000000
 49 1.820337 -0.000004 -0.000000 0.000000 0.000000 0.000000
 50 3.016628 -0.086192 0.699125 -0.016172 -0.173791 0.088745
 51 1.560290 0.000001 -0.000005 0.000000 0.000000 0.000000
 52 1.560289 0.000003 0.000007 0.000000 0.000000 0.000000
 53 1.560286 0.000005 0.000002 0.000000 0.000000 0.000000
 54 2.733757 0.442845 1.903233 -0.009342 -0.314026 0.027785
 55 1.300243 -0.000002 -0.000001 0.000000 0.000000 0.000000
 56 1.300240 -0.000003 -0.000002 0.000000 0.000000 0.000000
 57 1.300240 -0.000004 -0.000002 0.000000 0.000000 0.000000
 58 -4.313358 -0.056026 3.676830 -0.071355 3.124340 0.197000
 59 15.353562 -0.000000 -0.000000 0.000000 -0.000000 -0.189473
 60 19.266846 0.000006 0.000000 -0.005014 -0.048447 0.287096
 61 4.212047 5.420719 0.000000 -0.000000 0.000000 1.570796
 62 0.549397 -0.000000 0.000000 0.000000 0.000000 3.141593
 63 -4.101679 0.451045 -3.627834 0.436833 2.958595 -0.141156
 64 15.353565 0.000001 -0.000001 -0.000000 0.000000 -0.653011
 65 19.266844 0.000005 -0.000003 -0.008656 -0.172655 0.287628
 66 4.212046 5.420722 -0.000000 -0.000000 -0.000000 1.570796
 67 0.549396 -0.000001 -0.000000 0.000000 0.000000 0.000000
 68 -38.836464 -1.519707 -0.000050 -3.141593 -1.570796 0.000000
time 28
  0 0.398409 -101.294106 39.653820 -0.001655 -0.144211 -1.502346
  1 -5.470590 0.062342 -37.671108 0.143990 0.008178 1.503055
  2 -0.396299 -0.051387 -0.000001 0.000000 -1.597816 -1.570794
  3 4.210685 -0.003761 -0.113353 -0.119036 0.021136 0.044603
  4 4.761446 -0.003795 0.000000 0.000000 0.000000 0.000000
  5 4.761480 -0.003797 0.000098 -0.025740 -0.001699 0.009300
  6 4.761477 -0.003784 0.000098 -0.025740 -0.001699 0.009300
  7 4.762266 -0.002026 0.000000 -0.000000 -0.000001 0.383972
  8 2.746989 0.000002 -0.000000 0.123612 0.055522 -0.212005
  9 9.156627 -0.000001 0.000000 0.000000 0.000000 0.000000
 10 0.000001 0.002190 -1.281928 -0.317157 1.012042 2.485375
 11 7.285011 0.000001 0.000000 -0.481353 -0.788949 0.552767
 12 12.718713 0.000001 0.000001 -0.000000 -0.000000 -0.703288
 13 10.221168 -0.000007 0.000001 1.590210 -0.011889 -0.009800
 14 1.389920 -0.447519 1.936563 -0.210439 -0.761471 0.314906
 15 1.208675 -0.000003 -0.000001 0.000000 0.000000 0.000000
 16 1.208672 0.000003 -0.000001 0.000000 0.000000 0.000000
 17 1.208676 -0.000001 0.000001 0.000000 0.000000 3.141593
 18 3.507809 -0.429742 1.193328 0.022860 -0.225875 -0.088311
 19 1.560290 0.000001 0.000005 0.000000 0.000000 0.000000
 20 1.560286 0.000001 -0.000005 0.000000 0.000000 0.000000
 21 1.560290 0.000001 -0.000001 0.000000 0.000000 3.141593
 22 3.044310 -0.436516 0.176978 0.140338 -0.004885 0.034563
 23 1.820338 -0.000000 0.000001 0.000000 0.000000 0.000000
 24 1.820338 0.000000 0.000001 0.000000 0.000000 0.000000
 25 1.820338 0.000001 0.000002 0.000000 0.000000 3.141593
 26 3.330762 -0.128976 -0.727990 0.013106 0.174047 0.071026
 27 1.560289 -0.000001 0.000002 0.000000 0.000000 0.000000
 28 1.560289 0.000001 0.000000 0.000000 0.000000 0.000000
 29 1.560289 -0.000001 -0.000002 0.000000 0.000000 3.141593
 30 3.208161 0.466231 -1.931740 0.024854 0.330715 0.074094
 31 1.300240 -0.000001 0.000005 0.000000 0.000000 0.000000
 32 1.300241 0.000000 -0.000009 0.000000 0.000000 0.000000
 33 1.300242 0.000000 0.000000 0.000000 0.000000 3.141593
 34 0.000004 0.002189 1.281928 0.382976 -1.184669 2.399626
 35 7.285011 0.000005 -0.000001 0.326088 0.868536 0.109555
 36 12.538440 -0.000007 0.000003 0.000000 -0.000000 -0.853473
 37 10.782773 0.000004 0.000001 -1.580884 0.008369 -0.038421
 38 1.016387 0.059478 -2.003608 0.348822 0.790160 0.431299
 39 1.107951 -0.000003 0.000002 0.000000 0.000000 0.000000
 40 1.107953 -0.000001 -0.000004 0.000000 0.000000 0.000000
 41 1.107946 0.000001 -0.000000 0.000000 0.000000 0.000000
 42 3.077731 -0.144554 -1.412633 0.003835 0.209388 0.026587
 43 1.560294 -0.000003 -0.000002 0.000000 0.000000 0.000000
 44 1.560284 -0.000002 -0.000001 0.000000 0.000000 0.000000
 45 1.560282 -0.000001 0.000000 0.000000 0.000000 0.000000
 46 2.463496 0.093203 -0.291937 -0.000796 -0.000000 -0.000000
 47 1.820333 0.000005 0.000007 0.000000 0.000000 0.000000
 48 1.820338 -0.000005 -0.000004 0.000000 0.000000 0.000000
 49 1.820339 0.000002 0.000003 0.000000 0.000000 0.000000
 50 3.016627 -0.086196 0.699125 -0.016172 -0.173791 0.088745
 51 1.560291 0.000001 -0.000002 0.000000 0.000000 0.000000
 52 1.560287 0.000002 0.000001 0.000000 0.000000 0.000000
 53 1.560287 0.000003 0.000004 0.000000 0.000000 0.000000
 54 2.733755 0.442842 1.903233 -0.009342 -0.314026 0.027785
 55 1.300239 0.000000 0.000001 0.000000 0.000000 0.000000
 56 1.300242 0.000000 0.000002 0.000000 0.000000 0.000000
 57 1.300243 0.000000 0.000002 0.000000 0.000000 0.000000
 58 -4.285203 -0.247611 3.682920 -0.062391 3.120062 0.297315
 59 15.353566 0.000001 -0.000000 0.000000 0.000000 -0.089792
 60 19.266844 0.000006 -0.000000 -0.001395 -0.051470 0.278992
 61 4.212047 5.420724 -0.000000 -0.000000 -0.000000 1.570796
 62 0.549400 0.000000 0.000000 0.000000 0.000000 3.141593
 63 -4.130374 0.622096 -3.588921 0.434109 2.995181 -0.177003
 64 15.353561 0.000002 -0.000002 -0.000000 0.000000 -0.476205
 65 19.266846 0.000003 -0.000002 -0.021752 -0.139161 0.294294
 66 4.212047 5.420718 0.000001 -0.000000 -0.000000 1.570796
 67 0.549401 -0.000000 0.000000 0.000000 0.000000 0.000000
 68 -38.836464 -1.519708 -0.000049 -3.141593 -1.570796 0.000000
time 29
  0 0.401221 -103.372505 39.307148 -0.001086 -0.133430 -1.440996
  1 -5.018024 0.040601 -37.384338 0.132460 0.016143 1.442139
  2 -0.382495 -0.081611 0.000002 0.000000 -1.591287 -1.570794
  3 4.211330 -0.003738 -0.085676 -0.168283 0.011212 0.043022
  4 4.761442 -0.003788 0.000000 0.000000 0.000000 0.000000
  5 4.761480 -0.003792 0.000137 -0.036212 -0.002585 0.008894
  6 4.761477 -0.003795 0.000137 -0.036212 -0.002585 0.008894
  7 4.762259 -0.002027 0.000001 -0.000000 -0.000001 0.383972
  8 2.746984 0.000001 -0.000001 0.121693 0.069322 -0.228341
  9 9.156627 0.000003 -0.000000 0.000000 0.000000 0.000000
 10 0.000005 0.002193 -1.281928 -0.294244 1.000500 2.507068
 11 7.285013 0.000004 -0.000002 -0.538943 -0.763057 0.659318
 12 12.718716 0.000001 0.000001 -0.000000 0.000000 -0.637203
 13 10.221165 0.000002 -0.000001 1.589684 -0.013171 -0.010011
 14 1.389922 -0.447518 1.936563 -0.210439 -0.761471 0.314906
 15 1.208668 0.000002 -0.000002 0.000000 0.000000 0.000000
 16 1.208675 -0.000003 -0.000001 0.000000 0.000000 0.000000
 17 1.208682 0.000000 -0.000001 0.000000 0.000000 3.141593
 18 3.507809 -0.429743 1.193330 0.022860 -0.225875 -0.088311
 19 1.560289 -0.000000 -0.000001 0.000000 0.000000 0.000000
 20 1.560287 -0.000000 -0.000001 0.000000 0.000000 0.000000
 21 1.560289 0.000000 -0.000001 0.000000 0.000000 3.141593
 22 3.044312 -0.436516 0.176981 0.140338 -0.004885 0.034563
 23 1.820340 0.000001 0.000000 0.000000 0.000000 0.000000
 24 1.820336 -0.000001 -0.000003 0.000000 0.000000 0.000000
 25 1.820336 -0.000000 -0.000006 0.000000 0.000000 3.141593
 26 3.330762 -0.128977 -0.727985 0.013106 0.174047 0.071026
 27 1.560288 -0.000001 0.000003 0.000000 0.000000 0.000000
 28 1.560291 0.000001 0.000002 0.000000 0.000000 0.000000
 29 1.560289 -0.000000 0.000002 0.000000 0.000000 3.141593
 30 3.208162 0.466230 -1.931739 0.024854 0.330715 0.074094
 31 1.300243 -0.000000 -0.000003 0.000000 0.000000 0.000000
 32 1.300239 -0.000000 0.000001 0.000000 0.000000 0.000000
 33 1.300241 -0.000000 0.000004 0.000000 0.000000 3.141593
 34 0.000002 0.002180 1.281927 0.453384 -1.194399 2.331373
 35 7.285012 0.000002 -0.000002 0.177210 0.851134 0.002875
 36 12.538440 -0.000003 0.000005 -0.000000 0.000000 -0.958761
 37 10.782778 -0.000000 -0.000004 -1.585134 0.011585 -0.032972
 38 1.016394 0.059480 -2.003612 0.348822 0.790160 0.431299
 39 1.107955 -0.000005 0.000003 0.000000 0.000000 0.000000
 40 1.107950 0.000004 -0.000002 0.000000 0.000000 0.000000
 41 1.107952 0.000004 -0.000003 0.000000 0.000000 0.000000
 42 3.077733 -0.144550 -1.412635 0.003835 0.209388 0.026587
 43 1.560289 0.000003 0.000003 0.000000 0.000000 0.000000
 44 1.560284 0.000005 -0.000001 0.000000 0.000000 0.000000
 45 1.560287 -0.000004 -0.000003 0.000000 0.000000 0.000000
 46 2.463504 0.093204 -0.291941 -0.000796 -0.000000 -0.000000
 47 1.820346 0.000000 -0.000001 0.000000 0.000000 0.000000
 48 1.820338 -0.000000 -0.000001 0.000000 0.000000 0.000000
 49 1.820337 0.000000 -0.000002 0.000000 0.000000 0.000000
 50 3.016627 -0.086193 0.699121 -0.016172 -0.173791 0.088745
 51 1.560287 0.000004 0.000003 0.000000 0.000000 0.000000
 52 1.560291 -0.000007 -0.000003 0.000000 0.000000 0.000000
 53 1.560288 0.000002 -0.000001 0.000000 0.000000 0.000000
 54 2.733756 0.442845 1.903229 -0.009342 -0.314026 0.027785
 55 1.300244 0.000004 0.000003 0.000000 0.000000 0.000000
 56 1.300241 0.000003 0.000002 0.000000 0.000000 0.000000
 57 1.300242 0.000002 0.000001 0.000000 0.000000 0.000000
 58 -4.249037 -0.437616 3.679605 -0.057718 3.121433 0.360563
 59 15.353567 -0.000005 -0.000000 0.000000 -0.000000 -0.055873
 60 19.266844 -0.000001 0.000000 0.006597 -0.056996 0.306349
 61 4.212047 5.420723 -0.000000 -0.000000 -0.000000 1.570796
 62 0.549395 -0.000000 0.000000 0.000000 0.000000 3.141593
 63 -4.166904 0.789218 -3.541766 0.416759 3.040230 -0.189263
 64 15.353565 0.000000 -0.000002 0.000000 -0.000000 -0.238983
 65 19.266850 -0.000001 -0.000002 -0.023807 -0.101306 0.236774
 66 4.212048 5.420723 -0.000003 -0.000000 0.000000 1.570796
 67 0.549396 -0.000000 0.000002 0.000000 0.000000 0.000000
 68 -38.836464 -1.519706 -0.000050 3.141593 -1.570796 0.000000
time 30
  0 0.419512 -105.505638 39.013939 0.000000 -0.123805 -1.381680
  1 -4.621763 -0.000001 -37.139961 0.121620 0.023217 1.383094
  2 -0.369734 -0.112914 -0.000000 -0.000002 -1.585791 -1.570795
  3 4.211726 -0.003711 -0.062348 -0.216093 0.002204 0.041543
  4 4.761444 -0.003789 0.000000 0.000000 0.000000 0.000000
  5 4.761475 -0.003779 0.000176 -0.046391 -0.003477 0.008483
  6 4.761478 -0.003785 0.000176 -0.046391 -0.003477 0.008483
  7 4.762264 -0.002029 0.000000 -0.000000 -0.000001 0.383972
  8 2.746980 -0.000003 -0.000000 0.118720 0.083902 -0.241599
  9 9.156621 -0.000003 -0.000000 0.000000 0.000000 0.000000
 10 -0.000001 0.002186 -1.281928 -0.273019 0.989075 2.527003
 11 7.285011 0.000005 0.000003 -0.586641 -0.729823 0.759579
 12 12.718718 -0.000001 -0.000001 -0.000000 0.000000 -0.570337
 13 10.221164 -0.000001 -0.000001 1.588966 -0.014267 -0.010017
 14 1.389919 -0.447519 1.936566 -0.210439 -0.761471 0.314906
 15 1.208678 -0.000001 -0.000002 0.000000 0.000000 0.000000
 16 1.208670 -0.000000 -0.000002 0.000000 0.000000 0.000000
 17 1.208670 0.000001 -0.000003 0.000000 0.000000 3.141593
 18 3.507811 -0.429742 1.193337 0.022860 -0.225875 -0.088311
 19 1.560287 -0.000000 -0.000007 0.000000 0.000000 0.000000
 20 1.560290 -0.000000 0.000003 0.000000 0.000000 0.000000
 21 1.560290 -0.000000 0.000005 0.000000 0.000000 3.141593
 22 3.044310 -0.436517 0.176987 0.140338 -0.004885 0.034563
 23 1.820339 -0.000001 -0.000007 0.000000 0.000000 0.000000
 24 1.820336 0.000000 0.000003 0.000000 0.000000 0.000000
 25 1.820338 0.000001 0.000006 0.000000 0.000000 3.141593
 26 3.330762 -0.128977 -0.727988 0.013106 0.174047 0.071026
 27 1.560287 -0.000000 0.000008 0.000000 0.000000 0.000000
 28 1.560291 0.000000 -0.000002 0.000000 0.000000 0.000000
 29 1.560288 0.000001 -0.000004 0.000000 0.000000 3.141593
 30 3.208161 0.466231 -1.931734 0.024854 0.330715 0.074094
 31 1.300236 -0.000001 0.000004 0.000000 0.000000 0.000000
 32 1.300246 0.000001 -0.000006 0.000000 0.000000 0.000000
 33 1.300241 -0.000000 -0.000002 0.000000 0.000000 3.141593
 34 -0.000003 0.002179 1.281928 0.526987 -1.202214 2.259527
 35 7.285013 -0.000008 -0.000001 0.043623 0.816596 -0.088985
 36 12.538440 -0.000002 0.000001 0.000000 -0.000000 -1.064050
 37 10.782775 0.000003 -0.000000 -1.589366 0.014824 -0.027537
 38 1.016386 0.059475 -2.003612 0.348822 0.790160 0.431299
 39 1.107955 0.000003 0.000002 0.000000 0.000000 0.000000
 40 1.107952 0.000002 -0.000001 0.000000 0.000000 0.000000
 41 1.107949 0.000000 -0.000000 0.000000 0.000000 0.000000
 42 3.077727 -0.144552 -1.412631 0.003835 0.209388 0.026587
 43 1.560290 -0.000005 -0.000001 0.000000 0.000000 0.000000
 44 1.560289 0.000004 -0.000001 0.000000 0.000000 0.000000
 45 1.560287 -0.000002 -0.000000 0.000000 0.000000 0.000000
 46 2.463499 0.093201 -0.291941 -0.000796 -0.000000 0.000000
 47 1.820340 -0.000004 -0.000001 0.000000 0.000000 0.000000
 48 1.820332 0.000005 -0.000001 0.000000 0.000000 0.000000
 49 1.820332 -0.000002 -0.000000 0.000000 0.000000 0.000000
 50 3.016622 -0.086196 0.699123 -0.016172 -0.173791 0.088745
 51 1.560285 -0.000002 -0.000001 0.000000 0.000000 0.000000
 52 1.560293 -0.000004 -0.000001 0.000000 0.000000 0.000000
 53 1.560285 0.000004 -0.000001 0.000000 0.000000 0.000000
 54 2.733749 0.442843 1.903232 -0.009342 -0.314026 0.027785
 55 1.300239 -0.000003 -0.000006 0.000000 0.000000 0.000000
 56 1.300239 -0.000002 0.000004 0.000000 0.000000 0.000000
 57 1.300239 -0.000000 -0.000001 0.000000 0.000000 0.000000
 58 -4.216146 -0.622230 3.667598 -0.050492 3.123686 0.436571
 59 15.353568 -0.000000 0.000000 0.000000 -0.000000 -0.001891
 60 19.266842 -0.000000 0.000000 0.011118 -0.062060 0.313319
 61 4.212047 5.420723 0.000000 -0.000000 0.000000 1.570796
 62 0.549394 -0.000000 -0.000000 0.000000 0.000000 3.141593
 63 -4.199991 0.948407 -3.487321 0.401536 3.085684 -0.198576
 64 15.353567 -0.000002 -0.000000 0.000000 -0.000000 -0.001761
 65 19.266844 0.000000 0.000001 -0.024798 -0.057537 0.177747
 66 4.212048 5.420720 -0.000001 -0.000000 -0.000000 1.570796
 67 0.549397 -0.000002 -0.000001 0.000000 0.000000 0.000000
 68 -38.836464 -1.519711 -0.000050 -3.141593 -1.570796 0.000000
end
