version 1
nodes
0 "ValveBiped.Soldier" -1
1 "ValveBiped.Bip01" -1
2 "ValveBiped.Bip01_Pelvis" 1
3 "ValveBiped.Bip01_L_Thigh" 2
4 "ValveBiped.Bip01_L_Calf" 3
5 "ValveBiped.Bip01_L_Foot" 4
6 "ValveBiped.Bip01_L_Toe0" 5
7 "ValveBiped.Bip01_R_Thigh" 2
8 "ValveBiped.Bip01_R_Calf" 7
9 "ValveBiped.Bip01_R_Foot" 8
10 "ValveBiped.Bip01_R_Toe0" 9
11 "ValveBiped.Cod" 2
12 "ValveBiped.Pouch" 2
13 "ValveBiped.Bip01_Spine" 1
14 "ValveBiped.Bip01_Spine1" 13
15 "ValveBiped.Bip01_Spine2" 14
16 "ValveBiped.Bip01_Spine4" 15
17 "ValveBiped.Bip01_Neck1" 16
18 "ValveBiped.Bip01_Head1" 17
19 "ValveBiped.Bip01_L_Clavicle" 16
20 "ValveBiped.Bip01_L_UpperArm" 19
21 "ValveBiped.Bip01_L_Forearm" 20
22 "ValveBiped.Bip01_L_Hand" 21
23 "ValveBiped.Bip01_L_Finger4" 22
24 "ValveBiped.Bip01_L_Finger41" 23
25 "ValveBiped.Bip01_L_Finger42" 24
26 "ValveBiped.Bip01_L_Finger3" 22
27 "ValveBiped.Bip01_L_Finger31" 26
28 "ValveBiped.Bip01_L_Finger32" 27
29 "ValveBiped.Bip01_L_Finger2" 22
30 "ValveBiped.Bip01_L_Finger21" 29
31 "ValveBiped.Bip01_L_Finger22" 30
32 "ValveBiped.Bip01_L_Finger1" 22
33 "ValveBiped.Bip01_L_Finger11" 32
34 "ValveBiped.Bip01_L_Finger12" 33
35 "ValveBiped.Bip01_L_Finger0" 22
36 "ValveBiped.Bip01_L_Finger01" 35
37 "ValveBiped.Bip01_L_Finger02" 36
38 "ValveBiped.Bip01_R_Clavicle" 16
39 "ValveBiped.Bip01_R_UpperArm" 38
40 "ValveBiped.Bip01_R_Forearm" 39
41 "ValveBiped.Bip01_R_Hand" 40
42 "ValveBiped.Bip01_R_Finger4" 41
43 "ValveBiped.Bip01_R_Finger41" 42
44 "ValveBiped.Bip01_R_Finger42" 43
45 "ValveBiped.Bip01_R_Finger3" 41
46 "ValveBiped.Bip01_R_Finger31" 45
47 "ValveBiped.Bip01_R_Finger32" 46
48 "ValveBiped.Bip01_R_Finger2" 41
49 "ValveBiped.Bip01_R_Finger21" 48
50 "ValveBiped.Bip01_R_Finger22" 49
51 "ValveBiped.Bip01_R_Finger1" 41
52 "ValveBiped.Bip01_R_Finger11" 51
53 "ValveBiped.Bip01_R_Finger12" 52
54 "ValveBiped.Bip01_R_Finger0" 41
55 "ValveBiped.Bip01_R_Finger01" 54
56 "ValveBiped.Bip01_R_Finger02" 55
57 "ValveBiped.LeftFootParent" -1
58 "ValveBiped.LeftFoot" 57
59 "ValveBiped.LfootUpVector" 58
60 "ValveBiped.LfootUpVector2" 58
61 "ValveBiped.spacer" 58
62 "ValveBiped.heel" 61
63 "ValveBiped.toe" 62
64 "ValveBiped.mid" 63
65 "ValveBiped.ankle" 64
66 "ValveBiped.spacer3" 64
67 "ValveBiped.LeftToe" 66
68 "ValveBiped.LeftRoll" 61
69 "ValveBiped.LeftToeTarget" 58
70 "ValveBiped.LegRollL_Point_ClsCtr" 58
71 "ValveBiped.RightFootParent" -1
72 "ValveBiped.RightFoot" 71
73 "ValveBiped.RightToeTarget" 72
74 "ValveBiped.spacer1" 72
75 "ValveBiped.heel1" 74
76 "ValveBiped.toe1" 75
77 "ValveBiped.mid1" 76
78 "ValveBiped.ankle1" 77
79 "ValveBiped.spacer4" 77
80 "ValveBiped.RightToe" 79
81 "ValveBiped.RightRoll" 74
82 "ValveBiped.RfootUpVector2" 72
83 "ValveBiped.RfootUpVector1" 72
84 "ValveBiped.LegRollR_Point_ClsCtr" 72
85 "ValveBiped.UpperBodyParent" -1
86 "ValveBiped.UpperBody" 85
87 "ValveBiped.SpineControlParent" 86
88 "ValveBiped.SpineControl" 87
89 "ValveBiped.SpineControlConstrainer" 88
90 "ValveBiped.SpineControl1" 88
91 "ValveBiped.SpineControlConstrainer1" 90
92 "ValveBiped.SpineControl2" 90
93 "ValveBiped.SpineControlConstrainer2" 92
94 "ValveBiped.SpineControl3" 92
95 "ValveBiped.SpineControlConstrainer3" 94
96 "ValveBiped.NeckControl" 94
97 "ValveBiped.NeckControlConstrainer" 96
98 "ValveBiped.HeadControl" 96
99 "ValveBiped.HeadControlConstrainer" 98
100 "ValveBiped.ClavicleControlParentL" 94
101 "ValveBiped.ClavicleControlL" 100
102 "ValveBiped.ClavicleControlParentR" 94
103 "ValveBiped.ClavicleControlR" 102
104 "ValveBiped.HandControlPosParentL" -1
105 "ValveBiped.UpperArmControlL" 104
106 "ValveBiped.HandControlPosL" 105
107 "ValveBiped.ArmRollL_Point_ClsCtr" 106
108 "ValveBiped.ArmRollL" 104
109 "ValveBiped.lArmUpVParent" 108
110 "ValveBiped.lArmUpV" 109
111 "ValveBiped.HandControlRotGrandmaL" -1
112 "ValveBiped.HandControlRotParentL" 111
113 "ValveBiped.HandControlRotL" 112
114 "ValveBiped.HandControlRotL1" 113
115 "ValveBiped.HandControlRotConstrainerL" 114
116 "ValveBiped.HandControlPosParentR" -1
117 "ValveBiped.UpperArmControlR" 116
118 "ValveBiped.HandControlPosR" 117
119 "ValveBiped.ArmRollR_Point_ClsCtr" 118
120 "ValveBiped.ArmRollR" 116
121 "ValveBiped.lArmUpVParent1" 120
122 "ValveBiped.rArmUpV" 121
123 "ValveBiped.HandControlRotGrandmaR" -1
124 "ValveBiped.HandControlRotParentR" 123
125 "ValveBiped.HandControlRotR" 124
126 "ValveBiped.HandControlRotR1" 125
127 "ValveBiped.HandControlRotConstrainerR" 126
128 "ValveBiped.LegRollControlParent_L" -1
129 "ValveBiped.LegRollL" 128
130 "ValveBiped.LUpVParent" 129
131 "ValveBiped.LeftLeg_UpV" 130
132 "ValveBiped.LegRollControlParent_R" -1
133 "ValveBiped.LegRollR" 132
134 "ValveBiped.RUpVParent" 133
135 "ValveBiped.RightLeg_UpV" 134
end
skeleton
time 0
0  0.000000 0.000000 0.000000  1.570796 -0.000000 0.000000
1  -0.705495 0.832910 36.364441  1.570626 -0.000000 -0.746639
2  0.000000 -0.000000 0.000000  -0.000000 -0.000000 -0.000000
3  3.890452 -0.000004 -0.000002  -2.204892 -0.322835 -1.288804
4  17.848177 0.000004 0.000000  -0.000000 0.000000 0.685887
5  15.638508 -0.000001 -0.000000  0.052381 0.138227 -1.199700
6  7.109931 -0.000000 0.000001  -0.007119 -0.003131 -0.631738
7  -3.890452 0.000003 0.000007  -1.503961 -0.222455 -1.655484
8  17.848173 0.000001 -0.000001  0.000000 0.000000 0.692761
9  15.638508 0.000000 -0.000000  0.037129 -0.074268 -1.397572
10  7.109930 -0.000001 -0.000001  -0.081154 -0.003131 -0.631749
11  -0.044716 2.528785 4.661500  -0.051503 -0.141013 0.043407
12  4.041916 4.954659 -8.467940  -0.000000 -0.392699 -0.000000
13  0.000005 3.345131 -2.981901  1.409079 0.084081 1.550109
14  4.018330 -0.000000 0.000000  -0.011799 -0.120110 0.193933
15  3.518561 -0.000001 -0.000000  -0.039210 -0.083509 0.333403
16  8.942640 0.000002 0.000000  -0.078838 0.112907 0.222365
17  3.306642 -0.000002 0.000001  3.138800 0.000567 0.400476
18  3.593713 0.000000 -0.000001  0.656506 -0.104867 0.778337
19  2.033347 1.000768 1.101696  -0.756144 -1.613466 -0.995085
20  6.809416 -0.000004 -0.000004  -2.694675 -0.748427 -0.075414
21  12.391796 0.000003 -0.000002  -0.000000 -0.000000 -1.594910
22  9.337074 0.000003 -0.000029  -0.031609 0.587339 0.625191
23  3.859712 -0.142428 -1.191954  -0.513267 0.072291 -1.288225
24  1.312558 -0.000005 0.000001  -0.163028 0.224047 -1.466962
25  0.729366 0.000005 0.000008  -0.068871 0.147979 -0.913117
26  3.942330 0.046751 -0.431423  -0.157261 0.007109 -0.685616
27  1.539095 0.000015 -0.000005  -0.068563 0.062695 -1.808644
28  1.196316 0.000001 -0.000008  -0.005433 0.026725 -0.524005
29  4.454025 -0.070202 0.572073  0.095490 -0.008587 -0.706366
30  1.426600 -0.000006 0.000001  0.055908 -0.087976 -1.504206
31  1.322465 -0.000003 0.000002  0.009312 -0.033625 -0.575065
32  4.477066 -0.028572 1.582477  0.481653 -0.035390 -1.246096
33  1.344420 0.000001 -0.000008  0.023466 -0.208305 -0.755723
34  1.224680 0.000008 0.000006  0.026043 -0.124620 -0.538676
35  2.630328 -0.345016 1.907215  -0.354022 -0.915164 -1.788195
36  1.059297 -0.000005 0.000002  -0.001067 -0.012855 0.250988
37  0.781211 0.000003 -0.000000  -0.000096 -0.003210 0.062757
38  2.033355 1.000773 -1.101646  -0.035395 1.947891 -1.725942
39  6.809418 -0.000003 0.000002  1.130649 1.266655 -0.925695
40  12.391793 0.000003 -0.000000  0.000000 -0.000000 -1.834708
41  9.337107 0.000000 -0.000002  -0.795078 0.134740 0.665882
42  3.859662 -0.132560 1.193131  0.217767 -0.010340 -1.857608
43  1.312559 -0.000005 0.000006  0.044560 -0.180938 -0.876601
44  0.729361 -0.000000 -0.000007  0.155228 -0.190276 -1.393021
45  3.942289 0.050339 0.431065  0.139630 -0.069408 -0.865173
46  1.539097 -0.000007 0.000001  0.049426 -0.072767 -1.413300
47  1.196323 -0.000002 0.000001  0.018371 -0.045481 -0.841346
48  4.453986 -0.073770 -0.571678  0.047699 -0.153453 -0.767464
49  1.426598 -0.000000 -0.000003  -0.053883 0.078890 -1.553256
50  1.322464 -0.000003 -0.000002  -0.013603 0.036958 -0.732277
51  4.477036 -0.043466 -1.581295  -0.332631 0.218360 0.154973
52  1.344412 -0.000001 -0.000005  -0.042629 0.220735 -0.851579
53  1.224671 0.000000 0.000011  0.008150 -0.000004 -0.000025
54  2.630290 -0.359834 -1.904298  0.415078 0.423437 -0.720800
55  1.059291 0.000002 0.000008  0.015101 0.038905 0.767148
56  0.781204 -0.000003 -0.000002  0.004782 0.022537 0.418308
57  4.069501 1.811269 4.279048  1.570796 -0.000000 0.000000
58  0.000000 -0.000000 -0.000000  0.000000 0.052360 0.000000
59  0.032300 -4.377938 -4.331139  -0.000000 -0.000000 0.000000
60  -0.002340 -4.618855 4.848104  -0.000000 0.000937 -0.001514
61  -0.000000 0.000000 -0.000000  0.000000 -0.000000 0.000000
62  -0.014019 -4.136677 -0.422642  0.000001 -0.000000 0.000000
63  0.014022 0.341392 9.682304  0.000000 0.000937 -0.001514
64  0.003298 0.000005 -3.521831  0.000000 -0.000000 -0.000000
65  -0.000369 3.795277 -5.737836  0.000000 -0.000000 0.000000
66  -0.000000 0.000000 0.000000  -0.000001 0.000000 0.000000
67  -0.000000 -0.000000 -0.000000  -0.000000 -0.000000 -0.000000
68  -0.000000 0.000000 -0.000000  -0.000000 0.000000 0.000000
69  0.000003 -3.795290 9.259664  -0.000000 0.000937 -0.001514
70  7.999999 0.000001 -0.000000  0.000001 -0.052360 -0.000000
71  -4.069616 1.811259 4.279059  1.570796 -0.000000 0.000000
72  0.000000 -0.000000 -0.000000  0.000000 -0.052360 0.000000
73  0.000003 -3.795289 9.259665  -0.001320 -0.008192 0.060729
74  0.000000 0.000000 0.000000  0.000000 0.000000 0.000000
75  0.014020 -4.136677 -0.422641  0.000001 0.000000 -0.000000
76  -0.014018 0.341393 9.682305  -0.000000 0.000937 -0.001514
77  0.003297 0.000005 -3.521831  0.000000 -0.000000 -0.000000
78  -0.000369 3.795275 -5.737837  0.000000 0.000000 0.000000
79  -0.000000 0.000000 0.000000  -0.000000 0.000000 0.000000
80  -0.000000 0.000000 -0.000000  -0.000000 -0.000000 -0.000000
81  0.000000 0.000000 0.000000  -0.000000 -0.000000 -0.000000
82  -0.062978 -4.612901 4.868224  -0.000000 0.000937 -0.001514
83  0.032300 -4.377938 -4.331139  -0.000000 0.000000 -0.000000
84  -8.000000 0.000001 0.000000  0.000001 0.052360 0.000000
85  0.000156 0.385903 39.987263  1.570796 -0.000000 0.000000
86  -0.000161 -1.420346 0.919518  0.000000 -0.000000 0.000000
87  0.000005 3.345128 -2.981901  1.570796 0.083187 1.570796
88  0.000000 -0.000000 -0.000000  0.000000 0.000000 0.000000
89  0.000003 0.000000 -0.000000  -0.000000 -0.000000 -0.003106
90  4.018316 -0.012484 -0.000000  -0.000000 -0.000000 -0.000000
91  0.000005 -0.000000 0.000000  -0.000000 0.000000 -0.032354
92  3.516729 -0.113802 -0.000000  0.000000 -0.000000 -0.000000
93  0.000002 -0.000000 0.000000  0.000000 0.000000 0.067981
94  8.921986 0.607517 -0.000001  -0.000000 -0.000000 -0.000000
95  -0.000000 -0.000000 0.000000  0.000000 0.000000 0.262078
96  3.194337 0.856892 -0.000000  0.000000 -0.000000 -0.000000
97  0.000001 0.000000 0.000000  3.141590 -0.000000 0.662566
98  2.833353 2.210629 -0.000000  0.000000 -0.000000 -0.000000
99  -0.000002 -0.000000 0.000000  3.141590 -0.000000 0.255978
100  1.704618 1.493419 1.937660  -1.544954 -1.855079 0.063449
101  -0.000001 0.000001 0.000000  0.000000 0.000000 0.000001
102  1.704624 1.493426 -1.937611  1.473111 1.855076 0.063436
103  -0.000003 0.000003 0.000001  0.000000 0.000000 -0.000001
104  7.723854 1.956159 58.484589  1.570796 -0.000000 0.000000
105  0.000000 0.000001 -0.000000  0.000000 -0.000000 0.000000
106  14.952688 -17.686636 -0.395722  0.000001 -0.000000 0.000000
107  0.000000 9.000000 -0.000003  0.000000 -0.000000 0.000000
108  0.000000 0.000001 -0.000000  0.000000 -0.000000 0.000000
109  0.000000 0.000002 -9.999998  0.000000 -0.000000 0.000000
110  0.000000 0.000002 0.000000  0.000001 -0.000000 0.000000
111  15.264428 2.505456 49.565292  -0.015813 0.868860 -0.020712
112  11.481673 -0.000034 -0.000029  1.573178 -0.106616 0.044195
113  -0.000001 0.000004 0.000000  -0.000000 0.000000 0.000002
114  -0.000001 0.000000 0.000000  -0.000000 -0.000000 0.000000
115  -0.000001 0.000000 0.000000  0.000000 0.000000 0.000000
116  -7.723807 1.956140 58.484608  1.570796 -0.000000 0.000000
117  0.000000 0.000001 -0.000000  0.000000 -0.000000 0.000000
118  -14.952740 -17.686594 -0.395684  0.000001 -0.000000 0.000000
119  0.000000 9.000000 -0.000003  0.000000 -0.000000 0.000000
120  0.000000 0.000024 -0.000000  0.000000 -0.000000 0.000000
121  0.000000 -0.000021 -9.999999  0.000000 -0.000000 0.000000
122  0.000000 0.000002 0.000000  0.000001 -0.000000 0.000000
123  -15.264407 2.505418 49.565334  0.015813 2.272735 0.020712
124  11.481701 -0.000054 -0.000002  -1.564933 0.106603 0.044183
125  -0.000003 -0.000001 -0.000000  -0.000000 0.000000 -0.000003
126  0.000003 0.000001 -0.000000  -0.000000 -0.000000 -0.000000
127  0.000003 0.000001 0.000000  0.000000 0.000000 -0.000000
128  3.890447 -0.533611 38.566914  1.570796 -0.000000 0.000000
129  0.000000 -0.000000 0.000000  0.000000 -0.000000 0.000000
130  0.000000 -0.000002 -9.999999  0.000000 -0.000000 0.000000
131  0.000000 -0.000002 -0.000000  0.000000 -0.000000 0.000000
132  -3.890457 -0.533622 38.566921  1.570796 -0.000000 0.000000
133  0.000000 -0.000000 0.000000  0.000000 -0.000000 0.000000
134  0.000000 -0.000002 -9.999999  0.000000 -0.000000 0.000000
135  0.000000 -0.000002 -0.000000  0.000000 -0.000000 0.000000
time 1
0  0.000000 0.000000 0.000000  1.570796 -0.000000 0.000000
1  -0.486739 0.751651 36.354153  1.570371 -0.007761 -0.769035
2  0.000000 0.000002 -0.000000  -0.000000 -0.000000 0.000000
3  3.890452 -0.000005 -0.000002  -2.229897 -0.314461 -1.295416
4  17.848173 0.000002 -0.000000  0.000000 -0.000000 0.685375
5  15.638505 -0.000000 -0.000001  0.057825 0.137424 -1.203345
6  7.109928 -0.000001 0.000001  -0.007119 -0.003131 -0.631738
7  -3.890452 0.000005 0.000006  -1.507679 -0.234264 -1.670431
8  17.848173 0.000001 -0.000000  0.000000 0.000000 0.701372
9  15.638511 0.000001 0.000000  0.031848 -0.093563 -1.394993
10  7.109929 -0.000001 0.000000  -0.081154 -0.003131 -0.631749
11  -0.044717 2.528785 4.661499  -0.050917 -0.132849 0.040321
12  4.041916 4.954663 -8.467939  -0.000000 -0.392699 0.000000
13  0.023443 3.345132 -2.981901  1.417970 0.084535 1.550168
14  4.018329 -0.000000 -0.000000  -0.011754 -0.104122 0.191254
15  3.518561 -0.000001 0.000000  -0.036610 -0.069547 0.327798
16  8.942641 0.000001 0.000001  -0.071303 0.106459 0.214783
17  3.306641 0.000001 -0.000000  3.138800 0.000567 0.400476
18  3.593708 -0.000008 -0.000002  0.674943 -0.072103 0.768894
19  2.033343 1.000771 1.101698  -0.717873 -1.618107 -1.033255
20  6.809414 0.000005 -0.000004  -2.575614 -0.760975 -0.166007
21  12.391798 0.000009 -0.000000  0.000000 -0.000000 -1.582767
22  9.337072 -0.000003 -0.000028  0.020139 0.393342 0.524569
23  3.859711 -0.142429 -1.191951  -0.513267 0.072291 -1.288225
24  1.312560 -0.000004 0.000004  -0.163028 0.224047 -1.466962
25  0.729364 0.000004 0.000000  -0.068871 0.147979 -0.913117
26  3.942335 0.046748 -0.431424  -0.157261 0.007109 -0.685616
27  1.539092 0.000013 -0.000017  -0.068563 0.062695 -1.808644
28  1.196319 0.000002 -0.000004  -0.005433 0.026725 -0.524005
29  4.454021 -0.070200 0.572075  0.095490 -0.008587 -0.706335
30  1.426602 -0.000003 0.000008  0.055908 -0.087976 -1.504206
31  1.322468 -0.000003 -0.000005  0.009312 -0.033625 -0.575065
32  4.477063 -0.028573 1.582475  0.481653 -0.035390 -1.246096
33  1.344416 0.000004 0.000000  0.023466 -0.208305 -0.755723
34  1.224672 0.000003 0.000002  0.026043 -0.124620 -0.538676
35  2.630322 -0.345013 1.907215  -0.354022 -0.915164 -1.788195
36  1.059285 -0.000004 0.000001  -0.001067 -0.012855 0.250988
37  0.781212 0.000002 0.000001  -0.000096 -0.003210 0.062757
38  2.033350 1.000775 -1.101646  -0.005336 1.944492 -1.693542
39  6.809417 0.000002 0.000001  1.107934 0.970794 -0.808874
40  12.391794 0.000002 -0.000004  0.000000 -0.000000 -1.805978
41  9.337107 -0.000001 0.000001  -0.806087 0.122710 0.642742
42  3.859662 -0.132557 1.193135  0.217797 -0.010344 -1.857547
43  1.312560 -0.000002 0.000005  0.044557 -0.180927 -0.876573
44  0.729359 0.000000 -0.000003  0.155218 -0.190264 -1.392948
45  3.942290 0.050341 0.431068  0.139625 -0.069422 -0.865085
46  1.539097 -0.000006 -0.000003  0.049423 -0.072763 -1.413226
47  1.196322 -0.000000 0.000003  0.018370 -0.045479 -0.841320
48  4.453988 -0.073766 -0.571676  0.036709 -0.146382 -0.713756
49  1.426598 0.000000 0.000000  -0.046728 0.078435 -1.462443
50  1.322463 0.000000 0.000003  -0.011733 0.034765 -0.680089
51  4.477035 -0.043463 -1.581297  -0.324541 0.217665 0.165277
52  1.344414 -0.000001 -0.000006  -0.030045 0.209313 -0.792627
53  1.224671 0.000000 0.000007  0.008114 -0.004127 0.017443
54  2.630291 -0.359831 -1.904294  0.451683 0.451415 -0.732967
55  1.059293 0.000000 0.000003  0.013734 0.037431 0.731252
56  0.781204 -0.000003 -0.000004  0.004350 0.021542 0.398748
57  4.069501 1.811269 4.279048  1.570796 -0.000000 0.000000
58  0.000000 -0.000000 -0.000000  0.000000 0.052360 0.000000
59  0.032300 -4.377938 -4.331139  -0.000000 -0.000000 0.000000
60  -0.002340 -4.618855 4.848104  -0.000000 0.000937 -0.001514
61  -0.000000 0.000000 -0.000000  0.000000 -0.000000 0.000000
62  -0.014019 -4.136677 -0.422642  0.000001 -0.000000 0.000000
63  0.014022 0.341392 9.682304  0.000000 0.000937 -0.001514
64  0.003298 0.000005 -3.521831  0.000000 -0.000000 -0.000000
65  -0.000369 3.795277 -5.737836  0.000000 -0.000000 0.000000
66  -0.000000 0.000000 0.000000  -0.000001 0.000000 0.000000
67  -0.000000 -0.000000 -0.000000  -0.000000 -0.000000 -0.000000
68  -0.000000 0.000000 -0.000000  -0.000000 0.000000 0.000000
69  0.000003 -3.795290 9.259664  -0.000000 0.000937 -0.001514
70  7.999999 0.000001 -0.000000  0.000001 -0.052360 -0.000000
71  -4.069616 1.811259 4.279059  1.570796 -0.000000 0.000000
72  0.000000 -0.000000 -0.000000  0.000000 -0.052360 0.000000
73  0.000003 -3.795289 9.259665  -0.001320 -0.008192 0.060729
74  0.000000 0.000000 0.000000  0.000000 0.000000 0.000000
75  0.014020 -4.136677 -0.422641  0.000001 0.000000 -0.000000
76  -0.014018 0.341393 9.682305  -0.000000 0.000937 -0.001514
77  0.003297 0.000005 -3.521831  0.000000 -0.000000 -0.000000
78  -0.000369 3.795275 -5.737837  0.000000 0.000000 0.000000
79  -0.000000 0.000000 0.000000  -0.000000 0.000000 0.000000
80  -0.000000 0.000000 -0.000000  -0.000000 -0.000000 -0.000000
81  0.000000 0.000000 0.000000  -0.000000 -0.000000 -0.000000
82  -0.062978 -4.612901 4.868224  -0.000000 0.000937 -0.001514
83  0.032300 -4.377938 -4.331139  -0.000000 0.000000 -0.000000
84  -8.000000 0.000001 0.000000  0.000001 0.052360 0.000000
85  0.000156 0.385903 39.987263  1.570796 -0.000000 0.000000
86  -0.000161 -1.420346 0.919518  0.000000 -0.000000 0.000000
87  0.000005 3.345128 -2.981901  1.570796 0.083187 1.570796
88  0.000000 -0.000000 -0.000000  0.000000 0.000000 0.000000
89  0.000003 0.000000 -0.000000  -0.000000 -0.000000 -0.003106
90  4.018316 -0.012484 -0.000000  -0.000000 -0.000000 -0.000000
91  0.000005 -0.000000 0.000000  -0.000000 0.000000 -0.032354
92  3.516729 -0.113802 -0.000000  0.000000 -0.000000 -0.000000
93  0.000002 -0.000000 0.000000  0.000000 0.000000 0.067981
94  8.921986 0.607517 -0.000001  -0.000000 -0.000000 -0.000000
95  -0.000000 -0.000000 0.000000  0.000000 0.000000 0.262078
96  3.194337 0.856892 -0.000000  0.000000 -0.000000 -0.000000
97  0.000001 0.000000 0.000000  3.141590 -0.000000 0.662566
98  2.833353 2.210629 -0.000000  0.000000 -0.000000 -0.000000
99  -0.000002 -0.000000 0.000000  3.141590 -0.000000 0.255978
100  1.704618 1.493419 1.937660  -1.544954 -1.855079 0.063449
101  -0.000001 0.000001 0.000000  0.000000 0.000000 0.000001
102  1.704624 1.493426 -1.937611  1.473111 1.855076 0.063436
103  -0.000003 0.000003 0.000001  0.000000 0.000000 -0.000001
104  7.723854 1.956159 58.484589  1.570796 -0.000000 0.000000
105  0.000000 0.000001 -0.000000  0.000000 -0.000000 0.000000
106  14.952688 -17.686636 -0.395722  0.000001 -0.000000 0.000000
107  0.000000 9.000000 -0.000003  0.000000 -0.000000 0.000000
108  0.000000 0.000001 -0.000000  0.000000 -0.000000 0.000000
109  0.000000 0.000002 -9.999998  0.000000 -0.000000 0.000000
110  0.000000 0.000002 0.000000  0.000001 -0.000000 0.000000
111  15.264428 2.505456 49.565292  -0.015813 0.868860 -0.020712
112  11.481673 -0.000034 -0.000029  1.573178 -0.106616 0.044195
113  -0.000001 0.000004 0.000000  -0.000000 0.000000 0.000002
114  -0.000001 0.000000 0.000000  -0.000000 -0.000000 0.000000
115  -0.000001 0.000000 0.000000  0.000000 0.000000 0.000000
116  -7.723807 1.956140 58.484608  1.570796 -0.000000 0.000000
117  0.000000 0.000001 -0.000000  0.000000 -0.000000 0.000000
118  -14.952740 -17.686594 -0.395684  0.000001 -0.000000 0.000000
119  0.000000 9.000000 -0.000003  0.000000 -0.000000 0.000000
120  0.000000 0.000024 -0.000000  0.000000 -0.000000 0.000000
121  0.000000 -0.000021 -9.999999  0.000000 -0.000000 0.000000
122  0.000000 0.000002 0.000000  0.000001 -0.000000 0.000000
123  -15.264407 2.505418 49.565334  0.015813 2.272735 0.020712
124  11.481701 -0.000054 -0.000002  -1.564933 0.106603 0.044183
125  -0.000003 -0.000001 -0.000000  -0.000000 0.000000 -0.000003
126  0.000003 0.000001 -0.000000  -0.000000 -0.000000 -0.000000
127  0.000003 0.000001 0.000000  0.000000 0.000000 -0.000000
128  3.890447 -0.533611 38.566914  1.570796 -0.000000 0.000000
129  0.000000 -0.000000 0.000000  0.000000 -0.000000 0.000000
130  0.000000 -0.000002 -9.999999  0.000000 -0.000000 0.000000
131  0.000000 -0.000002 -0.000000  0.000000 -0.000000 0.000000
132  -3.890457 -0.533622 38.566921  1.570796 -0.000000 0.000000
133  0.000000 -0.000000 0.000000  0.000000 -0.000000 0.000000
134  0.000000 -0.000002 -9.999999  0.000000 -0.000000 0.000000
135  0.000000 -0.000002 -0.000000  0.000000 -0.000000 0.000000
time 2
0  0.000000 0.000000 0.000000  1.570796 -0.000000 0.000000
1  -0.267982 0.670392 36.343857  1.569692 -0.015661 -0.801672
2  -0.000000 -0.000001 -0.000000  -0.000000 -0.000000 0.000000
3  3.890453 -0.000006 -0.000002  -2.254615 -0.303532 -1.302125
4  17.848177 0.000004 -0.000001  0.000000 0.000000 0.684863
5  15.638506 0.000001 0.000000  0.056052 0.129719 -1.209141
6  7.109929 -0.000000 0.000001  -0.007119 -0.003131 -0.631738
7  -3.890452 0.000005 0.000007  -1.511493 -0.247794 -1.685945
8  17.848175 0.000003 0.000000  0.000000 0.000000 0.709901
9  15.638513 0.000001 0.000001  0.020822 -0.121233 -1.390218
10  7.109929 -0.000000 0.000000  -0.081154 -0.003131 -0.631749
11  -0.044717 2.528780 4.661500  -0.050332 -0.124970 0.037034
12  4.041916 4.954661 -8.467940  -0.000000 -0.392699 0.000000
13  0.050788 3.345129 -2.981901  1.426593 0.084903 1.550168
14  4.018326 -0.000000 0.000000  -0.011618 -0.088398 0.188801
15  3.518556 -0.000001 0.000001  -0.034010 -0.055788 0.322477
16  8.942639 0.000001 -0.000000  -0.063864 0.100215 0.207201
17  3.306641 -0.000005 -0.000000  3.138800 0.000567 0.400476
18  3.593706 -0.000001 -0.000001  0.700045 -0.039853 0.759199
19  2.033346 1.000765 1.101697  -0.689374 -1.622796 -1.061635
20  6.809415 0.000001 -0.000001  -2.456171 -0.767788 -0.256031
21  12.391797 0.000001 -0.000003  -0.000000 -0.000000 -1.569915
22  9.337080 -0.000001 -0.000027  0.082860 0.194478 0.412350
23  3.859707 -0.142430 -1.191961  -0.513267 0.072291 -1.288225
24  1.312570 -0.000005 -0.000003  -0.163028 0.224047 -1.466962
25  0.729362 0.000000 -0.000002  -0.068871 0.147979 -0.913117
26  3.942331 0.046740 -0.431422  -0.157261 0.007109 -0.685616
27  1.539096 0.000012 -0.000011  -0.068563 0.062695 -1.808644
28  1.196325 0.000014 -0.000007  -0.005433 0.026725 -0.524005
29  4.454025 -0.070206 0.572075  0.095490 -0.008587 -0.706335
30  1.426602 -0.000002 0.000007  0.055908 -0.087976 -1.504206
31  1.322466 0.000002 0.000006  0.009312 -0.033625 -0.575065
32  4.477062 -0.028576 1.582471  0.481653 -0.035390 -1.246096
33  1.344416 -0.000002 -0.000007  0.023466 -0.208305 -0.755723
34  1.224673 0.000002 0.000003  0.026043 -0.124620 -0.538676
35  2.630324 -0.345017 1.907209  -0.354022 -0.915164 -1.788195
36  1.059290 -0.000004 -0.000001  -0.001067 -0.012855 0.250988
37  0.781215 0.000004 -0.000000  -0.000096 -0.003210 0.062757
38  2.033360 1.000764 -1.101647  0.025297 1.941942 -1.660567
39  6.809419 -0.000003 0.000002  1.055782 0.660743 -0.699624
40  12.391791 -0.000000 -0.000003  0.000000 -0.000000 -1.775094
41  9.337103 -0.000002 0.000002  -0.816648 0.109537 0.618824
42  3.859663 -0.132560 1.193139  0.218009 -0.010372 -1.857120
43  1.312563 -0.000004 0.000007  0.044537 -0.180852 -0.876377
44  0.729358 0.000001 0.000001  0.155150 -0.190183 -1.392433
45  3.942289 0.050337 0.431068  0.139617 -0.069461 -0.864849
46  1.539096 -0.000008 -0.000002  0.049402 -0.072734 -1.412704
47  1.196324 -0.000001 0.000008  0.018362 -0.045463 -0.841136
48  4.453990 -0.073769 -0.571673  0.026127 -0.138915 -0.658249
49  1.426601 -0.000000 -0.000001  -0.039561 0.077320 -1.370307
50  1.322468 0.000000 -0.000003  -0.009911 0.032392 -0.625990
51  4.477037 -0.043465 -1.581292  -0.315565 0.216874 0.178343
52  1.344414 0.000000 -0.000002  -0.017845 0.196801 -0.732166
53  1.224673 0.000003 0.000008  0.007982 -0.008813 0.037304
54  2.630293 -0.359833 -1.904290  0.488771 0.481429 -0.743326
55  1.059291 0.000002 0.000006  0.012440 0.035945 0.695933
56  0.781202 -0.000007 0.000006  0.003943 0.020547 0.379500
57  4.069501 1.811269 4.279048  1.570796 -0.000000 0.000000
58  0.000000 -0.000000 -0.000000  0.000000 0.052360 0.000000
59  0.032300 -4.377938 -4.331139  -0.000000 -0.000000 0.000000
60  -0.002340 -4.618855 4.848104  -0.000000 0.000937 -0.001514
61  -0.000000 0.000000 -0.000000  0.000000 -0.000000 0.000000
62  -0.014019 -4.136677 -0.422642  0.000001 -0.000000 0.000000
63  0.014022 0.341392 9.682304  0.000000 0.000937 -0.001514
64  0.003298 0.000005 -3.521831  0.000000 -0.000000 -0.000000
65  -0.000369 3.795277 -5.737836  0.000000 -0.000000 0.000000
66  -0.000000 0.000000 0.000000  -0.000001 0.000000 0.000000
67  -0.000000 -0.000000 -0.000000  -0.000000 -0.000000 -0.000000
68  -0.000000 0.000000 -0.000000  -0.000000 0.000000 0.000000
69  0.000003 -3.795290 9.259664  -0.000000 0.000937 -0.001514
70  7.999999 0.000001 -0.000000  0.000001 -0.052360 -0.000000
71  -4.069616 1.811259 4.279059  1.570796 -0.000000 0.000000
72  0.000000 -0.000000 -0.000000  0.000000 -0.052360 0.000000
73  0.000003 -3.795289 9.259665  -0.001320 -0.008192 0.060729
74  0.000000 0.000000 0.000000  0.000000 0.000000 0.000000
75  0.014020 -4.136677 -0.422641  0.000001 0.000000 -0.000000
76  -0.014018 0.341393 9.682305  -0.000000 0.000937 -0.001514
77  0.003297 0.000005 -3.521831  0.000000 -0.000000 -0.000000
78  -0.000369 3.795275 -5.737837  0.000000 0.000000 0.000000
79  -0.000000 0.000000 0.000000  -0.000000 0.000000 0.000000
80  -0.000000 0.000000 -0.000000  -0.000000 -0.000000 -0.000000
81  0.000000 0.000000 0.000000  -0.000000 -0.000000 -0.000000
82  -0.062978 -4.612901 4.868224  -0.000000 0.000937 -0.001514
83  0.032300 -4.377938 -4.331139  -0.000000 0.000000 -0.000000
84  -8.000000 0.000001 0.000000  0.000001 0.052360 0.000000
85  0.000156 0.385903 39.987263  1.570796 -0.000000 0.000000
86  -0.000161 -1.420346 0.919518  0.000000 -0.000000 0.000000
87  0.000005 3.345128 -2.981901  1.570796 0.083187 1.570796
88  0.000000 -0.000000 -0.000000  0.000000 0.000000 0.000000
89  0.000003 0.000000 -0.000000  -0.000000 -0.000000 -0.003106
90  4.018316 -0.012484 -0.000000  -0.000000 -0.000000 -0.000000
91  0.000005 -0.000000 0.000000  -0.000000 0.000000 -0.032354
92  3.516729 -0.113802 -0.000000  0.000000 -0.000000 -0.000000
93  0.000002 -0.000000 0.000000  0.000000 0.000000 0.067981
94  8.921986 0.607517 -0.000001  -0.000000 -0.000000 -0.000000
95  -0.000000 -0.000000 0.000000  0.000000 0.000000 0.262078
96  3.194337 0.856892 -0.000000  0.000000 -0.000000 -0.000000
97  0.000001 0.000000 0.000000  3.141590 -0.000000 0.662566
98  2.833353 2.210629 -0.000000  0.000000 -0.000000 -0.000000
99  -0.000002 -0.000000 0.000000  3.141590 -0.000000 0.255978
100  1.704618 1.493419 1.937660  -1.544954 -1.855079 0.063449
101  -0.000001 0.000001 0.000000  0.000000 0.000000 0.000001
102  1.704624 1.493426 -1.937611  1.473111 1.855076 0.063436
103  -0.000003 0.000003 0.000001  0.000000 0.000000 -0.000001
104  7.723854 1.956159 58.484589  1.570796 -0.000000 0.000000
105  0.000000 0.000001 -0.000000  0.000000 -0.000000 0.000000
106  14.952688 -17.686636 -0.395722  0.000001 -0.000000 0.000000
107  0.000000 9.000000 -0.000003  0.000000 -0.000000 0.000000
108  0.000000 0.000001 -0.000000  0.000000 -0.000000 0.000000
109  0.000000 0.000002 -9.999998  0.000000 -0.000000 0.000000
110  0.000000 0.000002 0.000000  0.000001 -0.000000 0.000000
111  15.264428 2.505456 49.565292  -0.015813 0.868860 -0.020712
112  11.481673 -0.000034 -0.000029  1.573178 -0.106616 0.044195
113  -0.000001 0.000004 0.000000  -0.000000 0.000000 0.000002
114  -0.000001 0.000000 0.000000  -0.000000 -0.000000 0.000000
115  -0.000001 0.000000 0.000000  0.000000 0.000000 0.000000
116  -7.723807 1.956140 58.484608  1.570796 -0.000000 0.000000
117  0.000000 0.000001 -0.000000  0.000000 -0.000000 0.000000
118  -14.952740 -17.686594 -0.395684  0.000001 -0.000000 0.000000
119  0.000000 9.000000 -0.000003  0.000000 -0.000000 0.000000
120  0.000000 0.000024 -0.000000  0.000000 -0.000000 0.000000
121  0.000000 -0.000021 -9.999999  0.000000 -0.000000 0.000000
122  0.000000 0.000002 0.000000  0.000001 -0.000000 0.000000
123  -15.264407 2.505418 49.565334  0.015813 2.272735 0.020712
124  11.481701 -0.000054 -0.000002  -1.564933 0.106603 0.044183
125  -0.000003 -0.000001 -0.000000  -0.000000 0.000000 -0.000003
126  0.000003 0.000001 -0.000000  -0.000000 -0.000000 -0.000000
127  0.000003 0.000001 0.000000  0.000000 0.000000 -0.000000
128  3.890447 -0.533611 38.566914  1.570796 -0.000000 0.000000
129  0.000000 -0.000000 0.000000  0.000000 -0.000000 0.000000
130  0.000000 -0.000002 -9.999999  0.000000 -0.000000 0.000000
131  0.000000 -0.000002 -0.000000  0.000000 -0.000000 0.000000
132  -3.890457 -0.533622 38.566921  1.570796 -0.000000 0.000000
133  0.000000 -0.000000 0.000000  0.000000 -0.000000 0.000000
134  0.000000 -0.000002 -9.999999  0.000000 -0.000000 0.000000
135  0.000000 -0.000002 -0.000000  0.000000 -0.000000 0.000000
time 3
0  0.000000 0.000000 0.000000  1.570796 -0.000000 0.000000
1  -0.045319 0.578976 36.333569  1.568417 -0.023653 -0.843306
2  0.000000 -0.000001 0.000000  -0.000000 -0.000000 0.000000
3  3.890453 -0.000007 -0.000002  -2.278952 -0.290284 -1.308929
4  17.848173 0.000004 -0.000000  0.000000 -0.000000 0.684205
5  15.638506 -0.000001 -0.000000  0.047981 0.115940 -1.216505
6  7.109931 0.000000 0.000001  -0.007119 -0.003131 -0.631738
7  -3.890452 0.000005 0.000007  -1.515307 -0.262899 -1.701554
8  17.848171 -0.000001 -0.000001  0.000000 0.000000 0.718025
9  15.638513 -0.000000 0.000000  0.004516 -0.156184 -1.383056
10  7.109930 -0.000001 -0.000001  -0.081154 -0.003131 -0.631749
11  -0.044716 2.528784 4.661500  -0.049681 -0.117219 0.033587
12  4.041915 4.954662 -8.467940  -0.000000 -0.392699 0.000000
13  0.078132 3.345130 -2.981901  1.435107 0.085187 1.550109
14  4.018329 -0.000000 -0.000001  -0.011437 -0.072830 0.186488
15  3.518565 -0.000002 -0.000000  -0.031452 -0.042150 0.317333
16  8.942639 0.000002 0.000001  -0.056482 0.094127 0.199620
17  3.306644 -0.000001 0.000001  3.138800 0.000567 0.400476
18  3.593709 -0.000004 -0.000001  0.730210 -0.007967 0.749001
19  2.033350 1.000768 1.101698  -0.664334 -1.627535 -1.086604
20  6.809416 0.000002 -0.000002  -2.336249 -0.768278 -0.345014
21  12.391798 0.000003 0.000003  -0.000000 0.000000 -1.557299
22  9.337076 0.000003 -0.000031  0.168689 0.009654 0.293555
23  3.859705 -0.142431 -1.191959  -0.513267 0.072291 -1.288225
24  1.312566 -0.000004 0.000017  -0.163028 0.224047 -1.466962
25  0.729362 0.000001 -0.000004  -0.068871 0.147979 -0.913117
26  3.942328 0.046745 -0.431433  -0.157261 0.007109 -0.685616
27  1.539090 0.000010 -0.000014  -0.068563 0.062695 -1.808644
28  1.196322 0.000007 0.000001  -0.005433 0.026725 -0.524005
29  4.454024 -0.070204 0.572073  0.095490 -0.008587 -0.706335
30  1.426594 -0.000003 0.000003  0.055908 -0.087976 -1.504206
31  1.322467 0.000001 0.000005  0.009312 -0.033625 -0.575065
32  4.477065 -0.028575 1.582473  0.481653 -0.035390 -1.246096
33  1.344415 -0.000003 -0.000001  0.023466 -0.208305 -0.755723
34  1.224672 -0.000001 0.000002  0.026043 -0.124620 -0.538676
35  2.630323 -0.345018 1.907213  -0.354022 -0.915164 -1.788195
36  1.059285 -0.000004 0.000004  -0.001067 -0.012855 0.250988
37  0.781211 0.000003 0.000001  -0.000096 -0.003210 0.062757
38  2.033360 1.000769 -1.101645  0.056410 1.939553 -1.627112
39  6.809416 -0.000003 -0.000003  0.982808 0.363174 -0.597255
40  12.391797 0.000008 -0.000002  0.000000 -0.000000 -1.743204
41  9.337103 -0.000006 -0.000001  -0.827209 0.096670 0.594129
42  3.859660 -0.132556 1.193137  0.218585 -0.010447 -1.855960
43  1.312561 0.000000 -0.000002  0.044483 -0.180648 -0.875845
44  0.729362 0.000000 -0.000001  0.154964 -0.189963 -1.391037
45  3.942290 0.050341 0.431070  0.139617 -0.069517 -0.864507
46  1.539096 -0.000005 0.000001  0.049345 -0.072656 -1.411288
47  1.196319 0.000001 0.000005  0.018340 -0.045420 -0.840637
48  4.453986 -0.073766 -0.571672  0.015988 -0.130790 -0.603827
49  1.426599 -0.000000 -0.000006  -0.032574 0.075571 -1.278893
50  1.322466 -0.000002 0.000001  -0.008257 0.029971 -0.572861
51  4.477035 -0.043463 -1.581292  -0.307044 0.215987 0.190001
52  1.344414 -0.000001 -0.000003  -0.006627 0.183798 -0.672891
53  1.224674 0.000004 0.000009  0.007778 -0.013211 0.055951
54  2.630291 -0.359831 -1.904287  0.525934 0.510949 -0.752980
55  1.059291 -0.000002 0.000002  0.011182 0.034387 0.660336
56  0.781206 -0.000001 0.000000  0.003559 0.019552 0.360114
57  4.069501 1.811269 4.279048  1.570796 -0.000000 0.000000
58  0.000000 -0.000000 -0.000000  0.000000 0.052360 0.000000
59  0.032300 -4.377938 -4.331139  -0.000000 -0.000000 0.000000
60  -0.002340 -4.618855 4.848104  -0.000000 0.000937 -0.001514
61  -0.000000 0.000000 -0.000000  0.000000 -0.000000 0.000000
62  -0.014019 -4.136677 -0.422642  0.000001 -0.000000 0.000000
63  0.014022 0.341392 9.682304  0.000000 0.000937 -0.001514
64  0.003298 0.000005 -3.521831  0.000000 -0.000000 -0.000000
65  -0.000369 3.795277 -5.737836  0.000000 -0.000000 0.000000
66  -0.000000 0.000000 0.000000  -0.000001 0.000000 0.000000
67  -0.000000 -0.000000 -0.000000  -0.000000 -0.000000 -0.000000
68  -0.000000 0.000000 -0.000000  -0.000000 0.000000 0.000000
69  0.000003 -3.795290 9.259664  -0.000000 0.000937 -0.001514
70  7.999999 0.000001 -0.000000  0.000001 -0.052360 -0.000000
71  -4.069616 1.811259 4.279059  1.570796 -0.000000 0.000000
72  0.000000 -0.000000 -0.000000  0.000000 -0.052360 0.000000
73  0.000003 -3.795289 9.259665  -0.001320 -0.008192 0.060729
74  0.000000 0.000000 0.000000  0.000000 0.000000 0.000000
75  0.014020 -4.136677 -0.422641  0.000001 0.000000 -0.000000
76  -0.014018 0.341393 9.682305  -0.000000 0.000937 -0.001514
77  0.003297 0.000005 -3.521831  0.000000 -0.000000 -0.000000
78  -0.000369 3.795275 -5.737837  0.000000 0.000000 0.000000
79  -0.000000 0.000000 0.000000  -0.000000 0.000000 0.000000
80  -0.000000 0.000000 -0.000000  -0.000000 -0.000000 -0.000000
81  0.000000 0.000000 0.000000  -0.000000 -0.000000 -0.000000
82  -0.062978 -4.612901 4.868224  -0.000000 0.000937 -0.001514
83  0.032300 -4.377938 -4.331139  -0.000000 0.000000 -0.000000
84  -8.000000 0.000001 0.000000  0.000001 0.052360 0.000000
85  0.000156 0.385903 39.987263  1.570796 -0.000000 0.000000
86  -0.000161 -1.420346 0.919518  0.000000 -0.000000 0.000000
87  0.000005 3.345128 -2.981901  1.570796 0.083187 1.570796
88  0.000000 -0.000000 -0.000000  0.000000 0.000000 0.000000
89  0.000003 0.000000 -0.000000  -0.000000 -0.000000 -0.003106
90  4.018316 -0.012484 -0.000000  -0.000000 -0.000000 -0.000000
91  0.000005 -0.000000 0.000000  -0.000000 0.000000 -0.032354
92  3.516729 -0.113802 -0.000000  0.000000 -0.000000 -0.000000
93  0.000002 -0.000000 0.000000  0.000000 0.000000 0.067981
94  8.921986 0.607517 -0.000001  -0.000000 -0.000000 -0.000000
95  -0.000000 -0.000000 0.000000  0.000000 0.000000 0.262078
96  3.194337 0.856892 -0.000000  0.000000 -0.000000 -0.000000
97  0.000001 0.000000 0.000000  3.141590 -0.000000 0.662566
98  2.833353 2.210629 -0.000000  0.000000 -0.000000 -0.000000
99  -0.000002 -0.000000 0.000000  3.141590 -0.000000 0.255978
100  1.704618 1.493419 1.937660  -1.544954 -1.855079 0.063449
101  -0.000001 0.000001 0.000000  0.000000 0.000000 0.000001
102  1.704624 1.493426 -1.937611  1.473111 1.855076 0.063436
103  -0.000003 0.000003 0.000001  0.000000 0.000000 -0.000001
104  7.723854 1.956159 58.484589  1.570796 -0.000000 0.000000
105  0.000000 0.000001 -0.000000  0.000000 -0.000000 0.000000
106  14.952688 -17.686636 -0.395722  0.000001 -0.000000 0.000000
107  0.000000 9.000000 -0.000003  0.000000 -0.000000 0.000000
108  0.000000 0.000001 -0.000000  0.000000 -0.000000 0.000000
109  0.000000 0.000002 -9.999998  0.000000 -0.000000 0.000000
110  0.000000 0.000002 0.000000  0.000001 -0.000000 0.000000
111  15.264428 2.505456 49.565292  -0.015813 0.868860 -0.020712
112  11.481673 -0.000034 -0.000029  1.573178 -0.106616 0.044195
113  -0.000001 0.000004 0.000000  -0.000000 0.000000 0.000002
114  -0.000001 0.000000 0.000000  -0.000000 -0.000000 0.000000
115  -0.000001 0.000000 0.000000  0.000000 0.000000 0.000000
116  -7.723807 1.956140 58.484608  1.570796 -0.000000 0.000000
117  0.000000 0.000001 -0.000000  0.000000 -0.000000 0.000000
118  -14.952740 -17.686594 -0.395684  0.000001 -0.000000 0.000000
119  0.000000 9.000000 -0.000003  0.000000 -0.000000 0.000000
120  0.000000 0.000024 -0.000000  0.000000 -0.000000 0.000000
121  0.000000 -0.000021 -9.999999  0.000000 -0.000000 0.000000
122  0.000000 0.000002 0.000000  0.000001 -0.000000 0.000000
123  -15.264407 2.505418 49.565334  0.015813 2.272735 0.020712
124  11.481701 -0.000054 -0.000002  -1.564933 0.106603 0.044183
125  -0.000003 -0.000001 -0.000000  -0.000000 0.000000 -0.000003
126  0.000003 0.000001 -0.000000  -0.000000 -0.000000 -0.000000
127  0.000003 0.000001 0.000000  0.000000 0.000000 -0.000000
128  3.890447 -0.533611 38.566914  1.570796 -0.000000 0.000000
129  0.000000 -0.000000 0.000000  0.000000 -0.000000 0.000000
130  0.000000 -0.000002 -9.999999  0.000000 -0.000000 0.000000
131  0.000000 -0.000002 -0.000000  0.000000 -0.000000 0.000000
132  -3.890457 -0.533622 38.566921  1.570796 -0.000000 0.000000
133  0.000000 -0.000000 0.000000  0.000000 -0.000000 0.000000
134  0.000000 -0.000002 -9.999999  0.000000 -0.000000 0.000000
135  0.000000 -0.000002 -0.000000  0.000000 -0.000000 0.000000
time 4
0  0.000000 0.000000 0.000000  1.570796 -0.000000 0.000000
1  0.173438 0.497717 36.323277  1.566633 -0.031691 -0.891448
2  0.000000 -0.000001 -0.000000  -0.000000 -0.000000 0.000000
3  3.890452 -0.000003 -0.000002  -2.303003 -0.275333 -1.316021
4  17.848175 0.000003 -0.000000  0.000000 -0.000000 0.683327
5  15.638502 -0.000001 -0.000001  0.035321 0.097646 -1.224561
6  7.109929 0.000001 0.000001  -0.007119 -0.003131 -0.631738
7  -3.890451 0.000004 0.000007  -1.519216 -0.279234 -1.716880
8  17.848175 -0.000001 -0.000000  0.000000 0.000000 0.725661
9  15.638513 0.000001 0.000001  -0.016144 -0.196186 -1.373219
10  7.109929 -0.000001 0.000001  -0.081154 -0.003131 -0.631749
11  -0.044717 2.528784 4.661499  -0.049030 -0.109532 0.030020
12  4.041916 4.954662 -8.467939  -0.000000 -0.392699 0.000000
13  0.101571 3.345128 -2.981901  1.443621 0.085414 1.550049
14  4.018327 0.000000 -0.000000  -0.011302 -0.057310 0.184210
15  3.518559 -0.000001 0.000001  -0.028957 -0.028523 0.312260
16  8.942645 0.000004 0.000000  -0.049057 0.088111 0.192020
17  3.306639 0.000001 0.000001  3.138800 0.000567 0.400476
18  3.593709 -0.000006 -0.000002  0.763877 0.023748 0.738090
19  2.033344 1.000767 1.101698  -0.638141 -1.632224 -1.112739
20  6.809414 0.000006 -0.000003  -2.215944 -0.762053 -0.432103
21  12.391791 0.000003 0.000004  -0.000000 0.000000 -1.545787
22  9.337075 0.000001 -0.000030  0.283515 -0.141335 0.172278
23  3.859708 -0.142426 -1.191966  -0.513267 0.072291 -1.288225
24  1.312567 -0.000007 0.000006  -0.163028 0.224047 -1.466962
25  0.729363 -0.000000 -0.000000  -0.068871 0.147979 -0.913117
26  3.942329 0.046746 -0.431431  -0.157261 0.007109 -0.685616
27  1.539089 0.000011 -0.000011  -0.068563 0.062695 -1.808644
28  1.196317 0.000003 0.000003  -0.005433 0.026725 -0.524005
29  4.454027 -0.070201 0.572071  0.095490 -0.008587 -0.706335
30  1.426599 -0.000002 0.000003  0.055908 -0.087976 -1.504206
31  1.322465 0.000001 0.000000  0.009312 -0.033625 -0.575065
32  4.477064 -0.028570 1.582464  0.481653 -0.035390 -1.246096
33  1.344414 -0.000001 -0.000005  0.023466 -0.208305 -0.755723
34  1.224672 0.000002 -0.000000  0.026043 -0.124620 -0.538676
35  2.630324 -0.345011 1.907206  -0.354022 -0.915164 -1.788195
36  1.059286 -0.000002 0.000000  -0.001067 -0.012855 0.250988
37  0.781209 0.000003 0.000004  -0.000096 -0.003210 0.062757
38  2.033350 1.000772 -1.101645  0.087905 1.936599 -1.593370
39  6.809415 0.000001 0.000003  0.897625 0.102921 -0.507360
40  12.391790 -0.000002 -0.000000  0.000000 -0.000000 -1.712320
41  9.337109 0.000000 -0.000001  -0.838345 0.085439 0.569003
42  3.859659 -0.132559 1.193136  0.219704 -0.010595 -1.853703
43  1.312562 -0.000005 0.000002  0.044378 -0.180251 -0.874810
44  0.729358 -0.000001 -0.000000  0.154603 -0.189534 -1.388319
45  3.942289 0.050339 0.431069  0.139634 -0.069584 -0.864102
46  1.539097 -0.000008 -0.000004  0.049235 -0.072504 -1.408531
47  1.196322 -0.000003 0.000002  0.018297 -0.045338 -0.839666
48  4.453987 -0.073769 -0.571672  0.006316 -0.121837 -0.553432
49  1.426603 0.000001 0.000001  -0.025959 0.073270 -1.190047
50  1.322465 -0.000001 0.000000  -0.006843 0.027646 -0.523556
51  4.477034 -0.043464 -1.581294  -0.300333 0.215100 0.196189
52  1.344413 0.000001 -0.000002  0.003140 0.170999 -0.617459
53  1.224675 0.000002 0.000006  0.007574 -0.016471 0.069781
54  2.630288 -0.359834 -1.904289  0.562539 0.537488 -0.763308
55  1.059292 0.000001 0.000004  0.009947 0.032733 0.623584
56  0.781204 -0.000005 0.000001  0.003176 0.018510 0.340069
57  4.069501 1.811269 4.279048  1.570796 -0.000000 0.000000
58  0.000000 -0.000000 -0.000000  0.000000 0.052360 0.000000
59  0.032300 -4.377938 -4.331139  -0.000000 -0.000000 0.000000
60  -0.002340 -4.618855 4.848104  -0.000000 0.000937 -0.001514
61  -0.000000 0.000000 -0.000000  0.000000 -0.000000 0.000000
62  -0.014019 -4.136677 -0.422642  0.000001 -0.000000 0.000000
63  0.014022 0.341392 9.682304  0.000000 0.000937 -0.001514
64  0.003298 0.000005 -3.521831  0.000000 -0.000000 -0.000000
65  -0.000369 3.795277 -5.737836  0.000000 -0.000000 0.000000
66  -0.000000 0.000000 0.000000  -0.000001 0.000000 0.000000
67  -0.000000 -0.000000 -0.000000  -0.000000 -0.000000 -0.000000
68  -0.000000 0.000000 -0.000000  -0.000000 0.000000 0.000000
69  0.000003 -3.795290 9.259664  -0.000000 0.000937 -0.001514
70  7.999999 0.000001 -0.000000  0.000001 -0.052360 -0.000000
71  -4.069616 1.811259 4.279059  1.570796 -0.000000 0.000000
72  0.000000 -0.000000 -0.000000  0.000000 -0.052360 0.000000
73  0.000003 -3.795289 9.259665  -0.001320 -0.008192 0.060729
74  0.000000 0.000000 0.000000  0.000000 0.000000 0.000000
75  0.014020 -4.136677 -0.422641  0.000001 0.000000 -0.000000
76  -0.014018 0.341393 9.682305  -0.000000 0.000937 -0.001514
77  0.003297 0.000005 -3.521831  0.000000 -0.000000 -0.000000
78  -0.000369 3.795275 -5.737837  0.000000 0.000000 0.000000
79  -0.000000 0.000000 0.000000  -0.000000 0.000000 0.000000
80  -0.000000 0.000000 -0.000000  -0.000000 -0.000000 -0.000000
81  0.000000 0.000000 0.000000  -0.000000 -0.000000 -0.000000
82  -0.062978 -4.612901 4.868224  -0.000000 0.000937 -0.001514
83  0.032300 -4.377938 -4.331139  -0.000000 0.000000 -0.000000
84  -8.000000 0.000001 0.000000  0.000001 0.052360 0.000000
85  0.000156 0.385903 39.987263  1.570796 -0.000000 0.000000
86  -0.000161 -1.420346 0.919518  0.000000 -0.000000 0.000000
87  0.000005 3.345128 -2.981901  1.570796 0.083187 1.570796
88  0.000000 -0.000000 -0.000000  0.000000 0.000000 0.000000
89  0.000003 0.000000 -0.000000  -0.000000 -0.000000 -0.003106
90  4.018316 -0.012484 -0.000000  -0.000000 -0.000000 -0.000000
91  0.000005 -0.000000 0.000000  -0.000000 0.000000 -0.032354
92  3.516729 -0.113802 -0.000000  0.000000 -0.000000 -0.000000
93  0.000002 -0.000000 0.000000  0.000000 0.000000 0.067981
94  8.921986 0.607517 -0.000001  -0.000000 -0.000000 -0.000000
95  -0.000000 -0.000000 0.000000  0.000000 0.000000 0.262078
96  3.194337 0.856892 -0.000000  0.000000 -0.000000 -0.000000
97  0.000001 0.000000 0.000000  3.141590 -0.000000 0.662566
98  2.833353 2.210629 -0.000000  0.000000 -0.000000 -0.000000
99  -0.000002 -0.000000 0.000000  3.141590 -0.000000 0.255978
100  1.704618 1.493419 1.937660  -1.544954 -1.855079 0.063449
101  -0.000001 0.000001 0.000000  0.000000 0.000000 0.000001
102  1.704624 1.493426 -1.937611  1.473111 1.855076 0.063436
103  -0.000003 0.000003 0.000001  0.000000 0.000000 -0.000001
104  7.723854 1.956159 58.484589  1.570796 -0.000000 0.000000
105  0.000000 0.000001 -0.000000  0.000000 -0.000000 0.000000
106  14.952688 -17.686636 -0.395722  0.000001 -0.000000 0.000000
107  0.000000 9.000000 -0.000003  0.000000 -0.000000 0.000000
108  0.000000 0.000001 -0.000000  0.000000 -0.000000 0.000000
109  0.000000 0.000002 -9.999998  0.000000 -0.000000 0.000000
110  0.000000 0.000002 0.000000  0.000001 -0.000000 0.000000
111  15.264428 2.505456 49.565292  -0.015813 0.868860 -0.020712
112  11.481673 -0.000034 -0.000029  1.573178 -0.106616 0.044195
113  -0.000001 0.000004 0.000000  -0.000000 0.000000 0.000002
114  -0.000001 0.000000 0.000000  -0.000000 -0.000000 0.000000
115  -0.000001 0.000000 0.000000  0.000000 0.000000 0.000000
116  -7.723807 1.956140 58.484608  1.570796 -0.000000 0.000000
117  0.000000 0.000001 -0.000000  0.000000 -0.000000 0.000000
118  -14.952740 -17.686594 -0.395684  0.000001 -0.000000 0.000000
119  0.000000 9.000000 -0.000003  0.000000 -0.000000 0.000000
120  0.000000 0.000024 -0.000000  0.000000 -0.000000 0.000000
121  0.000000 -0.000021 -9.999999  0.000000 -0.000000 0.000000
122  0.000000 0.000002 0.000000  0.000001 -0.000000 0.000000
123  -15.264407 2.505418 49.565334  0.015813 2.272735 0.020712
124  11.481701 -0.000054 -0.000002  -1.564933 0.106603 0.044183
125  -0.000003 -0.000001 -0.000000  -0.000000 0.000000 -0.000003
126  0.000003 0.000001 -0.000000  -0.000000 -0.000000 -0.000000
127  0.000003 0.000001 0.000000  0.000000 0.000000 -0.000000
128  3.890447 -0.533611 38.566914  1.570796 -0.000000 0.000000
129  0.000000 -0.000000 0.000000  0.000000 -0.000000 0.000000
130  0.000000 -0.000002 -9.999999  0.000000 -0.000000 0.000000
131  0.000000 -0.000002 -0.000000  0.000000 -0.000000 0.000000
132  -3.890457 -0.533622 38.566921  1.570796 -0.000000 0.000000
133  0.000000 -0.000000 0.000000  0.000000 -0.000000 0.000000
134  0.000000 -0.000002 -9.999999  0.000000 -0.000000 0.000000
135  0.000000 -0.000002 -0.000000  0.000000 -0.000000 0.000000
time 5
0  0.000000 0.000000 0.000000  1.570796 -0.000000 0.000000
1  0.396101 0.406300 36.312981  1.564594 -0.039776 -0.942940
2  0.000000 -0.000002 0.000000  -0.000000 -0.000000 -0.000000
3  3.890452 -0.000004 -0.000002  -2.327053 -0.259719 -1.323400
4  17.848179 0.000004 -0.000000  0.000000 0.000000 0.682084
5  15.638504 0.000001 -0.000001  0.020541 0.077155 -1.232398
6  7.109931 -0.000001 0.000002  -0.007119 -0.003131 -0.631738
7  -3.890451 0.000003 0.000006  -1.523220 -0.296504 -1.731259
8  17.848169 0.000001 -0.000001  0.000000 -0.000000 0.732566
9  15.638510 0.000001 0.000001  -0.039492 -0.238373 -1.360804
10  7.109930 -0.000000 -0.000001  -0.081154 -0.003131 -0.631749
11  -0.044717 2.528782 4.661499  -0.048314 -0.101781 0.026493
12  4.041916 4.954659 -8.467938  -0.000000 -0.392699 -0.000000
13  0.128915 3.345129 -2.981901  1.452189 0.085584 1.550049
14  4.018328 -0.000001 -0.000000  -0.011211 -0.041706 0.181879
15  3.518559 -0.000001 -0.000000  -0.026546 -0.014813 0.307187
16  8.942640 0.000006 -0.000000  -0.041535 0.082094 0.184351
17  3.306641 -0.000004 0.000000  3.138800 0.000567 0.400476
18  3.593709 -0.000005 -0.000002  0.799401 0.055484 0.726255
19  2.033341 1.000768 1.101698  -0.607418 -1.636865 -1.143365
20  6.809415 0.000008 0.000000  -2.095449 -0.748574 -0.516164
21  12.391792 0.000002 -0.000003  -0.000000 0.000000 -1.536326
22  9.337075 -0.000003 -0.000028  0.425106 -0.240702 0.058905
23  3.859702 -0.142432 -1.191949  -0.513267 0.072291 -1.288225
24  1.312563 -0.000004 -0.000001  -0.163028 0.224047 -1.466962
25  0.729368 0.000004 -0.000003  -0.068871 0.147979 -0.913117
26  3.942326 0.046741 -0.431419  -0.157261 0.007109 -0.685616
27  1.539091 0.000014 -0.000007  -0.068563 0.062695 -1.808644
28  1.196320 0.000006 -0.000003  -0.005433 0.026725 -0.524005
29  4.454018 -0.070204 0.572077  0.095490 -0.008587 -0.706366
30  1.426595 -0.000006 -0.000003  0.055908 -0.087976 -1.504206
31  1.322468 -0.000002 0.000000  0.009312 -0.033625 -0.575065
32  4.477059 -0.028573 1.582475  0.481653 -0.035390 -1.246096
33  1.344418 0.000001 -0.000002  0.023466 -0.208305 -0.755723
34  1.224673 0.000002 -0.000001  0.026043 -0.124620 -0.538676
35  2.630321 -0.345015 1.907215  -0.354022 -0.915164 -1.788195
36  1.059287 -0.000002 0.000005  -0.001067 -0.012855 0.250988
37  0.781215 0.000005 0.000003  -0.000096 -0.003210 0.062757
38  2.033352 1.000771 -1.101646  0.120070 1.932428 -1.558957
39  6.809415 0.000003 0.000002  0.814997 -0.099035 -0.444734
40  12.391798 -0.000000 -0.000000  0.000000 -0.000000 -1.684668
41  9.337105 -0.000000 0.000000  -0.850571 0.077368 0.543790
42  3.859667 -0.132557 1.193136  0.221545 -0.010843 -1.849980
43  1.312560 -0.000005 0.000002  0.044205 -0.179596 -0.873103
44  0.729356 0.000004 0.000000  0.154008 -0.188827 -1.383837
45  3.942295 0.050340 0.431070  0.139680 -0.069657 -0.863677
46  1.539096 -0.000008 -0.000004  0.049052 -0.072254 -1.403985
47  1.196324 -0.000004 0.000002  0.018226 -0.045201 -0.838064
48  4.453990 -0.073767 -0.571672  -0.002900 -0.111926 -0.509831
49  1.426597 0.000000 -0.000001  -0.019906 0.070549 -1.105735
50  1.322468 -0.000004 0.000000  -0.005705 0.025584 -0.480956
51  4.477041 -0.043463 -1.581292  -0.296749 0.214357 0.192790
52  1.344413 -0.000002 -0.000002  0.011194 0.159230 -0.568530
53  1.224672 0.000003 0.000005  0.007478 -0.017754 0.075222
54  2.630296 -0.359832 -1.904288  0.597804 0.558642 -0.775904
55  1.059289 -0.000005 0.000004  0.008713 0.030947 0.584757
56  0.781202 -0.000006 0.000000  0.002792 0.017395 0.318914
57  4.069501 1.811269 4.279048  1.570796 -0.000000 0.000000
58  0.000000 -0.000000 -0.000000  0.000000 0.052360 0.000000
59  0.032300 -4.377938 -4.331139  -0.000000 -0.000000 0.000000
60  -0.002340 -4.618855 4.848104  -0.000000 0.000937 -0.001514
61  -0.000000 0.000000 -0.000000  0.000000 -0.000000 0.000000
62  -0.014019 -4.136677 -0.422642  0.000001 -0.000000 0.000000
63  0.014022 0.341392 9.682304  0.000000 0.000937 -0.001514
64  0.003298 0.000005 -3.521831  0.000000 -0.000000 -0.000000
65  -0.000369 3.795277 -5.737836  0.000000 -0.000000 0.000000
66  -0.000000 0.000000 0.000000  -0.000001 0.000000 0.000000
67  -0.000000 -0.000000 -0.000000  -0.000000 -0.000000 -0.000000
68  -0.000000 0.000000 -0.000000  -0.000000 0.000000 0.000000
69  0.000003 -3.795290 9.259664  -0.000000 0.000937 -0.001514
70  7.999999 0.000001 -0.000000  0.000001 -0.052360 -0.000000
71  -4.069616 1.811259 4.279059  1.570796 -0.000000 0.000000
72  0.000000 -0.000000 -0.000000  0.000000 -0.052360 0.000000
73  0.000003 -3.795289 9.259665  -0.001320 -0.008192 0.060729
74  0.000000 0.000000 0.000000  0.000000 0.000000 0.000000
75  0.014020 -4.136677 -0.422641  0.000001 0.000000 -0.000000
76  -0.014018 0.341393 9.682305  -0.000000 0.000937 -0.001514
77  0.003297 0.000005 -3.521831  0.000000 -0.000000 -0.000000
78  -0.000369 3.795275 -5.737837  0.000000 0.000000 0.000000
79  -0.000000 0.000000 0.000000  -0.000000 0.000000 0.000000
80  -0.000000 0.000000 -0.000000  -0.000000 -0.000000 -0.000000
81  0.000000 0.000000 0.000000  -0.000000 -0.000000 -0.000000
82  -0.062978 -4.612901 4.868224  -0.000000 0.000937 -0.001514
83  0.032300 -4.377938 -4.331139  -0.000000 0.000000 -0.000000
84  -8.000000 0.000001 0.000000  0.000001 0.052360 0.000000
85  0.000156 0.385903 39.987263  1.570796 -0.000000 0.000000
86  -0.000161 -1.420346 0.919518  0.000000 -0.000000 0.000000
87  0.000005 3.345128 -2.981901  1.570796 0.083187 1.570796
88  0.000000 -0.000000 -0.000000  0.000000 0.000000 0.000000
89  0.000003 0.000000 -0.000000  -0.000000 -0.000000 -0.003106
90  4.018316 -0.012484 -0.000000  -0.000000 -0.000000 -0.000000
91  0.000005 -0.000000 0.000000  -0.000000 0.000000 -0.032354
92  3.516729 -0.113802 -0.000000  0.000000 -0.000000 -0.000000
93  0.000002 -0.000000 0.000000  0.000000 0.000000 0.067981
94  8.921986 0.607517 -0.000001  -0.000000 -0.000000 -0.000000
95  -0.000000 -0.000000 0.000000  0.000000 0.000000 0.262078
96  3.194337 0.856892 -0.000000  0.000000 -0.000000 -0.000000
97  0.000001 0.000000 0.000000  3.141590 -0.000000 0.662566
98  2.833353 2.210629 -0.000000  0.000000 -0.000000 -0.000000
99  -0.000002 -0.000000 0.000000  3.141590 -0.000000 0.255978
100  1.704618 1.493419 1.937660  -1.544954 -1.855079 0.063449
101  -0.000001 0.000001 0.000000  0.000000 0.000000 0.000001
102  1.704624 1.493426 -1.937611  1.473111 1.855076 0.063436
103  -0.000003 0.000003 0.000001  0.000000 0.000000 -0.000001
104  7.723854 1.956159 58.484589  1.570796 -0.000000 0.000000
105  0.000000 0.000001 -0.000000  0.000000 -0.000000 0.000000
106  14.952688 -17.686636 -0.395722  0.000001 -0.000000 0.000000
107  0.000000 9.000000 -0.000003  0.000000 -0.000000 0.000000
108  0.000000 0.000001 -0.000000  0.000000 -0.000000 0.000000
109  0.000000 0.000002 -9.999998  0.000000 -0.000000 0.000000
110  0.000000 0.000002 0.000000  0.000001 -0.000000 0.000000
111  15.264428 2.505456 49.565292  -0.015813 0.868860 -0.020712
112  11.481673 -0.000034 -0.000029  1.573178 -0.106616 0.044195
113  -0.000001 0.000004 0.000000  -0.000000 0.000000 0.000002
114  -0.000001 0.000000 0.000000  -0.000000 -0.000000 0.000000
115  -0.000001 0.000000 0.000000  0.000000 0.000000 0.000000
116  -7.723807 1.956140 58.484608  1.570796 -0.000000 0.000000
117  0.000000 0.000001 -0.000000  0.000000 -0.000000 0.000000
118  -14.952740 -17.686594 -0.395684  0.000001 -0.000000 0.000000
119  0.000000 9.000000 -0.000003  0.000000 -0.000000 0.000000
120  0.000000 0.000024 -0.000000  0.000000 -0.000000 0.000000
121  0.000000 -0.000021 -9.999999  0.000000 -0.000000 0.000000
122  0.000000 0.000002 0.000000  0.000001 -0.000000 0.000000
123  -15.264407 2.505418 49.565334  0.015813 2.272735 0.020712
124  11.481701 -0.000054 -0.000002  -1.564933 0.106603 0.044183
125  -0.000003 -0.000001 -0.000000  -0.000000 0.000000 -0.000003
126  0.000003 0.000001 -0.000000  -0.000000 -0.000000 -0.000000
127  0.000003 0.000001 0.000000  0.000000 0.000000 -0.000000
128  3.890447 -0.533611 38.566914  1.570796 -0.000000 0.000000
129  0.000000 -0.000000 0.000000  0.000000 -0.000000 0.000000
130  0.000000 -0.000002 -9.999999  0.000000 -0.000000 0.000000
131  0.000000 -0.000002 -0.000000  0.000000 -0.000000 0.000000
132  -3.890457 -0.533622 38.566921  1.570796 -0.000000 0.000000
133  0.000000 -0.000000 0.000000  0.000000 -0.000000 0.000000
134  0.000000 -0.000002 -9.999999  0.000000 -0.000000 0.000000
135  0.000000 -0.000002 -0.000000  0.000000 -0.000000 0.000000
time 6
0  0.000000 0.000000 0.000000  1.570796 -0.000000 0.000000
1  0.614858 0.325041 36.302689  1.562810 -0.047814 -0.993761
2  -0.000000 -0.000002 0.000000  0.000000 -0.000000 -0.000000
3  3.890452 -0.000005 -0.000002  -2.351486 -0.244768 -1.330875
4  17.848175 0.000003 -0.000000  -0.000000 0.000000 0.680621
5  15.638507 0.000000 -0.000001  0.006488 0.057420 -1.239252
6  7.109930 -0.000001 0.000001  -0.007119 -0.003131 -0.631738
7  -3.890452 0.000001 0.000007  -1.527606 -0.314216 -1.744503
8  17.848175 0.000000 -0.000000  0.000000 0.000000 0.738496
9  15.638512 -0.000001 -0.000000  -0.063303 -0.279149 -1.346575
10  7.109928 -0.000001 0.000001  -0.081154 -0.003131 -0.631749
11  -0.044717 2.528782 4.661499  -0.047599 -0.093839 0.022926
12  4.041916 4.954659 -8.467938  0.000000 -0.392699 -0.000000
13  0.156260 3.345125 -2.981901  1.460919 0.085669 1.550109
14  4.018332 0.000000 -0.000000  -0.011279 -0.025911 0.179374
15  3.518561 -0.000001 -0.000000  -0.024260 -0.000911 0.301937
16  8.942639 0.000002 -0.000000  -0.033833 0.076006 0.176593
17  3.306647 -0.000006 -0.000001  3.138800 0.000567 0.400476
18  3.593709 -0.000003 -0.000002  0.835177 0.087348 0.713287
19  2.033343 1.000766 1.101697  -0.582024 -1.641555 -1.168692
20  6.809415 0.000003 0.000001  -1.978109 -0.730341 -0.595680
21  12.391792 0.000001 -0.000002  -0.000000 -0.000000 -1.526470
22  9.337076 0.000003 -0.000034  0.594266 -0.272070 -0.038774
23  3.859719 -0.142425 -1.191946  -0.513267 0.072291 -1.288225
24  1.312563 -0.000008 0.000000  -0.163028 0.224047 -1.466962
25  0.729368 0.000001 0.000002  -0.068871 0.147979 -0.913117
26  3.942336 0.046741 -0.431415  -0.157261 0.007109 -0.685616
27  1.539091 0.000010 -0.000011  -0.068563 0.062695 -1.808644
28  1.196323 0.000009 -0.000005  -0.005433 0.026725 -0.524005
29  4.454030 -0.070202 0.572076  0.095490 -0.008587 -0.706366
30  1.426597 -0.000001 -0.000000  0.055908 -0.087976 -1.504206
31  1.322469 -0.000002 0.000005  0.009312 -0.033625 -0.575065
32  4.477071 -0.028574 1.582474  0.481653 -0.035390 -1.246096
33  1.344416 0.000008 -0.000000  0.023466 -0.208305 -0.755723
34  1.224672 0.000008 0.000001  0.026043 -0.124620 -0.538676
35  2.630331 -0.345016 1.907216  -0.354022 -0.915164 -1.788195
36  1.059286 -0.000002 0.000003  -0.001067 -0.012855 0.250988
37  0.781213 0.000003 -0.000004  -0.000096 -0.003210 0.062757
38  2.033359 1.000768 -1.101647  0.152906 1.929272 -1.523874
39  6.809419 -0.000001 -0.000002  0.735965 -0.242345 -0.430454
40  12.391797 0.000006 -0.000001  0.000000 -0.000000 -1.661828
41  9.337110 -0.000005 -0.000000  -0.861708 0.067431 0.519613
42  3.859658 -0.132558 1.193136  0.224282 -0.011222 -1.844423
43  1.312561 -0.000002 0.000001  0.043947 -0.178619 -0.870557
44  0.729359 -0.000001 -0.000000  0.153119 -0.187772 -1.377152
45  3.942290 0.050340 0.431069  0.139765 -0.069729 -0.863273
46  1.539095 -0.000004 -0.000003  0.048780 -0.071880 -1.397204
47  1.196323 -0.000003 0.000003  0.018120 -0.044997 -0.835675
48  4.453983 -0.073766 -0.571673  -0.011660 -0.101787 -0.463947
49  1.426600 0.000000 -0.000001  -0.013986 0.067253 -1.019819
50  1.322465 -0.000003 -0.000001  -0.004602 0.023343 -0.435899
51  4.477032 -0.043464 -1.581292  -0.292027 0.213566 0.192869
52  1.344415 -0.000002 -0.000003  0.018960 0.146502 -0.517481
53  1.224680 0.000001 0.000007  0.007323 -0.019755 0.083710
54  2.630291 -0.359832 -1.904288  0.633888 0.582262 -0.786570
55  1.059293 -0.000000 0.000003  0.007562 0.029149 0.546701
56  0.781205 -0.000002 0.000000  0.002445 0.016293 0.298158
57  4.069501 1.811269 4.279048  1.570796 -0.000000 0.000000
58  0.000000 -0.000000 -0.000000  0.000000 0.052360 0.000000
59  0.032300 -4.377938 -4.331139  -0.000000 -0.000000 0.000000
60  -0.002340 -4.618855 4.848104  -0.000000 0.000937 -0.001514
61  -0.000000 0.000000 -0.000000  0.000000 -0.000000 0.000000
62  -0.014019 -4.136677 -0.422642  0.000001 -0.000000 0.000000
63  0.014022 0.341392 9.682304  0.000000 0.000937 -0.001514
64  0.003298 0.000005 -3.521831  0.000000 -0.000000 -0.000000
65  -0.000369 3.795277 -5.737836  0.000000 -0.000000 0.000000
66  -0.000000 0.000000 0.000000  -0.000001 0.000000 0.000000
67  -0.000000 -0.000000 -0.000000  -0.000000 -0.000000 -0.000000
68  -0.000000 0.000000 -0.000000  -0.000000 0.000000 0.000000
69  0.000003 -3.795290 9.259664  -0.000000 0.000937 -0.001514
70  7.999999 0.000001 -0.000000  0.000001 -0.052360 -0.000000
71  -4.069616 1.811259 4.279059  1.570796 -0.000000 0.000000
72  0.000000 -0.000000 -0.000000  0.000000 -0.052360 0.000000
73  0.000003 -3.795289 9.259665  -0.001320 -0.008192 0.060729
74  0.000000 0.000000 0.000000  0.000000 0.000000 0.000000
75  0.014020 -4.136677 -0.422641  0.000001 0.000000 -0.000000
76  -0.014018 0.341393 9.682305  -0.000000 0.000937 -0.001514
77  0.003297 0.000005 -3.521831  0.000000 -0.000000 -0.000000
78  -0.000369 3.795275 -5.737837  0.000000 0.000000 0.000000
79  -0.000000 0.000000 0.000000  -0.000000 0.000000 0.000000
80  -0.000000 0.000000 -0.000000  -0.000000 -0.000000 -0.000000
81  0.000000 0.000000 0.000000  -0.000000 -0.000000 -0.000000
82  -0.062978 -4.612901 4.868224  -0.000000 0.000937 -0.001514
83  0.032300 -4.377938 -4.331139  -0.000000 0.000000 -0.000000
84  -8.000000 0.000001 0.000000  0.000001 0.052360 0.000000
85  0.000156 0.385903 39.987263  1.570796 -0.000000 0.000000
86  -0.000161 -1.420346 0.919518  0.000000 -0.000000 0.000000
87  0.000005 3.345128 -2.981901  1.570796 0.083187 1.570796
88  0.000000 -0.000000 -0.000000  0.000000 0.000000 0.000000
89  0.000003 0.000000 -0.000000  -0.000000 -0.000000 -0.003106
90  4.018316 -0.012484 -0.000000  -0.000000 -0.000000 -0.000000
91  0.000005 -0.000000 0.000000  -0.000000 0.000000 -0.032354
92  3.516729 -0.113802 -0.000000  0.000000 -0.000000 -0.000000
93  0.000002 -0.000000 0.000000  0.000000 0.000000 0.067981
94  8.921986 0.607517 -0.000001  -0.000000 -0.000000 -0.000000
95  -0.000000 -0.000000 0.000000  0.000000 0.000000 0.262078
96  3.194337 0.856892 -0.000000  0.000000 -0.000000 -0.000000
97  0.000001 0.000000 0.000000  3.141590 -0.000000 0.662566
98  2.833353 2.210629 -0.000000  0.000000 -0.000000 -0.000000
99  -0.000002 -0.000000 0.000000  3.141590 -0.000000 0.255978
100  1.704618 1.493419 1.937660  -1.544954 -1.855079 0.063449
101  -0.000001 0.000001 0.000000  0.000000 0.000000 0.000001
102  1.704624 1.493426 -1.937611  1.473111 1.855076 0.063436
103  -0.000003 0.000003 0.000001  0.000000 0.000000 -0.000001
104  7.723854 1.956159 58.484589  1.570796 -0.000000 0.000000
105  0.000000 0.000001 -0.000000  0.000000 -0.000000 0.000000
106  14.952688 -17.686636 -0.395722  0.000001 -0.000000 0.000000
107  0.000000 9.000000 -0.000003  0.000000 -0.000000 0.000000
108  0.000000 0.000001 -0.000000  0.000000 -0.000000 0.000000
109  0.000000 0.000002 -9.999998  0.000000 -0.000000 0.000000
110  0.000000 0.000002 0.000000  0.000001 -0.000000 0.000000
111  15.264428 2.505456 49.565292  -0.015813 0.868860 -0.020712
112  11.481673 -0.000034 -0.000029  1.573178 -0.106616 0.044195
113  -0.000001 0.000004 0.000000  -0.000000 0.000000 0.000002
114  -0.000001 0.000000 0.000000  -0.000000 -0.000000 0.000000
115  -0.000001 0.000000 0.000000  0.000000 0.000000 0.000000
116  -7.723807 1.956140 58.484608  1.570796 -0.000000 0.000000
117  0.000000 0.000001 -0.000000  0.000000 -0.000000 0.000000
118  -14.952740 -17.686594 -0.395684  0.000001 -0.000000 0.000000
119  0.000000 9.000000 -0.000003  0.000000 -0.000000 0.000000
120  0.000000 0.000024 -0.000000  0.000000 -0.000000 0.000000
121  0.000000 -0.000021 -9.999999  0.000000 -0.000000 0.000000
122  0.000000 0.000002 0.000000  0.000001 -0.000000 0.000000
123  -15.264407 2.505418 49.565334  0.015813 2.272735 0.020712
124  11.481701 -0.000054 -0.000002  -1.564933 0.106603 0.044183
125  -0.000003 -0.000001 -0.000000  -0.000000 0.000000 -0.000003
126  0.000003 0.000001 -0.000000  -0.000000 -0.000000 -0.000000
127  0.000003 0.000001 0.000000  0.000000 0.000000 -0.000000
128  3.890447 -0.533611 38.566914  1.570796 -0.000000 0.000000
129  0.000000 -0.000000 0.000000  0.000000 -0.000000 0.000000
130  0.000000 -0.000002 -9.999999  0.000000 -0.000000 0.000000
131  0.000000 -0.000002 -0.000000  0.000000 -0.000000 0.000000
132  -3.890457 -0.533622 38.566921  1.570796 -0.000000 0.000000
133  0.000000 -0.000000 0.000000  0.000000 -0.000000 0.000000
134  0.000000 -0.000002 -9.999999  0.000000 -0.000000 0.000000
135  0.000000 -0.000002 -0.000000  0.000000 -0.000000 0.000000
time 7
0  0.000000 0.000000 0.000000  1.570796 -0.000000 0.000000
1  0.833614 0.243782 36.292397  1.561706 -0.055668 -1.040372
2  0.000000 0.000002 -0.000000  -0.000000 0.000000 0.000000
3  3.890453 -0.000005 -0.000002  -2.376777 -0.231615 -1.338255
4  17.848177 0.000002 -0.000000  -0.000000 0.000000 0.679011
5  15.638508 0.000002 -0.000000  -0.004462 0.040923 -1.244793
6  7.109930 -0.000000 0.000001  -0.007119 -0.003131 -0.631738
7  -3.890452 0.000006 0.000007  -1.532373 -0.331929 -1.756233
8  17.848175 0.000000 -0.000001  -0.000000 -0.000000 0.743695
9  15.638511 0.000000 -0.000000  -0.085260 -0.315647 -1.331582
10  7.109929 -0.000001 0.000001  -0.081154 -0.003131 -0.631749
11  -0.044717 2.528783 4.661500  -0.046883 -0.085611 0.019479
12  4.041916 4.954659 -8.467940  -0.000000 -0.392699 -0.000000
13  0.183604 3.341221 -2.981902  1.469918 0.085726 1.550227
14  4.018332 0.000000 -0.000000  -0.011505 -0.009815 0.176609
15  3.518558 -0.000001 -0.000000  -0.022100 0.013255 0.296403
16  8.942648 0.000001 0.000000  -0.025882 0.069786 0.168747
17  3.306638 0.000000 -0.000001  3.138800 0.000567 0.400476
18  3.593710 -0.000004 -0.000002  0.869519 0.119492 0.698850
19  2.033345 1.000767 1.101697  -0.563023 -1.646342 -1.187551
20  6.809414 0.000001 -0.000003  -1.864595 -0.708334 -0.670843
21  12.391797 0.000003 -0.000000  -0.000000 0.000000 -1.515668
22  9.337076 -0.000002 -0.000024  0.777523 -0.247179 -0.113201
23  3.859707 -0.142429 -1.191962  -0.513267 0.072291 -1.288225
24  1.312559 -0.000003 0.000007  -0.163028 0.224047 -1.466962
25  0.729367 -0.000000 -0.000001  -0.068871 0.147979 -0.913117
26  3.942328 0.046744 -0.431423  -0.157261 0.007109 -0.685616
27  1.539099 0.000010 -0.000010  -0.068563 0.062695 -1.808644
28  1.196321 0.000011 -0.000010  -0.005433 0.026725 -0.524005
29  4.454023 -0.070200 0.572071  0.095490 -0.008587 -0.706366
30  1.426599 -0.000001 -0.000001  0.055908 -0.087976 -1.504206
31  1.322462 0.000004 0.000010  0.009312 -0.033625 -0.575065
32  4.477064 -0.028570 1.582466  0.481653 -0.035390 -1.246096
33  1.344417 0.000004 -0.000005  0.023466 -0.208305 -0.755723
34  1.224674 0.000009 -0.000004  0.026043 -0.124620 -0.538676
35  2.630324 -0.345015 1.907207  -0.354022 -0.915164 -1.788195
36  1.059288 -0.000003 0.000000  -0.001067 -0.012855 0.250988
37  0.781210 0.000003 0.000005  -0.000096 -0.003210 0.062757
38  2.033355 1.000772 -1.101647  0.186029 1.927572 -1.488598
39  6.809416 -0.000004 -0.000003  0.666399 -0.347856 -0.460563
40  12.391798 -0.000000 -0.000002  0.000000 -0.000000 -1.643225
41  9.337112 0.000002 0.000000  -0.871372 0.054792 0.496558
42  3.859665 -0.132558 1.193136  0.228080 -0.011767 -1.836665
43  1.312560 -0.000009 0.000002  0.043587 -0.177256 -0.867003
44  0.729358 0.000005 0.000001  0.151879 -0.186299 -1.367821
45  3.942294 0.050340 0.431069  0.139899 -0.069793 -0.862932
46  1.539098 -0.000008 -0.000002  0.048399 -0.071359 -1.387740
47  1.196321 -0.000003 0.000002  0.017973 -0.044712 -0.832341
48  4.453990 -0.073768 -0.571672  -0.019882 -0.091528 -0.413836
49  1.426597 0.000001 -0.000001  -0.008185 0.063334 -0.931013
50  1.322464 -0.000005 -0.000000  -0.003511 0.020850 -0.386533
51  4.477040 -0.043465 -1.581293  -0.285256 0.212607 0.199190
52  1.344412 -0.000003 -0.000001  0.026582 0.132348 -0.462661
53  1.224673 0.000004 0.000005  0.007023 -0.023039 0.097704
54  2.630299 -0.359832 -1.904288  0.671423 0.609808 -0.794017
55  1.059290 -0.000002 0.000004  0.006532 0.027364 0.509970
56  0.781207 0.000001 0.000000  0.002121 0.015226 0.278138
57  4.069501 1.811269 4.279048  1.570796 -0.000000 0.000000
58  0.000000 -0.000000 -0.000000  0.000000 0.052360 0.000000
59  0.032300 -4.377938 -4.331139  -0.000000 -0.000000 0.000000
60  -0.002340 -4.618855 4.848104  -0.000000 0.000937 -0.001514
61  -0.000000 0.000000 -0.000000  0.000000 -0.000000 0.000000
62  -0.014019 -4.136677 -0.422642  0.000001 -0.000000 0.000000
63  0.014022 0.341392 9.682304  0.000000 0.000937 -0.001514
64  0.003298 0.000005 -3.521831  0.000000 -0.000000 -0.000000
65  -0.000369 3.795277 -5.737836  0.000000 -0.000000 0.000000
66  -0.000000 0.000000 0.000000  -0.000001 0.000000 0.000000
67  -0.000000 -0.000000 -0.000000  -0.000000 -0.000000 -0.000000
68  -0.000000 0.000000 -0.000000  -0.000000 0.000000 0.000000
69  0.000003 -3.795290 9.259664  -0.000000 0.000937 -0.001514
70  7.999999 0.000001 -0.000000  0.000001 -0.052360 -0.000000
71  -4.069616 1.811259 4.279059  1.570796 -0.000000 0.000000
72  0.000000 -0.000000 -0.000000  0.000000 -0.052360 0.000000
73  0.000003 -3.795289 9.259665  -0.001320 -0.008192 0.060729
74  0.000000 0.000000 0.000000  0.000000 0.000000 0.000000
75  0.014020 -4.136677 -0.422641  0.000001 0.000000 -0.000000
76  -0.014018 0.341393 9.682305  -0.000000 0.000937 -0.001514
77  0.003297 0.000005 -3.521831  0.000000 -0.000000 -0.000000
78  -0.000369 3.795275 -5.737837  0.000000 0.000000 0.000000
79  -0.000000 0.000000 0.000000  -0.000000 0.000000 0.000000
80  -0.000000 0.000000 -0.000000  -0.000000 -0.000000 -0.000000
81  0.000000 0.000000 0.000000  -0.000000 -0.000000 -0.000000
82  -0.062978 -4.612901 4.868224  -0.000000 0.000937 -0.001514
83  0.032300 -4.377938 -4.331139  -0.000000 0.000000 -0.000000
84  -8.000000 0.000001 0.000000  0.000001 0.052360 0.000000
85  0.000156 0.385903 39.987263  1.570796 -0.000000 0.000000
86  -0.000161 -1.420346 0.919518  0.000000 -0.000000 0.000000
87  0.000005 3.345128 -2.981901  1.570796 0.083187 1.570796
88  0.000000 -0.000000 -0.000000  0.000000 0.000000 0.000000
89  0.000003 0.000000 -0.000000  -0.000000 -0.000000 -0.003106
90  4.018316 -0.012484 -0.000000  -0.000000 -0.000000 -0.000000
91  0.000005 -0.000000 0.000000  -0.000000 0.000000 -0.032354
92  3.516729 -0.113802 -0.000000  0.000000 -0.000000 -0.000000
93  0.000002 -0.000000 0.000000  0.000000 0.000000 0.067981
94  8.921986 0.607517 -0.000001  -0.000000 -0.000000 -0.000000
95  -0.000000 -0.000000 0.000000  0.000000 0.000000 0.262078
96  3.194337 0.856892 -0.000000  0.000000 -0.000000 -0.000000
97  0.000001 0.000000 0.000000  3.141590 -0.000000 0.662566
98  2.833353 2.210629 -0.000000  0.000000 -0.000000 -0.000000
99  -0.000002 -0.000000 0.000000  3.141590 -0.000000 0.255978
100  1.704618 1.493419 1.937660  -1.544954 -1.855079 0.063449
101  -0.000001 0.000001 0.000000  0.000000 0.000000 0.000001
102  1.704624 1.493426 -1.937611  1.473111 1.855076 0.063436
103  -0.000003 0.000003 0.000001  0.000000 0.000000 -0.000001
104  7.723854 1.956159 58.484589  1.570796 -0.000000 0.000000
105  0.000000 0.000001 -0.000000  0.000000 -0.000000 0.000000
106  14.952688 -17.686636 -0.395722  0.000001 -0.000000 0.000000
107  0.000000 9.000000 -0.000003  0.000000 -0.000000 0.000000
108  0.000000 0.000001 -0.000000  0.000000 -0.000000 0.000000
109  0.000000 0.000002 -9.999998  0.000000 -0.000000 0.000000
110  0.000000 0.000002 0.000000  0.000001 -0.000000 0.000000
111  15.264428 2.505456 49.565292  -0.015813 0.868860 -0.020712
112  11.481673 -0.000034 -0.000029  1.573178 -0.106616 0.044195
113  -0.000001 0.000004 0.000000  -0.000000 0.000000 0.000002
114  -0.000001 0.000000 0.000000  -0.000000 -0.000000 0.000000
115  -0.000001 0.000000 0.000000  0.000000 0.000000 0.000000
116  -7.723807 1.956140 58.484608  1.570796 -0.000000 0.000000
117  0.000000 0.000001 -0.000000  0.000000 -0.000000 0.000000
118  -14.952740 -17.686594 -0.395684  0.000001 -0.000000 0.000000
119  0.000000 9.000000 -0.000003  0.000000 -0.000000 0.000000
120  0.000000 0.000024 -0.000000  0.000000 -0.000000 0.000000
121  0.000000 -0.000021 -9.999999  0.000000 -0.000000 0.000000
122  0.000000 0.000002 0.000000  0.000001 -0.000000 0.000000
123  -15.264407 2.505418 49.565334  0.015813 2.272735 0.020712
124  11.481701 -0.000054 -0.000002  -1.564933 0.106603 0.044183
125  -0.000003 -0.000001 -0.000000  -0.000000 0.000000 -0.000003
126  0.000003 0.000001 -0.000000  -0.000000 -0.000000 -0.000000
127  0.000003 0.000001 0.000000  0.000000 0.000000 -0.000000
128  3.890447 -0.533611 38.566914  1.570796 -0.000000 0.000000
129  0.000000 -0.000000 0.000000  0.000000 -0.000000 0.000000
130  0.000000 -0.000002 -9.999999  0.000000 -0.000000 0.000000
131  0.000000 -0.000002 -0.000000  0.000000 -0.000000 0.000000
132  -3.890457 -0.533622 38.566921  1.570796 -0.000000 0.000000
133  0.000000 -0.000000 0.000000  0.000000 -0.000000 0.000000
134  0.000000 -0.000002 -9.999999  0.000000 -0.000000 0.000000
135  0.000000 -0.000002 -0.000000  0.000000 -0.000000 0.000000
time 8
0  0.000000 0.000000 0.000000  1.570796 -0.000000 0.000000
1  1.056277 0.162523 36.271812  1.561451 -0.063337 -1.081145
2  0.000000 0.000000 0.000000  0.000000 0.000000 0.000000
3  3.890452 -0.000005 -0.000002  -2.403023 -0.220639 -1.345155
4  17.848179 0.000002 -0.000000  0.000000 -0.000000 0.677548
5  15.638505 -0.000001 -0.000000  -0.011109 0.029082 -1.249131
6  7.109931 -0.000000 0.000002  -0.007119 -0.003131 -0.631738
7  -3.890452 0.000009 0.000007  -1.537903 -0.349494 -1.766733
8  17.848169 -0.000001 -0.000000  0.000000 0.000000 0.748082
9  15.638508 0.000001 -0.000000  -0.103976 -0.346411 -1.316970
10  7.109930 -0.000001 0.000000  -0.081154 -0.003131 -0.631749
11  -0.044716 2.528787 4.661499  -0.046102 -0.076971 0.016152
12  4.041916 4.954662 -8.467938  0.000000 -0.392699 -0.000000
13  0.207043 3.341226 -2.981901  1.479241 0.085726 1.550522
14  4.018331 -0.000000 -0.000000  -0.012002 0.006687 0.173478
15  3.518562 -0.000001 -0.000000  -0.020150 0.027816 0.290515
16  8.942651 0.000001 0.000001  -0.017611 0.063351 0.160743
17  3.306647 -0.000002 0.000001  3.138800 0.000567 0.400476
18  3.593712 -0.000002 -0.000001  0.900781 0.152020 0.682734
19  2.033347 1.000767 1.101698  -0.537451 -1.651032 -1.213058
20  6.809415 -0.000001 -0.000001  -1.752132 -0.679906 -0.740893
21  12.391791 0.000000 0.000004  0.000000 0.000000 -1.507625
22  9.337077 0.000004 -0.000031  0.952572 -0.199239 -0.155608
23  3.859709 -0.142432 -1.191953  -0.513267 0.072291 -1.288225
24  1.312560 -0.000005 -0.000003  -0.163028 0.224047 -1.466962
25  0.729367 0.000001 -0.000003  -0.068871 0.147979 -0.913117
26  3.942332 0.046744 -0.431418  -0.157261 0.007109 -0.685616
27  1.539093 0.000004 -0.000007  -0.068563 0.062695 -1.808644
28  1.196318 0.000004 -0.000010  -0.005433 0.026725 -0.524005
29  4.454024 -0.070204 0.572073  0.095490 -0.008587 -0.706335
30  1.426597 -0.000005 -0.000001  0.055908 -0.087976 -1.504206
31  1.322468 -0.000004 -0.000006  0.009312 -0.033625 -0.575065
32  4.477064 -0.028573 1.582471  0.481653 -0.035390 -1.246096
33  1.344415 0.000003 -0.000000  0.023466 -0.208305 -0.755723
34  1.224669 0.000006 0.000006  0.026043 -0.124620 -0.538676
35  2.630323 -0.345017 1.907213  -0.354022 -0.915164 -1.788195
36  1.059290 -0.000002 -0.000001  -0.001067 -0.012855 0.250988
37  0.781213 0.000005 0.000002  -0.000096 -0.003210 0.062757
38  2.033358 1.000770 -1.101645  0.220396 1.924050 -1.452076
39  6.809416 -0.000007 -0.000001  0.628728 -0.426081 -0.520177
40  12.391795 -0.000005 -0.000001  0.000000 -0.000000 -1.628142
41  9.337107 0.000000 0.000001  -0.883277 0.046835 0.473504
42  3.859662 -0.132558 1.193137  0.233100 -0.012525 -1.826335
43  1.312559 -0.000004 0.000002  0.043107 -0.175441 -0.862274
44  0.729360 0.000001 0.000001  0.150227 -0.184339 -1.355405
45  3.942292 0.050341 0.431070  0.140093 -0.069844 -0.862698
46  1.539098 -0.000008 -0.000001  0.047892 -0.070664 -1.375147
47  1.196323 -0.000003 0.000002  0.017776 -0.044333 -0.827904
48  4.453986 -0.073767 -0.571672  -0.027720 -0.080311 -0.373205
49  1.426597 -0.000001 -0.000002  -0.003128 0.059248 -0.848548
50  1.322465 -0.000000 0.000001  -0.002721 0.018777 -0.346481
51  4.477033 -0.043464 -1.581292  -0.282847 0.211984 0.192099
52  1.344415 -0.000003 -0.000003  0.032382 0.120112 -0.416605
53  1.224673 -0.000000 0.000005  0.006975 -0.023566 0.099899
54  2.630289 -0.359832 -1.904287  0.706763 0.629831 -0.805541
55  1.059295 -0.000002 0.000005  0.005489 0.025410 0.470373
56  0.781201 -0.000003 0.000000  0.001810 0.014076 0.256560
57  4.069501 1.811269 4.279048  1.570796 -0.000000 0.000000
58  0.000000 -0.000000 -0.000000  0.000000 0.052360 0.000000
59  0.032300 -4.377938 -4.331139  -0.000000 -0.000000 0.000000
60  -0.002340 -4.618855 4.848104  -0.000000 0.000937 -0.001514
61  -0.000000 0.000000 -0.000000  0.000000 -0.000000 0.000000
62  -0.014019 -4.136677 -0.422642  0.000001 -0.000000 0.000000
63  0.014022 0.341392 9.682304  0.000000 0.000937 -0.001514
64  0.003298 0.000005 -3.521831  0.000000 -0.000000 -0.000000
65  -0.000369 3.795277 -5.737836  0.000000 -0.000000 0.000000
66  -0.000000 0.000000 0.000000  -0.000001 0.000000 0.000000
67  -0.000000 -0.000000 -0.000000  -0.000000 -0.000000 -0.000000
68  -0.000000 0.000000 -0.000000  -0.000000 0.000000 0.000000
69  0.000003 -3.795290 9.259664  -0.000000 0.000937 -0.001514
70  7.999999 0.000001 -0.000000  0.000001 -0.052360 -0.000000
71  -4.069616 1.811259 4.279059  1.570796 -0.000000 0.000000
72  0.000000 -0.000000 -0.000000  0.000000 -0.052360 0.000000
73  0.000003 -3.795289 9.259665  -0.001320 -0.008192 0.060729
74  0.000000 0.000000 0.000000  0.000000 0.000000 0.000000
75  0.014020 -4.136677 -0.422641  0.000001 0.000000 -0.000000
76  -0.014018 0.341393 9.682305  -0.000000 0.000937 -0.001514
77  0.003297 0.000005 -3.521831  0.000000 -0.000000 -0.000000
78  -0.000369 3.795275 -5.737837  0.000000 0.000000 0.000000
79  -0.000000 0.000000 0.000000  -0.000000 0.000000 0.000000
80  -0.000000 0.000000 -0.000000  -0.000000 -0.000000 -0.000000
81  0.000000 0.000000 0.000000  -0.000000 -0.000000 -0.000000
82  -0.062978 -4.612901 4.868224  -0.000000 0.000937 -0.001514
83  0.032300 -4.377938 -4.331139  -0.000000 0.000000 -0.000000
84  -8.000000 0.000001 0.000000  0.000001 0.052360 0.000000
85  0.000156 0.385903 39.987263  1.570796 -0.000000 0.000000
86  -0.000161 -1.420346 0.919518  0.000000 -0.000000 0.000000
87  0.000005 3.345128 -2.981901  1.570796 0.083187 1.570796
88  0.000000 -0.000000 -0.000000  0.000000 0.000000 0.000000
89  0.000003 0.000000 -0.000000  -0.000000 -0.000000 -0.003106
90  4.018316 -0.012484 -0.000000  -0.000000 -0.000000 -0.000000
91  0.000005 -0.000000 0.000000  -0.000000 0.000000 -0.032354
92  3.516729 -0.113802 -0.000000  0.000000 -0.000000 -0.000000
93  0.000002 -0.000000 0.000000  0.000000 0.000000 0.067981
94  8.921986 0.607517 -0.000001  -0.000000 -0.000000 -0.000000
95  -0.000000 -0.000000 0.000000  0.000000 0.000000 0.262078
96  3.194337 0.856892 -0.000000  0.000000 -0.000000 -0.000000
97  0.000001 0.000000 0.000000  3.141590 -0.000000 0.662566
98  2.833353 2.210629 -0.000000  0.000000 -0.000000 -0.000000
99  -0.000002 -0.000000 0.000000  3.141590 -0.000000 0.255978
100  1.704618 1.493419 1.937660  -1.544954 -1.855079 0.063449
101  -0.000001 0.000001 0.000000  0.000000 0.000000 0.000001
102  1.704624 1.493426 -1.937611  1.473111 1.855076 0.063436
103  -0.000003 0.000003 0.000001  0.000000 0.000000 -0.000001
104  7.723854 1.956159 58.484589  1.570796 -0.000000 0.000000
105  0.000000 0.000001 -0.000000  0.000000 -0.000000 0.000000
106  14.952688 -17.686636 -0.395722  0.000001 -0.000000 0.000000
107  0.000000 9.000000 -0.000003  0.000000 -0.000000 0.000000
108  0.000000 0.000001 -0.000000  0.000000 -0.000000 0.000000
109  0.000000 0.000002 -9.999998  0.000000 -0.000000 0.000000
110  0.000000 0.000002 0.000000  0.000001 -0.000000 0.000000
111  15.264428 2.505456 49.565292  -0.015813 0.868860 -0.020712
112  11.481673 -0.000034 -0.000029  1.573178 -0.106616 0.044195
113  -0.000001 0.000004 0.000000  -0.000000 0.000000 0.000002
114  -0.000001 0.000000 0.000000  -0.000000 -0.000000 0.000000
115  -0.000001 0.000000 0.000000  0.000000 0.000000 0.000000
116  -7.723807 1.956140 58.484608  1.570796 -0.000000 0.000000
117  0.000000 0.000001 -0.000000  0.000000 -0.000000 0.000000
118  -14.952740 -17.686594 -0.395684  0.000001 -0.000000 0.000000
119  0.000000 9.000000 -0.000003  0.000000 -0.000000 0.000000
120  0.000000 0.000024 -0.000000  0.000000 -0.000000 0.000000
121  0.000000 -0.000021 -9.999999  0.000000 -0.000000 0.000000
122  0.000000 0.000002 0.000000  0.000001 -0.000000 0.000000
123  -15.264407 2.505418 49.565334  0.015813 2.272735 0.020712
124  11.481701 -0.000054 -0.000002  -1.564933 0.106603 0.044183
125  -0.000003 -0.000001 -0.000000  -0.000000 0.000000 -0.000003
126  0.000003 0.000001 -0.000000  -0.000000 -0.000000 -0.000000
127  0.000003 0.000001 0.000000  0.000000 0.000000 -0.000000
128  3.890447 -0.533611 38.566914  1.570796 -0.000000 0.000000
129  0.000000 -0.000000 0.000000  0.000000 -0.000000 0.000000
130  0.000000 -0.000002 -9.999999  0.000000 -0.000000 0.000000
131  0.000000 -0.000002 -0.000000  0.000000 -0.000000 0.000000
132  -3.890457 -0.533622 38.566921  1.570796 -0.000000 0.000000
133  0.000000 -0.000000 0.000000  0.000000 -0.000000 0.000000
134  0.000000 -0.000002 -9.999999  0.000000 -0.000000 0.000000
135  0.000000 -0.000002 -0.000000  0.000000 -0.000000 0.000000
time 9
0  0.000000 0.000000 0.000000  1.570796 -0.000000 0.000000
1  1.271128 0.081264 36.261520  1.562300 -0.070774 -1.114834
2  0.000000 0.000003 0.000000  -0.000000 0.000000 -0.000000
3  3.890452 -0.000001 -0.000002  -2.429650 -0.212359 -1.351671
4  17.848181 0.000004 -0.000001  0.000000 0.000000 0.676378
5  15.638508 0.000000 -0.000000  -0.012976 0.022394 -1.252448
6  7.109930 -0.000001 0.000001  -0.007119 -0.003131 -0.631738
7  -3.890452 0.000007 0.000007  -1.544196 -0.312642 -1.776950
8  17.848177 -0.000000 -0.000001  -0.000000 0.000000 0.756530
9  15.638512 0.000000 -0.000001  -0.034674 -0.263084 -1.354883
10  7.109929 -0.000001 0.000000  -0.081154 -0.003131 -0.631749
11  -0.044716 2.528786 4.661499  -0.045386 -0.067886 0.012986
12  4.041916 4.954664 -8.467940  -0.000000 -0.392699 -0.000000
13  0.234387 3.337317 -2.981901  1.489102 0.085641 1.551054
14  4.018325 0.000000 -0.000000  -0.012839 0.023729 0.169877
15  3.518565 -0.000002 0.000000  -0.018431 0.042857 0.284165
16  8.942640 0.000002 0.000001  -0.008951 0.056651 0.152581
17  3.306643 0.000001 -0.000000  3.138800 0.000567 0.400476
18  3.593704 -0.000004 0.000001  0.927360 0.185041 0.664562
19  2.033347 1.000770 1.101697  -0.495009 -1.655672 -1.255540
20  6.809414 0.000007 -0.000001  -1.639000 -0.642606 -0.804033
21  12.391795 0.000000 -0.000001  -0.000000 0.000000 -1.506048
22  9.337075 0.000003 -0.000028  1.106119 -0.162807 -0.172397
23  3.859703 -0.142432 -1.191953  -0.513267 0.072291 -1.288225
24  1.312562 -0.000008 0.000009  -0.163028 0.224047 -1.466962
25  0.729365 0.000001 -0.000004  -0.068871 0.147979 -0.913117
26  3.942327 0.046742 -0.431420  -0.157261 0.007109 -0.685616
27  1.539093 0.000009 -0.000010  -0.068563 0.062695 -1.808644
28  1.196324 0.000006 -0.000003  -0.005433 0.026725 -0.524005
29  4.454023 -0.070204 0.572075  0.095490 -0.008587 -0.706335
30  1.426601 -0.000000 -0.000002  0.055908 -0.087976 -1.504206
31  1.322465 -0.000000 0.000006  0.009312 -0.033625 -0.575065
32  4.477062 -0.028574 1.582474  0.481653 -0.035390 -1.246096
33  1.344415 -0.000000 0.000001  0.023466 -0.208305 -0.755723
34  1.224670 0.000006 0.000008  0.026043 -0.124620 -0.538676
35  2.630323 -0.345017 1.907218  -0.354022 -0.915164 -1.788195
36  1.059290 -0.000003 0.000002  -0.001067 -0.012855 0.250988
37  0.781213 0.000004 0.000002  -0.000096 -0.003210 0.062757
38  2.033355 1.000774 -1.101646  0.258400 1.915590 -1.412199
39  6.809416 0.000001 0.000000  0.638288 -0.481267 -0.590459
40  12.391798 0.000003 -0.000001  0.000000 -0.000000 -1.615286
41  9.337111 0.000002 0.000000  -0.901199 0.050604 0.448982
42  3.859664 -0.132558 1.193136  0.239483 -0.013548 -1.813059
43  1.312559 -0.000003 0.000002  0.042491 -0.173110 -0.856203
44  0.729359 0.000001 -0.000001  0.148105 -0.181822 -1.339462
45  3.942294 0.050340 0.431069  0.140357 -0.069875 -0.862613
46  1.539096 -0.000005 -0.000004  0.047239 -0.069772 -1.358977
47  1.196324 -0.000006 0.000002  0.017524 -0.043846 -0.822207
48  4.453991 -0.073767 -0.571672  -0.035522 -0.067463 -0.355731
49  1.426598 -0.000001 -0.000002  0.000707 0.055628 -0.781612
50  1.322466 -0.000005 -0.000000  -0.002409 0.017890 -0.329460
51  4.477041 -0.043465 -1.581292  -0.291200 0.212008 0.152025
52  1.344413 -0.000003 -0.000001  0.035271 0.113413 -0.391817
53  1.224675 0.000001 0.000005  0.007514 -0.017250 0.073059
54  2.630296 -0.359832 -1.904289  0.735704 0.631209 -0.829477
55  1.059292 0.000006 0.000001  0.004350 0.023049 0.423717
56  0.781204 -0.000003 0.000000  0.001474 0.012709 0.231119
57  4.069501 1.811269 4.279048  1.570796 -0.000000 0.000000
58  0.000000 -0.000000 -0.000000  0.000000 0.052360 0.000000
59  0.032300 -4.377938 -4.331139  -0.000000 -0.000000 0.000000
60  -0.002340 -4.618855 4.848104  -0.000000 0.000937 -0.001514
61  -0.000000 0.000000 -0.000000  0.000000 -0.000000 0.000000
62  -0.014019 -4.136677 -0.422642  0.000001 -0.000000 0.000000
63  0.014022 0.341392 9.682304  0.000000 0.000937 -0.001514
64  0.003298 0.000005 -3.521831  0.000000 -0.000000 -0.000000
65  -0.000369 3.795277 -5.737836  0.000000 -0.000000 0.000000
66  -0.000000 0.000000 0.000000  -0.000001 0.000000 0.000000
67  -0.000000 -0.000000 -0.000000  -0.000000 -0.000000 -0.000000
68  -0.000000 0.000000 -0.000000  -0.000000 0.000000 0.000000
69  0.000003 -3.795290 9.259664  -0.000000 0.000937 -0.001514
70  7.999999 0.000001 -0.000000  0.000001 -0.052360 -0.000000
71  -4.069616 1.811259 4.279059  1.570796 -0.000000 0.000000
72  0.000000 -0.000000 -0.000000  0.000000 -0.052360 0.000000
73  0.000003 -3.795289 9.259665  -0.001320 -0.008192 0.060729
74  0.000000 0.000000 0.000000  0.000000 0.000000 0.000000
75  0.014020 -4.136677 -0.422641  0.000001 0.000000 -0.000000
76  -0.014018 0.341393 9.682305  -0.000000 0.000937 -0.001514
77  0.003297 0.000005 -3.521831  0.000000 -0.000000 -0.000000
78  -0.000369 3.795275 -5.737837  0.000000 0.000000 0.000000
79  -0.000000 0.000000 0.000000  -0.000000 0.000000 0.000000
80  -0.000000 0.000000 -0.000000  -0.000000 -0.000000 -0.000000
81  0.000000 0.000000 0.000000  -0.000000 -0.000000 -0.000000
82  -0.062978 -4.612901 4.868224  -0.000000 0.000937 -0.001514
83  0.032300 -4.377938 -4.331139  -0.000000 0.000000 -0.000000
84  -8.000000 0.000001 0.000000  0.000001 0.052360 0.000000
85  0.000156 0.385903 39.987263  1.570796 -0.000000 0.000000
86  -0.000161 -1.420346 0.919518  0.000000 -0.000000 0.000000
87  0.000005 3.345128 -2.981901  1.570796 0.083187 1.570796
88  0.000000 -0.000000 -0.000000  0.000000 0.000000 0.000000
89  0.000003 0.000000 -0.000000  -0.000000 -0.000000 -0.003106
90  4.018316 -0.012484 -0.000000  -0.000000 -0.000000 -0.000000
91  0.000005 -0.000000 0.000000  -0.000000 0.000000 -0.032354
92  3.516729 -0.113802 -0.000000  0.000000 -0.000000 -0.000000
93  0.000002 -0.000000 0.000000  0.000000 0.000000 0.067981
94  8.921986 0.607517 -0.000001  -0.000000 -0.000000 -0.000000
95  -0.000000 -0.000000 0.000000  0.000000 0.000000 0.262078
96  3.194337 0.856892 -0.000000  0.000000 -0.000000 -0.000000
97  0.000001 0.000000 0.000000  3.141590 -0.000000 0.662566
98  2.833353 2.210629 -0.000000  0.000000 -0.000000 -0.000000
99  -0.000002 -0.000000 0.000000  3.141590 -0.000000 0.255978
100  1.704618 1.493419 1.937660  -1.544954 -1.855079 0.063449
101  -0.000001 0.000001 0.000000  0.000000 0.000000 0.000001
102  1.704624 1.493426 -1.937611  1.473111 1.855076 0.063436
103  -0.000003 0.000003 0.000001  0.000000 0.000000 -0.000001
104  7.723854 1.956159 58.484589  1.570796 -0.000000 0.000000
105  0.000000 0.000001 -0.000000  0.000000 -0.000000 0.000000
106  14.952688 -17.686636 -0.395722  0.000001 -0.000000 0.000000
107  0.000000 9.000000 -0.000003  0.000000 -0.000000 0.000000
108  0.000000 0.000001 -0.000000  0.000000 -0.000000 0.000000
109  0.000000 0.000002 -9.999998  0.000000 -0.000000 0.000000
110  0.000000 0.000002 0.000000  0.000001 -0.000000 0.000000
111  15.264428 2.505456 49.565292  -0.015813 0.868860 -0.020712
112  11.481673 -0.000034 -0.000029  1.573178 -0.106616 0.044195
113  -0.000001 0.000004 0.000000  -0.000000 0.000000 0.000002
114  -0.000001 0.000000 0.000000  -0.000000 -0.000000 0.000000
115  -0.000001 0.000000 0.000000  0.000000 0.000000 0.000000
116  -7.723807 1.956140 58.484608  1.570796 -0.000000 0.000000
117  0.000000 0.000001 -0.000000  0.000000 -0.000000 0.000000
118  -14.952740 -17.686594 -0.395684  0.000001 -0.000000 0.000000
119  0.000000 9.000000 -0.000003  0.000000 -0.000000 0.000000
120  0.000000 0.000024 -0.000000  0.000000 -0.000000 0.000000
121  0.000000 -0.000021 -9.999999  0.000000 -0.000000 0.000000
122  0.000000 0.000002 0.000000  0.000001 -0.000000 0.000000
123  -15.264407 2.505418 49.565334  0.015813 2.272735 0.020712
124  11.481701 -0.000054 -0.000002  -1.564933 0.106603 0.044183
125  -0.000003 -0.000001 -0.000000  -0.000000 0.000000 -0.000003
126  0.000003 0.000001 -0.000000  -0.000000 -0.000000 -0.000000
127  0.000003 0.000001 0.000000  0.000000 0.000000 -0.000000
128  3.890447 -0.533611 38.566914  1.570796 -0.000000 0.000000
129  0.000000 -0.000000 0.000000  0.000000 -0.000000 0.000000
130  0.000000 -0.000002 -9.999999  0.000000 -0.000000 0.000000
131  0.000000 -0.000002 -0.000000  0.000000 -0.000000 0.000000
132  -3.890457 -0.533622 38.566921  1.570796 -0.000000 0.000000
133  0.000000 -0.000000 0.000000  0.000000 -0.000000 0.000000
134  0.000000 -0.000002 -9.999999  0.000000 -0.000000 0.000000
135  0.000000 -0.000002 -0.000000  0.000000 -0.000000 0.000000
time 10
0  0.000000 0.000000 0.000000  1.570796 -0.000000 0.000000
1  1.489884 0.000005 36.240936  1.564339 -0.078027 -1.141155
2  0.000000 0.000004 0.000000  0.000000 0.000000 0.000000
3  3.890452 -0.000005 -0.000002  -2.404741 -0.219030 -1.323496
4  17.848179 0.000003 -0.000000  0.000000 -0.000000 0.703297
5  15.638506 0.000001 -0.000000  -0.040512 0.053072 -1.211984
6  7.109929 0.000000 0.000001  -0.007119 -0.003131 -0.631738
7  -3.890451 0.000009 0.000007  -1.534089 -0.271263 -1.790572
8  17.848173 0.000001 -0.000001  0.000000 0.000000 0.766441
9  15.638509 0.000000 -0.000000  0.034164 -0.178620 -1.390314
10  7.109930 -0.000002 0.000000  -0.081154 -0.003131 -0.631749
11  -0.044716 2.528788 4.661499  -0.044606 -0.058165 0.010060
12  4.041916 4.954663 -8.467938  0.000000 -0.392699 0.000000
13  0.257825 3.337316 -2.981901  1.499503 0.085527 1.551764
14  4.018331 0.000000 0.000000  -0.014082 0.041407 0.165686
15  3.518558 -0.000000 -0.000000  -0.016984 0.058497 0.277176
16  8.942640 0.000005 -0.000001  0.000194 0.049604 0.144225
17  3.306643 -0.000003 -0.000001  3.138800 0.000567 0.400476
18  3.593707 -0.000002 -0.000001  0.947527 0.218662 0.644082
19  2.033346 1.000765 1.101697  -0.427351 -1.660362 -1.323258
20  6.809414 0.000002 -0.000000  -1.523573 -0.594671 -0.857612
21  12.391796 0.000001 -0.000005  -0.000000 -0.000000 -1.514643
22  9.337076 -0.000002 -0.000032  1.227190 -0.168528 -0.180763
23  3.859710 -0.142431 -1.191951  -0.513267 0.072291 -1.288225
24  1.312561 -0.000003 0.000001  -0.163028 0.224047 -1.466962
25  0.729362 0.000005 -0.000001  -0.068871 0.147979 -0.913117
26  3.942330 0.046745 -0.431423  -0.157261 0.007109 -0.685616
27  1.539092 0.000006 -0.000002  -0.068563 0.062695 -1.808644
28  1.196321 0.000003 -0.000006  -0.005433 0.026725 -0.524005
29  4.454022 -0.070204 0.572076  0.095490 -0.008587 -0.706335
30  1.426599 -0.000008 -0.000001  0.055908 -0.087976 -1.504206
31  1.322463 -0.000001 0.000002  0.009312 -0.033625 -0.575065
32  4.477064 -0.028573 1.582476  0.481653 -0.035390 -1.246096
33  1.344417 -0.000002 -0.000004  0.023466 -0.208305 -0.755723
34  1.224677 0.000003 -0.000003  0.026043 -0.124620 -0.538676
35  2.630323 -0.345017 1.907214  -0.354022 -0.915164 -1.788195
36  1.059291 -0.000002 0.000010  -0.001067 -0.012855 0.250988
37  0.781213 0.000003 -0.000001  -0.000096 -0.003210 0.062757
38  2.033356 1.000769 -1.101647  0.304446 1.899156 -1.364654
39  6.809418 -0.000000 0.000000  0.703974 -0.514160 -0.647149
40  12.391790 -0.000002 -0.000002  0.000000 -0.000000 -1.603004
41  9.337103 -0.000004 0.000001  -0.929297 0.072875 0.420920
42  3.859658 -0.132557 1.193137  0.278893 -0.009935 -1.737051
43  1.312563 -0.000007 0.000002  0.038002 -0.154624 -0.840598
44  0.729361 0.000001 -0.000002  0.131487 -0.161828 -1.247118
45  3.942287 0.050341 0.431069  0.143970 -0.066559 -0.884079
46  1.539095 -0.000010 -0.000005  0.042165 -0.062567 -1.264831
47  1.196322 -0.000005 0.000002  0.015821 -0.039899 -0.808924
48  4.453981 -0.073767 -0.571672  -0.044091 -0.052590 -0.375147
49  1.426598 -0.000002 -0.000004  0.002996 0.053219 -0.739396
50  1.322464 -0.000000 -0.000001  -0.002768 0.018921 -0.349152
51  4.477033 -0.043464 -1.581292  -0.316704 0.211457 0.059341
52  1.344420 -0.000002 -0.000002  0.034252 0.115834 -0.400727
53  1.224668 -0.000000 0.000003  0.008150 -0.000004 -0.000025
54  2.630287 -0.359832 -1.904288  0.754862 0.602942 -0.873824
55  1.059292 0.000004 0.000004  0.003104 0.020053 0.365786
56  0.781207 -0.000002 -0.000000  0.001091 0.010995 0.199525
57  4.069501 1.811269 4.279048  1.570796 -0.000000 0.000000
58  0.000000 -0.000000 -0.000000  0.000000 0.052360 0.000000
59  0.032300 -4.377938 -4.331139  -0.000000 -0.000000 0.000000
60  -0.002340 -4.618855 4.848104  -0.000000 0.000937 -0.001514
61  -0.000000 0.000000 -0.000000  0.000000 -0.000000 0.000000
62  -0.014019 -4.136677 -0.422642  0.000001 -0.000000 0.000000
63  0.014022 0.341392 9.682304  0.000000 0.000937 -0.001514
64  0.003298 0.000005 -3.521831  0.000000 -0.000000 -0.000000
65  -0.000369 3.795277 -5.737836  0.000000 -0.000000 0.000000
66  -0.000000 0.000000 0.000000  -0.000001 0.000000 0.000000
67  -0.000000 -0.000000 -0.000000  -0.000000 -0.000000 -0.000000
68  -0.000000 0.000000 -0.000000  -0.000000 0.000000 0.000000
69  0.000003 -3.795290 9.259664  -0.000000 0.000937 -0.001514
70  7.999999 0.000001 -0.000000  0.000001 -0.052360 -0.000000
71  -4.069616 1.811259 4.279059  1.570796 -0.000000 0.000000
72  0.000000 -0.000000 -0.000000  0.000000 -0.052360 0.000000
73  0.000003 -3.795289 9.259665  -0.001320 -0.008192 0.060729
74  0.000000 0.000000 0.000000  0.000000 0.000000 0.000000
75  0.014020 -4.136677 -0.422641  0.000001 0.000000 -0.000000
76  -0.014018 0.341393 9.682305  -0.000000 0.000937 -0.001514
77  0.003297 0.000005 -3.521831  0.000000 -0.000000 -0.000000
78  -0.000369 3.795275 -5.737837  0.000000 0.000000 0.000000
79  -0.000000 0.000000 0.000000  -0.000000 0.000000 0.000000
80  -0.000000 0.000000 -0.000000  -0.000000 -0.000000 -0.000000
81  0.000000 0.000000 0.000000  -0.000000 -0.000000 -0.000000
82  -0.062978 -4.612901 4.868224  -0.000000 0.000937 -0.001514
83  0.032300 -4.377938 -4.331139  -0.000000 0.000000 -0.000000
84  -8.000000 0.000001 0.000000  0.000001 0.052360 0.000000
85  0.000156 0.385903 39.987263  1.570796 -0.000000 0.000000
86  -0.000161 -1.420346 0.919518  0.000000 -0.000000 0.000000
87  0.000005 3.345128 -2.981901  1.570796 0.083187 1.570796
88  0.000000 -0.000000 -0.000000  0.000000 0.000000 0.000000
89  0.000003 0.000000 -0.000000  -0.000000 -0.000000 -0.003106
90  4.018316 -0.012484 -0.000000  -0.000000 -0.000000 -0.000000
91  0.000005 -0.000000 0.000000  -0.000000 0.000000 -0.032354
92  3.516729 -0.113802 -0.000000  0.000000 -0.000000 -0.000000
93  0.000002 -0.000000 0.000000  0.000000 0.000000 0.067981
94  8.921986 0.607517 -0.000001  -0.000000 -0.000000 -0.000000
95  -0.000000 -0.000000 0.000000  0.000000 0.000000 0.262078
96  3.194337 0.856892 -0.000000  0.000000 -0.000000 -0.000000
97  0.000001 0.000000 0.000000  3.141590 -0.000000 0.662566
98  2.833353 2.210629 -0.000000  0.000000 -0.000000 -0.000000
99  -0.000002 -0.000000 0.000000  3.141590 -0.000000 0.255978
100  1.704618 1.493419 1.937660  -1.544954 -1.855079 0.063449
101  -0.000001 0.000001 0.000000  0.000000 0.000000 0.000001
102  1.704624 1.493426 -1.937611  1.473111 1.855076 0.063436
103  -0.000003 0.000003 0.000001  0.000000 0.000000 -0.000001
104  7.723854 1.956159 58.484589  1.570796 -0.000000 0.000000
105  0.000000 0.000001 -0.000000  0.000000 -0.000000 0.000000
106  14.952688 -17.686636 -0.395722  0.000001 -0.000000 0.000000
107  0.000000 9.000000 -0.000003  0.000000 -0.000000 0.000000
108  0.000000 0.000001 -0.000000  0.000000 -0.000000 0.000000
109  0.000000 0.000002 -9.999998  0.000000 -0.000000 0.000000
110  0.000000 0.000002 0.000000  0.000001 -0.000000 0.000000
111  15.264428 2.505456 49.565292  -0.015813 0.868860 -0.020712
112  11.481673 -0.000034 -0.000029  1.573178 -0.106616 0.044195
113  -0.000001 0.000004 0.000000  -0.000000 0.000000 0.000002
114  -0.000001 0.000000 0.000000  -0.000000 -0.000000 0.000000
115  -0.000001 0.000000 0.000000  0.000000 0.000000 0.000000
116  -7.723807 1.956140 58.484608  1.570796 -0.000000 0.000000
117  0.000000 0.000001 -0.000000  0.000000 -0.000000 0.000000
118  -14.952740 -17.686594 -0.395684  0.000001 -0.000000 0.000000
119  0.000000 9.000000 -0.000003  0.000000 -0.000000 0.000000
120  0.000000 0.000024 -0.000000  0.000000 -0.000000 0.000000
121  0.000000 -0.000021 -9.999999  0.000000 -0.000000 0.000000
122  0.000000 0.000002 0.000000  0.000001 -0.000000 0.000000
123  -15.264407 2.505418 49.565334  0.015813 2.272735 0.020712
124  11.481701 -0.000054 -0.000002  -1.564933 0.106603 0.044183
125  -0.000003 -0.000001 -0.000000  -0.000000 0.000000 -0.000003
126  0.000003 0.000001 -0.000000  -0.000000 -0.000000 -0.000000
127  0.000003 0.000001 0.000000  0.000000 0.000000 -0.000000
128  3.890447 -0.533611 38.566914  1.570796 -0.000000 0.000000
129  0.000000 -0.000000 0.000000  0.000000 -0.000000 0.000000
130  0.000000 -0.000002 -9.999999  0.000000 -0.000000 0.000000
131  0.000000 -0.000002 -0.000000  0.000000 -0.000000 0.000000
132  -3.890457 -0.533622 38.566921  1.570796 -0.000000 0.000000
133  0.000000 -0.000000 0.000000  0.000000 -0.000000 0.000000
134  0.000000 -0.000002 -9.999999  0.000000 -0.000000 0.000000
135  0.000000 -0.000002 -0.000000  0.000000 -0.000000 0.000000
time 11
0  0.000000 0.000000 0.000000  1.570796 -0.000000 0.000000
1  1.673484 -0.010152 36.127728  1.567908 -0.080615 -1.160967
2  0.000000 0.000002 -0.000000  0.000000 -0.000000 -0.000000
3  3.890453 -0.000001 -0.000002  -2.371337 -0.228398 -1.281520
4  17.848175 0.000002 0.000001  -0.000000 0.000000 0.737823
5  15.638505 0.000000 -0.000000  -0.072320 0.098332 -1.167766
6  7.109930 -0.000000 0.000002  -0.007119 -0.003131 -0.631738
7  -3.890451 0.000009 0.000007  -1.442275 -0.260636 -1.813749
8  17.848169 0.000001 -0.000000  0.000000 -0.000000 0.776189
9  15.638510 0.000001 -0.000000  0.016097 -0.196368 -1.398336
10  7.109930 -0.000001 0.000001  -0.081154 -0.003131 -0.631749
11  -0.044716 2.528786 4.661499  -0.043890 -0.031354 0.012665
12  4.041916 4.954662 -8.467939  0.000000 -0.392699 -0.000000
13  0.265638 3.337317 -2.981901  1.527039 0.085783 1.559388
14  4.018332 0.000001 -0.000000  -0.025949 0.078223 0.144205
15  3.518563 -0.000001 -0.000000  -0.021723 0.091023 0.251386
16  8.942645 0.000002 -0.000001  0.021996 0.030776 0.131155
17  3.306631 0.000001 -0.000001  3.138800 0.000567 0.400476
18  3.593711 -0.000005 -0.000002  0.936726 0.277037 0.578822
19  2.033334 1.000770 1.101697  -0.341313 -1.665149 -1.409568
20  6.809416 0.000001 -0.000000  -1.355262 -0.520317 -0.945743
21  12.391796 0.000002 -0.000003  0.000000 0.000000 -1.534591
22  9.337076 0.000003 -0.000026  1.321762 -0.220743 -0.189360
23  3.859709 -0.142430 -1.191959  -0.513267 0.072291 -1.288225
24  1.312562 -0.000002 0.000001  -0.163028 0.224047 -1.466962
25  0.729362 0.000001 0.000004  -0.068871 0.147979 -0.913117
26  3.942328 0.046741 -0.431428  -0.157261 0.007109 -0.685616
27  1.539091 0.000014 -0.000012  -0.068563 0.062695 -1.808644
28  1.196321 0.000008 0.000002  -0.005433 0.026725 -0.524005
29  4.454021 -0.070202 0.572070  0.095490 -0.008587 -0.706335
30  1.426601 -0.000001 0.000003  0.055908 -0.087976 -1.504206
31  1.322469 -0.000000 0.000005  0.009312 -0.033625 -0.575065
32  4.477063 -0.028573 1.582465  0.481653 -0.035390 -1.246096
33  1.344416 -0.000000 -0.000007  0.023466 -0.208305 -0.755723
34  1.224672 0.000001 -0.000003  0.026043 -0.124620 -0.538676
35  2.630323 -0.345015 1.907214  -0.354022 -0.915164 -1.788195
36  1.059288 -0.000002 -0.000001  -0.001067 -0.012855 0.250988
37  0.781213 0.000003 0.000003  -0.000096 -0.003210 0.062757
38  2.033346 1.000773 -1.101645  0.376148 1.869769 -1.291802
39  6.809418 -0.000001 -0.000002  0.845663 -0.536892 -0.674074
40  12.391801 0.000004 -0.000001  0.000000 0.000000 -1.590722
41  9.337105 -0.000001 -0.000000  -0.978582 0.128306 0.384309
42  3.859668 -0.132557 1.193139  0.356241 -0.005490 -1.573374
43  1.312561 -0.000003 0.000003  0.028279 -0.114319 -0.811354
44  0.729361 -0.000004 0.000001  0.095163 -0.118144 -1.050513
45  3.942293 0.050340 0.431070  0.151846 -0.058502 -0.935225
46  1.539097 -0.000006 -0.000002  0.030980 -0.046749 -1.064281
47  1.196320 -0.000004 0.000003  0.012153 -0.031276 -0.784817
48  4.453987 -0.073768 -0.571672  -0.055716 -0.034386 -0.460235
49  1.426605 0.000002 -0.000002  0.003020 0.053207 -0.739115
50  1.322466 -0.000002 -0.000001  -0.004566 0.023271 -0.434351
51  4.477037 -0.043465 -1.581292  -0.372672 0.203295 -0.129266
52  1.344415 -0.000003 0.000001  0.025671 0.134158 -0.469558
53  1.224671 0.000001 0.000004  0.005225 0.037040 -0.157497
54  2.630292 -0.359833 -1.904289  0.762786 0.520899 -0.953325
55  1.059293 -0.000001 0.000004  0.001666 0.015799 0.285779
56  0.781204 0.000002 0.000002  0.000671 0.008611 0.155895
57  4.069501 1.811269 4.279048  1.570796 -0.000000 0.000000
58  0.000000 -0.000000 -0.000000  0.000000 0.052360 0.000000
59  0.032300 -4.377938 -4.331139  -0.000000 -0.000000 0.000000
60  -0.002340 -4.618855 4.848104  -0.000000 0.000937 -0.001514
61  -0.000000 0.000000 -0.000000  0.000000 -0.000000 0.000000
62  -0.014019 -4.136677 -0.422642  0.000001 -0.000000 0.000000
63  0.014022 0.341392 9.682304  0.000000 0.000937 -0.001514
64  0.003298 0.000005 -3.521831  0.000000 -0.000000 -0.000000
65  -0.000369 3.795277 -5.737836  0.000000 -0.000000 0.000000
66  -0.000000 0.000000 0.000000  -0.000001 0.000000 0.000000
67  -0.000000 -0.000000 -0.000000  -0.000000 -0.000000 -0.000000
68  -0.000000 0.000000 -0.000000  -0.000000 0.000000 0.000000
69  0.000003 -3.795290 9.259664  -0.000000 0.000937 -0.001514
70  7.999999 0.000001 -0.000000  0.000001 -0.052360 -0.000000
71  -4.069616 1.811259 4.279059  1.570796 -0.000000 0.000000
72  0.000000 -0.000000 -0.000000  0.000000 -0.052360 0.000000
73  0.000003 -3.795289 9.259665  -0.001320 -0.008192 0.060729
74  0.000000 0.000000 0.000000  0.000000 0.000000 0.000000
75  0.014020 -4.136677 -0.422641  0.000001 0.000000 -0.000000
76  -0.014018 0.341393 9.682305  -0.000000 0.000937 -0.001514
77  0.003297 0.000005 -3.521831  0.000000 -0.000000 -0.000000
78  -0.000369 3.795275 -5.737837  0.000000 0.000000 0.000000
79  -0.000000 0.000000 0.000000  -0.000000 0.000000 0.000000
80  -0.000000 0.000000 -0.000000  -0.000000 -0.000000 -0.000000
81  0.000000 0.000000 0.000000  -0.000000 -0.000000 -0.000000
82  -0.062978 -4.612901 4.868224  -0.000000 0.000937 -0.001514
83  0.032300 -4.377938 -4.331139  -0.000000 0.000000 -0.000000
84  -8.000000 0.000001 0.000000  0.000001 0.052360 0.000000
85  0.000156 0.385903 39.987263  1.570796 -0.000000 0.000000
86  -0.000161 -1.420346 0.919518  0.000000 -0.000000 0.000000
87  0.000005 3.345128 -2.981901  1.570796 0.083187 1.570796
88  0.000000 -0.000000 -0.000000  0.000000 0.000000 0.000000
89  0.000003 0.000000 -0.000000  -0.000000 -0.000000 -0.003106
90  4.018316 -0.012484 -0.000000  -0.000000 -0.000000 -0.000000
91  0.000005 -0.000000 0.000000  -0.000000 0.000000 -0.032354
92  3.516729 -0.113802 -0.000000  0.000000 -0.000000 -0.000000
93  0.000002 -0.000000 0.000000  0.000000 0.000000 0.067981
94  8.921986 0.607517 -0.000001  -0.000000 -0.000000 -0.000000
95  -0.000000 -0.000000 0.000000  0.000000 0.000000 0.262078
96  3.194337 0.856892 -0.000000  0.000000 -0.000000 -0.000000
97  0.000001 0.000000 0.000000  3.141590 -0.000000 0.662566
98  2.833353 2.210629 -0.000000  0.000000 -0.000000 -0.000000
99  -0.000002 -0.000000 0.000000  3.141590 -0.000000 0.255978
100  1.704618 1.493419 1.937660  -1.544954 -1.855079 0.063449
101  -0.000001 0.000001 0.000000  0.000000 0.000000 0.000001
102  1.704624 1.493426 -1.937611  1.473111 1.855076 0.063436
103  -0.000003 0.000003 0.000001  0.000000 0.000000 -0.000001
104  7.723854 1.956159 58.484589  1.570796 -0.000000 0.000000
105  0.000000 0.000001 -0.000000  0.000000 -0.000000 0.000000
106  14.952688 -17.686636 -0.395722  0.000001 -0.000000 0.000000
107  0.000000 9.000000 -0.000003  0.000000 -0.000000 0.000000
108  0.000000 0.000001 -0.000000  0.000000 -0.000000 0.000000
109  0.000000 0.000002 -9.999998  0.000000 -0.000000 0.000000
110  0.000000 0.000002 0.000000  0.000001 -0.000000 0.000000
111  15.264428 2.505456 49.565292  -0.015813 0.868860 -0.020712
112  11.481673 -0.000034 -0.000029  1.573178 -0.106616 0.044195
113  -0.000001 0.000004 0.000000  -0.000000 0.000000 0.000002
114  -0.000001 0.000000 0.000000  -0.000000 -0.000000 0.000000
115  -0.000001 0.000000 0.000000  0.000000 0.000000 0.000000
116  -7.723807 1.956140 58.484608  1.570796 -0.000000 0.000000
117  0.000000 0.000001 -0.000000  0.000000 -0.000000 0.000000
118  -14.952740 -17.686594 -0.395684  0.000001 -0.000000 0.000000
119  0.000000 9.000000 -0.000003  0.000000 -0.000000 0.000000
120  0.000000 0.000024 -0.000000  0.000000 -0.000000 0.000000
121  0.000000 -0.000021 -9.999999  0.000000 -0.000000 0.000000
122  0.000000 0.000002 0.000000  0.000001 -0.000000 0.000000
123  -15.264407 2.505418 49.565334  0.015813 2.272735 0.020712
124  11.481701 -0.000054 -0.000002  -1.564933 0.106603 0.044183
125  -0.000003 -0.000001 -0.000000  -0.000000 0.000000 -0.000003
126  0.000003 0.000001 -0.000000  -0.000000 -0.000000 -0.000000
127  0.000003 0.000001 0.000000  0.000000 0.000000 -0.000000
128  3.890447 -0.533611 38.566914  1.570796 -0.000000 0.000000
129  0.000000 -0.000000 0.000000  0.000000 -0.000000 0.000000
130  0.000000 -0.000002 -9.999999  0.000000 -0.000000 0.000000
131  0.000000 -0.000002 -0.000000  0.000000 -0.000000 0.000000
132  -3.890457 -0.533622 38.566921  1.570796 -0.000000 0.000000
133  0.000000 -0.000000 0.000000  0.000000 -0.000000 0.000000
134  0.000000 -0.000002 -9.999999  0.000000 -0.000000 0.000000
135  0.000000 -0.000002 -0.000000  0.000000 -0.000000 0.000000
time 12
0  0.000000 0.000000 0.000000  1.570796 -0.000000 0.000000
1  1.868802 -0.081254 36.004227  1.573175 -0.083063 -1.175706
2  -0.000000 -0.000004 0.000000  0.000000 0.000000 0.000000
3  3.890452 -0.000009 -0.000002  -2.337552 -0.241551 -1.244241
4  17.848175 0.000002 0.000001  0.000000 0.000000 0.770960
5  15.638505 0.000000 -0.000001  -0.094032 0.143521 -1.130401
6  7.109930 -0.000000 -0.000001  -0.007119 -0.003131 -0.631738
7  -3.890452 0.000000 0.000007  -1.377442 -0.249024 -1.827845
8  17.848171 -0.000002 -0.000001  0.000000 0.000000 0.784638
9  15.638512 0.000001 0.000000  0.016653 -0.190133 -1.409605
10  7.109930 -0.000001 -0.000001  -0.081154 -0.003131 -0.631749
11  -0.044717 2.528780 4.661500  -0.043239 -0.004860 0.015030
12  4.041916 4.954655 -8.467940  0.000000 -0.392699 -0.000000
13  0.273451 3.337313 -2.981901  1.554199 0.085953 1.566659
14  4.018335 -0.000000 0.000000  -0.040641 0.113290 0.121454
15  3.518566 -0.000003 0.000001  -0.029838 0.122015 0.224816
16  8.942643 0.000001 -0.000000  0.041910 0.011685 0.118331
17  3.306652 -0.000001 0.000000  3.138800 0.000567 0.400476
18  3.593716 0.000004 -0.000001  0.922635 0.329160 0.511170
19  2.033352 1.000769 1.101696  -0.250125 -1.670132 -1.501086
20  6.809415 -0.000002 -0.000002  -1.189819 -0.432386 -1.002635
21  12.391800 0.000001 -0.000000  -0.000000 -0.000000 -1.562897
22  9.337078 0.000001 -0.000026  1.405718 -0.299920 -0.195072
23  3.859707 -0.142429 -1.191957  -0.513267 0.072291 -1.288225
24  1.312572 -0.000003 0.000001  -0.163028 0.224047 -1.466962
25  0.729361 0.000004 0.000004  -0.068871 0.147979 -0.913117
26  3.942328 0.046746 -0.431423  -0.157261 0.007109 -0.685616
27  1.539090 0.000014 -0.000015  -0.068563 0.062695 -1.808644
28  1.196316 0.000003 0.000001  -0.005433 0.026725 -0.524005
29  4.454024 -0.070199 0.572078  0.095490 -0.008587 -0.706335
30  1.426600 0.000001 -0.000002  0.055908 -0.087976 -1.504206
31  1.322469 0.000001 0.000000  0.009312 -0.033625 -0.575065
32  4.477065 -0.028570 1.582472  0.481653 -0.035390 -1.246096
33  1.344415 -0.000002 -0.000006  0.023466 -0.208305 -0.755723
34  1.224674 0.000005 -0.000003  0.026043 -0.124620 -0.538676
35  2.630325 -0.345012 1.907215  -0.354022 -0.915164 -1.788195
36  1.059288 -0.000003 0.000002  -0.001067 -0.012855 0.250988
37  0.781212 0.000003 0.000006  -0.000096 -0.003210 0.062757
38  2.033361 1.000772 -1.101646  0.487866 1.830748 -1.180032
39  6.809417 -0.000003 -0.000003  1.050955 -0.481749 -0.681473
40  12.391791 0.000003 -0.000002  -0.000000 -0.000000 -1.578656
41  9.337106 0.000004 -0.000001  -1.049052 0.210540 0.335092
42  3.859663 -0.132558 1.193134  0.433331 -0.008810 -1.376085
43  1.312560 -0.000004 0.000001  0.016866 -0.067094 -0.774425
44  0.729364 0.000004 0.000000  0.052395 -0.066766 -0.816747
45  3.942292 0.050338 0.431067  0.160576 -0.048680 -0.996206
46  1.539098 -0.000010 -0.000003  0.017647 -0.028021 -0.825844
47  1.196321 -0.000002 0.000003  0.007833 -0.021175 -0.754359
48  4.453989 -0.073767 -0.571673  -0.071955 -0.014983 -0.602657
49  1.426600 0.000000 -0.000003  0.001019 0.055317 -0.775874
50  1.322466 0.000000 0.000004  -0.008377 0.030150 -0.576715
51  4.477039 -0.043465 -1.581295  -0.450200 0.173669 -0.398739
52  1.344412 -0.000002 -0.000002  0.007466 0.164827 -0.591558
53  1.224672 0.000004 0.000007  -0.009456 0.089389 -0.389003
54  2.630295 -0.359833 -1.904290  0.771863 0.391738 -1.057957
55  1.059290 0.000000 0.000004  0.000372 0.010418 0.186990
56  0.781204 0.000002 0.000001  0.000288 0.005650 0.102000
57  4.069501 1.811269 4.279048  1.570796 -0.000000 0.000000
58  0.000000 -0.000000 -0.000000  0.000000 0.052360 0.000000
59  0.032300 -4.377938 -4.331139  -0.000000 -0.000000 0.000000
60  -0.002340 -4.618855 4.848104  -0.000000 0.000937 -0.001514
61  -0.000000 0.000000 -0.000000  0.000000 -0.000000 0.000000
62  -0.014019 -4.136677 -0.422642  0.000001 -0.000000 0.000000
63  0.014022 0.341392 9.682304  0.000000 0.000937 -0.001514
64  0.003298 0.000005 -3.521831  0.000000 -0.000000 -0.000000
65  -0.000369 3.795277 -5.737836  0.000000 -0.000000 0.000000
66  -0.000000 0.000000 0.000000  -0.000001 0.000000 0.000000
67  -0.000000 -0.000000 -0.000000  -0.000000 -0.000000 -0.000000
68  -0.000000 0.000000 -0.000000  -0.000000 0.000000 0.000000
69  0.000003 -3.795290 9.259664  -0.000000 0.000937 -0.001514
70  7.999999 0.000001 -0.000000  0.000001 -0.052360 -0.000000
71  -4.069616 1.811259 4.279059  1.570796 -0.000000 0.000000
72  0.000000 -0.000000 -0.000000  0.000000 -0.052360 0.000000
73  0.000003 -3.795289 9.259665  -0.001320 -0.008192 0.060729
74  0.000000 0.000000 0.000000  0.000000 0.000000 0.000000
75  0.014020 -4.136677 -0.422641  0.000001 0.000000 -0.000000
76  -0.014018 0.341393 9.682305  -0.000000 0.000937 -0.001514
77  0.003297 0.000005 -3.521831  0.000000 -0.000000 -0.000000
78  -0.000369 3.795275 -5.737837  0.000000 0.000000 0.000000
79  -0.000000 0.000000 0.000000  -0.000000 0.000000 0.000000
80  -0.000000 0.000000 -0.000000  -0.000000 -0.000000 -0.000000
81  0.000000 0.000000 0.000000  -0.000000 -0.000000 -0.000000
82  -0.062978 -4.612901 4.868224  -0.000000 0.000937 -0.001514
83  0.032300 -4.377938 -4.331139  -0.000000 0.000000 -0.000000
84  -8.000000 0.000001 0.000000  0.000001 0.052360 0.000000
85  0.000156 0.385903 39.987263  1.570796 -0.000000 0.000000
86  -0.000161 -1.420346 0.919518  0.000000 -0.000000 0.000000
87  0.000005 3.345128 -2.981901  1.570796 0.083187 1.570796
88  0.000000 -0.000000 -0.000000  0.000000 0.000000 0.000000
89  0.000003 0.000000 -0.000000  -0.000000 -0.000000 -0.003106
90  4.018316 -0.012484 -0.000000  -0.000000 -0.000000 -0.000000
91  0.000005 -0.000000 0.000000  -0.000000 0.000000 -0.032354
92  3.516729 -0.113802 -0.000000  0.000000 -0.000000 -0.000000
93  0.000002 -0.000000 0.000000  0.000000 0.000000 0.067981
94  8.921986 0.607517 -0.000001  -0.000000 -0.000000 -0.000000
95  -0.000000 -0.000000 0.000000  0.000000 0.000000 0.262078
96  3.194337 0.856892 -0.000000  0.000000 -0.000000 -0.000000
97  0.000001 0.000000 0.000000  3.141590 -0.000000 0.662566
98  2.833353 2.210629 -0.000000  0.000000 -0.000000 -0.000000
99  -0.000002 -0.000000 0.000000  3.141590 -0.000000 0.255978
100  1.704618 1.493419 1.937660  -1.544954 -1.855079 0.063449
101  -0.000001 0.000001 0.000000  0.000000 0.000000 0.000001
102  1.704624 1.493426 -1.937611  1.473111 1.855076 0.063436
103  -0.000003 0.000003 0.000001  0.000000 0.000000 -0.000001
104  7.723854 1.956159 58.484589  1.570796 -0.000000 0.000000
105  0.000000 0.000001 -0.000000  0.000000 -0.000000 0.000000
106  14.952688 -17.686636 -0.395722  0.000001 -0.000000 0.000000
107  0.000000 9.000000 -0.000003  0.000000 -0.000000 0.000000
108  0.000000 0.000001 -0.000000  0.000000 -0.000000 0.000000
109  0.000000 0.000002 -9.999998  0.000000 -0.000000 0.000000
110  0.000000 0.000002 0.000000  0.000001 -0.000000 0.000000
111  15.264428 2.505456 49.565292  -0.015813 0.868860 -0.020712
112  11.481673 -0.000034 -0.000029  1.573178 -0.106616 0.044195
113  -0.000001 0.000004 0.000000  -0.000000 0.000000 0.000002
114  -0.000001 0.000000 0.000000  -0.000000 -0.000000 0.000000
115  -0.000001 0.000000 0.000000  0.000000 0.000000 0.000000
116  -7.723807 1.956140 58.484608  1.570796 -0.000000 0.000000
117  0.000000 0.000001 -0.000000  0.000000 -0.000000 0.000000
118  -14.952740 -17.686594 -0.395684  0.000001 -0.000000 0.000000
119  0.000000 9.000000 -0.000003  0.000000 -0.000000 0.000000
120  0.000000 0.000024 -0.000000  0.000000 -0.000000 0.000000
121  0.000000 -0.000021 -9.999999  0.000000 -0.000000 0.000000
122  0.000000 0.000002 0.000000  0.000001 -0.000000 0.000000
123  -15.264407 2.505418 49.565334  0.015813 2.272735 0.020712
124  11.481701 -0.000054 -0.000002  -1.564933 0.106603 0.044183
125  -0.000003 -0.000001 -0.000000  -0.000000 0.000000 -0.000003
126  0.000003 0.000001 -0.000000  -0.000000 -0.000000 -0.000000
127  0.000003 0.000001 0.000000  0.000000 0.000000 -0.000000
128  3.890447 -0.533611 38.566914  1.570796 -0.000000 0.000000
129  0.000000 -0.000000 0.000000  0.000000 -0.000000 0.000000
130  0.000000 -0.000002 -9.999999  0.000000 -0.000000 0.000000
131  0.000000 -0.000002 -0.000000  0.000000 -0.000000 0.000000
132  -3.890457 -0.533622 38.566921  1.570796 -0.000000 0.000000
133  0.000000 -0.000000 0.000000  0.000000 -0.000000 0.000000
134  0.000000 -0.000002 -9.999999  0.000000 -0.000000 0.000000
135  0.000000 -0.000002 -0.000000  0.000000 -0.000000 0.000000
time 13
0  0.000000 0.000000 0.000000  1.570796 -0.000000 0.000000
1  2.083652 -0.233615 35.901302  1.580226 -0.087175 -1.186521
2  -0.000000 0.000001 -0.000000  -0.000000 -0.000000 -0.000000
3  3.890452 -0.000005 -0.000002  -2.303576 -0.269797 -1.233986
4  17.848171 0.000000 0.000001  0.000000 0.000000 0.803146
5  15.638504 -0.000000 -0.000000  -0.070737 0.160326 -1.117934
6  7.109929 -0.000001 -0.000000  -0.007119 -0.003131 -0.631738
7  -3.890452 0.000007 0.000007  -1.362092 -0.242283 -1.829264
8  17.848179 0.000000 -0.000000  0.000000 0.000000 0.793655
9  15.638510 0.000000 0.000001  0.047505 -0.146308 -1.426508
10  7.109930 -0.000001 0.000000  -0.081154 -0.003131 -0.631749
11  -0.044717 2.528783 4.661500  -0.042719 0.020013 0.015311
12  4.041916 4.954659 -8.467941  -0.000000 -0.392699 0.000000
13  0.289076 3.333409 -2.981902  1.579687 0.085981 1.571564
14  4.018334 0.000000 0.000000  -0.057571 0.145014 0.098617
15  3.518558 -0.000000 -0.000002  -0.041265 0.149999 0.198707
16  8.942648 0.000003 0.000000  0.058411 -0.006783 0.106299
17  3.306647 -0.000001 0.000000  3.138800 0.000567 0.400476
18  3.593711 -0.000006 -0.000000  0.907785 0.373916 0.446246
19  2.033347 1.000768 1.101698  -0.157962 -1.676043 -1.593772
20  6.809413 0.000000 -0.000002  -1.035183 -0.340926 -1.030655
21  12.391795 0.000002 -0.000001  -0.000000 -0.000000 -1.596487
22  9.337078 -0.000001 -0.000032  1.480841 -0.396491 -0.201822
23  3.859709 -0.142427 -1.191952  -0.513267 0.072291 -1.288225
24  1.312559 -0.000006 0.000000  -0.163028 0.224047 -1.466962
25  0.729364 0.000001 -0.000003  -0.068871 0.147979 -0.913117
26  3.942325 0.046748 -0.431423  -0.157261 0.007109 -0.685616
27  1.539092 0.000009 -0.000013  -0.068563 0.062695 -1.808644
28  1.196321 0.000005 -0.000014  -0.005433 0.026725 -0.524005
29  4.454022 -0.070198 0.572075  0.095490 -0.008587 -0.706366
30  1.426601 -0.000005 -0.000003  0.055908 -0.087976 -1.504206
31  1.322466 0.000001 0.000003  0.009312 -0.033625 -0.575065
32  4.477064 -0.028568 1.582474  0.481653 -0.035390 -1.246096
33  1.344416 -0.000001 -0.000004  0.023466 -0.208305 -0.755723
34  1.224678 0.000002 -0.000000  0.026043 -0.124620 -0.538676
35  2.630324 -0.345007 1.907217  -0.354022 -0.915164 -1.788195
36  1.059288 -0.000004 0.000000  -0.001067 -0.012855 0.250988
37  0.781211 0.000004 0.000000  -0.000096 -0.003210 0.062757
38  2.033361 1.000771 -1.101644  0.637300 1.790877 -1.031835
39  6.809419 -0.000002 -0.000002  1.254544 -0.388107 -0.648439
40  12.391800 0.000004 -0.000000  0.000000 -0.000000 -1.567307
41  9.337109 0.000000 0.000002  -1.129251 0.295933 0.276463
42  3.859665 -0.132558 1.193141  0.484758 -0.019515 -1.202528
43  1.312563 -0.000007 0.000002  0.007293 -0.027858 -0.735735
44  0.729361 -0.000001 -0.000001  0.016663 -0.023869 -0.612859
45  3.942287 0.050341 0.431068  0.167372 -0.040307 -1.047252
46  1.539095 -0.000005 -0.000001  0.006373 -0.012266 -0.618018
47  1.196322 -0.000000 0.000003  0.004176 -0.012791 -0.722018
48  4.453984 -0.073767 -0.571672  -0.091142 0.001592 -0.760526
49  1.426600 -0.000001 0.000001  -0.001786 0.058037 -0.825554
50  1.322466 -0.000005 -0.000004  -0.013674 0.037042 -0.734249
51  4.477037 -0.043463 -1.581290  -0.521137 0.120925 -0.681224
52  1.344412 -0.000002 -0.000001  -0.017318 0.196226 -0.729436
53  1.224674 0.000005 0.000012  -0.038315 0.140119 -0.639583
54  2.630293 -0.359832 -1.904287  0.792509 0.251825 -1.164182
55  1.059294 0.000001 0.000004  -0.000384 0.004821 0.086125
56  0.781203 -0.000004 0.000002  0.000060 0.002606 0.046983
57  4.069501 1.811269 4.279048  1.570796 -0.000000 0.000000
58  0.000000 -0.000000 -0.000000  0.000000 0.052360 0.000000
59  0.032300 -4.377938 -4.331139  -0.000000 -0.000000 0.000000
60  -0.002340 -4.618855 4.848104  -0.000000 0.000937 -0.001514
61  -0.000000 0.000000 -0.000000  0.000000 -0.000000 0.000000
62  -0.014019 -4.136677 -0.422642  0.000001 -0.000000 0.000000
63  0.014022 0.341392 9.682304  0.000000 0.000937 -0.001514
64  0.003298 0.000005 -3.521831  0.000000 -0.000000 -0.000000
65  -0.000369 3.795277 -5.737836  0.000000 -0.000000 0.000000
66  -0.000000 0.000000 0.000000  -0.000001 0.000000 0.000000
67  -0.000000 -0.000000 -0.000000  -0.000000 -0.000000 -0.000000
68  -0.000000 0.000000 -0.000000  -0.000000 0.000000 0.000000
69  0.000003 -3.795290 9.259664  -0.000000 0.000937 -0.001514
70  7.999999 0.000001 -0.000000  0.000001 -0.052360 -0.000000
71  -4.069616 1.811259 4.279059  1.570796 -0.000000 0.000000
72  0.000000 -0.000000 -0.000000  0.000000 -0.052360 0.000000
73  0.000003 -3.795289 9.259665  -0.001320 -0.008192 0.060729
74  0.000000 0.000000 0.000000  0.000000 0.000000 0.000000
75  0.014020 -4.136677 -0.422641  0.000001 0.000000 -0.000000
76  -0.014018 0.341393 9.682305  -0.000000 0.000937 -0.001514
77  0.003297 0.000005 -3.521831  0.000000 -0.000000 -0.000000
78  -0.000369 3.795275 -5.737837  0.000000 0.000000 0.000000
79  -0.000000 0.000000 0.000000  -0.000000 0.000000 0.000000
80  -0.000000 0.000000 -0.000000  -0.000000 -0.000000 -0.000000
81  0.000000 0.000000 0.000000  -0.000000 -0.000000 -0.000000
82  -0.062978 -4.612901 4.868224  -0.000000 0.000937 -0.001514
83  0.032300 -4.377938 -4.331139  -0.000000 0.000000 -0.000000
84  -8.000000 0.000001 0.000000  0.000001 0.052360 0.000000
85  0.000156 0.385903 39.987263  1.570796 -0.000000 0.000000
86  -0.000161 -1.420346 0.919518  0.000000 -0.000000 0.000000
87  0.000005 3.345128 -2.981901  1.570796 0.083187 1.570796
88  0.000000 -0.000000 -0.000000  0.000000 0.000000 0.000000
89  0.000003 0.000000 -0.000000  -0.000000 -0.000000 -0.003106
90  4.018316 -0.012484 -0.000000  -0.000000 -0.000000 -0.000000
91  0.000005 -0.000000 0.000000  -0.000000 0.000000 -0.032354
92  3.516729 -0.113802 -0.000000  0.000000 -0.000000 -0.000000
93  0.000002 -0.000000 0.000000  0.000000 0.000000 0.067981
94  8.921986 0.607517 -0.000001  -0.000000 -0.000000 -0.000000
95  -0.000000 -0.000000 0.000000  0.000000 0.000000 0.262078
96  3.194337 0.856892 -0.000000  0.000000 -0.000000 -0.000000
97  0.000001 0.000000 0.000000  3.141590 -0.000000 0.662566
98  2.833353 2.210629 -0.000000  0.000000 -0.000000 -0.000000
99  -0.000002 -0.000000 0.000000  3.141590 -0.000000 0.255978
100  1.704618 1.493419 1.937660  -1.544954 -1.855079 0.063449
101  -0.000001 0.000001 0.000000  0.000000 0.000000 0.000001
102  1.704624 1.493426 -1.937611  1.473111 1.855076 0.063436
103  -0.000003 0.000003 0.000001  0.000000 0.000000 -0.000001
104  7.723854 1.956159 58.484589  1.570796 -0.000000 0.000000
105  0.000000 0.000001 -0.000000  0.000000 -0.000000 0.000000
106  14.952688 -17.686636 -0.395722  0.000001 -0.000000 0.000000
107  0.000000 9.000000 -0.000003  0.000000 -0.000000 0.000000
108  0.000000 0.000001 -0.000000  0.000000 -0.000000 0.000000
109  0.000000 0.000002 -9.999998  0.000000 -0.000000 0.000000
110  0.000000 0.000002 0.000000  0.000001 -0.000000 0.000000
111  15.264428 2.505456 49.565292  -0.015813 0.868860 -0.020712
112  11.481673 -0.000034 -0.000029  1.573178 -0.106616 0.044195
113  -0.000001 0.000004 0.000000  -0.000000 0.000000 0.000002
114  -0.000001 0.000000 0.000000  -0.000000 -0.000000 0.000000
115  -0.000001 0.000000 0.000000  0.000000 0.000000 0.000000
116  -7.723807 1.956140 58.484608  1.570796 -0.000000 0.000000
117  0.000000 0.000001 -0.000000  0.000000 -0.000000 0.000000
118  -14.952740 -17.686594 -0.395684  0.000001 -0.000000 0.000000
119  0.000000 9.000000 -0.000003  0.000000 -0.000000 0.000000
120  0.000000 0.000024 -0.000000  0.000000 -0.000000 0.000000
121  0.000000 -0.000021 -9.999999  0.000000 -0.000000 0.000000
122  0.000000 0.000002 0.000000  0.000001 -0.000000 0.000000
123  -15.264407 2.505418 49.565334  0.015813 2.272735 0.020712
124  11.481701 -0.000054 -0.000002  -1.564933 0.106603 0.044183
125  -0.000003 -0.000001 -0.000000  -0.000000 0.000000 -0.000003
126  0.000003 0.000001 -0.000000  -0.000000 -0.000000 -0.000000
127  0.000003 0.000001 0.000000  0.000000 0.000000 -0.000000
128  3.890447 -0.533611 38.566914  1.570796 -0.000000 0.000000
129  0.000000 -0.000000 0.000000  0.000000 -0.000000 0.000000
130  0.000000 -0.000002 -9.999999  0.000000 -0.000000 0.000000
131  0.000000 -0.000002 -0.000000  0.000000 -0.000000 0.000000
132  -3.890457 -0.533622 38.566921  1.570796 -0.000000 0.000000
133  0.000000 -0.000000 0.000000  0.000000 -0.000000 0.000000
134  0.000000 -0.000002 -9.999999  0.000000 -0.000000 0.000000
135  0.000000 -0.000002 -0.000000  0.000000 -0.000000 0.000000
time 14
0  0.000000 0.000000 0.000000  1.570796 -0.000000 0.000000
1  2.318035 -0.467235 35.798386  1.588212 -0.093457 -1.208630
2  0.000000 0.000001 0.000000  0.000000 -0.000000 -0.000000
3  3.890452 -0.000005 -0.000002  -2.293077 -0.286073 -1.236191
4  17.848175 0.000003 0.000000  0.000000 0.000000 0.825822
5  15.638506 -0.000002 0.000000  -0.036682 0.148532 -1.128287
6  7.109930 0.000001 0.000002  -0.007119 -0.003131 -0.631738
7  -3.890452 0.000007 0.000007  -1.369624 -0.268114 -1.848089
8  17.848171 -0.000001 -0.000001  0.000000 -0.000000 0.812908
9  15.638510 0.000001 -0.000001  0.053064 -0.162464 -1.430710
10  7.109930 -0.000001 0.000000  -0.081154 -0.003131 -0.631749
11  -0.044717 2.528785 4.661500  -0.042588 0.020617 0.011463
12  4.041916 4.954662 -8.467939  0.000000 -0.392699 -0.000000
13  0.308608 3.333413 -2.981901  1.580765 0.085953 1.570205
14  4.018329 -0.000000 -0.000001  -0.075066 0.148885 0.103417
15  3.518565 -0.000001 -0.000000  -0.061374 0.152564 0.202999
16  8.942640 0.000002 0.000001  0.050209 -0.015125 0.104171
17  3.306645 0.000001 -0.000001  3.138800 0.000567 0.400476
18  3.593706 0.000001 -0.000003  0.964656 0.380897 0.469287
19  2.033351 1.000769 1.101699  -0.069882 -1.683322 -1.682416
20  6.809416 0.000004 -0.000000  -0.976179 -0.262063 -0.970545
21  12.391794 0.000003 0.000003  -0.000000 -0.000000 -1.632441
22  9.337076 0.000002 -0.000029  1.548826 -0.500362 -0.211977
23  3.859708 -0.142430 -1.191953  -0.513267 0.072291 -1.288225
24  1.312564 -0.000005 0.000000  -0.163028 0.224047 -1.466962
25  0.729362 0.000006 -0.000001  -0.068871 0.147979 -0.913117
26  3.942329 0.046740 -0.431424  -0.157261 0.007109 -0.685616
27  1.539091 0.000011 -0.000014  -0.068563 0.062695 -1.808644
28  1.196319 0.000004 -0.000002  -0.005433 0.026725 -0.524005
29  4.454023 -0.070206 0.572071  0.095490 -0.008587 -0.706335
30  1.426595 0.000001 0.000001  0.055908 -0.087976 -1.504206
31  1.322463 -0.000005 0.000000  0.009312 -0.033625 -0.575065
32  4.477065 -0.028575 1.582471  0.481653 -0.035390 -1.246096
33  1.344413 -0.000002 -0.000003  0.023466 -0.208305 -0.755723
34  1.224672 0.000003 -0.000000  0.026043 -0.124620 -0.538676
35  2.630325 -0.345016 1.907211  -0.354022 -0.915164 -1.788195
36  1.059289 -0.000004 0.000001  -0.001067 -0.012855 0.250988
37  0.781213 0.000003 -0.000002  -0.000096 -0.003210 0.062757
38  2.033359 1.000772 -1.101646  0.802721 1.756349 -0.868494
39  6.809418 -0.000008 -0.000000  1.415730 -0.221146 -0.615922
40  12.391797 0.000005 -0.000004  0.000000 -0.000000 -1.558186
41  9.337105 0.000004 0.000000  -1.202857 0.363204 0.218352
42  3.859663 -0.132557 1.193140  0.501649 -0.034846 -1.110639
43  1.312560 -0.000007 0.000001  0.003083 -0.011526 -0.701169
44  0.729360 0.000005 0.000002  0.001583 -0.005922 -0.505760
45  3.942291 0.050340 0.431071  0.170082 -0.036763 -1.068647
46  1.539098 -0.000004 -0.000001  0.001511 -0.005652 -0.509257
47  1.196323 -0.000001 0.000005  0.002496 -0.009329 -0.692257
48  4.453986 -0.073766 -0.571673  -0.109443 0.013445 -0.891670
49  1.426600 -0.000000 -0.000002  -0.004063 0.060051 -0.864118
50  1.322468 0.000000 0.000001  -0.018852 0.042075 -0.864931
51  4.477034 -0.043464 -1.581295  -0.566918 0.063111 -0.913942
52  1.344413 -0.000002 -0.000003  -0.041095 0.219416 -0.844574
53  1.224672 0.000003 0.000010  -0.071919 0.176049 -0.852213
54  2.630291 -0.359832 -1.904289  0.822008 0.137651 -1.254011
55  1.059290 0.000002 0.000006  -0.000599 -0.000009 0.000000
56  0.781204 -0.000004 0.000001  -0.000000 -0.000006 0.000002
57  4.069501 1.811269 4.279048  1.570796 -0.000000 0.000000
58  0.000000 -0.000000 -0.000000  0.000000 0.052360 0.000000
59  0.032300 -4.377938 -4.331139  -0.000000 -0.000000 0.000000
60  -0.002340 -4.618855 4.848104  -0.000000 0.000937 -0.001514
61  -0.000000 0.000000 -0.000000  0.000000 -0.000000 0.000000
62  -0.014019 -4.136677 -0.422642  0.000001 -0.000000 0.000000
63  0.014022 0.341392 9.682304  0.000000 0.000937 -0.001514
64  0.003298 0.000005 -3.521831  0.000000 -0.000000 -0.000000
65  -0.000369 3.795277 -5.737836  0.000000 -0.000000 0.000000
66  -0.000000 0.000000 0.000000  -0.000001 0.000000 0.000000
67  -0.000000 -0.000000 -0.000000  -0.000000 -0.000000 -0.000000
68  -0.000000 0.000000 -0.000000  -0.000000 0.000000 0.000000
69  0.000003 -3.795290 9.259664  -0.000000 0.000937 -0.001514
70  7.999999 0.000001 -0.000000  0.000001 -0.052360 -0.000000
71  -4.069616 1.811259 4.279059  1.570796 -0.000000 0.000000
72  0.000000 -0.000000 -0.000000  0.000000 -0.052360 0.000000
73  0.000003 -3.795289 9.259665  -0.001320 -0.008192 0.060729
74  0.000000 0.000000 0.000000  0.000000 0.000000 0.000000
75  0.014020 -4.136677 -0.422641  0.000001 0.000000 -0.000000
76  -0.014018 0.341393 9.682305  -0.000000 0.000937 -0.001514
77  0.003297 0.000005 -3.521831  0.000000 -0.000000 -0.000000
78  -0.000369 3.795275 -5.737837  0.000000 0.000000 0.000000
79  -0.000000 0.000000 0.000000  -0.000000 0.000000 0.000000
80  -0.000000 0.000000 -0.000000  -0.000000 -0.000000 -0.000000
81  0.000000 0.000000 0.000000  -0.000000 -0.000000 -0.000000
82  -0.062978 -4.612901 4.868224  -0.000000 0.000937 -0.001514
83  0.032300 -4.377938 -4.331139  -0.000000 0.000000 -0.000000
84  -8.000000 0.000001 0.000000  0.000001 0.052360 0.000000
85  0.000156 0.385903 39.987263  1.570796 -0.000000 0.000000
86  -0.000161 -1.420346 0.919518  0.000000 -0.000000 0.000000
87  0.000005 3.345128 -2.981901  1.570796 0.083187 1.570796
88  0.000000 -0.000000 -0.000000  0.000000 0.000000 0.000000
89  0.000003 0.000000 -0.000000  -0.000000 -0.000000 -0.003106
90  4.018316 -0.012484 -0.000000  -0.000000 -0.000000 -0.000000
91  0.000005 -0.000000 0.000000  -0.000000 0.000000 -0.032354
92  3.516729 -0.113802 -0.000000  0.000000 -0.000000 -0.000000
93  0.000002 -0.000000 0.000000  0.000000 0.000000 0.067981
94  8.921986 0.607517 -0.000001  -0.000000 -0.000000 -0.000000
95  -0.000000 -0.000000 0.000000  0.000000 0.000000 0.262078
96  3.194337 0.856892 -0.000000  0.000000 -0.000000 -0.000000
97  0.000001 0.000000 0.000000  3.141590 -0.000000 0.662566
98  2.833353 2.210629 -0.000000  0.000000 -0.000000 -0.000000
99  -0.000002 -0.000000 0.000000  3.141590 -0.000000 0.255978
100  1.704618 1.493419 1.937660  -1.544954 -1.855079 0.063449
101  -0.000001 0.000001 0.000000  0.000000 0.000000 0.000001
102  1.704624 1.493426 -1.937611  1.473111 1.855076 0.063436
103  -0.000003 0.000003 0.000001  0.000000 0.000000 -0.000001
104  7.723854 1.956159 58.484589  1.570796 -0.000000 0.000000
105  0.000000 0.000001 -0.000000  0.000000 -0.000000 0.000000
106  14.952688 -17.686636 -0.395722  0.000001 -0.000000 0.000000
107  0.000000 9.000000 -0.000003  0.000000 -0.000000 0.000000
108  0.000000 0.000001 -0.000000  0.000000 -0.000000 0.000000
109  0.000000 0.000002 -9.999998  0.000000 -0.000000 0.000000
110  0.000000 0.000002 0.000000  0.000001 -0.000000 0.000000
111  15.264428 2.505456 49.565292  -0.015813 0.868860 -0.020712
112  11.481673 -0.000034 -0.000029  1.573178 -0.106616 0.044195
113  -0.000001 0.000004 0.000000  -0.000000 0.000000 0.000002
114  -0.000001 0.000000 0.000000  -0.000000 -0.000000 0.000000
115  -0.000001 0.000000 0.000000  0.000000 0.000000 0.000000
116  -7.723807 1.956140 58.484608  1.570796 -0.000000 0.000000
117  0.000000 0.000001 -0.000000  0.000000 -0.000000 0.000000
118  -14.952740 -17.686594 -0.395684  0.000001 -0.000000 0.000000
119  0.000000 9.000000 -0.000003  0.000000 -0.000000 0.000000
120  0.000000 0.000024 -0.000000  0.000000 -0.000000 0.000000
121  0.000000 -0.000021 -9.999999  0.000000 -0.000000 0.000000
122  0.000000 0.000002 0.000000  0.000001 -0.000000 0.000000
123  -15.264407 2.505418 49.565334  0.015813 2.272735 0.020712
124  11.481701 -0.000054 -0.000002  -1.564933 0.106603 0.044183
125  -0.000003 -0.000001 -0.000000  -0.000000 0.000000 -0.000003
126  0.000003 0.000001 -0.000000  -0.000000 -0.000000 -0.000000
127  0.000003 0.000001 0.000000  0.000000 0.000000 -0.000000
128  3.890447 -0.533611 38.566914  1.570796 -0.000000 0.000000
129  0.000000 -0.000000 0.000000  0.000000 -0.000000 0.000000
130  0.000000 -0.000002 -9.999999  0.000000 -0.000000 0.000000
131  0.000000 -0.000002 -0.000000  0.000000 -0.000000 0.000000
132  -3.890457 -0.533622 38.566921  1.570796 -0.000000 0.000000
133  0.000000 -0.000000 0.000000  0.000000 -0.000000 0.000000
134  0.000000 -0.000002 -9.999999  0.000000 -0.000000 0.000000
135  0.000000 -0.000002 -0.000000  0.000000 -0.000000 0.000000
time 15
0  0.000000 0.000000 0.000000  1.570796 -0.000000 0.000000
1  2.560229 -0.782113 35.685173  1.596708 -0.100387 -1.225188
2  -0.000000 -0.000001 -0.000000  -0.000000 -0.000000 -0.000000
3  3.890452 -0.000009 -0.000002  -2.303576 -0.293501 -1.242037
4  17.848175 0.000003 0.000001  0.000000 0.000000 0.831016
5  15.638504 -0.000000 -0.000001  -0.005000 0.127497 -1.145639
6  7.109931 -0.000001 0.000000  -0.007119 -0.003131 -0.631738
7  -3.890452 0.000003 0.000006  -1.374296 -0.292518 -1.869563
8  17.848177 0.000001 -0.000001  0.000000 0.000000 0.830779
9  15.638511 0.000000 -0.000000  0.057697 -0.176936 -1.433098
10  7.109931 -0.000001 -0.000001  -0.081154 -0.003131 -0.631749
11  -0.044716 2.528779 4.661499  -0.042458 0.021220 0.005932
12  4.041916 4.954655 -8.467939  -0.000000 -0.392699 -0.000000
13  0.332047 3.329502 -2.981902  1.581789 0.085924 1.567013
14  4.018337 0.000000 0.000000  -0.092832 0.152228 0.106861
15  3.518560 -0.000001 -0.000001  -0.082237 0.154853 0.205979
16  8.942643 0.000005 -0.000003  0.040481 -0.022615 0.102148
17  3.306632 0.000001 0.000001  3.138800 0.000567 0.400476
18  3.593707 -0.000001 -0.000003  1.011781 0.385716 0.491697
19  2.033339 1.000768 1.101699  0.009320 -1.692310 -1.762260
20  6.809414 0.000007 -0.000004  -0.923199 -0.181534 -0.917250
21  12.391793 0.000002 0.000003  0.000000 -0.000000 -1.667292
22  9.337080 -0.000002 -0.000030  1.611369 -0.601110 -0.227324
23  3.859704 -0.142429 -1.191960  -0.513267 0.072291 -1.288225
24  1.312557 -0.000005 0.000003  -0.163028 0.224047 -1.466962
25  0.729362 0.000002 0.000002  -0.068871 0.147979 -0.913117
26  3.942328 0.046744 -0.431424  -0.157261 0.007109 -0.685616
27  1.539090 0.000009 -0.000006  -0.068563 0.062695 -1.808644
28  1.196324 0.000003 -0.000002  -0.005433 0.026725 -0.524005
29  4.454023 -0.070204 0.572074  0.095490 -0.008587 -0.706366
30  1.426602 -0.000005 0.000000  0.055908 -0.087976 -1.504206
31  1.322469 -0.000003 -0.000000  0.009312 -0.033625 -0.575065
32  4.477063 -0.028574 1.582472  0.481653 -0.035390 -1.246096
33  1.344414 -0.000002 -0.000003  0.023466 -0.208305 -0.755723
34  1.224675 0.000001 -0.000000  0.026043 -0.124620 -0.538676
35  2.630324 -0.345014 1.907213  -0.354022 -0.915164 -1.788195
36  1.059289 -0.000005 0.000001  -0.001067 -0.012855 0.250988
37  0.781211 0.000003 -0.000003  -0.000096 -0.003210 0.062757
38  2.033347 1.000774 -1.101646  0.718288 1.704820 -0.957257
39  6.809414 -0.000005 0.000001  1.467030 -0.217730 -0.494800
40  12.391796 0.000005 -0.000005  0.000000 -0.000000 -1.576070
41  9.337107 -0.000001 0.000001  -1.202217 0.363090 0.212826
42  3.859659 -0.132557 1.193141  0.500558 -0.049075 -1.084639
43  1.312562 -0.000005 0.000005  0.002784 -0.011602 -0.675305
44  0.729359 0.000000 0.000000  0.001407 -0.005966 -0.476141
45  3.942286 0.050342 0.431076  0.169850 -0.037830 -1.062422
46  1.539094 -0.000006 -0.000002  0.001343 -0.005694 -0.479638
47  1.196324 -0.000001 0.000006  0.002276 -0.009385 -0.668674
48  4.453984 -0.073768 -0.571666  -0.109443 0.013445 -0.891670
49  1.426597 0.000001 -0.000005  -0.004063 0.060051 -0.864118
50  1.322465 -0.000001 0.000000  -0.018852 0.042075 -0.864931
51  4.477031 -0.043463 -1.581290  -0.566918 0.063111 -0.913942
52  1.344414 0.000000 -0.000005  -0.041095 0.219416 -0.844574
53  1.224671 0.000001 0.000005  -0.071919 0.176049 -0.852213
54  2.630288 -0.359832 -1.904285  0.822008 0.137651 -1.254011
55  1.059292 -0.000003 0.000002  -0.000599 -0.000009 0.000000
56  0.781204 -0.000005 0.000003  -0.000000 -0.000006 0.000002
57  4.069501 1.811269 4.279048  1.570796 -0.000000 0.000000
58  0.000000 -0.000000 -0.000000  0.000000 0.052360 0.000000
59  0.032300 -4.377938 -4.331139  -0.000000 -0.000000 0.000000
60  -0.002340 -4.618855 4.848104  -0.000000 0.000937 -0.001514
61  -0.000000 0.000000 -0.000000  0.000000 -0.000000 0.000000
62  -0.014019 -4.136677 -0.422642  0.000001 -0.000000 0.000000
63  0.014022 0.341392 9.682304  0.000000 0.000937 -0.001514
64  0.003298 0.000005 -3.521831  0.000000 -0.000000 -0.000000
65  -0.000369 3.795277 -5.737836  0.000000 -0.000000 0.000000
66  -0.000000 0.000000 0.000000  -0.000001 0.000000 0.000000
67  -0.000000 -0.000000 -0.000000  -0.000000 -0.000000 -0.000000
68  -0.000000 0.000000 -0.000000  -0.000000 0.000000 0.000000
69  0.000003 -3.795290 9.259664  -0.000000 0.000937 -0.001514
70  7.999999 0.000001 -0.000000  0.000001 -0.052360 -0.000000
71  -4.069616 1.811259 4.279059  1.570796 -0.000000 0.000000
72  0.000000 -0.000000 -0.000000  0.000000 -0.052360 0.000000
73  0.000003 -3.795289 9.259665  -0.001320 -0.008192 0.060729
74  0.000000 0.000000 0.000000  0.000000 0.000000 0.000000
75  0.014020 -4.136677 -0.422641  0.000001 0.000000 -0.000000
76  -0.014018 0.341393 9.682305  -0.000000 0.000937 -0.001514
77  0.003297 0.000005 -3.521831  0.000000 -0.000000 -0.000000
78  -0.000369 3.795275 -5.737837  0.000000 0.000000 0.000000
79  -0.000000 0.000000 0.000000  -0.000000 0.000000 0.000000
80  -0.000000 0.000000 -0.000000  -0.000000 -0.000000 -0.000000
81  0.000000 0.000000 0.000000  -0.000000 -0.000000 -0.000000
82  -0.062978 -4.612901 4.868224  -0.000000 0.000937 -0.001514
83  0.032300 -4.377938 -4.331139  -0.000000 0.000000 -0.000000
84  -8.000000 0.000001 0.000000  0.000001 0.052360 0.000000
85  0.000156 0.385903 39.987263  1.570796 -0.000000 0.000000
86  -0.000161 -1.420346 0.919518  0.000000 -0.000000 0.000000
87  0.000005 3.345128 -2.981901  1.570796 0.083187 1.570796
88  0.000000 -0.000000 -0.000000  0.000000 0.000000 0.000000
89  0.000003 0.000000 -0.000000  -0.000000 -0.000000 -0.003106
90  4.018316 -0.012484 -0.000000  -0.000000 -0.000000 -0.000000
91  0.000005 -0.000000 0.000000  -0.000000 0.000000 -0.032354
92  3.516729 -0.113802 -0.000000  0.000000 -0.000000 -0.000000
93  0.000002 -0.000000 0.000000  0.000000 0.000000 0.067981
94  8.921986 0.607517 -0.000001  -0.000000 -0.000000 -0.000000
95  -0.000000 -0.000000 0.000000  0.000000 0.000000 0.262078
96  3.194337 0.856892 -0.000000  0.000000 -0.000000 -0.000000
97  0.000001 0.000000 0.000000  3.141590 -0.000000 0.662566
98  2.833353 2.210629 -0.000000  0.000000 -0.000000 -0.000000
99  -0.000002 -0.000000 0.000000  3.141590 -0.000000 0.255978
100  1.704618 1.493419 1.937660  -1.544954 -1.855079 0.063449
101  -0.000001 0.000001 0.000000  0.000000 0.000000 0.000001
102  1.704624 1.493426 -1.937611  1.473111 1.855076 0.063436
103  -0.000003 0.000003 0.000001  0.000000 0.000000 -0.000001
104  7.723854 1.956159 58.484589  1.570796 -0.000000 0.000000
105  0.000000 0.000001 -0.000000  0.000000 -0.000000 0.000000
106  14.952688 -17.686636 -0.395722  0.000001 -0.000000 0.000000
107  0.000000 9.000000 -0.000003  0.000000 -0.000000 0.000000
108  0.000000 0.000001 -0.000000  0.000000 -0.000000 0.000000
109  0.000000 0.000002 -9.999998  0.000000 -0.000000 0.000000
110  0.000000 0.000002 0.000000  0.000001 -0.000000 0.000000
111  15.264428 2.505456 49.565292  -0.015813 0.868860 -0.020712
112  11.481673 -0.000034 -0.000029  1.573178 -0.106616 0.044195
113  -0.000001 0.000004 0.000000  -0.000000 0.000000 0.000002
114  -0.000001 0.000000 0.000000  -0.000000 -0.000000 0.000000
115  -0.000001 0.000000 0.000000  0.000000 0.000000 0.000000
116  -7.723807 1.956140 58.484608  1.570796 -0.000000 0.000000
117  0.000000 0.000001 -0.000000  0.000000 -0.000000 0.000000
118  -14.952740 -17.686594 -0.395684  0.000001 -0.000000 0.000000
119  0.000000 9.000000 -0.000003  0.000000 -0.000000 0.000000
120  0.000000 0.000024 -0.000000  0.000000 -0.000000 0.000000
121  0.000000 -0.000021 -9.999999  0.000000 -0.000000 0.000000
122  0.000000 0.000002 0.000000  0.000001 -0.000000 0.000000
123  -15.264407 2.505418 49.565334  0.015813 2.272735 0.020712
124  11.481701 -0.000054 -0.000002  -1.564933 0.106603 0.044183
125  -0.000003 -0.000001 -0.000000  -0.000000 0.000000 -0.000003
126  0.000003 0.000001 -0.000000  -0.000000 -0.000000 -0.000000
127  0.000003 0.000001 0.000000  0.000000 0.000000 -0.000000
128  3.890447 -0.533611 38.566914  1.570796 -0.000000 0.000000
129  0.000000 -0.000000 0.000000  0.000000 -0.000000 0.000000
130  0.000000 -0.000002 -9.999999  0.000000 -0.000000 0.000000
131  0.000000 -0.000002 -0.000000  0.000000 -0.000000 0.000000
132  -3.890457 -0.533622 38.566921  1.570796 -0.000000 0.000000
133  0.000000 -0.000000 0.000000  0.000000 -0.000000 0.000000
134  0.000000 -0.000002 -9.999999  0.000000 -0.000000 0.000000
135  0.000000 -0.000002 -0.000000  0.000000 -0.000000 0.000000
time 16
0  0.000000 0.000000 0.000000  1.570796 -0.000000 0.000000
1  2.790705 -1.117307 35.561668  1.605033 -0.106578 -1.235525
2  -0.000000 0.000001 -0.000000  0.000000 0.000000 -0.000000
3  3.890451 -0.000007 -0.000002  -2.330680 -0.294353 -1.246924
4  17.848175 0.000003 -0.000002  0.000000 0.000000 0.826919
5  15.638505 -0.000001 -0.000001  0.010983 0.105611 -1.165871
6  7.109930 -0.000000 0.000002  -0.007119 -0.003131 -0.631738
7  -3.890451 0.000009 0.000006  -1.375440 -0.314462 -1.891888
8  17.848173 0.000002 -0.000000  0.000000 0.000000 0.848651
9  15.638510 0.000000 -0.000000  0.065016 -0.189724 -1.437109
10  7.109930 -0.000000 0.000000  -0.081154 -0.003131 -0.631749
11  -0.044717 2.528784 4.661499  -0.042393 0.021633 -0.000401
12  4.041916 4.954664 -8.467940  0.000000 -0.392699 -0.000000
13  0.355485 3.329502 -2.981901  1.582651 0.085896 1.562817
14  4.018337 0.000000 0.000000  -0.110486 0.154913 0.108792
15  3.518562 -0.000002 0.000002  -0.103184 0.156914 0.207504
16  8.942641 0.000003 -0.000002  0.029975 -0.028715 0.100177
17  3.306640 0.000000 -0.000001  3.138800 0.000567 0.400476
18  3.593713 0.000002 -0.000004  1.045954 0.388414 0.511968
19  2.033339 1.000770 1.101696  0.075558 -1.703252 -1.829349
20  6.809417 0.000003 -0.000003  -0.883894 -0.101004 -0.876734
21  12.391798 0.000001 0.000000  -0.000000 -0.000000 -1.697806
22  9.337077 -0.000003 -0.000030  1.669808 -0.688178 -0.248787
23  3.859706 -0.142430 -1.191956  -0.513267 0.072291 -1.288225
24  1.312569 -0.000008 0.000002  -0.163028 0.224047 -1.466962
25  0.729364 -0.000003 0.000004  -0.068871 0.147979 -0.913117
26  3.942330 0.046744 -0.431426  -0.157261 0.007109 -0.685616
27  1.539096 0.000008 -0.000010  -0.068563 0.062695 -1.808644
28  1.196324 0.000000 -0.000004  -0.005433 0.026725 -0.524005
29  4.454023 -0.070199 0.572073  0.095490 -0.008587 -0.706335
30  1.426604 -0.000008 -0.000002  0.055908 -0.087976 -1.504206
31  1.322463 -0.000003 0.000003  0.009312 -0.033625 -0.575065
32  4.477063 -0.028572 1.582471  0.481653 -0.035390 -1.246096
33  1.344413 0.000002 -0.000003  0.023466 -0.208305 -0.755723
34  1.224672 0.000004 0.000001  0.026043 -0.124620 -0.538676
35  2.630324 -0.345011 1.907214  -0.354022 -0.915164 -1.788195
36  1.059288 -0.000003 0.000000  -0.001067 -0.012855 0.250988
37  0.781213 0.000003 -0.000004  -0.000096 -0.003210 0.062757
38  2.033354 1.000770 -1.101644  0.557461 1.648353 -1.121078
39  6.809418 -0.000001 -0.000000  1.564139 -0.198415 -0.387012
40  12.391798 0.000007 -0.000007  0.000000 -0.000000 -1.612054
41  9.337109 0.000000 0.000008  -1.202665 0.363166 0.207473
42  3.859662 -0.132558 1.193139  0.499716 -0.057691 -1.068851
43  1.312568 -0.000002 0.000009  0.002581 -0.011649 -0.657808
44  0.729358 0.000001 -0.000003  0.001300 -0.005991 -0.458175
45  3.942291 0.050338 0.431071  0.169269 -0.040370 -1.047574
46  1.539100 -0.000007 0.000001  0.001240 -0.005718 -0.461672
47  1.196327 -0.000002 0.000005  0.002114 -0.009423 -0.651463
48  4.453986 -0.073770 -0.571670  -0.109443 0.013445 -0.891670
49  1.426600 0.000002 -0.000006  -0.004063 0.060051 -0.864118
50  1.322466 -0.000001 -0.000006  -0.018852 0.042075 -0.864931
51  4.477037 -0.043465 -1.581289  -0.566918 0.063111 -0.913942
52  1.344410 -0.000007 0.000004  -0.041095 0.219416 -0.844574
53  1.224668 0.000003 0.000003  -0.071919 0.176049 -0.852213
54  2.630293 -0.359833 -1.904287  0.822008 0.137651 -1.254011
55  1.059292 0.000000 0.000002  -0.000599 -0.000009 0.000000
56  0.781205 0.000000 0.000001  -0.000000 -0.000006 0.000002
57  4.069501 1.811269 4.279048  1.570796 -0.000000 0.000000
58  0.000000 -0.000000 -0.000000  0.000000 0.052360 0.000000
59  0.032300 -4.377938 -4.331139  -0.000000 -0.000000 0.000000
60  -0.002340 -4.618855 4.848104  -0.000000 0.000937 -0.001514
61  -0.000000 0.000000 -0.000000  0.000000 -0.000000 0.000000
62  -0.014019 -4.136677 -0.422642  0.000001 -0.000000 0.000000
63  0.014022 0.341392 9.682304  0.000000 0.000937 -0.001514
64  0.003298 0.000005 -3.521831  0.000000 -0.000000 -0.000000
65  -0.000369 3.795277 -5.737836  0.000000 -0.000000 0.000000
66  -0.000000 0.000000 0.000000  -0.000001 0.000000 0.000000
67  -0.000000 -0.000000 -0.000000  -0.000000 -0.000000 -0.000000
68  -0.000000 0.000000 -0.000000  -0.000000 0.000000 0.000000
69  0.000003 -3.795290 9.259664  -0.000000 0.000937 -0.001514
70  7.999999 0.000001 -0.000000  0.000001 -0.052360 -0.000000
71  -4.069616 1.811259 4.279059  1.570796 -0.000000 0.000000
72  0.000000 -0.000000 -0.000000  0.000000 -0.052360 0.000000
73  0.000003 -3.795289 9.259665  -0.001320 -0.008192 0.060729
74  0.000000 0.000000 0.000000  0.000000 0.000000 0.000000
75  0.014020 -4.136677 -0.422641  0.000001 0.000000 -0.000000
76  -0.014018 0.341393 9.682305  -0.000000 0.000937 -0.001514
77  0.003297 0.000005 -3.521831  0.000000 -0.000000 -0.000000
78  -0.000369 3.795275 -5.737837  0.000000 0.000000 0.000000
79  -0.000000 0.000000 0.000000  -0.000000 0.000000 0.000000
80  -0.000000 0.000000 -0.000000  -0.000000 -0.000000 -0.000000
81  0.000000 0.000000 0.000000  -0.000000 -0.000000 -0.000000
82  -0.062978 -4.612901 4.868224  -0.000000 0.000937 -0.001514
83  0.032300 -4.377938 -4.331139  -0.000000 0.000000 -0.000000
84  -8.000000 0.000001 0.000000  0.000001 0.052360 0.000000
85  0.000156 0.385903 39.987263  1.570796 -0.000000 0.000000
86  -0.000161 -1.420346 0.919518  0.000000 -0.000000 0.000000
87  0.000005 3.345128 -2.981901  1.570796 0.083187 1.570796
88  0.000000 -0.000000 -0.000000  0.000000 0.000000 0.000000
89  0.000003 0.000000 -0.000000  -0.000000 -0.000000 -0.003106
90  4.018316 -0.012484 -0.000000  -0.000000 -0.000000 -0.000000
91  0.000005 -0.000000 0.000000  -0.000000 0.000000 -0.032354
92  3.516729 -0.113802 -0.000000  0.000000 -0.000000 -0.000000
93  0.000002 -0.000000 0.000000  0.000000 0.000000 0.067981
94  8.921986 0.607517 -0.000001  -0.000000 -0.000000 -0.000000
95  -0.000000 -0.000000 0.000000  0.000000 0.000000 0.262078
96  3.194337 0.856892 -0.000000  0.000000 -0.000000 -0.000000
97  0.000001 0.000000 0.000000  3.141590 -0.000000 0.662566
98  2.833353 2.210629 -0.000000  0.000000 -0.000000 -0.000000
99  -0.000002 -0.000000 0.000000  3.141590 -0.000000 0.255978
100  1.704618 1.493419 1.937660  -1.544954 -1.855079 0.063449
101  -0.000001 0.000001 0.000000  0.000000 0.000000 0.000001
102  1.704624 1.493426 -1.937611  1.473111 1.855076 0.063436
103  -0.000003 0.000003 0.000001  0.000000 0.000000 -0.000001
104  7.723854 1.956159 58.484589  1.570796 -0.000000 0.000000
105  0.000000 0.000001 -0.000000  0.000000 -0.000000 0.000000
106  14.952688 -17.686636 -0.395722  0.000001 -0.000000 0.000000
107  0.000000 9.000000 -0.000003  0.000000 -0.000000 0.000000
108  0.000000 0.000001 -0.000000  0.000000 -0.000000 0.000000
109  0.000000 0.000002 -9.999998  0.000000 -0.000000 0.000000
110  0.000000 0.000002 0.000000  0.000001 -0.000000 0.000000
111  15.264428 2.505456 49.565292  -0.015813 0.868860 -0.020712
112  11.481673 -0.000034 -0.000029  1.573178 -0.106616 0.044195
113  -0.000001 0.000004 0.000000  -0.000000 0.000000 0.000002
114  -0.000001 0.000000 0.000000  -0.000000 -0.000000 0.000000
115  -0.000001 0.000000 0.000000  0.000000 0.000000 0.000000
116  -7.723807 1.956140 58.484608  1.570796 -0.000000 0.000000
117  0.000000 0.000001 -0.000000  0.000000 -0.000000 0.000000
118  -14.952740 -17.686594 -0.395684  0.000001 -0.000000 0.000000
119  0.000000 9.000000 -0.000003  0.000000 -0.000000 0.000000
120  0.000000 0.000024 -0.000000  0.000000 -0.000000 0.000000
121  0.000000 -0.000021 -9.999999  0.000000 -0.000000 0.000000
122  0.000000 0.000002 0.000000  0.000001 -0.000000 0.000000
123  -15.264407 2.505418 49.565334  0.015813 2.272735 0.020712
124  11.481701 -0.000054 -0.000002  -1.564933 0.106603 0.044183
125  -0.000003 -0.000001 -0.000000  -0.000000 0.000000 -0.000003
126  0.000003 0.000001 -0.000000  -0.000000 -0.000000 -0.000000
127  0.000003 0.000001 0.000000  0.000000 0.000000 -0.000000
128  3.890447 -0.533611 38.566914  1.570796 -0.000000 0.000000
129  0.000000 -0.000000 0.000000  0.000000 -0.000000 0.000000
130  0.000000 -0.000002 -9.999999  0.000000 -0.000000 0.000000
131  0.000000 -0.000002 -0.000000  0.000000 -0.000000 0.000000
132  -3.890457 -0.533622 38.566921  1.570796 -0.000000 0.000000
133  0.000000 -0.000000 0.000000  0.000000 -0.000000 0.000000
134  0.000000 -0.000002 -9.999999  0.000000 -0.000000 0.000000
135  0.000000 -0.000002 -0.000000  0.000000 -0.000000 0.000000
time 17
0  0.000000 0.000000 0.000000  1.570796 -0.000000 0.000000
1  2.997743 -1.462658 35.417587  1.612340 -0.110735 -1.239162
2  -0.000000 -0.000001 0.000000  -0.000000 -0.000000 -0.000000
3  3.890452 -0.000007 -0.000002  -2.365993 -0.293028 -1.247020
4  17.848175 0.000004 -0.000000  -0.000000 0.000000 0.825091
5  15.638504 -0.000001 -0.000000  0.012977 0.097883 -1.185993
6  7.109930 -0.000001 0.000003  -0.007119 -0.003131 -0.631738
7  -3.890452 0.000005 0.000007  -1.371626 -0.332913 -1.913457
8  17.848167 -0.000002 -0.000000  0.000000 0.000000 0.867335
9  15.638511 -0.000000 0.000000  0.073632 -0.201238 -1.443698
10  7.109930 -0.000001 -0.000000  -0.081154 -0.003131 -0.631749
11  -0.044717 2.528782 4.661499  -0.042328 0.021792 -0.006974
12  4.041916 4.954659 -8.467939  -0.000000 -0.392699 -0.000000
13  0.367204 3.325598 -2.981902  1.583136 0.085896 1.558265
14  4.018334 0.000000 0.000000  -0.127325 0.156818 0.108931
15  3.518567 -0.000001 0.000001  -0.123334 0.158736 0.207185
16  8.942641 0.000004 0.000000  0.019540 -0.032946 0.098260
17  3.306643 -0.000002 0.000001  3.138800 0.000567 0.400476
18  3.593710 -0.000005 -0.000001  1.062366 0.389356 0.527748
19  2.033345 1.000767 1.101698  0.126701 -1.716247 -1.881349
20  6.809417 0.000008 -0.000003  -0.867063 -0.022141 -0.855056
21  12.391794 0.000001 0.000002  -0.000000 0.000000 -1.720357
22  9.337071 -0.000003 -0.000027  1.723518 -0.750817 -0.275673
23  3.859708 -0.142434 -1.191953  -0.513267 0.072291 -1.288225
24  1.312568 -0.000005 0.000002  -0.163028 0.224047 -1.466962
25  0.729363 0.000001 -0.000002  -0.068871 0.147979 -0.913117
26  3.942329 0.046743 -0.431420  -0.157261 0.007109 -0.685616
27  1.539099 0.000009 -0.000014  -0.068563 0.062695 -1.808644
28  1.196319 0.000005 -0.000003  -0.005433 0.026725 -0.524005
29  4.454023 -0.070205 0.572083  0.095490 -0.008587 -0.706366
30  1.426596 -0.000001 0.000001  0.055908 -0.087976 -1.504206
31  1.322465 -0.000000 0.000003  0.009312 -0.033625 -0.575065
32  4.477064 -0.028580 1.582476  0.481653 -0.035390 -1.246096
33  1.344416 -0.000000 -0.000001  0.023466 -0.208305 -0.755723
34  1.224674 0.000002 -0.000001  0.026043 -0.124620 -0.538676
35  2.630323 -0.345018 1.907219  -0.354022 -0.915164 -1.788195
36  1.059289 -0.000001 0.000002  -0.001067 -0.012855 0.250988
37  0.781213 0.000002 0.000001  -0.000096 -0.003210 0.062757
38  2.033356 1.000771 -1.101644  -0.112556 1.592816 -1.792371
39  6.809412 0.000000 -0.000001  1.720120 -0.162631 -0.299783
40  12.391789 0.000003 0.000001  -0.000000 -0.000000 -1.659601
41  9.337107 -0.000001 -0.000003  -1.205162 0.363356 0.202724
42  3.859663 -0.132560 1.193137  0.499230 -0.062109 -1.060738
43  1.312563 -0.000003 0.000000  0.002457 -0.011675 -0.647173
44  0.729364 0.000003 0.000009  0.001244 -0.006002 -0.448949
45  3.942291 0.050338 0.431070  0.168527 -0.043390 -1.029848
46  1.539100 -0.000009 -0.000002  0.001188 -0.005729 -0.452446
47  1.196323 -0.000000 0.000008  0.002005 -0.009447 -0.639972
48  4.453987 -0.073768 -0.571670  -0.109443 0.013445 -0.891670
49  1.426599 0.000004 -0.000007  -0.004063 0.060051 -0.864118
50  1.322467 -0.000002 0.000002  -0.018852 0.042075 -0.864931
51  4.477037 -0.043468 -1.581293  -0.566918 0.063111 -0.913942
52  1.344412 -0.000008 0.000002  -0.041095 0.219416 -0.844574
53  1.224669 0.000004 0.000002  -0.071919 0.176037 -0.852213
54  2.630291 -0.359834 -1.904289  0.822008 0.137651 -1.254011
55  1.059290 0.000001 0.000003  -0.000599 -0.000009 0.000000
56  0.781201 -0.000005 0.000001  -0.000000 -0.000006 0.000002
57  4.069501 1.811269 4.279048  1.570796 -0.000000 0.000000
58  0.000000 -0.000000 -0.000000  0.000000 0.052360 0.000000
59  0.032300 -4.377938 -4.331139  -0.000000 -0.000000 0.000000
60  -0.002340 -4.618855 4.848104  -0.000000 0.000937 -0.001514
61  -0.000000 0.000000 -0.000000  0.000000 -0.000000 0.000000
62  -0.014019 -4.136677 -0.422642  0.000001 -0.000000 0.000000
63  0.014022 0.341392 9.682304  0.000000 0.000937 -0.001514
64  0.003298 0.000005 -3.521831  0.000000 -0.000000 -0.000000
65  -0.000369 3.795277 -5.737836  0.000000 -0.000000 0.000000
66  -0.000000 0.000000 0.000000  -0.000001 0.000000 0.000000
67  -0.000000 -0.000000 -0.000000  -0.000000 -0.000000 -0.000000
68  -0.000000 0.000000 -0.000000  -0.000000 0.000000 0.000000
69  0.000003 -3.795290 9.259664  -0.000000 0.000937 -0.001514
70  7.999999 0.000001 -0.000000  0.000001 -0.052360 -0.000000
71  -4.069616 1.811259 4.279059  1.570796 -0.000000 0.000000
72  0.000000 -0.000000 -0.000000  0.000000 -0.052360 0.000000
73  0.000003 -3.795289 9.259665  -0.001320 -0.008192 0.060729
74  0.000000 0.000000 0.000000  0.000000 0.000000 0.000000
75  0.014020 -4.136677 -0.422641  0.000001 0.000000 -0.000000
76  -0.014018 0.341393 9.682305  -0.000000 0.000937 -0.001514
77  0.003297 0.000005 -3.521831  0.000000 -0.000000 -0.000000
78  -0.000369 3.795275 -5.737837  0.000000 0.000000 0.000000
79  -0.000000 0.000000 0.000000  -0.000000 0.000000 0.000000
80  -0.000000 0.000000 -0.000000  -0.000000 -0.000000 -0.000000
81  0.000000 0.000000 0.000000  -0.000000 -0.000000 -0.000000
82  -0.062978 -4.612901 4.868224  -0.000000 0.000937 -0.001514
83  0.032300 -4.377938 -4.331139  -0.000000 0.000000 -0.000000
84  -8.000000 0.000001 0.000000  0.000001 0.052360 0.000000
85  0.000156 0.385903 39.987263  1.570796 -0.000000 0.000000
86  -0.000161 -1.420346 0.919518  0.000000 -0.000000 0.000000
87  0.000005 3.345128 -2.981901  1.570796 0.083187 1.570796
88  0.000000 -0.000000 -0.000000  0.000000 0.000000 0.000000
89  0.000003 0.000000 -0.000000  -0.000000 -0.000000 -0.003106
90  4.018316 -0.012484 -0.000000  -0.000000 -0.000000 -0.000000
91  0.000005 -0.000000 0.000000  -0.000000 0.000000 -0.032354
92  3.516729 -0.113802 -0.000000  0.000000 -0.000000 -0.000000
93  0.000002 -0.000000 0.000000  0.000000 0.000000 0.067981
94  8.921986 0.607517 -0.000001  -0.000000 -0.000000 -0.000000
95  -0.000000 -0.000000 0.000000  0.000000 0.000000 0.262078
96  3.194337 0.856892 -0.000000  0.000000 -0.000000 -0.000000
97  0.000001 0.000000 0.000000  3.141590 -0.000000 0.662566
98  2.833353 2.210629 -0.000000  0.000000 -0.000000 -0.000000
99  -0.000002 -0.000000 0.000000  3.141590 -0.000000 0.255978
100  1.704618 1.493419 1.937660  -1.544954 -1.855079 0.063449
101  -0.000001 0.000001 0.000000  0.000000 0.000000 0.000001
102  1.704624 1.493426 -1.937611  1.473111 1.855076 0.063436
103  -0.000003 0.000003 0.000001  0.000000 0.000000 -0.000001
104  7.723854 1.956159 58.484589  1.570796 -0.000000 0.000000
105  0.000000 0.000001 -0.000000  0.000000 -0.000000 0.000000
106  14.952688 -17.686636 -0.395722  0.000001 -0.000000 0.000000
107  0.000000 9.000000 -0.000003  0.000000 -0.000000 0.000000
108  0.000000 0.000001 -0.000000  0.000000 -0.000000 0.000000
109  0.000000 0.000002 -9.999998  0.000000 -0.000000 0.000000
110  0.000000 0.000002 0.000000  0.000001 -0.000000 0.000000
111  15.264428 2.505456 49.565292  -0.015813 0.868860 -0.020712
112  11.481673 -0.000034 -0.000029  1.573178 -0.106616 0.044195
113  -0.000001 0.000004 0.000000  -0.000000 0.000000 0.000002
114  -0.000001 0.000000 0.000000  -0.000000 -0.000000 0.000000
115  -0.000001 0.000000 0.000000  0.000000 0.000000 0.000000
116  -7.723807 1.956140 58.484608  1.570796 -0.000000 0.000000
117  0.000000 0.000001 -0.000000  0.000000 -0.000000 0.000000
118  -14.952740 -17.686594 -0.395684  0.000001 -0.000000 0.000000
119  0.000000 9.000000 -0.000003  0.000000 -0.000000 0.000000
120  0.000000 0.000024 -0.000000  0.000000 -0.000000 0.000000
121  0.000000 -0.000021 -9.999999  0.000000 -0.000000 0.000000
122  0.000000 0.000002 0.000000  0.000001 -0.000000 0.000000
123  -15.264407 2.505418 49.565334  0.015813 2.272735 0.020712
124  11.481701 -0.000054 -0.000002  -1.564933 0.106603 0.044183
125  -0.000003 -0.000001 -0.000000  -0.000000 0.000000 -0.000003
126  0.000003 0.000001 -0.000000  -0.000000 -0.000000 -0.000000
127  0.000003 0.000001 0.000000  0.000000 0.000000 -0.000000
128  3.890447 -0.533611 38.566914  1.570796 -0.000000 0.000000
129  0.000000 -0.000000 0.000000  0.000000 -0.000000 0.000000
130  0.000000 -0.000002 -9.999999  0.000000 -0.000000 0.000000
131  0.000000 -0.000002 -0.000000  0.000000 -0.000000 0.000000
132  -3.890457 -0.533622 38.566921  1.570796 -0.000000 0.000000
133  0.000000 -0.000000 0.000000  0.000000 -0.000000 0.000000
134  0.000000 -0.000002 -9.999999  0.000000 -0.000000 0.000000
135  0.000000 -0.000002 -0.000000  0.000000 -0.000000 0.000000
time 18
0  0.000000 0.000000 0.000000  1.570796 -0.000000 0.000000
1  3.157904 -1.808009 35.242619  1.618541 -0.111659 -1.235620
2  -0.000000 -0.000001 0.000000  0.000000 -0.000000 0.000000
3  3.890453 -0.000004 -0.000002  -2.394624 -0.294400 -1.243762
4  17.848173 0.000005 0.000000  0.000000 -0.000000 0.832771
5  15.638505 -0.000000 -0.000001  0.006647 0.106935 -1.206881
6  7.109931 0.000001 0.000001  -0.007119 -0.003131 -0.631738
7  -3.890452 0.000001 0.000007  -1.362569 -0.345902 -1.933039
8  17.848173 0.000001 -0.000001  0.000000 0.000000 0.885207
9  15.638510 -0.000000 0.000000  0.083453 -0.211659 -1.452484
10  7.109930 -0.000000 -0.000001  -0.081154 -0.003131 -0.631749
11  -0.044717 2.528780 4.661499  -0.042263 0.021474 -0.013066
12  4.041915 4.954655 -8.467937  0.000000 -0.392699 0.000000
13  0.371110 3.325594 -2.981901  1.583136 0.085924 1.553951
14  4.018332 0.000000 -0.000000  -0.142470 0.157789 0.106879
15  3.518562 -0.000001 -0.000000  -0.141556 0.160222 0.204631
16  8.942641 0.000004 -0.000000  0.009784 -0.034851 0.096413
17  3.306640 -0.000002 0.000002  3.138800 0.000567 0.400476
18  3.593705 -0.000005 -0.000001  1.058358 0.388971 0.536267
19  2.033336 1.000771 1.101698  0.167900 -1.732807 -1.923742
20  6.809416 0.000005 -0.000002  -0.872323 0.058193 -0.856760
21  12.391795 0.000000 -0.000004  -0.000000 -0.000000 -1.733919
22  9.337076 0.000000 -0.000029  1.772678 -0.792280 -0.308675
23  3.859709 -0.142431 -1.191958  -0.513267 0.072291 -1.288225
24  1.312565 -0.000005 0.000001  -0.163028 0.224047 -1.466962
25  0.729362 -0.000002 -0.000001  -0.068871 0.147979 -0.913117
26  3.942327 0.046748 -0.431425  -0.157261 0.007109 -0.685616
27  1.539095 0.000005 -0.000011  -0.068563 0.062695 -1.808644
28  1.196321 0.000003 -0.000006  -0.005433 0.026725 -0.524005
29  4.454023 -0.070208 0.572070  0.095490 -0.008587 -0.706335
30  1.426600 -0.000003 0.000002  0.055908 -0.087976 -1.504206
31  1.322470 -0.000002 0.000004  0.009312 -0.033625 -0.575065
32  4.477064 -0.028574 1.582471  0.481653 -0.035390 -1.246096
33  1.344418 0.000001 -0.000006  0.023466 -0.208305 -0.755723
34  1.224672 0.000003 -0.000002  0.026043 -0.124620 -0.538676
35  2.630324 -0.345015 1.907212  -0.354022 -0.915164 -1.788195
36  1.059288 -0.000003 0.000006  -0.001067 -0.012855 0.250988
37  0.781212 -0.000000 0.000004  -0.000096 -0.003210 0.062757
38  2.033346 1.000773 -1.101645  0.930118 1.523761 -0.749102
39  6.809416 0.000001 -0.000002  1.937432 -0.108014 -0.235695
40  12.391795 0.000003 0.000001  0.000000 -0.000000 -1.703988
41  9.337106 -0.000001 0.000001  -1.210282 0.363509 0.198666
42  3.859662 -0.132561 1.193139  0.499042 -0.063736 -1.057748
43  1.312562 -0.000007 0.000005  0.002395 -0.011688 -0.641895
44  0.729360 0.000001 0.000000  0.001224 -0.006007 -0.445550
45  3.942289 0.050338 0.431070  0.167864 -0.045910 -1.014993
46  1.539098 -0.000002 0.000000  0.001168 -0.005733 -0.449047
47  1.196323 -0.000004 0.000004  0.001945 -0.009459 -0.633554
48  4.453988 -0.073768 -0.571673  -0.109443 0.013445 -0.891670
49  1.426601 0.000006 0.000000  -0.004063 0.060051 -0.864118
50  1.322471 0.000000 0.000002  -0.018852 0.042075 -0.864931
51  4.477036 -0.043468 -1.581295  -0.566918 0.063111 -0.913942
52  1.344415 -0.000001 0.000000  -0.041095 0.219416 -0.844574
53  1.224674 0.000004 0.000007  -0.071919 0.176049 -0.852213
54  2.630291 -0.359835 -1.904287  0.822008 0.137651 -1.254011
55  1.059291 0.000002 0.000007  -0.000599 -0.000009 0.000000
56  0.781206 -0.000003 0.000005  0.000000 -0.000006 0.000002
57  4.069501 1.811269 4.279048  1.570796 -0.000000 0.000000
58  0.000000 -0.000000 -0.000000  0.000000 0.052360 0.000000
59  0.032300 -4.377938 -4.331139  -0.000000 -0.000000 0.000000
60  -0.002340 -4.618855 4.848104  -0.000000 0.000937 -0.001514
61  -0.000000 0.000000 -0.000000  0.000000 -0.000000 0.000000
62  -0.014019 -4.136677 -0.422642  0.000001 -0.000000 0.000000
63  0.014022 0.341392 9.682304  0.000000 0.000937 -0.001514
64  0.003298 0.000005 -3.521831  0.000000 -0.000000 -0.000000
65  -0.000369 3.795277 -5.737836  0.000000 -0.000000 0.000000
66  -0.000000 0.000000 0.000000  -0.000001 0.000000 0.000000
67  -0.000000 -0.000000 -0.000000  -0.000000 -0.000000 -0.000000
68  -0.000000 0.000000 -0.000000  -0.000000 0.000000 0.000000
69  0.000003 -3.795290 9.259664  -0.000000 0.000937 -0.001514
70  7.999999 0.000001 -0.000000  0.000001 -0.052360 -0.000000
71  -4.069616 1.811259 4.279059  1.570796 -0.000000 0.000000
72  0.000000 -0.000000 -0.000000  0.000000 -0.052360 0.000000
73  0.000003 -3.795289 9.259665  -0.001320 -0.008192 0.060729
74  0.000000 0.000000 0.000000  0.000000 0.000000 0.000000
75  0.014020 -4.136677 -0.422641  0.000001 0.000000 -0.000000
76  -0.014018 0.341393 9.682305  -0.000000 0.000937 -0.001514
77  0.003297 0.000005 -3.521831  0.000000 -0.000000 -0.000000
78  -0.000369 3.795275 -5.737837  0.000000 0.000000 0.000000
79  -0.000000 0.000000 0.000000  -0.000000 0.000000 0.000000
80  -0.000000 0.000000 -0.000000  -0.000000 -0.000000 -0.000000
81  0.000000 0.000000 0.000000  -0.000000 -0.000000 -0.000000
82  -0.062978 -4.612901 4.868224  -0.000000 0.000937 -0.001514
83  0.032300 -4.377938 -4.331139  -0.000000 0.000000 -0.000000
84  -8.000000 0.000001 0.000000  0.000001 0.052360 0.000000
85  0.000156 0.385903 39.987263  1.570796 -0.000000 0.000000
86  -0.000161 -1.420346 0.919518  0.000000 -0.000000 0.000000
87  0.000005 3.345128 -2.981901  1.570796 0.083187 1.570796
88  0.000000 -0.000000 -0.000000  0.000000 0.000000 0.000000
89  0.000003 0.000000 -0.000000  -0.000000 -0.000000 -0.003106
90  4.018316 -0.012484 -0.000000  -0.000000 -0.000000 -0.000000
91  0.000005 -0.000000 0.000000  -0.000000 0.000000 -0.032354
92  3.516729 -0.113802 -0.000000  0.000000 -0.000000 -0.000000
93  0.000002 -0.000000 0.000000  0.000000 0.000000 0.067981
94  8.921986 0.607517 -0.000001  -0.000000 -0.000000 -0.000000
95  -0.000000 -0.000000 0.000000  0.000000 0.000000 0.262078
96  3.194337 0.856892 -0.000000  0.000000 -0.000000 -0.000000
97  0.000001 0.000000 0.000000  3.141590 -0.000000 0.662566
98  2.833353 2.210629 -0.000000  0.000000 -0.000000 -0.000000
99  -0.000002 -0.000000 0.000000  3.141590 -0.000000 0.255978
100  1.704618 1.493419 1.937660  -1.544954 -1.855079 0.063449
101  -0.000001 0.000001 0.000000  0.000000 0.000000 0.000001
102  1.704624 1.493426 -1.937611  1.473111 1.855076 0.063436
103  -0.000003 0.000003 0.000001  0.000000 0.000000 -0.000001
104  7.723854 1.956159 58.484589  1.570796 -0.000000 0.000000
105  0.000000 0.000001 -0.000000  0.000000 -0.000000 0.000000
106  14.952688 -17.686636 -0.395722  0.000001 -0.000000 0.000000
107  0.000000 9.000000 -0.000003  0.000000 -0.000000 0.000000
108  0.000000 0.000001 -0.000000  0.000000 -0.000000 0.000000
109  0.000000 0.000002 -9.999998  0.000000 -0.000000 0.000000
110  0.000000 0.000002 0.000000  0.000001 -0.000000 0.000000
111  15.264428 2.505456 49.565292  -0.015813 0.868860 -0.020712
112  11.481673 -0.000034 -0.000029  1.573178 -0.106616 0.044195
113  -0.000001 0.000004 0.000000  -0.000000 0.000000 0.000002
114  -0.000001 0.000000 0.000000  -0.000000 -0.000000 0.000000
115  -0.000001 0.000000 0.000000  0.000000 0.000000 0.000000
116  -7.723807 1.956140 58.484608  1.570796 -0.000000 0.000000
117  0.000000 0.000001 -0.000000  0.000000 -0.000000 0.000000
118  -14.952740 -17.686594 -0.395684  0.000001 -0.000000 0.000000
119  0.000000 9.000000 -0.000003  0.000000 -0.000000 0.000000
120  0.000000 0.000024 -0.000000  0.000000 -0.000000 0.000000
121  0.000000 -0.000021 -9.999999  0.000000 -0.000000 0.000000
122  0.000000 0.000002 0.000000  0.000001 -0.000000 0.000000
123  -15.264407 2.505418 49.565334  0.015813 2.272735 0.020712
124  11.481701 -0.000054 -0.000002  -1.564933 0.106603 0.044183
125  -0.000003 -0.000001 -0.000000  -0.000000 0.000000 -0.000003
126  0.000003 0.000001 -0.000000  -0.000000 -0.000000 -0.000000
127  0.000003 0.000001 0.000000  0.000000 0.000000 -0.000000
128  3.890447 -0.533611 38.566914  1.570796 -0.000000 0.000000
129  0.000000 -0.000000 0.000000  0.000000 -0.000000 0.000000
130  0.000000 -0.000002 -9.999999  0.000000 -0.000000 0.000000
131  0.000000 -0.000002 -0.000000  0.000000 -0.000000 0.000000
132  -3.890457 -0.533622 38.566921  1.570796 -0.000000 0.000000
133  0.000000 -0.000000 0.000000  0.000000 -0.000000 0.000000
134  0.000000 -0.000002 -9.999999  0.000000 -0.000000 0.000000
135  0.000000 -0.000002 -0.000000  0.000000 -0.000000 0.000000
time 19
0  0.000000 0.000000 0.000000  1.570796 -0.000000 0.000000
1  3.267282 -2.193990 35.067657  1.623384 -0.108379 -1.223561
2  -0.000001 -0.000003 0.000000  0.000000 0.000000 0.000000
3  3.890452 -0.000007 -0.000001  -2.409035 -0.300740 -1.240503
4  17.848175 0.000003 0.000000  0.000000 -0.000000 0.848645
5  15.638504 0.000000 -0.000001  0.002184 0.123337 -1.230321
6  7.109931 -0.000001 0.000001  -0.007119 -0.003131 -0.631738
7  -3.890453 0.000002 0.000007  -1.345979 -0.350281 -1.950540
8  17.848171 -0.000001 0.000000  0.000000 0.000000 0.898367
9  15.638509 0.000001 -0.000000  0.094200 -0.222263 -1.461747
10  7.109930 -0.000001 -0.000000  -0.081154 -0.003131 -0.631749
11  -0.044717 2.528780 4.661500  -0.042263 0.020585 -0.018517
12  4.041915 4.954662 -8.467939  0.000000 -0.392699 0.000000
13  0.359390 3.325591 -2.981901  1.582490 0.086009 1.550049
14  4.018336 -0.000001 -0.000000  -0.154811 0.157609 0.102113
15  3.518568 -0.000000 0.000001  -0.156695 0.161169 0.199168
16  8.942640 0.000003 0.000001  0.001110 -0.034156 0.094584
17  3.306645 -0.000002 -0.000001  3.138800 0.000567 0.400476
18  3.593711 -0.000002 -0.000001  1.033087 0.387365 0.534840
19  2.033346 1.000769 1.101697  0.202795 -1.753324 -1.960205
20  6.809414 0.000003 -0.000000  -0.890397 0.142154 -0.878438
21  12.391799 0.000003 -0.000001  -0.000000 -0.000000 -1.741015
22  9.337076 0.000003 -0.000028  1.817109 -0.823747 -0.347216
23  3.859711 -0.142433 -1.191954  -0.513267 0.072291 -1.288225
24  1.312559 -0.000003 0.000002  -0.163028 0.224047 -1.466962
25  0.729363 0.000001 -0.000001  -0.068871 0.147979 -0.913117
26  3.942327 0.046740 -0.431424  -0.157261 0.007109 -0.685616
27  1.539094 0.000011 -0.000010  -0.068563 0.062695 -1.808644
28  1.196321 0.000010 -0.000005  -0.005433 0.026725 -0.524005
29  4.454023 -0.070205 0.572074  0.095490 -0.008587 -0.706366
30  1.426599 -0.000005 0.000001  0.055908 -0.087976 -1.504206
31  1.322460 -0.000004 0.000004  0.009312 -0.033625 -0.575065
32  4.477064 -0.028575 1.582473  0.481653 -0.035390 -1.246096
33  1.344415 0.000000 -0.000002  0.023466 -0.208305 -0.755723
34  1.224671 0.000003 -0.000002  0.026043 -0.124620 -0.538676
35  2.630324 -0.345021 1.907214  -0.354022 -0.915164 -1.788195
36  1.059289 -0.000005 0.000004  -0.001067 -0.012855 0.250988
37  0.781211 -0.000001 -0.000001  -0.000096 -0.003210 0.062757
38  2.033358 1.000771 -1.101647  0.658148 1.470775 -1.019421
39  6.809414 -0.000005 -0.000003  2.201028 -0.028694 -0.189328
40  12.391795 0.000001 -0.000001  0.000000 -0.000000 -1.730707
41  9.337103 -0.000001 0.000007  -1.217195 0.363623 0.195643
42  3.859660 -0.132561 1.193140  0.499015 -0.063969 -1.057321
43  1.312559 -0.000008 -0.000004  0.002379 -0.011692 -0.640470
44  0.729368 -0.000002 0.000002  0.001221 -0.006007 -0.445064
45  3.942290 0.050340 0.431071  0.167575 -0.046964 -1.008763
46  1.539099 -0.000007 -0.000002  0.001165 -0.005733 -0.448561
47  1.196321 0.000000 0.000003  0.001926 -0.009463 -0.631559
48  4.453988 -0.073765 -0.571674  -0.109443 0.013445 -0.891670
49  1.426597 -0.000007 -0.000001  -0.004063 0.060051 -0.864118
50  1.322464 -0.000004 0.000001  -0.018852 0.042075 -0.864931
51  4.477035 -0.043466 -1.581291  -0.566918 0.063111 -0.913942
52  1.344413 -0.000005 -0.000001  -0.041095 0.219416 -0.844574
53  1.224670 0.000007 0.000004  -0.071919 0.176049 -0.852213
54  2.630288 -0.359834 -1.904289  0.822008 0.137651 -1.254011
55  1.059288 0.000003 0.000005  -0.000599 -0.000009 0.000000
56  0.781204 -0.000002 0.000000  -0.000000 -0.000006 0.000002
57  4.069501 1.811269 4.279048  1.570796 -0.000000 0.000000
58  0.000000 -0.000000 -0.000000  0.000000 0.052360 0.000000
59  0.032300 -4.377938 -4.331139  -0.000000 -0.000000 0.000000
60  -0.002340 -4.618855 4.848104  -0.000000 0.000937 -0.001514
61  -0.000000 0.000000 -0.000000  0.000000 -0.000000 0.000000
62  -0.014019 -4.136677 -0.422642  0.000001 -0.000000 0.000000
63  0.014022 0.341392 9.682304  0.000000 0.000937 -0.001514
64  0.003298 0.000005 -3.521831  0.000000 -0.000000 -0.000000
65  -0.000369 3.795277 -5.737836  0.000000 -0.000000 0.000000
66  -0.000000 0.000000 0.000000  -0.000001 0.000000 0.000000
67  -0.000000 -0.000000 -0.000000  -0.000000 -0.000000 -0.000000
68  -0.000000 0.000000 -0.000000  -0.000000 0.000000 0.000000
69  0.000003 -3.795290 9.259664  -0.000000 0.000937 -0.001514
70  7.999999 0.000001 -0.000000  0.000001 -0.052360 -0.000000
71  -4.069616 1.811259 4.279059  1.570796 -0.000000 0.000000
72  0.000000 -0.000000 -0.000000  0.000000 -0.052360 0.000000
73  0.000003 -3.795289 9.259665  -0.001320 -0.008192 0.060729
74  0.000000 0.000000 0.000000  0.000000 0.000000 0.000000
75  0.014020 -4.136677 -0.422641  0.000001 0.000000 -0.000000
76  -0.014018 0.341393 9.682305  -0.000000 0.000937 -0.001514
77  0.003297 0.000005 -3.521831  0.000000 -0.000000 -0.000000
78  -0.000369 3.795275 -5.737837  0.000000 0.000000 0.000000
79  -0.000000 0.000000 0.000000  -0.000000 0.000000 0.000000
80  -0.000000 0.000000 -0.000000  -0.000000 -0.000000 -0.000000
81  0.000000 0.000000 0.000000  -0.000000 -0.000000 -0.000000
82  -0.062978 -4.612901 4.868224  -0.000000 0.000937 -0.001514
83  0.032300 -4.377938 -4.331139  -0.000000 0.000000 -0.000000
84  -8.000000 0.000001 0.000000  0.000001 0.052360 0.000000
85  0.000156 0.385903 39.987263  1.570796 -0.000000 0.000000
86  -0.000161 -1.420346 0.919518  0.000000 -0.000000 0.000000
87  0.000005 3.345128 -2.981901  1.570796 0.083187 1.570796
88  0.000000 -0.000000 -0.000000  0.000000 0.000000 0.000000
89  0.000003 0.000000 -0.000000  -0.000000 -0.000000 -0.003106
90  4.018316 -0.012484 -0.000000  -0.000000 -0.000000 -0.000000
91  0.000005 -0.000000 0.000000  -0.000000 0.000000 -0.032354
92  3.516729 -0.113802 -0.000000  0.000000 -0.000000 -0.000000
93  0.000002 -0.000000 0.000000  0.000000 0.000000 0.067981
94  8.921986 0.607517 -0.000001  -0.000000 -0.000000 -0.000000
95  -0.000000 -0.000000 0.000000  0.000000 0.000000 0.262078
96  3.194337 0.856892 -0.000000  0.000000 -0.000000 -0.000000
97  0.000001 0.000000 0.000000  3.141590 -0.000000 0.662566
98  2.833353 2.210629 -0.000000  0.000000 -0.000000 -0.000000
99  -0.000002 -0.000000 0.000000  3.141590 -0.000000 0.255978
100  1.704618 1.493419 1.937660  -1.544954 -1.855079 0.063449
101  -0.000001 0.000001 0.000000  0.000000 0.000000 0.000001
102  1.704624 1.493426 -1.937611  1.473111 1.855076 0.063436
103  -0.000003 0.000003 0.000001  0.000000 0.000000 -0.000001
104  7.723854 1.956159 58.484589  1.570796 -0.000000 0.000000
105  0.000000 0.000001 -0.000000  0.000000 -0.000000 0.000000
106  14.952688 -17.686636 -0.395722  0.000001 -0.000000 0.000000
107  0.000000 9.000000 -0.000003  0.000000 -0.000000 0.000000
108  0.000000 0.000001 -0.000000  0.000000 -0.000000 0.000000
109  0.000000 0.000002 -9.999998  0.000000 -0.000000 0.000000
110  0.000000 0.000002 0.000000  0.000001 -0.000000 0.000000
111  15.264428 2.505456 49.565292  -0.015813 0.868860 -0.020712
112  11.481673 -0.000034 -0.000029  1.573178 -0.106616 0.044195
113  -0.000001 0.000004 0.000000  -0.000000 0.000000 0.000002
114  -0.000001 0.000000 0.000000  -0.000000 -0.000000 0.000000
115  -0.000001 0.000000 0.000000  0.000000 0.000000 0.000000
116  -7.723807 1.956140 58.484608  1.570796 -0.000000 0.000000
117  0.000000 0.000001 -0.000000  0.000000 -0.000000 0.000000
118  -14.952740 -17.686594 -0.395684  0.000001 -0.000000 0.000000
119  0.000000 9.000000 -0.000003  0.000000 -0.000000 0.000000
120  0.000000 0.000024 -0.000000  0.000000 -0.000000 0.000000
121  0.000000 -0.000021 -9.999999  0.000000 -0.000000 0.000000
122  0.000000 0.000002 0.000000  0.000001 -0.000000 0.000000
123  -15.264407 2.505418 49.565334  0.015813 2.272735 0.020712
124  11.481701 -0.000054 -0.000002  -1.564933 0.106603 0.044183
125  -0.000003 -0.000001 -0.000000  -0.000000 0.000000 -0.000003
126  0.000003 0.000001 -0.000000  -0.000000 -0.000000 -0.000000
127  0.000003 0.000001 0.000000  0.000000 0.000000 -0.000000
128  3.890447 -0.533611 38.566914  1.570796 -0.000000 0.000000
129  0.000000 -0.000000 0.000000  0.000000 -0.000000 0.000000
130  0.000000 -0.000002 -9.999999  0.000000 -0.000000 0.000000
131  0.000000 -0.000002 -0.000000  0.000000 -0.000000 0.000000
132  -3.890457 -0.533622 38.566921  1.570796 -0.000000 0.000000
133  0.000000 -0.000000 0.000000  0.000000 -0.000000 0.000000
134  0.000000 -0.000002 -9.999999  0.000000 -0.000000 0.000000
135  0.000000 -0.000002 -0.000000  0.000000 -0.000000 0.000000
time 20
0  0.000000 0.000000 0.000000  1.570796 -0.000000 0.000000
1  3.337597 -2.610442 34.913277  1.627122 -0.100295 -1.199346
2  0.000000 -0.000000 -0.000000  0.000000 0.000000 -0.000000
3  3.890453 -0.000008 -0.000002  -2.405027 -0.314082 -1.239449
4  17.848175 0.000001 0.000001  0.000000 0.000000 0.867810
5  15.638508 0.000001 -0.000000  0.003925 0.135935 -1.256385
6  7.109930 0.000000 0.000001  -0.007119 -0.003131 -0.631738
7  -3.890451 0.000004 0.000007  -1.319283 -0.342655 -1.965487
8  17.848175 0.000001 -0.000000  0.000000 0.000000 0.902673
9  15.638512 0.000001 -0.000000  0.106430 -0.232775 -1.469769
10  7.109929 -0.000001 -0.000000  -0.081154 -0.003131 -0.631749
11  -0.044716 2.528785 4.661500  -0.042328 0.019060 -0.023006
12  4.041917 4.954659 -8.467940  0.000000 -0.392699 -0.000000
13  0.335954 3.329504 -2.981901  1.581196 0.086094 1.546917
14  4.018331 -0.000000 0.000000  -0.163174 0.155991 0.094094
15  3.518561 -0.000000 -0.000001  -0.167577 0.161145 0.190264
16  8.942641 0.000003 -0.000001  -0.006342 -0.030908 0.092508
17  3.306642 0.000000 -0.000002  3.138800 0.000567 0.400476
18  3.593704 0.000000 0.000000  0.985624 0.384024 0.520571
19  2.033350 1.000768 1.101695  0.230053 -1.776039 -1.989394
20  6.809415 0.000005 -0.000002  -0.916696 0.225722 -0.913463
21  12.391794 0.000002 0.000000  -0.000000 -0.000000 -1.743538
22  9.337072 0.000003 -0.000028  1.854135 -0.846961 -0.386968
23  3.859709 -0.142433 -1.191954  -0.513267 0.072291 -1.288225
24  1.312563 -0.000004 0.000006  -0.163028 0.224047 -1.466962
25  0.729364 0.000005 0.000000  -0.068871 0.147979 -0.913117
26  3.942327 0.046744 -0.431424  -0.157261 0.007109 -0.685616
27  1.539093 0.000010 -0.000009  -0.068563 0.062695 -1.808644
28  1.196320 0.000008 -0.000000  -0.005433 0.026725 -0.524005
29  4.454023 -0.070205 0.572074  0.095490 -0.008587 -0.706335
30  1.426599 -0.000004 0.000002  0.055908 -0.087976 -1.504206
31  1.322461 -0.000001 -0.000002  0.009312 -0.033625 -0.575065
32  4.477064 -0.028571 1.582474  0.481653 -0.035390 -1.246096
33  1.344417 0.000003 -0.000002  0.023466 -0.208305 -0.755723
34  1.224678 0.000005 -0.000004  0.026043 -0.124620 -0.538676
35  2.630324 -0.345015 1.907217  -0.354022 -0.915164 -1.788195
36  1.059288 -0.000002 0.000002  -0.001067 -0.012855 0.250988
37  0.781212 0.000006 -0.000008  -0.000096 -0.003210 0.062757
38  2.033357 1.000772 -1.101648  0.503545 1.424913 -1.172505
39  6.809416 -0.000007 -0.000001  2.486867 0.077299 -0.147779
40  12.391795 0.000003 -0.000002  0.000000 0.000000 -1.739326
41  9.337105 -0.000000 0.000001  -1.223339 0.363813 0.194694
42  3.859661 -0.132559 1.193135  0.499280 -0.061666 -1.061552
43  1.312562 -0.000003 0.000006  0.002435 -0.011680 -0.645281
44  0.729361 0.000005 0.000006  0.001250 -0.006001 -0.449875
45  3.942287 0.050339 0.431065  0.167796 -0.046161 -1.013511
46  1.539096 -0.000007 -0.000006  0.001193 -0.005728 -0.453372
47  1.196323 -0.000003 0.000006  0.001971 -0.009454 -0.636370
48  4.453982 -0.073768 -0.571674  -0.109443 0.013445 -0.891670
49  1.426599 -0.000003 0.000002  -0.004063 0.060051 -0.864118
50  1.322464 0.000004 -0.000002  -0.018852 0.042075 -0.864931
51  4.477034 -0.043465 -1.581292  -0.566918 0.063111 -0.913942
52  1.344413 0.000003 -0.000001  -0.041095 0.219416 -0.844574
53  1.224674 0.000000 0.000008  -0.071919 0.176037 -0.852213
54  2.630287 -0.359834 -1.904290  0.822008 0.137651 -1.254011
55  1.059290 -0.000003 0.000006  -0.000599 -0.000009 0.000000
56  0.781204 0.000001 -0.000002  -0.000000 -0.000006 0.000002
57  4.069501 1.811269 4.279048  1.570796 -0.000000 0.000000
58  0.000000 -0.000000 -0.000000  0.000000 0.052360 0.000000
59  0.032300 -4.377938 -4.331139  -0.000000 -0.000000 0.000000
60  -0.002340 -4.618855 4.848104  -0.000000 0.000937 -0.001514
61  -0.000000 0.000000 -0.000000  0.000000 -0.000000 0.000000
62  -0.014019 -4.136677 -0.422642  0.000001 -0.000000 0.000000
63  0.014022 0.341392 9.682304  0.000000 0.000937 -0.001514
64  0.003298 0.000005 -3.521831  0.000000 -0.000000 -0.000000
65  -0.000369 3.795277 -5.737836  0.000000 -0.000000 0.000000
66  -0.000000 0.000000 0.000000  -0.000001 0.000000 0.000000
67  -0.000000 -0.000000 -0.000000  -0.000000 -0.000000 -0.000000
68  -0.000000 0.000000 -0.000000  -0.000000 0.000000 0.000000
69  0.000003 -3.795290 9.259664  -0.000000 0.000937 -0.001514
70  7.999999 0.000001 -0.000000  0.000001 -0.052360 -0.000000
71  -4.069616 1.811259 4.279059  1.570796 -0.000000 0.000000
72  0.000000 -0.000000 -0.000000  0.000000 -0.052360 0.000000
73  0.000003 -3.795289 9.259665  -0.001320 -0.008192 0.060729
74  0.000000 0.000000 0.000000  0.000000 0.000000 0.000000
75  0.014020 -4.136677 -0.422641  0.000001 0.000000 -0.000000
76  -0.014018 0.341393 9.682305  -0.000000 0.000937 -0.001514
77  0.003297 0.000005 -3.521831  0.000000 -0.000000 -0.000000
78  -0.000369 3.795275 -5.737837  0.000000 0.000000 0.000000
79  -0.000000 0.000000 0.000000  -0.000000 0.000000 0.000000
80  -0.000000 0.000000 -0.000000  -0.000000 -0.000000 -0.000000
81  0.000000 0.000000 0.000000  -0.000000 -0.000000 -0.000000
82  -0.062978 -4.612901 4.868224  -0.000000 0.000937 -0.001514
83  0.032300 -4.377938 -4.331139  -0.000000 0.000000 -0.000000
84  -8.000000 0.000001 0.000000  0.000001 0.052360 0.000000
85  0.000156 0.385903 39.987263  1.570796 -0.000000 0.000000
86  -0.000161 -1.420346 0.919518  0.000000 -0.000000 0.000000
87  0.000005 3.345128 -2.981901  1.570796 0.083187 1.570796
88  0.000000 -0.000000 -0.000000  0.000000 0.000000 0.000000
89  0.000003 0.000000 -0.000000  -0.000000 -0.000000 -0.003106
90  4.018316 -0.012484 -0.000000  -0.000000 -0.000000 -0.000000
91  0.000005 -0.000000 0.000000  -0.000000 0.000000 -0.032354
92  3.516729 -0.113802 -0.000000  0.000000 -0.000000 -0.000000
93  0.000002 -0.000000 0.000000  0.000000 0.000000 0.067981
94  8.921986 0.607517 -0.000001  -0.000000 -0.000000 -0.000000
95  -0.000000 -0.000000 0.000000  0.000000 0.000000 0.262078
96  3.194337 0.856892 -0.000000  0.000000 -0.000000 -0.000000
97  0.000001 0.000000 0.000000  3.141590 -0.000000 0.662566
98  2.833353 2.210629 -0.000000  0.000000 -0.000000 -0.000000
99  -0.000002 -0.000000 0.000000  3.141590 -0.000000 0.255978
100  1.704618 1.493419 1.937660  -1.544954 -1.855079 0.063449
101  -0.000001 0.000001 0.000000  0.000000 0.000000 0.000001
102  1.704624 1.493426 -1.937611  1.473111 1.855076 0.063436
103  -0.000003 0.000003 0.000001  0.000000 0.000000 -0.000001
104  7.723854 1.956159 58.484589  1.570796 -0.000000 0.000000
105  0.000000 0.000001 -0.000000  0.000000 -0.000000 0.000000
106  14.952688 -17.686636 -0.395722  0.000001 -0.000000 0.000000
107  0.000000 9.000000 -0.000003  0.000000 -0.000000 0.000000
108  0.000000 0.000001 -0.000000  0.000000 -0.000000 0.000000
109  0.000000 0.000002 -9.999998  0.000000 -0.000000 0.000000
110  0.000000 0.000002 0.000000  0.000001 -0.000000 0.000000
111  15.264428 2.505456 49.565292  -0.015813 0.868860 -0.020712
112  11.481673 -0.000034 -0.000029  1.573178 -0.106616 0.044195
113  -0.000001 0.000004 0.000000  -0.000000 0.000000 0.000002
114  -0.000001 0.000000 0.000000  -0.000000 -0.000000 0.000000
115  -0.000001 0.000000 0.000000  0.000000 0.000000 0.000000
116  -7.723807 1.956140 58.484608  1.570796 -0.000000 0.000000
117  0.000000 0.000001 -0.000000  0.000000 -0.000000 0.000000
118  -14.952740 -17.686594 -0.395684  0.000001 -0.000000 0.000000
119  0.000000 9.000000 -0.000003  0.000000 -0.000000 0.000000
120  0.000000 0.000024 -0.000000  0.000000 -0.000000 0.000000
121  0.000000 -0.000021 -9.999999  0.000000 -0.000000 0.000000
122  0.000000 0.000002 0.000000  0.000001 -0.000000 0.000000
123  -15.264407 2.505418 49.565334  0.015813 2.272735 0.020712
124  11.481701 -0.000054 -0.000002  -1.564933 0.106603 0.044183
125  -0.000003 -0.000001 -0.000000  -0.000000 0.000000 -0.000003
126  0.000003 0.000001 -0.000000  -0.000000 -0.000000 -0.000000
127  0.000003 0.000001 0.000000  0.000000 0.000000 -0.000000
128  3.890447 -0.533611 38.566914  1.570796 -0.000000 0.000000
129  0.000000 -0.000000 0.000000  0.000000 -0.000000 0.000000
130  0.000000 -0.000002 -9.999999  0.000000 -0.000000 0.000000
131  0.000000 -0.000002 -0.000000  0.000000 -0.000000 0.000000
132  -3.890457 -0.533622 38.566921  1.570796 -0.000000 0.000000
133  0.000000 -0.000000 0.000000  0.000000 -0.000000 0.000000
134  0.000000 -0.000002 -9.999999  0.000000 -0.000000 0.000000
135  0.000000 -0.000002 -0.000000  0.000000 -0.000000 0.000000
time 21
0  0.000000 0.000000 0.000000  1.570796 -0.000000 0.000000
1  3.372754 -3.077682 34.800064  1.629926 -0.086435 -1.156468
2  0.000000 0.000003 0.000000  -0.000000 -0.000000 -0.000000
3  3.890453 -0.000005 -0.000001  -2.376777 -0.337361 -1.241174
4  17.848175 0.000002 -0.000000  0.000000 -0.000000 0.887048
5  15.638508 -0.000003 0.000000  0.009495 0.140614 -1.283835
6  7.109930 -0.000001 0.000000  -0.007119 -0.003131 -0.631738
7  -3.890452 0.000010 0.000007  -1.279907 -0.318792 -1.975420
8  17.848175 0.000002 0.000000  0.000000 0.000000 0.894224
9  15.638511 0.000001 0.000001  0.121624 -0.240830 -1.475117
10  7.109930 -0.000001 -0.000000  -0.081154 -0.003131 -0.631749
11  -0.044717 2.528786 4.661500  -0.042393 0.016868 -0.025571
12  4.041916 4.954663 -8.467939  -0.000000 -0.392699 -0.000000
13  0.289076 3.333413 -2.981900  1.579202 0.086236 1.545321
14  4.018336 0.000001 -0.000000  -0.166316 0.152480 0.082580
15  3.518561 0.000000 -0.000000  -0.173008 0.159359 0.177564
16  8.942639 0.000004 0.000002  -0.012573 -0.025767 0.089852
17  3.306640 0.000000 -0.000000  3.138800 0.000567 0.400476
18  3.593704 -0.000003 -0.000002  0.915252 0.377171 0.491278
19  2.033345 1.000769 1.101697  0.250209 -1.799145 -2.011937
20  6.809414 0.000004 -0.000001  -0.944812 0.305664 -0.952653
21  12.391793 0.000008 -0.000000  -0.000000 -0.000000 -1.742986
22  9.337075 0.000002 -0.000029  1.880633 -0.863993 -0.423432
23  3.859705 -0.142433 -1.191952  -0.513267 0.072291 -1.288225
24  1.312569 -0.000008 0.000007  -0.163028 0.224047 -1.466962
25  0.729365 0.000002 -0.000001  -0.068871 0.147979 -0.913117
26  3.942326 0.046743 -0.431417  -0.157261 0.007109 -0.685616
27  1.539094 0.000006 -0.000011  -0.068563 0.062695 -1.808644
28  1.196322 0.000011 -0.000006  -0.005433 0.026725 -0.524005
29  4.454023 -0.070202 0.572078  0.095490 -0.008587 -0.706366
30  1.426598 -0.000004 0.000005  0.055908 -0.087976 -1.504206
31  1.322469 -0.000002 0.000000  0.009312 -0.033625 -0.575065
32  4.477063 -0.028574 1.582474  0.481653 -0.035390 -1.246096
33  1.344419 0.000004 -0.000002  0.023466 -0.208305 -0.755723
34  1.224677 0.000002 -0.000000  0.026043 -0.124620 -0.538676
35  2.630324 -0.345016 1.907218  -0.354022 -0.915164 -1.788195
36  1.059289 -0.000002 -0.000000  -0.001067 -0.012843 0.250988
37  0.781212 0.000003 0.000001  -0.000096 -0.003210 0.062757
38  2.033356 1.000772 -1.101647  0.344921 1.385001 -1.330863
39  6.809417 -0.000008 -0.000004  2.778479 0.202257 -0.098487
40  12.391794 0.000004 0.000002  0.000000 0.000000 -1.744856
41  9.337110 -0.000004 0.000005  -1.226603 0.364042 0.196680
42  3.859661 -0.132560 1.193138  0.499934 -0.055591 -1.072703
43  1.312563 -0.000001 0.000010  0.002583 -0.011648 -0.657963
44  0.729360 0.000005 0.000001  0.001326 -0.005985 -0.462556
45  3.942290 0.050338 0.431067  0.168360 -0.044040 -1.026027
46  1.539096 -0.000014 -0.000003  0.001265 -0.005712 -0.466053
47  1.196321 -0.000009 0.000005  0.002091 -0.009428 -0.649052
48  4.453992 -0.073770 -0.571672  -0.109443 0.013445 -0.891670
49  1.426598 0.000001 0.000004  -0.004063 0.060051 -0.864118
50  1.322464 -0.000002 0.000000  -0.018852 0.042075 -0.864931
51  4.477038 -0.043467 -1.581292  -0.566918 0.063111 -0.913942
52  1.344413 -0.000004 -0.000001  -0.041095 0.219416 -0.844574
53  1.224670 0.000006 0.000005  -0.071919 0.176049 -0.852213
54  2.630296 -0.359835 -1.904293  0.822008 0.137651 -1.254011
55  1.059289 -0.000007 0.000005  -0.000599 -0.000009 0.000000
56  0.781202 -0.000001 0.000001  -0.000000 -0.000006 0.000002
57  4.069501 1.811269 4.279048  1.570796 -0.000000 0.000000
58  0.000000 -0.000000 -0.000000  0.000000 0.052360 0.000000
59  0.032300 -4.377938 -4.331139  -0.000000 -0.000000 0.000000
60  -0.002340 -4.618855 4.848104  -0.000000 0.000937 -0.001514
61  -0.000000 0.000000 -0.000000  0.000000 -0.000000 0.000000
62  -0.014019 -4.136677 -0.422642  0.000001 -0.000000 0.000000
63  0.014022 0.341392 9.682304  0.000000 0.000937 -0.001514
64  0.003298 0.000005 -3.521831  0.000000 -0.000000 -0.000000
65  -0.000369 3.795277 -5.737836  0.000000 -0.000000 0.000000
66  -0.000000 0.000000 0.000000  -0.000001 0.000000 0.000000
67  -0.000000 -0.000000 -0.000000  -0.000000 -0.000000 -0.000000
68  -0.000000 0.000000 -0.000000  -0.000000 0.000000 0.000000
69  0.000003 -3.795290 9.259664  -0.000000 0.000937 -0.001514
70  7.999999 0.000001 -0.000000  0.000001 -0.052360 -0.000000
71  -4.069616 1.811259 4.279059  1.570796 -0.000000 0.000000
72  0.000000 -0.000000 -0.000000  0.000000 -0.052360 0.000000
73  0.000003 -3.795289 9.259665  -0.001320 -0.008192 0.060729
74  0.000000 0.000000 0.000000  0.000000 0.000000 0.000000
75  0.014020 -4.136677 -0.422641  0.000001 0.000000 -0.000000
76  -0.014018 0.341393 9.682305  -0.000000 0.000937 -0.001514
77  0.003297 0.000005 -3.521831  0.000000 -0.000000 -0.000000
78  -0.000369 3.795275 -5.737837  0.000000 0.000000 0.000000
79  -0.000000 0.000000 0.000000  -0.000000 0.000000 0.000000
80  -0.000000 0.000000 -0.000000  -0.000000 -0.000000 -0.000000
81  0.000000 0.000000 0.000000  -0.000000 -0.000000 -0.000000
82  -0.062978 -4.612901 4.868224  -0.000000 0.000937 -0.001514
83  0.032300 -4.377938 -4.331139  -0.000000 0.000000 -0.000000
84  -8.000000 0.000001 0.000000  0.000001 0.052360 0.000000
85  0.000156 0.385903 39.987263  1.570796 -0.000000 0.000000
86  -0.000161 -1.420346 0.919518  0.000000 -0.000000 0.000000
87  0.000005 3.345128 -2.981901  1.570796 0.083187 1.570796
88  0.000000 -0.000000 -0.000000  0.000000 0.000000 0.000000
89  0.000003 0.000000 -0.000000  -0.000000 -0.000000 -0.003106
90  4.018316 -0.012484 -0.000000  -0.000000 -0.000000 -0.000000
91  0.000005 -0.000000 0.000000  -0.000000 0.000000 -0.032354
92  3.516729 -0.113802 -0.000000  0.000000 -0.000000 -0.000000
93  0.000002 -0.000000 0.000000  0.000000 0.000000 0.067981
94  8.921986 0.607517 -0.000001  -0.000000 -0.000000 -0.000000
95  -0.000000 -0.000000 0.000000  0.000000 0.000000 0.262078
96  3.194337 0.856892 -0.000000  0.000000 -0.000000 -0.000000
97  0.000001 0.000000 0.000000  3.141590 -0.000000 0.662566
98  2.833353 2.210629 -0.000000  0.000000 -0.000000 -0.000000
99  -0.000002 -0.000000 0.000000  3.141590 -0.000000 0.255978
100  1.704618 1.493419 1.937660  -1.544954 -1.855079 0.063449
101  -0.000001 0.000001 0.000000  0.000000 0.000000 0.000001
102  1.704624 1.493426 -1.937611  1.473111 1.855076 0.063436
103  -0.000003 0.000003 0.000001  0.000000 0.000000 -0.000001
104  7.723854 1.956159 58.484589  1.570796 -0.000000 0.000000
105  0.000000 0.000001 -0.000000  0.000000 -0.000000 0.000000
106  14.952688 -17.686636 -0.395722  0.000001 -0.000000 0.000000
107  0.000000 9.000000 -0.000003  0.000000 -0.000000 0.000000
108  0.000000 0.000001 -0.000000  0.000000 -0.000000 0.000000
109  0.000000 0.000002 -9.999998  0.000000 -0.000000 0.000000
110  0.000000 0.000002 0.000000  0.000001 -0.000000 0.000000
111  15.264428 2.505456 49.565292  -0.015813 0.868860 -0.020712
112  11.481673 -0.000034 -0.000029  1.573178 -0.106616 0.044195
113  -0.000001 0.000004 0.000000  -0.000000 0.000000 0.000002
114  -0.000001 0.000000 0.000000  -0.000000 -0.000000 0.000000
115  -0.000001 0.000000 0.000000  0.000000 0.000000 0.000000
116  -7.723807 1.956140 58.484608  1.570796 -0.000000 0.000000
117  0.000000 0.000001 -0.000000  0.000000 -0.000000 0.000000
118  -14.952740 -17.686594 -0.395684  0.000001 -0.000000 0.000000
119  0.000000 9.000000 -0.000003  0.000000 -0.000000 0.000000
120  0.000000 0.000024 -0.000000  0.000000 -0.000000 0.000000
121  0.000000 -0.000021 -9.999999  0.000000 -0.000000 0.000000
122  0.000000 0.000002 0.000000  0.000001 -0.000000 0.000000
123  -15.264407 2.505418 49.565334  0.015813 2.272735 0.020712
124  11.481701 -0.000054 -0.000002  -1.564933 0.106603 0.044183
125  -0.000003 -0.000001 -0.000000  -0.000000 0.000000 -0.000003
126  0.000003 0.000001 -0.000000  -0.000000 -0.000000 -0.000000
127  0.000003 0.000001 0.000000  0.000000 0.000000 -0.000000
128  3.890447 -0.533611 38.566914  1.570796 -0.000000 0.000000
129  0.000000 -0.000000 0.000000  0.000000 -0.000000 0.000000
130  0.000000 -0.000002 -9.999999  0.000000 -0.000000 0.000000
131  0.000000 -0.000002 -0.000000  0.000000 -0.000000 0.000000
132  -3.890457 -0.533622 38.566921  1.570796 -0.000000 0.000000
133  0.000000 -0.000000 0.000000  0.000000 -0.000000 0.000000
134  0.000000 -0.000002 -9.999999  0.000000 -0.000000 0.000000
135  0.000000 -0.000002 -0.000000  0.000000 -0.000000 0.000000
time 22
0  0.000000 0.000000 0.000000  1.570796 -0.000000 0.000000
1  3.364941 -3.565236 34.738319  1.631965 -0.065600 -1.086983
2  0.000000 -0.000006 0.000000  0.000000 0.000000 -0.000000
3  3.890452 -0.000011 -0.000002  -2.317032 -0.373319 -1.246349
4  17.848175 0.000006 -0.000001  -0.000000 -0.000000 0.904604
5  15.638507 -0.000000 -0.000000  0.018072 0.138889 -1.307602
6  7.109931 0.000000 0.000001  -0.007119 -0.003131 -0.631738
7  -3.890452 0.000003 0.000007  -1.224513 -0.272395 -1.975420
8  17.848169 0.000001 -0.000000  0.000000 -0.000000 0.867335
9  15.638510 0.000000 0.000000  0.141266 -0.243424 -1.476454
10  7.109930 -0.000001 -0.000000  -0.081154 -0.003131 -0.631749
11  -0.044717 2.528780 4.661500  -0.042458 0.014136 -0.024529
12  4.041916 4.954659 -8.467940  0.000000 -0.392699 -0.000000
13  0.218761 3.341211 -2.981901  1.576616 0.086321 1.547094
14  4.018333 0.000000 0.000000  -0.163084 0.146500 0.067987
15  3.518562 -0.000001 0.000001  -0.171792 0.154673 0.161458
16  8.942640 0.000005 0.000001  -0.017555 -0.020098 0.086263
17  3.306636 -0.000001 -0.000001  3.138800 0.000567 0.400476
18  3.593714 -0.000002 -0.000002  0.821550 0.363166 0.446624
19  2.033342 1.000767 1.101697  0.264682 -1.820932 -2.028732
20  6.809414 0.000001 -0.000000  -0.966424 0.378890 -0.983608
21  12.391794 0.000001 -0.000005  -0.000000 -0.000000 -1.741094
22  9.337081 0.000003 -0.000027  1.893927 -0.877079 -0.452626
23  3.859705 -0.142431 -1.191955  -0.513267 0.072291 -1.288225
24  1.312553 -0.000003 0.000006  -0.163028 0.224047 -1.466962
25  0.729362 0.000002 0.000001  -0.068871 0.147979 -0.913117
26  3.942329 0.046743 -0.431422  -0.157261 0.007109 -0.685616
27  1.539094 0.000009 -0.000008  -0.068563 0.062695 -1.808644
28  1.196321 0.000008 -0.000007  -0.005433 0.026725 -0.524005
29  4.454022 -0.070206 0.572078  0.095490 -0.008587 -0.706335
30  1.426599 -0.000006 0.000005  0.055908 -0.087976 -1.504206
31  1.322467 -0.000003 0.000001  0.009312 -0.033625 -0.575065
32  4.477064 -0.028572 1.582476  0.481653 -0.035390 -1.246096
33  1.344414 -0.000000 -0.000005  0.023466 -0.208305 -0.755723
34  1.224674 0.000004 -0.000001  0.026043 -0.124620 -0.538676
35  2.630325 -0.345016 1.907216  -0.354022 -0.915164 -1.788195
36  1.059289 -0.000004 0.000002  -0.001067 -0.012855 0.250988
37  0.781213 0.000000 0.000005  -0.000096 -0.003210 0.062757
38  2.033351 1.000771 -1.101647  0.153365 1.344321 -1.525261
39  6.809416 -0.000008 -0.000000  3.076148 0.331814 -0.031388
40  12.391794 0.000001 -0.000002  0.000000 0.000000 -1.767049
41  9.337102 -0.000002 0.000001  -1.226795 0.363699 0.202465
42  3.859658 -0.132558 1.193136  0.500741 -0.046989 -1.088455
43  1.312557 -0.000003 0.000006  0.002791 -0.011600 -0.675894
44  0.729360 0.000003 0.000001  0.001433 -0.005960 -0.480486
45  3.942286 0.050339 0.431067  0.169112 -0.041029 -1.043717
46  1.539100 -0.000007 -0.000005  0.001368 -0.005689 -0.483983
47  1.196322 0.000008 0.000003  0.002260 -0.009389 -0.666982
48  4.453982 -0.073769 -0.571676  -0.109443 0.013445 -0.891670
49  1.426609 0.000009 -0.000002  -0.004063 0.060051 -0.864118
50  1.322467 -0.000001 0.000002  -0.018852 0.042075 -0.864931
51  4.477024 -0.043465 -1.581291  -0.566918 0.063111 -0.913942
52  1.344415 -0.000000 -0.000000  -0.041095 0.219416 -0.844574
53  1.224670 0.000005 0.000006  -0.071919 0.176049 -0.852213
54  2.630285 -0.359832 -1.904290  0.822008 0.137651 -1.254011
55  1.059291 -0.000001 0.000005  -0.000599 -0.000009 0.000000
56  0.781206 0.000001 0.000000  -0.000000 -0.000006 0.000002
57  4.069501 1.811269 4.279048  1.570796 -0.000000 0.000000
58  0.000000 -0.000000 -0.000000  0.000000 0.052360 0.000000
59  0.032300 -4.377938 -4.331139  -0.000000 -0.000000 0.000000
60  -0.002340 -4.618855 4.848104  -0.000000 0.000937 -0.001514
61  -0.000000 0.000000 -0.000000  0.000000 -0.000000 0.000000
62  -0.014019 -4.136677 -0.422642  0.000001 -0.000000 0.000000
63  0.014022 0.341392 9.682304  0.000000 0.000937 -0.001514
64  0.003298 0.000005 -3.521831  0.000000 -0.000000 -0.000000
65  -0.000369 3.795277 -5.737836  0.000000 -0.000000 0.000000
66  -0.000000 0.000000 0.000000  -0.000001 0.000000 0.000000
67  -0.000000 -0.000000 -0.000000  -0.000000 -0.000000 -0.000000
68  -0.000000 0.000000 -0.000000  -0.000000 0.000000 0.000000
69  0.000003 -3.795290 9.259664  -0.000000 0.000937 -0.001514
70  7.999999 0.000001 -0.000000  0.000001 -0.052360 -0.000000
71  -4.069616 1.811259 4.279059  1.570796 -0.000000 0.000000
72  0.000000 -0.000000 -0.000000  0.000000 -0.052360 0.000000
73  0.000003 -3.795289 9.259665  -0.001320 -0.008192 0.060729
74  0.000000 0.000000 0.000000  0.000000 0.000000 0.000000
75  0.014020 -4.136677 -0.422641  0.000001 0.000000 -0.000000
76  -0.014018 0.341393 9.682305  -0.000000 0.000937 -0.001514
77  0.003297 0.000005 -3.521831  0.000000 -0.000000 -0.000000
78  -0.000369 3.795275 -5.737837  0.000000 0.000000 0.000000
79  -0.000000 0.000000 0.000000  -0.000000 0.000000 0.000000
80  -0.000000 0.000000 -0.000000  -0.000000 -0.000000 -0.000000
81  0.000000 0.000000 0.000000  -0.000000 -0.000000 -0.000000
82  -0.062978 -4.612901 4.868224  -0.000000 0.000937 -0.001514
83  0.032300 -4.377938 -4.331139  -0.000000 0.000000 -0.000000
84  -8.000000 0.000001 0.000000  0.000001 0.052360 0.000000
85  0.000156 0.385903 39.987263  1.570796 -0.000000 0.000000
86  -0.000161 -1.420346 0.919518  0.000000 -0.000000 0.000000
87  0.000005 3.345128 -2.981901  1.570796 0.083187 1.570796
88  0.000000 -0.000000 -0.000000  0.000000 0.000000 0.000000
89  0.000003 0.000000 -0.000000  -0.000000 -0.000000 -0.003106
90  4.018316 -0.012484 -0.000000  -0.000000 -0.000000 -0.000000
91  0.000005 -0.000000 0.000000  -0.000000 0.000000 -0.032354
92  3.516729 -0.113802 -0.000000  0.000000 -0.000000 -0.000000
93  0.000002 -0.000000 0.000000  0.000000 0.000000 0.067981
94  8.921986 0.607517 -0.000001  -0.000000 -0.000000 -0.000000
95  -0.000000 -0.000000 0.000000  0.000000 0.000000 0.262078
96  3.194337 0.856892 -0.000000  0.000000 -0.000000 -0.000000
97  0.000001 0.000000 0.000000  3.141590 -0.000000 0.662566
98  2.833353 2.210629 -0.000000  0.000000 -0.000000 -0.000000
99  -0.000002 -0.000000 0.000000  3.141590 -0.000000 0.255978
100  1.704618 1.493419 1.937660  -1.544954 -1.855079 0.063449
101  -0.000001 0.000001 0.000000  0.000000 0.000000 0.000001
102  1.704624 1.493426 -1.937611  1.473111 1.855076 0.063436
103  -0.000003 0.000003 0.000001  0.000000 0.000000 -0.000001
104  7.723854 1.956159 58.484589  1.570796 -0.000000 0.000000
105  0.000000 0.000001 -0.000000  0.000000 -0.000000 0.000000
106  14.952688 -17.686636 -0.395722  0.000001 -0.000000 0.000000
107  0.000000 9.000000 -0.000003  0.000000 -0.000000 0.000000
108  0.000000 0.000001 -0.000000  0.000000 -0.000000 0.000000
109  0.000000 0.000002 -9.999998  0.000000 -0.000000 0.000000
110  0.000000 0.000002 0.000000  0.000001 -0.000000 0.000000
111  15.264428 2.505456 49.565292  -0.015813 0.868860 -0.020712
112  11.481673 -0.000034 -0.000029  1.573178 -0.106616 0.044195
113  -0.000001 0.000004 0.000000  -0.000000 0.000000 0.000002
114  -0.000001 0.000000 0.000000  -0.000000 -0.000000 0.000000
115  -0.000001 0.000000 0.000000  0.000000 0.000000 0.000000
116  -7.723807 1.956140 58.484608  1.570796 -0.000000 0.000000
117  0.000000 0.000001 -0.000000  0.000000 -0.000000 0.000000
118  -14.952740 -17.686594 -0.395684  0.000001 -0.000000 0.000000
119  0.000000 9.000000 -0.000003  0.000000 -0.000000 0.000000
120  0.000000 0.000024 -0.000000  0.000000 -0.000000 0.000000
121  0.000000 -0.000021 -9.999999  0.000000 -0.000000 0.000000
122  0.000000 0.000002 0.000000  0.000001 -0.000000 0.000000
123  -15.264407 2.505418 49.565334  0.015813 2.272735 0.020712
124  11.481701 -0.000054 -0.000002  -1.564933 0.106603 0.044183
125  -0.000003 -0.000001 -0.000000  -0.000000 0.000000 -0.000003
126  0.000003 0.000001 -0.000000  -0.000000 -0.000000 -0.000000
127  0.000003 0.000001 0.000000  0.000000 0.000000 -0.000000
128  3.890447 -0.533611 38.566914  1.570796 -0.000000 0.000000
129  0.000000 -0.000000 0.000000  0.000000 -0.000000 0.000000
130  0.000000 -0.000002 -9.999999  0.000000 -0.000000 0.000000
131  0.000000 -0.000002 -0.000000  0.000000 -0.000000 0.000000
132  -3.890457 -0.533622 38.566921  1.570796 -0.000000 0.000000
133  0.000000 -0.000000 0.000000  0.000000 -0.000000 0.000000
134  0.000000 -0.000002 -9.999999  0.000000 -0.000000 0.000000
135  0.000000 -0.000002 -0.000000  0.000000 -0.000000 0.000000
time 23
0  0.000000 0.000000 0.000000  1.570796 -0.000000 0.000000
1  3.259470 -4.083263 34.769192  1.633494 -0.037466 -0.983616
2  0.000000 -0.000000 0.000000  0.000000 -0.000000 -0.000000
3  3.890453 -0.000005 -0.000001  -2.215772 -0.421436 -1.258041
4  17.848177 0.000003 0.000000  -0.000000 -0.000000 0.924866
5  15.638504 0.000000 -0.000001  0.025447 0.130026 -1.323241
6  7.109930 -0.000001 0.000002  -0.007119 -0.003131 -0.631738
7  -3.890451 0.000005 0.000007  -1.153674 -0.196575 -1.956027
8  17.848171 0.000001 0.000000  0.000000 -0.000000 0.812908
9  15.638515 -0.000001 0.000000  0.168412 -0.235142 -1.471393
10  7.109930 -0.000001 -0.000000  -0.081154 -0.003131 -0.631749
11  -0.044716 2.528784 4.661500  -0.042523 0.010991 -0.018597
12  4.041916 4.954659 -8.467938  0.000000 -0.392699 -0.000000
13  0.125009 3.345130 -2.981901  1.573544 0.086406 1.553478
14  4.018331 -0.000000 -0.000001  -0.152506 0.137475 0.051707
15  3.518561 -0.000002 -0.000001  -0.162859 0.145817 0.143437
16  8.942650 0.000003 0.000000  -0.021274 -0.015808 0.081619
17  3.306637 -0.000002 0.000001  3.138800 0.000567 0.400476
18  3.593707 -0.000006 -0.000001  0.705825 0.336677 0.390052
19  2.033341 1.000767 1.101698  0.274537 -1.839642 -2.040766
20  6.809415 0.000008 -0.000003  -0.972736 0.441089 -0.991654
21  12.391794 -0.000001 0.000000  -0.000000 0.000000 -1.739517
22  9.337080 -0.000001 -0.000030  1.891786 -0.888259 -0.470570
23  3.859709 -0.142433 -1.191960  -0.513267 0.072291 -1.288225
24  1.312561 -0.000004 0.000005  -0.163028 0.224047 -1.466962
25  0.729367 0.000010 0.000003  -0.068871 0.147979 -0.913117
26  3.942330 0.046742 -0.431423  -0.157261 0.007109 -0.685616
27  1.539098 0.000010 -0.000012  -0.068563 0.062695 -1.808644
28  1.196320 0.000003 -0.000006  -0.005433 0.026725 -0.524005
29  4.454023 -0.070202 0.572076  0.095490 -0.008587 -0.706335
30  1.426596 -0.000001 0.000004  0.055908 -0.087976 -1.504206
31  1.322465 -0.000003 0.000004  0.009312 -0.033625 -0.575065
32  4.477064 -0.028573 1.582472  0.481653 -0.035390 -1.246096
33  1.344415 0.000002 -0.000002  0.023466 -0.208305 -0.755723
34  1.224667 0.000003 0.000000  0.026043 -0.124620 -0.538676
35  2.630325 -0.345017 1.907212  -0.354022 -0.915164 -1.788195
36  1.059291 -0.000003 -0.000000  -0.001067 -0.012855 0.250988
37  0.781211 0.000001 0.000002  -0.000096 -0.003210 0.062757
38  2.033349 1.000771 -1.101645  -0.062028 1.295868 -1.748322
39  6.809417 0.000004 -0.000002  -2.892615 0.443282 0.065131
40  12.391795 0.000009 -0.000002  0.000000 -0.000000 -1.820989
41  9.337108 -0.000002 0.000001  -1.224555 0.362481 0.212308
42  3.859664 -0.132555 1.193138  0.501500 -0.037115 -1.106497
43  1.312562 -0.000004 0.000005  0.003029 -0.011540 -0.696448
44  0.729360 0.000002 0.000002  0.001555 -0.005929 -0.501039
45  3.942294 0.050342 0.431070  0.169909 -0.037561 -1.063991
46  1.539091 -0.000013 -0.000003  0.001484 -0.005659 -0.504536
47  1.196322 -0.000001 0.000002  0.002452 -0.009341 -0.687536
48  4.453986 -0.073764 -0.571673  -0.109443 0.013445 -0.891670
49  1.426598 -0.000005 -0.000003  -0.004063 0.060051 -0.864118
50  1.322466 0.000014 0.000000  -0.018852 0.042075 -0.864931
51  4.477035 -0.043460 -1.581293  -0.566918 0.063111 -0.913942
52  1.344419 -0.000002 -0.000000  -0.041095 0.219416 -0.844574
53  1.224670 -0.000004 0.000004  -0.071919 0.176049 -0.852213
54  2.630296 -0.359831 -1.904289  0.822008 0.137651 -1.254011
55  1.059294 -0.000000 0.000002  -0.000599 -0.000009 0.000000
56  0.781205 -0.000007 -0.000000  -0.000000 -0.000006 0.000002
57  4.069501 1.811269 4.279048  1.570796 -0.000000 0.000000
58  0.000000 -0.000000 -0.000000  0.000000 0.052360 0.000000
59  0.032300 -4.377938 -4.331139  -0.000000 -0.000000 0.000000
60  -0.002340 -4.618855 4.848104  -0.000000 0.000937 -0.001514
61  -0.000000 0.000000 -0.000000  0.000000 -0.000000 0.000000
62  -0.014019 -4.136677 -0.422642  0.000001 -0.000000 0.000000
63  0.014022 0.341392 9.682304  0.000000 0.000937 -0.001514
64  0.003298 0.000005 -3.521831  0.000000 -0.000000 -0.000000
65  -0.000369 3.795277 -5.737836  0.000000 -0.000000 0.000000
66  -0.000000 0.000000 0.000000  -0.000001 0.000000 0.000000
67  -0.000000 -0.000000 -0.000000  -0.000000 -0.000000 -0.000000
68  -0.000000 0.000000 -0.000000  -0.000000 0.000000 0.000000
69  0.000003 -3.795290 9.259664  -0.000000 0.000937 -0.001514
70  7.999999 0.000001 -0.000000  0.000001 -0.052360 -0.000000
71  -4.069616 1.811259 4.279059  1.570796 -0.000000 0.000000
72  0.000000 -0.000000 -0.000000  0.000000 -0.052360 0.000000
73  0.000003 -3.795289 9.259665  -0.001320 -0.008192 0.060729
74  0.000000 0.000000 0.000000  0.000000 0.000000 0.000000
75  0.014020 -4.136677 -0.422641  0.000001 0.000000 -0.000000
76  -0.014018 0.341393 9.682305  -0.000000 0.000937 -0.001514
77  0.003297 0.000005 -3.521831  0.000000 -0.000000 -0.000000
78  -0.000369 3.795275 -5.737837  0.000000 0.000000 0.000000
79  -0.000000 0.000000 0.000000  -0.000000 0.000000 0.000000
80  -0.000000 0.000000 -0.000000  -0.000000 -0.000000 -0.000000
81  0.000000 0.000000 0.000000  -0.000000 -0.000000 -0.000000
82  -0.062978 -4.612901 4.868224  -0.000000 0.000937 -0.001514
83  0.032300 -4.377938 -4.331139  -0.000000 0.000000 -0.000000
84  -8.000000 0.000001 0.000000  0.000001 0.052360 0.000000
85  0.000156 0.385903 39.987263  1.570796 -0.000000 0.000000
86  -0.000161 -1.420346 0.919518  0.000000 -0.000000 0.000000
87  0.000005 3.345128 -2.981901  1.570796 0.083187 1.570796
88  0.000000 -0.000000 -0.000000  0.000000 0.000000 0.000000
89  0.000003 0.000000 -0.000000  -0.000000 -0.000000 -0.003106
90  4.018316 -0.012484 -0.000000  -0.000000 -0.000000 -0.000000
91  0.000005 -0.000000 0.000000  -0.000000 0.000000 -0.032354
92  3.516729 -0.113802 -0.000000  0.000000 -0.000000 -0.000000
93  0.000002 -0.000000 0.000000  0.000000 0.000000 0.067981
94  8.921986 0.607517 -0.000001  -0.000000 -0.000000 -0.000000
95  -0.000000 -0.000000 0.000000  0.000000 0.000000 0.262078
96  3.194337 0.856892 -0.000000  0.000000 -0.000000 -0.000000
97  0.000001 0.000000 0.000000  3.141590 -0.000000 0.662566
98  2.833353 2.210629 -0.000000  0.000000 -0.000000 -0.000000
99  -0.000002 -0.000000 0.000000  3.141590 -0.000000 0.255978
100  1.704618 1.493419 1.937660  -1.544954 -1.855079 0.063449
101  -0.000001 0.000001 0.000000  0.000000 0.000000 0.000001
102  1.704624 1.493426 -1.937611  1.473111 1.855076 0.063436
103  -0.000003 0.000003 0.000001  0.000000 0.000000 -0.000001
104  7.723854 1.956159 58.484589  1.570796 -0.000000 0.000000
105  0.000000 0.000001 -0.000000  0.000000 -0.000000 0.000000
106  14.952688 -17.686636 -0.395722  0.000001 -0.000000 0.000000
107  0.000000 9.000000 -0.000003  0.000000 -0.000000 0.000000
108  0.000000 0.000001 -0.000000  0.000000 -0.000000 0.000000
109  0.000000 0.000002 -9.999998  0.000000 -0.000000 0.000000
110  0.000000 0.000002 0.000000  0.000001 -0.000000 0.000000
111  15.264428 2.505456 49.565292  -0.015813 0.868860 -0.020712
112  11.481673 -0.000034 -0.000029  1.573178 -0.106616 0.044195
113  -0.000001 0.000004 0.000000  -0.000000 0.000000 0.000002
114  -0.000001 0.000000 0.000000  -0.000000 -0.000000 0.000000
115  -0.000001 0.000000 0.000000  0.000000 0.000000 0.000000
116  -7.723807 1.956140 58.484608  1.570796 -0.000000 0.000000
117  0.000000 0.000001 -0.000000  0.000000 -0.000000 0.000000
118  -14.952740 -17.686594 -0.395684  0.000001 -0.000000 0.000000
119  0.000000 9.000000 -0.000003  0.000000 -0.000000 0.000000
120  0.000000 0.000024 -0.000000  0.000000 -0.000000 0.000000
121  0.000000 -0.000021 -9.999999  0.000000 -0.000000 0.000000
122  0.000000 0.000002 0.000000  0.000001 -0.000000 0.000000
123  -15.264407 2.505418 49.565334  0.015813 2.272735 0.020712
124  11.481701 -0.000054 -0.000002  -1.564933 0.106603 0.044183
125  -0.000003 -0.000001 -0.000000  -0.000000 0.000000 -0.000003
126  0.000003 0.000001 -0.000000  -0.000000 -0.000000 -0.000000
127  0.000003 0.000001 0.000000  0.000000 0.000000 -0.000000
128  3.890447 -0.533611 38.566914  1.570796 -0.000000 0.000000
129  0.000000 -0.000000 0.000000  0.000000 -0.000000 0.000000
130  0.000000 -0.000002 -9.999999  0.000000 -0.000000 0.000000
131  0.000000 -0.000002 -0.000000  0.000000 -0.000000 0.000000
132  -3.890457 -0.533622 38.566921  1.570796 -0.000000 0.000000
133  0.000000 -0.000000 0.000000  0.000000 -0.000000 0.000000
134  0.000000 -0.000002 -9.999999  0.000000 -0.000000 0.000000
135  0.000000 -0.000002 -0.000000  0.000000 -0.000000 0.000000
time 24
0  0.000000 0.000000 0.000000  1.570796 -0.000000 0.000000
1  3.001649 -4.641919 34.902985  1.634598 -0.003973 -0.843975
2  0.000000 0.000001 0.000000  0.000000 -0.000000 0.000000
3  3.890453 -0.000006 -0.000002  -2.070037 -0.470453 -1.285258
4  17.848177 0.000002 -0.000000  0.000000 0.000000 0.933278
5  15.638504 0.000001 -0.000000  0.029878 0.123172 -1.330714
6  7.109931 -0.000001 0.000001  -0.007119 -0.003131 -0.631738
7  -3.890452 0.000007 0.000007  -1.056139 -0.084838 -1.908822
8  17.848177 -0.000000 0.000000  0.000000 -0.000000 0.716888
9  15.638509 0.000001 0.000000  0.198430 -0.222854 -1.452102
10  7.109929 -0.000001 0.000000  -0.081154 -0.003131 -0.631749
11  -0.044717 2.528785 4.661500  -0.042523 0.007751 -0.007856
12  4.041917 4.954660 -8.467940  0.000000 -0.392699 0.000000
13  0.011724 3.345133 -2.981901  1.570419 0.086435 1.564353
14  4.018328 -0.000000 -0.000001  -0.134129 0.124987 0.036227
15  3.518571 -0.000001 0.000001  -0.145582 0.131723 0.126268
16  8.942641 0.000003 0.000001  -0.023689 -0.014957 0.076271
17  3.306650 -0.000003 0.000002  3.138800 0.000567 0.400476
18  3.593709 0.000002 -0.000002  0.572085 0.292199 0.329367
19  2.033348 1.000767 1.101698  0.280842 -1.853564 -2.048850
20  6.809414 0.000004 -0.000002  -0.956479 0.485103 -0.962688
21  12.391799 0.000004 -0.000002  -0.000000 -0.000000 -1.740226
22  9.337082 0.000001 -0.000033  1.872604 -0.899077 -0.473570
23  3.859707 -0.142432 -1.191952  -0.513267 0.072291 -1.288225
24  1.312560 -0.000008 0.000002  -0.163028 0.224047 -1.466962
25  0.729363 -0.000001 -0.000002  -0.068871 0.147979 -0.913117
26  3.942327 0.046740 -0.431424  -0.157261 0.007109 -0.685616
27  1.539095 0.000018 -0.000011  -0.068563 0.062695 -1.808644
28  1.196323 0.000004 -0.000010  -0.005433 0.026725 -0.524005
29  4.454022 -0.070210 0.572076  0.095490 -0.008587 -0.706366
30  1.426600 -0.000003 0.000002  0.055908 -0.087976 -1.504206
31  1.322460 -0.000003 0.000006  0.009312 -0.033625 -0.575065
32  4.477064 -0.028576 1.582472  0.481653 -0.035390 -1.246096
33  1.344414 0.000001 -0.000002  0.023466 -0.208305 -0.755723
34  1.224672 0.000003 -0.000002  0.026043 -0.124620 -0.538676
35  2.630324 -0.345021 1.907214  -0.354022 -0.915164 -1.788195
36  1.059289 -0.000002 0.000006  -0.001067 -0.012855 0.250988
37  0.781212 0.000003 -0.000001  -0.000096 -0.003210 0.062757
38  2.033358 1.000771 -1.101646  -0.267177 1.243125 -1.966015
39  6.809416 -0.000002 -0.000001  -2.559831 0.496847 0.196834
40  12.391793 0.000002 0.000000  0.000000 0.000000 -1.911056
41  9.337105 -0.000000 -0.000000  -1.221035 0.360501 0.225519
42  3.859661 -0.132566 1.193139  0.502080 -0.027229 -1.124525
43  1.312562 -0.000003 0.000003  0.003265 -0.011476 -0.717002
44  0.729363 0.000008 0.000001  0.001677 -0.005896 -0.521593
45  3.942287 0.050335 0.431070  0.170635 -0.034078 -1.084260
46  1.539102 -0.000006 -0.000004  0.001600 -0.005628 -0.525089
47  1.196328 0.000001 0.000004  0.002644 -0.009288 -0.708089
48  4.453979 -0.073770 -0.571671  -0.109443 0.013445 -0.891670
49  1.426597 0.000001 -0.000003  -0.004063 0.060051 -0.864118
50  1.322468 -0.000001 -0.000002  -0.018852 0.042075 -0.864931
51  4.477030 -0.043469 -1.581292  -0.566918 0.063111 -0.913942
52  1.344419 -0.000003 0.000001  -0.041095 0.219416 -0.844574
53  1.224676 0.000007 0.000010  -0.071919 0.176049 -0.852213
54  2.630287 -0.359835 -1.904287  0.822008 0.137651 -1.254011
55  1.059294 0.000002 0.000004  -0.000599 -0.000009 0.000000
56  0.781204 0.000004 0.000001  -0.000000 -0.000006 0.000002
57  4.069501 1.811269 4.279048  1.570796 -0.000000 0.000000
58  0.000000 -0.000000 -0.000000  0.000000 0.052360 0.000000
59  0.032300 -4.377938 -4.331139  -0.000000 -0.000000 0.000000
60  -0.002340 -4.618855 4.848104  -0.000000 0.000937 -0.001514
61  -0.000000 0.000000 -0.000000  0.000000 -0.000000 0.000000
62  -0.014019 -4.136677 -0.422642  0.000001 -0.000000 0.000000
63  0.014022 0.341392 9.682304  0.000000 0.000937 -0.001514
64  0.003298 0.000005 -3.521831  0.000000 -0.000000 -0.000000
65  -0.000369 3.795277 -5.737836  0.000000 -0.000000 0.000000
66  -0.000000 0.000000 0.000000  -0.000001 0.000000 0.000000
67  -0.000000 -0.000000 -0.000000  -0.000000 -0.000000 -0.000000
68  -0.000000 0.000000 -0.000000  -0.000000 0.000000 0.000000
69  0.000003 -3.795290 9.259664  -0.000000 0.000937 -0.001514
70  7.999999 0.000001 -0.000000  0.000001 -0.052360 -0.000000
71  -4.069616 1.811259 4.279059  1.570796 -0.000000 0.000000
72  0.000000 -0.000000 -0.000000  0.000000 -0.052360 0.000000
73  0.000003 -3.795289 9.259665  -0.001320 -0.008192 0.060729
74  0.000000 0.000000 0.000000  0.000000 0.000000 0.000000
75  0.014020 -4.136677 -0.422641  0.000001 0.000000 -0.000000
76  -0.014018 0.341393 9.682305  -0.000000 0.000937 -0.001514
77  0.003297 0.000005 -3.521831  0.000000 -0.000000 -0.000000
78  -0.000369 3.795275 -5.737837  0.000000 0.000000 0.000000
79  -0.000000 0.000000 0.000000  -0.000000 0.000000 0.000000
80  -0.000000 0.000000 -0.000000  -0.000000 -0.000000 -0.000000
81  0.000000 0.000000 0.000000  -0.000000 -0.000000 -0.000000
82  -0.062978 -4.612901 4.868224  -0.000000 0.000937 -0.001514
83  0.032300 -4.377938 -4.331139  -0.000000 0.000000 -0.000000
84  -8.000000 0.000001 0.000000  0.000001 0.052360 0.000000
85  0.000156 0.385903 39.987263  1.570796 -0.000000 0.000000
86  -0.000161 -1.420346 0.919518  0.000000 -0.000000 0.000000
87  0.000005 3.345128 -2.981901  1.570796 0.083187 1.570796
88  0.000000 -0.000000 -0.000000  0.000000 0.000000 0.000000
89  0.000003 0.000000 -0.000000  -0.000000 -0.000000 -0.003106
90  4.018316 -0.012484 -0.000000  -0.000000 -0.000000 -0.000000
91  0.000005 -0.000000 0.000000  -0.000000 0.000000 -0.032354
92  3.516729 -0.113802 -0.000000  0.000000 -0.000000 -0.000000
93  0.000002 -0.000000 0.000000  0.000000 0.000000 0.067981
94  8.921986 0.607517 -0.000001  -0.000000 -0.000000 -0.000000
95  -0.000000 -0.000000 0.000000  0.000000 0.000000 0.262078
96  3.194337 0.856892 -0.000000  0.000000 -0.000000 -0.000000
97  0.000001 0.000000 0.000000  3.141590 -0.000000 0.662566
98  2.833353 2.210629 -0.000000  0.000000 -0.000000 -0.000000
99  -0.000002 -0.000000 0.000000  3.141590 -0.000000 0.255978
100  1.704618 1.493419 1.937660  -1.544954 -1.855079 0.063449
101  -0.000001 0.000001 0.000000  0.000000 0.000000 0.000001
102  1.704624 1.493426 -1.937611  1.473111 1.855076 0.063436
103  -0.000003 0.000003 0.000001  0.000000 0.000000 -0.000001
104  7.723854 1.956159 58.484589  1.570796 -0.000000 0.000000
105  0.000000 0.000001 -0.000000  0.000000 -0.000000 0.000000
106  14.952688 -17.686636 -0.395722  0.000001 -0.000000 0.000000
107  0.000000 9.000000 -0.000003  0.000000 -0.000000 0.000000
108  0.000000 0.000001 -0.000000  0.000000 -0.000000 0.000000
109  0.000000 0.000002 -9.999998  0.000000 -0.000000 0.000000
110  0.000000 0.000002 0.000000  0.000001 -0.000000 0.000000
111  15.264428 2.505456 49.565292  -0.015813 0.868860 -0.020712
112  11.481673 -0.000034 -0.000029  1.573178 -0.106616 0.044195
113  -0.000001 0.000004 0.000000  -0.000000 0.000000 0.000002
114  -0.000001 0.000000 0.000000  -0.000000 -0.000000 0.000000
115  -0.000001 0.000000 0.000000  0.000000 0.000000 0.000000
116  -7.723807 1.956140 58.484608  1.570796 -0.000000 0.000000
117  0.000000 0.000001 -0.000000  0.000000 -0.000000 0.000000
118  -14.952740 -17.686594 -0.395684  0.000001 -0.000000 0.000000
119  0.000000 9.000000 -0.000003  0.000000 -0.000000 0.000000
120  0.000000 0.000024 -0.000000  0.000000 -0.000000 0.000000
121  0.000000 -0.000021 -9.999999  0.000000 -0.000000 0.000000
122  0.000000 0.000002 0.000000  0.000001 -0.000000 0.000000
123  -15.264407 2.505418 49.565334  0.015813 2.272735 0.020712
124  11.481701 -0.000054 -0.000002  -1.564933 0.106603 0.044183
125  -0.000003 -0.000001 -0.000000  -0.000000 0.000000 -0.000003
126  0.000003 0.000001 -0.000000  -0.000000 -0.000000 -0.000000
127  0.000003 0.000001 0.000000  0.000000 0.000000 -0.000000
128  3.890447 -0.533611 38.566914  1.570796 -0.000000 0.000000
129  0.000000 -0.000000 0.000000  0.000000 -0.000000 0.000000
130  0.000000 -0.000002 -9.999999  0.000000 -0.000000 0.000000
131  0.000000 -0.000002 -0.000000  0.000000 -0.000000 0.000000
132  -3.890457 -0.533622 38.566921  1.570796 -0.000000 0.000000
133  0.000000 -0.000000 0.000000  0.000000 -0.000000 0.000000
134  0.000000 -0.000002 -9.999999  0.000000 -0.000000 0.000000
135  0.000000 -0.000002 -0.000000  0.000000 -0.000000 0.000000
time 25
0  0.000000 0.000000 0.000000  1.570796 -0.000000 0.000000
1  2.591480 -5.241205 35.139702  1.634683 0.031414 -0.672655
2  -0.000000 0.000001 -0.000000  -0.000000 0.000000 0.000000
3  3.890452 -0.000005 -0.000002  -1.886317 -0.508446 -1.329150
4  17.848177 0.000004 -0.000002  -0.000000 0.000000 0.927719
5  15.638506 0.000001 0.000001  0.032821 0.123621 -1.329402
6  7.109931 -0.000002 0.000002  -0.007119 -0.003131 -0.631738
7  -3.890452 0.000007 0.000007  -0.924567 0.061931 -1.817723
8  17.848173 0.000000 -0.000002  0.000000 0.000000 0.556936
9  15.638511 -0.000000 0.000000  0.229190 -0.211705 -1.404161
10  7.109930 -0.000001 -0.000000  -0.081154 -0.003131 -0.631749
11  -0.044716 2.528784 4.661500  -0.042458 0.004701 0.006132
12  4.041915 4.954658 -8.467939  -0.000000 -0.392699 -0.000000
13  -0.105467 3.345128 -2.981902  1.567401 0.086378 1.578243
14  4.018328 -0.000000 0.000000  -0.108519 0.108964 0.024817
15  3.518559 -0.000001 0.000000  -0.120420 0.111900 0.113426
16  8.942642 0.000001 -0.000001  -0.024771 -0.019044 0.071099
17  3.306640 -0.000001 0.000002  3.138800 0.000567 0.400476
18  3.593709 -0.000006 -0.000001  0.427081 0.226628 0.276193
19  2.033342 1.000768 1.101699  0.284304 -1.860892 -2.053161
20  6.809415 -0.000002 -0.000002  -0.916505 0.500297 -0.887809
21  12.391795 -0.000001 -0.000002  0.000000 -0.000000 -1.745115
22  9.337076 0.000002 -0.000031  1.835310 -0.910191 -0.457761
23  3.859710 -0.142428 -1.191959  -0.513267 0.072291 -1.288225
24  1.312568 -0.000003 0.000006  -0.163028 0.224047 -1.466962
25  0.729364 0.000008 0.000002  -0.068871 0.147979 -0.913117
26  3.942332 0.046745 -0.431431  -0.157261 0.007109 -0.685616
27  1.539093 0.000012 -0.000004  -0.068563 0.062695 -1.808644
28  1.196318 0.000001 -0.000008  -0.005433 0.026725 -0.524005
29  4.454023 -0.070204 0.572069  0.095490 -0.008587 -0.706335
30  1.426601 -0.000005 -0.000000  0.055908 -0.087976 -1.504206
31  1.322466 -0.000003 0.000003  0.009312 -0.033625 -0.575065
32  4.477063 -0.028572 1.582468  0.481653 -0.035390 -1.246096
33  1.344417 0.000004 -0.000004  0.023466 -0.208305 -0.755723
34  1.224671 0.000003 0.000004  0.026043 -0.124620 -0.538676
35  2.630323 -0.345014 1.907209  -0.354022 -0.915164 -1.788195
36  1.059288 -0.000003 0.000001  -0.001067 -0.012855 0.250988
37  0.781212 0.000001 -0.000001  -0.000096 -0.003210 0.062757
38  2.033350 1.000772 -1.101644  -0.442938 1.208152 -2.153130
39  6.809417 0.000000 -0.000001  -2.241623 0.449457 0.338516
40  12.391795 0.000001 -0.000002  0.000000 -0.000000 -2.026477
41  9.337110 0.000003 0.000000  -1.217323 0.358103 0.240975
42  3.859662 -0.132556 1.193140  0.502440 -0.018598 -1.140244
43  1.312562 -0.000005 0.000005  0.003471 -0.011415 -0.734932
44  0.729360 -0.000001 0.000001  0.001782 -0.005865 -0.539522
45  3.942290 0.050338 0.431074  0.171210 -0.031029 -1.101937
46  1.539093 -0.000005 -0.000005  0.001701 -0.005598 -0.543019
47  1.196321 0.000004 0.000004  0.002810 -0.009239 -0.726019
48  4.453985 -0.073767 -0.571669  -0.109443 0.013445 -0.891670
49  1.426594 0.000001 -0.000003  -0.004063 0.060051 -0.864118
50  1.322461 0.000001 -0.000004  -0.018852 0.042075 -0.864931
51  4.477034 -0.043462 -1.581288  -0.566918 0.063111 -0.913942
52  1.344412 -0.000003 -0.000002  -0.041095 0.219416 -0.844574
53  1.224671 0.000002 0.000004  -0.071919 0.176049 -0.852213
54  2.630290 -0.359832 -1.904284  0.822008 0.137651 -1.254011
55  1.059289 0.000005 0.000007  -0.000599 -0.000009 0.000000
56  0.781199 -0.000007 0.000001  -0.000000 -0.000006 0.000002
57  4.069501 1.811269 4.279048  1.570796 -0.000000 0.000000
58  0.000000 -0.000000 -0.000000  0.000000 0.052360 0.000000
59  0.032300 -4.377938 -4.331139  -0.000000 -0.000000 0.000000
60  -0.002340 -4.618855 4.848104  -0.000000 0.000937 -0.001514
61  -0.000000 0.000000 -0.000000  0.000000 -0.000000 0.000000
62  -0.014019 -4.136677 -0.422642  0.000001 -0.000000 0.000000
63  0.014022 0.341392 9.682304  0.000000 0.000937 -0.001514
64  0.003298 0.000005 -3.521831  0.000000 -0.000000 -0.000000
65  -0.000369 3.795277 -5.737836  0.000000 -0.000000 0.000000
66  -0.000000 0.000000 0.000000  -0.000001 0.000000 0.000000
67  -0.000000 -0.000000 -0.000000  -0.000000 -0.000000 -0.000000
68  -0.000000 0.000000 -0.000000  -0.000000 0.000000 0.000000
69  0.000003 -3.795290 9.259664  -0.000000 0.000937 -0.001514
70  7.999999 0.000001 -0.000000  0.000001 -0.052360 -0.000000
71  -4.069616 1.811259 4.279059  1.570796 -0.000000 0.000000
72  0.000000 -0.000000 -0.000000  0.000000 -0.052360 0.000000
73  0.000003 -3.795289 9.259665  -0.001320 -0.008192 0.060729
74  0.000000 0.000000 0.000000  0.000000 0.000000 0.000000
75  0.014020 -4.136677 -0.422641  0.000001 0.000000 -0.000000
76  -0.014018 0.341393 9.682305  -0.000000 0.000937 -0.001514
77  0.003297 0.000005 -3.521831  0.000000 -0.000000 -0.000000
78  -0.000369 3.795275 -5.737837  0.000000 0.000000 0.000000
79  -0.000000 0.000000 0.000000  -0.000000 0.000000 0.000000
80  -0.000000 0.000000 -0.000000  -0.000000 -0.000000 -0.000000
81  0.000000 0.000000 0.000000  -0.000000 -0.000000 -0.000000
82  -0.062978 -4.612901 4.868224  -0.000000 0.000937 -0.001514
83  0.032300 -4.377938 -4.331139  -0.000000 0.000000 -0.000000
84  -8.000000 0.000001 0.000000  0.000001 0.052360 0.000000
85  0.000156 0.385903 39.987263  1.570796 -0.000000 0.000000
86  -0.000161 -1.420346 0.919518  0.000000 -0.000000 0.000000
87  0.000005 3.345128 -2.981901  1.570796 0.083187 1.570796
88  0.000000 -0.000000 -0.000000  0.000000 0.000000 0.000000
89  0.000003 0.000000 -0.000000  -0.000000 -0.000000 -0.003106
90  4.018316 -0.012484 -0.000000  -0.000000 -0.000000 -0.000000
91  0.000005 -0.000000 0.000000  -0.000000 0.000000 -0.032354
92  3.516729 -0.113802 -0.000000  0.000000 -0.000000 -0.000000
93  0.000002 -0.000000 0.000000  0.000000 0.000000 0.067981
94  8.921986 0.607517 -0.000001  -0.000000 -0.000000 -0.000000
95  -0.000000 -0.000000 0.000000  0.000000 0.000000 0.262078
96  3.194337 0.856892 -0.000000  0.000000 -0.000000 -0.000000
97  0.000001 0.000000 0.000000  3.141590 -0.000000 0.662566
98  2.833353 2.210629 -0.000000  0.000000 -0.000000 -0.000000
99  -0.000002 -0.000000 0.000000  3.141590 -0.000000 0.255978
100  1.704618 1.493419 1.937660  -1.544954 -1.855079 0.063449
101  -0.000001 0.000001 0.000000  0.000000 0.000000 0.000001
102  1.704624 1.493426 -1.937611  1.473111 1.855076 0.063436
103  -0.000003 0.000003 0.000001  0.000000 0.000000 -0.000001
104  7.723854 1.956159 58.484589  1.570796 -0.000000 0.000000
105  0.000000 0.000001 -0.000000  0.000000 -0.000000 0.000000
106  14.952688 -17.686636 -0.395722  0.000001 -0.000000 0.000000
107  0.000000 9.000000 -0.000003  0.000000 -0.000000 0.000000
108  0.000000 0.000001 -0.000000  0.000000 -0.000000 0.000000
109  0.000000 0.000002 -9.999998  0.000000 -0.000000 0.000000
110  0.000000 0.000002 0.000000  0.000001 -0.000000 0.000000
111  15.264428 2.505456 49.565292  -0.015813 0.868860 -0.020712
112  11.481673 -0.000034 -0.000029  1.573178 -0.106616 0.044195
113  -0.000001 0.000004 0.000000  -0.000000 0.000000 0.000002
114  -0.000001 0.000000 0.000000  -0.000000 -0.000000 0.000000
115  -0.000001 0.000000 0.000000  0.000000 0.000000 0.000000
116  -7.723807 1.956140 58.484608  1.570796 -0.000000 0.000000
117  0.000000 0.000001 -0.000000  0.000000 -0.000000 0.000000
118  -14.952740 -17.686594 -0.395684  0.000001 -0.000000 0.000000
119  0.000000 9.000000 -0.000003  0.000000 -0.000000 0.000000
120  0.000000 0.000024 -0.000000  0.000000 -0.000000 0.000000
121  0.000000 -0.000021 -9.999999  0.000000 -0.000000 0.000000
122  0.000000 0.000002 0.000000  0.000001 -0.000000 0.000000
123  -15.264407 2.505418 49.565334  0.015813 2.272735 0.020712
124  11.481701 -0.000054 -0.000002  -1.564933 0.106603 0.044183
125  -0.000003 -0.000001 -0.000000  -0.000000 0.000000 -0.000003
126  0.000003 0.000001 -0.000000  -0.000000 -0.000000 -0.000000
127  0.000003 0.000001 0.000000  0.000000 0.000000 -0.000000
128  3.890447 -0.533611 38.566914  1.570796 -0.000000 0.000000
129  0.000000 -0.000000 0.000000  0.000000 -0.000000 0.000000
130  0.000000 -0.000002 -9.999999  0.000000 -0.000000 0.000000
131  0.000000 -0.000002 -0.000000  0.000000 -0.000000 0.000000
132  -3.890457 -0.533622 38.566921  1.570796 -0.000000 0.000000
133  0.000000 -0.000000 0.000000  0.000000 -0.000000 0.000000
134  0.000000 -0.000002 -9.999999  0.000000 -0.000000 0.000000
135  0.000000 -0.000002 -0.000000  0.000000 -0.000000 0.000000
time 26
0  0.000000 0.000000 0.000000  1.570796 -0.000000 0.000000
1  2.087559 -5.860805 35.427876  1.632814 0.064030 -0.481426
2  0.000000 0.000004 -0.000000  -0.000000 0.000000 -0.000000
3  3.890452 0.000000 -0.000003  -1.686563 -0.527702 -1.382338
4  17.848171 0.000003 -0.000002  -0.000000 0.000000 0.911699
5  15.638505 -0.000000 -0.000001  0.038898 0.136738 -1.321017
6  7.109931 -0.000001 0.000002  -0.007119 -0.003131 -0.631738
7  -3.890452 0.000008 0.000007  -0.958318 0.223904 -1.646119
8  17.848173 0.000001 -0.000002  0.000000 0.000000 0.331345
9  15.638508 0.000000 0.000000  0.358620 -0.094383 -1.292522
10  7.109929 -0.000000 0.000000  -0.081154 -0.003131 -0.631749
11  -0.044717 2.528786 4.661499  -0.042393 0.002160 0.020561
12  4.041916 4.954662 -8.467939  -0.000000 -0.392699 -0.000000
13  -0.214845 3.341225 -2.981902  1.564814 0.086321 1.592370
14  4.018325 -0.000000 0.000000  -0.077462 0.089609 0.020642
15  3.518557 -0.000001 0.000000  -0.089094 0.086661 0.108282
16  8.942644 0.000003 0.000001  -0.024563 -0.028368 0.067282
17  3.306643 -0.000000 -0.000000  3.138800 0.000567 0.400476
18  3.593712 0.000002 0.000000  0.277942 0.141655 0.242535
19  2.033347 1.000768 1.101697  0.285814 -1.863432 -2.055137
20  6.809416 0.000005 -0.000001  -0.871080 0.481378 -0.779894
21  12.391796 0.000001 -0.000002  -0.000000 0.000000 -1.753157
22  9.337075 0.000004 -0.000027  1.784276 -0.920186 -0.426663
23  3.859704 -0.142437 -1.191958  -0.513267 0.072291 -1.288225
24  1.312559 -0.000007 0.000004  -0.163028 0.224047 -1.466962
25  0.729363 0.000012 0.000002  -0.068871 0.147979 -0.913117
26  3.942326 0.046739 -0.431428  -0.157261 0.007109 -0.685616
27  1.539091 0.000009 -0.000010  -0.068563 0.062695 -1.808644
28  1.196321 0.000006 -0.000007  -0.005433 0.026725 -0.524005
29  4.454021 -0.070209 0.572071  0.095490 -0.008587 -0.706366
30  1.426601 -0.000002 -0.000000  0.055908 -0.087976 -1.504206
31  1.322469 -0.000001 0.000003  0.009312 -0.033625 -0.575065
32  4.477063 -0.028576 1.582471  0.481653 -0.035390 -1.246096
33  1.344417 -0.000006 -0.000004  0.023466 -0.208305 -0.755723
34  1.224674 0.000003 0.000000  0.026043 -0.124620 -0.538676
35  2.630322 -0.345023 1.907209  -0.354022 -0.915164 -1.788195
36  1.059289 -0.000003 0.000000  -0.001067 -0.012855 0.250988
37  0.781213 0.000001 -0.000007  -0.000096 -0.003210 0.062757
38  2.033360 1.000771 -1.101647  -0.595436 1.225760 -2.305352
39  6.809414 0.000001 -0.000001  -2.008125 0.305797 0.440110
40  12.391794 -0.000000 0.000001  0.000000 -0.000000 -2.153103
41  9.337105 0.000001 0.000000  -1.215850 0.354943 0.256517
42  3.859663 -0.132556 1.193137  0.502613 -0.012490 -1.151360
43  1.312557 -0.000003 0.000001  0.003615 -0.011370 -0.747615
44  0.729360 0.000001 0.000002  0.001856 -0.005842 -0.552204
45  3.942291 0.050339 0.431068  0.171585 -0.028866 -1.114439
46  1.539098 -0.000010 -0.000004  0.001772 -0.005576 -0.555701
47  1.196321 -0.000001 0.000003  0.002927 -0.009203 -0.738701
48  4.453986 -0.073767 -0.571674  -0.109443 0.013445 -0.891670
49  1.426600 -0.000001 0.000001  -0.004063 0.060051 -0.864118
50  1.322462 0.000000 0.000002  -0.018852 0.042075 -0.864931
51  4.477036 -0.043466 -1.581293  -0.566918 0.063111 -0.913942
52  1.344414 -0.000006 0.000000  -0.041095 0.219416 -0.844574
53  1.224668 0.000003 0.000006  -0.071919 0.176049 -0.852213
54  2.630291 -0.359832 -1.904289  0.822008 0.137651 -1.254011
55  1.059294 -0.000003 -0.000000  -0.000599 -0.000009 0.000000
56  0.781199 -0.000002 0.000003  -0.000000 -0.000006 0.000002
57  4.069501 1.811269 4.279048  1.570796 -0.000000 0.000000
58  0.000000 -0.000000 -0.000000  0.000000 0.052360 0.000000
59  0.032300 -4.377938 -4.331139  -0.000000 -0.000000 0.000000
60  -0.002340 -4.618855 4.848104  -0.000000 0.000937 -0.001514
61  -0.000000 0.000000 -0.000000  0.000000 -0.000000 0.000000
62  -0.014019 -4.136677 -0.422642  0.000001 -0.000000 0.000000
63  0.014022 0.341392 9.682304  0.000000 0.000937 -0.001514
64  0.003298 0.000005 -3.521831  0.000000 -0.000000 -0.000000
65  -0.000369 3.795277 -5.737836  0.000000 -0.000000 0.000000
66  -0.000000 0.000000 0.000000  -0.000001 0.000000 0.000000
67  -0.000000 -0.000000 -0.000000  -0.000000 -0.000000 -0.000000
68  -0.000000 0.000000 -0.000000  -0.000000 0.000000 0.000000
69  0.000003 -3.795290 9.259664  -0.000000 0.000937 -0.001514
70  7.999999 0.000001 -0.000000  0.000001 -0.052360 -0.000000
71  -4.069616 1.811259 4.279059  1.570796 -0.000000 0.000000
72  0.000000 -0.000000 -0.000000  0.000000 -0.052360 0.000000
73  0.000003 -3.795289 9.259665  -0.001320 -0.008192 0.060729
74  0.000000 0.000000 0.000000  0.000000 0.000000 0.000000
75  0.014020 -4.136677 -0.422641  0.000001 0.000000 -0.000000
76  -0.014018 0.341393 9.682305  -0.000000 0.000937 -0.001514
77  0.003297 0.000005 -3.521831  0.000000 -0.000000 -0.000000
78  -0.000369 3.795275 -5.737837  0.000000 0.000000 0.000000
79  -0.000000 0.000000 0.000000  -0.000000 0.000000 0.000000
80  -0.000000 0.000000 -0.000000  -0.000000 -0.000000 -0.000000
81  0.000000 0.000000 0.000000  -0.000000 -0.000000 -0.000000
82  -0.062978 -4.612901 4.868224  -0.000000 0.000937 -0.001514
83  0.032300 -4.377938 -4.331139  -0.000000 0.000000 -0.000000
84  -8.000000 0.000001 0.000000  0.000001 0.052360 0.000000
85  0.000156 0.385903 39.987263  1.570796 -0.000000 0.000000
86  -0.000161 -1.420346 0.919518  0.000000 -0.000000 0.000000
87  0.000005 3.345128 -2.981901  1.570796 0.083187 1.570796
88  0.000000 -0.000000 -0.000000  0.000000 0.000000 0.000000
89  0.000003 0.000000 -0.000000  -0.000000 -0.000000 -0.003106
90  4.018316 -0.012484 -0.000000  -0.000000 -0.000000 -0.000000
91  0.000005 -0.000000 0.000000  -0.000000 0.000000 -0.032354
92  3.516729 -0.113802 -0.000000  0.000000 -0.000000 -0.000000
93  0.000002 -0.000000 0.000000  0.000000 0.000000 0.067981
94  8.921986 0.607517 -0.000001  -0.000000 -0.000000 -0.000000
95  -0.000000 -0.000000 0.000000  0.000000 0.000000 0.262078
96  3.194337 0.856892 -0.000000  0.000000 -0.000000 -0.000000
97  0.000001 0.000000 0.000000  3.141590 -0.000000 0.662566
98  2.833353 2.210629 -0.000000  0.000000 -0.000000 -0.000000
99  -0.000002 -0.000000 0.000000  3.141590 -0.000000 0.255978
100  1.704618 1.493419 1.937660  -1.544954 -1.855079 0.063449
101  -0.000001 0.000001 0.000000  0.000000 0.000000 0.000001
102  1.704624 1.493426 -1.937611  1.473111 1.855076 0.063436
103  -0.000003 0.000003 0.000001  0.000000 0.000000 -0.000001
104  7.723854 1.956159 58.484589  1.570796 -0.000000 0.000000
105  0.000000 0.000001 -0.000000  0.000000 -0.000000 0.000000
106  14.952688 -17.686636 -0.395722  0.000001 -0.000000 0.000000
107  0.000000 9.000000 -0.000003  0.000000 -0.000000 0.000000
108  0.000000 0.000001 -0.000000  0.000000 -0.000000 0.000000
109  0.000000 0.000002 -9.999998  0.000000 -0.000000 0.000000
110  0.000000 0.000002 0.000000  0.000001 -0.000000 0.000000
111  15.264428 2.505456 49.565292  -0.015813 0.868860 -0.020712
112  11.481673 -0.000034 -0.000029  1.573178 -0.106616 0.044195
113  -0.000001 0.000004 0.000000  -0.000000 0.000000 0.000002
114  -0.000001 0.000000 0.000000  -0.000000 -0.000000 0.000000
115  -0.000001 0.000000 0.000000  0.000000 0.000000 0.000000
116  -7.723807 1.956140 58.484608  1.570796 -0.000000 0.000000
117  0.000000 0.000001 -0.000000  0.000000 -0.000000 0.000000
118  -14.952740 -17.686594 -0.395684  0.000001 -0.000000 0.000000
119  0.000000 9.000000 -0.000003  0.000000 -0.000000 0.000000
120  0.000000 0.000024 -0.000000  0.000000 -0.000000 0.000000
121  0.000000 -0.000021 -9.999999  0.000000 -0.000000 0.000000
122  0.000000 0.000002 0.000000  0.000001 -0.000000 0.000000
123  -15.264407 2.505418 49.565334  0.015813 2.272735 0.020712
124  11.481701 -0.000054 -0.000002  -1.564933 0.106603 0.044183
125  -0.000003 -0.000001 -0.000000  -0.000000 0.000000 -0.000003
126  0.000003 0.000001 -0.000000  -0.000000 -0.000000 -0.000000
127  0.000003 0.000001 0.000000  0.000000 0.000000 -0.000000
128  3.890447 -0.533611 38.566914  1.570796 -0.000000 0.000000
129  0.000000 -0.000000 0.000000  0.000000 -0.000000 0.000000
130  0.000000 -0.000002 -9.999999  0.000000 -0.000000 0.000000
131  0.000000 -0.000002 -0.000000  0.000000 -0.000000 0.000000
132  -3.890457 -0.533622 38.566921  1.570796 -0.000000 0.000000
133  0.000000 -0.000000 0.000000  0.000000 -0.000000 0.000000
134  0.000000 -0.000002 -9.999999  0.000000 -0.000000 0.000000
135  0.000000 -0.000002 -0.000000  0.000000 -0.000000 0.000000
time 27
0  0.000000 0.000000 0.000000  1.570796 -0.000000 0.000000
1  1.614888 -6.439776 35.664589  1.627887 0.088884 -0.286370
2  -0.000000 -0.000003 0.000001  0.000000 0.000000 0.000000
3  3.890452 -0.000005 -0.000001  -1.499503 -0.531960 -1.435622
4  17.848175 0.000001 -0.000001  -0.000000 0.000000 0.894363
5  15.638507 0.000001 0.000001  0.053678 0.165761 -1.308295
6  7.109930 -0.000001 0.000001  -0.007119 -0.003131 -0.631738
7  -3.890452 0.000003 0.000007  -0.940108 0.307350 -1.545655
8  17.848177 -0.000000 -0.000001  0.000000 -0.000000 0.306731
9  15.638513 0.000000 -0.000000  0.381412 -0.124145 -1.210106
10  7.109930 -0.000000 0.000000  -0.081154 -0.003131 -0.631749
11  -0.044717 2.528781 4.661500  -0.042328 0.000222 0.031303
12  4.041916 4.954659 -8.467939  0.000000 -0.392699 0.000000
13  -0.304692 3.333406 -2.981901  1.562875 0.086236 1.602832
14  4.018327 -0.000000 -0.000000  -0.043828 0.067341 0.026069
15  3.518557 -0.000001 -0.000000  -0.054517 0.057023 0.113249
16  8.942644 0.000002 -0.000000  -0.023162 -0.041766 0.065734
17  3.306648 -0.000002 -0.000000  3.138800 0.000567 0.400476
18  3.593711 0.000002 -0.000002  0.129858 0.043749 0.236870
19  2.033346 1.000766 1.101697  0.286613 -1.864213 -2.055945
20  6.809416 0.000003 -0.000001  -0.846502 0.432070 -0.662702
21  12.391795 0.000001 -0.000000  -0.000000 -0.000000 -1.762540
22  9.337076 0.000000 -0.000031  1.725659 -0.926993 -0.386161
23  3.859708 -0.142440 -1.191955  -0.513267 0.072291 -1.288225
24  1.312566 -0.000002 -0.000002  -0.163028 0.224047 -1.466962
25  0.729366 0.000002 -0.000002  -0.068871 0.147979 -0.913117
26  3.942331 0.046736 -0.431422  -0.157261 0.007109 -0.685616
27  1.539095 0.000011 -0.000009  -0.068563 0.062695 -1.808644
28  1.196325 0.000009 -0.000010  -0.005433 0.026725 -0.524005
29  4.454022 -0.070207 0.572076  0.095490 -0.008587 -0.706335
30  1.426599 0.000000 0.000002  0.055908 -0.087976 -1.504206
31  1.322465 -0.000002 -0.000002  0.009312 -0.033625 -0.575065
32  4.477063 -0.028577 1.582471  0.481653 -0.035390 -1.246096
33  1.344416 -0.000002 -0.000003  0.023466 -0.208305 -0.755723
34  1.224670 0.000005 -0.000002  0.026043 -0.124620 -0.538676
35  2.630324 -0.345017 1.907215  -0.354022 -0.915164 -1.788195
36  1.059289 -0.000002 -0.000002  -0.001067 -0.012855 0.250988
37  0.781213 0.000004 0.000003  -0.000096 -0.003210 0.062757
38  2.033357 1.000771 -1.101647  -0.761432 1.325377 -2.456136
39  6.809418 0.000000 -0.000001  -1.950200 0.154253 0.467982
40  12.391795 -0.000000 0.000004  0.000000 0.000000 -2.292082
41  9.337108 0.000000 0.000003  -1.218091 0.349270 0.270333
42  3.859663 -0.132555 1.193134  0.502661 -0.010172 -1.155575
43  1.312559 -0.000004 0.000003  0.003670 -0.011353 -0.752425
44  0.729356 0.000000 -0.000004  0.001884 -0.005833 -0.557014
45  3.942290 0.050342 0.431070  0.171719 -0.028044 -1.119180
46  1.539099 -0.000006 -0.000001  0.001798 -0.005567 -0.560511
47  1.196318 -0.000003 0.000004  0.002971 -0.009189 -0.743512
48  4.453987 -0.073767 -0.571672  -0.109443 0.013445 -0.891670
49  1.426597 0.000001 -0.000001  -0.004063 0.060051 -0.864118
50  1.322470 -0.000003 0.000001  -0.018852 0.042075 -0.864931
51  4.477036 -0.043466 -1.581289  -0.566918 0.063111 -0.913942
52  1.344414 -0.000001 -0.000001  -0.041095 0.219416 -0.844574
53  1.224670 0.000002 0.000003  -0.071919 0.176049 -0.852213
54  2.630292 -0.359834 -1.904287  0.822008 0.137651 -1.254011
55  1.059293 -0.000000 0.000003  -0.000599 -0.000009 -0.000000
56  0.781206 -0.000003 0.000005  -0.000000 -0.000006 0.000002
57  4.069501 1.811269 4.279048  1.570796 -0.000000 0.000000
58  0.000000 -0.000000 -0.000000  0.000000 0.052360 0.000000
59  0.032300 -4.377938 -4.331139  -0.000000 -0.000000 0.000000
60  -0.002340 -4.618855 4.848104  -0.000000 0.000937 -0.001514
61  -0.000000 0.000000 -0.000000  0.000000 -0.000000 0.000000
62  -0.014019 -4.136677 -0.422642  0.000001 -0.000000 0.000000
63  0.014022 0.341392 9.682304  0.000000 0.000937 -0.001514
64  0.003298 0.000005 -3.521831  0.000000 -0.000000 -0.000000
65  -0.000369 3.795277 -5.737836  0.000000 -0.000000 0.000000
66  -0.000000 0.000000 0.000000  -0.000001 0.000000 0.000000
67  -0.000000 -0.000000 -0.000000  -0.000000 -0.000000 -0.000000
68  -0.000000 0.000000 -0.000000  -0.000000 0.000000 0.000000
69  0.000003 -3.795290 9.259664  -0.000000 0.000937 -0.001514
70  7.999999 0.000001 -0.000000  0.000001 -0.052360 -0.000000
71  -4.069616 1.811259 4.279059  1.570796 -0.000000 0.000000
72  0.000000 -0.000000 -0.000000  0.000000 -0.052360 0.000000
73  0.000003 -3.795289 9.259665  -0.001320 -0.008192 0.060729
74  0.000000 0.000000 0.000000  0.000000 0.000000 0.000000
75  0.014020 -4.136677 -0.422641  0.000001 0.000000 -0.000000
76  -0.014018 0.341393 9.682305  -0.000000 0.000937 -0.001514
77  0.003297 0.000005 -3.521831  0.000000 -0.000000 -0.000000
78  -0.000369 3.795275 -5.737837  0.000000 0.000000 0.000000
79  -0.000000 0.000000 0.000000  -0.000000 0.000000 0.000000
80  -0.000000 0.000000 -0.000000  -0.000000 -0.000000 -0.000000
81  0.000000 0.000000 0.000000  -0.000000 -0.000000 -0.000000
82  -0.062978 -4.612901 4.868224  -0.000000 0.000937 -0.001514
83  0.032300 -4.377938 -4.331139  -0.000000 0.000000 -0.000000
84  -8.000000 0.000001 0.000000  0.000001 0.052360 0.000000
85  0.000156 0.385903 39.987263  1.570796 -0.000000 0.000000
86  -0.000161 -1.420346 0.919518  0.000000 -0.000000 0.000000
87  0.000005 3.345128 -2.981901  1.570796 0.083187 1.570796
88  0.000000 -0.000000 -0.000000  0.000000 0.000000 0.000000
89  0.000003 0.000000 -0.000000  -0.000000 -0.000000 -0.003106
90  4.018316 -0.012484 -0.000000  -0.000000 -0.000000 -0.000000
91  0.000005 -0.000000 0.000000  -0.000000 0.000000 -0.032354
92  3.516729 -0.113802 -0.000000  0.000000 -0.000000 -0.000000
93  0.000002 -0.000000 0.000000  0.000000 0.000000 0.067981
94  8.921986 0.607517 -0.000001  -0.000000 -0.000000 -0.000000
95  -0.000000 -0.000000 0.000000  0.000000 0.000000 0.262078
96  3.194337 0.856892 -0.000000  0.000000 -0.000000 -0.000000
97  0.000001 0.000000 0.000000  3.141590 -0.000000 0.662566
98  2.833353 2.210629 -0.000000  0.000000 -0.000000 -0.000000
99  -0.000002 -0.000000 0.000000  3.141590 -0.000000 0.255978
100  1.704618 1.493419 1.937660  -1.544954 -1.855079 0.063449
101  -0.000001 0.000001 0.000000  0.000000 0.000000 0.000001
102  1.704624 1.493426 -1.937611  1.473111 1.855076 0.063436
103  -0.000003 0.000003 0.000001  0.000000 0.000000 -0.000001
104  7.723854 1.956159 58.484589  1.570796 -0.000000 0.000000
105  0.000000 0.000001 -0.000000  0.000000 -0.000000 0.000000
106  14.952688 -17.686636 -0.395722  0.000001 -0.000000 0.000000
107  0.000000 9.000000 -0.000003  0.000000 -0.000000 0.000000
108  0.000000 0.000001 -0.000000  0.000000 -0.000000 0.000000
109  0.000000 0.000002 -9.999998  0.000000 -0.000000 0.000000
110  0.000000 0.000002 0.000000  0.000001 -0.000000 0.000000
111  15.264428 2.505456 49.565292  -0.015813 0.868860 -0.020712
112  11.481673 -0.000034 -0.000029  1.573178 -0.106616 0.044195
113  -0.000001 0.000004 0.000000  -0.000000 0.000000 0.000002
114  -0.000001 0.000000 0.000000  -0.000000 -0.000000 0.000000
115  -0.000001 0.000000 0.000000  0.000000 0.000000 0.000000
116  -7.723807 1.956140 58.484608  1.570796 -0.000000 0.000000
117  0.000000 0.000001 -0.000000  0.000000 -0.000000 0.000000
118  -14.952740 -17.686594 -0.395684  0.000001 -0.000000 0.000000
119  0.000000 9.000000 -0.000003  0.000000 -0.000000 0.000000
120  0.000000 0.000024 -0.000000  0.000000 -0.000000 0.000000
121  0.000000 -0.000021 -9.999999  0.000000 -0.000000 0.000000
122  0.000000 0.000002 0.000000  0.000001 -0.000000 0.000000
123  -15.264407 2.505418 49.565334  0.015813 2.272735 0.020712
124  11.481701 -0.000054 -0.000002  -1.564933 0.106603 0.044183
125  -0.000003 -0.000001 -0.000000  -0.000000 0.000000 -0.000003
126  0.000003 0.000001 -0.000000  -0.000000 -0.000000 -0.000000
127  0.000003 0.000001 0.000000  0.000000 0.000000 -0.000000
128  3.890447 -0.533611 38.566914  1.570796 -0.000000 0.000000
129  0.000000 -0.000000 0.000000  0.000000 -0.000000 0.000000
130  0.000000 -0.000002 -9.999999  0.000000 -0.000000 0.000000
131  0.000000 -0.000002 -0.000000  0.000000 -0.000000 0.000000
132  -3.890457 -0.533622 38.566921  1.570796 -0.000000 0.000000
133  0.000000 -0.000000 0.000000  0.000000 -0.000000 0.000000
134  0.000000 -0.000002 -9.999999  0.000000 -0.000000 0.000000
135  0.000000 -0.000002 -0.000000  0.000000 -0.000000 0.000000
time 28
0  0.000000 0.000000 0.000000  1.570796 -0.000000 0.000000
1  1.208626 -6.846071 35.746922  1.620156 0.102466 -0.101937
2  0.000000 -0.000003 -0.000000  0.000000 0.000000 -0.000000
3  3.890453 -0.000009 -0.000002  -1.359685 -0.534752 -1.479515
4  17.848173 -0.000001 -0.000001  0.000000 -0.000000 0.886390
5  15.638510 0.000002 -0.000001  0.088367 0.220381 -1.291490
6  7.109929 -0.000001 0.000002  -0.007119 -0.003131 -0.631738
7  -3.890452 -0.000001 0.000007  -0.950500 0.362308 -1.468272
8  17.848177 0.000000 0.000000  0.000000 0.000000 0.333376
9  15.638511 0.000000 0.000001  0.312388 -0.206608 -1.131988
10  7.109929 -0.000001 -0.000000  -0.081154 -0.003131 -0.631749
11  -0.044716 2.528779 4.661499  -0.042198 -0.001048 0.034950
12  4.041915 4.954657 -8.467939  0.000000 -0.392699 0.000000
13  -0.351568 3.329495 -2.981902  1.561527 0.086151 1.606142
14  4.018324 0.000000 -0.000000  -0.010804 0.042737 0.041932
15  3.518562 -0.000001 0.000000  -0.020087 0.024544 0.129106
16  8.942641 0.000002 -0.000000  -0.020650 -0.056891 0.066649
17  3.306647 -0.000003 0.000000  3.138800 0.000567 0.400476
18  3.593714 -0.000003 -0.000001  -0.014977 -0.057606 0.262302
19  2.033345 1.000769 1.101698  0.286613 -1.863334 -2.055855
20  6.809413 0.000002 -0.000002  -0.855779 0.358696 -0.548728
21  12.391797 -0.000004 0.000001  -0.000000 0.000000 -1.774604
22  9.337080 0.000002 -0.000030  1.661153 -0.929952 -0.336484
23  3.859712 -0.142427 -1.191955  -0.513267 0.072291 -1.288225
24  1.312563 -0.000006 0.000005  -0.163028 0.224047 -1.466962
25  0.729364 0.000003 -0.000003  -0.068871 0.147979 -0.913117
26  3.942331 0.046740 -0.431424  -0.157261 0.007109 -0.685616
27  1.539089 0.000007 -0.000012  -0.068563 0.062695 -1.808644
28  1.196319 0.000001 -0.000008  -0.005433 0.026725 -0.524005
29  4.454025 -0.070202 0.572072  0.095490 -0.008587 -0.706335
30  1.426597 0.000003 0.000002  0.055908 -0.087976 -1.504206
31  1.322471 -0.000001 0.000000  0.009312 -0.033625 -0.575065
32  4.477066 -0.028572 1.582471  0.481653 -0.035390 -1.246096
33  1.344418 -0.000004 -0.000001  0.023466 -0.208305 -0.755723
34  1.224677 0.000003 0.000003  0.026043 -0.124620 -0.538676
35  2.630326 -0.345016 1.907214  -0.354022 -0.915164 -1.788195
36  1.059289 -0.000003 0.000009  -0.001067 -0.012855 0.250988
37  0.781213 0.000002 -0.000004  -0.000096 -0.003210 0.062757
38  2.033358 1.000771 -1.101646  1.842063 1.651308 0.161785
39  6.809416 0.000004 -0.000001  -2.156818 0.149304 0.383592
40  12.391792 0.000005 -0.000003  0.000000 -0.000000 -2.413895
41  9.337109 -0.000002 -0.000002  -1.282160 0.391795 0.109384
42  3.859663 -0.132565 1.193147  0.502230 -0.024022 -1.130368
43  1.312561 -0.000005 -0.000002  0.003352 -0.011450 -0.724600
44  0.729361 0.000003 0.000009  0.001721 -0.005883 -0.529190
45  3.942290 0.050335 0.431077  0.170854 -0.032953 -1.090789
46  1.539095 -0.000007 -0.000002  0.001643 -0.005615 -0.532687
47  1.196320 -0.000003 0.000006  0.002714 -0.009268 -0.715687
48  4.453986 -0.073770 -0.571667  -0.109443 0.013445 -0.891670
49  1.426599 0.000002 -0.000009  -0.004063 0.060051 -0.864118
50  1.322463 -0.000001 0.000005  -0.018852 0.042075 -0.864931
51  4.477036 -0.043468 -1.581287  -0.566918 0.063111 -0.913942
52  1.344413 0.000002 -0.000003  -0.041095 0.219416 -0.844574
53  1.224670 0.000001 0.000002  -0.071919 0.176049 -0.852213
54  2.630291 -0.359835 -1.904284  0.822008 0.137651 -1.254011
55  1.059294 0.000000 0.000004  -0.000599 -0.000009 0.000000
56  0.781203 -0.000000 0.000000  -0.000000 -0.000006 0.000002
57  4.069501 1.811269 4.279048  1.570796 -0.000000 0.000000
58  0.000000 -0.000000 -0.000000  0.000000 0.052360 0.000000
59  0.032300 -4.377938 -4.331139  -0.000000 -0.000000 0.000000
60  -0.002340 -4.618855 4.848104  -0.000000 0.000937 -0.001514
61  -0.000000 0.000000 -0.000000  0.000000 -0.000000 0.000000
62  -0.014019 -4.136677 -0.422642  0.000001 -0.000000 0.000000
63  0.014022 0.341392 9.682304  0.000000 0.000937 -0.001514
64  0.003298 0.000005 -3.521831  0.000000 -0.000000 -0.000000
65  -0.000369 3.795277 -5.737836  0.000000 -0.000000 0.000000
66  -0.000000 0.000000 0.000000  -0.000001 0.000000 0.000000
67  -0.000000 -0.000000 -0.000000  -0.000000 -0.000000 -0.000000
68  -0.000000 0.000000 -0.000000  -0.000000 0.000000 0.000000
69  0.000003 -3.795290 9.259664  -0.000000 0.000937 -0.001514
70  7.999999 0.000001 -0.000000  0.000001 -0.052360 -0.000000
71  -4.069616 1.811259 4.279059  1.570796 -0.000000 0.000000
72  0.000000 -0.000000 -0.000000  0.000000 -0.052360 0.000000
73  0.000003 -3.795289 9.259665  -0.001320 -0.008192 0.060729
74  0.000000 0.000000 0.000000  0.000000 0.000000 0.000000
75  0.014020 -4.136677 -0.422641  0.000001 0.000000 -0.000000
76  -0.014018 0.341393 9.682305  -0.000000 0.000937 -0.001514
77  0.003297 0.000005 -3.521831  0.000000 -0.000000 -0.000000
78  -0.000369 3.795275 -5.737837  0.000000 0.000000 0.000000
79  -0.000000 0.000000 0.000000  -0.000000 0.000000 0.000000
80  -0.000000 0.000000 -0.000000  -0.000000 -0.000000 -0.000000
81  0.000000 0.000000 0.000000  -0.000000 -0.000000 -0.000000
82  -0.062978 -4.612901 4.868224  -0.000000 0.000937 -0.001514
83  0.032300 -4.377938 -4.331139  -0.000000 0.000000 -0.000000
84  -8.000000 0.000001 0.000000  0.000001 0.052360 0.000000
85  0.000156 0.385903 39.987263  1.570796 -0.000000 0.000000
86  -0.000161 -1.420346 0.919518  0.000000 -0.000000 0.000000
87  0.000005 3.345128 -2.981901  1.570796 0.083187 1.570796
88  0.000000 -0.000000 -0.000000  0.000000 0.000000 0.000000
89  0.000003 0.000000 -0.000000  -0.000000 -0.000000 -0.003106
90  4.018316 -0.012484 -0.000000  -0.000000 -0.000000 -0.000000
91  0.000005 -0.000000 0.000000  -0.000000 0.000000 -0.032354
92  3.516729 -0.113802 -0.000000  0.000000 -0.000000 -0.000000
93  0.000002 -0.000000 0.000000  0.000000 0.000000 0.067981
94  8.921986 0.607517 -0.000001  -0.000000 -0.000000 -0.000000
95  -0.000000 -0.000000 0.000000  0.000000 0.000000 0.262078
96  3.194337 0.856892 -0.000000  0.000000 -0.000000 -0.000000
97  0.000001 0.000000 0.000000  3.141590 -0.000000 0.662566
98  2.833353 2.210629 -0.000000  0.000000 -0.000000 -0.000000
99  -0.000002 -0.000000 0.000000  3.141590 -0.000000 0.255978
100  1.704618 1.493419 1.937660  -1.544954 -1.855079 0.063449
101  -0.000001 0.000001 0.000000  0.000000 0.000000 0.000001
102  1.704624 1.493426 -1.937611  1.473111 1.855076 0.063436
103  -0.000003 0.000003 0.000001  0.000000 0.000000 -0.000001
104  7.723854 1.956159 58.484589  1.570796 -0.000000 0.000000
105  0.000000 0.000001 -0.000000  0.000000 -0.000000 0.000000
106  14.952688 -17.686636 -0.395722  0.000001 -0.000000 0.000000
107  0.000000 9.000000 -0.000003  0.000000 -0.000000 0.000000
108  0.000000 0.000001 -0.000000  0.000000 -0.000000 0.000000
109  0.000000 0.000002 -9.999998  0.000000 -0.000000 0.000000
110  0.000000 0.000002 0.000000  0.000001 -0.000000 0.000000
111  15.264428 2.505456 49.565292  -0.015813 0.868860 -0.020712
112  11.481673 -0.000034 -0.000029  1.573178 -0.106616 0.044195
113  -0.000001 0.000004 0.000000  -0.000000 0.000000 0.000002
114  -0.000001 0.000000 0.000000  -0.000000 -0.000000 0.000000
115  -0.000001 0.000000 0.000000  0.000000 0.000000 0.000000
116  -7.723807 1.956140 58.484608  1.570796 -0.000000 0.000000
117  0.000000 0.000001 -0.000000  0.000000 -0.000000 0.000000
118  -14.952740 -17.686594 -0.395684  0.000001 -0.000000 0.000000
119  0.000000 9.000000 -0.000003  0.000000 -0.000000 0.000000
120  0.000000 0.000024 -0.000000  0.000000 -0.000000 0.000000
121  0.000000 -0.000021 -9.999999  0.000000 -0.000000 0.000000
122  0.000000 0.000002 0.000000  0.000001 -0.000000 0.000000
123  -15.264407 2.505418 49.565334  0.015813 2.272735 0.020712
124  11.481701 -0.000054 -0.000002  -1.564933 0.106603 0.044183
125  -0.000003 -0.000001 -0.000000  -0.000000 0.000000 -0.000003
126  0.000003 0.000001 -0.000000  -0.000000 -0.000000 -0.000000
127  0.000003 0.000001 0.000000  0.000000 0.000000 -0.000000
128  3.890447 -0.533611 38.566914  1.570796 -0.000000 0.000000
129  0.000000 -0.000000 0.000000  0.000000 -0.000000 0.000000
130  0.000000 -0.000002 -9.999999  0.000000 -0.000000 0.000000
131  0.000000 -0.000002 -0.000000  0.000000 -0.000000 0.000000
132  -3.890457 -0.533622 38.566921  1.570796 -0.000000 0.000000
133  0.000000 -0.000000 0.000000  0.000000 -0.000000 0.000000
134  0.000000 -0.000002 -9.999999  0.000000 -0.000000 0.000000
135  0.000000 -0.000002 -0.000000  0.000000 -0.000000 0.000000
time 29
0  0.000000 0.000000 0.000000  1.570796 -0.000000 0.000000
1  0.794551 -7.008588 35.633717  1.612425 0.103990 0.062301
2  -0.000000 0.000001 -0.000000  0.000000 -0.000000 0.000000
3  3.890452 0.000001 -0.000002  -1.275508 -0.548284 -1.514111
4  17.848175 0.000000 -0.000001  -0.000000 -0.000000 0.890486
5  15.638507 0.000001 -0.000001  0.143374 0.299155 -1.268087
6  7.109930 0.000001 0.000001  -0.007119 -0.003131 -0.631738
7  -3.890452 0.000005 0.000007  -1.023627 0.359307 -1.415107
8  17.848175 0.000000 -0.000001  0.000000 0.000000 0.428340
9  15.638510 0.000000 -0.000000  0.205379 -0.233913 -1.052437
10  7.109929 -0.000001 0.000000  -0.081154 -0.003131 -0.631749
11  -0.044717 2.528785 4.661500  -0.042198 -0.001906 0.029940
12  4.041916 4.954660 -8.467940  0.000000 -0.392699 0.000000
13  -0.355475 3.329498 -2.981901  1.560611 0.086094 1.600763
14  4.018328 -0.000000 -0.000000  0.019100 0.016563 0.067430
15  3.518562 -0.000001 -0.000000  0.011574 -0.008869 0.154825
16  8.942639 0.000004 0.000000  -0.017083 -0.070985 0.069217
17  3.306642 -0.000003 0.000000  3.138800 0.000567 0.400476
18  3.593709 -0.000007 -0.000001  -0.156648 -0.152772 0.316902
19  2.033342 1.000767 1.101698  0.285903 -1.861038 -2.054957
20  6.809416 -0.000004 -0.000002  -0.902256 0.271354 -0.443747
21  12.391798 0.000003 0.000002  0.000000 -0.000000 -1.789979
22  9.337076 0.000001 -0.000028  1.592633 -0.928637 -0.278500
23  3.859712 -0.142432 -1.191949  -0.513267 0.072291 -1.288225
24  1.312568 -0.000006 0.000002  -0.163028 0.224047 -1.466962
25  0.729365 -0.000006 -0.000000  -0.068871 0.147979 -0.913117
26  3.942329 0.046743 -0.431417  -0.157261 0.007109 -0.685616
27  1.539092 0.000011 -0.000009  -0.068563 0.062695 -1.808644
28  1.196325 0.000004 -0.000007  -0.005433 0.026725 -0.524005
29  4.454021 -0.070207 0.572077  0.095490 -0.008587 -0.706366
30  1.426598 -0.000004 0.000002  0.055908 -0.087976 -1.504206
31  1.322468 -0.000001 -0.000003  0.009312 -0.033625 -0.575065
32  4.477065 -0.028573 1.582479  0.481653 -0.035390 -1.246096
33  1.344415 -0.000001 -0.000003  0.023466 -0.208305 -0.755723
34  1.224673 0.000006 -0.000001  0.026043 -0.124620 -0.538676
35  2.630324 -0.345016 1.907217  -0.354022 -0.915164 -1.788195
36  1.059289 -0.000003 0.000007  -0.001067 -0.012855 0.250988
37  0.781212 0.000002 -0.000007  -0.000096 -0.003210 0.062757
38  2.033350 1.000771 -1.101646  -0.358963 1.704091 -2.042368
39  6.809416 -0.000003 -0.000002  -2.630155 0.299008 0.081820
40  12.391797 0.000002 -0.000003  0.000000 0.000000 -2.375469
41  9.337105 0.000000 0.000003  -1.387577 0.437442 -0.144818
42  3.859661 -0.132560 1.193138  0.497707 -0.074250 -1.038383
43  1.312564 -0.000004 0.000007  0.002126 -0.011740 -0.618960
44  0.729360 0.000001 0.000005  0.001091 -0.006032 -0.423556
45  3.942288 0.050341 0.431065  0.166540 -0.050541 -0.987529
46  1.539096 -0.000010 -0.000000  0.001042 -0.005757 -0.427053
47  1.196322 -0.000001 0.000004  0.001722 -0.009502 -0.610050
48  4.453986 -0.073767 -0.571674  -0.109443 0.013445 -0.891670
49  1.426600 0.000000 -0.000000  -0.004063 0.060051 -0.864118
50  1.322464 -0.000002 0.000002  -0.018852 0.042075 -0.864931
51  4.477035 -0.043466 -1.581292  -0.566918 0.063111 -0.913942
52  1.344415 0.000001 -0.000003  -0.041095 0.219416 -0.844574
53  1.224667 0.000001 -0.000003  -0.071919 0.176049 -0.852213
54  2.630289 -0.359831 -1.904295  0.822008 0.137651 -1.254011
55  1.059291 -0.000000 -0.000003  -0.000599 -0.000009 0.000000
56  0.781204 -0.000016 0.000001  -0.000000 -0.000006 0.000002
57  4.069501 1.811269 4.279048  1.570796 -0.000000 0.000000
58  0.000000 -0.000000 -0.000000  0.000000 0.052360 0.000000
59  0.032300 -4.377938 -4.331139  -0.000000 -0.000000 0.000000
60  -0.002340 -4.618855 4.848104  -0.000000 0.000937 -0.001514
61  -0.000000 0.000000 -0.000000  0.000000 -0.000000 0.000000
62  -0.014019 -4.136677 -0.422642  0.000001 -0.000000 0.000000
63  0.014022 0.341392 9.682304  0.000000 0.000937 -0.001514
64  0.003298 0.000005 -3.521831  0.000000 -0.000000 -0.000000
65  -0.000369 3.795277 -5.737836  0.000000 -0.000000 0.000000
66  -0.000000 0.000000 0.000000  -0.000001 0.000000 0.000000
67  -0.000000 -0.000000 -0.000000  -0.000000 -0.000000 -0.000000
68  -0.000000 0.000000 -0.000000  -0.000000 0.000000 0.000000
69  0.000003 -3.795290 9.259664  -0.000000 0.000937 -0.001514
70  7.999999 0.000001 -0.000000  0.000001 -0.052360 -0.000000
71  -4.069616 1.811259 4.279059  1.570796 -0.000000 0.000000
72  0.000000 -0.000000 -0.000000  0.000000 -0.052360 0.000000
73  0.000003 -3.795289 9.259665  -0.001320 -0.008192 0.060729
74  0.000000 0.000000 0.000000  0.000000 0.000000 0.000000
75  0.014020 -4.136677 -0.422641  0.000001 0.000000 -0.000000
76  -0.014018 0.341393 9.682305  -0.000000 0.000937 -0.001514
77  0.003297 0.000005 -3.521831  0.000000 -0.000000 -0.000000
78  -0.000369 3.795275 -5.737837  0.000000 0.000000 0.000000
79  -0.000000 0.000000 0.000000  -0.000000 0.000000 0.000000
80  -0.000000 0.000000 -0.000000  -0.000000 -0.000000 -0.000000
81  0.000000 0.000000 0.000000  -0.000000 -0.000000 -0.000000
82  -0.062978 -4.612901 4.868224  -0.000000 0.000937 -0.001514
83  0.032300 -4.377938 -4.331139  -0.000000 0.000000 -0.000000
84  -8.000000 0.000001 0.000000  0.000001 0.052360 0.000000
85  0.000156 0.385903 39.987263  1.570796 -0.000000 0.000000
86  -0.000161 -1.420346 0.919518  0.000000 -0.000000 0.000000
87  0.000005 3.345128 -2.981901  1.570796 0.083187 1.570796
88  0.000000 -0.000000 -0.000000  0.000000 0.000000 0.000000
89  0.000003 0.000000 -0.000000  -0.000000 -0.000000 -0.003106
90  4.018316 -0.012484 -0.000000  -0.000000 -0.000000 -0.000000
91  0.000005 -0.000000 0.000000  -0.000000 0.000000 -0.032354
92  3.516729 -0.113802 -0.000000  0.000000 -0.000000 -0.000000
93  0.000002 -0.000000 0.000000  0.000000 0.000000 0.067981
94  8.921986 0.607517 -0.000001  -0.000000 -0.000000 -0.000000
95  -0.000000 -0.000000 0.000000  0.000000 0.000000 0.262078
96  3.194337 0.856892 -0.000000  0.000000 -0.000000 -0.000000
97  0.000001 0.000000 0.000000  3.141590 -0.000000 0.662566
98  2.833353 2.210629 -0.000000  0.000000 -0.000000 -0.000000
99  -0.000002 -0.000000 0.000000  3.141590 -0.000000 0.255978
100  1.704618 1.493419 1.937660  -1.544954 -1.855079 0.063449
101  -0.000001 0.000001 0.000000  0.000000 0.000000 0.000001
102  1.704624 1.493426 -1.937611  1.473111 1.855076 0.063436
103  -0.000003 0.000003 0.000001  0.000000 0.000000 -0.000001
104  7.723854 1.956159 58.484589  1.570796 -0.000000 0.000000
105  0.000000 0.000001 -0.000000  0.000000 -0.000000 0.000000
106  14.952688 -17.686636 -0.395722  0.000001 -0.000000 0.000000
107  0.000000 9.000000 -0.000003  0.000000 -0.000000 0.000000
108  0.000000 0.000001 -0.000000  0.000000 -0.000000 0.000000
109  0.000000 0.000002 -9.999998  0.000000 -0.000000 0.000000
110  0.000000 0.000002 0.000000  0.000001 -0.000000 0.000000
111  15.264428 2.505456 49.565292  -0.015813 0.868860 -0.020712
112  11.481673 -0.000034 -0.000029  1.573178 -0.106616 0.044195
113  -0.000001 0.000004 0.000000  -0.000000 0.000000 0.000002
114  -0.000001 0.000000 0.000000  -0.000000 -0.000000 0.000000
115  -0.000001 0.000000 0.000000  0.000000 0.000000 0.000000
116  -7.723807 1.956140 58.484608  1.570796 -0.000000 0.000000
117  0.000000 0.000001 -0.000000  0.000000 -0.000000 0.000000
118  -14.952740 -17.686594 -0.395684  0.000001 -0.000000 0.000000
119  0.000000 9.000000 -0.000003  0.000000 -0.000000 0.000000
120  0.000000 0.000024 -0.000000  0.000000 -0.000000 0.000000
121  0.000000 -0.000021 -9.999999  0.000000 -0.000000 0.000000
122  0.000000 0.000002 0.000000  0.000001 -0.000000 0.000000
123  -15.264407 2.505418 49.565334  0.015813 2.272735 0.020712
124  11.481701 -0.000054 -0.000002  -1.564933 0.106603 0.044183
125  -0.000003 -0.000001 -0.000000  -0.000000 0.000000 -0.000003
126  0.000003 0.000001 -0.000000  -0.000000 -0.000000 -0.000000
127  0.000003 0.000001 0.000000  0.000000 0.000000 -0.000000
128  3.890447 -0.533611 38.566914  1.570796 -0.000000 0.000000
129  0.000000 -0.000000 0.000000  0.000000 -0.000000 0.000000
130  0.000000 -0.000002 -9.999999  0.000000 -0.000000 0.000000
131  0.000000 -0.000002 -0.000000  0.000000 -0.000000 0.000000
132  -3.890457 -0.533622 38.566921  1.570796 -0.000000 0.000000
133  0.000000 -0.000000 0.000000  0.000000 -0.000000 0.000000
134  0.000000 -0.000002 -9.999999  0.000000 -0.000000 0.000000
135  0.000000 -0.000002 -0.000000  0.000000 -0.000000 0.000000
time 30
0  0.000000 0.000000 0.000000  1.570796 -0.000000 0.000000
1  0.255472 -7.008589 35.407291  1.609451 0.096322 0.202516
2  0.000000 -0.000000 -0.000000  -0.000000 0.000000 -0.000000
3  3.890453 -0.000006 -0.000002  -1.221299 -0.572839 -1.545066
4  17.848173 0.000001 -0.000001  -0.000000 0.000000 0.896850
5  15.638506 0.000000 -0.000002  0.200914 0.382444 -1.237247
6  7.109930 0.000000 0.000002  -0.007119 -0.003131 -0.631738
7  -3.890451 0.000002 0.000007  -1.078258 0.288801 -1.396850
8  17.848175 -0.000000 0.000000  -0.000000 0.000000 0.599340
9  15.638510 0.000000 0.000000  0.114398 -0.230682 -0.970403
10  7.109930 -0.000000 -0.000000  -0.081154 -0.003131 -0.631749
11  -0.044716 2.528781 4.661500  -0.042198 -0.002637 0.018317
12  4.041916 4.954660 -8.467939  -0.000000 -0.392699 -0.000000
13  -0.324224 3.329500 -2.981901  1.559803 0.086066 1.588646
14  4.018333 -0.000000 -0.000000  0.044664 -0.010079 0.100443
15  3.518566 -0.000001 0.000001  0.039189 -0.041311 0.187922
16  8.942640 0.000001 0.000000  -0.012323 -0.081735 0.071909
17  3.306634 0.000000 -0.000001  3.138800 0.000567 0.400476
18  3.593707 0.000001 -0.000001  -0.295451 -0.233611 0.394794
19  2.033336 1.000768 1.101697  0.284660 -1.857521 -2.053251
20  6.809415 0.000006 -0.000002  -0.981056 0.179404 -0.349558
21  12.391795 -0.000001 0.000004  -0.000000 -0.000000 -1.808114
22  9.337077 -0.000001 -0.000029  1.521525 -0.922948 -0.214515
23  3.859705 -0.142430 -1.191961  -0.513267 0.072291 -1.288225
24  1.312556 -0.000005 0.000002  -0.163028 0.224047 -1.466962
25  0.729359 0.000008 -0.000002  -0.068871 0.147979 -0.913117
26  3.942324 0.046740 -0.431423  -0.157261 0.007109 -0.685616
27  1.539097 0.000005 -0.000005  -0.068563 0.062695 -1.808644
28  1.196315 0.000003 -0.000006  -0.005433 0.026725 -0.524005
29  4.454022 -0.070204 0.572074  0.095490 -0.008587 -0.706335
30  1.426600 -0.000003 0.000004  0.055908 -0.087976 -1.504206
31  1.322460 0.000000 0.000005  0.009312 -0.033625 -0.575065
32  4.477066 -0.028571 1.582474  0.481653 -0.035390 -1.246096
33  1.344416 0.000004 -0.000003  0.023466 -0.208305 -0.755723
34  1.224672 0.000000 0.000001  0.026043 -0.124620 -0.538676
35  2.630324 -0.345014 1.907213  -0.354022 -0.915164 -1.788195
36  1.059290 -0.000003 0.000006  -0.001067 -0.012855 0.250988
37  0.781212 0.000003 -0.000003  -0.000096 -0.003210 0.062757
38  2.033350 1.000772 -1.101647  2.438385 1.304247 0.740621
39  6.809416 -0.000004 0.000000  3.117888 0.281270 -0.095046
40  12.391796 -0.000002 -0.000002  0.000000 0.000000 -1.654573
41  9.337110 -0.000002 -0.000001  -1.090272 0.543889 0.005337
42  3.859668 -0.132559 1.193138  0.479146 -0.158551 -0.879038
43  1.312549 -0.000007 0.000002  -0.000001 -0.011931 -0.439674
44  0.729362 0.000003 0.000000  -0.000002 -0.006130 -0.244278
45  3.942293 0.050340 0.431069  0.155003 -0.079314 -0.810198
46  1.539091 -0.000001 -0.000003  -0.000002 -0.005851 -0.247775
47  1.196318 -0.000004 0.000001  -0.000000 -0.009657 -0.430768
48  4.453996 -0.073768 -0.571671  -0.122170 0.081973 -0.601429
49  1.426595 0.000004 -0.000000  0.001163 0.055161 -0.773305
50  1.322463 0.000002 0.000005  -0.015184 0.038648 -0.774088
51  4.477054 -0.043465 -1.581289  -0.486154 0.145338 -0.569021
52  1.344414 -0.000004 -0.000002  -0.013027 0.191420 -0.707199
53  1.224670 -0.000008 -0.000008  -0.049329 0.153686 -0.714830
54  2.630300 -0.359831 -1.904288  0.877659 0.367624 -1.182724
55  1.059288 0.000001 0.000003  -0.000599 -0.000009 0.000000
56  0.781201 -0.000003 0.000003  0.000000 -0.000006 0.000002
57  4.069501 1.811269 4.279048  1.570796 -0.000000 0.000000
58  0.000000 -0.000000 -0.000000  0.000000 0.052360 0.000000
59  0.032300 -4.377938 -4.331139  -0.000000 -0.000000 0.000000
60  -0.002340 -4.618855 4.848104  -0.000000 0.000937 -0.001514
61  -0.000000 0.000000 -0.000000  0.000000 -0.000000 0.000000
62  -0.014019 -4.136677 -0.422642  0.000001 -0.000000 0.000000
63  0.014022 0.341392 9.682304  0.000000 0.000937 -0.001514
64  0.003298 0.000005 -3.521831  0.000000 -0.000000 -0.000000
65  -0.000369 3.795277 -5.737836  0.000000 -0.000000 0.000000
66  -0.000000 0.000000 0.000000  -0.000001 0.000000 0.000000
67  -0.000000 -0.000000 -0.000000  -0.000000 -0.000000 -0.000000
68  -0.000000 0.000000 -0.000000  -0.000000 0.000000 0.000000
69  0.000003 -3.795290 9.259664  -0.000000 0.000937 -0.001514
70  7.999999 0.000001 -0.000000  0.000001 -0.052360 -0.000000
71  -4.069616 1.811259 4.279059  1.570796 -0.000000 0.000000
72  0.000000 -0.000000 -0.000000  0.000000 -0.052360 0.000000
73  0.000003 -3.795289 9.259665  -0.001320 -0.008192 0.060729
74  0.000000 0.000000 0.000000  0.000000 0.000000 0.000000
75  0.014020 -4.136677 -0.422641  0.000001 0.000000 -0.000000
76  -0.014018 0.341393 9.682305  -0.000000 0.000937 -0.001514
77  0.003297 0.000005 -3.521831  0.000000 -0.000000 -0.000000
78  -0.000369 3.795275 -5.737837  0.000000 0.000000 0.000000
79  -0.000000 0.000000 0.000000  -0.000000 0.000000 0.000000
80  -0.000000 0.000000 -0.000000  -0.000000 -0.000000 -0.000000
81  0.000000 0.000000 0.000000  -0.000000 -0.000000 -0.000000
82  -0.062978 -4.612901 4.868224  -0.000000 0.000937 -0.001514
83  0.032300 -4.377938 -4.331139  -0.000000 0.000000 -0.000000
84  -8.000000 0.000001 0.000000  0.000001 0.052360 0.000000
85  0.000156 0.385903 39.987263  1.570796 -0.000000 0.000000
86  -0.000161 -1.420346 0.919518  0.000000 -0.000000 0.000000
87  0.000005 3.345128 -2.981901  1.570796 0.083187 1.570796
88  0.000000 -0.000000 -0.000000  0.000000 0.000000 0.000000
89  0.000003 0.000000 -0.000000  -0.000000 -0.000000 -0.003106
90  4.018316 -0.012484 -0.000000  -0.000000 -0.000000 -0.000000
91  0.000005 -0.000000 0.000000  -0.000000 0.000000 -0.032354
92  3.516729 -0.113802 -0.000000  0.000000 -0.000000 -0.000000
93  0.000002 -0.000000 0.000000  0.000000 0.000000 0.067981
94  8.921986 0.607517 -0.000001  -0.000000 -0.000000 -0.000000
95  -0.000000 -0.000000 0.000000  0.000000 0.000000 0.262078
96  3.194337 0.856892 -0.000000  0.000000 -0.000000 -0.000000
97  0.000001 0.000000 0.000000  3.141590 -0.000000 0.662566
98  2.833353 2.210629 -0.000000  0.000000 -0.000000 -0.000000
99  -0.000002 -0.000000 0.000000  3.141590 -0.000000 0.255978
100  1.704618 1.493419 1.937660  -1.544954 -1.855079 0.063449
101  -0.000001 0.000001 0.000000  0.000000 0.000000 0.000001
102  1.704624 1.493426 -1.937611  1.473111 1.855076 0.063436
103  -0.000003 0.000003 0.000001  0.000000 0.000000 -0.000001
104  7.723854 1.956159 58.484589  1.570796 -0.000000 0.000000
105  0.000000 0.000001 -0.000000  0.000000 -0.000000 0.000000
106  14.952688 -17.686636 -0.395722  0.000001 -0.000000 0.000000
107  0.000000 9.000000 -0.000003  0.000000 -0.000000 0.000000
108  0.000000 0.000001 -0.000000  0.000000 -0.000000 0.000000
109  0.000000 0.000002 -9.999998  0.000000 -0.000000 0.000000
110  0.000000 0.000002 0.000000  0.000001 -0.000000 0.000000
111  15.264428 2.505456 49.565292  -0.015813 0.868860 -0.020712
112  11.481673 -0.000034 -0.000029  1.573178 -0.106616 0.044195
113  -0.000001 0.000004 0.000000  -0.000000 0.000000 0.000002
114  -0.000001 0.000000 0.000000  -0.000000 -0.000000 0.000000
115  -0.000001 0.000000 0.000000  0.000000 0.000000 0.000000
116  -7.723807 1.956140 58.484608  1.570796 -0.000000 0.000000
117  0.000000 0.000001 -0.000000  0.000000 -0.000000 0.000000
118  -14.952740 -17.686594 -0.395684  0.000001 -0.000000 0.000000
119  0.000000 9.000000 -0.000003  0.000000 -0.000000 0.000000
120  0.000000 0.000024 -0.000000  0.000000 -0.000000 0.000000
121  0.000000 -0.000021 -9.999999  0.000000 -0.000000 0.000000
122  0.000000 0.000002 0.000000  0.000001 -0.000000 0.000000
123  -15.264407 2.505418 49.565334  0.015813 2.272735 0.020712
124  11.481701 -0.000054 -0.000002  -1.564933 0.106603 0.044183
125  -0.000003 -0.000001 -0.000000  -0.000000 0.000000 -0.000003
126  0.000003 0.000001 -0.000000  -0.000000 -0.000000 -0.000000
127  0.000003 0.000001 0.000000  0.000000 0.000000 -0.000000
128  3.890447 -0.533611 38.566914  1.570796 -0.000000 0.000000
129  0.000000 -0.000000 0.000000  0.000000 -0.000000 0.000000
130  0.000000 -0.000002 -9.999999  0.000000 -0.000000 0.000000
131  0.000000 -0.000002 -0.000000  0.000000 -0.000000 0.000000
132  -3.890457 -0.533622 38.566921  1.570796 -0.000000 0.000000
133  0.000000 -0.000000 0.000000  0.000000 -0.000000 0.000000
134  0.000000 -0.000002 -9.999999  0.000000 -0.000000 0.000000
135  0.000000 -0.000002 -0.000000  0.000000 -0.000000 0.000000
time 31
0  0.000000 0.000000 0.000000  1.570796 -0.000000 0.000000
1  -0.443768 -6.957802 35.201450  1.616672 0.086389 0.319474
2  0.000000 -0.000002 -0.000001  0.000000 -0.000000 0.000000
3  3.890453 -0.000008 -0.000002  -1.168330 -0.603072 -1.572953
4  17.848177 0.000001 -0.000000  0.000000 0.000000 0.893119
5  15.638507 -0.000000 -0.000001  0.240824 0.452142 -1.204074
6  7.109929 0.000000 0.000002  -0.007119 -0.003131 -0.631738
7  -3.890451 -0.000001 0.000006  -1.083216 0.211849 -1.391457
8  17.848175 0.000000 -0.000000  0.000000 -0.000000 0.701859
9  15.638513 0.000001 0.000000  0.050192 -0.223537 -0.820755
10  7.109929 -0.000002 -0.000000  -0.081154 -0.003131 -0.631749
11  -0.044716 2.528780 4.661500  -0.042198 -0.003431 0.006533
12  4.041916 4.954659 -8.467939  0.000000 -0.392699 -0.000000
13  -0.285160 3.333409 -2.981902  1.558941 0.086038 1.576352
14  4.018330 -0.000000 0.000000  0.066002 -0.035930 0.138082
15  3.518562 -0.000001 -0.000001  0.062883 -0.070973 0.225206
16  8.942644 0.000002 -0.000001  -0.006120 -0.087835 0.073140
17  3.306648 0.000000 0.000000  3.138800 0.000567 0.400476
18  3.593712 -0.000000 -0.000001  -0.430288 -0.294621 0.487627
19  2.033354 1.000768 1.101697  0.282884 -1.852978 -2.050826
20  6.809413 0.000011 -0.000002  -1.083095 0.089317 -0.265497
21  12.391794 0.000003 -0.000003  -0.000000 -0.000000 -1.827669
22  9.337078 0.000002 -0.000030  1.448543 -0.912953 -0.147819
23  3.859711 -0.142425 -1.191951  -0.513267 0.072291 -1.288225
24  1.312557 -0.000005 0.000008  -0.163028 0.224047 -1.466962
25  0.729365 0.000007 -0.000001  -0.068871 0.147979 -0.913117
26  3.942333 0.046753 -0.431425  -0.157261 0.007109 -0.685616
27  1.539089 0.000009 -0.000008  -0.068563 0.062695 -1.808644
28  1.196316 0.000003 -0.000005  -0.005433 0.026725 -0.524005
29  4.454022 -0.070201 0.572073  0.095490 -0.008587 -0.706366
30  1.426600 -0.000002 0.000006  0.055908 -0.087976 -1.504206
31  1.322464 -0.000002 0.000007  0.009312 -0.033625 -0.575065
32  4.477065 -0.028567 1.582477  0.481653 -0.035390 -1.246096
33  1.344419 -0.000000 -0.000003  0.023466 -0.208305 -0.755723
34  1.224672 0.000003 0.000004  0.026043 -0.124620 -0.538676
35  2.630324 -0.345012 1.907213  -0.354022 -0.915164 -1.788195
36  1.059287 -0.000003 0.000012  -0.001067 -0.012855 0.250988
37  0.781214 0.000005 -0.000003  -0.000096 -0.003210 0.062757
38  2.033361 1.000772 -1.101647  2.314223 1.172126 0.595876
39  6.809415 -0.000009 0.000003  2.581988 0.252450 -0.233631
40  12.391792 0.000007 -0.000002  0.000000 -0.000000 -0.843467
41  9.337099 -0.000000 0.000008  -0.680252 0.554282 0.289329
42  3.859664 -0.132558 1.193141  0.451337 -0.229558 -0.735163
43  1.312559 -0.000006 -0.000001  -0.001878 -0.011782 -0.281671
44  0.729362 -0.000002 -0.000005  -0.000966 -0.006053 -0.086284
45  3.942300 0.050339 0.431065  0.140717 -0.102638 -0.653283
46  1.539100 -0.000003 0.000001  -0.000922 -0.005777 -0.089781
47  1.196317 -0.000008 0.000001  -0.001520 -0.009537 -0.272769
48  4.453992 -0.073768 -0.571669  -0.111348 0.161502 -0.261478
49  1.426603 0.000003 -0.000001  0.006807 0.048725 -0.664796
50  1.322458 -0.000011 0.000003  -0.011230 0.034141 -0.665555
51  4.477039 -0.043465 -1.581286  -0.362377 0.199544 -0.156619
52  1.344416 -0.000003 -0.000006  0.014525 0.153945 -0.547119
53  1.224672 0.000006 0.000011  -0.027049 0.123689 -0.554014
54  2.630297 -0.359832 -1.904292  0.976871 0.628516 -1.068071
55  1.059290 -0.000001 0.000009  -0.000599 -0.000009 0.000000
56  0.781203 -0.000004 0.000003  -0.000000 -0.000006 0.000002
57  4.069501 1.811269 4.279048  1.570796 -0.000000 0.000000
58  0.000000 -0.000000 -0.000000  0.000000 0.052360 0.000000
59  0.032300 -4.377938 -4.331139  -0.000000 -0.000000 0.000000
60  -0.002340 -4.618855 4.848104  -0.000000 0.000937 -0.001514
61  -0.000000 0.000000 -0.000000  0.000000 -0.000000 0.000000
62  -0.014019 -4.136677 -0.422642  0.000001 -0.000000 0.000000
63  0.014022 0.341392 9.682304  0.000000 0.000937 -0.001514
64  0.003298 0.000005 -3.521831  0.000000 -0.000000 -0.000000
65  -0.000369 3.795277 -5.737836  0.000000 -0.000000 0.000000
66  -0.000000 0.000000 0.000000  -0.000001 0.000000 0.000000
67  -0.000000 -0.000000 -0.000000  -0.000000 -0.000000 -0.000000
68  -0.000000 0.000000 -0.000000  -0.000000 0.000000 0.000000
69  0.000003 -3.795290 9.259664  -0.000000 0.000937 -0.001514
70  7.999999 0.000001 -0.000000  0.000001 -0.052360 -0.000000
71  -4.069616 1.811259 4.279059  1.570796 -0.000000 0.000000
72  0.000000 -0.000000 -0.000000  0.000000 -0.052360 0.000000
73  0.000003 -3.795289 9.259665  -0.001320 -0.008192 0.060729
74  0.000000 0.000000 0.000000  0.000000 0.000000 0.000000
75  0.014020 -4.136677 -0.422641  0.000001 0.000000 -0.000000
76  -0.014018 0.341393 9.682305  -0.000000 0.000937 -0.001514
77  0.003297 0.000005 -3.521831  0.000000 -0.000000 -0.000000
78  -0.000369 3.795275 -5.737837  0.000000 0.000000 0.000000
79  -0.000000 0.000000 0.000000  -0.000000 0.000000 0.000000
80  -0.000000 0.000000 -0.000000  -0.000000 -0.000000 -0.000000
81  0.000000 0.000000 0.000000  -0.000000 -0.000000 -0.000000
82  -0.062978 -4.612901 4.868224  -0.000000 0.000937 -0.001514
83  0.032300 -4.377938 -4.331139  -0.000000 0.000000 -0.000000
84  -8.000000 0.000001 0.000000  0.000001 0.052360 0.000000
85  0.000156 0.385903 39.987263  1.570796 -0.000000 0.000000
86  -0.000161 -1.420346 0.919518  0.000000 -0.000000 0.000000
87  0.000005 3.345128 -2.981901  1.570796 0.083187 1.570796
88  0.000000 -0.000000 -0.000000  0.000000 0.000000 0.000000
89  0.000003 0.000000 -0.000000  -0.000000 -0.000000 -0.003106
90  4.018316 -0.012484 -0.000000  -0.000000 -0.000000 -0.000000
91  0.000005 -0.000000 0.000000  -0.000000 0.000000 -0.032354
92  3.516729 -0.113802 -0.000000  0.000000 -0.000000 -0.000000
93  0.000002 -0.000000 0.000000  0.000000 0.000000 0.067981
94  8.921986 0.607517 -0.000001  -0.000000 -0.000000 -0.000000
95  -0.000000 -0.000000 0.000000  0.000000 0.000000 0.262078
96  3.194337 0.856892 -0.000000  0.000000 -0.000000 -0.000000
97  0.000001 0.000000 0.000000  3.141590 -0.000000 0.662566
98  2.833353 2.210629 -0.000000  0.000000 -0.000000 -0.000000
99  -0.000002 -0.000000 0.000000  3.141590 -0.000000 0.255978
100  1.704618 1.493419 1.937660  -1.544954 -1.855079 0.063449
101  -0.000001 0.000001 0.000000  0.000000 0.000000 0.000001
102  1.704624 1.493426 -1.937611  1.473111 1.855076 0.063436
103  -0.000003 0.000003 0.000001  0.000000 0.000000 -0.000001
104  7.723854 1.956159 58.484589  1.570796 -0.000000 0.000000
105  0.000000 0.000001 -0.000000  0.000000 -0.000000 0.000000
106  14.952688 -17.686636 -0.395722  0.000001 -0.000000 0.000000
107  0.000000 9.000000 -0.000003  0.000000 -0.000000 0.000000
108  0.000000 0.000001 -0.000000  0.000000 -0.000000 0.000000
109  0.000000 0.000002 -9.999998  0.000000 -0.000000 0.000000
110  0.000000 0.000002 0.000000  0.000001 -0.000000 0.000000
111  15.264428 2.505456 49.565292  -0.015813 0.868860 -0.020712
112  11.481673 -0.000034 -0.000029  1.573178 -0.106616 0.044195
113  -0.000001 0.000004 0.000000  -0.000000 0.000000 0.000002
114  -0.000001 0.000000 0.000000  -0.000000 -0.000000 0.000000
115  -0.000001 0.000000 0.000000  0.000000 0.000000 0.000000
116  -7.723807 1.956140 58.484608  1.570796 -0.000000 0.000000
117  0.000000 0.000001 -0.000000  0.000000 -0.000000 0.000000
118  -14.952740 -17.686594 -0.395684  0.000001 -0.000000 0.000000
119  0.000000 9.000000 -0.000003  0.000000 -0.000000 0.000000
120  0.000000 0.000024 -0.000000  0.000000 -0.000000 0.000000
121  0.000000 -0.000021 -9.999999  0.000000 -0.000000 0.000000
122  0.000000 0.000002 0.000000  0.000001 -0.000000 0.000000
123  -15.264407 2.505418 49.565334  0.015813 2.272735 0.020712
124  11.481701 -0.000054 -0.000002  -1.564933 0.106603 0.044183
125  -0.000003 -0.000001 -0.000000  -0.000000 0.000000 -0.000003
126  0.000003 0.000001 -0.000000  -0.000000 -0.000000 -0.000000
127  0.000003 0.000001 0.000000  0.000000 0.000000 -0.000000
128  3.890447 -0.533611 38.566914  1.570796 -0.000000 0.000000
129  0.000000 -0.000000 0.000000  0.000000 -0.000000 0.000000
130  0.000000 -0.000002 -9.999999  0.000000 -0.000000 0.000000
131  0.000000 -0.000002 -0.000000  0.000000 -0.000000 0.000000
132  -3.890457 -0.533622 38.566921  1.570796 -0.000000 0.000000
133  0.000000 -0.000000 0.000000  0.000000 -0.000000 0.000000
134  0.000000 -0.000002 -9.999999  0.000000 -0.000000 0.000000
135  0.000000 -0.000002 -0.000000  0.000000 -0.000000 0.000000
time 32
0  0.000000 0.000000 0.000000  1.570796 -0.000000 0.000000
1  -1.217230 -6.947646 35.077953  1.637317 0.080430 0.415854
2  -0.000001 0.000002 -0.000001  -0.000000 -0.000000 -0.000000
3  3.890452 -0.000005 -0.000003  -1.108490 -0.639078 -1.594516
4  17.848175 0.000002 -0.000000  0.000000 0.000000 0.879660
5  15.638507 0.000000 -0.000001  0.258548 0.505013 -1.176479
6  7.109930 -0.000000 0.000002  -0.007119 -0.003131 -0.631738
7  -3.890452 0.000005 0.000006  -1.066817 0.143016 -1.389565
8  17.848167 -0.000001 -0.000000  0.000000 0.000000 0.759211
9  15.638512 0.000000 0.000000  0.019989 -0.253163 -0.738721
10  7.109931 -0.000001 -0.000001  -0.081154 -0.003131 -0.631749
11  -0.044717 2.528786 4.661499  -0.042198 -0.004320 0.001042
12  4.041915 4.954660 -8.467939  -0.000000 -0.392699 -0.000000
13  -0.257815 3.337317 -2.981901  1.557971 0.086038 1.570264
14  4.018330 0.000000 0.000000  0.083949 -0.059659 0.177322
15  3.518566 -0.000001 -0.000000  0.083537 -0.096524 0.263412
16  8.942644 0.000004 -0.000001  0.001610 -0.089165 0.071768
17  3.306643 -0.000002 -0.000002  3.138800 0.000567 0.400476
18  3.593707 -0.000002 -0.000003  -0.557868 -0.332953 0.585957
19  2.033348 1.000766 1.101696  0.280575 -1.847555 -2.047771
20  6.809415 0.000001 -0.000002  -1.198904 0.005013 -0.191187
21  12.391793 0.000005 -0.000002  -0.000000 -0.000000 -1.846986
22  9.337077 -0.000003 -0.000032  1.374313 -0.898945 -0.081757
23  3.859708 -0.142432 -1.191958  -0.513267 0.072291 -1.288225
24  1.312558 -0.000005 0.000002  -0.163028 0.224047 -1.466962
25  0.729367 0.000005 0.000002  -0.068871 0.147979 -0.913117
26  3.942332 0.046742 -0.431424  -0.157261 0.007109 -0.685616
27  1.539094 0.000010 -0.000002  -0.068563 0.062695 -1.808644
28  1.196324 0.000008 -0.000004  -0.005433 0.026725 -0.524005
29  4.454025 -0.070207 0.572073  0.095490 -0.008587 -0.706335
30  1.426599 -0.000008 0.000000  0.055908 -0.087976 -1.504206
31  1.322471 -0.000000 0.000002  0.009312 -0.033625 -0.575065
32  4.477065 -0.028577 1.582469  0.481653 -0.035390 -1.246096
33  1.344419 0.000005 -0.000003  0.023466 -0.208305 -0.755723
34  1.224670 0.000003 0.000004  0.026043 -0.124620 -0.538676
35  2.630325 -0.345017 1.907210  -0.354022 -0.915164 -1.788195
36  1.059286 -0.000004 0.000002  -0.001067 -0.012855 0.250988
37  0.781212 0.000001 0.000002  -0.000096 -0.003210 0.062757
38  2.033360 1.000768 -1.101649  2.293162 1.079471 0.555424
39  6.809415 -0.000005 -0.000001  2.195160 0.265765 -0.328343
40  12.391797 0.000001 0.000001  -0.000000 -0.000000 -0.380850
41  9.337104 -0.000001 -0.000001  -0.561521 0.437252 0.441211
42  3.859662 -0.132555 1.193137  0.420779 -0.283800 -0.614973
43  1.312558 -0.000006 0.000006  -0.003370 -0.011445 -0.153398
44  0.729367 0.000004 -0.000002  -0.001733 -0.005880 0.041983
45  3.942291 0.050340 0.431072  0.126504 -0.119748 -0.525373
46  1.539091 -0.000006 -0.000006  -0.001653 -0.005612 0.038485
47  1.196322 -0.000001 0.000006  -0.002727 -0.009264 -0.144499
48  4.453989 -0.073768 -0.571670  -0.088638 0.199518 -0.027601
49  1.426599 -0.000006 0.000006  0.012188 0.040959 -0.544890
50  1.322464 -0.000003 0.000003  -0.007454 0.028688 -0.545584
51  4.477035 -0.043461 -1.581293  -0.272396 0.206088 0.114792
52  1.344416 -0.000009 -0.000001  0.033761 0.116972 -0.404966
53  1.224672 -0.000000 0.000012  -0.011433 0.094039 -0.410568
54  2.630294 -0.359832 -1.904291  1.081180 0.797496 -0.954428
55  1.059291 -0.000000 -0.000001  -0.000599 -0.000009 0.000000
56  0.781207 -0.000004 0.000004  -0.000000 -0.000006 0.000002
57  4.069501 1.811269 4.279048  1.570796 -0.000000 0.000000
58  0.000000 -0.000000 -0.000000  0.000000 0.052360 0.000000
59  0.032300 -4.377938 -4.331139  -0.000000 -0.000000 0.000000
60  -0.002340 -4.618855 4.848104  -0.000000 0.000937 -0.001514
61  -0.000000 0.000000 -0.000000  0.000000 -0.000000 0.000000
62  -0.014019 -4.136677 -0.422642  0.000001 -0.000000 0.000000
63  0.014022 0.341392 9.682304  0.000000 0.000937 -0.001514
64  0.003298 0.000005 -3.521831  0.000000 -0.000000 -0.000000
65  -0.000369 3.795277 -5.737836  0.000000 -0.000000 0.000000
66  -0.000000 0.000000 0.000000  -0.000001 0.000000 0.000000
67  -0.000000 -0.000000 -0.000000  -0.000000 -0.000000 -0.000000
68  -0.000000 0.000000 -0.000000  -0.000000 0.000000 0.000000
69  0.000003 -3.795290 9.259664  -0.000000 0.000937 -0.001514
70  7.999999 0.000001 -0.000000  0.000001 -0.052360 -0.000000
71  -4.069616 1.811259 4.279059  1.570796 -0.000000 0.000000
72  0.000000 -0.000000 -0.000000  0.000000 -0.052360 0.000000
73  0.000003 -3.795289 9.259665  -0.001320 -0.008192 0.060729
74  0.000000 0.000000 0.000000  0.000000 0.000000 0.000000
75  0.014020 -4.136677 -0.422641  0.000001 0.000000 -0.000000
76  -0.014018 0.341393 9.682305  -0.000000 0.000937 -0.001514
77  0.003297 0.000005 -3.521831  0.000000 -0.000000 -0.000000
78  -0.000369 3.795275 -5.737837  0.000000 0.000000 0.000000
79  -0.000000 0.000000 0.000000  -0.000000 0.000000 0.000000
80  -0.000000 0.000000 -0.000000  -0.000000 -0.000000 -0.000000
81  0.000000 0.000000 0.000000  -0.000000 -0.000000 -0.000000
82  -0.062978 -4.612901 4.868224  -0.000000 0.000937 -0.001514
83  0.032300 -4.377938 -4.331139  -0.000000 0.000000 -0.000000
84  -8.000000 0.000001 0.000000  0.000001 0.052360 0.000000
85  0.000156 0.385903 39.987263  1.570796 -0.000000 0.000000
86  -0.000161 -1.420346 0.919518  0.000000 -0.000000 0.000000
87  0.000005 3.345128 -2.981901  1.570796 0.083187 1.570796
88  0.000000 -0.000000 -0.000000  0.000000 0.000000 0.000000
89  0.000003 0.000000 -0.000000  -0.000000 -0.000000 -0.003106
90  4.018316 -0.012484 -0.000000  -0.000000 -0.000000 -0.000000
91  0.000005 -0.000000 0.000000  -0.000000 0.000000 -0.032354
92  3.516729 -0.113802 -0.000000  0.000000 -0.000000 -0.000000
93  0.000002 -0.000000 0.000000  0.000000 0.000000 0.067981
94  8.921986 0.607517 -0.000001  -0.000000 -0.000000 -0.000000
95  -0.000000 -0.000000 0.000000  0.000000 0.000000 0.262078
96  3.194337 0.856892 -0.000000  0.000000 -0.000000 -0.000000
97  0.000001 0.000000 0.000000  3.141590 -0.000000 0.662566
98  2.833353 2.210629 -0.000000  0.000000 -0.000000 -0.000000
99  -0.000002 -0.000000 0.000000  3.141590 -0.000000 0.255978
100  1.704618 1.493419 1.937660  -1.544954 -1.855079 0.063449
101  -0.000001 0.000001 0.000000  0.000000 0.000000 0.000001
102  1.704624 1.493426 -1.937611  1.473111 1.855076 0.063436
103  -0.000003 0.000003 0.000001  0.000000 0.000000 -0.000001
104  7.723854 1.956159 58.484589  1.570796 -0.000000 0.000000
105  0.000000 0.000001 -0.000000  0.000000 -0.000000 0.000000
106  14.952688 -17.686636 -0.395722  0.000001 -0.000000 0.000000
107  0.000000 9.000000 -0.000003  0.000000 -0.000000 0.000000
108  0.000000 0.000001 -0.000000  0.000000 -0.000000 0.000000
109  0.000000 0.000002 -9.999998  0.000000 -0.000000 0.000000
110  0.000000 0.000002 0.000000  0.000001 -0.000000 0.000000
111  15.264428 2.505456 49.565292  -0.015813 0.868860 -0.020712
112  11.481673 -0.000034 -0.000029  1.573178 -0.106616 0.044195
113  -0.000001 0.000004 0.000000  -0.000000 0.000000 0.000002
114  -0.000001 0.000000 0.000000  -0.000000 -0.000000 0.000000
115  -0.000001 0.000000 0.000000  0.000000 0.000000 0.000000
116  -7.723807 1.956140 58.484608  1.570796 -0.000000 0.000000
117  0.000000 0.000001 -0.000000  0.000000 -0.000000 0.000000
118  -14.952740 -17.686594 -0.395684  0.000001 -0.000000 0.000000
119  0.000000 9.000000 -0.000003  0.000000 -0.000000 0.000000
120  0.000000 0.000024 -0.000000  0.000000 -0.000000 0.000000
121  0.000000 -0.000021 -9.999999  0.000000 -0.000000 0.000000
122  0.000000 0.000002 0.000000  0.000001 -0.000000 0.000000
123  -15.264407 2.505418 49.565334  0.015813 2.272735 0.020712
124  11.481701 -0.000054 -0.000002  -1.564933 0.106603 0.044183
125  -0.000003 -0.000001 -0.000000  -0.000000 0.000000 -0.000003
126  0.000003 0.000001 -0.000000  -0.000000 -0.000000 -0.000000
127  0.000003 0.000001 0.000000  0.000000 0.000000 -0.000000
128  3.890447 -0.533611 38.566914  1.570796 -0.000000 0.000000
129  0.000000 -0.000000 0.000000  0.000000 -0.000000 0.000000
130  0.000000 -0.000002 -9.999999  0.000000 -0.000000 0.000000
131  0.000000 -0.000002 -0.000000  0.000000 -0.000000 0.000000
132  -3.890457 -0.533622 38.566921  1.570796 -0.000000 0.000000
133  0.000000 -0.000000 0.000000  0.000000 -0.000000 0.000000
134  0.000000 -0.000002 -9.999999  0.000000 -0.000000 0.000000
135  0.000000 -0.000002 -0.000000  0.000000 -0.000000 0.000000
time 33
0  0.000000 0.000000 0.000000  1.570796 -0.000000 0.000000
1  -1.943814 -7.008589 34.933861  1.671299 0.079829 0.495676
2  -0.000000 -0.000001 -0.000000  -0.000000 -0.000000 0.000000
3  3.890452 -0.000006 -0.000002  -1.059721 -0.689798 -1.607166
4  17.848175 0.000004 -0.000000  0.000000 0.000000 0.874393
5  15.638506 0.000001 -0.000001  0.273139 0.553133 -1.157523
6  7.109931 -0.000001 0.000002  -0.007119 -0.003131 -0.631738
7  -3.890452 0.000004 0.000006  -1.026678 0.081071 -1.391079
8  17.848171 0.000001 -0.000001  0.000000 0.000000 0.790568
9  15.638511 -0.000001 0.000001  0.006832 -0.298900 -0.696224
10  7.109929 0.000001 0.000000  -0.081154 -0.003131 -0.631749
11  -0.044717 2.528788 4.661498  -0.042263 -0.005146 0.003607
12  4.041915 4.954663 -8.467940  -0.000000 -0.392699 -0.000000
13  -0.250004 3.337316 -2.981902  1.557055 0.086066 1.572096
14  4.018331 -0.000000 -0.000000  0.099365 -0.080237 0.215605
15  3.518561 -0.000002 -0.000000  0.101989 -0.117221 0.299880
16  8.942642 0.000005 -0.000002  0.010700 -0.086493 0.067335
17  3.306643 -0.000008 -0.000000  3.138800 0.000567 0.400476
18  3.593711 0.000001 0.000001  -0.672622 -0.348735 0.680846
19  2.033341 1.000766 1.101696  0.277823 -1.841449 -2.044269
20  6.809415 0.000006 -0.000000  -1.320547 -0.072086 -0.127384
21  12.391797 0.000002 -0.000004  -0.000000 0.000000 -1.865673
22  9.337075 -0.000003 -0.000029  1.300171 -0.881091 -0.018292
23  3.859704 -0.142431 -1.191959  -0.513267 0.072291 -1.288225
24  1.312561 -0.000006 0.000007  -0.163028 0.224047 -1.466962
25  0.729356 0.000002 0.000000  -0.068871 0.147979 -0.913117
26  3.942326 0.046743 -0.431425  -0.157261 0.007109 -0.685616
27  1.539092 0.000008 -0.000010  -0.068563 0.062695 -1.808644
28  1.196321 0.000006 -0.000003  -0.005433 0.026725 -0.524005
29  4.454019 -0.070206 0.572072  0.095490 -0.008587 -0.706366
30  1.426596 0.000002 -0.000000  0.055908 -0.087976 -1.504206
31  1.322469 -0.000002 0.000006  0.009312 -0.033625 -0.575065
32  4.477061 -0.028571 1.582471  0.481653 -0.035390 -1.246096
33  1.344418 0.000001 -0.000006  0.023466 -0.208305 -0.755723
34  1.224667 0.000004 0.000002  0.026043 -0.124620 -0.538676
35  2.630321 -0.345017 1.907213  -0.354022 -0.915164 -1.788195
36  1.059288 -0.000002 0.000001  -0.001067 -0.012855 0.250988
37  0.781214 0.000001 0.000006  -0.000096 -0.003210 0.062757
38  2.033353 1.000765 -1.101647  2.337868 1.036645 0.587057
39  6.809413 -0.000008 -0.000004  1.983148 0.354239 -0.352516
40  12.391794 0.000001 0.000000  -0.000000 -0.000000 -0.309816
41  9.337108 -0.000003 0.000002  -0.858827 0.226568 0.395534
42  3.859665 -0.132559 1.193137  0.363004 -0.355878 -0.431800
43  1.312561 -0.000007 0.000006  -0.003364 -0.011447 -0.153951
44  0.729352 0.000001 0.000003  -0.001729 -0.005881 0.041431
45  3.942294 0.050335 0.431073  0.099648 -0.142844 -0.320952
46  1.539099 -0.000013 -0.000005  -0.001650 -0.005613 0.037933
47  1.196321 -0.000002 0.000002  -0.002722 -0.009265 -0.145051
48  4.453989 -0.073772 -0.571669  -0.078726 0.184225 0.063883
49  1.426599 -0.000012 -0.000000  0.017917 0.029514 -0.382769
50  1.322460 -0.000005 -0.000003  -0.003440 0.020683 -0.383347
51  4.477036 -0.043470 -1.581290  -0.243621 0.203427 0.190028
52  1.344410 -0.000009 -0.000002  0.047483 0.077663 -0.263998
53  1.224674 0.000006 0.000002  -0.000264 0.062459 -0.267876
54  2.630291 -0.359837 -1.904284  1.134711 0.860236 -0.897484
55  1.059295 0.000002 0.000005  -0.000599 -0.000009 0.000000
56  0.781203 0.000002 0.000001  -0.000000 -0.000006 0.000002
57  4.069501 1.811269 4.279048  1.570796 -0.000000 0.000000
58  0.000000 -0.000000 -0.000000  0.000000 0.052360 0.000000
59  0.032300 -4.377938 -4.331139  -0.000000 -0.000000 0.000000
60  -0.002340 -4.618855 4.848104  -0.000000 0.000937 -0.001514
61  -0.000000 0.000000 -0.000000  0.000000 -0.000000 0.000000
62  -0.014019 -4.136677 -0.422642  0.000001 -0.000000 0.000000
63  0.014022 0.341392 9.682304  0.000000 0.000937 -0.001514
64  0.003298 0.000005 -3.521831  0.000000 -0.000000 -0.000000
65  -0.000369 3.795277 -5.737836  0.000000 -0.000000 0.000000
66  -0.000000 0.000000 0.000000  -0.000001 0.000000 0.000000
67  -0.000000 -0.000000 -0.000000  -0.000000 -0.000000 -0.000000
68  -0.000000 0.000000 -0.000000  -0.000000 0.000000 0.000000
69  0.000003 -3.795290 9.259664  -0.000000 0.000937 -0.001514
70  7.999999 0.000001 -0.000000  0.000001 -0.052360 -0.000000
71  -4.069616 1.811259 4.279059  1.570796 -0.000000 0.000000
72  0.000000 -0.000000 -0.000000  0.000000 -0.052360 0.000000
73  0.000003 -3.795289 9.259665  -0.001320 -0.008192 0.060729
74  0.000000 0.000000 0.000000  0.000000 0.000000 0.000000
75  0.014020 -4.136677 -0.422641  0.000001 0.000000 -0.000000
76  -0.014018 0.341393 9.682305  -0.000000 0.000937 -0.001514
77  0.003297 0.000005 -3.521831  0.000000 -0.000000 -0.000000
78  -0.000369 3.795275 -5.737837  0.000000 0.000000 0.000000
79  -0.000000 0.000000 0.000000  -0.000000 0.000000 0.000000
80  -0.000000 0.000000 -0.000000  -0.000000 -0.000000 -0.000000
81  0.000000 0.000000 0.000000  -0.000000 -0.000000 -0.000000
82  -0.062978 -4.612901 4.868224  -0.000000 0.000937 -0.001514
83  0.032300 -4.377938 -4.331139  -0.000000 0.000000 -0.000000
84  -8.000000 0.000001 0.000000  0.000001 0.052360 0.000000
85  0.000156 0.385903 39.987263  1.570796 -0.000000 0.000000
86  -0.000161 -1.420346 0.919518  0.000000 -0.000000 0.000000
87  0.000005 3.345128 -2.981901  1.570796 0.083187 1.570796
88  0.000000 -0.000000 -0.000000  0.000000 0.000000 0.000000
89  0.000003 0.000000 -0.000000  -0.000000 -0.000000 -0.003106
90  4.018316 -0.012484 -0.000000  -0.000000 -0.000000 -0.000000
91  0.000005 -0.000000 0.000000  -0.000000 0.000000 -0.032354
92  3.516729 -0.113802 -0.000000  0.000000 -0.000000 -0.000000
93  0.000002 -0.000000 0.000000  0.000000 0.000000 0.067981
94  8.921986 0.607517 -0.000001  -0.000000 -0.000000 -0.000000
95  -0.000000 -0.000000 0.000000  0.000000 0.000000 0.262078
96  3.194337 0.856892 -0.000000  0.000000 -0.000000 -0.000000
97  0.000001 0.000000 0.000000  3.141590 -0.000000 0.662566
98  2.833353 2.210629 -0.000000  0.000000 -0.000000 -0.000000
99  -0.000002 -0.000000 0.000000  3.141590 -0.000000 0.255978
100  1.704618 1.493419 1.937660  -1.544954 -1.855079 0.063449
101  -0.000001 0.000001 0.000000  0.000000 0.000000 0.000001
102  1.704624 1.493426 -1.937611  1.473111 1.855076 0.063436
103  -0.000003 0.000003 0.000001  0.000000 0.000000 -0.000001
104  7.723854 1.956159 58.484589  1.570796 -0.000000 0.000000
105  0.000000 0.000001 -0.000000  0.000000 -0.000000 0.000000
106  14.952688 -17.686636 -0.395722  0.000001 -0.000000 0.000000
107  0.000000 9.000000 -0.000003  0.000000 -0.000000 0.000000
108  0.000000 0.000001 -0.000000  0.000000 -0.000000 0.000000
109  0.000000 0.000002 -9.999998  0.000000 -0.000000 0.000000
110  0.000000 0.000002 0.000000  0.000001 -0.000000 0.000000
111  15.264428 2.505456 49.565292  -0.015813 0.868860 -0.020712
112  11.481673 -0.000034 -0.000029  1.573178 -0.106616 0.044195
113  -0.000001 0.000004 0.000000  -0.000000 0.000000 0.000002
114  -0.000001 0.000000 0.000000  -0.000000 -0.000000 0.000000
115  -0.000001 0.000000 0.000000  0.000000 0.000000 0.000000
116  -7.723807 1.956140 58.484608  1.570796 -0.000000 0.000000
117  0.000000 0.000001 -0.000000  0.000000 -0.000000 0.000000
118  -14.952740 -17.686594 -0.395684  0.000001 -0.000000 0.000000
119  0.000000 9.000000 -0.000003  0.000000 -0.000000 0.000000
120  0.000000 0.000024 -0.000000  0.000000 -0.000000 0.000000
121  0.000000 -0.000021 -9.999999  0.000000 -0.000000 0.000000
122  0.000000 0.000002 0.000000  0.000001 -0.000000 0.000000
123  -15.264407 2.505418 49.565334  0.015813 2.272735 0.020712
124  11.481701 -0.000054 -0.000002  -1.564933 0.106603 0.044183
125  -0.000003 -0.000001 -0.000000  -0.000000 0.000000 -0.000003
126  0.000003 0.000001 -0.000000  -0.000000 -0.000000 -0.000000
127  0.000003 0.000001 0.000000  0.000000 0.000000 -0.000000
128  3.890447 -0.533611 38.566914  1.570796 -0.000000 0.000000
129  0.000000 -0.000000 0.000000  0.000000 -0.000000 0.000000
130  0.000000 -0.000002 -9.999999  0.000000 -0.000000 0.000000
131  0.000000 -0.000002 -0.000000  0.000000 -0.000000 0.000000
132  -3.890457 -0.533622 38.566921  1.570796 -0.000000 0.000000
133  0.000000 -0.000000 0.000000  0.000000 -0.000000 0.000000
134  0.000000 -0.000002 -9.999999  0.000000 -0.000000 0.000000
135  0.000000 -0.000002 -0.000000  0.000000 -0.000000 0.000000
time 34
0  0.000000 0.000000 0.000000  1.570796 -0.000000 0.000000
1  -2.514144 -7.130478 34.635399  1.715392 0.081215 0.561620
2  0.000001 0.000001 -0.000000  0.000000 0.000000 0.000000
3  3.890453 -0.000005 -0.000002  -1.061534 -0.751163 -1.617804
4  17.848175 0.000004 -0.000001  0.000000 0.000000 0.968024
5  15.638507 0.000001 -0.000001  0.292920 0.558309 -1.211583
6  7.109931 0.000000 0.000000  -0.007119 -0.003131 -0.631738
7  -3.890451 0.000008 0.000007  -0.957937 0.033886 -1.402242
8  17.848167 0.000001 -0.000001  0.000000 0.000000 0.816238
9  15.638511 -0.000000 0.000001  -0.007158 -0.357652 -0.685528
10  7.109929 0.000000 -0.000000  -0.081154 -0.003131 -0.631749
11  -0.044716 2.528783 4.661500  -0.042393 -0.005464 0.011343
12  4.041916 4.954663 -8.467940  0.000000 -0.392699 0.000000
13  -0.253910 3.337318 -2.981902  1.556624 0.086123 1.579130
14  4.018327 0.000001 -0.000001  0.112769 -0.097099 0.251122
15  3.518557 -0.000001 0.000002  0.118617 -0.132969 0.332836
16  8.942641 0.000001 -0.000002  0.020650 -0.081040 0.060035
17  3.306639 0.000000 0.000003  3.138800 0.000567 0.400476
18  3.593710 0.000005 0.000000  -0.768349 -0.344623 0.765243
19  2.033343 1.000771 1.101701  0.274538 -1.834854 -2.040227
20  6.809414 0.000004 -0.000003  -1.441521 -0.141734 -0.074752
21  12.391795 0.000003 0.000003  -0.000000 0.000000 -1.884439
22  9.337079 -0.000005 -0.000026  1.227814 -0.859521 0.042001
23  3.859710 -0.142428 -1.191955  -0.513267 0.072291 -1.288225
24  1.312562 -0.000001 -0.000000  -0.163028 0.224047 -1.466962
25  0.729364 0.000007 0.000003  -0.068871 0.147979 -0.913117
26  3.942330 0.046746 -0.431431  -0.157261 0.007109 -0.685616
27  1.539091 0.000010 -0.000008  -0.068563 0.062695 -1.808644
28  1.196322 0.000009 -0.000005  -0.005433 0.026725 -0.524005
29  4.454025 -0.070203 0.572071  0.095490 -0.008587 -0.706335
30  1.426599 -0.000003 0.000002  0.055908 -0.087976 -1.504206
31  1.322467 -0.000002 -0.000000  0.009312 -0.033625 -0.575065
32  4.477066 -0.028568 1.582470  0.481653 -0.035390 -1.246096
33  1.344418 0.000001 -0.000001  0.023466 -0.208305 -0.755723
34  1.224672 0.000005 -0.000001  0.026043 -0.124620 -0.538676
35  2.630325 -0.345016 1.907210  -0.354022 -0.915164 -1.788195
36  1.059287 -0.000002 -0.000000  -0.001067 -0.012855 0.250988
37  0.781214 0.000003 0.000006  -0.000096 -0.003210 0.062757
38  2.033359 1.000770 -1.101645  2.407464 1.019604 0.649077
39  6.809413 0.000007 0.000003  1.845907 0.502629 -0.331010
40  12.391798 0.000002 0.000005  0.000000 -0.000000 -0.399093
41  9.337103 -0.000003 0.000001  -1.333877 -0.061782 0.362291
42  3.859666 -0.132557 1.193137  0.289955 -0.416699 -0.238516
43  1.312559 -0.000007 0.000001  -0.003319 -0.011460 -0.157820
44  0.729357 0.000003 0.000000  -0.001707 -0.005888 0.037562
45  3.942294 0.050343 0.431071  0.067357 -0.160525 -0.108046
46  1.539095 -0.000011 -0.000004  -0.001629 -0.005619 0.034064
47  1.196327 0.000000 0.000004  -0.002686 -0.009276 -0.148920
48  4.453990 -0.073765 -0.571671  -0.078235 0.143789 0.090180
49  1.426593 -0.000002 -0.000001  0.022195 0.014988 -0.190791
50  1.322464 -0.000008 0.000003  -0.000431 0.010496 -0.191071
51  4.477040 -0.043464 -1.581293  -0.243010 0.203823 0.173961
52  1.344412 -0.000001 -0.000003  0.055812 0.034410 -0.115702
53  1.224677 0.000001 0.000006  0.006520 0.027680 -0.117482
54  2.630294 -0.359827 -1.904287  1.152046 0.878039 -0.879157
55  1.059291 -0.000007 0.000004  -0.000599 -0.000009 0.000000
56  0.781204 -0.000007 -0.000000  -0.000000 -0.000006 0.000002
57  4.069501 1.811269 4.279048  1.570796 -0.000000 0.000000
58  0.000000 -0.000000 -0.000000  0.000000 0.052360 0.000000
59  0.032300 -4.377938 -4.331139  -0.000000 -0.000000 0.000000
60  -0.002340 -4.618855 4.848104  -0.000000 0.000937 -0.001514
61  -0.000000 0.000000 -0.000000  0.000000 -0.000000 0.000000
62  -0.014019 -4.136677 -0.422642  0.000001 -0.000000 0.000000
63  0.014022 0.341392 9.682304  0.000000 0.000937 -0.001514
64  0.003298 0.000005 -3.521831  0.000000 -0.000000 -0.000000
65  -0.000369 3.795277 -5.737836  0.000000 -0.000000 0.000000
66  -0.000000 0.000000 0.000000  -0.000001 0.000000 0.000000
67  -0.000000 -0.000000 -0.000000  -0.000000 -0.000000 -0.000000
68  -0.000000 0.000000 -0.000000  -0.000000 0.000000 0.000000
69  0.000003 -3.795290 9.259664  -0.000000 0.000937 -0.001514
70  7.999999 0.000001 -0.000000  0.000001 -0.052360 -0.000000
71  -4.069616 1.811259 4.279059  1.570796 -0.000000 0.000000
72  0.000000 -0.000000 -0.000000  0.000000 -0.052360 0.000000
73  0.000003 -3.795289 9.259665  -0.001320 -0.008192 0.060729
74  0.000000 0.000000 0.000000  0.000000 0.000000 0.000000
75  0.014020 -4.136677 -0.422641  0.000001 0.000000 -0.000000
76  -0.014018 0.341393 9.682305  -0.000000 0.000937 -0.001514
77  0.003297 0.000005 -3.521831  0.000000 -0.000000 -0.000000
78  -0.000369 3.795275 -5.737837  0.000000 0.000000 0.000000
79  -0.000000 0.000000 0.000000  -0.000000 0.000000 0.000000
80  -0.000000 0.000000 -0.000000  -0.000000 -0.000000 -0.000000
81  0.000000 0.000000 0.000000  -0.000000 -0.000000 -0.000000
82  -0.062978 -4.612901 4.868224  -0.000000 0.000937 -0.001514
83  0.032300 -4.377938 -4.331139  -0.000000 0.000000 -0.000000
84  -8.000000 0.000001 0.000000  0.000001 0.052360 0.000000
85  0.000156 0.385903 39.987263  1.570796 -0.000000 0.000000
86  -0.000161 -1.420346 0.919518  0.000000 -0.000000 0.000000
87  0.000005 3.345128 -2.981901  1.570796 0.083187 1.570796
88  0.000000 -0.000000 -0.000000  0.000000 0.000000 0.000000
89  0.000003 0.000000 -0.000000  -0.000000 -0.000000 -0.003106
90  4.018316 -0.012484 -0.000000  -0.000000 -0.000000 -0.000000
91  0.000005 -0.000000 0.000000  -0.000000 0.000000 -0.032354
92  3.516729 -0.113802 -0.000000  0.000000 -0.000000 -0.000000
93  0.000002 -0.000000 0.000000  0.000000 0.000000 0.067981
94  8.921986 0.607517 -0.000001  -0.000000 -0.000000 -0.000000
95  -0.000000 -0.000000 0.000000  0.000000 0.000000 0.262078
96  3.194337 0.856892 -0.000000  0.000000 -0.000000 -0.000000
97  0.000001 0.000000 0.000000  3.141590 -0.000000 0.662566
98  2.833353 2.210629 -0.000000  0.000000 -0.000000 -0.000000
99  -0.000002 -0.000000 0.000000  3.141590 -0.000000 0.255978
100  1.704618 1.493419 1.937660  -1.544954 -1.855079 0.063449
101  -0.000001 0.000001 0.000000  0.000000 0.000000 0.000001
102  1.704624 1.493426 -1.937611  1.473111 1.855076 0.063436
103  -0.000003 0.000003 0.000001  0.000000 0.000000 -0.000001
104  7.723854 1.956159 58.484589  1.570796 -0.000000 0.000000
105  0.000000 0.000001 -0.000000  0.000000 -0.000000 0.000000
106  14.952688 -17.686636 -0.395722  0.000001 -0.000000 0.000000
107  0.000000 9.000000 -0.000003  0.000000 -0.000000 0.000000
108  0.000000 0.000001 -0.000000  0.000000 -0.000000 0.000000
109  0.000000 0.000002 -9.999998  0.000000 -0.000000 0.000000
110  0.000000 0.000002 0.000000  0.000001 -0.000000 0.000000
111  15.264428 2.505456 49.565292  -0.015813 0.868860 -0.020712
112  11.481673 -0.000034 -0.000029  1.573178 -0.106616 0.044195
113  -0.000001 0.000004 0.000000  -0.000000 0.000000 0.000002
114  -0.000001 0.000000 0.000000  -0.000000 -0.000000 0.000000
115  -0.000001 0.000000 0.000000  0.000000 0.000000 0.000000
116  -7.723807 1.956140 58.484608  1.570796 -0.000000 0.000000
117  0.000000 0.000001 -0.000000  0.000000 -0.000000 0.000000
118  -14.952740 -17.686594 -0.395684  0.000001 -0.000000 0.000000
119  0.000000 9.000000 -0.000003  0.000000 -0.000000 0.000000
120  0.000000 0.000024 -0.000000  0.000000 -0.000000 0.000000
121  0.000000 -0.000021 -9.999999  0.000000 -0.000000 0.000000
122  0.000000 0.000002 0.000000  0.000001 -0.000000 0.000000
123  -15.264407 2.505418 49.565334  0.015813 2.272735 0.020712
124  11.481701 -0.000054 -0.000002  -1.564933 0.106603 0.044183
125  -0.000003 -0.000001 -0.000000  -0.000000 0.000000 -0.000003
126  0.000003 0.000001 -0.000000  -0.000000 -0.000000 -0.000000
127  0.000003 0.000001 0.000000  0.000000 0.000000 -0.000000
128  3.890447 -0.533611 38.566914  1.570796 -0.000000 0.000000
129  0.000000 -0.000000 0.000000  0.000000 -0.000000 0.000000
130  0.000000 -0.000002 -9.999999  0.000000 -0.000000 0.000000
131  0.000000 -0.000002 -0.000000  0.000000 -0.000000 0.000000
132  -3.890457 -0.533622 38.566921  1.570796 -0.000000 0.000000
133  0.000000 -0.000000 0.000000  0.000000 -0.000000 0.000000
134  0.000000 -0.000002 -9.999999  0.000000 -0.000000 0.000000
135  0.000000 -0.000002 -0.000000  0.000000 -0.000000 0.000000
time 35
0  0.000000 0.000000 0.000000  1.570796 -0.000000 0.000000
1  -2.877437 -7.282839 34.110504  1.764496 0.078859 0.615122
2  0.000000 -0.000001 0.000000  0.000000 0.000000 0.000000
3  3.890453 -0.000008 -0.000001  -1.077377 -0.810305 -1.627100
4  17.848177 0.000002 -0.000000  0.000000 0.000000 1.070507
5  15.638506 0.000001 -0.000001  0.308998 0.558782 -1.287334
6  7.109931 0.000000 0.000000  -0.007119 -0.003131 -0.631738
7  -3.890452 0.000003 0.000008  -0.882044 0.002446 -1.425324
8  17.848173 -0.000000 0.000000  0.000000 0.000000 0.848814
9  15.638512 0.000002 0.000000  -0.031154 -0.418816 -0.695364
10  7.109930 -0.000000 0.000000  -0.081154 -0.003131 -0.631749
11  -0.044716 2.528782 4.661499  -0.042523 -0.004924 0.018597
12  4.041916 4.954658 -8.467938  0.000000 -0.392699 0.000000
13  -0.250004 3.337314 -2.981900  1.557055 0.086180 1.585632
14  4.018326 -0.000000 -0.000000  0.124251 -0.110234 0.282865
15  3.518556 -0.000002 -0.000001  0.133357 -0.144151 0.361428
16  8.942642 0.000004 0.000000  0.030766 -0.073933 0.050500
17  3.306639 -0.000005 -0.000002  3.138800 0.000567 0.400476
18  3.593709 -0.000005 0.000001  -0.844923 -0.324687 0.835623
19  2.033342 1.000768 1.101695  0.270986 -1.828015 -2.035827
20  6.809415 -0.000005 -0.000000  -1.557426 -0.204766 -0.033668
21  12.391795 0.000004 -0.000001  -0.000000 0.000000 -1.904545
22  9.337075 -0.000000 -0.000030  1.159026 -0.834663 0.099581
23  3.859709 -0.142430 -1.191962  -0.513267 0.072291 -1.288225
24  1.312560 -0.000007 0.000007  -0.163028 0.224047 -1.466962
25  0.729364 0.000004 -0.000002  -0.068871 0.147979 -0.913117
26  3.942329 0.046747 -0.431427  -0.157261 0.007109 -0.685616
27  1.539095 0.000009 -0.000014  -0.068563 0.062695 -1.808644
28  1.196319 0.000008 -0.000007  -0.005433 0.026725 -0.524005
29  4.454023 -0.070202 0.572074  0.095490 -0.008587 -0.706366
30  1.426598 -0.000008 0.000001  0.055908 -0.087976 -1.504206
31  1.322467 -0.000003 -0.000005  0.009312 -0.033625 -0.575065
32  4.477064 -0.028572 1.582468  0.481653 -0.035390 -1.246096
33  1.344415 -0.000000 -0.000004  0.023466 -0.208305 -0.755723
34  1.224674 0.000004 0.000005  0.026043 -0.124620 -0.538676
35  2.630323 -0.345015 1.907211  -0.354022 -0.915164 -1.788195
36  1.059289 -0.000002 0.000003  -0.001067 -0.012855 0.250988
37  0.781213 0.000002 0.000002  -0.000096 -0.003210 0.062757
38  2.033353 1.000769 -1.101648  2.476964 1.013775 0.715506
39  6.809415 -0.000006 -0.000000  1.751448 0.652727 -0.307095
40  12.391792 0.000005 -0.000006  0.000000 -0.000000 -0.615139
41  9.337109 -0.000004 0.000005  -1.820063 -0.290131 0.437671
42  3.859663 -0.132560 1.193138  0.252074 -0.439758 -0.147352
43  1.312559 -0.000009 0.000006  -0.003199 -0.011494 -0.168321
44  0.729359 -0.000007 0.000001  -0.001645 -0.005905 0.027061
45  3.942290 0.050341 0.431072  0.051327 -0.166301 -0.009595
46  1.539102 -0.000009 -0.000001  -0.001570 -0.005636 0.023564
47  1.196323 -0.000003 0.000007  -0.002589 -0.009304 -0.159421
48  4.453986 -0.073771 -0.571671  -0.083029 0.097421 0.057944
49  1.426594 -0.000004 -0.000003  0.023574 0.003124 -0.039624
50  1.322466 0.000001 -0.000002  0.000515 0.002190 -0.039666
51  4.477035 -0.043465 -1.581292  -0.264403 0.206267 0.092644
52  1.344413 -0.000002 -0.000000  0.057790 0.003202 -0.010802
53  1.224677 -0.000003 0.000007  0.008138 0.002584 -0.010971
54  2.630291 -0.359834 -1.904288  1.130991 0.856248 -0.901407
55  1.059289 -0.000000 0.000006  -0.000599 -0.000009 0.000000
56  0.781209 -0.000002 0.000002  -0.000000 -0.000006 0.000002
57  4.069501 1.811269 4.279048  1.570796 -0.000000 0.000000
58  0.000000 -0.000000 -0.000000  0.000000 0.052360 0.000000
59  0.032300 -4.377938 -4.331139  -0.000000 -0.000000 0.000000
60  -0.002340 -4.618855 4.848104  -0.000000 0.000937 -0.001514
61  -0.000000 0.000000 -0.000000  0.000000 -0.000000 0.000000
62  -0.014019 -4.136677 -0.422642  0.000001 -0.000000 0.000000
63  0.014022 0.341392 9.682304  0.000000 0.000937 -0.001514
64  0.003298 0.000005 -3.521831  0.000000 -0.000000 -0.000000
65  -0.000369 3.795277 -5.737836  0.000000 -0.000000 0.000000
66  -0.000000 0.000000 0.000000  -0.000001 0.000000 0.000000
67  -0.000000 -0.000000 -0.000000  -0.000000 -0.000000 -0.000000
68  -0.000000 0.000000 -0.000000  -0.000000 0.000000 0.000000
69  0.000003 -3.795290 9.259664  -0.000000 0.000937 -0.001514
70  7.999999 0.000001 -0.000000  0.000001 -0.052360 -0.000000
71  -4.069616 1.811259 4.279059  1.570796 -0.000000 0.000000
72  0.000000 -0.000000 -0.000000  0.000000 -0.052360 0.000000
73  0.000003 -3.795289 9.259665  -0.001320 -0.008192 0.060729
74  0.000000 0.000000 0.000000  0.000000 0.000000 0.000000
75  0.014020 -4.136677 -0.422641  0.000001 0.000000 -0.000000
76  -0.014018 0.341393 9.682305  -0.000000 0.000937 -0.001514
77  0.003297 0.000005 -3.521831  0.000000 -0.000000 -0.000000
78  -0.000369 3.795275 -5.737837  0.000000 0.000000 0.000000
79  -0.000000 0.000000 0.000000  -0.000000 0.000000 0.000000
80  -0.000000 0.000000 -0.000000  -0.000000 -0.000000 -0.000000
81  0.000000 0.000000 0.000000  -0.000000 -0.000000 -0.000000
82  -0.062978 -4.612901 4.868224  -0.000000 0.000937 -0.001514
83  0.032300 -4.377938 -4.331139  -0.000000 0.000000 -0.000000
84  -8.000000 0.000001 0.000000  0.000001 0.052360 0.000000
85  0.000156 0.385903 39.987263  1.570796 -0.000000 0.000000
86  -0.000161 -1.420346 0.919518  0.000000 -0.000000 0.000000
87  0.000005 3.345128 -2.981901  1.570796 0.083187 1.570796
88  0.000000 -0.000000 -0.000000  0.000000 0.000000 0.000000
89  0.000003 0.000000 -0.000000  -0.000000 -0.000000 -0.003106
90  4.018316 -0.012484 -0.000000  -0.000000 -0.000000 -0.000000
91  0.000005 -0.000000 0.000000  -0.000000 0.000000 -0.032354
92  3.516729 -0.113802 -0.000000  0.000000 -0.000000 -0.000000
93  0.000002 -0.000000 0.000000  0.000000 0.000000 0.067981
94  8.921986 0.607517 -0.000001  -0.000000 -0.000000 -0.000000
95  -0.000000 -0.000000 0.000000  0.000000 0.000000 0.262078
96  3.194337 0.856892 -0.000000  0.000000 -0.000000 -0.000000
97  0.000001 0.000000 0.000000  3.141590 -0.000000 0.662566
98  2.833353 2.210629 -0.000000  0.000000 -0.000000 -0.000000
99  -0.000002 -0.000000 0.000000  3.141590 -0.000000 0.255978
100  1.704618 1.493419 1.937660  -1.544954 -1.855079 0.063449
101  -0.000001 0.000001 0.000000  0.000000 0.000000 0.000001
102  1.704624 1.493426 -1.937611  1.473111 1.855076 0.063436
103  -0.000003 0.000003 0.000001  0.000000 0.000000 -0.000001
104  7.723854 1.956159 58.484589  1.570796 -0.000000 0.000000
105  0.000000 0.000001 -0.000000  0.000000 -0.000000 0.000000
106  14.952688 -17.686636 -0.395722  0.000001 -0.000000 0.000000
107  0.000000 9.000000 -0.000003  0.000000 -0.000000 0.000000
108  0.000000 0.000001 -0.000000  0.000000 -0.000000 0.000000
109  0.000000 0.000002 -9.999998  0.000000 -0.000000 0.000000
110  0.000000 0.000002 0.000000  0.000001 -0.000000 0.000000
111  15.264428 2.505456 49.565292  -0.015813 0.868860 -0.020712
112  11.481673 -0.000034 -0.000029  1.573178 -0.106616 0.044195
113  -0.000001 0.000004 0.000000  -0.000000 0.000000 0.000002
114  -0.000001 0.000000 0.000000  -0.000000 -0.000000 0.000000
115  -0.000001 0.000000 0.000000  0.000000 0.000000 0.000000
116  -7.723807 1.956140 58.484608  1.570796 -0.000000 0.000000
117  0.000000 0.000001 -0.000000  0.000000 -0.000000 0.000000
118  -14.952740 -17.686594 -0.395684  0.000001 -0.000000 0.000000
119  0.000000 9.000000 -0.000003  0.000000 -0.000000 0.000000
120  0.000000 0.000024 -0.000000  0.000000 -0.000000 0.000000
121  0.000000 -0.000021 -9.999999  0.000000 -0.000000 0.000000
122  0.000000 0.000002 0.000000  0.000001 -0.000000 0.000000
123  -15.264407 2.505418 49.565334  0.015813 2.272735 0.020712
124  11.481701 -0.000054 -0.000002  -1.564933 0.106603 0.044183
125  -0.000003 -0.000001 -0.000000  -0.000000 0.000000 -0.000003
126  0.000003 0.000001 -0.000000  -0.000000 -0.000000 -0.000000
127  0.000003 0.000001 0.000000  0.000000 0.000000 -0.000000
128  3.890447 -0.533611 38.566914  1.570796 -0.000000 0.000000
129  0.000000 -0.000000 0.000000  0.000000 -0.000000 0.000000
130  0.000000 -0.000002 -9.999999  0.000000 -0.000000 0.000000
131  0.000000 -0.000002 -0.000000  0.000000 -0.000000 0.000000
132  -3.890457 -0.533622 38.566921  1.570796 -0.000000 0.000000
133  0.000000 -0.000000 0.000000  0.000000 -0.000000 0.000000
134  0.000000 -0.000002 -9.999999  0.000000 -0.000000 0.000000
135  0.000000 -0.000002 -0.000000  0.000000 -0.000000 0.000000
time 36
0  0.000000 0.000000 0.000000  1.570796 -0.000000 0.000000
1  -3.061036 -7.425042 33.420944  1.812921 0.068788 0.656564
2  0.000000 -0.000005 -0.000000  -0.000000 -0.000000 0.000000
3  3.890453 -0.000009 -0.000002  -1.100951 -0.854354 -1.633617
4  17.848175 0.000004 -0.000001  0.000000 -0.000000 1.139925
5  15.638506 0.000001 -0.000001  0.303143 0.568898 -1.388529
6  7.109931 0.000001 0.000001  -0.007119 -0.003131 -0.631738
7  -3.890451 0.000004 0.000005  -0.826269 -0.018415 -1.459096
8  17.848175 0.000000 0.000001  0.000000 0.000000 0.892031
9  15.638512 0.000002 -0.000001  -0.058114 -0.470878 -0.724300
10  7.109931 -0.000000 -0.000000  -0.081154 -0.003131 -0.631749
11  -0.044716 2.528781 4.661498  -0.042654 -0.003208 0.020842
12  4.041916 4.954653 -8.467938  -0.000000 -0.392699 0.000000
13  -0.218751 3.341218 -2.981901  1.558617 0.086293 1.587169
14  4.018332 0.000000 -0.000000  0.133586 -0.120014 0.310538
15  3.518560 0.000001 -0.000000  0.145833 -0.151425 0.385621
16  8.942646 0.000003 -0.000002  0.040467 -0.065915 0.039453
17  3.306639 0.000009 0.000001  3.138800 0.000567 0.400476
18  3.593709 -0.000001 -0.000003  -0.905422 -0.293443 0.891482
19  2.033343 1.000774 1.101698  0.267079 -1.821030 -2.031157
20  6.809417 -0.000001 -0.000001  -1.665299 -0.262210 -0.003566
21  12.391793 0.000002 0.000002  0.000000 -0.000000 -1.927017
22  9.337076 -0.000000 -0.000025  1.094966 -0.806977 0.155200
23  3.859704 -0.142432 -1.191951  -0.513267 0.072291 -1.288225
24  1.312558 -0.000005 0.000001  -0.163028 0.224047 -1.466962
25  0.729355 0.000000 0.000000  -0.068871 0.147979 -0.913117
26  3.942319 0.046734 -0.431424  -0.157261 0.007109 -0.685616
27  1.539092 0.000013 -0.000004  -0.068563 0.062695 -1.808644
28  1.196319 0.000003 -0.000005  -0.005433 0.026725 -0.524005
29  4.454020 -0.070204 0.572075  0.095490 -0.008587 -0.706335
30  1.426598 -0.000003 0.000001  0.055908 -0.087976 -1.504206
31  1.322465 -0.000002 0.000002  0.009312 -0.033625 -0.575065
32  4.477062 -0.028575 1.582468  0.481653 -0.035390 -1.246096
33  1.344414 0.000000 -0.000001  0.023466 -0.208305 -0.755723
34  1.224674 0.000005 -0.000002  0.026043 -0.124620 -0.538676
35  2.630323 -0.345016 1.907215  -0.354022 -0.915164 -1.788195
36  1.059288 -0.000002 0.000005  -0.001067 -0.012855 0.250988
37  0.781213 0.000000 0.000009  -0.000096 -0.003210 0.062757
38  2.033350 1.000782 -1.101646  2.520138 1.008553 0.756821
39  6.809418 -0.000002 -0.000005  1.670524 0.769539 -0.315010
40  12.391796 -0.000002 -0.000004  0.000000 0.000000 -0.856467
41  9.337105 -0.000001 -0.000001  -2.102008 -0.366463 0.508992
42  3.859666 -0.132559 1.193136  0.300313 -0.409515 -0.264316
43  1.312558 -0.000003 0.000000  -0.002963 -0.011557 -0.188770
44  0.729358 0.000001 -0.000001  -0.001524 -0.005938 0.006613
45  3.942292 0.050337 0.431068  0.071169 -0.158883 -0.132019
46  1.539099 -0.000008 0.000000  -0.001454 -0.005667 0.003115
47  1.196324 -0.000003 0.000008  -0.002398 -0.009355 -0.179870
48  4.453990 -0.073768 -0.571672  -0.088458 0.063397 -0.026259
49  1.426595 -0.000005 0.000001  0.023634 -0.000004 -0.000017
50  1.322464 -0.000004 0.000002  0.000563 -0.000003 -0.000009
51  4.477036 -0.043463 -1.581290  -0.301675 0.206495 -0.027845
52  1.344414 -0.000004 0.000004  0.057803 -0.000009 -0.000025
53  1.224672 -0.000002 0.000005  0.008149 -0.000004 -0.000025
54  2.630291 -0.359832 -1.904288  1.081217 0.797496 -0.954428
55  1.059293 -0.000004 0.000004  -0.000599 -0.000009 0.000000
56  0.781200 -0.000001 0.000001  -0.000000 -0.000006 0.000002
57  4.069501 1.811269 4.279048  1.570796 -0.000000 0.000000
58  0.000000 -0.000000 -0.000000  0.000000 0.052360 0.000000
59  0.032300 -4.377938 -4.331139  -0.000000 -0.000000 0.000000
60  -0.002340 -4.618855 4.848104  -0.000000 0.000937 -0.001514
61  -0.000000 0.000000 -0.000000  0.000000 -0.000000 0.000000
62  -0.014019 -4.136677 -0.422642  0.000001 -0.000000 0.000000
63  0.014022 0.341392 9.682304  0.000000 0.000937 -0.001514
64  0.003298 0.000005 -3.521831  0.000000 -0.000000 -0.000000
65  -0.000369 3.795277 -5.737836  0.000000 -0.000000 0.000000
66  -0.000000 0.000000 0.000000  -0.000001 0.000000 0.000000
67  -0.000000 -0.000000 -0.000000  -0.000000 -0.000000 -0.000000
68  -0.000000 0.000000 -0.000000  -0.000000 0.000000 0.000000
69  0.000003 -3.795290 9.259664  -0.000000 0.000937 -0.001514
70  7.999999 0.000001 -0.000000  0.000001 -0.052360 -0.000000
71  -4.069616 1.811259 4.279059  1.570796 -0.000000 0.000000
72  0.000000 -0.000000 -0.000000  0.000000 -0.052360 0.000000
73  0.000003 -3.795289 9.259665  -0.001320 -0.008192 0.060729
74  0.000000 0.000000 0.000000  0.000000 0.000000 0.000000
75  0.014020 -4.136677 -0.422641  0.000001 0.000000 -0.000000
76  -0.014018 0.341393 9.682305  -0.000000 0.000937 -0.001514
77  0.003297 0.000005 -3.521831  0.000000 -0.000000 -0.000000
78  -0.000369 3.795275 -5.737837  0.000000 0.000000 0.000000
79  -0.000000 0.000000 0.000000  -0.000000 0.000000 0.000000
80  -0.000000 0.000000 -0.000000  -0.000000 -0.000000 -0.000000
81  0.000000 0.000000 0.000000  -0.000000 -0.000000 -0.000000
82  -0.062978 -4.612901 4.868224  -0.000000 0.000937 -0.001514
83  0.032300 -4.377938 -4.331139  -0.000000 0.000000 -0.000000
84  -8.000000 0.000001 0.000000  0.000001 0.052360 0.000000
85  0.000156 0.385903 39.987263  1.570796 -0.000000 0.000000
86  -0.000161 -1.420346 0.919518  0.000000 -0.000000 0.000000
87  0.000005 3.345128 -2.981901  1.570796 0.083187 1.570796
88  0.000000 -0.000000 -0.000000  0.000000 0.000000 0.000000
89  0.000003 0.000000 -0.000000  -0.000000 -0.000000 -0.003106
90  4.018316 -0.012484 -0.000000  -0.000000 -0.000000 -0.000000
91  0.000005 -0.000000 0.000000  -0.000000 0.000000 -0.032354
92  3.516729 -0.113802 -0.000000  0.000000 -0.000000 -0.000000
93  0.000002 -0.000000 0.000000  0.000000 0.000000 0.067981
94  8.921986 0.607517 -0.000001  -0.000000 -0.000000 -0.000000
95  -0.000000 -0.000000 0.000000  0.000000 0.000000 0.262078
96  3.194337 0.856892 -0.000000  0.000000 -0.000000 -0.000000
97  0.000001 0.000000 0.000000  3.141590 -0.000000 0.662566
98  2.833353 2.210629 -0.000000  0.000000 -0.000000 -0.000000
99  -0.000002 -0.000000 0.000000  3.141590 -0.000000 0.255978
100  1.704618 1.493419 1.937660  -1.544954 -1.855079 0.063449
101  -0.000001 0.000001 0.000000  0.000000 0.000000 0.000001
102  1.704624 1.493426 -1.937611  1.473111 1.855076 0.063436
103  -0.000003 0.000003 0.000001  0.000000 0.000000 -0.000001
104  7.723854 1.956159 58.484589  1.570796 -0.000000 0.000000
105  0.000000 0.000001 -0.000000  0.000000 -0.000000 0.000000
106  14.952688 -17.686636 -0.395722  0.000001 -0.000000 0.000000
107  0.000000 9.000000 -0.000003  0.000000 -0.000000 0.000000
108  0.000000 0.000001 -0.000000  0.000000 -0.000000 0.000000
109  0.000000 0.000002 -9.999998  0.000000 -0.000000 0.000000
110  0.000000 0.000002 0.000000  0.000001 -0.000000 0.000000
111  15.264428 2.505456 49.565292  -0.015813 0.868860 -0.020712
112  11.481673 -0.000034 -0.000029  1.573178 -0.106616 0.044195
113  -0.000001 0.000004 0.000000  -0.000000 0.000000 0.000002
114  -0.000001 0.000000 0.000000  -0.000000 -0.000000 0.000000
115  -0.000001 0.000000 0.000000  0.000000 0.000000 0.000000
116  -7.723807 1.956140 58.484608  1.570796 -0.000000 0.000000
117  0.000000 0.000001 -0.000000  0.000000 -0.000000 0.000000
118  -14.952740 -17.686594 -0.395684  0.000001 -0.000000 0.000000
119  0.000000 9.000000 -0.000003  0.000000 -0.000000 0.000000
120  0.000000 0.000024 -0.000000  0.000000 -0.000000 0.000000
121  0.000000 -0.000021 -9.999999  0.000000 -0.000000 0.000000
122  0.000000 0.000002 0.000000  0.000001 -0.000000 0.000000
123  -15.264407 2.505418 49.565334  0.015813 2.272735 0.020712
124  11.481701 -0.000054 -0.000002  -1.564933 0.106603 0.044183
125  -0.000003 -0.000001 -0.000000  -0.000000 0.000000 -0.000003
126  0.000003 0.000001 -0.000000  -0.000000 -0.000000 -0.000000
127  0.000003 0.000001 0.000000  0.000000 0.000000 -0.000000
128  3.890447 -0.533611 38.566914  1.570796 -0.000000 0.000000
129  0.000000 -0.000000 0.000000  0.000000 -0.000000 0.000000
130  0.000000 -0.000002 -9.999999  0.000000 -0.000000 0.000000
131  0.000000 -0.000002 -0.000000  0.000000 -0.000000 0.000000
132  -3.890457 -0.533622 38.566921  1.570796 -0.000000 0.000000
133  0.000000 -0.000000 0.000000  0.000000 -0.000000 0.000000
134  0.000000 -0.000002 -9.999999  0.000000 -0.000000 0.000000
135  0.000000 -0.000002 -0.000000  0.000000 -0.000000 0.000000
time 37
0  0.000000 0.000000 0.000000  1.570796 -0.000000 0.000000
1  -3.123538 -7.516459 32.659340  1.855993 0.051464 0.686904
2  -0.000001 -0.000003 0.000000  -0.000000 0.000000 -0.000000
3  3.890452 -0.000007 -0.000002  -1.131109 -0.899017 -1.643392
4  17.848173 0.000005 -0.000001  -0.000000 -0.000000 1.200712
5  15.638507 0.000001 -0.000001  0.298933 0.587427 -1.483163
6  7.109930 -0.000000 0.000001  -0.007119 -0.003131 -0.631738
7  -3.890452 0.000001 0.000007  -0.803482 -0.034209 -1.497030
8  17.848175 -0.000001 -0.000001  0.000000 0.000000 0.939635
9  15.638510 -0.000001 0.000002  -0.074791 -0.510699 -0.771668
10  7.109930 -0.000001 -0.000001  -0.081154 -0.003131 -0.631749
11  -0.044717 2.528781 4.661499  -0.042784 -0.000222 0.017475
12  4.041915 4.954660 -8.467938  -0.000000 -0.392699 -0.000000
13  -0.164064 3.341221 -2.981903  1.561473 0.086350 1.583208
14  4.018330 0.000000 0.000000  0.140639 -0.127025 0.334280
15  3.518559 -0.000002 -0.000001  0.155772 -0.155548 0.405700
16  8.942644 0.000006 -0.000000  0.049279 -0.057466 0.027702
17  3.306645 -0.000002 -0.000001  3.138800 0.000567 0.400476
18  3.593708 -0.000005 -0.000003  -0.949721 -0.255411 0.934037
19  2.033349 1.000764 1.101697  0.262995 -1.814191 -2.026307
20  6.809416 0.000005 -0.000001  -1.763990 -0.314557 0.017166
21  12.391792 0.000005 -0.000005  0.000000 -0.000000 -1.952012
22  9.337077 -0.000002 -0.000032  1.036081 -0.777220 0.208742
23  3.859709 -0.142427 -1.191951  -0.513267 0.072291 -1.288225
24  1.312562 -0.000002 0.000005  -0.163028 0.224047 -1.466962
25  0.729358 0.000007 -0.000001  -0.068871 0.147979 -0.913117
26  3.942327 0.046743 -0.431426  -0.157261 0.007109 -0.685616
27  1.539091 0.000006 -0.000004  -0.068563 0.062695 -1.808644
28  1.196322 0.000009 -0.000003  -0.005433 0.026725 -0.524005
29  4.454023 -0.070202 0.572074  0.095490 -0.008587 -0.706335
30  1.426597 -0.000006 0.000001  0.055908 -0.087976 -1.504206
31  1.322467 -0.000001 -0.000000  0.009312 -0.033625 -0.575065
32  4.477062 -0.028570 1.582473  0.481653 -0.035390 -1.246096
33  1.344416 0.000003 0.000000  0.023466 -0.208305 -0.755723
34  1.224676 0.000003 -0.000004  0.026043 -0.124620 -0.538676
35  2.630323 -0.345016 1.907211  -0.354022 -0.915164 -1.788195
36  1.059289 -0.000002 -0.000000  -0.001067 -0.012855 0.250988
37  0.781213 0.000001 0.000001  -0.000096 -0.003210 0.062757
38  2.033358 1.000770 -1.101646  2.526073 1.006368 0.762189
39  6.809416 -0.000002 0.000001  1.635409 0.855822 -0.337978
40  12.391794 0.000006 -0.000001  -0.000000 -0.000000 -1.116613
41  9.337106 -0.000004 -0.000002  -2.027825 -0.296946 0.442074
42  3.859661 -0.132559 1.193137  0.388156 -0.328015 -0.506770
43  1.312563 -0.000005 0.000005  -0.002572 -0.011651 -0.222484
44  0.729358 0.000003 0.000002  -0.001323 -0.005986 -0.027099
45  3.942287 0.050340 0.431072  0.109943 -0.135102 -0.395239
46  1.539095 -0.000005 -0.000002  -0.001262 -0.005713 -0.030597
47  1.196324 -0.000004 0.000005  -0.002081 -0.009430 -0.213583
48  4.453985 -0.073770 -0.571671  -0.094846 0.045887 -0.189953
49  1.426598 -0.000004 0.000000  0.023010 0.009835 -0.124899
50  1.322463 -0.000004 0.000002  0.000132 0.006900 -0.125078
51  4.477034 -0.043467 -1.581291  -0.362473 0.197830 -0.209255
52  1.344415 -0.000002 -0.000001  0.055345 0.038221 -0.128563
53  1.224675 0.000005 0.000004  0.006136 0.030748 -0.130558
54  2.630290 -0.359833 -1.904286  1.003320 0.678798 -1.038832
55  1.059291 -0.000004 0.000004  -0.000599 -0.000009 0.000000
56  0.781206 -0.000003 0.000002  -0.000000 -0.000006 0.000002
57  4.069501 1.811269 4.279048  1.570796 -0.000000 0.000000
58  0.000000 -0.000000 -0.000000  0.000000 0.052360 0.000000
59  0.032300 -4.377938 -4.331139  -0.000000 -0.000000 0.000000
60  -0.002340 -4.618855 4.848104  -0.000000 0.000937 -0.001514
61  -0.000000 0.000000 -0.000000  0.000000 -0.000000 0.000000
62  -0.014019 -4.136677 -0.422642  0.000001 -0.000000 0.000000
63  0.014022 0.341392 9.682304  0.000000 0.000937 -0.001514
64  0.003298 0.000005 -3.521831  0.000000 -0.000000 -0.000000
65  -0.000369 3.795277 -5.737836  0.000000 -0.000000 0.000000
66  -0.000000 0.000000 0.000000  -0.000001 0.000000 0.000000
67  -0.000000 -0.000000 -0.000000  -0.000000 -0.000000 -0.000000
68  -0.000000 0.000000 -0.000000  -0.000000 0.000000 0.000000
69  0.000003 -3.795290 9.259664  -0.000000 0.000937 -0.001514
70  7.999999 0.000001 -0.000000  0.000001 -0.052360 -0.000000
71  -4.069616 1.811259 4.279059  1.570796 -0.000000 0.000000
72  0.000000 -0.000000 -0.000000  0.000000 -0.052360 0.000000
73  0.000003 -3.795289 9.259665  -0.001320 -0.008192 0.060729
74  0.000000 0.000000 0.000000  0.000000 0.000000 0.000000
75  0.014020 -4.136677 -0.422641  0.000001 0.000000 -0.000000
76  -0.014018 0.341393 9.682305  -0.000000 0.000937 -0.001514
77  0.003297 0.000005 -3.521831  0.000000 -0.000000 -0.000000
78  -0.000369 3.795275 -5.737837  0.000000 0.000000 0.000000
79  -0.000000 0.000000 0.000000  -0.000000 0.000000 0.000000
80  -0.000000 0.000000 -0.000000  -0.000000 -0.000000 -0.000000
81  0.000000 0.000000 0.000000  -0.000000 -0.000000 -0.000000
82  -0.062978 -4.612901 4.868224  -0.000000 0.000937 -0.001514
83  0.032300 -4.377938 -4.331139  -0.000000 0.000000 -0.000000
84  -8.000000 0.000001 0.000000  0.000001 0.052360 0.000000
85  0.000156 0.385903 39.987263  1.570796 -0.000000 0.000000
86  -0.000161 -1.420346 0.919518  0.000000 -0.000000 0.000000
87  0.000005 3.345128 -2.981901  1.570796 0.083187 1.570796
88  0.000000 -0.000000 -0.000000  0.000000 0.000000 0.000000
89  0.000003 0.000000 -0.000000  -0.000000 -0.000000 -0.003106
90  4.018316 -0.012484 -0.000000  -0.000000 -0.000000 -0.000000
91  0.000005 -0.000000 0.000000  -0.000000 0.000000 -0.032354
92  3.516729 -0.113802 -0.000000  0.000000 -0.000000 -0.000000
93  0.000002 -0.000000 0.000000  0.000000 0.000000 0.067981
94  8.921986 0.607517 -0.000001  -0.000000 -0.000000 -0.000000
95  -0.000000 -0.000000 0.000000  0.000000 0.000000 0.262078
96  3.194337 0.856892 -0.000000  0.000000 -0.000000 -0.000000
97  0.000001 0.000000 0.000000  3.141590 -0.000000 0.662566
98  2.833353 2.210629 -0.000000  0.000000 -0.000000 -0.000000
99  -0.000002 -0.000000 0.000000  3.141590 -0.000000 0.255978
100  1.704618 1.493419 1.937660  -1.544954 -1.855079 0.063449
101  -0.000001 0.000001 0.000000  0.000000 0.000000 0.000001
102  1.704624 1.493426 -1.937611  1.473111 1.855076 0.063436
103  -0.000003 0.000003 0.000001  0.000000 0.000000 -0.000001
104  7.723854 1.956159 58.484589  1.570796 -0.000000 0.000000
105  0.000000 0.000001 -0.000000  0.000000 -0.000000 0.000000
106  14.952688 -17.686636 -0.395722  0.000001 -0.000000 0.000000
107  0.000000 9.000000 -0.000003  0.000000 -0.000000 0.000000
108  0.000000 0.000001 -0.000000  0.000000 -0.000000 0.000000
109  0.000000 0.000002 -9.999998  0.000000 -0.000000 0.000000
110  0.000000 0.000002 0.000000  0.000001 -0.000000 0.000000
111  15.264428 2.505456 49.565292  -0.015813 0.868860 -0.020712
112  11.481673 -0.000034 -0.000029  1.573178 -0.106616 0.044195
113  -0.000001 0.000004 0.000000  -0.000000 0.000000 0.000002
114  -0.000001 0.000000 0.000000  -0.000000 -0.000000 0.000000
115  -0.000001 0.000000 0.000000  0.000000 0.000000 0.000000
116  -7.723807 1.956140 58.484608  1.570796 -0.000000 0.000000
117  0.000000 0.000001 -0.000000  0.000000 -0.000000 0.000000
118  -14.952740 -17.686594 -0.395684  0.000001 -0.000000 0.000000
119  0.000000 9.000000 -0.000003  0.000000 -0.000000 0.000000
120  0.000000 0.000024 -0.000000  0.000000 -0.000000 0.000000
121  0.000000 -0.000021 -9.999999  0.000000 -0.000000 0.000000
122  0.000000 0.000002 0.000000  0.000001 -0.000000 0.000000
123  -15.264407 2.505418 49.565334  0.015813 2.272735 0.020712
124  11.481701 -0.000054 -0.000002  -1.564933 0.106603 0.044183
125  -0.000003 -0.000001 -0.000000  -0.000000 0.000000 -0.000003
126  0.000003 0.000001 -0.000000  -0.000000 -0.000000 -0.000000
127  0.000003 0.000001 0.000000  0.000000 0.000000 -0.000000
128  3.890447 -0.533611 38.566914  1.570796 -0.000000 0.000000
129  0.000000 -0.000000 0.000000  0.000000 -0.000000 0.000000
130  0.000000 -0.000002 -9.999999  0.000000 -0.000000 0.000000
131  0.000000 -0.000002 -0.000000  0.000000 -0.000000 0.000000
132  -3.890457 -0.533622 38.566921  1.570796 -0.000000 0.000000
133  0.000000 -0.000000 0.000000  0.000000 -0.000000 0.000000
134  0.000000 -0.000002 -9.999999  0.000000 -0.000000 0.000000
135  0.000000 -0.000002 -0.000000  0.000000 -0.000000 0.000000
time 38
0  0.000000 0.000000 0.000000  1.570796 -0.000000 0.000000
1  -3.115725 -7.577403 31.908030  1.890315 0.030537 0.707290
2  -0.000000 -0.000003 -0.000000  0.000000 -0.000000 0.000000
3  3.890452 -0.000005 -0.000003  -1.168235 -0.975050 -1.657192
4  17.848177 0.000003 0.000000  0.000000 -0.000000 1.267132
5  15.638506 -0.000000 -0.000001  0.350713 0.638738 -1.488376
6  7.109929 -0.000000 0.000002  -0.007119 -0.003131 -0.631738
7  -3.890452 0.000002 0.000006  -0.804531 -0.046411 -1.532411
8  17.848173 -0.000001 -0.000001  0.000000 -0.000000 0.984558
9  15.638512 0.000001 -0.000001  -0.083037 -0.538414 -0.828777
10  7.109931 -0.000000 0.000000  -0.081154 -0.003131 -0.631749
11  -0.044717 2.528779 4.661500  -0.042914 0.003685 0.010982
12  4.041914 4.954657 -8.467938  0.000000 -0.392699 0.000000
13  -0.097655 3.345125 -2.981901  1.565299 0.086435 1.576057
14  4.018332 0.000000 -0.000000  0.145385 -0.131819 0.354352
15  3.518567 -0.000004 -0.000001  0.163111 -0.157262 0.422231
16  8.942643 0.000006 0.000001  0.056981 -0.048861 0.016040
17  3.306643 -0.000006 0.000002  3.138800 0.000567 0.400476
18  3.593711 0.000002 -0.000001  -0.978620 -0.214424 0.965932
19  2.033345 1.000765 1.101699  0.258822 -1.807645 -2.021457
20  6.809414 0.000002 0.000003  -1.853119 -0.361806 0.030702
21  12.391797 0.000002 -0.000000  -0.000000 -0.000000 -1.978584
22  9.337074 -0.000002 -0.000026  0.981925 -0.746082 0.259283
23  3.859701 -0.142429 -1.191960  -0.513267 0.072291 -1.288225
24  1.312562 -0.000006 0.000005  -0.163028 0.224047 -1.466962
25  0.729365 -0.000000 0.000003  -0.068871 0.147979 -0.913117
26  3.942326 0.046744 -0.431425  -0.157261 0.007109 -0.685616
27  1.539093 0.000011 -0.000011  -0.068563 0.062695 -1.808644
28  1.196321 0.000006 0.000001  -0.005433 0.026725 -0.524005
29  4.454022 -0.070199 0.572076  0.095490 -0.008587 -0.706335
30  1.426599 -0.000004 0.000000  0.055908 -0.087976 -1.504206
31  1.322465 -0.000002 0.000001  0.009312 -0.033625 -0.575065
32  4.477061 -0.028573 1.582470  0.481653 -0.035390 -1.246096
33  1.344416 -0.000001 0.000004  0.023466 -0.208305 -0.755723
34  1.224676 0.000002 -0.000005  0.026043 -0.124620 -0.538676
35  2.630322 -0.345014 1.907215  -0.354022 -0.915164 -1.788195
36  1.059286 -0.000003 0.000004  -0.001067 -0.012855 0.250988
37  0.781212 0.000002 0.000004  -0.000096 -0.003210 0.062757
38  2.033356 1.000767 -1.101644  2.512671 1.012156 0.750494
39  6.809414 -0.000001 -0.000005  1.678664 0.938909 -0.329978
40  12.391794 0.000002 -0.000002  0.000000 -0.000000 -1.434002
41  9.337107 0.000001 0.000004  -1.762458 -0.108990 0.312038
42  3.859660 -0.132555 1.193138  0.449450 -0.233428 -0.726939
43  1.312565 -0.000007 0.000001  -0.001983 -0.011765 -0.272779
44  0.729357 0.000000 -0.000000  -0.001020 -0.006045 -0.077392
45  3.942289 0.050340 0.431070  0.139805 -0.103881 -0.644432
46  1.539098 -0.000006 -0.000002  -0.000973 -0.005769 -0.080889
47  1.196324 -0.000002 0.000003  -0.001604 -0.009523 -0.263877
48  4.453982 -0.073764 -0.571675  -0.101833 0.033950 -0.426656
49  1.426600 -0.000002 -0.000002  0.018420 0.028219 -0.365232
50  1.322462 -0.000002 -0.000001  -0.003092 0.019772 -0.365718
51  4.477034 -0.043463 -1.581290  -0.442446 0.168684 -0.453605
52  1.344416 -0.000004 -0.000004  0.038758 0.104640 -0.359845
53  1.224674 0.000001 0.000004  -0.007370 0.084139 -0.364916
54  2.630292 -0.359832 -1.904286  0.921667 0.500485 -1.130623
55  1.059288 -0.000000 0.000005  -0.000599 -0.000009 0.000000
56  0.781204 0.000000 0.000001  -0.000000 -0.000006 0.000002
57  4.069501 1.811269 4.279048  1.570796 -0.000000 0.000000
58  0.000000 -0.000000 -0.000000  0.000000 0.052360 0.000000
59  0.032300 -4.377938 -4.331139  -0.000000 -0.000000 0.000000
60  -0.002340 -4.618855 4.848104  -0.000000 0.000937 -0.001514
61  -0.000000 0.000000 -0.000000  0.000000 -0.000000 0.000000
62  -0.014019 -4.136677 -0.422642  0.000001 -0.000000 0.000000
63  0.014022 0.341392 9.682304  0.000000 0.000937 -0.001514
64  0.003298 0.000005 -3.521831  0.000000 -0.000000 -0.000000
65  -0.000369 3.795277 -5.737836  0.000000 -0.000000 0.000000
66  -0.000000 0.000000 0.000000  -0.000001 0.000000 0.000000
67  -0.000000 -0.000000 -0.000000  -0.000000 -0.000000 -0.000000
68  -0.000000 0.000000 -0.000000  -0.000000 0.000000 0.000000
69  0.000003 -3.795290 9.259664  -0.000000 0.000937 -0.001514
70  7.999999 0.000001 -0.000000  0.000001 -0.052360 -0.000000
71  -4.069616 1.811259 4.279059  1.570796 -0.000000 0.000000
72  0.000000 -0.000000 -0.000000  0.000000 -0.052360 0.000000
73  0.000003 -3.795289 9.259665  -0.001320 -0.008192 0.060729
74  0.000000 0.000000 0.000000  0.000000 0.000000 0.000000
75  0.014020 -4.136677 -0.422641  0.000001 0.000000 -0.000000
76  -0.014018 0.341393 9.682305  -0.000000 0.000937 -0.001514
77  0.003297 0.000005 -3.521831  0.000000 -0.000000 -0.000000
78  -0.000369 3.795275 -5.737837  0.000000 0.000000 0.000000
79  -0.000000 0.000000 0.000000  -0.000000 0.000000 0.000000
80  -0.000000 0.000000 -0.000000  -0.000000 -0.000000 -0.000000
81  0.000000 0.000000 0.000000  -0.000000 -0.000000 -0.000000
82  -0.062978 -4.612901 4.868224  -0.000000 0.000937 -0.001514
83  0.032300 -4.377938 -4.331139  -0.000000 0.000000 -0.000000
84  -8.000000 0.000001 0.000000  0.000001 0.052360 0.000000
85  0.000156 0.385903 39.987263  1.570796 -0.000000 0.000000
86  -0.000161 -1.420346 0.919518  0.000000 -0.000000 0.000000
87  0.000005 3.345128 -2.981901  1.570796 0.083187 1.570796
88  0.000000 -0.000000 -0.000000  0.000000 0.000000 0.000000
89  0.000003 0.000000 -0.000000  -0.000000 -0.000000 -0.003106
90  4.018316 -0.012484 -0.000000  -0.000000 -0.000000 -0.000000
91  0.000005 -0.000000 0.000000  -0.000000 0.000000 -0.032354
92  3.516729 -0.113802 -0.000000  0.000000 -0.000000 -0.000000
93  0.000002 -0.000000 0.000000  0.000000 0.000000 0.067981
94  8.921986 0.607517 -0.000001  -0.000000 -0.000000 -0.000000
95  -0.000000 -0.000000 0.000000  0.000000 0.000000 0.262078
96  3.194337 0.856892 -0.000000  0.000000 -0.000000 -0.000000
97  0.000001 0.000000 0.000000  3.141590 -0.000000 0.662566
98  2.833353 2.210629 -0.000000  0.000000 -0.000000 -0.000000
99  -0.000002 -0.000000 0.000000  3.141590 -0.000000 0.255978
100  1.704618 1.493419 1.937660  -1.544954 -1.855079 0.063449
101  -0.000001 0.000001 0.000000  0.000000 0.000000 0.000001
102  1.704624 1.493426 -1.937611  1.473111 1.855076 0.063436
103  -0.000003 0.000003 0.000001  0.000000 0.000000 -0.000001
104  7.723854 1.956159 58.484589  1.570796 -0.000000 0.000000
105  0.000000 0.000001 -0.000000  0.000000 -0.000000 0.000000
106  14.952688 -17.686636 -0.395722  0.000001 -0.000000 0.000000
107  0.000000 9.000000 -0.000003  0.000000 -0.000000 0.000000
108  0.000000 0.000001 -0.000000  0.000000 -0.000000 0.000000
109  0.000000 0.000002 -9.999998  0.000000 -0.000000 0.000000
110  0.000000 0.000002 0.000000  0.000001 -0.000000 0.000000
111  15.264428 2.505456 49.565292  -0.015813 0.868860 -0.020712
112  11.481673 -0.000034 -0.000029  1.573178 -0.106616 0.044195
113  -0.000001 0.000004 0.000000  -0.000000 0.000000 0.000002
114  -0.000001 0.000000 0.000000  -0.000000 -0.000000 0.000000
115  -0.000001 0.000000 0.000000  0.000000 0.000000 0.000000
116  -7.723807 1.956140 58.484608  1.570796 -0.000000 0.000000
117  0.000000 0.000001 -0.000000  0.000000 -0.000000 0.000000
118  -14.952740 -17.686594 -0.395684  0.000001 -0.000000 0.000000
119  0.000000 9.000000 -0.000003  0.000000 -0.000000 0.000000
120  0.000000 0.000024 -0.000000  0.000000 -0.000000 0.000000
121  0.000000 -0.000021 -9.999999  0.000000 -0.000000 0.000000
122  0.000000 0.000002 0.000000  0.000001 -0.000000 0.000000
123  -15.264407 2.505418 49.565334  0.015813 2.272735 0.020712
124  11.481701 -0.000054 -0.000002  -1.564933 0.106603 0.044183
125  -0.000003 -0.000001 -0.000000  -0.000000 0.000000 -0.000003
126  0.000003 0.000001 -0.000000  -0.000000 -0.000000 -0.000000
127  0.000003 0.000001 0.000000  0.000000 0.000000 -0.000000
128  3.890447 -0.533611 38.566914  1.570796 -0.000000 0.000000
129  0.000000 -0.000000 0.000000  0.000000 -0.000000 0.000000
130  0.000000 -0.000002 -9.999999  0.000000 -0.000000 0.000000
131  0.000000 -0.000002 -0.000000  0.000000 -0.000000 0.000000
132  -3.890457 -0.533622 38.566921  1.570796 -0.000000 0.000000
133  0.000000 -0.000000 0.000000  0.000000 -0.000000 0.000000
134  0.000000 -0.000002 -9.999999  0.000000 -0.000000 0.000000
135  0.000000 -0.000002 -0.000000  0.000000 -0.000000 0.000000
time 39
0  0.000000 0.000000 0.000000  1.570796 -0.000000 0.000000
1  -3.080568 -7.618032 31.218472  1.914699 0.009286 0.718488
2  -0.000001 -0.000000 -0.000001  -0.000000 -0.000000 0.000000
3  3.890452 -0.000002 -0.000003  -1.214809 -1.034665 -1.662559
4  17.848175 0.000003 0.000001  0.000000 -0.000000 1.324627
5  15.638506 0.000001 0.000000  0.401606 0.681895 -1.488485
6  7.109930 -0.000000 0.000001  -0.007119 -0.003131 -0.631738
7  -3.890453 0.000005 0.000006  -0.807487 -0.054628 -1.564764
8  17.848173 0.000000 0.000000  0.000000 -0.000000 1.028993
9  15.638510 0.000000 0.000001  -0.093321 -0.548334 -0.884358
10  7.109930 -0.000001 0.000000  -0.081154 -0.003131 -0.631749
11  -0.044718 2.528784 4.661499  -0.042979 0.008164 0.003447
12  4.041915 4.954660 -8.467940  -0.000000 -0.392699 0.000000
13  -0.023434 3.345126 -2.981901  1.569557 0.086492 1.568018
14  4.018333 -0.000001 0.000000  0.147985 -0.134887 0.371015
15  3.518562 -0.000001 -0.000000  0.167976 -0.157214 0.435676
16  8.942640 0.000010 0.000000  0.063462 -0.040484 0.005256
17  3.306640 0.000003 0.000002  3.138800 0.000567 0.400476
18  3.593710 -0.000002 -0.000002  -0.993429 -0.173629 0.990022
19  2.033345 1.000768 1.101699  0.254826 -1.801588 -2.016787
20  6.809415 -0.000000 -0.000004  -1.932684 -0.403762 0.038938
21  12.391794 0.000003 0.000001  0.000000 -0.000000 -2.006023
22  9.337077 0.000001 -0.000027  0.932319 -0.714319 0.306075
23  3.859708 -0.142429 -1.191952  -0.513267 0.072291 -1.288225
24  1.312560 -0.000007 0.000003  -0.163028 0.224047 -1.466962
25  0.729369 0.000003 -0.000002  -0.068871 0.147979 -0.913117
26  3.942325 0.046741 -0.431418  -0.157261 0.007109 -0.685616
27  1.539091 0.000010 -0.000009  -0.068563 0.062695 -1.808644
28  1.196326 0.000004 -0.000006  -0.005433 0.026725 -0.524005
29  4.454024 -0.070201 0.572076  0.095490 -0.008587 -0.706335
30  1.426599 0.000001 -0.000000  0.055908 -0.087976 -1.504206
31  1.322464 -0.000003 0.000007  0.009312 -0.033625 -0.575065
32  4.477065 -0.028569 1.582476  0.481653 -0.035390 -1.246096
33  1.344417 0.000003 -0.000002  0.023466 -0.208305 -0.755723
34  1.224670 -0.000002 -0.000006  0.026043 -0.124620 -0.538676
35  2.630325 -0.345012 1.907217  -0.354022 -0.915164 -1.788195
36  1.059286 -0.000002 0.000005  -0.001067 -0.012855 0.250988
37  0.781211 0.000004 0.000000  -0.000096 -0.003210 0.062757
38  2.033355 1.000773 -1.101645  2.493430 1.021142 0.734103
39  6.809417 -0.000005 0.000000  1.761481 1.020637 -0.300300
40  12.391794 0.000000 0.000003  0.000000 -0.000000 -1.759508
41  9.337106 0.000001 -0.000001  -1.460160 0.143801 0.233118
42  3.859661 -0.132558 1.193140  0.472041 -0.179962 -0.836870
43  1.312564 -0.000002 0.000005  -0.001045 -0.011885 -0.352070
44  0.729362 0.000000 0.000007  -0.000538 -0.006106 -0.156679
45  3.942289 0.050342 0.431072  0.151501 -0.085849 -0.767754
46  1.539096 -0.000009 -0.000002  -0.000513 -0.005828 -0.160176
47  1.196320 -0.000000 0.000008  -0.000845 -0.009620 -0.343165
48  4.453985 -0.073766 -0.571673  -0.107393 0.023919 -0.679493
49  1.426597 0.000002 -0.000003  0.008042 0.047119 -0.638993
50  1.322466 -0.000003 0.000001  -0.010367 0.033015 -0.639765
51  4.477034 -0.043463 -1.581293  -0.516355 0.118456 -0.705497
52  1.344414 -0.000004 0.000001  0.002181 0.172329 -0.623099
53  1.224671 0.000005 0.000002  -0.037044 0.138418 -0.630440
54  2.630290 -0.359831 -1.904288  0.860212 0.304657 -1.204178
55  1.059290 -0.000002 0.000003  -0.000599 -0.000009 0.000000
56  0.781202 -0.000004 -0.000000  0.000000 -0.000006 0.000002
57  4.069501 1.811269 4.279048  1.570796 -0.000000 0.000000
58  0.000000 -0.000000 -0.000000  0.000000 0.052360 0.000000
59  0.032300 -4.377938 -4.331139  -0.000000 -0.000000 0.000000
60  -0.002340 -4.618855 4.848104  -0.000000 0.000937 -0.001514
61  -0.000000 0.000000 -0.000000  0.000000 -0.000000 0.000000
62  -0.014019 -4.136677 -0.422642  0.000001 -0.000000 0.000000
63  0.014022 0.341392 9.682304  0.000000 0.000937 -0.001514
64  0.003298 0.000005 -3.521831  0.000000 -0.000000 -0.000000
65  -0.000369 3.795277 -5.737836  0.000000 -0.000000 0.000000
66  -0.000000 0.000000 0.000000  -0.000001 0.000000 0.000000
67  -0.000000 -0.000000 -0.000000  -0.000000 -0.000000 -0.000000
68  -0.000000 0.000000 -0.000000  -0.000000 0.000000 0.000000
69  0.000003 -3.795290 9.259664  -0.000000 0.000937 -0.001514
70  7.999999 0.000001 -0.000000  0.000001 -0.052360 -0.000000
71  -4.069616 1.811259 4.279059  1.570796 -0.000000 0.000000
72  0.000000 -0.000000 -0.000000  0.000000 -0.052360 0.000000
73  0.000003 -3.795289 9.259665  -0.001320 -0.008192 0.060729
74  0.000000 0.000000 0.000000  0.000000 0.000000 0.000000
75  0.014020 -4.136677 -0.422641  0.000001 0.000000 -0.000000
76  -0.014018 0.341393 9.682305  -0.000000 0.000937 -0.001514
77  0.003297 0.000005 -3.521831  0.000000 -0.000000 -0.000000
78  -0.000369 3.795275 -5.737837  0.000000 0.000000 0.000000
79  -0.000000 0.000000 0.000000  -0.000000 0.000000 0.000000
80  -0.000000 0.000000 -0.000000  -0.000000 -0.000000 -0.000000
81  0.000000 0.000000 0.000000  -0.000000 -0.000000 -0.000000
82  -0.062978 -4.612901 4.868224  -0.000000 0.000937 -0.001514
83  0.032300 -4.377938 -4.331139  -0.000000 0.000000 -0.000000
84  -8.000000 0.000001 0.000000  0.000001 0.052360 0.000000
85  0.000156 0.385903 39.987263  1.570796 -0.000000 0.000000
86  -0.000161 -1.420346 0.919518  0.000000 -0.000000 0.000000
87  0.000005 3.345128 -2.981901  1.570796 0.083187 1.570796
88  0.000000 -0.000000 -0.000000  0.000000 0.000000 0.000000
89  0.000003 0.000000 -0.000000  -0.000000 -0.000000 -0.003106
90  4.018316 -0.012484 -0.000000  -0.000000 -0.000000 -0.000000
91  0.000005 -0.000000 0.000000  -0.000000 0.000000 -0.032354
92  3.516729 -0.113802 -0.000000  0.000000 -0.000000 -0.000000
93  0.000002 -0.000000 0.000000  0.000000 0.000000 0.067981
94  8.921986 0.607517 -0.000001  -0.000000 -0.000000 -0.000000
95  -0.000000 -0.000000 0.000000  0.000000 0.000000 0.262078
96  3.194337 0.856892 -0.000000  0.000000 -0.000000 -0.000000
97  0.000001 0.000000 0.000000  3.141590 -0.000000 0.662566
98  2.833353 2.210629 -0.000000  0.000000 -0.000000 -0.000000
99  -0.000002 -0.000000 0.000000  3.141590 -0.000000 0.255978
100  1.704618 1.493419 1.937660  -1.544954 -1.855079 0.063449
101  -0.000001 0.000001 0.000000  0.000000 0.000000 0.000001
102  1.704624 1.493426 -1.937611  1.473111 1.855076 0.063436
103  -0.000003 0.000003 0.000001  0.000000 0.000000 -0.000001
104  7.723854 1.956159 58.484589  1.570796 -0.000000 0.000000
105  0.000000 0.000001 -0.000000  0.000000 -0.000000 0.000000
106  14.952688 -17.686636 -0.395722  0.000001 -0.000000 0.000000
107  0.000000 9.000000 -0.000003  0.000000 -0.000000 0.000000
108  0.000000 0.000001 -0.000000  0.000000 -0.000000 0.000000
109  0.000000 0.000002 -9.999998  0.000000 -0.000000 0.000000
110  0.000000 0.000002 0.000000  0.000001 -0.000000 0.000000
111  15.264428 2.505456 49.565292  -0.015813 0.868860 -0.020712
112  11.481673 -0.000034 -0.000029  1.573178 -0.106616 0.044195
113  -0.000001 0.000004 0.000000  -0.000000 0.000000 0.000002
114  -0.000001 0.000000 0.000000  -0.000000 -0.000000 0.000000
115  -0.000001 0.000000 0.000000  0.000000 0.000000 0.000000
116  -7.723807 1.956140 58.484608  1.570796 -0.000000 0.000000
117  0.000000 0.000001 -0.000000  0.000000 -0.000000 0.000000
118  -14.952740 -17.686594 -0.395684  0.000001 -0.000000 0.000000
119  0.000000 9.000000 -0.000003  0.000000 -0.000000 0.000000
120  0.000000 0.000024 -0.000000  0.000000 -0.000000 0.000000
121  0.000000 -0.000021 -9.999999  0.000000 -0.000000 0.000000
122  0.000000 0.000002 0.000000  0.000001 -0.000000 0.000000
123  -15.264407 2.505418 49.565334  0.015813 2.272735 0.020712
124  11.481701 -0.000054 -0.000002  -1.564933 0.106603 0.044183
125  -0.000003 -0.000001 -0.000000  -0.000000 0.000000 -0.000003
126  0.000003 0.000001 -0.000000  -0.000000 -0.000000 -0.000000
127  0.000003 0.000001 0.000000  0.000000 0.000000 -0.000000
128  3.890447 -0.533611 38.566914  1.570796 -0.000000 0.000000
129  0.000000 -0.000000 0.000000  0.000000 -0.000000 0.000000
130  0.000000 -0.000002 -9.999999  0.000000 -0.000000 0.000000
131  0.000000 -0.000002 -0.000000  0.000000 -0.000000 0.000000
132  -3.890457 -0.533622 38.566921  1.570796 -0.000000 0.000000
133  0.000000 -0.000000 0.000000  0.000000 -0.000000 0.000000
134  0.000000 -0.000002 -9.999999  0.000000 -0.000000 0.000000
135  0.000000 -0.000002 -0.000000  0.000000 -0.000000 0.000000
time 40
0  0.000000 0.000000 0.000000  1.570796 -0.000000 0.000000
1  -3.018065 -7.618032 30.652412  1.929481 -0.010071 0.720594
2  -0.000000 0.000002 -0.000000  0.000000 0.000000 0.000000
3  3.890452 0.000001 -0.000002  -1.267969 -1.076443 -1.658246
4  17.848175 0.000007 -0.000001  -0.000000 -0.000000 1.370346
5  15.638507 0.000002 -0.000000  0.447150 0.714369 -1.484876
6  7.109930 -0.000002 0.000001  -0.007119 -0.003131 -0.631738
7  -3.890451 0.000008 0.000006  -0.798906 -0.060532 -1.597211
8  17.848171 -0.000000 -0.000001  0.000000 -0.000000 1.079034
9  15.638510 -0.000000 -0.000000  -0.106477 -0.534181 -0.931343
10  7.109930 0.000000 0.000001  -0.081154 -0.003131 -0.631749
11  -0.044717 2.528785 4.661500  -0.042979 0.012516 -0.003768
12  4.041916 4.954665 -8.467938  0.000000 -0.392699 0.000000
13  0.039069 3.345131 -2.981901  1.573706 0.086492 1.560039
14  4.018335 -0.000001 -0.000000  0.148753 -0.136516 0.384408
15  3.518559 0.000001 -0.000001  0.170618 -0.155920 0.446318
16  8.942645 0.000004 -0.000000  0.068694 -0.032754 -0.004085
17  3.306646 -0.000000 0.000000  3.138800 0.000567 0.400476
18  3.593709 -0.000000 -0.000004  -0.995538 -0.135512 1.008907
19  2.033349 1.000769 1.101699  0.251008 -1.796165 -2.012475
20  6.809416 0.000003 -0.000003  -2.002495 -0.440326 0.043198
21  12.391796 -0.000001 0.000001  -0.000000 0.000000 -2.033777
22  9.337076 -0.000000 -0.000022  0.886817 -0.682622 0.348539
23  3.859706 -0.142432 -1.191954  -0.513267 0.072291 -1.288225
24  1.312559 0.000000 0.000003  -0.163028 0.224047 -1.466962
25  0.729365 0.000000 0.000004  -0.068871 0.147979 -0.913117
26  3.942323 0.046740 -0.431423  -0.157261 0.007109 -0.685616
27  1.539095 0.000006 -0.000005  -0.068563 0.062695 -1.808644
28  1.196325 0.000001 -0.000006  -0.005433 0.026725 -0.524005
29  4.454021 -0.070204 0.572075  0.095490 -0.008587 -0.706335
30  1.426600 -0.000002 0.000000  0.055908 -0.087976 -1.504206
31  1.322465 -0.000002 -0.000001  0.009312 -0.033625 -0.575065
32  4.477059 -0.028575 1.582471  0.481653 -0.035390 -1.246096
33  1.344414 -0.000002 -0.000002  0.023466 -0.208305 -0.755723
34  1.224664 0.000004 -0.000005  0.026043 -0.124620 -0.538676
35  2.630321 -0.345020 1.907213  -0.354022 -0.915164 -1.788195
36  1.059289 -0.000003 0.000003  -0.001067 -0.012855 0.250988
37  0.781211 0.000001 0.000002  -0.000096 -0.003210 0.062757
38  2.033357 1.000772 -1.101645  2.482708 1.028873 0.725763
39  6.809416 0.000001 0.000001  1.825369 1.102103 -0.279568
40  12.391799 0.000002 -0.000001  0.000000 0.000000 -2.044864
41  9.337107 -0.000003 -0.000002  -1.218987 0.357151 0.229318
42  3.859663 -0.132556 1.193141  0.479146 -0.158551 -0.879037
43  1.312560 -0.000005 0.000009  -0.000001 -0.011931 -0.439674
44  0.729359 0.000000 0.000003  -0.000002 -0.006130 -0.244278
45  3.942288 0.050340 0.431072  0.155003 -0.079314 -0.810198
46  1.539098 -0.000004 -0.000009  -0.000002 -0.005851 -0.247775
47  1.196322 -0.000002 0.000002  -0.000000 -0.009657 -0.430767
48  4.453988 -0.073767 -0.571671  -0.109443 0.013445 -0.891670
49  1.426596 0.000004 -0.000002  -0.004063 0.060051 -0.864118
50  1.322465 -0.000001 -0.000003  -0.018852 0.042075 -0.864931
51  4.477037 -0.043462 -1.581295  -0.566918 0.063111 -0.913942
52  1.344412 -0.000005 0.000002  -0.041095 0.219416 -0.844574
53  1.224676 -0.000001 0.000003  -0.071919 0.176037 -0.852213
54  2.630292 -0.359831 -1.904287  0.822008 0.137651 -1.254011
55  1.059288 0.000001 0.000006  -0.000599 -0.000009 0.000000
56  0.781203 -0.000001 -0.000005  -0.000000 -0.000006 0.000002
57  4.069501 1.811269 4.279048  1.570796 -0.000000 0.000000
58  0.000000 -0.000000 -0.000000  0.000000 0.052360 0.000000
59  0.032300 -4.377938 -4.331139  -0.000000 -0.000000 0.000000
60  -0.002340 -4.618855 4.848104  -0.000000 0.000937 -0.001514
61  -0.000000 0.000000 -0.000000  0.000000 -0.000000 0.000000
62  -0.014019 -4.136677 -0.422642  0.000001 -0.000000 0.000000
63  0.014022 0.341392 9.682304  0.000000 0.000937 -0.001514
64  0.003298 0.000005 -3.521831  0.000000 -0.000000 -0.000000
65  -0.000369 3.795277 -5.737836  0.000000 -0.000000 0.000000
66  -0.000000 0.000000 0.000000  -0.000001 0.000000 0.000000
67  -0.000000 -0.000000 -0.000000  -0.000000 -0.000000 -0.000000
68  -0.000000 0.000000 -0.000000  -0.000000 0.000000 0.000000
69  0.000003 -3.795290 9.259664  -0.000000 0.000937 -0.001514
70  7.999999 0.000001 -0.000000  0.000001 -0.052360 -0.000000
71  -4.069616 1.811259 4.279059  1.570796 -0.000000 0.000000
72  0.000000 -0.000000 -0.000000  0.000000 -0.052360 0.000000
73  0.000003 -3.795289 9.259665  -0.001320 -0.008192 0.060729
74  0.000000 0.000000 0.000000  0.000000 0.000000 0.000000
75  0.014020 -4.136677 -0.422641  0.000001 0.000000 -0.000000
76  -0.014018 0.341393 9.682305  -0.000000 0.000937 -0.001514
77  0.003297 0.000005 -3.521831  0.000000 -0.000000 -0.000000
78  -0.000369 3.795275 -5.737837  0.000000 0.000000 0.000000
79  -0.000000 0.000000 0.000000  -0.000000 0.000000 0.000000
80  -0.000000 0.000000 -0.000000  -0.000000 -0.000000 -0.000000
81  0.000000 0.000000 0.000000  -0.000000 -0.000000 -0.000000
82  -0.062978 -4.612901 4.868224  -0.000000 0.000937 -0.001514
83  0.032300 -4.377938 -4.331139  -0.000000 0.000000 -0.000000
84  -8.000000 0.000001 0.000000  0.000001 0.052360 0.000000
85  0.000156 0.385903 39.987263  1.570796 -0.000000 0.000000
86  -0.000161 -1.420346 0.919518  0.000000 -0.000000 0.000000
87  0.000005 3.345128 -2.981901  1.570796 0.083187 1.570796
88  0.000000 -0.000000 -0.000000  0.000000 0.000000 0.000000
89  0.000003 0.000000 -0.000000  -0.000000 -0.000000 -0.003106
90  4.018316 -0.012484 -0.000000  -0.000000 -0.000000 -0.000000
91  0.000005 -0.000000 0.000000  -0.000000 0.000000 -0.032354
92  3.516729 -0.113802 -0.000000  0.000000 -0.000000 -0.000000
93  0.000002 -0.000000 0.000000  0.000000 0.000000 0.067981
94  8.921986 0.607517 -0.000001  -0.000000 -0.000000 -0.000000
95  -0.000000 -0.000000 0.000000  0.000000 0.000000 0.262078
96  3.194337 0.856892 -0.000000  0.000000 -0.000000 -0.000000
97  0.000001 0.000000 0.000000  3.141590 -0.000000 0.662566
98  2.833353 2.210629 -0.000000  0.000000 -0.000000 -0.000000
99  -0.000002 -0.000000 0.000000  3.141590 -0.000000 0.255978
100  1.704618 1.493419 1.937660  -1.544954 -1.855079 0.063449
101  -0.000001 0.000001 0.000000  0.000000 0.000000 0.000001
102  1.704624 1.493426 -1.937611  1.473111 1.855076 0.063436
103  -0.000003 0.000003 0.000001  0.000000 0.000000 -0.000001
104  7.723854 1.956159 58.484589  1.570796 -0.000000 0.000000
105  0.000000 0.000001 -0.000000  0.000000 -0.000000 0.000000
106  14.952688 -17.686636 -0.395722  0.000001 -0.000000 0.000000
107  0.000000 9.000000 -0.000003  0.000000 -0.000000 0.000000
108  0.000000 0.000001 -0.000000  0.000000 -0.000000 0.000000
109  0.000000 0.000002 -9.999998  0.000000 -0.000000 0.000000
110  0.000000 0.000002 0.000000  0.000001 -0.000000 0.000000
111  15.264428 2.505456 49.565292  -0.015813 0.868860 -0.020712
112  11.481673 -0.000034 -0.000029  1.573178 -0.106616 0.044195
113  -0.000001 0.000004 0.000000  -0.000000 0.000000 0.000002
114  -0.000001 0.000000 0.000000  -0.000000 -0.000000 0.000000
115  -0.000001 0.000000 0.000000  0.000000 0.000000 0.000000
116  -7.723807 1.956140 58.484608  1.570796 -0.000000 0.000000
117  0.000000 0.000001 -0.000000  0.000000 -0.000000 0.000000
118  -14.952740 -17.686594 -0.395684  0.000001 -0.000000 0.000000
119  0.000000 9.000000 -0.000003  0.000000 -0.000000 0.000000
120  0.000000 0.000024 -0.000000  0.000000 -0.000000 0.000000
121  0.000000 -0.000021 -9.999999  0.000000 -0.000000 0.000000
122  0.000000 0.000002 0.000000  0.000001 -0.000000 0.000000
123  -15.264407 2.505418 49.565334  0.015813 2.272735 0.020712
124  11.481701 -0.000054 -0.000002  -1.564933 0.106603 0.044183
125  -0.000003 -0.000001 -0.000000  -0.000000 0.000000 -0.000003
126  0.000003 0.000001 -0.000000  -0.000000 -0.000000 -0.000000
127  0.000003 0.000001 0.000000  0.000000 0.000000 -0.000000
128  3.890447 -0.533611 38.566914  1.570796 -0.000000 0.000000
129  0.000000 -0.000000 0.000000  0.000000 -0.000000 0.000000
130  0.000000 -0.000002 -9.999999  0.000000 -0.000000 0.000000
131  0.000000 -0.000002 -0.000000  0.000000 -0.000000 0.000000
132  -3.890457 -0.533622 38.566921  1.570796 -0.000000 0.000000
133  0.000000 -0.000000 0.000000  0.000000 -0.000000 0.000000
134  0.000000 -0.000002 -9.999999  0.000000 -0.000000 0.000000
135  0.000000 -0.000002 -0.000000  0.000000 -0.000000 0.000000
time 41
0  0.000000 0.000000 0.000000  1.570796 -0.000000 0.000000
1  -2.924313 -7.546931 30.240734  1.936278 -0.025085 0.713990
2  -0.000001 -0.000003 -0.000001  -0.000000 0.000000 -0.000000
3  3.890452 -0.000006 -0.000003  -1.315783 -1.100951 -1.650867
4  17.848175 0.000005 -0.000000  0.000000 -0.000000 1.402604
5  15.638505 0.000001 0.000000  0.480509 0.732118 -1.480903
6  7.109930 -0.000001 0.000001  -0.007119 -0.003131 -0.631738
7  -3.890452 0.000003 0.000005  -0.780886 -0.067371 -1.629375
8  17.848171 0.000000 0.000001  0.000000 -0.000000 1.134437
9  15.638512 0.000000 -0.000002  -0.108237 -0.496272 -0.973841
10  7.109930 -0.000000 0.000000  -0.081154 -0.003131 -0.631749
11  -0.044718 2.528781 4.661498  -0.042979 0.016233 -0.008978
12  4.041915 4.954656 -8.467940  -0.000000 -0.392699 -0.000000
13  0.089850 3.345127 -2.981902  1.577209 0.086463 1.554069
14  4.018331 0.000000 -0.000000  0.147985 -0.136912 0.394635
15  3.518565 -0.000001 -0.000000  0.171330 -0.153738 0.454371
16  8.942645 -0.000000 0.000000  0.072649 -0.026102 -0.011596
17  3.306640 0.000006 0.000002  3.138800 0.000567 0.400476
18  3.593711 -0.000004 -0.000001  -0.986214 -0.101998 1.024435
19  2.033345 1.000771 1.101698  0.247190 -1.790889 -2.008075
20  6.809413 -0.000002 -0.000002  -2.061787 -0.475763 0.045470
21  12.391794 0.000004 -0.000000  -0.000000 -0.000000 -2.069732
22  9.337077 -0.000001 -0.000021  0.843635 -0.649741 0.387080
23  3.859706 -0.142437 -1.191952  -0.513267 0.072291 -1.288225
24  1.312562 -0.000003 0.000002  -0.163028 0.224047 -1.466962
25  0.729365 -0.000001 0.000004  -0.068871 0.147979 -0.913117
26  3.942328 0.046739 -0.431432  -0.157261 0.007109 -0.685616
27  1.539093 0.000013 -0.000007  -0.068563 0.062695 -1.808644
28  1.196321 0.000004 -0.000004  -0.005433 0.026725 -0.524005
29  4.454022 -0.070208 0.572077  0.095490 -0.008587 -0.706335
30  1.426599 0.000001 0.000006  0.055908 -0.087976 -1.504206
31  1.322465 -0.000002 -0.000001  0.009312 -0.033625 -0.575065
32  4.477064 -0.028575 1.582470  0.481653 -0.035390 -1.246096
33  1.344416 0.000001 -0.000002  0.023466 -0.208305 -0.755723
34  1.224668 0.000003 0.000003  0.026043 -0.124620 -0.538676
35  2.630324 -0.345020 1.907209  -0.354022 -0.915164 -1.788195
36  1.059289 -0.000002 0.000001  -0.001067 -0.012855 0.250988
37  0.781211 0.000002 -0.000004  -0.000096 -0.003210 0.062757
38  2.033355 1.000776 -1.101645  2.515065 1.037091 0.760559
39  6.809415 -0.000006 0.000003  1.841270 1.117608 -0.305547
40  12.391797 0.000002 -0.000002  0.000000 -0.000000 -2.095715
41  9.337103 0.000003 0.000002  -1.218347 0.355932 0.231822
42  3.859663 -0.132558 1.193138  0.483772 -0.142624 -0.909869
43  1.312560 -0.000004 0.000006  0.000811 -0.011904 -0.507826
44  0.729360 0.000002 -0.000004  0.000416 -0.006116 -0.312426
45  3.942295 0.050341 0.431068  0.157346 -0.074529 -0.840680
46  1.539096 -0.000010 -0.000004  0.000397 -0.005837 -0.315924
47  1.196322 -0.000004 0.000007  0.000657 -0.009635 -0.498918
48  4.453990 -0.073767 -0.571672  -0.109443 0.013445 -0.891670
49  1.426597 0.000003 -0.000006  -0.004063 0.060051 -0.864118
50  1.322464 -0.000004 0.000001  -0.018852 0.042075 -0.864931
51  4.477038 -0.043464 -1.581294  -0.566918 0.063111 -0.913942
52  1.344411 -0.000009 0.000001  -0.041095 0.219416 -0.844574
53  1.224673 0.000001 0.000005  -0.071919 0.176037 -0.852213
54  2.630293 -0.359831 -1.904284  0.822008 0.137651 -1.254011
55  1.059290 -0.000000 0.000003  -0.000599 -0.000009 0.000000
56  0.781203 -0.000004 0.000001  -0.000000 -0.000006 0.000002
57  4.069501 1.811269 4.279048  1.570796 -0.000000 0.000000
58  0.000000 -0.000000 -0.000000  0.000000 0.052360 0.000000
59  0.032300 -4.377938 -4.331139  -0.000000 -0.000000 0.000000
60  -0.002340 -4.618855 4.848104  -0.000000 0.000937 -0.001514
61  -0.000000 0.000000 -0.000000  0.000000 -0.000000 0.000000
62  -0.014019 -4.136677 -0.422642  0.000001 -0.000000 0.000000
63  0.014022 0.341392 9.682304  0.000000 0.000937 -0.001514
64  0.003298 0.000005 -3.521831  0.000000 -0.000000 -0.000000
65  -0.000369 3.795277 -5.737836  0.000000 -0.000000 0.000000
66  -0.000000 0.000000 0.000000  -0.000001 0.000000 0.000000
67  -0.000000 -0.000000 -0.000000  -0.000000 -0.000000 -0.000000
68  -0.000000 0.000000 -0.000000  -0.000000 0.000000 0.000000
69  0.000003 -3.795290 9.259664  -0.000000 0.000937 -0.001514
70  7.999999 0.000001 -0.000000  0.000001 -0.052360 -0.000000
71  -4.069616 1.811259 4.279059  1.570796 -0.000000 0.000000
72  0.000000 -0.000000 -0.000000  0.000000 -0.052360 0.000000
73  0.000003 -3.795289 9.259665  -0.001320 -0.008192 0.060729
74  0.000000 0.000000 0.000000  0.000000 0.000000 0.000000
75  0.014020 -4.136677 -0.422641  0.000001 0.000000 -0.000000
76  -0.014018 0.341393 9.682305  -0.000000 0.000937 -0.001514
77  0.003297 0.000005 -3.521831  0.000000 -0.000000 -0.000000
78  -0.000369 3.795275 -5.737837  0.000000 0.000000 0.000000
79  -0.000000 0.000000 0.000000  -0.000000 0.000000 0.000000
80  -0.000000 0.000000 -0.000000  -0.000000 -0.000000 -0.000000
81  0.000000 0.000000 0.000000  -0.000000 -0.000000 -0.000000
82  -0.062978 -4.612901 4.868224  -0.000000 0.000937 -0.001514
83  0.032300 -4.377938 -4.331139  -0.000000 0.000000 -0.000000
84  -8.000000 0.000001 0.000000  0.000001 0.052360 0.000000
85  0.000156 0.385903 39.987263  1.570796 -0.000000 0.000000
86  -0.000161 -1.420346 0.919518  0.000000 -0.000000 0.000000
87  0.000005 3.345128 -2.981901  1.570796 0.083187 1.570796
88  0.000000 -0.000000 -0.000000  0.000000 0.000000 0.000000
89  0.000003 0.000000 -0.000000  -0.000000 -0.000000 -0.003106
90  4.018316 -0.012484 -0.000000  -0.000000 -0.000000 -0.000000
91  0.000005 -0.000000 0.000000  -0.000000 0.000000 -0.032354
92  3.516729 -0.113802 -0.000000  0.000000 -0.000000 -0.000000
93  0.000002 -0.000000 0.000000  0.000000 0.000000 0.067981
94  8.921986 0.607517 -0.000001  -0.000000 -0.000000 -0.000000
95  -0.000000 -0.000000 0.000000  0.000000 0.000000 0.262078
96  3.194337 0.856892 -0.000000  0.000000 -0.000000 -0.000000
97  0.000001 0.000000 0.000000  3.141590 -0.000000 0.662566
98  2.833353 2.210629 -0.000000  0.000000 -0.000000 -0.000000
99  -0.000002 -0.000000 0.000000  3.141590 -0.000000 0.255978
100  1.704618 1.493419 1.937660  -1.544954 -1.855079 0.063449
101  -0.000001 0.000001 0.000000  0.000000 0.000000 0.000001
102  1.704624 1.493426 -1.937611  1.473111 1.855076 0.063436
103  -0.000003 0.000003 0.000001  0.000000 0.000000 -0.000001
104  7.723854 1.956159 58.484589  1.570796 -0.000000 0.000000
105  0.000000 0.000001 -0.000000  0.000000 -0.000000 0.000000
106  14.952688 -17.686636 -0.395722  0.000001 -0.000000 0.000000
107  0.000000 9.000000 -0.000003  0.000000 -0.000000 0.000000
108  0.000000 0.000001 -0.000000  0.000000 -0.000000 0.000000
109  0.000000 0.000002 -9.999998  0.000000 -0.000000 0.000000
110  0.000000 0.000002 0.000000  0.000001 -0.000000 0.000000
111  15.264428 2.505456 49.565292  -0.015813 0.868860 -0.020712
112  11.481673 -0.000034 -0.000029  1.573178 -0.106616 0.044195
113  -0.000001 0.000004 0.000000  -0.000000 0.000000 0.000002
114  -0.000001 0.000000 0.000000  -0.000000 -0.000000 0.000000
115  -0.000001 0.000000 0.000000  0.000000 0.000000 0.000000
116  -7.723807 1.956140 58.484608  1.570796 -0.000000 0.000000
117  0.000000 0.000001 -0.000000  0.000000 -0.000000 0.000000
118  -14.952740 -17.686594 -0.395684  0.000001 -0.000000 0.000000
119  0.000000 9.000000 -0.000003  0.000000 -0.000000 0.000000
120  0.000000 0.000024 -0.000000  0.000000 -0.000000 0.000000
121  0.000000 -0.000021 -9.999999  0.000000 -0.000000 0.000000
122  0.000000 0.000002 0.000000  0.000001 -0.000000 0.000000
123  -15.264407 2.505418 49.565334  0.015813 2.272735 0.020712
124  11.481701 -0.000054 -0.000002  -1.564933 0.106603 0.044183
125  -0.000003 -0.000001 -0.000000  -0.000000 0.000000 -0.000003
126  0.000003 0.000001 -0.000000  -0.000000 -0.000000 -0.000000
127  0.000003 0.000001 0.000000  0.000000 0.000000 -0.000000
128  3.890447 -0.533611 38.566914  1.570796 -0.000000 0.000000
129  0.000000 -0.000000 0.000000  0.000000 -0.000000 0.000000
130  0.000000 -0.000002 -9.999999  0.000000 -0.000000 0.000000
131  0.000000 -0.000002 -0.000000  0.000000 -0.000000 0.000000
132  -3.890457 -0.533622 38.566921  1.570796 -0.000000 0.000000
133  0.000000 -0.000000 0.000000  0.000000 -0.000000 0.000000
134  0.000000 -0.000002 -9.999999  0.000000 -0.000000 0.000000
135  0.000000 -0.000002 -0.000000  0.000000 -0.000000 0.000000
time 42
0  0.000000 0.000000 0.000000  1.570796 -0.000000 0.000000
1  -2.807122 -7.384412 30.024603  1.936872 -0.034279 0.699442
2  0.000001 0.000000 -0.000000  0.000000 -0.000000 0.000000
3  3.890453 -0.000003 -0.000002  -1.348233 -1.110887 -1.647417
4  17.848175 0.000003 -0.000000  0.000000 -0.000000 1.420745
5  15.638505 0.000001 -0.000000  0.497188 0.733631 -1.478752
6  7.109931 -0.000000 0.000001  -0.007119 -0.003131 -0.631738
7  -3.890451 0.000006 0.000006  -0.760006 -0.077949 -1.657566
8  17.848171 0.000002 -0.000000  0.000000 0.000000 1.191707
9  15.638510 0.000001 0.000001  -0.080443 -0.438339 -1.029039
10  7.109929 0.000001 -0.000000  -0.081154 -0.003131 -0.631749
11  -0.044716 2.528783 4.661500  -0.042979 0.018806 -0.011142
12  4.041917 4.954658 -8.467939  0.000000 -0.392699 0.000000
13  0.121103 3.345127 -2.981901  1.579634 0.086406 1.550936
14  4.018335 -0.000002 0.000000  0.145973 -0.136217 0.401853
15  3.518559 0.000002 -0.000000  0.170408 -0.150958 0.459940
16  8.942644 -0.000002 0.000000  0.075411 -0.020865 -0.017225
17  3.306643 0.000005 0.000000  3.138800 0.000567 0.400476
18  3.593710 0.000001 -0.000003  -0.966765 -0.074416 1.037907
19  2.033347 1.000771 1.101697  0.242662 -1.785174 -2.003046
20  6.809413 0.000001 -0.000003  -2.111037 -0.513406 0.048120
21  12.391797 0.000002 -0.000000  -0.000000 -0.000000 -2.117671
22  9.337075 -0.000001 -0.000034  0.801166 -0.614163 0.422159
23  3.859711 -0.142430 -1.191957  -0.513267 0.072291 -1.288225
24  1.312566 -0.000004 0.000002  -0.163028 0.224047 -1.466962
25  0.729362 0.000003 0.000004  -0.068871 0.147979 -0.913117
26  3.942330 0.046742 -0.431425  -0.157261 0.007109 -0.685616
27  1.539095 0.000004 -0.000005  -0.068563 0.062695 -1.808644
28  1.196331 0.000011 0.000000  -0.005433 0.026725 -0.524005
29  4.454024 -0.070204 0.572073  0.095490 -0.008587 -0.706366
30  1.426598 -0.000006 0.000001  0.055908 -0.087976 -1.504206
31  1.322472 -0.000002 0.000001  0.009312 -0.033625 -0.575065
32  4.477065 -0.028573 1.582468  0.481653 -0.035390 -1.246096
33  1.344416 -0.000001 -0.000001  0.023466 -0.208305 -0.755723
34  1.224677 0.000004 0.000004  0.026043 -0.124620 -0.538676
35  2.630324 -0.345019 1.907214  -0.354022 -0.915164 -1.788195
36  1.059289 -0.000003 -0.000000  -0.001067 -0.012855 0.250988
37  0.781212 0.000003 0.000001  -0.000096 -0.003210 0.062757
38  2.033356 1.000775 -1.101646  2.570588 1.047008 0.819608
39  6.809418 -0.000000 0.000002  1.813632 1.100614 -0.361807
40  12.391792 0.000004 -0.000005  0.000000 0.000000 -2.126959
41  9.337109 0.000002 -0.000002  -1.217323 0.355323 0.233290
42  3.859664 -0.132557 1.193136  0.487813 -0.126886 -0.939946
43  1.312559 -0.000004 -0.000000  0.001442 -0.011844 -0.560902
44  0.729359 0.000001 0.000004  0.000740 -0.006085 -0.365500
45  3.942290 0.050341 0.431069  0.159610 -0.069513 -0.872140
46  1.539096 -0.000005 -0.000006  0.000706 -0.005808 -0.368997
47  1.196322 -0.000001 0.000006  0.001167 -0.009586 -0.551993
48  4.453988 -0.073768 -0.571671  -0.109443 0.013445 -0.891670
49  1.426600 -0.000002 0.000000  -0.004063 0.060051 -0.864118
50  1.322464 -0.000000 -0.000003  -0.018852 0.042075 -0.864931
51  4.477035 -0.043463 -1.581289  -0.566918 0.063111 -0.913942
52  1.344414 0.000001 0.000000  -0.041095 0.219416 -0.844574
53  1.224672 0.000004 0.000010  -0.071919 0.176037 -0.852213
54  2.630293 -0.359833 -1.904289  0.822008 0.137651 -1.254011
55  1.059292 0.000002 0.000004  -0.000599 -0.000009 0.000000
56  0.781204 -0.000003 0.000005  -0.000000 -0.000006 0.000002
57  4.069501 1.811269 4.279048  1.570796 -0.000000 0.000000
58  0.000000 -0.000000 -0.000000  0.000000 0.052360 0.000000
59  0.032300 -4.377938 -4.331139  -0.000000 -0.000000 0.000000
60  -0.002340 -4.618855 4.848104  -0.000000 0.000937 -0.001514
61  -0.000000 0.000000 -0.000000  0.000000 -0.000000 0.000000
62  -0.014019 -4.136677 -0.422642  0.000001 -0.000000 0.000000
63  0.014022 0.341392 9.682304  0.000000 0.000937 -0.001514
64  0.003298 0.000005 -3.521831  0.000000 -0.000000 -0.000000
65  -0.000369 3.795277 -5.737836  0.000000 -0.000000 0.000000
66  -0.000000 0.000000 0.000000  -0.000001 0.000000 0.000000
67  -0.000000 -0.000000 -0.000000  -0.000000 -0.000000 -0.000000
68  -0.000000 0.000000 -0.000000  -0.000000 0.000000 0.000000
69  0.000003 -3.795290 9.259664  -0.000000 0.000937 -0.001514
70  7.999999 0.000001 -0.000000  0.000001 -0.052360 -0.000000
71  -4.069616 1.811259 4.279059  1.570796 -0.000000 0.000000
72  0.000000 -0.000000 -0.000000  0.000000 -0.052360 0.000000
73  0.000003 -3.795289 9.259665  -0.001320 -0.008192 0.060729
74  0.000000 0.000000 0.000000  0.000000 0.000000 0.000000
75  0.014020 -4.136677 -0.422641  0.000001 0.000000 -0.000000
76  -0.014018 0.341393 9.682305  -0.000000 0.000937 -0.001514
77  0.003297 0.000005 -3.521831  0.000000 -0.000000 -0.000000
78  -0.000369 3.795275 -5.737837  0.000000 0.000000 0.000000
79  -0.000000 0.000000 0.000000  -0.000000 0.000000 0.000000
80  -0.000000 0.000000 -0.000000  -0.000000 -0.000000 -0.000000
81  0.000000 0.000000 0.000000  -0.000000 -0.000000 -0.000000
82  -0.062978 -4.612901 4.868224  -0.000000 0.000937 -0.001514
83  0.032300 -4.377938 -4.331139  -0.000000 0.000000 -0.000000
84  -8.000000 0.000001 0.000000  0.000001 0.052360 0.000000
85  0.000156 0.385903 39.987263  1.570796 -0.000000 0.000000
86  -0.000161 -1.420346 0.919518  0.000000 -0.000000 0.000000
87  0.000005 3.345128 -2.981901  1.570796 0.083187 1.570796
88  0.000000 -0.000000 -0.000000  0.000000 0.000000 0.000000
89  0.000003 0.000000 -0.000000  -0.000000 -0.000000 -0.003106
90  4.018316 -0.012484 -0.000000  -0.000000 -0.000000 -0.000000
91  0.000005 -0.000000 0.000000  -0.000000 0.000000 -0.032354
92  3.516729 -0.113802 -0.000000  0.000000 -0.000000 -0.000000
93  0.000002 -0.000000 0.000000  0.000000 0.000000 0.067981
94  8.921986 0.607517 -0.000001  -0.000000 -0.000000 -0.000000
95  -0.000000 -0.000000 0.000000  0.000000 0.000000 0.262078
96  3.194337 0.856892 -0.000000  0.000000 -0.000000 -0.000000
97  0.000001 0.000000 0.000000  3.141590 -0.000000 0.662566
98  2.833353 2.210629 -0.000000  0.000000 -0.000000 -0.000000
99  -0.000002 -0.000000 0.000000  3.141590 -0.000000 0.255978
100  1.704618 1.493419 1.937660  -1.544954 -1.855079 0.063449
101  -0.000001 0.000001 0.000000  0.000000 0.000000 0.000001
102  1.704624 1.493426 -1.937611  1.473111 1.855076 0.063436
103  -0.000003 0.000003 0.000001  0.000000 0.000000 -0.000001
104  7.723854 1.956159 58.484589  1.570796 -0.000000 0.000000
105  0.000000 0.000001 -0.000000  0.000000 -0.000000 0.000000
106  14.952688 -17.686636 -0.395722  0.000001 -0.000000 0.000000
107  0.000000 9.000000 -0.000003  0.000000 -0.000000 0.000000
108  0.000000 0.000001 -0.000000  0.000000 -0.000000 0.000000
109  0.000000 0.000002 -9.999998  0.000000 -0.000000 0.000000
110  0.000000 0.000002 0.000000  0.000001 -0.000000 0.000000
111  15.264428 2.505456 49.565292  -0.015813 0.868860 -0.020712
112  11.481673 -0.000034 -0.000029  1.573178 -0.106616 0.044195
113  -0.000001 0.000004 0.000000  -0.000000 0.000000 0.000002
114  -0.000001 0.000000 0.000000  -0.000000 -0.000000 0.000000
115  -0.000001 0.000000 0.000000  0.000000 0.000000 0.000000
116  -7.723807 1.956140 58.484608  1.570796 -0.000000 0.000000
117  0.000000 0.000001 -0.000000  0.000000 -0.000000 0.000000
118  -14.952740 -17.686594 -0.395684  0.000001 -0.000000 0.000000
119  0.000000 9.000000 -0.000003  0.000000 -0.000000 0.000000
120  0.000000 0.000024 -0.000000  0.000000 -0.000000 0.000000
121  0.000000 -0.000021 -9.999999  0.000000 -0.000000 0.000000
122  0.000000 0.000002 0.000000  0.000001 -0.000000 0.000000
123  -15.264407 2.505418 49.565334  0.015813 2.272735 0.020712
124  11.481701 -0.000054 -0.000002  -1.564933 0.106603 0.044183
125  -0.000003 -0.000001 -0.000000  -0.000000 0.000000 -0.000003
126  0.000003 0.000001 -0.000000  -0.000000 -0.000000 -0.000000
127  0.000003 0.000001 0.000000  0.000000 0.000000 -0.000000
128  3.890447 -0.533611 38.566914  1.570796 -0.000000 0.000000
129  0.000000 -0.000000 0.000000  0.000000 -0.000000 0.000000
130  0.000000 -0.000002 -9.999999  0.000000 -0.000000 0.000000
131  0.000000 -0.000002 -0.000000  0.000000 -0.000000 0.000000
132  -3.890457 -0.533622 38.566921  1.570796 -0.000000 0.000000
133  0.000000 -0.000000 0.000000  0.000000 -0.000000 0.000000
134  0.000000 -0.000002 -9.999999  0.000000 -0.000000 0.000000
135  0.000000 -0.000002 -0.000000  0.000000 -0.000000 0.000000
time 43
0  0.000000 0.000000 0.000000  1.570796 -0.000000 0.000000
1  -2.678211 -7.110163 29.983437  1.932455 -0.038205 0.677333
2  -0.000001 -0.000000 0.000001  -0.000000 0.000000 -0.000000
3  3.890452 -0.000002 -0.000003  -1.360735 -1.108947 -1.652975
4  17.848175 0.000004 0.000001  0.000000 -0.000000 1.424842
5  15.638505 0.000000 -0.000001  0.496112 0.719427 -1.478715
6  7.109930 -0.000001 0.000001  -0.007119 -0.003131 -0.631738
7  -3.890453 0.000006 0.000007  -0.738745 -0.092956 -1.679702
8  17.848175 0.000001 0.000001  0.000000 0.000000 1.246135
9  15.638511 -0.000000 0.000000  -0.021518 -0.366799 -1.111264
10  7.109930 -0.000001 0.000001  -0.081154 -0.003131 -0.631749
11  -0.044717 2.528786 4.661500  -0.042979 0.020077 -0.011142
12  4.041915 4.954659 -8.467938  -0.000000 -0.392699 0.000000
13  0.136727 3.345131 -2.981901  1.580657 0.086378 1.549813
14  4.018328 -0.000001 0.000001  0.142989 -0.134587 0.406271
15  3.518563 0.000000 -0.000001  0.168101 -0.147782 0.463240
16  8.942644 -0.000003 -0.000000  0.077034 -0.017186 -0.021165
17  3.306643 -0.000002 -0.000002  3.138800 0.000567 0.400476
18  3.593709 0.000001 -0.000000  -0.938583 -0.053451 1.049910
19  2.033346 1.000764 1.101697  0.237512 -1.779068 -1.997298
20  6.809415 0.000003 -0.000001  -2.151393 -0.551735 0.051907
21  12.391797 0.000003 -0.000001  0.000000 -0.000000 -2.171209
22  9.337076 0.000000 -0.000030  0.759768 -0.576317 0.453603
23  3.859710 -0.142427 -1.191958  -0.513267 0.072291 -1.288225
24  1.312562 -0.000007 0.000006  -0.163028 0.224047 -1.466962
25  0.729362 -0.000002 -0.000005  -0.068871 0.147979 -0.913117
26  3.942329 0.046745 -0.431426  -0.157261 0.007109 -0.685616
27  1.539093 0.000010 -0.000003  -0.068563 0.062695 -1.808644
28  1.196322 0.000006 -0.000009  -0.005433 0.026725 -0.524005
29  4.454022 -0.070201 0.572072  0.095490 -0.008587 -0.706335
30  1.426599 -0.000009 0.000004  0.055908 -0.087976 -1.504206
31  1.322464 -0.000001 -0.000001  0.009312 -0.033625 -0.575065
32  4.477064 -0.028571 1.582473  0.481653 -0.035390 -1.246096
33  1.344414 0.000004 0.000000  0.023466 -0.208305 -0.755723
34  1.224673 0.000005 0.000002  0.026043 -0.124620 -0.538676
35  2.630323 -0.345015 1.907215  -0.354022 -0.915164 -1.788195
36  1.059287 -0.000002 0.000000  -0.001067 -0.012855 0.250988
37  0.781213 0.000002 0.000000  -0.000096 -0.003210 0.062757
38  2.033355 1.000769 -1.101648  2.637790 1.059313 0.892268
39  6.809415 -0.000005 -0.000000  1.756843 1.055326 -0.432003
40  12.391798 0.000002 0.000001  0.000000 -0.000000 -2.139887
41  9.337101 0.000000 0.000004  -1.216427 0.355209 0.233377
42  3.859663 -0.132558 1.193141  0.491235 -0.111674 -0.968700
43  1.312559 -0.000001 0.000001  0.001913 -0.011777 -0.600788
44  0.729358 0.000000 -0.000005  0.000982 -0.006051 -0.405384
45  3.942292 0.050340 0.431075  0.161714 -0.064429 -0.903584
46  1.539098 -0.000006 0.000000  0.000937 -0.005775 -0.408881
47  1.196323 -0.000001 0.000010  0.001549 -0.009532 -0.591878
48  4.453988 -0.073768 -0.571670  -0.109443 0.013445 -0.891670
49  1.426598 -0.000000 -0.000004  -0.004063 0.060051 -0.864118
50  1.322462 -0.000004 0.000001  -0.018852 0.042075 -0.864931
51  4.477037 -0.043466 -1.581291  -0.566918 0.063111 -0.913942
52  1.344411 -0.000005 -0.000000  -0.041095 0.219416 -0.844574
53  1.224669 0.000002 0.000006  -0.071919 0.176049 -0.852213
54  2.630292 -0.359833 -1.904286  0.822008 0.137651 -1.254011
55  1.059292 0.000001 -0.000000  -0.000599 -0.000009 0.000000
56  0.781203 -0.000000 -0.000000  0.000000 -0.000006 0.000002
57  4.069501 1.811269 4.279048  1.570796 -0.000000 0.000000
58  0.000000 -0.000000 -0.000000  0.000000 0.052360 0.000000
59  0.032300 -4.377938 -4.331139  -0.000000 -0.000000 0.000000
60  -0.002340 -4.618855 4.848104  -0.000000 0.000937 -0.001514
61  -0.000000 0.000000 -0.000000  0.000000 -0.000000 0.000000
62  -0.014019 -4.136677 -0.422642  0.000001 -0.000000 0.000000
63  0.014022 0.341392 9.682304  0.000000 0.000937 -0.001514
64  0.003298 0.000005 -3.521831  0.000000 -0.000000 -0.000000
65  -0.000369 3.795277 -5.737836  0.000000 -0.000000 0.000000
66  -0.000000 0.000000 0.000000  -0.000001 0.000000 0.000000
67  -0.000000 -0.000000 -0.000000  -0.000000 -0.000000 -0.000000
68  -0.000000 0.000000 -0.000000  -0.000000 0.000000 0.000000
69  0.000003 -3.795290 9.259664  -0.000000 0.000937 -0.001514
70  7.999999 0.000001 -0.000000  0.000001 -0.052360 -0.000000
71  -4.069616 1.811259 4.279059  1.570796 -0.000000 0.000000
72  0.000000 -0.000000 -0.000000  0.000000 -0.052360 0.000000
73  0.000003 -3.795289 9.259665  -0.001320 -0.008192 0.060729
74  0.000000 0.000000 0.000000  0.000000 0.000000 0.000000
75  0.014020 -4.136677 -0.422641  0.000001 0.000000 -0.000000
76  -0.014018 0.341393 9.682305  -0.000000 0.000937 -0.001514
77  0.003297 0.000005 -3.521831  0.000000 -0.000000 -0.000000
78  -0.000369 3.795275 -5.737837  0.000000 0.000000 0.000000
79  -0.000000 0.000000 0.000000  -0.000000 0.000000 0.000000
80  -0.000000 0.000000 -0.000000  -0.000000 -0.000000 -0.000000
81  0.000000 0.000000 0.000000  -0.000000 -0.000000 -0.000000
82  -0.062978 -4.612901 4.868224  -0.000000 0.000937 -0.001514
83  0.032300 -4.377938 -4.331139  -0.000000 0.000000 -0.000000
84  -8.000000 0.000001 0.000000  0.000001 0.052360 0.000000
85  0.000156 0.385903 39.987263  1.570796 -0.000000 0.000000
86  -0.000161 -1.420346 0.919518  0.000000 -0.000000 0.000000
87  0.000005 3.345128 -2.981901  1.570796 0.083187 1.570796
88  0.000000 -0.000000 -0.000000  0.000000 0.000000 0.000000
89  0.000003 0.000000 -0.000000  -0.000000 -0.000000 -0.003106
90  4.018316 -0.012484 -0.000000  -0.000000 -0.000000 -0.000000
91  0.000005 -0.000000 0.000000  -0.000000 0.000000 -0.032354
92  3.516729 -0.113802 -0.000000  0.000000 -0.000000 -0.000000
93  0.000002 -0.000000 0.000000  0.000000 0.000000 0.067981
94  8.921986 0.607517 -0.000001  -0.000000 -0.000000 -0.000000
95  -0.000000 -0.000000 0.000000  0.000000 0.000000 0.262078
96  3.194337 0.856892 -0.000000  0.000000 -0.000000 -0.000000
97  0.000001 0.000000 0.000000  3.141590 -0.000000 0.662566
98  2.833353 2.210629 -0.000000  0.000000 -0.000000 -0.000000
99  -0.000002 -0.000000 0.000000  3.141590 -0.000000 0.255978
100  1.704618 1.493419 1.937660  -1.544954 -1.855079 0.063449
101  -0.000001 0.000001 0.000000  0.000000 0.000000 0.000001
102  1.704624 1.493426 -1.937611  1.473111 1.855076 0.063436
103  -0.000003 0.000003 0.000001  0.000000 0.000000 -0.000001
104  7.723854 1.956159 58.484589  1.570796 -0.000000 0.000000
105  0.000000 0.000001 -0.000000  0.000000 -0.000000 0.000000
106  14.952688 -17.686636 -0.395722  0.000001 -0.000000 0.000000
107  0.000000 9.000000 -0.000003  0.000000 -0.000000 0.000000
108  0.000000 0.000001 -0.000000  0.000000 -0.000000 0.000000
109  0.000000 0.000002 -9.999998  0.000000 -0.000000 0.000000
110  0.000000 0.000002 0.000000  0.000001 -0.000000 0.000000
111  15.264428 2.505456 49.565292  -0.015813 0.868860 -0.020712
112  11.481673 -0.000034 -0.000029  1.573178 -0.106616 0.044195
113  -0.000001 0.000004 0.000000  -0.000000 0.000000 0.000002
114  -0.000001 0.000000 0.000000  -0.000000 -0.000000 0.000000
115  -0.000001 0.000000 0.000000  0.000000 0.000000 0.000000
116  -7.723807 1.956140 58.484608  1.570796 -0.000000 0.000000
117  0.000000 0.000001 -0.000000  0.000000 -0.000000 0.000000
118  -14.952740 -17.686594 -0.395684  0.000001 -0.000000 0.000000
119  0.000000 9.000000 -0.000003  0.000000 -0.000000 0.000000
120  0.000000 0.000024 -0.000000  0.000000 -0.000000 0.000000
121  0.000000 -0.000021 -9.999999  0.000000 -0.000000 0.000000
122  0.000000 0.000002 0.000000  0.000001 -0.000000 0.000000
123  -15.264407 2.505418 49.565334  0.015813 2.272735 0.020712
124  11.481701 -0.000054 -0.000002  -1.564933 0.106603 0.044183
125  -0.000003 -0.000001 -0.000000  -0.000000 0.000000 -0.000003
126  0.000003 0.000001 -0.000000  -0.000000 -0.000000 -0.000000
127  0.000003 0.000001 0.000000  0.000000 0.000000 -0.000000
128  3.890447 -0.533611 38.566914  1.570796 -0.000000 0.000000
129  0.000000 -0.000000 0.000000  0.000000 -0.000000 0.000000
130  0.000000 -0.000002 -9.999999  0.000000 -0.000000 0.000000
131  0.000000 -0.000002 -0.000000  0.000000 -0.000000 0.000000
132  -3.890457 -0.533622 38.566921  1.570796 -0.000000 0.000000
133  0.000000 -0.000000 0.000000  0.000000 -0.000000 0.000000
134  0.000000 -0.000002 -9.999999  0.000000 -0.000000 0.000000
135  0.000000 -0.000002 -0.000000  0.000000 -0.000000 0.000000
time 44
0  0.000000 0.000000 0.000000  1.570796 -0.000000 0.000000
1  -2.549302 -6.734340 30.096647  1.923959 -0.037189 0.648716
2  0.000001 0.000000 -0.000001  0.000000 -0.000000 -0.000000
3  3.890453 -0.000003 -0.000003  -1.357586 -1.098017 -1.664380
4  17.848175 0.000003 0.000000  -0.000000 -0.000000 1.416722
5  15.638508 -0.000001 -0.000001  0.480287 0.692459 -1.479116
6  7.109930 -0.000001 0.000001  -0.007119 -0.003131 -0.631738
7  -3.890452 0.000005 0.000006  -0.714909 -0.110177 -1.695122
8  17.848173 0.000001 0.000000  0.000000 -0.000000 1.288621
9  15.638511 0.000001 -0.000000  0.044726 -0.297808 -1.209056
10  7.109930 -0.000002 -0.000001  -0.081154 -0.003131 -0.631749
11  -0.044717 2.528784 4.661499  -0.042979 0.019950 -0.009218
12  4.041916 4.954660 -8.467940  0.000000 -0.392699 0.000000
13  0.132822 3.345126 -2.981902  1.580280 0.086350 1.550463
14  4.018335 0.000000 0.000001  0.139305 -0.132238 0.408149
15  3.518560 0.000001 -0.000000  0.164767 -0.144402 0.464410
16  8.942643 0.000002 -0.000002  0.077673 -0.014957 -0.023699
17  3.306640 0.000003 0.000001  3.138800 0.000567 0.400476
18  3.593709 -0.000004 -0.000003  -0.903186 -0.039254 1.060737
19  2.033344 1.000771 1.101699  0.231740 -1.772668 -1.991011
20  6.809413 0.000006 0.000001  -2.183812 -0.589230 0.057113
21  12.391796 0.000003 0.000000  -0.000000 -0.000000 -2.223958
22  9.337077 -0.000001 -0.000029  0.719263 -0.536795 0.481297
23  3.859711 -0.142430 -1.191961  -0.513267 0.072291 -1.288225
24  1.312561 -0.000006 0.000000  -0.163028 0.224047 -1.466962
25  0.729364 0.000003 -0.000000  -0.068871 0.147979 -0.913117
26  3.942327 0.046743 -0.431428  -0.157261 0.007109 -0.685616
27  1.539094 0.000012 -0.000014  -0.068563 0.062695 -1.808644
28  1.196323 0.000003 -0.000003  -0.005433 0.026725 -0.524005
29  4.454024 -0.070202 0.572070  0.095490 -0.008587 -0.706335
30  1.426598 -0.000004 0.000003  0.055908 -0.087976 -1.504206
31  1.322467 -0.000002 0.000005  0.009312 -0.033625 -0.575065
32  4.477064 -0.028574 1.582466  0.481653 -0.035390 -1.246096
33  1.344416 0.000004 -0.000001  0.023466 -0.208305 -0.755723
34  1.224674 0.000002 0.000000  0.026043 -0.124620 -0.538676
35  2.630324 -0.345017 1.907206  -0.354022 -0.915164 -1.788195
36  1.059291 -0.000002 0.000007  -0.001067 -0.012843 0.250988
37  0.781212 0.000003 0.000001  -0.000096 -0.003210 0.062757
38  2.033350 1.000775 -1.101646  -0.440237 2.065684 -2.178486
39  6.809414 -0.000000 0.000001  1.691063 0.991993 -0.499876
40  12.391794 0.000001 0.000000  0.000000 0.000000 -2.135721
41  9.337107 -0.000000 -0.000002  -1.216107 0.355400 0.232168
42  3.859658 -0.132560 1.193132  0.494038 -0.097328 -0.995572
43  1.312559 -0.000001 0.000003  0.002249 -0.011717 -0.629368
44  0.729362 -0.000000 0.000003  0.001154 -0.006020 -0.433962
45  3.942289 0.050338 0.431067  0.163598 -0.059443 -0.934022
46  1.539094 -0.000007 -0.000006  0.001102 -0.005746 -0.437459
47  1.196322 -0.000001 0.000003  0.001821 -0.009484 -0.620457
48  4.453982 -0.073768 -0.571674  -0.109443 0.013445 -0.891670
49  1.426597 -0.000005 -0.000003  -0.004063 0.060051 -0.864118
50  1.322466 -0.000002 0.000001  -0.018852 0.042075 -0.864931
51  4.477033 -0.043466 -1.581294  -0.566918 0.063111 -0.913942
52  1.344413 -0.000004 0.000000  -0.041095 0.219416 -0.844574
53  1.224676 -0.000003 0.000009  -0.071919 0.176049 -0.852213
54  2.630286 -0.359835 -1.904292  0.822008 0.137651 -1.254011
55  1.059290 0.000002 0.000004  -0.000599 -0.000009 0.000000
56  0.781206 -0.000003 -0.000001  -0.000000 -0.000006 0.000002
57  4.069501 1.811269 4.279048  1.570796 -0.000000 0.000000
58  0.000000 -0.000000 -0.000000  0.000000 0.052360 0.000000
59  0.032300 -4.377938 -4.331139  -0.000000 -0.000000 0.000000
60  -0.002340 -4.618855 4.848104  -0.000000 0.000937 -0.001514
61  -0.000000 0.000000 -0.000000  0.000000 -0.000000 0.000000
62  -0.014019 -4.136677 -0.422642  0.000001 -0.000000 0.000000
63  0.014022 0.341392 9.682304  0.000000 0.000937 -0.001514
64  0.003298 0.000005 -3.521831  0.000000 -0.000000 -0.000000
65  -0.000369 3.795277 -5.737836  0.000000 -0.000000 0.000000
66  -0.000000 0.000000 0.000000  -0.000001 0.000000 0.000000
67  -0.000000 -0.000000 -0.000000  -0.000000 -0.000000 -0.000000
68  -0.000000 0.000000 -0.000000  -0.000000 0.000000 0.000000
69  0.000003 -3.795290 9.259664  -0.000000 0.000937 -0.001514
70  7.999999 0.000001 -0.000000  0.000001 -0.052360 -0.000000
71  -4.069616 1.811259 4.279059  1.570796 -0.000000 0.000000
72  0.000000 -0.000000 -0.000000  0.000000 -0.052360 0.000000
73  0.000003 -3.795289 9.259665  -0.001320 -0.008192 0.060729
74  0.000000 0.000000 0.000000  0.000000 0.000000 0.000000
75  0.014020 -4.136677 -0.422641  0.000001 0.000000 -0.000000
76  -0.014018 0.341393 9.682305  -0.000000 0.000937 -0.001514
77  0.003297 0.000005 -3.521831  0.000000 -0.000000 -0.000000
78  -0.000369 3.795275 -5.737837  0.000000 0.000000 0.000000
79  -0.000000 0.000000 0.000000  -0.000000 0.000000 0.000000
80  -0.000000 0.000000 -0.000000  -0.000000 -0.000000 -0.000000
81  0.000000 0.000000 0.000000  -0.000000 -0.000000 -0.000000
82  -0.062978 -4.612901 4.868224  -0.000000 0.000937 -0.001514
83  0.032300 -4.377938 -4.331139  -0.000000 0.000000 -0.000000
84  -8.000000 0.000001 0.000000  0.000001 0.052360 0.000000
85  0.000156 0.385903 39.987263  1.570796 -0.000000 0.000000
86  -0.000161 -1.420346 0.919518  0.000000 -0.000000 0.000000
87  0.000005 3.345128 -2.981901  1.570796 0.083187 1.570796
88  0.000000 -0.000000 -0.000000  0.000000 0.000000 0.000000
89  0.000003 0.000000 -0.000000  -0.000000 -0.000000 -0.003106
90  4.018316 -0.012484 -0.000000  -0.000000 -0.000000 -0.000000
91  0.000005 -0.000000 0.000000  -0.000000 0.000000 -0.032354
92  3.516729 -0.113802 -0.000000  0.000000 -0.000000 -0.000000
93  0.000002 -0.000000 0.000000  0.000000 0.000000 0.067981
94  8.921986 0.607517 -0.000001  -0.000000 -0.000000 -0.000000
95  -0.000000 -0.000000 0.000000  0.000000 0.000000 0.262078
96  3.194337 0.856892 -0.000000  0.000000 -0.000000 -0.000000
97  0.000001 0.000000 0.000000  3.141590 -0.000000 0.662566
98  2.833353 2.210629 -0.000000  0.000000 -0.000000 -0.000000
99  -0.000002 -0.000000 0.000000  3.141590 -0.000000 0.255978
100  1.704618 1.493419 1.937660  -1.544954 -1.855079 0.063449
101  -0.000001 0.000001 0.000000  0.000000 0.000000 0.000001
102  1.704624 1.493426 -1.937611  1.473111 1.855076 0.063436
103  -0.000003 0.000003 0.000001  0.000000 0.000000 -0.000001
104  7.723854 1.956159 58.484589  1.570796 -0.000000 0.000000
105  0.000000 0.000001 -0.000000  0.000000 -0.000000 0.000000
106  14.952688 -17.686636 -0.395722  0.000001 -0.000000 0.000000
107  0.000000 9.000000 -0.000003  0.000000 -0.000000 0.000000
108  0.000000 0.000001 -0.000000  0.000000 -0.000000 0.000000
109  0.000000 0.000002 -9.999998  0.000000 -0.000000 0.000000
110  0.000000 0.000002 0.000000  0.000001 -0.000000 0.000000
111  15.264428 2.505456 49.565292  -0.015813 0.868860 -0.020712
112  11.481673 -0.000034 -0.000029  1.573178 -0.106616 0.044195
113  -0.000001 0.000004 0.000000  -0.000000 0.000000 0.000002
114  -0.000001 0.000000 0.000000  -0.000000 -0.000000 0.000000
115  -0.000001 0.000000 0.000000  0.000000 0.000000 0.000000
116  -7.723807 1.956140 58.484608  1.570796 -0.000000 0.000000
117  0.000000 0.000001 -0.000000  0.000000 -0.000000 0.000000
118  -14.952740 -17.686594 -0.395684  0.000001 -0.000000 0.000000
119  0.000000 9.000000 -0.000003  0.000000 -0.000000 0.000000
120  0.000000 0.000024 -0.000000  0.000000 -0.000000 0.000000
121  0.000000 -0.000021 -9.999999  0.000000 -0.000000 0.000000
122  0.000000 0.000002 0.000000  0.000001 -0.000000 0.000000
123  -15.264407 2.505418 49.565334  0.015813 2.272735 0.020712
124  11.481701 -0.000054 -0.000002  -1.564933 0.106603 0.044183
125  -0.000003 -0.000001 -0.000000  -0.000000 0.000000 -0.000003
126  0.000003 0.000001 -0.000000  -0.000000 -0.000000 -0.000000
127  0.000003 0.000001 0.000000  0.000000 0.000000 -0.000000
128  3.890447 -0.533611 38.566914  1.570796 -0.000000 0.000000
129  0.000000 -0.000000 0.000000  0.000000 -0.000000 0.000000
130  0.000000 -0.000002 -9.999999  0.000000 -0.000000 0.000000
131  0.000000 -0.000002 -0.000000  0.000000 -0.000000 0.000000
132  -3.890457 -0.533622 38.566921  1.570796 -0.000000 0.000000
133  0.000000 -0.000000 0.000000  0.000000 -0.000000 0.000000
134  0.000000 -0.000002 -9.999999  0.000000 -0.000000 0.000000
135  0.000000 -0.000002 -0.000000  0.000000 -0.000000 0.000000
time 45
0  0.000000 0.000000 0.000000  1.570796 -0.000000 0.000000
1  -2.428203 -6.287415 30.323071  1.911895 -0.030490 0.614835
2  -0.000000 0.000001 -0.000000  -0.000000 0.000000 -0.000000
3  3.890452 -0.000002 -0.000002  -1.349092 -1.081221 -1.673005
4  17.848177 0.000005 0.000000  0.000000 -0.000000 1.400044
5  15.638506 0.000001 0.000001  0.455379 0.657480 -1.477768
6  7.109930 0.000000 0.000001  -0.007119 -0.003131 -0.631738
7  -3.890452 0.000005 0.000007  -0.687641 -0.121345 -1.700703
8  17.848173 0.000001 -0.000001  0.000000 0.000000 1.310392
9  15.638511 -0.000001 0.000000  0.101520 -0.253573 -1.314105
10  7.109930 -0.000000 0.000000  -0.081154 -0.003131 -0.631749
11  -0.044717 2.528785 4.661500  -0.043044 0.018711 -0.004289
12  4.041915 4.954660 -8.467939  -0.000000 -0.392699 0.000000
13  0.109382 3.345129 -2.981902  1.578771 0.086350 1.554010
14  4.018334 -0.000001 0.000001  0.135214 -0.129422 0.407697
15  3.518557 0.000001 -0.000000  0.160721 -0.140987 0.463559
16  8.942643 0.000005 0.000000  0.077464 -0.013974 -0.025106
17  3.306639 0.000008 0.000000  3.138800 0.000567 0.400476
18  3.593708 -0.000003 -0.000001  -0.862347 -0.031459 1.070180
19  2.033342 1.000774 1.101697  0.225348 -1.766074 -1.984006
20  6.809416 0.000008 -0.000008  -2.208772 -0.624520 0.062888
21  12.391794 0.000002 -0.000005  -0.000000 -0.000000 -2.269532
22  9.337076 0.000002 -0.000025  0.679471 -0.496252 0.504837
23  3.859711 -0.142429 -1.191951  -0.513267 0.072291 -1.288225
24  1.312563 -0.000003 0.000002  -0.163028 0.224047 -1.466962
25  0.729367 0.000002 0.000001  -0.068871 0.147979 -0.913117
26  3.942328 0.046741 -0.431419  -0.157261 0.007109 -0.685616
27  1.539092 0.000011 -0.000010  -0.068563 0.062695 -1.808644
28  1.196324 0.000010 -0.000013  -0.005433 0.026725 -0.524005
29  4.454025 -0.070203 0.572078  0.095490 -0.008587 -0.706335
30  1.426597 0.000003 -0.000005  0.055908 -0.087976 -1.504206
31  1.322469 -0.000001 0.000003  0.009312 -0.033625 -0.575065
32  4.477065 -0.028573 1.582472  0.481653 -0.035390 -1.246096
33  1.344417 0.000004 -0.000001  0.023466 -0.208305 -0.755723
34  1.224671 0.000005 -0.000003  0.026043 -0.124620 -0.538676
35  2.630325 -0.345016 1.907212  -0.354022 -0.915164 -1.788195
36  1.059292 -0.000003 0.000002  -0.001067 -0.012855 0.250988
37  0.781211 0.000004 -0.000002  -0.000096 -0.003210 0.062757
38  2.033352 1.000782 -1.101647  -0.385863 2.044392 -2.115891
39  6.809413 -0.000004 0.000004  1.628311 0.922046 -0.556393
40  12.391794 0.000003 -0.000004  0.000000 0.000000 -2.118412
41  9.337102 0.000000 0.000001  -1.216235 0.355780 0.230354
42  3.859663 -0.132560 1.193144  0.496252 -0.084188 -1.020002
43  1.312561 -0.000006 0.000006  0.002473 -0.011672 -0.648526
44  0.729361 0.000000 -0.000003  0.001269 -0.005997 -0.453119
45  3.942294 0.050339 0.431072  0.165221 -0.054731 -0.962464
46  1.539099 -0.000008 -0.000000  0.001211 -0.005724 -0.456616
47  1.196322 0.000000 0.000006  0.002002 -0.009447 -0.639614
48  4.453991 -0.073769 -0.571669  -0.109443 0.013445 -0.891670
49  1.426598 -0.000002 0.000003  -0.004063 0.060051 -0.864118
50  1.322467 -0.000001 0.000002  -0.018852 0.042075 -0.864931
51  4.477036 -0.043466 -1.581286  -0.566918 0.063111 -0.913942
52  1.344412 -0.000000 0.000003  -0.041095 0.219416 -0.844574
53  1.224670 0.000003 0.000005  -0.071919 0.176049 -0.852213
54  2.630292 -0.359836 -1.904286  0.822008 0.137651 -1.254011
55  1.059289 0.000000 0.000003  -0.000599 -0.000009 0.000000
56  0.781201 -0.000003 0.000000  0.000000 -0.000006 0.000002
57  4.069501 1.811269 4.279048  1.570796 -0.000000 0.000000
58  0.000000 -0.000000 -0.000000  0.000000 0.052360 0.000000
59  0.032300 -4.377938 -4.331139  -0.000000 -0.000000 0.000000
60  -0.002340 -4.618855 4.848104  -0.000000 0.000937 -0.001514
61  -0.000000 0.000000 -0.000000  0.000000 -0.000000 0.000000
62  -0.014019 -4.136677 -0.422642  0.000001 -0.000000 0.000000
63  0.014022 0.341392 9.682304  0.000000 0.000937 -0.001514
64  0.003298 0.000005 -3.521831  0.000000 -0.000000 -0.000000
65  -0.000369 3.795277 -5.737836  0.000000 -0.000000 0.000000
66  -0.000000 0.000000 0.000000  -0.000001 0.000000 0.000000
67  -0.000000 -0.000000 -0.000000  -0.000000 -0.000000 -0.000000
68  -0.000000 0.000000 -0.000000  -0.000000 0.000000 0.000000
69  0.000003 -3.795290 9.259664  -0.000000 0.000937 -0.001514
70  7.999999 0.000001 -0.000000  0.000001 -0.052360 -0.000000
71  -4.069616 1.811259 4.279059  1.570796 -0.000000 0.000000
72  0.000000 -0.000000 -0.000000  0.000000 -0.052360 0.000000
73  0.000003 -3.795289 9.259665  -0.001320 -0.008192 0.060729
74  0.000000 0.000000 0.000000  0.000000 0.000000 0.000000
75  0.014020 -4.136677 -0.422641  0.000001 0.000000 -0.000000
76  -0.014018 0.341393 9.682305  -0.000000 0.000937 -0.001514
77  0.003297 0.000005 -3.521831  0.000000 -0.000000 -0.000000
78  -0.000369 3.795275 -5.737837  0.000000 0.000000 0.000000
79  -0.000000 0.000000 0.000000  -0.000000 0.000000 0.000000
80  -0.000000 0.000000 -0.000000  -0.000000 -0.000000 -0.000000
81  0.000000 0.000000 0.000000  -0.000000 -0.000000 -0.000000
82  -0.062978 -4.612901 4.868224  -0.000000 0.000937 -0.001514
83  0.032300 -4.377938 -4.331139  -0.000000 0.000000 -0.000000
84  -8.000000 0.000001 0.000000  0.000001 0.052360 0.000000
85  0.000156 0.385903 39.987263  1.570796 -0.000000 0.000000
86  -0.000161 -1.420346 0.919518  0.000000 -0.000000 0.000000
87  0.000005 3.345128 -2.981901  1.570796 0.083187 1.570796
88  0.000000 -0.000000 -0.000000  0.000000 0.000000 0.000000
89  0.000003 0.000000 -0.000000  -0.000000 -0.000000 -0.003106
90  4.018316 -0.012484 -0.000000  -0.000000 -0.000000 -0.000000
91  0.000005 -0.000000 0.000000  -0.000000 0.000000 -0.032354
92  3.516729 -0.113802 -0.000000  0.000000 -0.000000 -0.000000
93  0.000002 -0.000000 0.000000  0.000000 0.000000 0.067981
94  8.921986 0.607517 -0.000001  -0.000000 -0.000000 -0.000000
95  -0.000000 -0.000000 0.000000  0.000000 0.000000 0.262078
96  3.194337 0.856892 -0.000000  0.000000 -0.000000 -0.000000
97  0.000001 0.000000 0.000000  3.141590 -0.000000 0.662566
98  2.833353 2.210629 -0.000000  0.000000 -0.000000 -0.000000
99  -0.000002 -0.000000 0.000000  3.141590 -0.000000 0.255978
100  1.704618 1.493419 1.937660  -1.544954 -1.855079 0.063449
101  -0.000001 0.000001 0.000000  0.000000 0.000000 0.000001
102  1.704624 1.493426 -1.937611  1.473111 1.855076 0.063436
103  -0.000003 0.000003 0.000001  0.000000 0.000000 -0.000001
104  7.723854 1.956159 58.484589  1.570796 -0.000000 0.000000
105  0.000000 0.000001 -0.000000  0.000000 -0.000000 0.000000
106  14.952688 -17.686636 -0.395722  0.000001 -0.000000 0.000000
107  0.000000 9.000000 -0.000003  0.000000 -0.000000 0.000000
108  0.000000 0.000001 -0.000000  0.000000 -0.000000 0.000000
109  0.000000 0.000002 -9.999998  0.000000 -0.000000 0.000000
110  0.000000 0.000002 0.000000  0.000001 -0.000000 0.000000
111  15.264428 2.505456 49.565292  -0.015813 0.868860 -0.020712
112  11.481673 -0.000034 -0.000029  1.573178 -0.106616 0.044195
113  -0.000001 0.000004 0.000000  -0.000000 0.000000 0.000002
114  -0.000001 0.000000 0.000000  -0.000000 -0.000000 0.000000
115  -0.000001 0.000000 0.000000  0.000000 0.000000 0.000000
116  -7.723807 1.956140 58.484608  1.570796 -0.000000 0.000000
117  0.000000 0.000001 -0.000000  0.000000 -0.000000 0.000000
118  -14.952740 -17.686594 -0.395684  0.000001 -0.000000 0.000000
119  0.000000 9.000000 -0.000003  0.000000 -0.000000 0.000000
120  0.000000 0.000024 -0.000000  0.000000 -0.000000 0.000000
121  0.000000 -0.000021 -9.999999  0.000000 -0.000000 0.000000
122  0.000000 0.000002 0.000000  0.000001 -0.000000 0.000000
123  -15.264407 2.505418 49.565334  0.015813 2.272735 0.020712
124  11.481701 -0.000054 -0.000002  -1.564933 0.106603 0.044183
125  -0.000003 -0.000001 -0.000000  -0.000000 0.000000 -0.000003
126  0.000003 0.000001 -0.000000  -0.000000 -0.000000 -0.000000
127  0.000003 0.000001 0.000000  0.000000 0.000000 -0.000000
128  3.890447 -0.533611 38.566914  1.570796 -0.000000 0.000000
129  0.000000 -0.000000 0.000000  0.000000 -0.000000 0.000000
130  0.000000 -0.000002 -9.999999  0.000000 -0.000000 0.000000
131  0.000000 -0.000002 -0.000000  0.000000 -0.000000 0.000000
132  -3.890457 -0.533622 38.566921  1.570796 -0.000000 0.000000
133  0.000000 -0.000000 0.000000  0.000000 -0.000000 0.000000
134  0.000000 -0.000002 -9.999999  0.000000 -0.000000 0.000000
135  0.000000 -0.000002 -0.000000  0.000000 -0.000000 0.000000
time 46
0  0.000000 0.000000 0.000000  1.570796 -0.000000 0.000000
1  -2.314919 -5.789703 30.621536  1.897198 -0.019033 0.576359
2  0.000000 0.000002 0.000000  0.000000 -0.000000 0.000000
3  3.890452 -0.000002 -0.000003  -1.337066 -1.060829 -1.677509
4  17.848177 0.000006 -0.000000  0.000000 -0.000000 1.378246
5  15.638507 0.000000 -0.000001  0.423033 0.616332 -1.475362
6  7.109930 0.000000 0.000000  -0.007119 -0.003131 -0.631738
7  -3.890452 0.000007 0.000006  -0.654653 -0.128430 -1.700703
8  17.848173 0.000001 -0.000002  0.000000 -0.000000 1.309905
9  15.638510 0.000000 0.000000  0.137375 -0.216438 -1.373124
10  7.109931 -0.000002 0.000000  -0.081154 -0.003131 -0.631749
11  -0.044716 2.528784 4.661500  -0.043174 0.016582 0.003247
12  4.041916 4.954660 -8.467939  0.000000 -0.392699 -0.000000
13  0.070320 3.345132 -2.981901  1.576400 0.086378 1.560098
14  4.018325 0.000000 -0.000000  0.131010 -0.126354 0.405071
15  3.518565 -0.000006 0.000001  0.156359 -0.137679 0.460792
16  8.942642 0.000004 0.000001  0.076604 -0.013926 -0.025546
17  3.306644 0.000002 0.000002  3.138800 0.000567 0.400476
18  3.593709 0.000002 0.000001  -0.817880 -0.029339 1.078028
19  2.033346 1.000772 1.101699  0.218333 -1.759381 -1.976372
20  6.809413 0.000007 -0.000002  -2.226655 -0.656869 0.068378
21  12.391792 0.000002 -0.000006  0.000000 0.000000 -2.301623
22  9.337076 0.000001 -0.000025  0.640214 -0.455283 0.524223
23  3.859707 -0.142429 -1.191950  -0.513267 0.072291 -1.288225
24  1.312561 -0.000004 -0.000000  -0.163028 0.224047 -1.466962
25  0.729364 -0.000001 0.000003  -0.068871 0.147979 -0.913117
26  3.942330 0.046744 -0.431422  -0.157261 0.007109 -0.685616
27  1.539092 0.000012 -0.000007  -0.068563 0.062695 -1.808644
28  1.196325 0.000006 -0.000008  -0.005433 0.026725 -0.524005
29  4.454021 -0.070203 0.572079  0.095490 -0.008587 -0.706335
30  1.426598 -0.000004 0.000000  0.055908 -0.087976 -1.504206
31  1.322465 -0.000002 0.000001  0.009312 -0.033625 -0.575065
32  4.477061 -0.028573 1.582474  0.481653 -0.035390 -1.246096
33  1.344417 0.000001 0.000001  0.023466 -0.208305 -0.755723
34  1.224670 0.000008 0.000000  0.026043 -0.124620 -0.538676
35  2.630323 -0.345016 1.907215  -0.354022 -0.915164 -1.788195
36  1.059288 -0.000002 0.000005  -0.001067 -0.012855 0.250988
37  0.781206 0.000003 0.000005  -0.000096 -0.003210 0.062757
38  2.033356 1.000775 -1.101644  -0.335413 2.021805 -2.057418
39  6.809416 -0.000002 0.000002  1.573982 0.851355 -0.597341
40  12.391791 0.000002 -0.000006  0.000000 -0.000000 -2.096074
41  9.337105 -0.000001 0.000002  -1.216683 0.356237 0.228887
42  3.859663 -0.132557 1.193138  0.497930 -0.072598 -1.041432
43  1.312560 -0.000004 0.000012  0.002608 -0.011643 -0.660146
44  0.729360 0.000001 -0.000001  0.001339 -0.005982 -0.464739
45  3.942291 0.050340 0.431070  0.166560 -0.050474 -0.987924
46  1.539095 -0.000009 -0.000007  0.001278 -0.005709 -0.468236
47  1.196321 -0.000000 0.000004  0.002112 -0.009423 -0.651234
48  4.453986 -0.073769 -0.571670  -0.109443 0.013445 -0.891670
49  1.426599 0.000003 -0.000007  -0.004063 0.060051 -0.864118
50  1.322467 -0.000003 0.000002  -0.018852 0.042075 -0.864931
51  4.477036 -0.043464 -1.581291  -0.566918 0.063111 -0.913942
52  1.344413 -0.000004 0.000001  -0.041095 0.219416 -0.844574
53  1.224673 0.000006 0.000004  -0.071919 0.176037 -0.852213
54  2.630292 -0.359834 -1.904288  0.822008 0.137651 -1.254011
55  1.059288 -0.000000 0.000003  -0.000599 -0.000009 0.000000
56  0.781205 -0.000003 -0.000001  -0.000000 -0.000006 0.000002
57  4.069501 1.811269 4.279048  1.570796 -0.000000 0.000000
58  0.000000 -0.000000 -0.000000  0.000000 0.052360 0.000000
59  0.032300 -4.377938 -4.331139  -0.000000 -0.000000 0.000000
60  -0.002340 -4.618855 4.848104  -0.000000 0.000937 -0.001514
61  -0.000000 0.000000 -0.000000  0.000000 -0.000000 0.000000
62  -0.014019 -4.136677 -0.422642  0.000001 -0.000000 0.000000
63  0.014022 0.341392 9.682304  0.000000 0.000937 -0.001514
64  0.003298 0.000005 -3.521831  0.000000 -0.000000 -0.000000
65  -0.000369 3.795277 -5.737836  0.000000 -0.000000 0.000000
66  -0.000000 0.000000 0.000000  -0.000001 0.000000 0.000000
67  -0.000000 -0.000000 -0.000000  -0.000000 -0.000000 -0.000000
68  -0.000000 0.000000 -0.000000  -0.000000 0.000000 0.000000
69  0.000003 -3.795290 9.259664  -0.000000 0.000937 -0.001514
70  7.999999 0.000001 -0.000000  0.000001 -0.052360 -0.000000
71  -4.069616 1.811259 4.279059  1.570796 -0.000000 0.000000
72  0.000000 -0.000000 -0.000000  0.000000 -0.052360 0.000000
73  0.000003 -3.795289 9.259665  -0.001320 -0.008192 0.060729
74  0.000000 0.000000 0.000000  0.000000 0.000000 0.000000
75  0.014020 -4.136677 -0.422641  0.000001 0.000000 -0.000000
76  -0.014018 0.341393 9.682305  -0.000000 0.000937 -0.001514
77  0.003297 0.000005 -3.521831  0.000000 -0.000000 -0.000000
78  -0.000369 3.795275 -5.737837  0.000000 0.000000 0.000000
79  -0.000000 0.000000 0.000000  -0.000000 0.000000 0.000000
80  -0.000000 0.000000 -0.000000  -0.000000 -0.000000 -0.000000
81  0.000000 0.000000 0.000000  -0.000000 -0.000000 -0.000000
82  -0.062978 -4.612901 4.868224  -0.000000 0.000937 -0.001514
83  0.032300 -4.377938 -4.331139  -0.000000 0.000000 -0.000000
84  -8.000000 0.000001 0.000000  0.000001 0.052360 0.000000
85  0.000156 0.385903 39.987263  1.570796 -0.000000 0.000000
86  -0.000161 -1.420346 0.919518  0.000000 -0.000000 0.000000
87  0.000005 3.345128 -2.981901  1.570796 0.083187 1.570796
88  0.000000 -0.000000 -0.000000  0.000000 0.000000 0.000000
89  0.000003 0.000000 -0.000000  -0.000000 -0.000000 -0.003106
90  4.018316 -0.012484 -0.000000  -0.000000 -0.000000 -0.000000
91  0.000005 -0.000000 0.000000  -0.000000 0.000000 -0.032354
92  3.516729 -0.113802 -0.000000  0.000000 -0.000000 -0.000000
93  0.000002 -0.000000 0.000000  0.000000 0.000000 0.067981
94  8.921986 0.607517 -0.000001  -0.000000 -0.000000 -0.000000
95  -0.000000 -0.000000 0.000000  0.000000 0.000000 0.262078
96  3.194337 0.856892 -0.000000  0.000000 -0.000000 -0.000000
97  0.000001 0.000000 0.000000  3.141590 -0.000000 0.662566
98  2.833353 2.210629 -0.000000  0.000000 -0.000000 -0.000000
99  -0.000002 -0.000000 0.000000  3.141590 -0.000000 0.255978
100  1.704618 1.493419 1.937660  -1.544954 -1.855079 0.063449
101  -0.000001 0.000001 0.000000  0.000000 0.000000 0.000001
102  1.704624 1.493426 -1.937611  1.473111 1.855076 0.063436
103  -0.000003 0.000003 0.000001  0.000000 0.000000 -0.000001
104  7.723854 1.956159 58.484589  1.570796 -0.000000 0.000000
105  0.000000 0.000001 -0.000000  0.000000 -0.000000 0.000000
106  14.952688 -17.686636 -0.395722  0.000001 -0.000000 0.000000
107  0.000000 9.000000 -0.000003  0.000000 -0.000000 0.000000
108  0.000000 0.000001 -0.000000  0.000000 -0.000000 0.000000
109  0.000000 0.000002 -9.999998  0.000000 -0.000000 0.000000
110  0.000000 0.000002 0.000000  0.000001 -0.000000 0.000000
111  15.264428 2.505456 49.565292  -0.015813 0.868860 -0.020712
112  11.481673 -0.000034 -0.000029  1.573178 -0.106616 0.044195
113  -0.000001 0.000004 0.000000  -0.000000 0.000000 0.000002
114  -0.000001 0.000000 0.000000  -0.000000 -0.000000 0.000000
115  -0.000001 0.000000 0.000000  0.000000 0.000000 0.000000
116  -7.723807 1.956140 58.484608  1.570796 -0.000000 0.000000
117  0.000000 0.000001 -0.000000  0.000000 -0.000000 0.000000
118  -14.952740 -17.686594 -0.395684  0.000001 -0.000000 0.000000
119  0.000000 9.000000 -0.000003  0.000000 -0.000000 0.000000
120  0.000000 0.000024 -0.000000  0.000000 -0.000000 0.000000
121  0.000000 -0.000021 -9.999999  0.000000 -0.000000 0.000000
122  0.000000 0.000002 0.000000  0.000001 -0.000000 0.000000
123  -15.264407 2.505418 49.565334  0.015813 2.272735 0.020712
124  11.481701 -0.000054 -0.000002  -1.564933 0.106603 0.044183
125  -0.000003 -0.000001 -0.000000  -0.000000 0.000000 -0.000003
126  0.000003 0.000001 -0.000000  -0.000000 -0.000000 -0.000000
127  0.000003 0.000001 0.000000  0.000000 0.000000 -0.000000
128  3.890447 -0.533611 38.566914  1.570796 -0.000000 0.000000
129  0.000000 -0.000000 0.000000  0.000000 -0.000000 0.000000
130  0.000000 -0.000002 -9.999999  0.000000 -0.000000 0.000000
131  0.000000 -0.000002 -0.000000  0.000000 -0.000000 0.000000
132  -3.890457 -0.533622 38.566921  1.570796 -0.000000 0.000000
133  0.000000 -0.000000 0.000000  0.000000 -0.000000 0.000000
134  0.000000 -0.000002 -9.999999  0.000000 -0.000000 0.000000
135  0.000000 -0.000002 -0.000000  0.000000 -0.000000 0.000000
time 47
0  0.000000 0.000000 0.000000  1.570796 -0.000000 0.000000
1  -2.217260 -5.241205 30.950878  1.880631 -0.005867 0.533481
2  0.000000 -0.000002 0.000000  0.000000 0.000000 -0.000000
3  3.890453 -0.000004 -0.000003  -1.329717 -1.038687 -1.675209
4  17.848179 0.000002 -0.000000  -0.000000 0.000000 1.352643
5  15.638506 0.000001 -0.000000  0.388344 0.573057 -1.469821
6  7.109930 -0.000000 0.000001  -0.007119 -0.003131 -0.631738
7  -3.890451 0.000004 0.000006  -0.621188 -0.121837 -1.689540
8  17.848169 0.000001 -0.000001  0.000000 0.000000 1.284234
9  15.638509 0.000001 0.000001  0.161000 -0.171475 -1.416576
10  7.109930 -0.000000 -0.000000  -0.081154 -0.003131 -0.631749
11  -0.044716 2.528781 4.661500  -0.043304 0.013977 0.010982
12  4.041916 4.954657 -8.467939  0.000000 -0.392699 -0.000000
13  0.023444 3.345129 -2.981901  1.573490 0.086378 1.566186
14  4.018332 -0.000001 0.000000  0.126986 -0.123154 0.400427
15  3.518563 0.000002 -0.000000  0.152019 -0.134503 0.456322
16  8.942640 0.000004 -0.000001  0.075341 -0.014561 -0.025106
17  3.306637 0.000002 -0.000001  3.138800 0.000567 0.400476
18  3.593709 -0.000002 -0.000000  -0.771514 -0.031801 1.083778
19  2.033343 1.000769 1.101696  0.210697 -1.752591 -1.968198
20  6.809414 0.000002 -0.000000  -2.238035 -0.687013 0.072354
21  12.391796 0.000002 -0.000000  0.000000 0.000000 -2.314239
22  9.337078 0.000001 -0.000029  0.602564 -0.414280 0.540493
23  3.859710 -0.142431 -1.191959  -0.513267 0.072291 -1.288225
24  1.312560 -0.000005 -0.000001  -0.163028 0.224047 -1.466962
25  0.729364 0.000001 -0.000002  -0.068871 0.147979 -0.913117
26  3.942325 0.046742 -0.431427  -0.157261 0.007109 -0.685616
27  1.539096 0.000009 -0.000007  -0.068563 0.062695 -1.808644
28  1.196328 0.000009 -0.000011  -0.005433 0.026725 -0.524005
29  4.454022 -0.070202 0.572070  0.095490 -0.008587 -0.706366
30  1.426600 -0.000003 -0.000001  0.055908 -0.087976 -1.504206
31  1.322466 0.000001 0.000002  0.009312 -0.033625 -0.575065
32  4.477064 -0.028575 1.582469  0.481653 -0.035390 -1.246096
33  1.344416 0.000002 -0.000004  0.023466 -0.208305 -0.755723
34  1.224675 0.000005 0.000003  0.026043 -0.124620 -0.538676
35  2.630322 -0.345019 1.907208  -0.354022 -0.915164 -1.788195
36  1.059291 -0.000002 0.000001  -0.001067 -0.012843 0.250988
37  0.781212 0.000004 -0.000003  -0.000096 -0.003210 0.062757
38  2.033353 1.000771 -1.101646  -0.286016 2.003023 -2.001149
39  6.809417 -0.000002 0.000001  1.530539 0.780182 -0.624353
40  12.391791 0.000002 -0.000001  0.000000 0.000000 -2.076897
41  9.337105 -0.000002 0.000001  -1.217259 0.356542 0.228282
42  3.859662 -0.132558 1.193139  0.499140 -0.062893 -1.059298
43  1.312561 -0.000007 0.000007  0.002677 -0.011627 -0.666113
44  0.729362 0.000001 -0.000005  0.001374 -0.005974 -0.470706
45  3.942289 0.050341 0.431071  0.167606 -0.046854 -1.009415
46  1.539096 -0.000007 -0.000007  0.001312 -0.005702 -0.474203
47  1.196321 -0.000002 0.000001  0.002168 -0.009411 -0.657201
48  4.453986 -0.073766 -0.571669  -0.109443 0.013445 -0.891670
49  1.426600 -0.000003 -0.000003  -0.004063 0.060051 -0.864118
50  1.322465 -0.000000 0.000002  -0.018852 0.042075 -0.864931
51  4.477036 -0.043465 -1.581290  -0.566918 0.063111 -0.913942
52  1.344414 -0.000002 -0.000004  -0.041095 0.219416 -0.844574
53  1.224674 -0.000003 0.000008  -0.071919 0.176049 -0.852213
54  2.630290 -0.359832 -1.904283  0.822008 0.137651 -1.254011
55  1.059290 -0.000001 0.000004  -0.000599 -0.000009 0.000000
56  0.781204 -0.000005 0.000004  0.000000 -0.000006 0.000002
57  4.069501 1.811269 4.279048  1.570796 -0.000000 0.000000
58  0.000000 -0.000000 -0.000000  0.000000 0.052360 0.000000
59  0.032300 -4.377938 -4.331139  -0.000000 -0.000000 0.000000
60  -0.002340 -4.618855 4.848104  -0.000000 0.000937 -0.001514
61  -0.000000 0.000000 -0.000000  0.000000 -0.000000 0.000000
62  -0.014019 -4.136677 -0.422642  0.000001 -0.000000 0.000000
63  0.014022 0.341392 9.682304  0.000000 0.000937 -0.001514
64  0.003298 0.000005 -3.521831  0.000000 -0.000000 -0.000000
65  -0.000369 3.795277 -5.737836  0.000000 -0.000000 0.000000
66  -0.000000 0.000000 0.000000  -0.000001 0.000000 0.000000
67  -0.000000 -0.000000 -0.000000  -0.000000 -0.000000 -0.000000
68  -0.000000 0.000000 -0.000000  -0.000000 0.000000 0.000000
69  0.000003 -3.795290 9.259664  -0.000000 0.000937 -0.001514
70  7.999999 0.000001 -0.000000  0.000001 -0.052360 -0.000000
71  -4.069616 1.811259 4.279059  1.570796 -0.000000 0.000000
72  0.000000 -0.000000 -0.000000  0.000000 -0.052360 0.000000
73  0.000003 -3.795289 9.259665  -0.001320 -0.008192 0.060729
74  0.000000 0.000000 0.000000  0.000000 0.000000 0.000000
75  0.014020 -4.136677 -0.422641  0.000001 0.000000 -0.000000
76  -0.014018 0.341393 9.682305  -0.000000 0.000937 -0.001514
77  0.003297 0.000005 -3.521831  0.000000 -0.000000 -0.000000
78  -0.000369 3.795275 -5.737837  0.000000 0.000000 0.000000
79  -0.000000 0.000000 0.000000  -0.000000 0.000000 0.000000
80  -0.000000 0.000000 -0.000000  -0.000000 -0.000000 -0.000000
81  0.000000 0.000000 0.000000  -0.000000 -0.000000 -0.000000
82  -0.062978 -4.612901 4.868224  -0.000000 0.000937 -0.001514
83  0.032300 -4.377938 -4.331139  -0.000000 0.000000 -0.000000
84  -8.000000 0.000001 0.000000  0.000001 0.052360 0.000000
85  0.000156 0.385903 39.987263  1.570796 -0.000000 0.000000
86  -0.000161 -1.420346 0.919518  0.000000 -0.000000 0.000000
87  0.000005 3.345128 -2.981901  1.570796 0.083187 1.570796
88  0.000000 -0.000000 -0.000000  0.000000 0.000000 0.000000
89  0.000003 0.000000 -0.000000  -0.000000 -0.000000 -0.003106
90  4.018316 -0.012484 -0.000000  -0.000000 -0.000000 -0.000000
91  0.000005 -0.000000 0.000000  -0.000000 0.000000 -0.032354
92  3.516729 -0.113802 -0.000000  0.000000 -0.000000 -0.000000
93  0.000002 -0.000000 0.000000  0.000000 0.000000 0.067981
94  8.921986 0.607517 -0.000001  -0.000000 -0.000000 -0.000000
95  -0.000000 -0.000000 0.000000  0.000000 0.000000 0.262078
96  3.194337 0.856892 -0.000000  0.000000 -0.000000 -0.000000
97  0.000001 0.000000 0.000000  3.141590 -0.000000 0.662566
98  2.833353 2.210629 -0.000000  0.000000 -0.000000 -0.000000
99  -0.000002 -0.000000 0.000000  3.141590 -0.000000 0.255978
100  1.704618 1.493419 1.937660  -1.544954 -1.855079 0.063449
101  -0.000001 0.000001 0.000000  0.000000 0.000000 0.000001
102  1.704624 1.493426 -1.937611  1.473111 1.855076 0.063436
103  -0.000003 0.000003 0.000001  0.000000 0.000000 -0.000001
104  7.723854 1.956159 58.484589  1.570796 -0.000000 0.000000
105  0.000000 0.000001 -0.000000  0.000000 -0.000000 0.000000
106  14.952688 -17.686636 -0.395722  0.000001 -0.000000 0.000000
107  0.000000 9.000000 -0.000003  0.000000 -0.000000 0.000000
108  0.000000 0.000001 -0.000000  0.000000 -0.000000 0.000000
109  0.000000 0.000002 -9.999998  0.000000 -0.000000 0.000000
110  0.000000 0.000002 0.000000  0.000001 -0.000000 0.000000
111  15.264428 2.505456 49.565292  -0.015813 0.868860 -0.020712
112  11.481673 -0.000034 -0.000029  1.573178 -0.106616 0.044195
113  -0.000001 0.000004 0.000000  -0.000000 0.000000 0.000002
114  -0.000001 0.000000 0.000000  -0.000000 -0.000000 0.000000
115  -0.000001 0.000000 0.000000  0.000000 0.000000 0.000000
116  -7.723807 1.956140 58.484608  1.570796 -0.000000 0.000000
117  0.000000 0.000001 -0.000000  0.000000 -0.000000 0.000000
118  -14.952740 -17.686594 -0.395684  0.000001 -0.000000 0.000000
119  0.000000 9.000000 -0.000003  0.000000 -0.000000 0.000000
120  0.000000 0.000024 -0.000000  0.000000 -0.000000 0.000000
121  0.000000 -0.000021 -9.999999  0.000000 -0.000000 0.000000
122  0.000000 0.000002 0.000000  0.000001 -0.000000 0.000000
123  -15.264407 2.505418 49.565334  0.015813 2.272735 0.020712
124  11.481701 -0.000054 -0.000002  -1.564933 0.106603 0.044183
125  -0.000003 -0.000001 -0.000000  -0.000000 0.000000 -0.000003
126  0.000003 0.000001 -0.000000  -0.000000 -0.000000 -0.000000
127  0.000003 0.000001 0.000000  0.000000 0.000000 -0.000000
128  3.890447 -0.533611 38.566914  1.570796 -0.000000 0.000000
129  0.000000 -0.000000 0.000000  0.000000 -0.000000 0.000000
130  0.000000 -0.000002 -9.999999  0.000000 -0.000000 0.000000
131  0.000000 -0.000002 -0.000000  0.000000 -0.000000 0.000000
132  -3.890457 -0.533622 38.566921  1.570796 -0.000000 0.000000
133  0.000000 -0.000000 0.000000  0.000000 -0.000000 0.000000
134  0.000000 -0.000002 -9.999999  0.000000 -0.000000 0.000000
135  0.000000 -0.000002 -0.000000  0.000000 -0.000000 0.000000
time 48
0  0.000000 0.000000 0.000000  1.570796 -0.000000 0.000000
1  -2.139133 -4.672391 31.300806  1.863130 0.006329 0.486200
2  -0.000000 -0.000000 0.000000  0.000000 0.000000 0.000000
3  3.890452 -0.000004 -0.000002  -1.330863 -1.015787 -1.666680
4  17.848175 0.000004 -0.000001  0.000000 0.000000 1.323969
5  15.638505 0.000000 -0.000001  0.354226 0.530231 -1.460124
6  7.109931 -0.000000 0.000001  -0.007119 -0.003131 -0.631738
7  -3.890452 0.000005 0.000007  -0.594206 -0.104568 -1.671188
8  17.848177 0.000001 0.000000  0.000000 -0.000000 1.236793
9  15.638511 0.000002 0.000000  0.179437 -0.121733 -1.450860
10  7.109929 -0.000000 -0.000000  -0.081154 -0.003131 -0.631749
11  -0.044717 2.528785 4.661500  -0.043369 0.011245 0.016673
12  4.041915 4.954657 -8.467939  0.000000 -0.392699 -0.000000
13  -0.011714 3.345128 -2.981901  1.570473 0.086378 1.570264
14  4.018328 -0.000000 -0.000000  0.123370 -0.119846 0.393922
15  3.518559 -0.000002 -0.000001  0.147993 -0.131375 0.450185
16  8.942643 -0.000002 -0.000000  0.073926 -0.015592 -0.023857
17  3.306643 -0.000001 0.000001  3.138800 0.000567 0.400476
18  3.593708 -0.000002 -0.000002  -0.724810 -0.037583 1.087051
19  2.033343 1.000768 1.101699  0.202440 -1.745899 -1.959396
20  6.809414 0.000007 -0.000004  -2.243391 -0.715686 0.073585
21  12.391798 0.000002 -0.000002  -0.000000 -0.000000 -2.301071
22  9.337078 -0.000000 -0.000032  0.567233 -0.373442 0.554859
23  3.859707 -0.142428 -1.191951  -0.513267 0.072291 -1.288225
24  1.312561 -0.000007 0.000007  -0.163028 0.224047 -1.466962
25  0.729365 0.000001 -0.000002  -0.068871 0.147979 -0.913117
26  3.942329 0.046742 -0.431419  -0.157261 0.007109 -0.685616
27  1.539092 0.000010 -0.000007  -0.068563 0.062695 -1.808644
28  1.196321 0.000005 0.000002  -0.005433 0.026725 -0.524005
29  4.454022 -0.070202 0.572079  0.095490 -0.008587 -0.706335
30  1.426597 -0.000005 -0.000000  0.055908 -0.087976 -1.504206
31  1.322468 0.000000 0.000007  0.009312 -0.033625 -0.575065
32  4.477063 -0.028574 1.582477  0.481653 -0.035390 -1.246096
33  1.344420 -0.000002 -0.000002  0.023466 -0.208305 -0.755723
34  1.224671 0.000000 -0.000003  0.026043 -0.124620 -0.538676
35  2.630322 -0.345016 1.907216  -0.354022 -0.915164 -1.788195
36  1.059287 -0.000003 -0.000001  -0.001067 -0.012855 0.250988
37  0.781213 0.000001 -0.000000  -0.000096 -0.003210 0.062757
38  2.033355 1.000769 -1.101644  -0.241980 1.989746 -1.951974
39  6.809413 0.000000 -0.000003  1.497412 0.708658 -0.642590
40  12.391790 0.000002 0.000002  0.000000 0.000000 -2.063035
41  9.337107 0.000001 -0.000002  -1.217835 0.356732 0.228541
42  3.859661 -0.132560 1.193138  0.499952 -0.055410 -1.073035
43  1.312562 -0.000005 0.000001  0.002703 -0.011621 -0.668311
44  0.729361 0.000000 -0.000005  0.001388 -0.005971 -0.472904
45  3.942288 0.050337 0.431072  0.168357 -0.044052 -1.025951
46  1.539094 -0.000006 -0.000007  0.001324 -0.005699 -0.476401
47  1.196323 -0.000002 0.000001  0.002188 -0.009406 -0.659400
48  4.453986 -0.073769 -0.571675  -0.109443 0.013445 -0.891670
49  1.426597 0.000002 -0.000003  -0.004063 0.060051 -0.864118
50  1.322465 -0.000001 0.000000  -0.018852 0.042075 -0.864931
51  4.477036 -0.043466 -1.581295  -0.566918 0.063111 -0.913942
52  1.344413 0.000000 -0.000005  -0.041095 0.219416 -0.844574
53  1.224674 -0.000002 0.000005  -0.071919 0.176049 -0.852213
54  2.630291 -0.359834 -1.904288  0.822008 0.137651 -1.254011
55  1.059289 0.000001 0.000005  -0.000599 -0.000009 0.000000
56  0.781205 -0.000002 -0.000001  -0.000000 -0.000006 0.000002
57  4.069501 1.811269 4.279048  1.570796 -0.000000 0.000000
58  0.000000 -0.000000 -0.000000  0.000000 0.052360 0.000000
59  0.032300 -4.377938 -4.331139  -0.000000 -0.000000 0.000000
60  -0.002340 -4.618855 4.848104  -0.000000 0.000937 -0.001514
61  -0.000000 0.000000 -0.000000  0.000000 -0.000000 0.000000
62  -0.014019 -4.136677 -0.422642  0.000001 -0.000000 0.000000
63  0.014022 0.341392 9.682304  0.000000 0.000937 -0.001514
64  0.003298 0.000005 -3.521831  0.000000 -0.000000 -0.000000
65  -0.000369 3.795277 -5.737836  0.000000 -0.000000 0.000000
66  -0.000000 0.000000 0.000000  -0.000001 0.000000 0.000000
67  -0.000000 -0.000000 -0.000000  -0.000000 -0.000000 -0.000000
68  -0.000000 0.000000 -0.000000  -0.000000 0.000000 0.000000
69  0.000003 -3.795290 9.259664  -0.000000 0.000937 -0.001514
70  7.999999 0.000001 -0.000000  0.000001 -0.052360 -0.000000
71  -4.069616 1.811259 4.279059  1.570796 -0.000000 0.000000
72  0.000000 -0.000000 -0.000000  0.000000 -0.052360 0.000000
73  0.000003 -3.795289 9.259665  -0.001320 -0.008192 0.060729
74  0.000000 0.000000 0.000000  0.000000 0.000000 0.000000
75  0.014020 -4.136677 -0.422641  0.000001 0.000000 -0.000000
76  -0.014018 0.341393 9.682305  -0.000000 0.000937 -0.001514
77  0.003297 0.000005 -3.521831  0.000000 -0.000000 -0.000000
78  -0.000369 3.795275 -5.737837  0.000000 0.000000 0.000000
79  -0.000000 0.000000 0.000000  -0.000000 0.000000 0.000000
80  -0.000000 0.000000 -0.000000  -0.000000 -0.000000 -0.000000
81  0.000000 0.000000 0.000000  -0.000000 -0.000000 -0.000000
82  -0.062978 -4.612901 4.868224  -0.000000 0.000937 -0.001514
83  0.032300 -4.377938 -4.331139  -0.000000 0.000000 -0.000000
84  -8.000000 0.000001 0.000000  0.000001 0.052360 0.000000
85  0.000156 0.385903 39.987263  1.570796 -0.000000 0.000000
86  -0.000161 -1.420346 0.919518  0.000000 -0.000000 0.000000
87  0.000005 3.345128 -2.981901  1.570796 0.083187 1.570796
88  0.000000 -0.000000 -0.000000  0.000000 0.000000 0.000000
89  0.000003 0.000000 -0.000000  -0.000000 -0.000000 -0.003106
90  4.018316 -0.012484 -0.000000  -0.000000 -0.000000 -0.000000
91  0.000005 -0.000000 0.000000  -0.000000 0.000000 -0.032354
92  3.516729 -0.113802 -0.000000  0.000000 -0.000000 -0.000000
93  0.000002 -0.000000 0.000000  0.000000 0.000000 0.067981
94  8.921986 0.607517 -0.000001  -0.000000 -0.000000 -0.000000
95  -0.000000 -0.000000 0.000000  0.000000 0.000000 0.262078
96  3.194337 0.856892 -0.000000  0.000000 -0.000000 -0.000000
97  0.000001 0.000000 0.000000  3.141590 -0.000000 0.662566
98  2.833353 2.210629 -0.000000  0.000000 -0.000000 -0.000000
99  -0.000002 -0.000000 0.000000  3.141590 -0.000000 0.255978
100  1.704618 1.493419 1.937660  -1.544954 -1.855079 0.063449
101  -0.000001 0.000001 0.000000  0.000000 0.000000 0.000001
102  1.704624 1.493426 -1.937611  1.473111 1.855076 0.063436
103  -0.000003 0.000003 0.000001  0.000000 0.000000 -0.000001
104  7.723854 1.956159 58.484589  1.570796 -0.000000 0.000000
105  0.000000 0.000001 -0.000000  0.000000 -0.000000 0.000000
106  14.952688 -17.686636 -0.395722  0.000001 -0.000000 0.000000
107  0.000000 9.000000 -0.000003  0.000000 -0.000000 0.000000
108  0.000000 0.000001 -0.000000  0.000000 -0.000000 0.000000
109  0.000000 0.000002 -9.999998  0.000000 -0.000000 0.000000
110  0.000000 0.000002 0.000000  0.000001 -0.000000 0.000000
111  15.264428 2.505456 49.565292  -0.015813 0.868860 -0.020712
112  11.481673 -0.000034 -0.000029  1.573178 -0.106616 0.044195
113  -0.000001 0.000004 0.000000  -0.000000 0.000000 0.000002
114  -0.000001 0.000000 0.000000  -0.000000 -0.000000 0.000000
115  -0.000001 0.000000 0.000000  0.000000 0.000000 0.000000
116  -7.723807 1.956140 58.484608  1.570796 -0.000000 0.000000
117  0.000000 0.000001 -0.000000  0.000000 -0.000000 0.000000
118  -14.952740 -17.686594 -0.395684  0.000001 -0.000000 0.000000
119  0.000000 9.000000 -0.000003  0.000000 -0.000000 0.000000
120  0.000000 0.000024 -0.000000  0.000000 -0.000000 0.000000
121  0.000000 -0.000021 -9.999999  0.000000 -0.000000 0.000000
122  0.000000 0.000002 0.000000  0.000001 -0.000000 0.000000
123  -15.264407 2.505418 49.565334  0.015813 2.272735 0.020712
124  11.481701 -0.000054 -0.000002  -1.564933 0.106603 0.044183
125  -0.000003 -0.000001 -0.000000  -0.000000 0.000000 -0.000003
126  0.000003 0.000001 -0.000000  -0.000000 -0.000000 -0.000000
127  0.000003 0.000001 0.000000  0.000000 0.000000 -0.000000
128  3.890447 -0.533611 38.566914  1.570796 -0.000000 0.000000
129  0.000000 -0.000000 0.000000  0.000000 -0.000000 0.000000
130  0.000000 -0.000002 -9.999999  0.000000 -0.000000 0.000000
131  0.000000 -0.000002 -0.000000  0.000000 -0.000000 0.000000
132  -3.890457 -0.533622 38.566921  1.570796 -0.000000 0.000000
133  0.000000 -0.000000 0.000000  0.000000 -0.000000 0.000000
134  0.000000 -0.000002 -9.999999  0.000000 -0.000000 0.000000
135  0.000000 -0.000002 -0.000000  0.000000 -0.000000 0.000000
time 49
0  0.000000 0.000000 0.000000  1.570796 -0.000000 0.000000
1  -2.072724 -4.083263 31.630150  1.844780 0.016954 0.435283
2  -0.000000 -0.000001 0.000000  0.000000 -0.000000 -0.000000
3  3.890452 -0.000001 -0.000002  -1.338689 -0.992367 -1.653838
4  17.848175 0.000003 -0.000001  0.000000 -0.000000 1.292734
5  15.638506 0.000001 -0.000001  0.320867 0.488303 -1.446891
6  7.109930 -0.000001 0.000001  -0.007119 -0.003131 -0.631738
7  -3.890452 0.000005 0.000007  -0.577235 -0.078441 -1.648673
8  17.848169 0.000000 -0.000000  -0.000000 0.000000 1.169205
9  15.638512 -0.000001 0.000001  0.199449 -0.089695 -1.489060
10  7.109930 -0.000001 -0.000001  -0.081154 -0.003131 -0.631749
11  -0.044717 2.528785 4.661500  -0.043499 0.008609 0.020120
12  4.041916 4.954659 -8.467939  0.000000 -0.392699 -0.000000
13  -0.046872 3.345129 -2.981901  1.567563 0.086378 1.571978
14  4.018328 -0.000001 0.000000  0.120228 -0.116286 0.385747
15  3.518564 -0.000003 0.000001  0.144428 -0.128115 0.442664
16  8.942644 -0.000003 0.000000  0.072635 -0.016766 -0.021869
17  3.306638 0.000005 0.000000  3.138800 0.000567 0.400476
18  3.593710 -0.000002 -0.000000  -0.678697 -0.045335 1.087471
19  2.033344 1.000767 1.101698  0.193561 -1.739254 -1.950056
20  6.809416 -0.000000 -0.000006  -2.243008 -0.746270 0.071881
21  12.391798 0.000001 0.000001  -0.000000 -0.000000 -2.267876
22  9.337077 -0.000000 -0.000029  0.534221 -0.332472 0.568129
23  3.859706 -0.142429 -1.191956  -0.513267 0.072291 -1.288225
24  1.312561 -0.000005 0.000005  -0.163028 0.224047 -1.466962
25  0.729360 0.000001 -0.000006  -0.068871 0.147979 -0.913117
26  3.942328 0.046740 -0.431423  -0.157261 0.007109 -0.685616
27  1.539096 0.000011 -0.000015  -0.068563 0.062695 -1.808644
28  1.196324 0.000005 -0.000006  -0.005433 0.026725 -0.524005
29  4.454023 -0.070202 0.572074  0.095490 -0.008587 -0.706335
30  1.426600 -0.000004 0.000000  0.055908 -0.087976 -1.504206
31  1.322467 -0.000004 -0.000002  0.009312 -0.033625 -0.575065
32  4.477061 -0.028571 1.582470  0.481653 -0.035390 -1.246096
33  1.344417 0.000006 -0.000005  0.023466 -0.208305 -0.755723
34  1.224672 0.000006 0.000003  0.026043 -0.124620 -0.538676
35  2.630324 -0.345016 1.907215  -0.354022 -0.915164 -1.788195
36  1.059287 -0.000001 0.000000  -0.001067 -0.012855 0.250988
37  0.781212 0.000003 -0.000000  -0.000096 -0.003210 0.062757
38  2.033349 1.000776 -1.101646  -0.207710 1.980841 -1.914015
39  6.809414 0.000000 -0.000000  1.472614 0.637792 -0.656526
40  12.391805 0.000003 -0.000000  0.000000 -0.000000 -2.052693
41  9.337105 -0.000001 -0.000003  -1.218411 0.356846 0.229577
42  3.859661 -0.132560 1.193141  0.500430 -0.050478 -1.082072
43  1.312562 -0.000005 0.000001  0.002707 -0.011620 -0.668625
44  0.729359 0.000001 0.000005  0.001389 -0.005970 -0.473218
45  3.942290 0.050339 0.431070  0.168814 -0.042251 -1.036547
46  1.539095 -0.000007 0.000002  0.001326 -0.005698 -0.476715
47  1.196321 -0.000002 0.000003  0.002191 -0.009405 -0.659714
48  4.453987 -0.073772 -0.571677  -0.109443 0.013445 -0.891670
49  1.426596 0.000000 0.000006  -0.004063 0.060051 -0.864118
50  1.322467 -0.000001 0.000003  -0.018852 0.042075 -0.864931
51  4.477035 -0.043467 -1.581292  -0.566918 0.063111 -0.913942
52  1.344413 0.000002 -0.000001  -0.041095 0.219416 -0.844575
53  1.224670 0.000005 0.000006  -0.071919 0.176049 -0.852213
54  2.630290 -0.359835 -1.904289  0.822008 0.137651 -1.254011
55  1.059291 -0.000001 0.000002  -0.000599 -0.000009 0.000000
56  0.781206 -0.000001 -0.000000  -0.000000 -0.000006 0.000002
57  4.069501 1.811269 4.279048  1.570796 -0.000000 0.000000
58  0.000000 -0.000000 -0.000000  0.000000 0.052360 0.000000
59  0.032300 -4.377938 -4.331139  -0.000000 -0.000000 0.000000
60  -0.002340 -4.618855 4.848104  -0.000000 0.000937 -0.001514
61  -0.000000 0.000000 -0.000000  0.000000 -0.000000 0.000000
62  -0.014019 -4.136677 -0.422642  0.000001 -0.000000 0.000000
63  0.014022 0.341392 9.682304  0.000000 0.000937 -0.001514
64  0.003298 0.000005 -3.521831  0.000000 -0.000000 -0.000000
65  -0.000369 3.795277 -5.737836  0.000000 -0.000000 0.000000
66  -0.000000 0.000000 0.000000  -0.000001 0.000000 0.000000
67  -0.000000 -0.000000 -0.000000  -0.000000 -0.000000 -0.000000
68  -0.000000 0.000000 -0.000000  -0.000000 0.000000 0.000000
69  0.000003 -3.795290 9.259664  -0.000000 0.000937 -0.001514
70  7.999999 0.000001 -0.000000  0.000001 -0.052360 -0.000000
71  -4.069616 1.811259 4.279059  1.570796 -0.000000 0.000000
72  0.000000 -0.000000 -0.000000  0.000000 -0.052360 0.000000
73  0.000003 -3.795289 9.259665  -0.001320 -0.008192 0.060729
74  0.000000 0.000000 0.000000  0.000000 0.000000 0.000000
75  0.014020 -4.136677 -0.422641  0.000001 0.000000 -0.000000
76  -0.014018 0.341393 9.682305  -0.000000 0.000937 -0.001514
77  0.003297 0.000005 -3.521831  0.000000 -0.000000 -0.000000
78  -0.000369 3.795275 -5.737837  0.000000 0.000000 0.000000
79  -0.000000 0.000000 0.000000  -0.000000 0.000000 0.000000
80  -0.000000 0.000000 -0.000000  -0.000000 -0.000000 -0.000000
81  0.000000 0.000000 0.000000  -0.000000 -0.000000 -0.000000
82  -0.062978 -4.612901 4.868224  -0.000000 0.000937 -0.001514
83  0.032300 -4.377938 -4.331139  -0.000000 0.000000 -0.000000
84  -8.000000 0.000001 0.000000  0.000001 0.052360 0.000000
85  0.000156 0.385903 39.987263  1.570796 -0.000000 0.000000
86  -0.000161 -1.420346 0.919518  0.000000 -0.000000 0.000000
87  0.000005 3.345128 -2.981901  1.570796 0.083187 1.570796
88  0.000000 -0.000000 -0.000000  0.000000 0.000000 0.000000
89  0.000003 0.000000 -0.000000  -0.000000 -0.000000 -0.003106
90  4.018316 -0.012484 -0.000000  -0.000000 -0.000000 -0.000000
91  0.000005 -0.000000 0.000000  -0.000000 0.000000 -0.032354
92  3.516729 -0.113802 -0.000000  0.000000 -0.000000 -0.000000
93  0.000002 -0.000000 0.000000  0.000000 0.000000 0.067981
94  8.921986 0.607517 -0.000001  -0.000000 -0.000000 -0.000000
95  -0.000000 -0.000000 0.000000  0.000000 0.000000 0.262078
96  3.194337 0.856892 -0.000000  0.000000 -0.000000 -0.000000
97  0.000001 0.000000 0.000000  3.141590 -0.000000 0.662566
98  2.833353 2.210629 -0.000000  0.000000 -0.000000 -0.000000
99  -0.000002 -0.000000 0.000000  3.141590 -0.000000 0.255978
100  1.704618 1.493419 1.937660  -1.544954 -1.855079 0.063449
101  -0.000001 0.000001 0.000000  0.000000 0.000000 0.000001
102  1.704624 1.493426 -1.937611  1.473111 1.855076 0.063436
103  -0.000003 0.000003 0.000001  0.000000 0.000000 -0.000001
104  7.723854 1.956159 58.484589  1.570796 -0.000000 0.000000
105  0.000000 0.000001 -0.000000  0.000000 -0.000000 0.000000
106  14.952688 -17.686636 -0.395722  0.000001 -0.000000 0.000000
107  0.000000 9.000000 -0.000003  0.000000 -0.000000 0.000000
108  0.000000 0.000001 -0.000000  0.000000 -0.000000 0.000000
109  0.000000 0.000002 -9.999998  0.000000 -0.000000 0.000000
110  0.000000 0.000002 0.000000  0.000001 -0.000000 0.000000
111  15.264428 2.505456 49.565292  -0.015813 0.868860 -0.020712
112  11.481673 -0.000034 -0.000029  1.573178 -0.106616 0.044195
113  -0.000001 0.000004 0.000000  -0.000000 0.000000 0.000002
114  -0.000001 0.000000 0.000000  -0.000000 -0.000000 0.000000
115  -0.000001 0.000000 0.000000  0.000000 0.000000 0.000000
116  -7.723807 1.956140 58.484608  1.570796 -0.000000 0.000000
117  0.000000 0.000001 -0.000000  0.000000 -0.000000 0.000000
118  -14.952740 -17.686594 -0.395684  0.000001 -0.000000 0.000000
119  0.000000 9.000000 -0.000003  0.000000 -0.000000 0.000000
120  0.000000 0.000024 -0.000000  0.000000 -0.000000 0.000000
121  0.000000 -0.000021 -9.999999  0.000000 -0.000000 0.000000
122  0.000000 0.000002 0.000000  0.000001 -0.000000 0.000000
123  -15.264407 2.505418 49.565334  0.015813 2.272735 0.020712
124  11.481701 -0.000054 -0.000002  -1.564933 0.106603 0.044183
125  -0.000003 -0.000001 -0.000000  -0.000000 0.000000 -0.000003
126  0.000003 0.000001 -0.000000  -0.000000 -0.000000 -0.000000
127  0.000003 0.000001 0.000000  0.000000 0.000000 -0.000000
128  3.890447 -0.533611 38.566914  1.570796 -0.000000 0.000000
129  0.000000 -0.000000 0.000000  0.000000 -0.000000 0.000000
130  0.000000 -0.000002 -9.999999  0.000000 -0.000000 0.000000
131  0.000000 -0.000002 -0.000000  0.000000 -0.000000 0.000000
132  -3.890457 -0.533622 38.566921  1.570796 -0.000000 0.000000
133  0.000000 -0.000000 0.000000  0.000000 -0.000000 0.000000
134  0.000000 -0.000002 -9.999999  0.000000 -0.000000 0.000000
135  0.000000 -0.000002 -0.000000  0.000000 -0.000000 0.000000
time 50
0  0.000000 0.000000 0.000000  1.570796 -0.000000 0.000000
1  -2.014129 -3.473820 31.959492  1.825580 0.026240 0.381972
2  -0.000000 0.000002 0.000000  -0.000000 -0.000000 -0.000000
3  3.890452 -0.000004 -0.000002  -1.350141 -0.968568 -1.638792
4  17.848175 0.000004 0.000000  0.000000 0.000000 1.260036
5  15.638504 -0.000000 -0.000001  0.287634 0.447014 -1.430998
6  7.109930 -0.000001 0.000001  -0.007119 -0.003131 -0.631738
7  -3.890452 0.000006 0.000007  -0.567034 -0.047493 -1.624267
8  17.848175 -0.000000 0.000000  0.000000 0.000000 1.087808
9  15.638510 0.000001 0.000001  0.219461 -0.077726 -1.535664
10  7.109930 0.000000 0.000000  -0.081154 -0.003131 -0.631749
11  -0.044717 2.528783 4.661500  -0.043564 0.006226 0.021924
12  4.041915 4.954664 -8.467939  -0.000000 -0.392699 0.000000
13  -0.078122 3.345132 -2.981901  1.564868 0.086350 1.572155
14  4.018326 -0.000000 0.000000  0.117561 -0.112284 0.376146
15  3.518562 -0.000002 0.000001  0.141409 -0.124388 0.433902
16  8.942640 0.000004 -0.000000  0.071664 -0.017785 -0.019301
17  3.306643 -0.000001 -0.000000  3.138800 0.000567 0.400476
18  3.593709 -0.000002 -0.000001  -0.633724 -0.053794 1.084785
19  2.033345 1.000770 1.101697  0.183882 -1.732611 -1.939907
20  6.809414 0.000008 -0.000002  -2.236696 -0.781707 0.066485
21  12.391793 0.000002 -0.000000  0.000000 0.000000 -2.225693
22  9.337077 0.000001 -0.000033  0.502816 -0.290977 0.580534
23  3.859708 -0.142433 -1.191957  -0.513267 0.072291 -1.288225
24  1.312561 -0.000001 0.000010  -0.163028 0.224047 -1.466962
25  0.729365 0.000002 -0.000003  -0.068871 0.147979 -0.913117
26  3.942331 0.046743 -0.431429  -0.157261 0.007109 -0.685616
27  1.539093 0.000012 -0.000008  -0.068563 0.062695 -1.808644
28  1.196321 0.000004 -0.000007  -0.005433 0.026725 -0.524005
29  4.454022 -0.070203 0.572072  0.095490 -0.008587 -0.706366
30  1.426599 -0.000004 0.000001  0.055908 -0.087976 -1.504206
31  1.322465 -0.000006 -0.000001  0.009312 -0.033625 -0.575065
32  4.477066 -0.028571 1.582472  0.481653 -0.035390 -1.246096
33  1.344417 0.000002 -0.000009  0.023466 -0.208305 -0.755723
34  1.224670 0.000001 0.000000  0.026043 -0.124620 -0.538676
35  2.630325 -0.345015 1.907209  -0.354022 -0.915164 -1.788195
36  1.059286 -0.000002 0.000001  -0.001067 -0.012855 0.250988
37  0.781210 0.000003 -0.000003  -0.000096 -0.003210 0.062757
38  2.033352 1.000778 -1.101647  -0.184638 1.974850 -1.888516
39  6.809415 -0.000003 -0.000000  1.454915 0.568634 -0.669257
40  12.391796 0.000002 -0.000000  0.000000 0.000000 -2.042566
41  9.337106 -0.000008 -0.000001  -1.219051 0.356998 0.230873
42  3.859661 -0.132561 1.193136  0.500667 -0.047846 -1.086888
43  1.312561 -0.000002 0.000003  0.002707 -0.011620 -0.668676
44  0.729359 -0.000001 -0.000006  0.001390 -0.005970 -0.473269
45  3.942289 0.050339 0.431071  0.169077 -0.041177 -1.042850
46  1.539098 -0.000007 -0.000001  0.001326 -0.005698 -0.476765
47  1.196323 -0.000001 0.000002  0.002192 -0.009405 -0.659764
48  4.453985 -0.073770 -0.571667  -0.109443 0.013445 -0.891670
49  1.426597 0.000000 -0.000001  -0.004063 0.060051 -0.864118
50  1.322465 -0.000004 -0.000003  -0.018852 0.042075 -0.864931
51  4.477035 -0.043467 -1.581289  -0.566918 0.063111 -0.913942
52  1.344413 0.000000 -0.000004  -0.041095 0.219416 -0.844574
53  1.224673 -0.000002 0.000004  -0.071919 0.176049 -0.852213
54  2.630289 -0.359833 -1.904286  0.822008 0.137651 -1.254011
55  1.059290 -0.000001 0.000003  -0.000599 -0.000009 0.000000
56  0.781203 -0.000000 -0.000000  -0.000000 -0.000006 0.000002
57  4.069501 1.811269 4.279048  1.570796 -0.000000 0.000000
58  0.000000 -0.000000 -0.000000  0.000000 0.052360 0.000000
59  0.032300 -4.377938 -4.331139  -0.000000 -0.000000 0.000000
60  -0.002340 -4.618855 4.848104  -0.000000 0.000937 -0.001514
61  -0.000000 0.000000 -0.000000  0.000000 -0.000000 0.000000
62  -0.014019 -4.136677 -0.422642  0.000001 -0.000000 0.000000
63  0.014022 0.341392 9.682304  0.000000 0.000937 -0.001514
64  0.003298 0.000005 -3.521831  0.000000 -0.000000 -0.000000
65  -0.000369 3.795277 -5.737836  0.000000 -0.000000 0.000000
66  -0.000000 0.000000 0.000000  -0.000001 0.000000 0.000000
67  -0.000000 -0.000000 -0.000000  -0.000000 -0.000000 -0.000000
68  -0.000000 0.000000 -0.000000  -0.000000 0.000000 0.000000
69  0.000003 -3.795290 9.259664  -0.000000 0.000937 -0.001514
70  7.999999 0.000001 -0.000000  0.000001 -0.052360 -0.000000
71  -4.069616 1.811259 4.279059  1.570796 -0.000000 0.000000
72  0.000000 -0.000000 -0.000000  0.000000 -0.052360 0.000000
73  0.000003 -3.795289 9.259665  -0.001320 -0.008192 0.060729
74  0.000000 0.000000 0.000000  0.000000 0.000000 0.000000
75  0.014020 -4.136677 -0.422641  0.000001 0.000000 -0.000000
76  -0.014018 0.341393 9.682305  -0.000000 0.000937 -0.001514
77  0.003297 0.000005 -3.521831  0.000000 -0.000000 -0.000000
78  -0.000369 3.795275 -5.737837  0.000000 0.000000 0.000000
79  -0.000000 0.000000 0.000000  -0.000000 0.000000 0.000000
80  -0.000000 0.000000 -0.000000  -0.000000 -0.000000 -0.000000
81  0.000000 0.000000 0.000000  -0.000000 -0.000000 -0.000000
82  -0.062978 -4.612901 4.868224  -0.000000 0.000937 -0.001514
83  0.032300 -4.377938 -4.331139  -0.000000 0.000000 -0.000000
84  -8.000000 0.000001 0.000000  0.000001 0.052360 0.000000
85  0.000156 0.385903 39.987263  1.570796 -0.000000 0.000000
86  -0.000161 -1.420346 0.919518  0.000000 -0.000000 0.000000
87  0.000005 3.345128 -2.981901  1.570796 0.083187 1.570796
88  0.000000 -0.000000 -0.000000  0.000000 0.000000 0.000000
89  0.000003 0.000000 -0.000000  -0.000000 -0.000000 -0.003106
90  4.018316 -0.012484 -0.000000  -0.000000 -0.000000 -0.000000
91  0.000005 -0.000000 0.000000  -0.000000 0.000000 -0.032354
92  3.516729 -0.113802 -0.000000  0.000000 -0.000000 -0.000000
93  0.000002 -0.000000 0.000000  0.000000 0.000000 0.067981
94  8.921986 0.607517 -0.000001  -0.000000 -0.000000 -0.000000
95  -0.000000 -0.000000 0.000000  0.000000 0.000000 0.262078
96  3.194337 0.856892 -0.000000  0.000000 -0.000000 -0.000000
97  0.000001 0.000000 0.000000  3.141590 -0.000000 0.662566
98  2.833353 2.210629 -0.000000  0.000000 -0.000000 -0.000000
99  -0.000002 -0.000000 0.000000  3.141590 -0.000000 0.255978
100  1.704618 1.493419 1.937660  -1.544954 -1.855079 0.063449
101  -0.000001 0.000001 0.000000  0.000000 0.000000 0.000001
102  1.704624 1.493426 -1.937611  1.473111 1.855076 0.063436
103  -0.000003 0.000003 0.000001  0.000000 0.000000 -0.000001
104  7.723854 1.956159 58.484589  1.570796 -0.000000 0.000000
105  0.000000 0.000001 -0.000000  0.000000 -0.000000 0.000000
106  14.952688 -17.686636 -0.395722  0.000001 -0.000000 0.000000
107  0.000000 9.000000 -0.000003  0.000000 -0.000000 0.000000
108  0.000000 0.000001 -0.000000  0.000000 -0.000000 0.000000
109  0.000000 0.000002 -9.999998  0.000000 -0.000000 0.000000
110  0.000000 0.000002 0.000000  0.000001 -0.000000 0.000000
111  15.264428 2.505456 49.565292  -0.015813 0.868860 -0.020712
112  11.481673 -0.000034 -0.000029  1.573178 -0.106616 0.044195
113  -0.000001 0.000004 0.000000  -0.000000 0.000000 0.000002
114  -0.000001 0.000000 0.000000  -0.000000 -0.000000 0.000000
115  -0.000001 0.000000 0.000000  0.000000 0.000000 0.000000
116  -7.723807 1.956140 58.484608  1.570796 -0.000000 0.000000
117  0.000000 0.000001 -0.000000  0.000000 -0.000000 0.000000
118  -14.952740 -17.686594 -0.395684  0.000001 -0.000000 0.000000
119  0.000000 9.000000 -0.000003  0.000000 -0.000000 0.000000
120  0.000000 0.000024 -0.000000  0.000000 -0.000000 0.000000
121  0.000000 -0.000021 -9.999999  0.000000 -0.000000 0.000000
122  0.000000 0.000002 0.000000  0.000001 -0.000000 0.000000
123  -15.264407 2.505418 49.565334  0.015813 2.272735 0.020712
124  11.481701 -0.000054 -0.000002  -1.564933 0.106603 0.044183
125  -0.000003 -0.000001 -0.000000  -0.000000 0.000000 -0.000003
126  0.000003 0.000001 -0.000000  -0.000000 -0.000000 -0.000000
127  0.000003 0.000001 0.000000  0.000000 0.000000 -0.000000
128  3.890447 -0.533611 38.566914  1.570796 -0.000000 0.000000
129  0.000000 -0.000000 0.000000  0.000000 -0.000000 0.000000
130  0.000000 -0.000002 -9.999999  0.000000 -0.000000 0.000000
131  0.000000 -0.000002 -0.000000  0.000000 -0.000000 0.000000
132  -3.890457 -0.533622 38.566921  1.570796 -0.000000 0.000000
133  0.000000 -0.000000 0.000000  0.000000 -0.000000 0.000000
134  0.000000 -0.000002 -9.999999  0.000000 -0.000000 0.000000
135  0.000000 -0.000002 -0.000000  0.000000 -0.000000 0.000000
time 51
0  0.000000 0.000000 0.000000  1.570796 -0.000000 0.000000
1  -1.955533 -2.833905 32.268246  1.805190 0.034648 0.327322
2  -0.000000 0.000001 0.000000  0.000000 -0.000000 0.000000
3  3.890453 -0.000002 -0.000001  -1.360926 -0.944012 -1.623267
4  17.848175 0.000004 -0.000000  -0.000000 -0.000000 1.226607
5  15.638503 0.000000 -0.000001  0.253199 0.405582 -1.413464
6  7.109930 -0.000000 0.000001  -0.007119 -0.003131 -0.631738
7  -3.890452 0.000007 0.000007  -0.557690 -0.016447 -1.600522
8  17.848173 0.000000 -0.000001  0.000000 -0.000000 1.000967
9  15.638510 -0.000000 0.000001  0.230857 -0.076316 -1.572336
10  7.109930 -0.000000 -0.000001  -0.081154 -0.003131 -0.631749
11  -0.044717 2.528784 4.661500  -0.043695 0.004257 0.022846
12  4.041916 4.954663 -8.467939  0.000000 -0.392699 0.000000
13  -0.109373 3.345128 -2.981900  1.562551 0.086321 1.571387
14  4.018332 0.000000 0.000000  0.115210 -0.107574 0.365362
15  3.518559 -0.000003 -0.000001  0.138809 -0.119834 0.424111
16  8.942645 0.000004 0.000000  0.071108 -0.018372 -0.016240
17  3.306643 0.000000 -0.000000  3.138800 0.000567 0.400476
18  3.593710 0.000001 0.000000  -0.589931 -0.061867 1.078574
19  2.033343 1.000771 1.101696  0.173228 -1.725870 -1.928771
20  6.809415 0.000000 0.000002  -2.224264 -0.821262 0.055599
21  12.391799 0.000003 -0.000000  -0.000000 -0.000000 -2.175546
22  9.337078 -0.000002 -0.000025  0.472660 -0.248988 0.592073
23  3.859705 -0.142431 -1.191969  -0.513267 0.072291 -1.288225
24  1.312564 -0.000007 0.000001  -0.163028 0.224047 -1.466962
25  0.729367 -0.000001 -0.000002  -0.068871 0.147979 -0.913117
26  3.942329 0.046742 -0.431432  -0.157261 0.007109 -0.685616
27  1.539092 0.000011 -0.000003  -0.068563 0.062695 -1.808644
28  1.196320 0.000010 -0.000002  -0.005433 0.026725 -0.524005
29  4.454024 -0.070202 0.572066  0.095490 -0.008587 -0.706335
30  1.426594 -0.000009 -0.000001  0.055908 -0.087976 -1.504206
31  1.322464 -0.000006 0.000004  0.009312 -0.033625 -0.575065
32  4.477067 -0.028573 1.582467  0.481653 -0.035390 -1.246096
33  1.344416 -0.000005 -0.000007  0.023466 -0.208305 -0.755723
34  1.224671 0.000001 0.000001  0.026043 -0.124620 -0.538676
35  2.630324 -0.345018 1.907208  -0.354022 -0.915164 -1.788195
36  1.059289 -0.000003 0.000000  -0.001067 -0.012855 0.250988
37  0.781212 0.000005 -0.000004  -0.000096 -0.003210 0.062757
38  2.033353 1.000774 -1.101647  -0.170854 1.970194 -1.873178
39  6.809418 0.000000 -0.000001  1.442232 0.502848 -0.682849
40  12.391788 0.000003 0.000000  0.000000 -0.000000 -2.030212
41  9.337105 0.000000 0.000001  -1.219819 0.357189 0.232513
42  3.859661 -0.132560 1.193142  0.500769 -0.046663 -1.089052
43  1.312561 -0.000004 0.000006  0.002711 -0.011619 -0.669028
44  0.729358 0.000002 -0.000000  0.001392 -0.005970 -0.473621
45  3.942289 0.050338 0.431074  0.169261 -0.040406 -1.047365
46  1.539097 -0.000007 0.000000  0.001329 -0.005698 -0.477118
47  1.196322 -0.000001 -0.000000  0.002195 -0.009404 -0.660116
48  4.453985 -0.073771 -0.571668  -0.109443 0.013445 -0.891670
49  1.426600 -0.000002 0.000004  -0.004063 0.060051 -0.864118
50  1.322467 -0.000003 -0.000006  -0.018852 0.042075 -0.864931
51  4.477034 -0.043465 -1.581288  -0.566918 0.063111 -0.913942
52  1.344414 -0.000001 -0.000007  -0.041095 0.219416 -0.844574
53  1.224671 0.000003 0.000007  -0.071919 0.176049 -0.852213
54  2.630290 -0.359836 -1.904286  0.822008 0.137651 -1.254011
55  1.059290 0.000003 0.000004  -0.000599 -0.000009 0.000000
56  0.781205 -0.000004 0.000002  -0.000000 -0.000006 0.000002
57  4.069501 1.811269 4.279048  1.570796 -0.000000 0.000000
58  0.000000 -0.000000 -0.000000  0.000000 0.052360 0.000000
59  0.032300 -4.377938 -4.331139  -0.000000 -0.000000 0.000000
60  -0.002340 -4.618855 4.848104  -0.000000 0.000937 -0.001514
61  -0.000000 0.000000 -0.000000  0.000000 -0.000000 0.000000
62  -0.014019 -4.136677 -0.422642  0.000001 -0.000000 0.000000
63  0.014022 0.341392 9.682304  0.000000 0.000937 -0.001514
64  0.003298 0.000005 -3.521831  0.000000 -0.000000 -0.000000
65  -0.000369 3.795277 -5.737836  0.000000 -0.000000 0.000000
66  -0.000000 0.000000 0.000000  -0.000001 0.000000 0.000000
67  -0.000000 -0.000000 -0.000000  -0.000000 -0.000000 -0.000000
68  -0.000000 0.000000 -0.000000  -0.000000 0.000000 0.000000
69  0.000003 -3.795290 9.259664  -0.000000 0.000937 -0.001514
70  7.999999 0.000001 -0.000000  0.000001 -0.052360 -0.000000
71  -4.069616 1.811259 4.279059  1.570796 -0.000000 0.000000
72  0.000000 -0.000000 -0.000000  0.000000 -0.052360 0.000000
73  0.000003 -3.795289 9.259665  -0.001320 -0.008192 0.060729
74  0.000000 0.000000 0.000000  0.000000 0.000000 0.000000
75  0.014020 -4.136677 -0.422641  0.000001 0.000000 -0.000000
76  -0.014018 0.341393 9.682305  -0.000000 0.000937 -0.001514
77  0.003297 0.000005 -3.521831  0.000000 -0.000000 -0.000000
78  -0.000369 3.795275 -5.737837  0.000000 0.000000 0.000000
79  -0.000000 0.000000 0.000000  -0.000000 0.000000 0.000000
80  -0.000000 0.000000 -0.000000  -0.000000 -0.000000 -0.000000
81  0.000000 0.000000 0.000000  -0.000000 -0.000000 -0.000000
82  -0.062978 -4.612901 4.868224  -0.000000 0.000937 -0.001514
83  0.032300 -4.377938 -4.331139  -0.000000 0.000000 -0.000000
84  -8.000000 0.000001 0.000000  0.000001 0.052360 0.000000
85  0.000156 0.385903 39.987263  1.570796 -0.000000 0.000000
86  -0.000161 -1.420346 0.919518  0.000000 -0.000000 0.000000
87  0.000005 3.345128 -2.981901  1.570796 0.083187 1.570796
88  0.000000 -0.000000 -0.000000  0.000000 0.000000 0.000000
89  0.000003 0.000000 -0.000000  -0.000000 -0.000000 -0.003106
90  4.018316 -0.012484 -0.000000  -0.000000 -0.000000 -0.000000
91  0.000005 -0.000000 0.000000  -0.000000 0.000000 -0.032354
92  3.516729 -0.113802 -0.000000  0.000000 -0.000000 -0.000000
93  0.000002 -0.000000 0.000000  0.000000 0.000000 0.067981
94  8.921986 0.607517 -0.000001  -0.000000 -0.000000 -0.000000
95  -0.000000 -0.000000 0.000000  0.000000 0.000000 0.262078
96  3.194337 0.856892 -0.000000  0.000000 -0.000000 -0.000000
97  0.000001 0.000000 0.000000  3.141590 -0.000000 0.662566
98  2.833353 2.210629 -0.000000  0.000000 -0.000000 -0.000000
99  -0.000002 -0.000000 0.000000  3.141590 -0.000000 0.255978
100  1.704618 1.493419 1.937660  -1.544954 -1.855079 0.063449
101  -0.000001 0.000001 0.000000  0.000000 0.000000 0.000001
102  1.704624 1.493426 -1.937611  1.473111 1.855076 0.063436
103  -0.000003 0.000003 0.000001  0.000000 0.000000 -0.000001
104  7.723854 1.956159 58.484589  1.570796 -0.000000 0.000000
105  0.000000 0.000001 -0.000000  0.000000 -0.000000 0.000000
106  14.952688 -17.686636 -0.395722  0.000001 -0.000000 0.000000
107  0.000000 9.000000 -0.000003  0.000000 -0.000000 0.000000
108  0.000000 0.000001 -0.000000  0.000000 -0.000000 0.000000
109  0.000000 0.000002 -9.999998  0.000000 -0.000000 0.000000
110  0.000000 0.000002 0.000000  0.000001 -0.000000 0.000000
111  15.264428 2.505456 49.565292  -0.015813 0.868860 -0.020712
112  11.481673 -0.000034 -0.000029  1.573178 -0.106616 0.044195
113  -0.000001 0.000004 0.000000  -0.000000 0.000000 0.000002
114  -0.000001 0.000000 0.000000  -0.000000 -0.000000 0.000000
115  -0.000001 0.000000 0.000000  0.000000 0.000000 0.000000
116  -7.723807 1.956140 58.484608  1.570796 -0.000000 0.000000
117  0.000000 0.000001 -0.000000  0.000000 -0.000000 0.000000
118  -14.952740 -17.686594 -0.395684  0.000001 -0.000000 0.000000
119  0.000000 9.000000 -0.000003  0.000000 -0.000000 0.000000
120  0.000000 0.000024 -0.000000  0.000000 -0.000000 0.000000
121  0.000000 -0.000021 -9.999999  0.000000 -0.000000 0.000000
122  0.000000 0.000002 0.000000  0.000001 -0.000000 0.000000
123  -15.264407 2.505418 49.565334  0.015813 2.272735 0.020712
124  11.481701 -0.000054 -0.000002  -1.564933 0.106603 0.044183
125  -0.000003 -0.000001 -0.000000  -0.000000 0.000000 -0.000003
126  0.000003 0.000001 -0.000000  -0.000000 -0.000000 -0.000000
127  0.000003 0.000001 0.000000  0.000000 0.000000 -0.000000
128  3.890447 -0.533611 38.566914  1.570796 -0.000000 0.000000
129  0.000000 -0.000000 0.000000  0.000000 -0.000000 0.000000
130  0.000000 -0.000002 -9.999999  0.000000 -0.000000 0.000000
131  0.000000 -0.000002 -0.000000  0.000000 -0.000000 0.000000
132  -3.890457 -0.533622 38.566921  1.570796 -0.000000 0.000000
133  0.000000 -0.000000 0.000000  0.000000 -0.000000 0.000000
134  0.000000 -0.000002 -9.999999  0.000000 -0.000000 0.000000
135  0.000000 -0.000002 -0.000000  0.000000 -0.000000 0.000000
time 52
0  0.000000 0.000000 0.000000  1.570796 -0.000000 0.000000
1  -1.908657 -2.193990 32.566711  1.783357 0.042686 0.272672
2  0.000000 -0.000002 -0.000000  -0.000000 -0.000000 -0.000000
3  3.890453 -0.000007 -0.000001  -1.370661 -0.918463 -1.607071
4  17.848177 0.000002 -0.000000  0.000000 -0.000000 1.192739
5  15.638504 0.000000 -0.000001  0.217783 0.364931 -1.394435
6  7.109930 0.000000 0.000001  -0.007119 -0.003131 -0.631738
7  -3.890452 0.000006 0.000006  -0.578856 -0.026632 -1.634294
8  17.848171 0.000000 -0.000001  0.000000 0.000000 0.989026
9  15.638510 0.000000 -0.000000  0.220666 -0.084962 -1.589908
10  7.109930 -0.000001 -0.000001  -0.081154 -0.003131 -0.631749
11  -0.044716 2.528785 4.661499  -0.043760 0.002700 0.023367
12  4.041916 4.954658 -8.467939  -0.000000 -0.392699 0.000000
13  -0.132812 3.345123 -2.981901  1.560611 0.086293 1.570323
14  4.018325 -0.000000 -0.000000  0.113040 -0.101917 0.353534
15  3.518558 -0.000001 0.000000  0.136439 -0.114105 0.413469
16  8.942641 0.000001 0.000000  0.070997 -0.018288 -0.012810
17  3.306640 -0.000002 0.000001  3.138800 0.000567 0.400476
18  3.593709 0.000003 -0.000001  -0.547236 -0.068698 1.068669
19  2.033347 1.000762 1.101699  0.161508 -1.719178 -1.916646
20  6.809414 0.000001 0.000003  -2.205616 -0.863855 0.037234
21  12.391799 0.000003 -0.000003  -0.000000 -0.000000 -2.118854
22  9.337076 -0.000001 -0.000027  0.443574 -0.206538 0.602631
23  3.859704 -0.142430 -1.191957  -0.513267 0.072291 -1.288225
24  1.312562 -0.000005 0.000009  -0.163028 0.224047 -1.466962
25  0.729367 0.000000 -0.000008  -0.068871 0.147979 -0.913117
26  3.942325 0.046742 -0.431426  -0.157261 0.007109 -0.685616
27  1.539096 0.000010 -0.000011  -0.068563 0.062695 -1.808644
28  1.196320 0.000006 -0.000007  -0.005433 0.026725 -0.524005
29  4.454020 -0.070204 0.572070  0.095490 -0.008587 -0.706335
30  1.426597 -0.000003 -0.000006  0.055908 -0.087976 -1.504206
31  1.322465 -0.000003 -0.000006  0.009312 -0.033625 -0.575065
32  4.477060 -0.028572 1.582472  0.481653 -0.035390 -1.246096
33  1.344415 0.000003 -0.000009  0.023466 -0.208305 -0.755723
34  1.224671 0.000007 -0.000002  0.026043 -0.124620 -0.538676
35  2.630322 -0.345015 1.907211  -0.354022 -0.915164 -1.788195
36  1.059285 -0.000005 -0.000001  -0.001067 -0.012855 0.250988
37  0.781209 0.000002 -0.000003  -0.000096 -0.003210 0.062757
38  2.033353 1.000770 -1.101645  -0.157259 1.965217 -1.858034
39  6.809416 0.000001 0.000003  1.432578 0.441880 -0.696785
40  12.391798 0.000002 0.000001  0.000000 -0.000000 -2.015919
41  9.337105 -0.000004 0.000001  -1.220779 0.357417 0.234154
42  3.859662 -0.132559 1.193140  0.500796 -0.046349 -1.089627
43  1.312564 -0.000004 0.000004  0.002723 -0.011616 -0.669984
44  0.729359 0.000001 -0.000004  0.001398 -0.005969 -0.474576
45  3.942290 0.050339 0.431067  0.169382 -0.039889 -1.050392
46  1.539099 -0.000009 -0.000001  0.001334 -0.005696 -0.478073
47  1.196324 -0.000002 0.000007  0.002204 -0.009402 -0.661072
48  4.453987 -0.073768 -0.571671  -0.109443 0.013445 -0.891670
49  1.426596 0.000000 -0.000001  -0.004063 0.060051 -0.864118
50  1.322466 -0.000002 -0.000002  -0.018852 0.042075 -0.864931
51  4.477036 -0.043465 -1.581289  -0.566918 0.063111 -0.913942
52  1.344415 -0.000004 -0.000004  -0.041095 0.219416 -0.844574
53  1.224674 0.000003 0.000015  -0.071919 0.176037 -0.852213
54  2.630290 -0.359831 -1.904287  0.822008 0.137651 -1.254011
55  1.059291 0.000000 0.000000  -0.000599 -0.000009 -0.000000
56  0.781201 -0.000004 -0.000000  -0.000000 -0.000006 0.000002
57  4.069501 1.811269 4.279048  1.570796 -0.000000 0.000000
58  0.000000 -0.000000 -0.000000  0.000000 0.052360 0.000000
59  0.032300 -4.377938 -4.331139  -0.000000 -0.000000 0.000000
60  -0.002340 -4.618855 4.848104  -0.000000 0.000937 -0.001514
61  -0.000000 0.000000 -0.000000  0.000000 -0.000000 0.000000
62  -0.014019 -4.136677 -0.422642  0.000001 -0.000000 0.000000
63  0.014022 0.341392 9.682304  0.000000 0.000937 -0.001514
64  0.003298 0.000005 -3.521831  0.000000 -0.000000 -0.000000
65  -0.000369 3.795277 -5.737836  0.000000 -0.000000 0.000000
66  -0.000000 0.000000 0.000000  -0.000001 0.000000 0.000000
67  -0.000000 -0.000000 -0.000000  -0.000000 -0.000000 -0.000000
68  -0.000000 0.000000 -0.000000  -0.000000 0.000000 0.000000
69  0.000003 -3.795290 9.259664  -0.000000 0.000937 -0.001514
70  7.999999 0.000001 -0.000000  0.000001 -0.052360 -0.000000
71  -4.069616 1.811259 4.279059  1.570796 -0.000000 0.000000
72  0.000000 -0.000000 -0.000000  0.000000 -0.052360 0.000000
73  0.000003 -3.795289 9.259665  -0.001320 -0.008192 0.060729
74  0.000000 0.000000 0.000000  0.000000 0.000000 0.000000
75  0.014020 -4.136677 -0.422641  0.000001 0.000000 -0.000000
76  -0.014018 0.341393 9.682305  -0.000000 0.000937 -0.001514
77  0.003297 0.000005 -3.521831  0.000000 -0.000000 -0.000000
78  -0.000369 3.795275 -5.737837  0.000000 0.000000 0.000000
79  -0.000000 0.000000 0.000000  -0.000000 0.000000 0.000000
80  -0.000000 0.000000 -0.000000  -0.000000 -0.000000 -0.000000
81  0.000000 0.000000 0.000000  -0.000000 -0.000000 -0.000000
82  -0.062978 -4.612901 4.868224  -0.000000 0.000937 -0.001514
83  0.032300 -4.377938 -4.331139  -0.000000 0.000000 -0.000000
84  -8.000000 0.000001 0.000000  0.000001 0.052360 0.000000
85  0.000156 0.385903 39.987263  1.570796 -0.000000 0.000000
86  -0.000161 -1.420346 0.919518  0.000000 -0.000000 0.000000
87  0.000005 3.345128 -2.981901  1.570796 0.083187 1.570796
88  0.000000 -0.000000 -0.000000  0.000000 0.000000 0.000000
89  0.000003 0.000000 -0.000000  -0.000000 -0.000000 -0.003106
90  4.018316 -0.012484 -0.000000  -0.000000 -0.000000 -0.000000
91  0.000005 -0.000000 0.000000  -0.000000 0.000000 -0.032354
92  3.516729 -0.113802 -0.000000  0.000000 -0.000000 -0.000000
93  0.000002 -0.000000 0.000000  0.000000 0.000000 0.067981
94  8.921986 0.607517 -0.000001  -0.000000 -0.000000 -0.000000
95  -0.000000 -0.000000 0.000000  0.000000 0.000000 0.262078
96  3.194337 0.856892 -0.000000  0.000000 -0.000000 -0.000000
97  0.000001 0.000000 0.000000  3.141590 -0.000000 0.662566
98  2.833353 2.210629 -0.000000  0.000000 -0.000000 -0.000000
99  -0.000002 -0.000000 0.000000  3.141590 -0.000000 0.255978
100  1.704618 1.493419 1.937660  -1.544954 -1.855079 0.063449
101  -0.000001 0.000001 0.000000  0.000000 0.000000 0.000001
102  1.704624 1.493426 -1.937611  1.473111 1.855076 0.063436
103  -0.000003 0.000003 0.000001  0.000000 0.000000 -0.000001
104  7.723854 1.956159 58.484589  1.570796 -0.000000 0.000000
105  0.000000 0.000001 -0.000000  0.000000 -0.000000 0.000000
106  14.952688 -17.686636 -0.395722  0.000001 -0.000000 0.000000
107  0.000000 9.000000 -0.000003  0.000000 -0.000000 0.000000
108  0.000000 0.000001 -0.000000  0.000000 -0.000000 0.000000
109  0.000000 0.000002 -9.999998  0.000000 -0.000000 0.000000
110  0.000000 0.000002 0.000000  0.000001 -0.000000 0.000000
111  15.264428 2.505456 49.565292  -0.015813 0.868860 -0.020712
112  11.481673 -0.000034 -0.000029  1.573178 -0.106616 0.044195
113  -0.000001 0.000004 0.000000  -0.000000 0.000000 0.000002
114  -0.000001 0.000000 0.000000  -0.000000 -0.000000 0.000000
115  -0.000001 0.000000 0.000000  0.000000 0.000000 0.000000
116  -7.723807 1.956140 58.484608  1.570796 -0.000000 0.000000
117  0.000000 0.000001 -0.000000  0.000000 -0.000000 0.000000
118  -14.952740 -17.686594 -0.395684  0.000001 -0.000000 0.000000
119  0.000000 9.000000 -0.000003  0.000000 -0.000000 0.000000
120  0.000000 0.000024 -0.000000  0.000000 -0.000000 0.000000
121  0.000000 -0.000021 -9.999999  0.000000 -0.000000 0.000000
122  0.000000 0.000002 0.000000  0.000001 -0.000000 0.000000
123  -15.264407 2.505418 49.565334  0.015813 2.272735 0.020712
124  11.481701 -0.000054 -0.000002  -1.564933 0.106603 0.044183
125  -0.000003 -0.000001 -0.000000  -0.000000 0.000000 -0.000003
126  0.000003 0.000001 -0.000000  -0.000000 -0.000000 -0.000000
127  0.000003 0.000001 0.000000  0.000000 0.000000 -0.000000
128  3.890447 -0.533611 38.566914  1.570796 -0.000000 0.000000
129  0.000000 -0.000000 0.000000  0.000000 -0.000000 0.000000
130  0.000000 -0.000002 -9.999999  0.000000 -0.000000 0.000000
131  0.000000 -0.000002 -0.000000  0.000000 -0.000000 0.000000
132  -3.890457 -0.533622 38.566921  1.570796 -0.000000 0.000000
133  0.000000 -0.000000 0.000000  0.000000 -0.000000 0.000000
134  0.000000 -0.000002 -9.999999  0.000000 -0.000000 0.000000
135  0.000000 -0.000002 -0.000000  0.000000 -0.000000 0.000000
time 53
0  0.000000 0.000000 0.000000  1.570796 -0.000000 0.000000
1  -1.877406 -1.564232 32.854893  1.760333 0.050956 0.219648
2  0.000000 -0.000002 -0.000000  0.000000 0.000000 0.000000
3  3.890452 -0.000006 -0.000002  -1.381064 -0.891920 -1.588095
4  17.848173 0.000005 -0.000000  0.000000 -0.000000 1.159164
5  15.638510 0.000001 -0.000001  0.182937 0.327092 -1.374349
6  7.109929 -0.000000 0.000001  -0.007119 -0.003131 -0.631738
7  -3.890452 0.000007 0.000006  -0.603931 -0.043803 -1.677432
8  17.848173 -0.000000 0.000000  0.000000 -0.000000 0.987970
9  15.638512 -0.000001 0.000001  0.209085 -0.095748 -1.605665
10  7.109929 -0.000002 0.000001  -0.081154 -0.003131 -0.631749
11  -0.044716 2.528782 4.661499  -0.043825 0.001620 0.024449
12  4.041916 4.954659 -8.467939  0.000000 -0.392699 0.000000
13  -0.160157 3.341220 -2.981901  1.559210 0.086236 1.569732
14  4.018328 0.000001 0.000000  0.110757 -0.095134 0.340872
15  3.518565 -0.000003 0.000000  0.134049 -0.106986 0.402117
16  8.942641 0.000004 0.000001  0.071206 -0.017366 -0.008992
17  3.306637 0.000001 0.000002  3.138800 0.000567 0.400476
18  3.593709 -0.000004 -0.000002  -0.505469 -0.073752 1.054862
19  2.033341 1.000773 1.101699  0.148544 -1.712436 -1.903265
20  6.809414 0.000001 -0.000000  -2.179987 -0.907918 0.009687
21  12.391792 0.000003 -0.000007  -0.000000 0.000000 -2.056722
22  9.337077 -0.000003 -0.000031  0.415203 -0.163596 0.612036
23  3.859702 -0.142429 -1.191960  -0.513267 0.072291 -1.288225
24  1.312561 -0.000007 0.000011  -0.163028 0.224047 -1.466962
25  0.729366 0.000001 -0.000001  -0.068871 0.147979 -0.913117
26  3.942326 0.046743 -0.431422  -0.157261 0.007109 -0.685616
27  1.539091 0.000012 -0.000008  -0.068563 0.062695 -1.808644
28  1.196321 0.000004 -0.000007  -0.005433 0.026725 -0.524005
29  4.454021 -0.070201 0.572076  0.095490 -0.008587 -0.706366
30  1.426598 0.000000 0.000003  0.055908 -0.087976 -1.504206
31  1.322466 0.000002 -0.000003  0.009312 -0.033625 -0.575065
32  4.477061 -0.028571 1.582475  0.481653 -0.035390 -1.246096
33  1.344418 0.000004 -0.000003  0.023466 -0.208305 -0.755723
34  1.224672 0.000000 -0.000004  0.026043 -0.124620 -0.538676
35  2.630322 -0.345015 1.907214  -0.354022 -0.915164 -1.788195
36  1.059285 -0.000003 0.000001  -0.001067 -0.012855 0.250988
37  0.781208 0.000002 -0.000002  -0.000096 -0.003210 0.062757
38  2.033350 1.000773 -1.101644  -0.133136 1.958457 -1.831576
39  6.809416 0.000002 0.000004  1.424816 0.385774 -0.709344
40  12.391792 0.000005 -0.000003  0.000000 0.000000 -2.000980
41  9.337107 0.000002 0.000003  -1.222059 0.357684 0.235967
42  3.859663 -0.132557 1.193140  0.500798 -0.046325 -1.089671
43  1.312562 -0.000003 0.000006  0.002744 -0.011611 -0.671845
44  0.729357 0.000001 -0.000002  0.001409 -0.005966 -0.476438
45  3.942290 0.050340 0.431075  0.169455 -0.039575 -1.052228
46  1.539097 -0.000007 -0.000000  0.001345 -0.005694 -0.479935
47  1.196325 -0.000002 0.000001  0.002222 -0.009398 -0.662933
48  4.453986 -0.073768 -0.571671  -0.109443 0.013445 -0.891670
49  1.426599 -0.000001 0.000002  -0.004063 0.060051 -0.864118
50  1.322464 -0.000002 0.000004  -0.018852 0.042075 -0.864931
51  4.477036 -0.043464 -1.581292  -0.566918 0.063111 -0.913942
52  1.344414 0.000002 -0.000004  -0.041095 0.219416 -0.844575
53  1.224669 0.000001 0.000015  -0.071919 0.176049 -0.852213
54  2.630290 -0.359834 -1.904288  0.822008 0.137651 -1.254011
55  1.059290 0.000002 0.000002  -0.000599 -0.000009 0.000000
56  0.781202 -0.000003 -0.000002  -0.000000 -0.000006 0.000002
57  4.069501 1.811269 4.279048  1.570796 -0.000000 0.000000
58  0.000000 -0.000000 -0.000000  0.000000 0.052360 0.000000
59  0.032300 -4.377938 -4.331139  -0.000000 -0.000000 0.000000
60  -0.002340 -4.618855 4.848104  -0.000000 0.000937 -0.001514
61  -0.000000 0.000000 -0.000000  0.000000 -0.000000 0.000000
62  -0.014019 -4.136677 -0.422642  0.000001 -0.000000 0.000000
63  0.014022 0.341392 9.682304  0.000000 0.000937 -0.001514
64  0.003298 0.000005 -3.521831  0.000000 -0.000000 -0.000000
65  -0.000369 3.795277 -5.737836  0.000000 -0.000000 0.000000
66  -0.000000 0.000000 0.000000  -0.000001 0.000000 0.000000
67  -0.000000 -0.000000 -0.000000  -0.000000 -0.000000 -0.000000
68  -0.000000 0.000000 -0.000000  -0.000000 0.000000 0.000000
69  0.000003 -3.795290 9.259664  -0.000000 0.000937 -0.001514
70  7.999999 0.000001 -0.000000  0.000001 -0.052360 -0.000000
71  -4.069616 1.811259 4.279059  1.570796 -0.000000 0.000000
72  0.000000 -0.000000 -0.000000  0.000000 -0.052360 0.000000
73  0.000003 -3.795289 9.259665  -0.001320 -0.008192 0.060729
74  0.000000 0.000000 0.000000  0.000000 0.000000 0.000000
75  0.014020 -4.136677 -0.422641  0.000001 0.000000 -0.000000
76  -0.014018 0.341393 9.682305  -0.000000 0.000937 -0.001514
77  0.003297 0.000005 -3.521831  0.000000 -0.000000 -0.000000
78  -0.000369 3.795275 -5.737837  0.000000 0.000000 0.000000
79  -0.000000 0.000000 0.000000  -0.000000 0.000000 0.000000
80  -0.000000 0.000000 -0.000000  -0.000000 -0.000000 -0.000000
81  0.000000 0.000000 0.000000  -0.000000 -0.000000 -0.000000
82  -0.062978 -4.612901 4.868224  -0.000000 0.000937 -0.001514
83  0.032300 -4.377938 -4.331139  -0.000000 0.000000 -0.000000
84  -8.000000 0.000001 0.000000  0.000001 0.052360 0.000000
85  0.000156 0.385903 39.987263  1.570796 -0.000000 0.000000
86  -0.000161 -1.420346 0.919518  0.000000 -0.000000 0.000000
87  0.000005 3.345128 -2.981901  1.570796 0.083187 1.570796
88  0.000000 -0.000000 -0.000000  0.000000 0.000000 0.000000
89  0.000003 0.000000 -0.000000  -0.000000 -0.000000 -0.003106
90  4.018316 -0.012484 -0.000000  -0.000000 -0.000000 -0.000000
91  0.000005 -0.000000 0.000000  -0.000000 0.000000 -0.032354
92  3.516729 -0.113802 -0.000000  0.000000 -0.000000 -0.000000
93  0.000002 -0.000000 0.000000  0.000000 0.000000 0.067981
94  8.921986 0.607517 -0.000001  -0.000000 -0.000000 -0.000000
95  -0.000000 -0.000000 0.000000  0.000000 0.000000 0.262078
96  3.194337 0.856892 -0.000000  0.000000 -0.000000 -0.000000
97  0.000001 0.000000 0.000000  3.141590 -0.000000 0.662566
98  2.833353 2.210629 -0.000000  0.000000 -0.000000 -0.000000
99  -0.000002 -0.000000 0.000000  3.141590 -0.000000 0.255978
100  1.704618 1.493419 1.937660  -1.544954 -1.855079 0.063449
101  -0.000001 0.000001 0.000000  0.000000 0.000000 0.000001
102  1.704624 1.493426 -1.937611  1.473111 1.855076 0.063436
103  -0.000003 0.000003 0.000001  0.000000 0.000000 -0.000001
104  7.723854 1.956159 58.484589  1.570796 -0.000000 0.000000
105  0.000000 0.000001 -0.000000  0.000000 -0.000000 0.000000
106  14.952688 -17.686636 -0.395722  0.000001 -0.000000 0.000000
107  0.000000 9.000000 -0.000003  0.000000 -0.000000 0.000000
108  0.000000 0.000001 -0.000000  0.000000 -0.000000 0.000000
109  0.000000 0.000002 -9.999998  0.000000 -0.000000 0.000000
110  0.000000 0.000002 0.000000  0.000001 -0.000000 0.000000
111  15.264428 2.505456 49.565292  -0.015813 0.868860 -0.020712
112  11.481673 -0.000034 -0.000029  1.573178 -0.106616 0.044195
113  -0.000001 0.000004 0.000000  -0.000000 0.000000 0.000002
114  -0.000001 0.000000 0.000000  -0.000000 -0.000000 0.000000
115  -0.000001 0.000000 0.000000  0.000000 0.000000 0.000000
116  -7.723807 1.956140 58.484608  1.570796 -0.000000 0.000000
117  0.000000 0.000001 -0.000000  0.000000 -0.000000 0.000000
118  -14.952740 -17.686594 -0.395684  0.000001 -0.000000 0.000000
119  0.000000 9.000000 -0.000003  0.000000 -0.000000 0.000000
120  0.000000 0.000024 -0.000000  0.000000 -0.000000 0.000000
121  0.000000 -0.000021 -9.999999  0.000000 -0.000000 0.000000
122  0.000000 0.000002 0.000000  0.000001 -0.000000 0.000000
123  -15.264407 2.505418 49.565334  0.015813 2.272735 0.020712
124  11.481701 -0.000054 -0.000002  -1.564933 0.106603 0.044183
125  -0.000003 -0.000001 -0.000000  -0.000000 0.000000 -0.000003
126  0.000003 0.000001 -0.000000  -0.000000 -0.000000 -0.000000
127  0.000003 0.000001 0.000000  0.000000 0.000000 -0.000000
128  3.890447 -0.533611 38.566914  1.570796 -0.000000 0.000000
129  0.000000 -0.000000 0.000000  0.000000 -0.000000 0.000000
130  0.000000 -0.000002 -9.999999  0.000000 -0.000000 0.000000
131  0.000000 -0.000002 -0.000000  0.000000 -0.000000 0.000000
132  -3.890457 -0.533622 38.566921  1.570796 -0.000000 0.000000
133  0.000000 -0.000000 0.000000  0.000000 -0.000000 0.000000
134  0.000000 -0.000002 -9.999999  0.000000 -0.000000 0.000000
135  0.000000 -0.000002 -0.000000  0.000000 -0.000000 0.000000
time 54
0  0.000000 0.000000 0.000000  1.570796 -0.000000 0.000000
1  -1.861781 -0.964946 33.122478  1.736631 0.060288 0.169305
2  0.000000 -0.000005 0.000000  0.000000 -0.000000 0.000000
3  3.890452 -0.000006 -0.000002  -1.392039 -0.864573 -1.565766
4  17.848175 0.000005 -0.000000  0.000000 -0.000000 1.126685
5  15.638503 -0.000000 -0.000001  0.149356 0.293058 -1.354081
6  7.109930 0.000000 0.000001  -0.007119 -0.003131 -0.631738
7  -3.890452 0.000001 0.000007  -0.628911 -0.064566 -1.715839
8  17.848177 0.000000 0.000000  0.000000 -0.000000 0.988295
9  15.638512 0.000001 0.000000  0.193149 -0.106488 -1.617794
10  7.109930 -0.000001 0.000000  -0.081154 -0.003131 -0.631749
11  -0.044717 2.528780 4.661500  -0.043890 0.001017 0.027014
12  4.041916 4.954658 -8.467938  0.000000 -0.392699 0.000000
13  -0.191407 3.341217 -2.981901  1.558240 0.086180 1.570737
14  4.018326 0.000000 0.000001  0.108158 -0.087212 0.327462
15  3.518559 0.000000 0.000001  0.131365 -0.098429 0.390162
16  8.942646 -0.000001 -0.000001  0.071622 -0.015604 -0.004788
17  3.306633 -0.000002 0.000002  3.138800 0.000567 0.400476
18  3.593709 -0.000002 -0.000001  -0.464714 -0.076707 1.036984
19  2.033334 1.000769 1.101699  0.134249 -1.705744 -1.888535
20  6.809414 0.000006 -0.000002  -2.146994 -0.951932 -0.028651
21  12.391795 0.000003 0.000001  -0.000000 -0.000000 -1.990490
22  9.337076 -0.000002 -0.000029  0.387366 -0.120160 0.620113
23  3.859705 -0.142431 -1.191952  -0.513267 0.072291 -1.288225
24  1.312563 -0.000004 0.000007  -0.163028 0.224047 -1.466962
25  0.729361 0.000001 -0.000006  -0.068871 0.147979 -0.913117
26  3.942326 0.046742 -0.431419  -0.157261 0.007109 -0.685616
27  1.539091 0.000007 -0.000014  -0.068563 0.062695 -1.808644
28  1.196324 0.000007 0.000004  -0.005433 0.026725 -0.524005
29  4.454021 -0.070206 0.572078  0.095490 -0.008587 -0.706335
30  1.426600 -0.000002 0.000000  0.055908 -0.087976 -1.504206
31  1.322465 -0.000002 -0.000000  0.009312 -0.033625 -0.575065
32  4.477060 -0.028573 1.582473  0.481653 -0.035390 -1.246096
33  1.344417 -0.000002 -0.000004  0.023466 -0.208305 -0.755723
34  1.224673 0.000004 -0.000005  0.026043 -0.124620 -0.538676
35  2.630323 -0.345019 1.907217  -0.354022 -0.915164 -1.788195
36  1.059286 -0.000003 0.000001  -0.001067 -0.012855 0.250988
37  0.781211 0.000003 -0.000004  -0.000096 -0.003210 0.062757
38  2.033349 1.000767 -1.101645  -0.095993 1.948661 -1.790933
39  6.809418 -0.000002 0.000003  1.417907 0.333390 -0.721990
40  12.391790 0.000002 -0.000005  0.000000 -0.000000 -1.986112
41  9.337105 -0.000003 -0.000003  -1.223851 0.357874 0.237867
42  3.859662 -0.132558 1.193140  0.500825 -0.046011 -1.090245
43  1.312563 -0.000004 0.000002  0.002780 -0.011603 -0.674914
44  0.729358 0.000001 -0.000002  0.001427 -0.005962 -0.479506
45  3.942290 0.050341 0.431064  0.169493 -0.039414 -1.053171
46  1.539097 -0.000008 -0.000002  0.001362 -0.005690 -0.483003
47  1.196323 -0.000002 0.000003  0.002250 -0.009391 -0.666002
48  4.453987 -0.073764 -0.571676  -0.109443 0.013445 -0.891670
49  1.426598 -0.000001 -0.000000  -0.004063 0.060051 -0.864118
50  1.322466 -0.000002 -0.000001  -0.018852 0.042075 -0.864931
51  4.477036 -0.043465 -1.581291  -0.566918 0.063111 -0.913942
52  1.344413 -0.000003 -0.000004  -0.041095 0.219416 -0.844574
53  1.224672 0.000002 0.000011  -0.071919 0.176049 -0.852213
54  2.630290 -0.359833 -1.904292  0.822008 0.137651 -1.254011
55  1.059291 -0.000002 0.000001  -0.000599 -0.000009 0.000000
56  0.781202 -0.000003 0.000000  -0.000000 -0.000006 0.000002
57  4.069501 1.811269 4.279048  1.570796 -0.000000 0.000000
58  0.000000 -0.000000 -0.000000  0.000000 0.052360 0.000000
59  0.032300 -4.377938 -4.331139  -0.000000 -0.000000 0.000000
60  -0.002340 -4.618855 4.848104  -0.000000 0.000937 -0.001514
61  -0.000000 0.000000 -0.000000  0.000000 -0.000000 0.000000
62  -0.014019 -4.136677 -0.422642  0.000001 -0.000000 0.000000
63  0.014022 0.341392 9.682304  0.000000 0.000937 -0.001514
64  0.003298 0.000005 -3.521831  0.000000 -0.000000 -0.000000
65  -0.000369 3.795277 -5.737836  0.000000 -0.000000 0.000000
66  -0.000000 0.000000 0.000000  -0.000001 0.000000 0.000000
67  -0.000000 -0.000000 -0.000000  -0.000000 -0.000000 -0.000000
68  -0.000000 0.000000 -0.000000  -0.000000 0.000000 0.000000
69  0.000003 -3.795290 9.259664  -0.000000 0.000937 -0.001514
70  7.999999 0.000001 -0.000000  0.000001 -0.052360 -0.000000
71  -4.069616 1.811259 4.279059  1.570796 -0.000000 0.000000
72  0.000000 -0.000000 -0.000000  0.000000 -0.052360 0.000000
73  0.000003 -3.795289 9.259665  -0.001320 -0.008192 0.060729
74  0.000000 0.000000 0.000000  0.000000 0.000000 0.000000
75  0.014020 -4.136677 -0.422641  0.000001 0.000000 -0.000000
76  -0.014018 0.341393 9.682305  -0.000000 0.000937 -0.001514
77  0.003297 0.000005 -3.521831  0.000000 -0.000000 -0.000000
78  -0.000369 3.795275 -5.737837  0.000000 0.000000 0.000000
79  -0.000000 0.000000 0.000000  -0.000000 0.000000 0.000000
80  -0.000000 0.000000 -0.000000  -0.000000 -0.000000 -0.000000
81  0.000000 0.000000 0.000000  -0.000000 -0.000000 -0.000000
82  -0.062978 -4.612901 4.868224  -0.000000 0.000937 -0.001514
83  0.032300 -4.377938 -4.331139  -0.000000 0.000000 -0.000000
84  -8.000000 0.000001 0.000000  0.000001 0.052360 0.000000
85  0.000156 0.385903 39.987263  1.570796 -0.000000 0.000000
86  -0.000161 -1.420346 0.919518  0.000000 -0.000000 0.000000
87  0.000005 3.345128 -2.981901  1.570796 0.083187 1.570796
88  0.000000 -0.000000 -0.000000  0.000000 0.000000 0.000000
89  0.000003 0.000000 -0.000000  -0.000000 -0.000000 -0.003106
90  4.018316 -0.012484 -0.000000  -0.000000 -0.000000 -0.000000
91  0.000005 -0.000000 0.000000  -0.000000 0.000000 -0.032354
92  3.516729 -0.113802 -0.000000  0.000000 -0.000000 -0.000000
93  0.000002 -0.000000 0.000000  0.000000 0.000000 0.067981
94  8.921986 0.607517 -0.000001  -0.000000 -0.000000 -0.000000
95  -0.000000 -0.000000 0.000000  0.000000 0.000000 0.262078
96  3.194337 0.856892 -0.000000  0.000000 -0.000000 -0.000000
97  0.000001 0.000000 0.000000  3.141590 -0.000000 0.662566
98  2.833353 2.210629 -0.000000  0.000000 -0.000000 -0.000000
99  -0.000002 -0.000000 0.000000  3.141590 -0.000000 0.255978
100  1.704618 1.493419 1.937660  -1.544954 -1.855079 0.063449
101  -0.000001 0.000001 0.000000  0.000000 0.000000 0.000001
102  1.704624 1.493426 -1.937611  1.473111 1.855076 0.063436
103  -0.000003 0.000003 0.000001  0.000000 0.000000 -0.000001
104  7.723854 1.956159 58.484589  1.570796 -0.000000 0.000000
105  0.000000 0.000001 -0.000000  0.000000 -0.000000 0.000000
106  14.952688 -17.686636 -0.395722  0.000001 -0.000000 0.000000
107  0.000000 9.000000 -0.000003  0.000000 -0.000000 0.000000
108  0.000000 0.000001 -0.000000  0.000000 -0.000000 0.000000
109  0.000000 0.000002 -9.999998  0.000000 -0.000000 0.000000
110  0.000000 0.000002 0.000000  0.000001 -0.000000 0.000000
111  15.264428 2.505456 49.565292  -0.015813 0.868860 -0.020712
112  11.481673 -0.000034 -0.000029  1.573178 -0.106616 0.044195
113  -0.000001 0.000004 0.000000  -0.000000 0.000000 0.000002
114  -0.000001 0.000000 0.000000  -0.000000 -0.000000 0.000000
115  -0.000001 0.000000 0.000000  0.000000 0.000000 0.000000
116  -7.723807 1.956140 58.484608  1.570796 -0.000000 0.000000
117  0.000000 0.000001 -0.000000  0.000000 -0.000000 0.000000
118  -14.952740 -17.686594 -0.395684  0.000001 -0.000000 0.000000
119  0.000000 9.000000 -0.000003  0.000000 -0.000000 0.000000
120  0.000000 0.000024 -0.000000  0.000000 -0.000000 0.000000
121  0.000000 -0.000021 -9.999999  0.000000 -0.000000 0.000000
122  0.000000 0.000002 0.000000  0.000001 -0.000000 0.000000
123  -15.264407 2.505418 49.565334  0.015813 2.272735 0.020712
124  11.481701 -0.000054 -0.000002  -1.564933 0.106603 0.044183
125  -0.000003 -0.000001 -0.000000  -0.000000 0.000000 -0.000003
126  0.000003 0.000001 -0.000000  -0.000000 -0.000000 -0.000000
127  0.000003 0.000001 0.000000  0.000000 0.000000 -0.000000
128  3.890447 -0.533611 38.566914  1.570796 -0.000000 0.000000
129  0.000000 -0.000000 0.000000  0.000000 -0.000000 0.000000
130  0.000000 -0.000002 -9.999999  0.000000 -0.000000 0.000000
131  0.000000 -0.000002 -0.000000  0.000000 -0.000000 0.000000
132  -3.890457 -0.533622 38.566921  1.570796 -0.000000 0.000000
133  0.000000 -0.000000 0.000000  0.000000 -0.000000 0.000000
134  0.000000 -0.000002 -9.999999  0.000000 -0.000000 0.000000
135  0.000000 -0.000002 -0.000000  0.000000 -0.000000 0.000000
time 55
0  0.000000 0.000000 0.000000  1.570796 -0.000000 0.000000
1  -1.861781 -0.416448 33.390068  1.712418 0.070405 0.122216
2  0.000000 0.000001 -0.000000  0.000000 0.000000 0.000000
3  3.890453 -0.000005 -0.000002  -1.401010 -0.836138 -1.542382
4  17.848175 0.000002 -0.000000  0.000000 -0.000000 1.095670
5  15.638504 0.000001 -0.000000  0.116472 0.262002 -1.334578
6  7.109931 -0.000000 0.000002  -0.007119 -0.003131 -0.631738
7  -3.890451 0.000007 0.000007  -0.650649 -0.084690 -1.737218
8  17.848173 -0.000001 -0.000001  0.000000 0.000000 0.981065
9  15.638510 -0.000001 -0.000000  0.169338 -0.114953 -1.624288
10  7.109929 -0.000001 0.000000  -0.081154 -0.003131 -0.631749
11  -0.044717 2.528787 4.661499  -0.043890 0.000921 0.031102
12  4.041916 4.954661 -8.467938  0.000000 -0.392699 0.000000
13  -0.226564 3.341223 -2.981901  1.557755 0.086123 1.573160
14  4.018325 0.000000 -0.000000  0.105038 -0.078235 0.313460
15  3.518562 -0.000002 -0.000000  0.128136 -0.088530 0.377817
16  8.942641 0.000006 -0.000001  0.072108 -0.013051 -0.000162
17  3.306642 -0.000001 0.000001  3.138800 0.000567 0.400476
18  3.593711 0.000001 -0.000001  -0.425309 -0.077350 1.015160
19  2.033346 1.000771 1.101699  0.118355 -1.699002 -1.872279
20  6.809416 -0.000000 -0.000001  -2.105968 -0.994721 -0.078728
21  12.391795 0.000001 -0.000001  0.000000 -0.000000 -1.921419
22  9.337078 0.000004 -0.000033  0.359976 -0.076231 0.627037
23  3.859704 -0.142429 -1.191955  -0.513267 0.072291 -1.288225
24  1.312563 -0.000004 0.000005  -0.163028 0.224047 -1.466962
25  0.729365 0.000002 0.000004  -0.068871 0.147979 -0.913117
26  3.942326 0.046742 -0.431422  -0.157261 0.007109 -0.685616
27  1.539093 0.000009 -0.000014  -0.068563 0.062695 -1.808644
28  1.196320 0.000007 -0.000008  -0.005433 0.026725 -0.524005
29  4.454021 -0.070204 0.572076  0.095490 -0.008587 -0.706335
30  1.426600 -0.000000 -0.000001  0.055908 -0.087976 -1.504206
31  1.322465 -0.000003 0.000008  0.009312 -0.033625 -0.575065
32  4.477062 -0.028572 1.582468  0.481653 -0.035390 -1.246096
33  1.344418 -0.000001 -0.000001  0.023466 -0.208305 -0.755723
34  1.224672 0.000001 0.000005  0.026043 -0.124620 -0.538676
35  2.630321 -0.345016 1.907213  -0.354022 -0.915164 -1.788195
36  1.059287 -0.000002 -0.000001  -0.001067 -0.012855 0.250988
37  0.781216 0.000002 0.000001  -0.000096 -0.003210 0.062757
38  2.033357 1.000770 -1.101645  -0.050042 1.934696 -1.740800
39  6.809416 -0.000001 0.000002  1.411282 0.283372 -0.738076
40  12.391794 0.000005 -0.000000  0.000000 0.000000 -1.971029
41  9.337104 -0.000003 -0.000002  -1.226155 0.358064 0.239766
42  3.859662 -0.132557 1.193137  0.500923 -0.044827 -1.092409
43  1.312562 -0.000008 0.000003  0.002833 -0.011590 -0.679491
44  0.729359 -0.000000 -0.000000  0.001454 -0.005955 -0.484084
45  3.942289 0.050340 0.431068  0.169506 -0.039354 -1.053518
46  1.539096 -0.000006 -0.000006  0.001388 -0.005684 -0.487580
47  1.196321 -0.000002 0.000009  0.002293 -0.009381 -0.670579
48  4.453985 -0.073767 -0.571671  -0.109443 0.013445 -0.891670
49  1.426597 0.000001 0.000002  -0.004063 0.060051 -0.864118
50  1.322466 -0.000001 0.000001  -0.018852 0.042075 -0.864931
51  4.477036 -0.043462 -1.581297  -0.566918 0.063111 -0.913942
52  1.344416 -0.000001 -0.000003  -0.041095 0.219416 -0.844574
53  1.224673 0.000003 0.000013  -0.071919 0.176037 -0.852213
54  2.630290 -0.359833 -1.904288  0.822008 0.137651 -1.254011
55  1.059291 -0.000000 0.000001  -0.000599 -0.000009 -0.000000
56  0.781202 -0.000001 0.000000  -0.000000 -0.000006 0.000002
57  4.069501 1.811269 4.279048  1.570796 -0.000000 0.000000
58  0.000000 -0.000000 -0.000000  0.000000 0.052360 0.000000
59  0.032300 -4.377938 -4.331139  -0.000000 -0.000000 0.000000
60  -0.002340 -4.618855 4.848104  -0.000000 0.000937 -0.001514
61  -0.000000 0.000000 -0.000000  0.000000 -0.000000 0.000000
62  -0.014019 -4.136677 -0.422642  0.000001 -0.000000 0.000000
63  0.014022 0.341392 9.682304  0.000000 0.000937 -0.001514
64  0.003298 0.000005 -3.521831  0.000000 -0.000000 -0.000000
65  -0.000369 3.795277 -5.737836  0.000000 -0.000000 0.000000
66  -0.000000 0.000000 0.000000  -0.000001 0.000000 0.000000
67  -0.000000 -0.000000 -0.000000  -0.000000 -0.000000 -0.000000
68  -0.000000 0.000000 -0.000000  -0.000000 0.000000 0.000000
69  0.000003 -3.795290 9.259664  -0.000000 0.000937 -0.001514
70  7.999999 0.000001 -0.000000  0.000001 -0.052360 -0.000000
71  -4.069616 1.811259 4.279059  1.570796 -0.000000 0.000000
72  0.000000 -0.000000 -0.000000  0.000000 -0.052360 0.000000
73  0.000003 -3.795289 9.259665  -0.001320 -0.008192 0.060729
74  0.000000 0.000000 0.000000  0.000000 0.000000 0.000000
75  0.014020 -4.136677 -0.422641  0.000001 0.000000 -0.000000
76  -0.014018 0.341393 9.682305  -0.000000 0.000937 -0.001514
77  0.003297 0.000005 -3.521831  0.000000 -0.000000 -0.000000
78  -0.000369 3.795275 -5.737837  0.000000 0.000000 0.000000
79  -0.000000 0.000000 0.000000  -0.000000 0.000000 0.000000
80  -0.000000 0.000000 -0.000000  -0.000000 -0.000000 -0.000000
81  0.000000 0.000000 0.000000  -0.000000 -0.000000 -0.000000
82  -0.062978 -4.612901 4.868224  -0.000000 0.000937 -0.001514
83  0.032300 -4.377938 -4.331139  -0.000000 0.000000 -0.000000
84  -8.000000 0.000001 0.000000  0.000001 0.052360 0.000000
85  0.000156 0.385903 39.987263  1.570796 -0.000000 0.000000
86  -0.000161 -1.420346 0.919518  0.000000 -0.000000 0.000000
87  0.000005 3.345128 -2.981901  1.570796 0.083187 1.570796
88  0.000000 -0.000000 -0.000000  0.000000 0.000000 0.000000
89  0.000003 0.000000 -0.000000  -0.000000 -0.000000 -0.003106
90  4.018316 -0.012484 -0.000000  -0.000000 -0.000000 -0.000000
91  0.000005 -0.000000 0.000000  -0.000000 0.000000 -0.032354
92  3.516729 -0.113802 -0.000000  0.000000 -0.000000 -0.000000
93  0.000002 -0.000000 0.000000  0.000000 0.000000 0.067981
94  8.921986 0.607517 -0.000001  -0.000000 -0.000000 -0.000000
95  -0.000000 -0.000000 0.000000  0.000000 0.000000 0.262078
96  3.194337 0.856892 -0.000000  0.000000 -0.000000 -0.000000
97  0.000001 0.000000 0.000000  3.141590 -0.000000 0.662566
98  2.833353 2.210629 -0.000000  0.000000 -0.000000 -0.000000
99  -0.000002 -0.000000 0.000000  3.141590 -0.000000 0.255978
100  1.704618 1.493419 1.937660  -1.544954 -1.855079 0.063449
101  -0.000001 0.000001 0.000000  0.000000 0.000000 0.000001
102  1.704624 1.493426 -1.937611  1.473111 1.855076 0.063436
103  -0.000003 0.000003 0.000001  0.000000 0.000000 -0.000001
104  7.723854 1.956159 58.484589  1.570796 -0.000000 0.000000
105  0.000000 0.000001 -0.000000  0.000000 -0.000000 0.000000
106  14.952688 -17.686636 -0.395722  0.000001 -0.000000 0.000000
107  0.000000 9.000000 -0.000003  0.000000 -0.000000 0.000000
108  0.000000 0.000001 -0.000000  0.000000 -0.000000 0.000000
109  0.000000 0.000002 -9.999998  0.000000 -0.000000 0.000000
110  0.000000 0.000002 0.000000  0.000001 -0.000000 0.000000
111  15.264428 2.505456 49.565292  -0.015813 0.868860 -0.020712
112  11.481673 -0.000034 -0.000029  1.573178 -0.106616 0.044195
113  -0.000001 0.000004 0.000000  -0.000000 0.000000 0.000002
114  -0.000001 0.000000 0.000000  -0.000000 -0.000000 0.000000
115  -0.000001 0.000000 0.000000  0.000000 0.000000 0.000000
116  -7.723807 1.956140 58.484608  1.570796 -0.000000 0.000000
117  0.000000 0.000001 -0.000000  0.000000 -0.000000 0.000000
118  -14.952740 -17.686594 -0.395684  0.000001 -0.000000 0.000000
119  0.000000 9.000000 -0.000003  0.000000 -0.000000 0.000000
120  0.000000 0.000024 -0.000000  0.000000 -0.000000 0.000000
121  0.000000 -0.000021 -9.999999  0.000000 -0.000000 0.000000
122  0.000000 0.000002 0.000000  0.000001 -0.000000 0.000000
123  -15.264407 2.505418 49.565334  0.015813 2.272735 0.020712
124  11.481701 -0.000054 -0.000002  -1.564933 0.106603 0.044183
125  -0.000003 -0.000001 -0.000000  -0.000000 0.000000 -0.000003
126  0.000003 0.000001 -0.000000  -0.000000 -0.000000 -0.000000
127  0.000003 0.000001 0.000000  0.000000 0.000000 -0.000000
128  3.890447 -0.533611 38.566914  1.570796 -0.000000 0.000000
129  0.000000 -0.000000 0.000000  0.000000 -0.000000 0.000000
130  0.000000 -0.000002 -9.999999  0.000000 -0.000000 0.000000
131  0.000000 -0.000002 -0.000000  0.000000 -0.000000 0.000000
132  -3.890457 -0.533622 38.566921  1.570796 -0.000000 0.000000
133  0.000000 -0.000000 0.000000  0.000000 -0.000000 0.000000
134  0.000000 -0.000002 -9.999999  0.000000 -0.000000 0.000000
135  0.000000 -0.000002 -0.000000  0.000000 -0.000000 0.000000
time 56
0  0.000000 0.000000 0.000000  1.570796 -0.000000 0.000000
1  -1.873500 0.071107 33.637077  1.688036 0.080014 0.078381
2  0.000000 -0.000004 0.000000  0.000000 0.000000 -0.000000
3  3.890453 -0.000006 -0.000002  -1.399102 -0.805763 -1.523982
4  17.848173 0.000001 -0.000000  0.000000 -0.000000 1.065459
5  15.638505 0.000001 -0.000000  0.079821 0.229244 -1.317117
6  7.109931 -0.000001 0.000001  -0.007119 -0.003131 -0.631738
7  -3.890452 -0.000000 0.000007  -0.667810 -0.103387 -1.737597
8  17.848169 -0.000000 0.000000  0.000000 -0.000000 0.963680
9  15.638514 -0.000001 0.000001  0.132650 -0.120732 -1.623237
10  7.109929 -0.000000 0.000000  -0.081154 -0.003131 -0.631749
11  -0.044716 2.528776 4.661500  -0.043955 0.001302 0.035591
12  4.041916 4.954656 -8.467940  0.000000 -0.392699 -0.000000
13  -0.257815 3.337306 -2.981901  1.557755 0.086066 1.576116
14  4.018327 -0.000000 -0.000000  0.101218 -0.068408 0.299023
15  3.518558 -0.000000 0.000000  0.124236 -0.077516 0.365153
16  8.942648 -0.000003 0.000000  0.072566 -0.009899 0.004816
17  3.306637 0.000004 -0.000000  3.138800 0.000567 0.400476
18  3.593712 -0.000001 -0.000000  -0.385229 -0.076215 0.988847
19  2.033340 1.000772 1.101697  0.100686 -1.692310 -1.854226
20  6.809415 0.000004 -0.000003  -2.056336 -1.035354 -0.141489
21  12.391794 0.000000 0.000004  -0.000000 -0.000000 -1.850929
22  9.337077 0.000000 -0.000028  0.333299 -0.031908 0.633037
23  3.859707 -0.142431 -1.191959  -0.513267 0.072291 -1.288225
24  1.312563 -0.000002 0.000001  -0.163028 0.224047 -1.466962
25  0.729365 0.000002 -0.000006  -0.068871 0.147979 -0.913117
26  3.942327 0.046741 -0.431432  -0.157261 0.007109 -0.685616
27  1.539092 0.000011 0.000002  -0.068563 0.062695 -1.808644
28  1.196319 0.000009 -0.000004  -0.005433 0.026725 -0.524005
29  4.454024 -0.070205 0.572069  0.095490 -0.008587 -0.706335
30  1.426597 -0.000004 -0.000003  0.055908 -0.087976 -1.504206
31  1.322469 -0.000000 0.000002  0.009312 -0.033625 -0.575065
32  4.477062 -0.028574 1.582464  0.481653 -0.035390 -1.246096
33  1.344417 -0.000005 -0.000005  0.023466 -0.208305 -0.755723
34  1.224671 0.000009 -0.000004  0.026043 -0.124620 -0.538676
35  2.630324 -0.345017 1.907207  -0.354022 -0.915164 -1.788195
36  1.059289 -0.000004 0.000000  -0.001067 -0.012855 0.250988
37  0.781214 0.000001 0.000002  -0.000096 -0.003210 0.062757
38  2.033352 1.000776 -1.101647  0.002322 1.916967 -1.684148
39  6.809418 -0.000003 -0.000002  1.405508 0.233091 -0.758894
40  12.391798 0.000002 -0.000002  0.000000 -0.000000 -1.956090
41  9.337106 -0.000003 0.000000  -1.229036 0.358255 0.241407
42  3.859663 -0.132559 1.193137  0.501132 -0.042194 -1.097223
43  1.312564 -0.000004 0.000004  0.002907 -0.011572 -0.685880
44  0.729360 -0.000001 0.000003  0.001492 -0.005946 -0.490472
45  3.942289 0.050338 0.431071  0.169508 -0.039346 -1.053568
46  1.539096 -0.000008 -0.000004  0.001424 -0.005675 -0.493969
47  1.196321 -0.000003 0.000006  0.002353 -0.009366 -0.676968
48  4.453988 -0.073765 -0.571672  -0.109443 0.013445 -0.891670
49  1.426599 0.000002 -0.000000  -0.004063 0.060051 -0.864118
50  1.322464 0.000001 -0.000002  -0.018852 0.042075 -0.864931
51  4.477036 -0.043463 -1.581295  -0.566918 0.063111 -0.913942
52  1.344414 -0.000008 -0.000002  -0.041095 0.219416 -0.844574
53  1.224674 0.000003 0.000013  -0.071919 0.176049 -0.852213
54  2.630291 -0.359833 -1.904286  0.822008 0.137651 -1.254011
55  1.059291 0.000004 0.000005  -0.000599 -0.000009 0.000000
56  0.781204 -0.000005 0.000004  0.000000 -0.000006 0.000002
57  4.069501 1.811269 4.279048  1.570796 -0.000000 0.000000
58  0.000000 -0.000000 -0.000000  0.000000 0.052360 0.000000
59  0.032300 -4.377938 -4.331139  -0.000000 -0.000000 0.000000
60  -0.002340 -4.618855 4.848104  -0.000000 0.000937 -0.001514
61  -0.000000 0.000000 -0.000000  0.000000 -0.000000 0.000000
62  -0.014019 -4.136677 -0.422642  0.000001 -0.000000 0.000000
63  0.014022 0.341392 9.682304  0.000000 0.000937 -0.001514
64  0.003298 0.000005 -3.521831  0.000000 -0.000000 -0.000000
65  -0.000369 3.795277 -5.737836  0.000000 -0.000000 0.000000
66  -0.000000 0.000000 0.000000  -0.000001 0.000000 0.000000
67  -0.000000 -0.000000 -0.000000  -0.000000 -0.000000 -0.000000
68  -0.000000 0.000000 -0.000000  -0.000000 0.000000 0.000000
69  0.000003 -3.795290 9.259664  -0.000000 0.000937 -0.001514
70  7.999999 0.000001 -0.000000  0.000001 -0.052360 -0.000000
71  -4.069616 1.811259 4.279059  1.570796 -0.000000 0.000000
72  0.000000 -0.000000 -0.000000  0.000000 -0.052360 0.000000
73  0.000003 -3.795289 9.259665  -0.001320 -0.008192 0.060729
74  0.000000 0.000000 0.000000  0.000000 0.000000 0.000000
75  0.014020 -4.136677 -0.422641  0.000001 0.000000 -0.000000
76  -0.014018 0.341393 9.682305  -0.000000 0.000937 -0.001514
77  0.003297 0.000005 -3.521831  0.000000 -0.000000 -0.000000
78  -0.000369 3.795275 -5.737837  0.000000 0.000000 0.000000
79  -0.000000 0.000000 0.000000  -0.000000 0.000000 0.000000
80  -0.000000 0.000000 -0.000000  -0.000000 -0.000000 -0.000000
81  0.000000 0.000000 0.000000  -0.000000 -0.000000 -0.000000
82  -0.062978 -4.612901 4.868224  -0.000000 0.000937 -0.001514
83  0.032300 -4.377938 -4.331139  -0.000000 0.000000 -0.000000
84  -8.000000 0.000001 0.000000  0.000001 0.052360 0.000000
85  0.000156 0.385903 39.987263  1.570796 -0.000000 0.000000
86  -0.000161 -1.420346 0.919518  0.000000 -0.000000 0.000000
87  0.000005 3.345128 -2.981901  1.570796 0.083187 1.570796
88  0.000000 -0.000000 -0.000000  0.000000 0.000000 0.000000
89  0.000003 0.000000 -0.000000  -0.000000 -0.000000 -0.003106
90  4.018316 -0.012484 -0.000000  -0.000000 -0.000000 -0.000000
91  0.000005 -0.000000 0.000000  -0.000000 0.000000 -0.032354
92  3.516729 -0.113802 -0.000000  0.000000 -0.000000 -0.000000
93  0.000002 -0.000000 0.000000  0.000000 0.000000 0.067981
94  8.921986 0.607517 -0.000001  -0.000000 -0.000000 -0.000000
95  -0.000000 -0.000000 0.000000  0.000000 0.000000 0.262078
96  3.194337 0.856892 -0.000000  0.000000 -0.000000 -0.000000
97  0.000001 0.000000 0.000000  3.141590 -0.000000 0.662566
98  2.833353 2.210629 -0.000000  0.000000 -0.000000 -0.000000
99  -0.000002 -0.000000 0.000000  3.141590 -0.000000 0.255978
100  1.704618 1.493419 1.937660  -1.544954 -1.855079 0.063449
101  -0.000001 0.000001 0.000000  0.000000 0.000000 0.000001
102  1.704624 1.493426 -1.937611  1.473111 1.855076 0.063436
103  -0.000003 0.000003 0.000001  0.000000 0.000000 -0.000001
104  7.723854 1.956159 58.484589  1.570796 -0.000000 0.000000
105  0.000000 0.000001 -0.000000  0.000000 -0.000000 0.000000
106  14.952688 -17.686636 -0.395722  0.000001 -0.000000 0.000000
107  0.000000 9.000000 -0.000003  0.000000 -0.000000 0.000000
108  0.000000 0.000001 -0.000000  0.000000 -0.000000 0.000000
109  0.000000 0.000002 -9.999998  0.000000 -0.000000 0.000000
110  0.000000 0.000002 0.000000  0.000001 -0.000000 0.000000
111  15.264428 2.505456 49.565292  -0.015813 0.868860 -0.020712
112  11.481673 -0.000034 -0.000029  1.573178 -0.106616 0.044195
113  -0.000001 0.000004 0.000000  -0.000000 0.000000 0.000002
114  -0.000001 0.000000 0.000000  -0.000000 -0.000000 0.000000
115  -0.000001 0.000000 0.000000  0.000000 0.000000 0.000000
116  -7.723807 1.956140 58.484608  1.570796 -0.000000 0.000000
117  0.000000 0.000001 -0.000000  0.000000 -0.000000 0.000000
118  -14.952740 -17.686594 -0.395684  0.000001 -0.000000 0.000000
119  0.000000 9.000000 -0.000003  0.000000 -0.000000 0.000000
120  0.000000 0.000024 -0.000000  0.000000 -0.000000 0.000000
121  0.000000 -0.000021 -9.999999  0.000000 -0.000000 0.000000
122  0.000000 0.000002 0.000000  0.000001 -0.000000 0.000000
123  -15.264407 2.505418 49.565334  0.015813 2.272735 0.020712
124  11.481701 -0.000054 -0.000002  -1.564933 0.106603 0.044183
125  -0.000003 -0.000001 -0.000000  -0.000000 0.000000 -0.000003
126  0.000003 0.000001 -0.000000  -0.000000 -0.000000 -0.000000
127  0.000003 0.000001 0.000000  0.000000 0.000000 -0.000000
128  3.890447 -0.533611 38.566914  1.570796 -0.000000 0.000000
129  0.000000 -0.000000 0.000000  0.000000 -0.000000 0.000000
130  0.000000 -0.000002 -9.999999  0.000000 -0.000000 0.000000
131  0.000000 -0.000002 -0.000000  0.000000 -0.000000 0.000000
132  -3.890457 -0.533622 38.566921  1.570796 -0.000000 0.000000
133  0.000000 -0.000000 0.000000  0.000000 -0.000000 0.000000
134  0.000000 -0.000002 -9.999999  0.000000 -0.000000 0.000000
135  0.000000 -0.000002 -0.000000  0.000000 -0.000000 0.000000
time 57
0  0.000000 0.000000 0.000000  1.570796 -0.000000 0.000000
1  -1.893031 0.518032 33.873795  1.663908 0.087914 0.036938
2  0.000001 -0.000002 0.000000  0.000000 -0.000000 -0.000000
3  3.890453 -0.000009 -0.000002  -1.383450 -0.773069 -1.513153
4  17.848173 0.000003 0.000000  0.000000 0.000000 1.035834
5  15.638507 -0.000000 -0.000001  0.037442 0.192303 -1.301843
6  7.109929 -0.000001 0.000001  -0.007119 -0.003131 -0.631738
7  -3.890451 0.000005 0.000007  -0.682779 -0.122182 -1.726150
8  17.848173 -0.000000 0.000000  0.000000 0.000000 0.941828
9  15.638514 0.000000 0.000000  0.085769 -0.125556 -1.615502
10  7.109930 -0.000001 0.000000  -0.081154 -0.003131 -0.631749
11  -0.044716 2.528781 4.661500  -0.043955 0.002097 0.039279
12  4.041916 4.954656 -8.467939  0.000000 -0.392699 -0.000000
13  -0.281254 3.333407 -2.981901  1.558132 0.086038 1.578303
14  4.018332 0.000000 0.000000  0.096652 -0.057934 0.284361
15  3.518556 -0.000001 0.000000  0.119560 -0.065688 0.352311
16  8.942641 0.000004 0.000001  0.072968 -0.006400 0.010023
17  3.306637 -0.000002 -0.000001  3.138800 0.000567 0.400476
18  3.593711 0.000001 -0.000000  -0.342492 -0.073709 0.957916
19  2.033343 1.000765 1.101697  0.080797 -1.685666 -1.834018
20  6.809416 0.000001 -0.000002  -1.997618 -1.073143 -0.217598
21  12.391798 0.000004 -0.000002  0.000000 0.000000 -1.780281
22  9.337076 0.000001 -0.000032  0.307247 0.012613 0.638518
23  3.859706 -0.142430 -1.191964  -0.513267 0.072291 -1.288225
24  1.312565 -0.000004 0.000005  -0.163028 0.224047 -1.466962
25  0.729364 0.000002 -0.000000  -0.068871 0.147979 -0.913117
26  3.942331 0.046746 -0.431429  -0.157261 0.007109 -0.685616
27  1.539094 0.000011 -0.000005  -0.068563 0.062695 -1.808644
28  1.196320 0.000005 -0.000003  -0.005433 0.026725 -0.524005
29  4.454023 -0.070202 0.572070  0.095490 -0.008587 -0.706335
30  1.426601 -0.000003 -0.000001  0.055908 -0.087976 -1.504206
31  1.322468 0.000000 0.000005  0.009312 -0.033625 -0.575065
32  4.477067 -0.028570 1.582465  0.481653 -0.035390 -1.246096
33  1.344418 -0.000001 -0.000008  0.023466 -0.208305 -0.755723
34  1.224674 -0.000001 0.000000  0.026043 -0.124620 -0.538676
35  2.630324 -0.345017 1.907212  -0.354022 -0.915164 -1.788195
36  1.059283 -0.000003 -0.000001  -0.001067 -0.012855 0.250988
37  0.781206 0.000003 0.000004  -0.000096 -0.003210 0.062757
38  2.033352 1.000769 -1.101647  0.009311 1.915874 -1.676671
39  6.809419 -0.000003 0.000000  1.397936 0.253458 -0.761389
40  12.391793 0.000001 0.000000  0.000000 -0.000000 -1.944885
41  9.337107 0.000003 0.000003  -1.117218 0.472239 0.275168
42  3.859662 -0.132558 1.193141  0.483639 -0.033756 -1.181482
43  1.312561 -0.000003 0.000002  0.007292 -0.029190 -0.710414
44  0.729358 0.000000 0.000002  0.017622 -0.025297 -0.589001
45  3.942289 0.050340 0.431072  0.166679 -0.042557 -1.034002
46  1.539096 -0.000005 0.000001  0.006565 -0.012831 -0.594288
47  1.196322 -0.000002 0.000004  0.004067 -0.013122 -0.698791
48  4.453987 -0.073767 -0.571670  -0.106614 -0.011124 -0.438135
49  1.426598 -0.000004 0.000001  -0.010427 0.064952 -0.966086
50  1.322467 -0.000004 -0.000002  -0.018037 0.041356 -0.845269
51  4.477036 -0.043464 -1.581287  -0.545154 0.100443 -0.759726
52  1.344413 0.000002 -0.000003  -0.041323 0.219620 -0.845616
53  1.224674 -0.000002 0.000010  -0.050731 0.155256 -0.723908
54  2.630290 -0.359833 -1.904288  0.754193 0.165876 -1.170036
55  1.059291 0.000001 0.000010  -0.000228 0.006355 0.113593
56  0.781204 -0.000005 0.000007  0.000096 0.003433 0.061971
57  4.069501 1.811269 4.279048  1.570796 -0.000000 0.000000
58  0.000000 -0.000000 -0.000000  0.000000 0.052360 0.000000
59  0.032300 -4.377938 -4.331139  -0.000000 -0.000000 0.000000
60  -0.002340 -4.618855 4.848104  -0.000000 0.000937 -0.001514
61  -0.000000 0.000000 -0.000000  0.000000 -0.000000 0.000000
62  -0.014019 -4.136677 -0.422642  0.000001 -0.000000 0.000000
63  0.014022 0.341392 9.682304  0.000000 0.000937 -0.001514
64  0.003298 0.000005 -3.521831  0.000000 -0.000000 -0.000000
65  -0.000369 3.795277 -5.737836  0.000000 -0.000000 0.000000
66  -0.000000 0.000000 0.000000  -0.000001 0.000000 0.000000
67  -0.000000 -0.000000 -0.000000  -0.000000 -0.000000 -0.000000
68  -0.000000 0.000000 -0.000000  -0.000000 0.000000 0.000000
69  0.000003 -3.795290 9.259664  -0.000000 0.000937 -0.001514
70  7.999999 0.000001 -0.000000  0.000001 -0.052360 -0.000000
71  -4.069616 1.811259 4.279059  1.570796 -0.000000 0.000000
72  0.000000 -0.000000 -0.000000  0.000000 -0.052360 0.000000
73  0.000003 -3.795289 9.259665  -0.001320 -0.008192 0.060729
74  0.000000 0.000000 0.000000  0.000000 0.000000 0.000000
75  0.014020 -4.136677 -0.422641  0.000001 0.000000 -0.000000
76  -0.014018 0.341393 9.682305  -0.000000 0.000937 -0.001514
77  0.003297 0.000005 -3.521831  0.000000 -0.000000 -0.000000
78  -0.000369 3.795275 -5.737837  0.000000 0.000000 0.000000
79  -0.000000 0.000000 0.000000  -0.000000 0.000000 0.000000
80  -0.000000 0.000000 -0.000000  -0.000000 -0.000000 -0.000000
81  0.000000 0.000000 0.000000  -0.000000 -0.000000 -0.000000
82  -0.062978 -4.612901 4.868224  -0.000000 0.000937 -0.001514
83  0.032300 -4.377938 -4.331139  -0.000000 0.000000 -0.000000
84  -8.000000 0.000001 0.000000  0.000001 0.052360 0.000000
85  0.000156 0.385903 39.987263  1.570796 -0.000000 0.000000
86  -0.000161 -1.420346 0.919518  0.000000 -0.000000 0.000000
87  0.000005 3.345128 -2.981901  1.570796 0.083187 1.570796
88  0.000000 -0.000000 -0.000000  0.000000 0.000000 0.000000
89  0.000003 0.000000 -0.000000  -0.000000 -0.000000 -0.003106
90  4.018316 -0.012484 -0.000000  -0.000000 -0.000000 -0.000000
91  0.000005 -0.000000 0.000000  -0.000000 0.000000 -0.032354
92  3.516729 -0.113802 -0.000000  0.000000 -0.000000 -0.000000
93  0.000002 -0.000000 0.000000  0.000000 0.000000 0.067981
94  8.921986 0.607517 -0.000001  -0.000000 -0.000000 -0.000000
95  -0.000000 -0.000000 0.000000  0.000000 0.000000 0.262078
96  3.194337 0.856892 -0.000000  0.000000 -0.000000 -0.000000
97  0.000001 0.000000 0.000000  3.141590 -0.000000 0.662566
98  2.833353 2.210629 -0.000000  0.000000 -0.000000 -0.000000
99  -0.000002 -0.000000 0.000000  3.141590 -0.000000 0.255978
100  1.704618 1.493419 1.937660  -1.544954 -1.855079 0.063449
101  -0.000001 0.000001 0.000000  0.000000 0.000000 0.000001
102  1.704624 1.493426 -1.937611  1.473111 1.855076 0.063436
103  -0.000003 0.000003 0.000001  0.000000 0.000000 -0.000001
104  7.723854 1.956159 58.484589  1.570796 -0.000000 0.000000
105  0.000000 0.000001 -0.000000  0.000000 -0.000000 0.000000
106  14.952688 -17.686636 -0.395722  0.000001 -0.000000 0.000000
107  0.000000 9.000000 -0.000003  0.000000 -0.000000 0.000000
108  0.000000 0.000001 -0.000000  0.000000 -0.000000 0.000000
109  0.000000 0.000002 -9.999998  0.000000 -0.000000 0.000000
110  0.000000 0.000002 0.000000  0.000001 -0.000000 0.000000
111  15.264428 2.505456 49.565292  -0.015813 0.868860 -0.020712
112  11.481673 -0.000034 -0.000029  1.573178 -0.106616 0.044195
113  -0.000001 0.000004 0.000000  -0.000000 0.000000 0.000002
114  -0.000001 0.000000 0.000000  -0.000000 -0.000000 0.000000
115  -0.000001 0.000000 0.000000  0.000000 0.000000 0.000000
116  -7.723807 1.956140 58.484608  1.570796 -0.000000 0.000000
117  0.000000 0.000001 -0.000000  0.000000 -0.000000 0.000000
118  -14.952740 -17.686594 -0.395684  0.000001 -0.000000 0.000000
119  0.000000 9.000000 -0.000003  0.000000 -0.000000 0.000000
120  0.000000 0.000024 -0.000000  0.000000 -0.000000 0.000000
121  0.000000 -0.000021 -9.999999  0.000000 -0.000000 0.000000
122  0.000000 0.000002 0.000000  0.000001 -0.000000 0.000000
123  -15.264407 2.505418 49.565334  0.015813 2.272735 0.020712
124  11.481701 -0.000054 -0.000002  -1.564933 0.106603 0.044183
125  -0.000003 -0.000001 -0.000000  -0.000000 0.000000 -0.000003
126  0.000003 0.000001 -0.000000  -0.000000 -0.000000 -0.000000
127  0.000003 0.000001 0.000000  0.000000 0.000000 -0.000000
128  3.890447 -0.533611 38.566914  1.570796 -0.000000 0.000000
129  0.000000 -0.000000 0.000000  0.000000 -0.000000 0.000000
130  0.000000 -0.000002 -9.999999  0.000000 -0.000000 0.000000
131  0.000000 -0.000002 -0.000000  0.000000 -0.000000 0.000000
132  -3.890457 -0.533622 38.566921  1.570796 -0.000000 0.000000
133  0.000000 -0.000000 0.000000  0.000000 -0.000000 0.000000
134  0.000000 -0.000002 -9.999999  0.000000 -0.000000 0.000000
135  0.000000 -0.000002 -0.000000  0.000000 -0.000000 0.000000
time 58
0  0.000000 0.000000 0.000000  1.570796 -0.000000 0.000000
1  -1.920376 0.904012 34.079632  1.640630 0.093457 -0.002973
2  -0.000000 0.000002 0.000000  -0.000000 -0.000000 -0.000000
3  3.890452 -0.000006 -0.000002  -1.385454 -0.740707 -1.495615
4  17.848179 0.000006 -0.000000  0.000000 0.000000 1.007086
5  15.638505 0.000001 -0.000001  0.006393 0.165998 -1.285657
6  7.109931 -0.000001 0.000002  -0.007119 -0.003131 -0.631738
7  -3.890452 0.000011 0.000007  -0.698511 -0.140042 -1.711677
8  17.848173 0.000002 0.000001  0.000000 0.000000 0.919245
9  15.638511 -0.000001 -0.000001  0.036573 -0.129698 -1.603660
10  7.109929 -0.000001 0.000000  -0.081154 -0.003131 -0.631749
11  -0.044717 2.528787 4.661500  -0.044020 0.003272 0.041563
12  4.041916 4.954662 -8.467939  -0.000000 -0.392699 0.000000
13  -0.300785 3.333412 -2.981901  1.558941 0.086009 1.579071
14  4.018327 -0.000000 0.000000  0.091386 -0.047004 0.269646
15  3.518561 -0.000003 0.000001  0.114192 -0.053331 0.339469
16  8.942642 0.000004 0.000001  0.073273 -0.002840 0.015318
17  3.306638 0.000001 0.000001  3.138800 0.000567 0.400476
18  3.593709 -0.000005 -0.000002  -0.297687 -0.069619 0.923041
19  2.033344 1.000765 1.101698  0.058333 -1.679023 -1.811297
20  6.809413 -0.000002 -0.000000  -1.929815 -1.107110 -0.306675
21  12.391798 0.000003 -0.000006  -0.000000 -0.000000 -1.710895
22  9.337072 0.000002 -0.000030  0.281909 0.057200 0.643538
23  3.859707 -0.142429 -1.191955  -0.513267 0.072291 -1.288225
24  1.312562 -0.000003 0.000003  -0.163028 0.224047 -1.466962
25  0.729364 0.000002 0.000004  -0.068871 0.147979 -0.913117
26  3.942330 0.046745 -0.431421  -0.157261 0.007109 -0.685616
27  1.539095 0.000008 -0.000006  -0.068563 0.062695 -1.808644
28  1.196321 0.000004 -0.000009  -0.005433 0.026725 -0.524005
29  4.454021 -0.070202 0.572074  0.095490 -0.008587 -0.706335
30  1.426600 -0.000004 0.000003  0.055908 -0.087976 -1.504206
31  1.322466 -0.000002 0.000002  0.009312 -0.033625 -0.575065
32  4.477064 -0.028569 1.582466  0.481653 -0.035390 -1.246096
33  1.344416 0.000000 0.000004  0.023466 -0.208305 -0.755723
34  1.224670 -0.000001 -0.000006  0.026043 -0.124620 -0.538676
35  2.630323 -0.345016 1.907210  -0.354022 -0.915164 -1.788195
36  1.059293 -0.000002 0.000003  -0.001067 -0.012855 0.250988
37  0.781210 0.000003 -0.000001  -0.000096 -0.003210 0.062757
38  2.033353 1.000770 -1.101646  0.007109 1.917817 -1.679067
39  6.809416 0.000001 -0.000002  1.388945 0.286175 -0.760357
40  12.391793 0.000001 -0.000002  0.000000 -0.000000 -1.934471
41  9.337105 -0.000000 0.000001  -0.972885 0.596731 0.331465
42  3.859662 -0.132558 1.193141  0.429711 -0.019350 -1.372568
43  1.312562 -0.000005 0.000002  0.017625 -0.071216 -0.758257
44  0.729358 0.000000 0.000004  0.055946 -0.071257 -0.813341
45  3.942289 0.050339 0.431075  0.159668 -0.050144 -0.987322
46  1.539096 -0.000007 -0.000007  0.018683 -0.029712 -0.822846
47  1.196324 -0.000003 -0.000000  0.008049 -0.022091 -0.740142
48  4.453987 -0.073768 -0.571669  -0.116382 -0.039275 0.084527
49  1.426600 0.000001 0.000005  -0.018600 0.069878 -1.087236
50  1.322465 -0.000001 0.000002  -0.017078 0.040493 -0.821936
51  4.477037 -0.043464 -1.581289  -0.512064 0.139789 -0.574705
52  1.344413 0.000003 -0.000000  -0.041586 0.219848 -0.846837
53  1.224674 -0.000002 0.000005  -0.029386 0.127356 -0.572662
54  2.630291 -0.359832 -1.904284  0.676594 0.206476 -1.072514
55  1.059291 -0.000000 0.000006  0.001115 0.013785 0.248493
56  0.781204 -0.000005 0.000003  0.000503 0.007496 0.135551
57  4.069501 1.811269 4.279048  1.570796 -0.000000 0.000000
58  0.000000 -0.000000 -0.000000  0.000000 0.052360 0.000000
59  0.032300 -4.377938 -4.331139  -0.000000 -0.000000 0.000000
60  -0.002340 -4.618855 4.848104  -0.000000 0.000937 -0.001514
61  -0.000000 0.000000 -0.000000  0.000000 -0.000000 0.000000
62  -0.014019 -4.136677 -0.422642  0.000001 -0.000000 0.000000
63  0.014022 0.341392 9.682304  0.000000 0.000937 -0.001514
64  0.003298 0.000005 -3.521831  0.000000 -0.000000 -0.000000
65  -0.000369 3.795277 -5.737836  0.000000 -0.000000 0.000000
66  -0.000000 0.000000 0.000000  -0.000001 0.000000 0.000000
67  -0.000000 -0.000000 -0.000000  -0.000000 -0.000000 -0.000000
68  -0.000000 0.000000 -0.000000  -0.000000 0.000000 0.000000
69  0.000003 -3.795290 9.259664  -0.000000 0.000937 -0.001514
70  7.999999 0.000001 -0.000000  0.000001 -0.052360 -0.000000
71  -4.069616 1.811259 4.279059  1.570796 -0.000000 0.000000
72  0.000000 -0.000000 -0.000000  0.000000 -0.052360 0.000000
73  0.000003 -3.795289 9.259665  -0.001320 -0.008192 0.060729
74  0.000000 0.000000 0.000000  0.000000 0.000000 0.000000
75  0.014020 -4.136677 -0.422641  0.000001 0.000000 -0.000000
76  -0.014018 0.341393 9.682305  -0.000000 0.000937 -0.001514
77  0.003297 0.000005 -3.521831  0.000000 -0.000000 -0.000000
78  -0.000369 3.795275 -5.737837  0.000000 0.000000 0.000000
79  -0.000000 0.000000 0.000000  -0.000000 0.000000 0.000000
80  -0.000000 0.000000 -0.000000  -0.000000 -0.000000 -0.000000
81  0.000000 0.000000 0.000000  -0.000000 -0.000000 -0.000000
82  -0.062978 -4.612901 4.868224  -0.000000 0.000937 -0.001514
83  0.032300 -4.377938 -4.331139  -0.000000 0.000000 -0.000000
84  -8.000000 0.000001 0.000000  0.000001 0.052360 0.000000
85  0.000156 0.385903 39.987263  1.570796 -0.000000 0.000000
86  -0.000161 -1.420346 0.919518  0.000000 -0.000000 0.000000
87  0.000005 3.345128 -2.981901  1.570796 0.083187 1.570796
88  0.000000 -0.000000 -0.000000  0.000000 0.000000 0.000000
89  0.000003 0.000000 -0.000000  -0.000000 -0.000000 -0.003106
90  4.018316 -0.012484 -0.000000  -0.000000 -0.000000 -0.000000
91  0.000005 -0.000000 0.000000  -0.000000 0.000000 -0.032354
92  3.516729 -0.113802 -0.000000  0.000000 -0.000000 -0.000000
93  0.000002 -0.000000 0.000000  0.000000 0.000000 0.067981
94  8.921986 0.607517 -0.000001  -0.000000 -0.000000 -0.000000
95  -0.000000 -0.000000 0.000000  0.000000 0.000000 0.262078
96  3.194337 0.856892 -0.000000  0.000000 -0.000000 -0.000000
97  0.000001 0.000000 0.000000  3.141590 -0.000000 0.662566
98  2.833353 2.210629 -0.000000  0.000000 -0.000000 -0.000000
99  -0.000002 -0.000000 0.000000  3.141590 -0.000000 0.255978
100  1.704618 1.493419 1.937660  -1.544954 -1.855079 0.063449
101  -0.000001 0.000001 0.000000  0.000000 0.000000 0.000001
102  1.704624 1.493426 -1.937611  1.473111 1.855076 0.063436
103  -0.000003 0.000003 0.000001  0.000000 0.000000 -0.000001
104  7.723854 1.956159 58.484589  1.570796 -0.000000 0.000000
105  0.000000 0.000001 -0.000000  0.000000 -0.000000 0.000000
106  14.952688 -17.686636 -0.395722  0.000001 -0.000000 0.000000
107  0.000000 9.000000 -0.000003  0.000000 -0.000000 0.000000
108  0.000000 0.000001 -0.000000  0.000000 -0.000000 0.000000
109  0.000000 0.000002 -9.999998  0.000000 -0.000000 0.000000
110  0.000000 0.000002 0.000000  0.000001 -0.000000 0.000000
111  15.264428 2.505456 49.565292  -0.015813 0.868860 -0.020712
112  11.481673 -0.000034 -0.000029  1.573178 -0.106616 0.044195
113  -0.000001 0.000004 0.000000  -0.000000 0.000000 0.000002
114  -0.000001 0.000000 0.000000  -0.000000 -0.000000 0.000000
115  -0.000001 0.000000 0.000000  0.000000 0.000000 0.000000
116  -7.723807 1.956140 58.484608  1.570796 -0.000000 0.000000
117  0.000000 0.000001 -0.000000  0.000000 -0.000000 0.000000
118  -14.952740 -17.686594 -0.395684  0.000001 -0.000000 0.000000
119  0.000000 9.000000 -0.000003  0.000000 -0.000000 0.000000
120  0.000000 0.000024 -0.000000  0.000000 -0.000000 0.000000
121  0.000000 -0.000021 -9.999999  0.000000 -0.000000 0.000000
122  0.000000 0.000002 0.000000  0.000001 -0.000000 0.000000
123  -15.264407 2.505418 49.565334  0.015813 2.272735 0.020712
124  11.481701 -0.000054 -0.000002  -1.564933 0.106603 0.044183
125  -0.000003 -0.000001 -0.000000  -0.000000 0.000000 -0.000003
126  0.000003 0.000001 -0.000000  -0.000000 -0.000000 -0.000000
127  0.000003 0.000001 0.000000  0.000000 0.000000 -0.000000
128  3.890447 -0.533611 38.566914  1.570796 -0.000000 0.000000
129  0.000000 -0.000000 0.000000  0.000000 -0.000000 0.000000
130  0.000000 -0.000002 -9.999999  0.000000 -0.000000 0.000000
131  0.000000 -0.000002 -0.000000  0.000000 -0.000000 0.000000
132  -3.890457 -0.533622 38.566921  1.570796 -0.000000 0.000000
133  0.000000 -0.000000 0.000000  0.000000 -0.000000 0.000000
134  0.000000 -0.000002 -9.999999  0.000000 -0.000000 0.000000
135  0.000000 -0.000002 -0.000000  0.000000 -0.000000 0.000000
time 59
0  0.000000 0.000000 0.000000  1.570796 -0.000000 0.000000
1  -1.951627 1.239206 34.275177  1.618796 0.096691 -0.042692
2  -0.000000 -0.000003 0.000000  0.000000 0.000000 0.000000
3  3.890453 -0.000007 -0.000002  -1.423057 -0.710758 -1.464277
4  17.848177 0.000004 -0.000000  0.000000 -0.000000 0.979875
5  15.638504 -0.000000 -0.000000  -0.003196 0.159333 -1.267868
6  7.109931 -0.000001 0.000002  -0.007119 -0.003131 -0.631738
7  -3.890452 0.000002 0.000007  -0.717674 -0.156180 -1.701554
8  17.848173 0.000001 -0.000001  0.000000 0.000000 0.899261
9  15.638511 -0.000001 -0.000001  -0.006787 -0.133338 -1.591149
10  7.109930 -0.000001 -0.000000  -0.081154 -0.003131 -0.631749
11  -0.044717 2.528783 4.661500  -0.044020 0.004670 0.042365
12  4.041916 4.954655 -8.467938  0.000000 -0.392699 0.000000
13  -0.304692 3.333406 -2.981900  1.559965 0.085981 1.578421
14  4.018328 -0.000000 0.000000  0.085554 -0.035786 0.255105
15  3.518559 -0.000001 -0.000000  0.108216 -0.040688 0.326769
16  8.942647 0.000004 -0.000000  0.073426 0.000479 0.020596
17  3.306640 -0.000003 -0.000000  3.138800 0.000567 0.400476
18  3.593705 -0.000003 -0.000002  -0.251616 -0.063837 0.885061
19  2.033340 1.000768 1.101697  0.033027 -1.672477 -1.785700
20  6.809416 0.000003 -0.000001  -1.854458 -1.136420 -0.407302
21  12.391792 0.000002 0.000002  0.000000 0.000000 -1.643795
22  9.337076 -0.000001 -0.000034  0.257016 0.101721 0.647980
23  3.859706 -0.142435 -1.191951  -0.513267 0.072291 -1.288225
24  1.312561 -0.000003 -0.000001  -0.163028 0.224047 -1.466962
25  0.729365 0.000003 -0.000001  -0.068871 0.147979 -0.913117
26  3.942328 0.046739 -0.431416  -0.157261 0.007109 -0.685616
27  1.539092 0.000011 -0.000017  -0.068563 0.062695 -1.808644
28  1.196324 0.000005 -0.000002  -0.005433 0.026725 -0.524005
29  4.454021 -0.070205 0.572074  0.095490 -0.008587 -0.706335
30  1.426600 -0.000004 0.000000  0.055908 -0.087976 -1.504206
31  1.322467 -0.000000 0.000003  0.009312 -0.033625 -0.575065
32  4.477066 -0.028576 1.582478  0.481653 -0.035390 -1.246096
33  1.344415 0.000002 -0.000002  0.023466 -0.208305 -0.755723
34  1.224671 0.000002 -0.000006  0.026043 -0.124620 -0.538676
35  2.630326 -0.345016 1.907216  -0.354022 -0.915164 -1.788195
36  1.059288 -0.000002 0.000005  -0.001067 -0.012855 0.250988
37  0.781206 0.000003 -0.000003  -0.000096 -0.003210 0.062757
38  2.033350 1.000771 -1.101646  0.003471 1.920205 -1.682997
39  6.809416 -0.000001 0.000000  1.379196 0.319769 -0.758636
40  12.391796 0.000000 -0.000001  0.000000 0.000000 -1.924272
41  9.337105 -0.000004 -0.000002  -0.902735 0.637048 0.316009
42  3.859662 -0.132559 1.193139  0.344715 -0.008440 -1.596797
43  1.312562 -0.000004 0.000011  0.029932 -0.121352 -0.812937
44  0.729360 -0.000000 -0.000004  0.101474 -0.125788 -1.078743
45  3.942288 0.050339 0.431071  0.150821 -0.059055 -0.931561
46  1.539096 -0.000006 -0.000002  0.032917 -0.049540 -1.093202
47  1.196323 -0.000002 0.000001  0.012774 -0.032785 -0.787023
48  4.453989 -0.073767 -0.571673  -0.121655 -0.072641 0.347899
49  1.426598 0.000001 -0.000002  -0.027313 0.073797 -1.208466
50  1.322466 0.000002 -0.000002  -0.016143 0.039606 -0.798573
51  4.477036 -0.043464 -1.581290  -0.472012 0.172363 -0.387478
52  1.344410 -0.000002 -0.000001  -0.041862 0.220076 -0.848094
53  1.224671 0.000001 0.000007  -0.012584 0.096615 -0.422563
54  2.630290 -0.359833 -1.904287  0.602640 0.254210 -0.977506
55  1.059291 0.000001 0.000004  0.003464 0.020976 0.383414
56  0.781203 0.000002 0.000003  0.001198 0.011523 0.209130
57  4.069501 1.811269 4.279048  1.570796 -0.000000 0.000000
58  0.000000 -0.000000 -0.000000  0.000000 0.052360 0.000000
59  0.032300 -4.377938 -4.331139  -0.000000 -0.000000 0.000000
60  -0.002340 -4.618855 4.848104  -0.000000 0.000937 -0.001514
61  -0.000000 0.000000 -0.000000  0.000000 -0.000000 0.000000
62  -0.014019 -4.136677 -0.422642  0.000001 -0.000000 0.000000
63  0.014022 0.341392 9.682304  0.000000 0.000937 -0.001514
64  0.003298 0.000005 -3.521831  0.000000 -0.000000 -0.000000
65  -0.000369 3.795277 -5.737836  0.000000 -0.000000 0.000000
66  -0.000000 0.000000 0.000000  -0.000001 0.000000 0.000000
67  -0.000000 -0.000000 -0.000000  -0.000000 -0.000000 -0.000000
68  -0.000000 0.000000 -0.000000  -0.000000 0.000000 0.000000
69  0.000003 -3.795290 9.259664  -0.000000 0.000937 -0.001514
70  7.999999 0.000001 -0.000000  0.000001 -0.052360 -0.000000
71  -4.069616 1.811259 4.279059  1.570796 -0.000000 0.000000
72  0.000000 -0.000000 -0.000000  0.000000 -0.052360 0.000000
73  0.000003 -3.795289 9.259665  -0.001320 -0.008192 0.060729
74  0.000000 0.000000 0.000000  0.000000 0.000000 0.000000
75  0.014020 -4.136677 -0.422641  0.000001 0.000000 -0.000000
76  -0.014018 0.341393 9.682305  -0.000000 0.000937 -0.001514
77  0.003297 0.000005 -3.521831  0.000000 -0.000000 -0.000000
78  -0.000369 3.795275 -5.737837  0.000000 0.000000 0.000000
79  -0.000000 0.000000 0.000000  -0.000000 0.000000 0.000000
80  -0.000000 0.000000 -0.000000  -0.000000 -0.000000 -0.000000
81  0.000000 0.000000 0.000000  -0.000000 -0.000000 -0.000000
82  -0.062978 -4.612901 4.868224  -0.000000 0.000937 -0.001514
83  0.032300 -4.377938 -4.331139  -0.000000 0.000000 -0.000000
84  -8.000000 0.000001 0.000000  0.000001 0.052360 0.000000
85  0.000156 0.385903 39.987263  1.570796 -0.000000 0.000000
86  -0.000161 -1.420346 0.919518  0.000000 -0.000000 0.000000
87  0.000005 3.345128 -2.981901  1.570796 0.083187 1.570796
88  0.000000 -0.000000 -0.000000  0.000000 0.000000 0.000000
89  0.000003 0.000000 -0.000000  -0.000000 -0.000000 -0.003106
90  4.018316 -0.012484 -0.000000  -0.000000 -0.000000 -0.000000
91  0.000005 -0.000000 0.000000  -0.000000 0.000000 -0.032354
92  3.516729 -0.113802 -0.000000  0.000000 -0.000000 -0.000000
93  0.000002 -0.000000 0.000000  0.000000 0.000000 0.067981
94  8.921986 0.607517 -0.000001  -0.000000 -0.000000 -0.000000
95  -0.000000 -0.000000 0.000000  0.000000 0.000000 0.262078
96  3.194337 0.856892 -0.000000  0.000000 -0.000000 -0.000000
97  0.000001 0.000000 0.000000  3.141590 -0.000000 0.662566
98  2.833353 2.210629 -0.000000  0.000000 -0.000000 -0.000000
99  -0.000002 -0.000000 0.000000  3.141590 -0.000000 0.255978
100  1.704618 1.493419 1.937660  -1.544954 -1.855079 0.063449
101  -0.000001 0.000001 0.000000  0.000000 0.000000 0.000001
102  1.704624 1.493426 -1.937611  1.473111 1.855076 0.063436
103  -0.000003 0.000003 0.000001  0.000000 0.000000 -0.000001
104  7.723854 1.956159 58.484589  1.570796 -0.000000 0.000000
105  0.000000 0.000001 -0.000000  0.000000 -0.000000 0.000000
106  14.952688 -17.686636 -0.395722  0.000001 -0.000000 0.000000
107  0.000000 9.000000 -0.000003  0.000000 -0.000000 0.000000
108  0.000000 0.000001 -0.000000  0.000000 -0.000000 0.000000
109  0.000000 0.000002 -9.999998  0.000000 -0.000000 0.000000
110  0.000000 0.000002 0.000000  0.000001 -0.000000 0.000000
111  15.264428 2.505456 49.565292  -0.015813 0.868860 -0.020712
112  11.481673 -0.000034 -0.000029  1.573178 -0.106616 0.044195
113  -0.000001 0.000004 0.000000  -0.000000 0.000000 0.000002
114  -0.000001 0.000000 0.000000  -0.000000 -0.000000 0.000000
115  -0.000001 0.000000 0.000000  0.000000 0.000000 0.000000
116  -7.723807 1.956140 58.484608  1.570796 -0.000000 0.000000
117  0.000000 0.000001 -0.000000  0.000000 -0.000000 0.000000
118  -14.952740 -17.686594 -0.395684  0.000001 -0.000000 0.000000
119  0.000000 9.000000 -0.000003  0.000000 -0.000000 0.000000
120  0.000000 0.000024 -0.000000  0.000000 -0.000000 0.000000
121  0.000000 -0.000021 -9.999999  0.000000 -0.000000 0.000000
122  0.000000 0.000002 0.000000  0.000001 -0.000000 0.000000
123  -15.264407 2.505418 49.565334  0.015813 2.272735 0.020712
124  11.481701 -0.000054 -0.000002  -1.564933 0.106603 0.044183
125  -0.000003 -0.000001 -0.000000  -0.000000 0.000000 -0.000003
126  0.000003 0.000001 -0.000000  -0.000000 -0.000000 -0.000000
127  0.000003 0.000001 0.000000  0.000000 0.000000 -0.000000
128  3.890447 -0.533611 38.566914  1.570796 -0.000000 0.000000
129  0.000000 -0.000000 0.000000  0.000000 -0.000000 0.000000
130  0.000000 -0.000002 -9.999999  0.000000 -0.000000 0.000000
131  0.000000 -0.000002 -0.000000  0.000000 -0.000000 0.000000
132  -3.890457 -0.533622 38.566921  1.570796 -0.000000 0.000000
133  0.000000 -0.000000 0.000000  0.000000 -0.000000 0.000000
134  0.000000 -0.000002 -9.999999  0.000000 -0.000000 0.000000
135  0.000000 -0.000002 -0.000000  0.000000 -0.000000 0.000000
time 60
0  0.000000 0.000000 0.000000  1.570796 -0.000000 0.000000
1  -1.978972 1.554085 34.439846  1.599001 0.097292 -0.083560
2  0.000000 -0.000003 0.000000  0.000000 0.000000 0.000000
3  3.890453 -0.000007 -0.000002  -1.461900 -0.681234 -1.435814
4  17.848179 0.000005 0.000000  0.000000 -0.000000 0.953980
5  15.638508 -0.000001 -0.000001  -0.011489 0.153519 -1.251792
6  7.109931 0.000000 0.000001  -0.007119 -0.003131 -0.631738
7  -3.890452 0.000002 0.000007  -0.758957 -0.158296 -1.690770
8  17.848171 -0.000000 -0.000001  0.000000 0.000000 0.887888
9  15.638511 0.000000 -0.000001  -0.016886 -0.124919 -1.573673
10  7.109930 -0.000001 0.000000  -0.081154 -0.003131 -0.631749
11  -0.044716 2.528782 4.661499  -0.044020 0.006226 0.041163
12  4.041916 4.954661 -8.467937  0.000000 -0.392699 0.000000
13  -0.300785 3.333410 -2.981901  1.561096 0.085981 1.575761
14  4.018330 -0.000001 -0.000001  0.079225 -0.024401 0.240999
15  3.518564 -0.000002 0.000000  0.101653 -0.027948 0.314424
16  8.942646 0.000004 -0.000000  0.073357 0.003404 0.025767
17  3.306645 -0.000002 0.000000  3.138800 0.000567 0.400476
18  3.593710 -0.000005 -0.000001  -0.204618 -0.056278 0.844981
19  2.033342 1.000769 1.101698  0.004171 -1.665980 -1.756601
20  6.809415 0.000008 -0.000001  -1.774414 -1.160437 -0.516353
21  12.391793 0.000003 0.000000  0.000000 0.000000 -1.580323
22  9.337081 -0.000001 -0.000025  0.232570 0.146044 0.651846
23  3.859708 -0.142426 -1.191969  -0.513267 0.072291 -1.288225
24  1.312563 -0.000005 0.000010  -0.163028 0.224047 -1.466962
25  0.729364 0.000000 0.000005  -0.068871 0.147979 -0.913117
26  3.942328 0.046750 -0.431434  -0.157261 0.007109 -0.685616
27  1.539088 0.000011 -0.000012  -0.068563 0.062695 -1.808644
28  1.196319 -0.000004 -0.000003  -0.005433 0.026725 -0.524005
29  4.454022 -0.070204 0.572067  0.095490 -0.008587 -0.706335
30  1.426601 -0.000002 -0.000003  0.055908 -0.087976 -1.504206
31  1.322468 -0.000000 0.000005  0.009312 -0.033625 -0.575065
32  4.477062 -0.028573 1.582464  0.481653 -0.035390 -1.246096
33  1.344420 -0.000001 -0.000008  0.023466 -0.208305 -0.755723
34  1.224670 0.000005 -0.000003  0.026043 -0.124620 -0.538676
35  2.630323 -0.345016 1.907205  -0.354022 -0.915164 -1.788195
36  1.059289 -0.000002 0.000005  -0.001067 -0.012855 0.250988
37  0.781209 0.000001 -0.000001  -0.000096 -0.003210 0.062757
38  2.033354 1.000771 -1.101646  0.000695 1.922350 -1.686065
39  6.809417 -0.000006 -0.000004  1.367176 0.354458 -0.758120
40  12.391796 0.000001 0.000002  -0.000000 0.000000 -1.912062
41  9.337105 0.000007 0.000000  -0.996823 0.517391 0.116637
42  3.859663 -0.132558 1.193143  0.257905 -0.007696 -1.781380
43  1.312561 -0.000005 0.000004  0.040238 -0.163337 -0.857917
44  0.729361 0.000000 -0.000001  0.139396 -0.171255 -1.300294
45  3.942289 0.050338 0.431075  0.143011 -0.066380 -0.884797
46  1.539097 -0.000006 -0.000008  0.044601 -0.065936 -1.318859
47  1.196322 -0.000002 0.000004  0.016720 -0.041732 -0.825429
48  4.453986 -0.073769 -0.571665  -0.088026 -0.125049 0.109996
49  1.426597 0.000001 0.000003  -0.036996 0.076757 -1.336959
50  1.322466 -0.000002 0.000002  -0.015172 0.038636 -0.773875
51  4.477036 -0.043465 -1.581290  -0.423402 0.198154 -0.186708
52  1.344416 0.000003 0.000000  -0.042150 0.220327 -0.849388
53  1.224670 0.000000 0.000014  -0.000048 0.061704 -0.264533
54  2.630291 -0.359834 -1.904284  0.528649 0.311894 -0.879617
55  1.059290 0.000002 0.000003  0.006987 0.028167 0.526421
56  0.781203 -0.000002 -0.000001  0.002265 0.015705 0.287108
57  4.069501 1.811269 4.279048  1.570796 -0.000000 0.000000
58  0.000000 -0.000000 -0.000000  0.000000 0.052360 0.000000
59  0.032300 -4.377938 -4.331139  -0.000000 -0.000000 0.000000
60  -0.002340 -4.618855 4.848104  -0.000000 0.000937 -0.001514
61  -0.000000 0.000000 -0.000000  0.000000 -0.000000 0.000000
62  -0.014019 -4.136677 -0.422642  0.000001 -0.000000 0.000000
63  0.014022 0.341392 9.682304  0.000000 0.000937 -0.001514
64  0.003298 0.000005 -3.521831  0.000000 -0.000000 -0.000000
65  -0.000369 3.795277 -5.737836  0.000000 -0.000000 0.000000
66  -0.000000 0.000000 0.000000  -0.000001 0.000000 0.000000
67  -0.000000 -0.000000 -0.000000  -0.000000 -0.000000 -0.000000
68  -0.000000 0.000000 -0.000000  -0.000000 0.000000 0.000000
69  0.000003 -3.795290 9.259664  -0.000000 0.000937 -0.001514
70  7.999999 0.000001 -0.000000  0.000001 -0.052360 -0.000000
71  -4.069616 1.811259 4.279059  1.570796 -0.000000 0.000000
72  0.000000 -0.000000 -0.000000  0.000000 -0.052360 0.000000
73  0.000003 -3.795289 9.259665  -0.001320 -0.008192 0.060729
74  0.000000 0.000000 0.000000  0.000000 0.000000 0.000000
75  0.014020 -4.136677 -0.422641  0.000001 0.000000 -0.000000
76  -0.014018 0.341393 9.682305  -0.000000 0.000937 -0.001514
77  0.003297 0.000005 -3.521831  0.000000 -0.000000 -0.000000
78  -0.000369 3.795275 -5.737837  0.000000 0.000000 0.000000
79  -0.000000 0.000000 0.000000  -0.000000 0.000000 0.000000
80  -0.000000 0.000000 -0.000000  -0.000000 -0.000000 -0.000000
81  0.000000 0.000000 0.000000  -0.000000 -0.000000 -0.000000
82  -0.062978 -4.612901 4.868224  -0.000000 0.000937 -0.001514
83  0.032300 -4.377938 -4.331139  -0.000000 0.000000 -0.000000
84  -8.000000 0.000001 0.000000  0.000001 0.052360 0.000000
85  0.000156 0.385903 39.987263  1.570796 -0.000000 0.000000
86  -0.000161 -1.420346 0.919518  0.000000 -0.000000 0.000000
87  0.000005 3.345128 -2.981901  1.570796 0.083187 1.570796
88  0.000000 -0.000000 -0.000000  0.000000 0.000000 0.000000
89  0.000003 0.000000 -0.000000  -0.000000 -0.000000 -0.003106
90  4.018316 -0.012484 -0.000000  -0.000000 -0.000000 -0.000000
91  0.000005 -0.000000 0.000000  -0.000000 0.000000 -0.032354
92  3.516729 -0.113802 -0.000000  0.000000 -0.000000 -0.000000
93  0.000002 -0.000000 0.000000  0.000000 0.000000 0.067981
94  8.921986 0.607517 -0.000001  -0.000000 -0.000000 -0.000000
95  -0.000000 -0.000000 0.000000  0.000000 0.000000 0.262078
96  3.194337 0.856892 -0.000000  0.000000 -0.000000 -0.000000
97  0.000001 0.000000 0.000000  3.141590 -0.000000 0.662566
98  2.833353 2.210629 -0.000000  0.000000 -0.000000 -0.000000
99  -0.000002 -0.000000 0.000000  3.141590 -0.000000 0.255978
100  1.704618 1.493419 1.937660  -1.544954 -1.855079 0.063449
101  -0.000001 0.000001 0.000000  0.000000 0.000000 0.000001
102  1.704624 1.493426 -1.937611  1.473111 1.855076 0.063436
103  -0.000003 0.000003 0.000001  0.000000 0.000000 -0.000001
104  7.723854 1.956159 58.484589  1.570796 -0.000000 0.000000
105  0.000000 0.000001 -0.000000  0.000000 -0.000000 0.000000
106  14.952688 -17.686636 -0.395722  0.000001 -0.000000 0.000000
107  0.000000 9.000000 -0.000003  0.000000 -0.000000 0.000000
108  0.000000 0.000001 -0.000000  0.000000 -0.000000 0.000000
109  0.000000 0.000002 -9.999998  0.000000 -0.000000 0.000000
110  0.000000 0.000002 0.000000  0.000001 -0.000000 0.000000
111  15.264428 2.505456 49.565292  -0.015813 0.868860 -0.020712
112  11.481673 -0.000034 -0.000029  1.573178 -0.106616 0.044195
113  -0.000001 0.000004 0.000000  -0.000000 0.000000 0.000002
114  -0.000001 0.000000 0.000000  -0.000000 -0.000000 0.000000
115  -0.000001 0.000000 0.000000  0.000000 0.000000 0.000000
116  -7.723807 1.956140 58.484608  1.570796 -0.000000 0.000000
117  0.000000 0.000001 -0.000000  0.000000 -0.000000 0.000000
118  -14.952740 -17.686594 -0.395684  0.000001 -0.000000 0.000000
119  0.000000 9.000000 -0.000003  0.000000 -0.000000 0.000000
120  0.000000 0.000024 -0.000000  0.000000 -0.000000 0.000000
121  0.000000 -0.000021 -9.999999  0.000000 -0.000000 0.000000
122  0.000000 0.000002 0.000000  0.000001 -0.000000 0.000000
123  -15.264407 2.505418 49.565334  0.015813 2.272735 0.020712
124  11.481701 -0.000054 -0.000002  -1.564933 0.106603 0.044183
125  -0.000003 -0.000001 -0.000000  -0.000000 0.000000 -0.000003
126  0.000003 0.000001 -0.000000  -0.000000 -0.000000 -0.000000
127  0.000003 0.000001 0.000000  0.000000 0.000000 -0.000000
128  3.890447 -0.533611 38.566914  1.570796 -0.000000 0.000000
129  0.000000 -0.000000 0.000000  0.000000 -0.000000 0.000000
130  0.000000 -0.000002 -9.999999  0.000000 -0.000000 0.000000
131  0.000000 -0.000002 -0.000000  0.000000 -0.000000 0.000000
132  -3.890457 -0.533622 38.566921  1.570796 -0.000000 0.000000
133  0.000000 -0.000000 0.000000  0.000000 -0.000000 0.000000
134  0.000000 -0.000002 -9.999999  0.000000 -0.000000 0.000000
135  0.000000 -0.000002 -0.000000  0.000000 -0.000000 0.000000
time 61
0  0.000000 0.000000 0.000000  1.570796 -0.000000 0.000000
1  -1.998503 1.828334 34.573643  1.581416 0.098770 -0.126151
2  0.000001 -0.000000 0.000000  0.000000 0.000000 0.000000
3  3.890453 -0.000004 -0.000002  -1.500839 -0.654171 -1.406872
4  17.848177 0.000004 -0.000001  0.000000 -0.000000 0.932986
5  15.638507 0.000000 0.000000  -0.020161 0.147539 -1.239361
6  7.109930 -0.000001 0.000001  -0.007119 -0.003131 -0.631738
7  -3.890451 0.000008 0.000007  -0.801671 -0.161592 -1.678188
8  17.848173 -0.000001 -0.000001  0.000000 0.000000 0.877084
9  15.638507 0.000001 0.000000  -0.026151 -0.117228 -1.556865
10  7.109930 -0.000001 0.000000  -0.081154 -0.003131 -0.631749
11  -0.044716 2.528780 4.661500  -0.044085 0.007846 0.041804
12  4.041916 4.954659 -8.467939  0.000000 -0.392699 0.000000
13  -0.300785 3.333415 -2.981901  1.562282 0.085981 1.574933
14  4.018329 0.000000 0.000000  0.072376 -0.012991 0.227606
15  3.518565 0.000001 -0.000000  0.094524 -0.015280 0.302789
16  8.942643 0.000003 0.000000  0.073024 0.005896 0.030904
17  3.306642 -0.000001 0.000000  3.138800 0.000567 0.400476
18  3.593711 -0.000006 -0.000001  -0.156944 -0.046877 0.803811
19  2.033344 1.000768 1.101698  -0.028948 -1.659580 -1.723281
20  6.809415 -0.000002 -0.000001  -1.696283 -1.178229 -0.626919
21  12.391788 0.000001 0.000001  -0.000000 0.000000 -1.521660
22  9.337075 -0.000003 -0.000030  0.207767 0.190565 0.654385
23  3.859704 -0.142429 -1.191963  -0.513267 0.072291 -1.288225
24  1.312565 -0.000004 0.000002  -0.163028 0.224047 -1.466962
25  0.729362 0.000004 -0.000001  -0.068871 0.147979 -0.913117
26  3.942327 0.046745 -0.431435  -0.157261 0.007109 -0.685616
27  1.539093 0.000015 -0.000010  -0.068563 0.062695 -1.808644
28  1.196319 0.000003 -0.000002  -0.005433 0.026725 -0.524005
29  4.454021 -0.070204 0.572070  0.095490 -0.008587 -0.706366
30  1.426600 0.000001 0.000001  0.055908 -0.087976 -1.504206
31  1.322466 -0.000001 0.000001  0.009312 -0.033625 -0.575065
32  4.477061 -0.028572 1.582467  0.481653 -0.035390 -1.246096
33  1.344419 -0.000002 -0.000007  0.023466 -0.208305 -0.755723
34  1.224673 0.000004 -0.000006  0.026043 -0.124620 -0.538676
35  2.630321 -0.345016 1.907209  -0.354022 -0.915164 -1.788195
36  1.059291 -0.000002 0.000004  -0.001067 -0.012855 0.250988
37  0.781208 0.000004 -0.000000  -0.000096 -0.003210 0.062757
38  2.033352 1.000774 -1.101646  -0.003422 1.924941 -1.690570
39  6.809417 -0.000001 -0.000000  1.354871 0.392125 -0.757776
40  12.391796 0.000003 -0.000002  -0.000000 -0.000000 -1.899924
41  9.337107 0.000001 -0.000004  -1.106465 0.288623 -0.113647
42  3.859665 -0.132558 1.193138  0.217767 -0.010340 -1.857608
43  1.312561 -0.000004 0.000004  0.044560 -0.180938 -0.876601
44  0.729361 0.000002 -0.000002  0.155228 -0.190276 -1.393021
45  3.942294 0.050339 0.431065  0.139630 -0.069408 -0.865173
46  1.539096 -0.000007 -0.000003  0.049426 -0.072767 -1.413300
47  1.196324 -0.000002 0.000001  0.018371 -0.045481 -0.841346
48  4.453990 -0.073768 -0.571674  -0.011720 -0.157683 -0.394220
49  1.426598 -0.000000 -0.000003  -0.046980 0.078459 -1.465493
50  1.322464 -0.000002 0.000002  -0.014238 0.037653 -0.749147
51  4.477039 -0.043465 -1.581296  -0.370311 0.213842 0.015974
52  1.344414 -0.000000 -0.000003  -0.042437 0.220579 -0.850681
53  1.224671 0.000004 0.000009  0.006795 0.025271 -0.107224
54  2.630296 -0.359832 -1.904291  0.459458 0.376176 -0.784424
55  1.059291 0.000000 0.000003  0.011493 0.034782 0.669471
56  0.781204 -0.000005 0.000001  0.003655 0.019804 0.365073
57  4.069501 1.811269 4.279048  1.570796 -0.000000 0.000000
58  0.000000 -0.000000 -0.000000  0.000000 0.052360 0.000000
59  0.032300 -4.377938 -4.331139  -0.000000 -0.000000 0.000000
60  -0.002340 -4.618855 4.848104  -0.000000 0.000937 -0.001514
61  -0.000000 0.000000 -0.000000  0.000000 -0.000000 0.000000
62  -0.014019 -4.136677 -0.422642  0.000001 -0.000000 0.000000
63  0.014022 0.341392 9.682304  0.000000 0.000937 -0.001514
64  0.003298 0.000005 -3.521831  0.000000 -0.000000 -0.000000
65  -0.000369 3.795277 -5.737836  0.000000 -0.000000 0.000000
66  -0.000000 0.000000 0.000000  -0.000001 0.000000 0.000000
67  -0.000000 -0.000000 -0.000000  -0.000000 -0.000000 -0.000000
68  -0.000000 0.000000 -0.000000  -0.000000 0.000000 0.000000
69  0.000003 -3.795290 9.259664  -0.000000 0.000937 -0.001514
70  7.999999 0.000001 -0.000000  0.000001 -0.052360 -0.000000
71  -4.069616 1.811259 4.279059  1.570796 -0.000000 0.000000
72  0.000000 -0.000000 -0.000000  0.000000 -0.052360 0.000000
73  0.000003 -3.795289 9.259665  -0.001320 -0.008192 0.060729
74  0.000000 0.000000 0.000000  0.000000 0.000000 0.000000
75  0.014020 -4.136677 -0.422641  0.000001 0.000000 -0.000000
76  -0.014018 0.341393 9.682305  -0.000000 0.000937 -0.001514
77  0.003297 0.000005 -3.521831  0.000000 -0.000000 -0.000000
78  -0.000369 3.795275 -5.737837  0.000000 0.000000 0.000000
79  -0.000000 0.000000 0.000000  -0.000000 0.000000 0.000000
80  -0.000000 0.000000 -0.000000  -0.000000 -0.000000 -0.000000
81  0.000000 0.000000 0.000000  -0.000000 -0.000000 -0.000000
82  -0.062978 -4.612901 4.868224  -0.000000 0.000937 -0.001514
83  0.032300 -4.377938 -4.331139  -0.000000 0.000000 -0.000000
84  -8.000000 0.000001 0.000000  0.000001 0.052360 0.000000
85  0.000156 0.385903 39.987263  1.570796 -0.000000 0.000000
86  -0.000161 -1.420346 0.919518  0.000000 -0.000000 0.000000
87  0.000005 3.345128 -2.981901  1.570796 0.083187 1.570796
88  0.000000 -0.000000 -0.000000  0.000000 0.000000 0.000000
89  0.000003 0.000000 -0.000000  -0.000000 -0.000000 -0.003106
90  4.018316 -0.012484 -0.000000  -0.000000 -0.000000 -0.000000
91  0.000005 -0.000000 0.000000  -0.000000 0.000000 -0.032354
92  3.516729 -0.113802 -0.000000  0.000000 -0.000000 -0.000000
93  0.000002 -0.000000 0.000000  0.000000 0.000000 0.067981
94  8.921986 0.607517 -0.000001  -0.000000 -0.000000 -0.000000
95  -0.000000 -0.000000 0.000000  0.000000 0.000000 0.262078
96  3.194337 0.856892 -0.000000  0.000000 -0.000000 -0.000000
97  0.000001 0.000000 0.000000  3.141590 -0.000000 0.662566
98  2.833353 2.210629 -0.000000  0.000000 -0.000000 -0.000000
99  -0.000002 -0.000000 0.000000  3.141590 -0.000000 0.255978
100  1.704618 1.493419 1.937660  -1.544954 -1.855079 0.063449
101  -0.000001 0.000001 0.000000  0.000000 0.000000 0.000001
102  1.704624 1.493426 -1.937611  1.473111 1.855076 0.063436
103  -0.000003 0.000003 0.000001  0.000000 0.000000 -0.000001
104  7.723854 1.956159 58.484589  1.570796 -0.000000 0.000000
105  0.000000 0.000001 -0.000000  0.000000 -0.000000 0.000000
106  14.952688 -17.686636 -0.395722  0.000001 -0.000000 0.000000
107  0.000000 9.000000 -0.000003  0.000000 -0.000000 0.000000
108  0.000000 0.000001 -0.000000  0.000000 -0.000000 0.000000
109  0.000000 0.000002 -9.999998  0.000000 -0.000000 0.000000
110  0.000000 0.000002 0.000000  0.000001 -0.000000 0.000000
111  15.264428 2.505456 49.565292  -0.015813 0.868860 -0.020712
112  11.481673 -0.000034 -0.000029  1.573178 -0.106616 0.044195
113  -0.000001 0.000004 0.000000  -0.000000 0.000000 0.000002
114  -0.000001 0.000000 0.000000  -0.000000 -0.000000 0.000000
115  -0.000001 0.000000 0.000000  0.000000 0.000000 0.000000
116  -7.723807 1.956140 58.484608  1.570796 -0.000000 0.000000
117  0.000000 0.000001 -0.000000  0.000000 -0.000000 0.000000
118  -14.952740 -17.686594 -0.395684  0.000001 -0.000000 0.000000
119  0.000000 9.000000 -0.000003  0.000000 -0.000000 0.000000
120  0.000000 0.000024 -0.000000  0.000000 -0.000000 0.000000
121  0.000000 -0.000021 -9.999999  0.000000 -0.000000 0.000000
122  0.000000 0.000002 0.000000  0.000001 -0.000000 0.000000
123  -15.264407 2.505418 49.565334  0.015813 2.272735 0.020712
124  11.481701 -0.000054 -0.000002  -1.564933 0.106603 0.044183
125  -0.000003 -0.000001 -0.000000  -0.000000 0.000000 -0.000003
126  0.000003 0.000001 -0.000000  -0.000000 -0.000000 -0.000000
127  0.000003 0.000001 0.000000  0.000000 0.000000 -0.000000
128  3.890447 -0.533611 38.566914  1.570796 -0.000000 0.000000
129  0.000000 -0.000000 0.000000  0.000000 -0.000000 0.000000
130  0.000000 -0.000002 -9.999999  0.000000 -0.000000 0.000000
131  0.000000 -0.000002 -0.000000  0.000000 -0.000000 0.000000
132  -3.890457 -0.533622 38.566921  1.570796 -0.000000 0.000000
133  0.000000 -0.000000 0.000000  0.000000 -0.000000 0.000000
134  0.000000 -0.000002 -9.999999  0.000000 -0.000000 0.000000
135  0.000000 -0.000002 -0.000000  0.000000 -0.000000 0.000000
time 62
0  0.000000 0.000000 0.000000  1.570796 -0.000000 0.000000
1  -2.002410 2.082269 34.686855  1.566378 0.100664 -0.170369
2  0.000001 -0.000007 -0.000000  0.000000 -0.000000 -0.000000
3  3.890453 -0.000011 -0.000002  -1.542069 -0.629710 -1.377068
4  17.848175 0.000003 -0.000000  0.000000 -0.000000 0.916673
5  15.638505 0.000001 -0.000000  -0.027788 0.142340 -1.230102
6  7.109930 -0.000001 0.000001  -0.007119 -0.003131 -0.631738
7  -3.890451 0.000001 0.000007  -0.845433 -0.166513 -1.664850
8  17.848179 0.000001 -0.000000  0.000000 0.000000 0.867660
9  15.638512 0.000000 0.000000  -0.034674 -0.110493 -1.541012
10  7.109930 -0.000001 -0.000000  -0.081154 -0.003131 -0.631749
11  -0.044716 2.528778 4.661499  -0.044085 0.009435 0.043688
12  4.041916 4.954658 -8.467938  0.000000 -0.392699 -0.000000
13  -0.296879 3.333406 -2.981901  1.563467 0.085981 1.575406
14  4.018326 -0.000000 -0.000000  0.064962 -0.001702 0.215135
15  3.518559 -0.000002 -0.000000  0.086724 -0.002804 0.292040
16  8.942648 0.000001 0.000000  0.072357 0.008018 0.036023
17  3.306644 -0.000001 0.000000  3.138800 0.000567 0.400476
18  3.593708 -0.000002 -0.000001  -0.108553 -0.035635 0.762767
19  2.033346 1.000771 1.101698  -0.067039 -1.653328 -1.684930
20  6.809416 -0.000001 -0.000002  -1.627237 -1.190237 -0.732089
21  12.391793 -0.000001 -0.000002  -0.000000 -0.000000 -1.469147
22  9.337077 -0.000005 -0.000030  0.182607 0.235184 0.655539
23  3.859709 -0.142429 -1.191958  -0.513267 0.072291 -1.288225
24  1.312562 0.000001 0.000004  -0.163028 0.224047 -1.466962
25  0.729363 0.000002 0.000006  -0.068871 0.147979 -0.913117
26  3.942329 0.046743 -0.431427  -0.157261 0.007109 -0.685616
27  1.539092 0.000013 -0.000011  -0.068563 0.062695 -1.808644
28  1.196319 -0.000000 0.000000  -0.005433 0.026725 -0.524005
29  4.454023 -0.070204 0.572075  0.095490 -0.008587 -0.706335
30  1.426596 -0.000002 -0.000004  0.055908 -0.087976 -1.504206
31  1.322468 0.000002 0.000001  0.009312 -0.033625 -0.575065
32  4.477067 -0.028571 1.582472  0.481653 -0.035390 -1.246096
33  1.344416 0.000002 -0.000003  0.023466 -0.208305 -0.755723
34  1.224673 0.000003 0.000000  0.026043 -0.124620 -0.538676
35  2.630325 -0.345016 1.907214  -0.354022 -0.915164 -1.788195
36  1.059291 -0.000005 -0.000001  -0.001067 -0.012855 0.250988
37  0.781217 0.000003 -0.000000  -0.000096 -0.003210 0.062757
38  2.033356 1.000772 -1.101646  -0.007538 1.927572 -1.695075
39  6.809417 -0.000003 0.000001  1.348624 0.422433 -0.752442
40  12.391794 0.000003 -0.000003  -0.000000 -0.000000 -1.894609
41  9.337105 -0.000001 -0.000000  -1.138724 0.117875 -0.218557
42  3.859662 -0.132556 1.193132  0.217767 -0.010340 -1.857608
43  1.312562 -0.000005 0.000004  0.044560 -0.180938 -0.876601
44  0.729362 0.000001 0.000004  0.155228 -0.190276 -1.393021
45  3.942287 0.050342 0.431067  0.139630 -0.069408 -0.865173
46  1.539096 -0.000006 0.000000  0.049426 -0.072767 -1.413300
47  1.196322 -0.000002 0.000009  0.018371 -0.045481 -0.841346
48  4.453985 -0.073764 -0.571678  0.047699 -0.153453 -0.767464
49  1.426598 0.000003 -0.000003  -0.053883 0.078890 -1.553256
50  1.322463 -0.000001 -0.000002  -0.013603 0.036958 -0.732277
51  4.477034 -0.043463 -1.581294  -0.332631 0.218360 0.154973
52  1.344416 -0.000003 -0.000004  -0.042629 0.220735 -0.851579
53  1.224671 -0.000002 0.000007  0.008150 -0.000004 -0.000025
54  2.630289 -0.359830 -1.904290  0.415078 0.423437 -0.720800
55  1.059289 0.000001 0.000003  0.015101 0.038905 0.767148
56  0.781207 -0.000001 0.000002  0.004782 0.022537 0.418308
57  4.069501 1.811269 4.279048  1.570796 -0.000000 0.000000
58  0.000000 -0.000000 -0.000000  0.000000 0.052360 0.000000
59  0.032300 -4.377938 -4.331139  -0.000000 -0.000000 0.000000
60  -0.002340 -4.618855 4.848104  -0.000000 0.000937 -0.001514
61  -0.000000 0.000000 -0.000000  0.000000 -0.000000 0.000000
62  -0.014019 -4.136677 -0.422642  0.000001 -0.000000 0.000000
63  0.014022 0.341392 9.682304  0.000000 0.000937 -0.001514
64  0.003298 0.000005 -3.521831  0.000000 -0.000000 -0.000000
65  -0.000369 3.795277 -5.737836  0.000000 -0.000000 0.000000
66  -0.000000 0.000000 0.000000  -0.000001 0.000000 0.000000
67  -0.000000 -0.000000 -0.000000  -0.000000 -0.000000 -0.000000
68  -0.000000 0.000000 -0.000000  -0.000000 0.000000 0.000000
69  0.000003 -3.795290 9.259664  -0.000000 0.000937 -0.001514
70  7.999999 0.000001 -0.000000  0.000001 -0.052360 -0.000000
71  -4.069616 1.811259 4.279059  1.570796 -0.000000 0.000000
72  0.000000 -0.000000 -0.000000  0.000000 -0.052360 0.000000
73  0.000003 -3.795289 9.259665  -0.001320 -0.008192 0.060729
74  0.000000 0.000000 0.000000  0.000000 0.000000 0.000000
75  0.014020 -4.136677 -0.422641  0.000001 0.000000 -0.000000
76  -0.014018 0.341393 9.682305  -0.000000 0.000937 -0.001514
77  0.003297 0.000005 -3.521831  0.000000 -0.000000 -0.000000
78  -0.000369 3.795275 -5.737837  0.000000 0.000000 0.000000
79  -0.000000 0.000000 0.000000  -0.000000 0.000000 0.000000
80  -0.000000 0.000000 -0.000000  -0.000000 -0.000000 -0.000000
81  0.000000 0.000000 0.000000  -0.000000 -0.000000 -0.000000
82  -0.062978 -4.612901 4.868224  -0.000000 0.000937 -0.001514
83  0.032300 -4.377938 -4.331139  -0.000000 0.000000 -0.000000
84  -8.000000 0.000001 0.000000  0.000001 0.052360 0.000000
85  0.000156 0.385903 39.987263  1.570796 -0.000000 0.000000
86  -0.000161 -1.420346 0.919518  0.000000 -0.000000 0.000000
87  0.000005 3.345128 -2.981901  1.570796 0.083187 1.570796
88  0.000000 -0.000000 -0.000000  0.000000 0.000000 0.000000
89  0.000003 0.000000 -0.000000  -0.000000 -0.000000 -0.003106
90  4.018316 -0.012484 -0.000000  -0.000000 -0.000000 -0.000000
91  0.000005 -0.000000 0.000000  -0.000000 0.000000 -0.032354
92  3.516729 -0.113802 -0.000000  0.000000 -0.000000 -0.000000
93  0.000002 -0.000000 0.000000  0.000000 0.000000 0.067981
94  8.921986 0.607517 -0.000001  -0.000000 -0.000000 -0.000000
95  -0.000000 -0.000000 0.000000  0.000000 0.000000 0.262078
96  3.194337 0.856892 -0.000000  0.000000 -0.000000 -0.000000
97  0.000001 0.000000 0.000000  3.141590 -0.000000 0.662566
98  2.833353 2.210629 -0.000000  0.000000 -0.000000 -0.000000
99  -0.000002 -0.000000 0.000000  3.141590 -0.000000 0.255978
100  1.704618 1.493419 1.937660  -1.544954 -1.855079 0.063449
101  -0.000001 0.000001 0.000000  0.000000 0.000000 0.000001
102  1.704624 1.493426 -1.937611  1.473111 1.855076 0.063436
103  -0.000003 0.000003 0.000001  0.000000 0.000000 -0.000001
104  7.723854 1.956159 58.484589  1.570796 -0.000000 0.000000
105  0.000000 0.000001 -0.000000  0.000000 -0.000000 0.000000
106  14.952688 -17.686636 -0.395722  0.000001 -0.000000 0.000000
107  0.000000 9.000000 -0.000003  0.000000 -0.000000 0.000000
108  0.000000 0.000001 -0.000000  0.000000 -0.000000 0.000000
109  0.000000 0.000002 -9.999998  0.000000 -0.000000 0.000000
110  0.000000 0.000002 0.000000  0.000001 -0.000000 0.000000
111  15.264428 2.505456 49.565292  -0.015813 0.868860 -0.020712
112  11.481673 -0.000034 -0.000029  1.573178 -0.106616 0.044195
113  -0.000001 0.000004 0.000000  -0.000000 0.000000 0.000002
114  -0.000001 0.000000 0.000000  -0.000000 -0.000000 0.000000
115  -0.000001 0.000000 0.000000  0.000000 0.000000 0.000000
116  -7.723807 1.956140 58.484608  1.570796 -0.000000 0.000000
117  0.000000 0.000001 -0.000000  0.000000 -0.000000 0.000000
118  -14.952740 -17.686594 -0.395684  0.000001 -0.000000 0.000000
119  0.000000 9.000000 -0.000003  0.000000 -0.000000 0.000000
120  0.000000 0.000024 -0.000000  0.000000 -0.000000 0.000000
121  0.000000 -0.000021 -9.999999  0.000000 -0.000000 0.000000
122  0.000000 0.000002 0.000000  0.000001 -0.000000 0.000000
123  -15.264407 2.505418 49.565334  0.015813 2.272735 0.020712
124  11.481701 -0.000054 -0.000002  -1.564933 0.106603 0.044183
125  -0.000003 -0.000001 -0.000000  -0.000000 0.000000 -0.000003
126  0.000003 0.000001 -0.000000  -0.000000 -0.000000 -0.000000
127  0.000003 0.000001 0.000000  0.000000 0.000000 -0.000000
128  3.890447 -0.533611 38.566914  1.570796 -0.000000 0.000000
129  0.000000 -0.000000 0.000000  0.000000 -0.000000 0.000000
130  0.000000 -0.000002 -9.999999  0.000000 -0.000000 0.000000
131  0.000000 -0.000002 -0.000000  0.000000 -0.000000 0.000000
132  -3.890457 -0.533622 38.566921  1.570796 -0.000000 0.000000
133  0.000000 -0.000000 0.000000  0.000000 -0.000000 0.000000
134  0.000000 -0.000002 -9.999999  0.000000 -0.000000 0.000000
135  0.000000 -0.000002 -0.000000  0.000000 -0.000000 0.000000
time 63
0  0.000000 0.000000 0.000000  1.570796 -0.000000 0.000000
1  -1.990691 2.315888 34.779488  1.553550 0.101403 -0.215449
2  0.000000 -0.000004 0.000000  0.000000 0.000000 0.000000
3  3.890453 -0.000008 -0.000002  -1.583489 -0.607141 -1.349180
4  17.848173 0.000003 -0.000000  0.000000 -0.000000 0.902848
5  15.638506 -0.000001 -0.000000  -0.034751 0.137211 -1.222410
6  7.109931 -0.000000 0.000001  -0.007119 -0.003131 -0.631738
7  -3.890452 0.000003 0.000007  -0.889576 -0.173795 -1.653119
8  17.848173 0.000001 -0.000001  0.000000 -0.000000 0.861486
9  15.638512 -0.000000 -0.000001  -0.042457 -0.104486 -1.526878
10  7.109930 -0.000000 -0.000000  -0.081154 -0.003131 -0.631749
11  -0.044716 2.528778 4.661499  -0.044150 0.010928 0.045130
12  4.041916 4.954654 -8.467938  0.000000 -0.392699 0.000000
13  -0.292973 3.333407 -2.981901  1.564599 0.086009 1.575406
14  4.018323 -0.000000 -0.000000  0.056870 0.009324 0.203777
15  3.518560 -0.000001 -0.000000  0.078169 0.009408 0.282426
16  8.942647 0.000000 -0.000001  0.071386 0.009851 0.041195
17  3.306647 -0.000005 0.000000  3.138800 0.000567 0.400476
18  3.593710 0.000000 -0.000001  -0.059360 -0.022486 0.722730
19  2.033347 1.000767 1.101698  -0.111346 -1.647221 -1.640474
20  6.809415 0.000011 -0.000003  -1.573493 -1.197737 -0.825521
21  12.391795 0.000001 -0.000001  -0.000000 -0.000000 -1.423967
22  9.337074 0.000000 -0.000023  0.157180 0.279771 0.655596
23  3.859704 -0.142430 -1.191962  -0.513267 0.072291 -1.288225
24  1.312564 -0.000007 0.000003  -0.163028 0.224047 -1.466962
25  0.729364 -0.000002 -0.000000  -0.068871 0.147979 -0.913117
26  3.942323 0.046743 -0.431428  -0.157261 0.007109 -0.685616
27  1.539091 0.000016 -0.000011  -0.068563 0.062695 -1.808644
28  1.196317 0.000004 -0.000008  -0.005433 0.026725 -0.524005
29  4.454021 -0.070201 0.572072  0.095490 -0.008587 -0.706335
30  1.426600 -0.000005 0.000009  0.055908 -0.087976 -1.504206
31  1.322464 0.000000 -0.000002  0.009312 -0.033625 -0.575065
32  4.477063 -0.028571 1.582469  0.481653 -0.035390 -1.246096
33  1.344417 0.000003 -0.000002  0.023466 -0.208305 -0.755723
34  1.224668 -0.000001 -0.000003  0.026043 -0.124620 -0.538676
35  2.630324 -0.345012 1.907208  -0.354022 -0.915164 -1.788195
36  1.059286 -0.000001 0.000001  -0.001067 -0.012855 0.250988
37  0.781217 0.000003 -0.000002  -0.000096 -0.003210 0.062757
38  2.033356 1.000769 -1.101646  -0.011175 1.930082 -1.699006
39  6.809416 0.000001 -0.000002  1.354587 0.437894 -0.736442
40  12.391796 0.000004 0.000002  0.000000 -0.000000 -1.902078
41  9.337108 -0.000002 0.000000  -1.121378 0.073599 -0.187473
42  3.859662 -0.132558 1.193128  0.217767 -0.010340 -1.857608
43  1.312563 -0.000006 0.000003  0.044560 -0.180938 -0.876601
44  0.729361 -0.000001 0.000004  0.155228 -0.190276 -1.393021
45  3.942287 0.050338 0.431064  0.139630 -0.069408 -0.865173
46  1.539096 -0.000009 -0.000003  0.049426 -0.072767 -1.413300
47  1.196323 -0.000002 0.000003  0.018371 -0.045481 -0.841346
48  4.453986 -0.073768 -0.571679  0.067630 -0.150109 -0.881819
49  1.426598 0.000002 -0.000003  -0.056651 0.078890 -1.588409
50  1.322466 -0.000001 -0.000002  -0.013363 0.036682 -0.725510
51  4.477035 -0.043465 -1.581299  -0.317423 0.218731 0.210662
52  1.344415 0.000000 -0.000004  -0.042701 0.220807 -0.851938
53  1.224671 0.000002 0.000004  0.007934 -0.010131 0.042908
54  2.630290 -0.359833 -1.904293  0.398003 0.443069 -0.695607
55  1.059290 0.000001 0.000003  0.016647 0.040451 0.806253
56  0.781199 -0.000002 0.000002  0.005273 0.023615 0.439612
57  4.069501 1.811269 4.279048  1.570796 -0.000000 0.000000
58  0.000000 -0.000000 -0.000000  0.000000 0.052360 0.000000
59  0.032300 -4.377938 -4.331139  -0.000000 -0.000000 0.000000
60  -0.002340 -4.618855 4.848104  -0.000000 0.000937 -0.001514
61  -0.000000 0.000000 -0.000000  0.000000 -0.000000 0.000000
62  -0.014019 -4.136677 -0.422642  0.000001 -0.000000 0.000000
63  0.014022 0.341392 9.682304  0.000000 0.000937 -0.001514
64  0.003298 0.000005 -3.521831  0.000000 -0.000000 -0.000000
65  -0.000369 3.795277 -5.737836  0.000000 -0.000000 0.000000
66  -0.000000 0.000000 0.000000  -0.000001 0.000000 0.000000
67  -0.000000 -0.000000 -0.000000  -0.000000 -0.000000 -0.000000
68  -0.000000 0.000000 -0.000000  -0.000000 0.000000 0.000000
69  0.000003 -3.795290 9.259664  -0.000000 0.000937 -0.001514
70  7.999999 0.000001 -0.000000  0.000001 -0.052360 -0.000000
71  -4.069616 1.811259 4.279059  1.570796 -0.000000 0.000000
72  0.000000 -0.000000 -0.000000  0.000000 -0.052360 0.000000
73  0.000003 -3.795289 9.259665  -0.001320 -0.008192 0.060729
74  0.000000 0.000000 0.000000  0.000000 0.000000 0.000000
75  0.014020 -4.136677 -0.422641  0.000001 0.000000 -0.000000
76  -0.014018 0.341393 9.682305  -0.000000 0.000937 -0.001514
77  0.003297 0.000005 -3.521831  0.000000 -0.000000 -0.000000
78  -0.000369 3.795275 -5.737837  0.000000 0.000000 0.000000
79  -0.000000 0.000000 0.000000  -0.000000 0.000000 0.000000
80  -0.000000 0.000000 -0.000000  -0.000000 -0.000000 -0.000000
81  0.000000 0.000000 0.000000  -0.000000 -0.000000 -0.000000
82  -0.062978 -4.612901 4.868224  -0.000000 0.000937 -0.001514
83  0.032300 -4.377938 -4.331139  -0.000000 0.000000 -0.000000
84  -8.000000 0.000001 0.000000  0.000001 0.052360 0.000000
85  0.000156 0.385903 39.987263  1.570796 -0.000000 0.000000
86  -0.000161 -1.420346 0.919518  0.000000 -0.000000 0.000000
87  0.000005 3.345128 -2.981901  1.570796 0.083187 1.570796
88  0.000000 -0.000000 -0.000000  0.000000 0.000000 0.000000
89  0.000003 0.000000 -0.000000  -0.000000 -0.000000 -0.003106
90  4.018316 -0.012484 -0.000000  -0.000000 -0.000000 -0.000000
91  0.000005 -0.000000 0.000000  -0.000000 0.000000 -0.032354
92  3.516729 -0.113802 -0.000000  0.000000 -0.000000 -0.000000
93  0.000002 -0.000000 0.000000  0.000000 0.000000 0.067981
94  8.921986 0.607517 -0.000001  -0.000000 -0.000000 -0.000000
95  -0.000000 -0.000000 0.000000  0.000000 0.000000 0.262078
96  3.194337 0.856892 -0.000000  0.000000 -0.000000 -0.000000
97  0.000001 0.000000 0.000000  3.141590 -0.000000 0.662566
98  2.833353 2.210629 -0.000000  0.000000 -0.000000 -0.000000
99  -0.000002 -0.000000 0.000000  3.141590 -0.000000 0.255978
100  1.704618 1.493419 1.937660  -1.544954 -1.855079 0.063449
101  -0.000001 0.000001 0.000000  0.000000 0.000000 0.000001
102  1.704624 1.493426 -1.937611  1.473111 1.855076 0.063436
103  -0.000003 0.000003 0.000001  0.000000 0.000000 -0.000001
104  7.723854 1.956159 58.484589  1.570796 -0.000000 0.000000
105  0.000000 0.000001 -0.000000  0.000000 -0.000000 0.000000
106  14.952688 -17.686636 -0.395722  0.000001 -0.000000 0.000000
107  0.000000 9.000000 -0.000003  0.000000 -0.000000 0.000000
108  0.000000 0.000001 -0.000000  0.000000 -0.000000 0.000000
109  0.000000 0.000002 -9.999998  0.000000 -0.000000 0.000000
110  0.000000 0.000002 0.000000  0.000001 -0.000000 0.000000
111  15.264428 2.505456 49.565292  -0.015813 0.868860 -0.020712
112  11.481673 -0.000034 -0.000029  1.573178 -0.106616 0.044195
113  -0.000001 0.000004 0.000000  -0.000000 0.000000 0.000002
114  -0.000001 0.000000 0.000000  -0.000000 -0.000000 0.000000
115  -0.000001 0.000000 0.000000  0.000000 0.000000 0.000000
116  -7.723807 1.956140 58.484608  1.570796 -0.000000 0.000000
117  0.000000 0.000001 -0.000000  0.000000 -0.000000 0.000000
118  -14.952740 -17.686594 -0.395684  0.000001 -0.000000 0.000000
119  0.000000 9.000000 -0.000003  0.000000 -0.000000 0.000000
120  0.000000 0.000024 -0.000000  0.000000 -0.000000 0.000000
121  0.000000 -0.000021 -9.999999  0.000000 -0.000000 0.000000
122  0.000000 0.000002 0.000000  0.000001 -0.000000 0.000000
123  -15.264407 2.505418 49.565334  0.015813 2.272735 0.020712
124  11.481701 -0.000054 -0.000002  -1.564933 0.106603 0.044183
125  -0.000003 -0.000001 -0.000000  -0.000000 0.000000 -0.000003
126  0.000003 0.000001 -0.000000  -0.000000 -0.000000 -0.000000
127  0.000003 0.000001 0.000000  0.000000 0.000000 -0.000000
128  3.890447 -0.533611 38.566914  1.570796 -0.000000 0.000000
129  0.000000 -0.000000 0.000000  0.000000 -0.000000 0.000000
130  0.000000 -0.000002 -9.999999  0.000000 -0.000000 0.000000
131  0.000000 -0.000002 -0.000000  0.000000 -0.000000 0.000000
132  -3.890457 -0.533622 38.566921  1.570796 -0.000000 0.000000
133  0.000000 -0.000000 0.000000  0.000000 -0.000000 0.000000
134  0.000000 -0.000002 -9.999999  0.000000 -0.000000 0.000000
135  0.000000 -0.000002 -0.000000  0.000000 -0.000000 0.000000
time 64
0  0.000000 0.000000 0.000000  1.570796 -0.000000 0.000000
1  -1.822717 2.143213 34.995613  1.542760 0.091933 -0.259475
2  -0.000000 0.000002 0.000000  -0.000000 0.000000 -0.000000
3  3.890453 -0.000004 -0.000002  -1.673965 -0.570237 -1.324167
4  17.848173 0.000002 -0.000000  0.000000 -0.000000 0.879294
5  15.638506 0.000000 -0.000000  -0.000918 0.154960 -1.213989
6  7.109930 -0.000000 0.000001  -0.007119 -0.003131 -0.631738
7  -3.890452 0.000007 0.000007  -0.969950 -0.169711 -1.645457
8  17.848173 -0.000000 -0.000000  -0.000000 0.000000 0.838497
9  15.638513 -0.000001 0.000001  -0.019572 -0.078728 -1.511789
10  7.109930 -0.000001 -0.000000  -0.081154 -0.003131 -0.631749
11  -0.044717 2.528787 4.661499  -0.044280 -0.008609 0.045050
12  4.041916 4.954661 -8.467939  -0.000000 -0.392699 -0.000000
13  -0.253910 3.337317 -2.981901  1.544499 0.085215 1.572096
14  4.018327 -0.000001 0.000000  0.047151 -0.006412 0.200959
15  3.518558 -0.000002 0.000000  0.062401 -0.001894 0.287535
16  8.942645 0.000002 -0.000000  0.050500 0.022028 0.065980
17  3.306636 -0.000001 0.000001  3.138800 0.000567 0.400476
18  3.593710 0.000004 -0.000001  0.036494 -0.038804 0.727808
19  2.033335 1.000770 1.101698  -0.163111 -1.641262 -1.588473
20  6.809414 -0.000001 -0.000001  -1.716653 -1.200285 -0.709086
21  12.391795 0.000003 -0.000001  -0.000000 0.000000 -1.387224
22  9.337079 0.000001 -0.000031  0.132377 0.323108 0.655827
23  3.859710 -0.142428 -1.191960  -0.513267 0.072291 -1.288225
24  1.312567 -0.000002 0.000003  -0.163028 0.224047 -1.466962
25  0.729369 -0.000001 0.000002  -0.068871 0.147979 -0.913117
26  3.942327 0.046741 -0.431421  -0.157261 0.007109 -0.685616
27  1.539087 0.000016 -0.000012  -0.068563 0.062695 -1.808644
28  1.196326 0.000008 -0.000009  -0.005433 0.026725 -0.524005
29  4.454022 -0.070204 0.572073  0.095490 -0.008587 -0.706366
30  1.426599 -0.000004 -0.000003  0.055908 -0.087976 -1.504206
31  1.322461 -0.000004 0.000001  0.009312 -0.033625 -0.575065
32  4.477064 -0.028571 1.582470  0.481653 -0.035390 -1.246096
33  1.344412 0.000003 0.000002  0.023466 -0.208305 -0.755723
34  1.224676 0.000002 0.000004  0.026043 -0.124620 -0.538676
35  2.630323 -0.345014 1.907209  -0.354022 -0.915164 -1.788195
36  1.059294 -0.000001 0.000004  -0.001067 -0.012855 0.250988
37  0.781211 0.000004 -0.000001  -0.000096 -0.003210 0.062757
38  2.033345 1.000773 -1.101646  -0.014718 1.932632 -1.703032
39  6.809416 0.000001 -0.000003  1.373706 0.515593 -0.713732
40  12.391790 0.000000 -0.000001  0.000000 0.000000 -1.917951
41  9.337107 -0.000005 0.000004  -1.088287 0.077215 -0.095687
42  3.859661 -0.132555 1.193134  0.217767 -0.010340 -1.857608
43  1.312562 -0.000005 -0.000000  0.044560 -0.180938 -0.876601
44  0.729360 0.000002 0.000002  0.155228 -0.190276 -1.393021
45  3.942290 0.050343 0.431066  0.139630 -0.069408 -0.865173
46  1.539096 -0.000004 -0.000006  0.049426 -0.072767 -1.413300
47  1.196322 -0.000002 0.000009  0.018371 -0.045481 -0.841346
48  4.453986 -0.073765 -0.571676  0.071776 -0.149114 -0.905946
49  1.426597 0.000002 -0.000008  -0.057226 0.078866 -1.595833
50  1.322462 -0.000002 -0.000001  -0.013303 0.036622 -0.724084
51  4.477036 -0.043462 -1.581297  -0.314211 0.218707 0.222427
52  1.344416 -0.000002 0.000001  -0.042725 0.220819 -0.852010
53  1.224671 0.000001 0.000010  0.007826 -0.012277 0.051953
54  2.630291 -0.359830 -1.904294  0.394432 0.447283 -0.690305
55  1.059288 -0.000001 0.000007  0.016982 0.040774 0.814510
56  0.781204 -0.000001 0.000003  0.005381 0.023831 0.444122
57  4.069501 1.811269 4.279048  1.570796 -0.000000 0.000000
58  0.000000 -0.000000 -0.000000  0.000000 0.052360 0.000000
59  0.032300 -4.377938 -4.331139  -0.000000 -0.000000 0.000000
60  -0.002340 -4.618855 4.848104  -0.000000 0.000937 -0.001514
61  -0.000000 0.000000 -0.000000  0.000000 -0.000000 0.000000
62  -0.014019 -4.136677 -0.422642  0.000001 -0.000000 0.000000
63  0.014022 0.341392 9.682304  0.000000 0.000937 -0.001514
64  0.003298 0.000005 -3.521831  0.000000 -0.000000 -0.000000
65  -0.000369 3.795277 -5.737836  0.000000 -0.000000 0.000000
66  -0.000000 0.000000 0.000000  -0.000001 0.000000 0.000000
67  -0.000000 -0.000000 -0.000000  -0.000000 -0.000000 -0.000000
68  -0.000000 0.000000 -0.000000  -0.000000 0.000000 0.000000
69  0.000003 -3.795290 9.259664  -0.000000 0.000937 -0.001514
70  7.999999 0.000001 -0.000000  0.000001 -0.052360 -0.000000
71  -4.069616 1.811259 4.279059  1.570796 -0.000000 0.000000
72  0.000000 -0.000000 -0.000000  0.000000 -0.052360 0.000000
73  0.000003 -3.795289 9.259665  -0.001320 -0.008192 0.060729
74  0.000000 0.000000 0.000000  0.000000 0.000000 0.000000
75  0.014020 -4.136677 -0.422641  0.000001 0.000000 -0.000000
76  -0.014018 0.341393 9.682305  -0.000000 0.000937 -0.001514
77  0.003297 0.000005 -3.521831  0.000000 -0.000000 -0.000000
78  -0.000369 3.795275 -5.737837  0.000000 0.000000 0.000000
79  -0.000000 0.000000 0.000000  -0.000000 0.000000 0.000000
80  -0.000000 0.000000 -0.000000  -0.000000 -0.000000 -0.000000
81  0.000000 0.000000 0.000000  -0.000000 -0.000000 -0.000000
82  -0.062978 -4.612901 4.868224  -0.000000 0.000937 -0.001514
83  0.032300 -4.377938 -4.331139  -0.000000 0.000000 -0.000000
84  -8.000000 0.000001 0.000000  0.000001 0.052360 0.000000
85  0.000156 0.385903 39.987263  1.570796 -0.000000 0.000000
86  -0.000161 -1.420346 0.919518  0.000000 -0.000000 0.000000
87  0.000005 3.345128 -2.981901  1.570796 0.083187 1.570796
88  0.000000 -0.000000 -0.000000  0.000000 0.000000 0.000000
89  0.000003 0.000000 -0.000000  -0.000000 -0.000000 -0.003106
90  4.018316 -0.012484 -0.000000  -0.000000 -0.000000 -0.000000
91  0.000005 -0.000000 0.000000  -0.000000 0.000000 -0.032354
92  3.516729 -0.113802 -0.000000  0.000000 -0.000000 -0.000000
93  0.000002 -0.000000 0.000000  0.000000 0.000000 0.067981
94  8.921986 0.607517 -0.000001  -0.000000 -0.000000 -0.000000
95  -0.000000 -0.000000 0.000000  0.000000 0.000000 0.262078
96  3.194337 0.856892 -0.000000  0.000000 -0.000000 -0.000000
97  0.000001 0.000000 0.000000  3.141590 -0.000000 0.662566
98  2.833353 2.210629 -0.000000  0.000000 -0.000000 -0.000000
99  -0.000002 -0.000000 0.000000  3.141590 -0.000000 0.255978
100  1.704618 1.493419 1.937660  -1.544954 -1.855079 0.063449
101  -0.000001 0.000001 0.000000  0.000000 0.000000 0.000001
102  1.704624 1.493426 -1.937611  1.473111 1.855076 0.063436
103  -0.000003 0.000003 0.000001  0.000000 0.000000 -0.000001
104  7.723854 1.956159 58.484589  1.570796 -0.000000 0.000000
105  0.000000 0.000001 -0.000000  0.000000 -0.000000 0.000000
106  14.952688 -17.686636 -0.395722  0.000001 -0.000000 0.000000
107  0.000000 9.000000 -0.000003  0.000000 -0.000000 0.000000
108  0.000000 0.000001 -0.000000  0.000000 -0.000000 0.000000
109  0.000000 0.000002 -9.999998  0.000000 -0.000000 0.000000
110  0.000000 0.000002 0.000000  0.000001 -0.000000 0.000000
111  15.264428 2.505456 49.565292  -0.015813 0.868860 -0.020712
112  11.481673 -0.000034 -0.000029  1.573178 -0.106616 0.044195
113  -0.000001 0.000004 0.000000  -0.000000 0.000000 0.000002
114  -0.000001 0.000000 0.000000  -0.000000 -0.000000 0.000000
115  -0.000001 0.000000 0.000000  0.000000 0.000000 0.000000
116  -7.723807 1.956140 58.484608  1.570796 -0.000000 0.000000
117  0.000000 0.000001 -0.000000  0.000000 -0.000000 0.000000
118  -14.952740 -17.686594 -0.395684  0.000001 -0.000000 0.000000
119  0.000000 9.000000 -0.000003  0.000000 -0.000000 0.000000
120  0.000000 0.000024 -0.000000  0.000000 -0.000000 0.000000
121  0.000000 -0.000021 -9.999999  0.000000 -0.000000 0.000000
122  0.000000 0.000002 0.000000  0.000001 -0.000000 0.000000
123  -15.264407 2.505418 49.565334  0.015813 2.272735 0.020712
124  11.481701 -0.000054 -0.000002  -1.564933 0.106603 0.044183
125  -0.000003 -0.000001 -0.000000  -0.000000 0.000000 -0.000003
126  0.000003 0.000001 -0.000000  -0.000000 -0.000000 -0.000000
127  0.000003 0.000001 0.000000  0.000000 0.000000 -0.000000
128  3.890447 -0.533611 38.566914  1.570796 -0.000000 0.000000
129  0.000000 -0.000000 0.000000  0.000000 -0.000000 0.000000
130  0.000000 -0.000002 -9.999999  0.000000 -0.000000 0.000000
131  0.000000 -0.000002 -0.000000  0.000000 -0.000000 0.000000
132  -3.890457 -0.533622 38.566921  1.570796 -0.000000 0.000000
133  0.000000 -0.000000 0.000000  0.000000 -0.000000 0.000000
134  0.000000 -0.000002 -9.999999  0.000000 -0.000000 0.000000
135  0.000000 -0.000002 -0.000000  0.000000 -0.000000 0.000000
time 65
0  0.000000 0.000000 0.000000  1.570796 -0.000000 0.000000
1  -1.646930 1.950223 35.222034  1.545394 0.076734 -0.336713
2  0.000000 -0.000001 0.000000  0.000000 0.000000 0.000000
3  3.890453 -0.000002 -0.000002  -1.771027 -0.534184 -1.300400
4  17.848175 0.000001 -0.000001  0.000000 -0.000000 0.854277
5  15.638509 0.000001 -0.000001  0.012344 0.154228 -1.213042
6  7.109929 -0.000001 0.000001  -0.007119 -0.003131 -0.631738
7  -3.890452 0.000003 0.000007  -1.060143 -0.181962 -1.645362
8  17.848169 0.000001 -0.000001  0.000000 -0.000000 0.818513
9  15.638514 0.000000 -0.000001  -0.008547 -0.072220 -1.494695
10  7.109929 -0.000001 0.000000  -0.081154 -0.003131 -0.631749
11  -0.044717 2.528786 4.661500  -0.044671 -0.029511 0.044850
12  4.041916 4.954659 -8.467939  0.000000 -0.392699 -0.000000
13  -0.214845 3.341220 -2.981901  1.523159 0.084535 1.568668
14  4.018328 -0.000000 -0.000001  0.037386 -0.023837 0.198820
15  3.518560 -0.000001 -0.000000  0.046109 -0.014537 0.293743
16  8.942644 0.000002 -0.000000  0.028824 0.035319 0.091699
17  3.306641 -0.000002 -0.000000  3.138800 0.000567 0.400476
18  3.593706 -0.000001 -0.000002  0.136187 -0.054394 0.733851
19  2.033343 1.000768 1.101698  -0.224287 -1.635546 -1.527220
20  6.809414 0.000009 -0.000003  -1.905907 -1.180533 -0.554124
21  12.391796 0.000000 -0.000004  0.000000 -0.000000 -1.375082
22  9.337071 0.000003 -0.000035  0.106771 0.366708 0.654269
23  3.859706 -0.142433 -1.191958  -0.513267 0.072291 -1.288225
24  1.312557 0.000001 0.000005  -0.163028 0.224047 -1.466962
25  0.729362 -0.000003 0.000001  -0.068871 0.147979 -0.913117
26  3.942335 0.046744 -0.431429  -0.157261 0.007109 -0.685616
27  1.539090 0.000012 -0.000005  -0.068563 0.062695 -1.808644
28  1.196328 0.000011 0.000001  -0.005433 0.026725 -0.524005
29  4.454022 -0.070203 0.572070  0.095490 -0.008587 -0.706335
30  1.426598 -0.000001 0.000005  0.055908 -0.087976 -1.504206
31  1.322465 -0.000002 0.000004  0.009312 -0.033625 -0.575065
32  4.477066 -0.028571 1.582470  0.481653 -0.035390 -1.246096
33  1.344418 0.000003 -0.000001  0.023466 -0.208305 -0.755723
34  1.224669 0.000001 0.000000  0.026043 -0.124620 -0.538676
35  2.630324 -0.345014 1.907208  -0.354022 -0.915164 -1.788195
36  1.059291 -0.000003 0.000002  -0.001067 -0.012855 0.250988
37  0.781216 0.000003 -0.000001  -0.000096 -0.003210 0.062757
38  2.033353 1.000771 -1.101647  -0.018356 1.935141 -1.706962
39  6.809415 -0.000002 -0.000002  1.393583 0.601176 -0.692054
40  12.391791 0.000003 -0.000005  0.000000 0.000000 -1.931239
41  9.337105 -0.000004 -0.000001  -1.045020 0.099906 0.026924
42  3.859662 -0.132560 1.193141  0.217767 -0.010340 -1.857608
43  1.312561 -0.000003 0.000005  0.044560 -0.180938 -0.876601
44  0.729361 0.000002 0.000008  0.155228 -0.190276 -1.393021
45  3.942290 0.050338 0.431072  0.139630 -0.069408 -0.865173
46  1.539098 -0.000007 -0.000004  0.049426 -0.072767 -1.413300
47  1.196324 -0.000002 0.000008  0.018371 -0.045481 -0.841346
48  4.453986 -0.073768 -0.571666  0.068421 -0.149929 -0.886359
49  1.426597 -0.000002 -0.000004  -0.056759 0.078878 -1.589813
50  1.322465 -0.000003 -0.000006  -0.013351 0.036670 -0.725237
51  4.477037 -0.043465 -1.581293  -0.316811 0.218731 0.212893
52  1.344420 -0.000001 -0.000006  -0.042713 0.220807 -0.851974
53  1.224671 0.000001 0.000008  0.007910 -0.010539 0.044612
54  2.630291 -0.359833 -1.904286  0.397297 0.443871 -0.694596
55  1.059290 0.000001 0.000003  0.016719 0.040511 0.807814
56  0.781203 -0.000001 0.000006  0.005285 0.023651 0.440471
57  4.069501 1.811269 4.279048  1.570796 -0.000000 0.000000
58  0.000000 -0.000000 -0.000000  0.000000 0.052360 0.000000
59  0.032300 -4.377938 -4.331139  -0.000000 -0.000000 0.000000
60  -0.002340 -4.618855 4.848104  -0.000000 0.000937 -0.001514
61  -0.000000 0.000000 -0.000000  0.000000 -0.000000 0.000000
62  -0.014019 -4.136677 -0.422642  0.000001 -0.000000 0.000000
63  0.014022 0.341392 9.682304  0.000000 0.000937 -0.001514
64  0.003298 0.000005 -3.521831  0.000000 -0.000000 -0.000000
65  -0.000369 3.795277 -5.737836  0.000000 -0.000000 0.000000
66  -0.000000 0.000000 0.000000  -0.000001 0.000000 0.000000
67  -0.000000 -0.000000 -0.000000  -0.000000 -0.000000 -0.000000
68  -0.000000 0.000000 -0.000000  -0.000000 0.000000 0.000000
69  0.000003 -3.795290 9.259664  -0.000000 0.000937 -0.001514
70  7.999999 0.000001 -0.000000  0.000001 -0.052360 -0.000000
71  -4.069616 1.811259 4.279059  1.570796 -0.000000 0.000000
72  0.000000 -0.000000 -0.000000  0.000000 -0.052360 0.000000
73  0.000003 -3.795289 9.259665  -0.001320 -0.008192 0.060729
74  0.000000 0.000000 0.000000  0.000000 0.000000 0.000000
75  0.014020 -4.136677 -0.422641  0.000001 0.000000 -0.000000
76  -0.014018 0.341393 9.682305  -0.000000 0.000937 -0.001514
77  0.003297 0.000005 -3.521831  0.000000 -0.000000 -0.000000
78  -0.000369 3.795275 -5.737837  0.000000 0.000000 0.000000
79  -0.000000 0.000000 0.000000  -0.000000 0.000000 0.000000
80  -0.000000 0.000000 -0.000000  -0.000000 -0.000000 -0.000000
81  0.000000 0.000000 0.000000  -0.000000 -0.000000 -0.000000
82  -0.062978 -4.612901 4.868224  -0.000000 0.000937 -0.001514
83  0.032300 -4.377938 -4.331139  -0.000000 0.000000 -0.000000
84  -8.000000 0.000001 0.000000  0.000001 0.052360 0.000000
85  0.000156 0.385903 39.987263  1.570796 -0.000000 0.000000
86  -0.000161 -1.420346 0.919518  0.000000 -0.000000 0.000000
87  0.000005 3.345128 -2.981901  1.570796 0.083187 1.570796
88  0.000000 -0.000000 -0.000000  0.000000 0.000000 0.000000
89  0.000003 0.000000 -0.000000  -0.000000 -0.000000 -0.003106
90  4.018316 -0.012484 -0.000000  -0.000000 -0.000000 -0.000000
91  0.000005 -0.000000 0.000000  -0.000000 0.000000 -0.032354
92  3.516729 -0.113802 -0.000000  0.000000 -0.000000 -0.000000
93  0.000002 -0.000000 0.000000  0.000000 0.000000 0.067981
94  8.921986 0.607517 -0.000001  -0.000000 -0.000000 -0.000000
95  -0.000000 -0.000000 0.000000  0.000000 0.000000 0.262078
96  3.194337 0.856892 -0.000000  0.000000 -0.000000 -0.000000
97  0.000001 0.000000 0.000000  3.141590 -0.000000 0.662566
98  2.833353 2.210629 -0.000000  0.000000 -0.000000 -0.000000
99  -0.000002 -0.000000 0.000000  3.141590 -0.000000 0.255978
100  1.704618 1.493419 1.937660  -1.544954 -1.855079 0.063449
101  -0.000001 0.000001 0.000000  0.000000 0.000000 0.000001
102  1.704624 1.493426 -1.937611  1.473111 1.855076 0.063436
103  -0.000003 0.000003 0.000001  0.000000 0.000000 -0.000001
104  7.723854 1.956159 58.484589  1.570796 -0.000000 0.000000
105  0.000000 0.000001 -0.000000  0.000000 -0.000000 0.000000
106  14.952688 -17.686636 -0.395722  0.000001 -0.000000 0.000000
107  0.000000 9.000000 -0.000003  0.000000 -0.000000 0.000000
108  0.000000 0.000001 -0.000000  0.000000 -0.000000 0.000000
109  0.000000 0.000002 -9.999998  0.000000 -0.000000 0.000000
110  0.000000 0.000002 0.000000  0.000001 -0.000000 0.000000
111  15.264428 2.505456 49.565292  -0.015813 0.868860 -0.020712
112  11.481673 -0.000034 -0.000029  1.573178 -0.106616 0.044195
113  -0.000001 0.000004 0.000000  -0.000000 0.000000 0.000002
114  -0.000001 0.000000 0.000000  -0.000000 -0.000000 0.000000
115  -0.000001 0.000000 0.000000  0.000000 0.000000 0.000000
116  -7.723807 1.956140 58.484608  1.570796 -0.000000 0.000000
117  0.000000 0.000001 -0.000000  0.000000 -0.000000 0.000000
118  -14.952740 -17.686594 -0.395684  0.000001 -0.000000 0.000000
119  0.000000 9.000000 -0.000003  0.000000 -0.000000 0.000000
120  0.000000 0.000024 -0.000000  0.000000 -0.000000 0.000000
121  0.000000 -0.000021 -9.999999  0.000000 -0.000000 0.000000
122  0.000000 0.000002 0.000000  0.000001 -0.000000 0.000000
123  -15.264407 2.505418 49.565334  0.015813 2.272735 0.020712
124  11.481701 -0.000054 -0.000002  -1.564933 0.106603 0.044183
125  -0.000003 -0.000001 -0.000000  -0.000000 0.000000 -0.000003
126  0.000003 0.000001 -0.000000  -0.000000 -0.000000 -0.000000
127  0.000003 0.000001 0.000000  0.000000 0.000000 -0.000000
128  3.890447 -0.533611 38.566914  1.570796 -0.000000 0.000000
129  0.000000 -0.000000 0.000000  0.000000 -0.000000 0.000000
130  0.000000 -0.000002 -9.999999  0.000000 -0.000000 0.000000
131  0.000000 -0.000002 -0.000000  0.000000 -0.000000 0.000000
132  -3.890457 -0.533622 38.566921  1.570796 -0.000000 0.000000
133  0.000000 -0.000000 0.000000  0.000000 -0.000000 0.000000
134  0.000000 -0.000002 -9.999999  0.000000 -0.000000 0.000000
135  0.000000 -0.000002 -0.000000  0.000000 -0.000000 0.000000
time 66
0  0.000000 0.000000 0.000000  1.570796 -0.000000 0.000000
1  -1.459424 1.736918 35.448460  1.549302 0.061027 -0.416727
2  0.000000 0.000001 0.000000  0.000000 -0.000000 -0.000000
3  3.890452 -0.000006 -0.000002  -1.864175 -0.495056 -1.284204
4  17.848173 0.000003 -0.000001  -0.000000 0.000000 0.826627
5  15.638503 0.000001 -0.000000  0.023200 0.151675 -1.212240
6  7.109931 0.000000 0.000001  -0.007119 -0.003131 -0.631738
7  -3.890452 0.000004 0.000007  -1.150146 -0.192885 -1.646498
8  17.848171 -0.000000 -0.000000  0.000000 0.000000 0.796904
9  15.638511 0.000002 0.000000  0.001551 -0.069171 -1.476741
10  7.109930 -0.000001 0.000001  -0.081154 -0.003131 -0.631749
11  -0.044716 2.528784 4.661499  -0.045386 -0.051367 0.044569
12  4.041915 4.954660 -8.467938  0.000000 -0.392699 -0.000000
13  -0.171876 3.341218 -2.981901  1.500796 0.084052 1.565004
14  4.018333 -0.000001 -0.000000  0.027554 -0.042473 0.197255
15  3.518561 -0.000001 0.000000  0.029418 -0.028104 0.300873
16  8.942643 0.000001 0.000001  0.006717 0.049580 0.117997
17  3.306637 -0.000002 0.000000  3.138800 0.000567 0.400476
18  3.593710 0.000004 -0.000001  0.238749 -0.068591 0.740818
19  2.033339 1.000767 1.101698  -0.297095 -1.630124 -1.454294
20  6.809415 -0.000002 0.000002  -2.116201 -1.125784 -0.390641
21  12.391797 -0.000002 -0.000003  -0.000000 -0.000000 -1.395976
22  9.337075 -0.000001 -0.000032  0.080362 0.410802 0.650865
23  3.859708 -0.142429 -1.191957  -0.513267 0.072291 -1.288225
24  1.312553 -0.000002 0.000004  -0.163028 0.224047 -1.466962
25  0.729364 0.000002 -0.000002  -0.068871 0.147979 -0.913117
26  3.942330 0.046743 -0.431422  -0.157261 0.007109 -0.685616
27  1.539087 0.000008 -0.000012  -0.068563 0.062695 -1.808644
28  1.196319 0.000007 -0.000002  -0.005433 0.026725 -0.524005
29  4.454022 -0.070205 0.572077  0.095490 -0.008587 -0.706366
30  1.426594 -0.000003 -0.000005  0.055908 -0.087976 -1.504206
31  1.322465 -0.000005 0.000000  0.009312 -0.033625 -0.575065
32  4.477064 -0.028570 1.582473  0.481653 -0.035390 -1.246096
33  1.344423 0.000002 -0.000008  0.023466 -0.208305 -0.755723
34  1.224671 0.000003 0.000001  0.026043 -0.124620 -0.538676
35  2.630324 -0.345014 1.907211  -0.354022 -0.915164 -1.788195
36  1.059288 -0.000002 0.000001  -0.001067 -0.012855 0.250988
37  0.781206 0.000003 0.000004  -0.000096 -0.003210 0.062757
38  2.033348 1.000772 -1.101646  -0.021898 1.937691 -1.710892
39  6.809417 -0.000006 -0.000002  1.403047 0.706162 -0.680268
40  12.391792 0.000002 -0.000004  0.000000 -0.000000 -1.932603
41  9.337105 -0.000001 -0.000002  -0.999768 0.116162 0.148067
42  3.859665 -0.132557 1.193138  0.217767 -0.010340 -1.857608
43  1.312565 -0.000004 -0.000001  0.044560 -0.180938 -0.876601
44  0.729361 0.000000 0.000001  0.155228 -0.190276 -1.393021
45  3.942293 0.050339 0.431074  0.139630 -0.069408 -0.865173
46  1.539097 -0.000005 -0.000005  0.049426 -0.072767 -1.413300
47  1.196325 -0.000002 0.000005  0.018371 -0.045481 -0.841346
48  4.453989 -0.073767 -0.571666  0.065508 -0.150576 -0.869513
49  1.426598 -0.000001 0.000000  -0.056352 0.078890 -1.584637
50  1.322465 -0.000001 -0.000007  -0.013387 0.036718 -0.726239
51  4.477038 -0.043464 -1.581290  -0.319052 0.218731 0.204661
52  1.344415 -0.000001 -0.000006  -0.042701 0.220795 -0.851902
53  1.224672 -0.000001 0.000011  0.007982 -0.009041 0.038287
54  2.630294 -0.359832 -1.904289  0.399789 0.440952 -0.698304
55  1.059292 0.000000 -0.000000  0.016479 0.040295 0.802060
56  0.781206 -0.000005 -0.000003  0.005213 0.023495 0.437319
57  4.069501 1.811269 4.279048  1.570796 -0.000000 0.000000
58  0.000000 -0.000000 -0.000000  0.000000 0.052360 0.000000
59  0.032300 -4.377938 -4.331139  -0.000000 -0.000000 0.000000
60  -0.002340 -4.618855 4.848104  -0.000000 0.000937 -0.001514
61  -0.000000 0.000000 -0.000000  0.000000 -0.000000 0.000000
62  -0.014019 -4.136677 -0.422642  0.000001 -0.000000 0.000000
63  0.014022 0.341392 9.682304  0.000000 0.000937 -0.001514
64  0.003298 0.000005 -3.521831  0.000000 -0.000000 -0.000000
65  -0.000369 3.795277 -5.737836  0.000000 -0.000000 0.000000
66  -0.000000 0.000000 0.000000  -0.000001 0.000000 0.000000
67  -0.000000 -0.000000 -0.000000  -0.000000 -0.000000 -0.000000
68  -0.000000 0.000000 -0.000000  -0.000000 0.000000 0.000000
69  0.000003 -3.795290 9.259664  -0.000000 0.000937 -0.001514
70  7.999999 0.000001 -0.000000  0.000001 -0.052360 -0.000000
71  -4.069616 1.811259 4.279059  1.570796 -0.000000 0.000000
72  0.000000 -0.000000 -0.000000  0.000000 -0.052360 0.000000
73  0.000003 -3.795289 9.259665  -0.001320 -0.008192 0.060729
74  0.000000 0.000000 0.000000  0.000000 0.000000 0.000000
75  0.014020 -4.136677 -0.422641  0.000001 0.000000 -0.000000
76  -0.014018 0.341393 9.682305  -0.000000 0.000937 -0.001514
77  0.003297 0.000005 -3.521831  0.000000 -0.000000 -0.000000
78  -0.000369 3.795275 -5.737837  0.000000 0.000000 0.000000
79  -0.000000 0.000000 0.000000  -0.000000 0.000000 0.000000
80  -0.000000 0.000000 -0.000000  -0.000000 -0.000000 -0.000000
81  0.000000 0.000000 0.000000  -0.000000 -0.000000 -0.000000
82  -0.062978 -4.612901 4.868224  -0.000000 0.000937 -0.001514
83  0.032300 -4.377938 -4.331139  -0.000000 0.000000 -0.000000
84  -8.000000 0.000001 0.000000  0.000001 0.052360 0.000000
85  0.000156 0.385903 39.987263  1.570796 -0.000000 0.000000
86  -0.000161 -1.420346 0.919518  0.000000 -0.000000 0.000000
87  0.000005 3.345128 -2.981901  1.570796 0.083187 1.570796
88  0.000000 -0.000000 -0.000000  0.000000 0.000000 0.000000
89  0.000003 0.000000 -0.000000  -0.000000 -0.000000 -0.003106
90  4.018316 -0.012484 -0.000000  -0.000000 -0.000000 -0.000000
91  0.000005 -0.000000 0.000000  -0.000000 0.000000 -0.032354
92  3.516729 -0.113802 -0.000000  0.000000 -0.000000 -0.000000
93  0.000002 -0.000000 0.000000  0.000000 0.000000 0.067981
94  8.921986 0.607517 -0.000001  -0.000000 -0.000000 -0.000000
95  -0.000000 -0.000000 0.000000  0.000000 0.000000 0.262078
96  3.194337 0.856892 -0.000000  0.000000 -0.000000 -0.000000
97  0.000001 0.000000 0.000000  3.141590 -0.000000 0.662566
98  2.833353 2.210629 -0.000000  0.000000 -0.000000 -0.000000
99  -0.000002 -0.000000 0.000000  3.141590 -0.000000 0.255978
100  1.704618 1.493419 1.937660  -1.544954 -1.855079 0.063449
101  -0.000001 0.000001 0.000000  0.000000 0.000000 0.000001
102  1.704624 1.493426 -1.937611  1.473111 1.855076 0.063436
103  -0.000003 0.000003 0.000001  0.000000 0.000000 -0.000001
104  7.723854 1.956159 58.484589  1.570796 -0.000000 0.000000
105  0.000000 0.000001 -0.000000  0.000000 -0.000000 0.000000
106  14.952688 -17.686636 -0.395722  0.000001 -0.000000 0.000000
107  0.000000 9.000000 -0.000003  0.000000 -0.000000 0.000000
108  0.000000 0.000001 -0.000000  0.000000 -0.000000 0.000000
109  0.000000 0.000002 -9.999998  0.000000 -0.000000 0.000000
110  0.000000 0.000002 0.000000  0.000001 -0.000000 0.000000
111  15.264428 2.505456 49.565292  -0.015813 0.868860 -0.020712
112  11.481673 -0.000034 -0.000029  1.573178 -0.106616 0.044195
113  -0.000001 0.000004 0.000000  -0.000000 0.000000 0.000002
114  -0.000001 0.000000 0.000000  -0.000000 -0.000000 0.000000
115  -0.000001 0.000000 0.000000  0.000000 0.000000 0.000000
116  -7.723807 1.956140 58.484608  1.570796 -0.000000 0.000000
117  0.000000 0.000001 -0.000000  0.000000 -0.000000 0.000000
118  -14.952740 -17.686594 -0.395684  0.000001 -0.000000 0.000000
119  0.000000 9.000000 -0.000003  0.000000 -0.000000 0.000000
120  0.000000 0.000024 -0.000000  0.000000 -0.000000 0.000000
121  0.000000 -0.000021 -9.999999  0.000000 -0.000000 0.000000
122  0.000000 0.000002 0.000000  0.000001 -0.000000 0.000000
123  -15.264407 2.505418 49.565334  0.015813 2.272735 0.020712
124  11.481701 -0.000054 -0.000002  -1.564933 0.106603 0.044183
125  -0.000003 -0.000001 -0.000000  -0.000000 0.000000 -0.000003
126  0.000003 0.000001 -0.000000  -0.000000 -0.000000 -0.000000
127  0.000003 0.000001 0.000000  0.000000 0.000000 -0.000000
128  3.890447 -0.533611 38.566914  1.570796 -0.000000 0.000000
129  0.000000 -0.000000 0.000000  0.000000 -0.000000 0.000000
130  0.000000 -0.000002 -9.999999  0.000000 -0.000000 0.000000
131  0.000000 -0.000002 -0.000000  0.000000 -0.000000 0.000000
132  -3.890457 -0.533622 38.566921  1.570796 -0.000000 0.000000
133  0.000000 -0.000000 0.000000  0.000000 -0.000000 0.000000
134  0.000000 -0.000002 -9.999999  0.000000 -0.000000 0.000000
135  0.000000 -0.000002 -0.000000  0.000000 -0.000000 0.000000
time 67
0  0.000000 0.000000 0.000000  1.570796 -0.000000 0.000000
1  -1.271919 1.513455 35.674881  1.554145 0.045135 -0.498559
2  0.000000 -0.000000 0.000000  -0.000000 0.000000 -0.000000
3  3.890453 -0.000006 -0.000002  -1.953410 -0.453704 -1.275483
4  17.848173 0.000001 0.000000  -0.000000 -0.000000 0.796197
5  15.638504 0.000001 -0.000001  0.031903 0.147894 -1.211110
6  7.109931 -0.000001 0.000001  -0.007119 -0.003131 -0.631738
7  -3.890452 0.000002 0.000007  -1.239291 -0.202479 -1.648484
8  17.848171 0.000001 0.000000  0.000000 0.000000 0.773509
9  15.638512 0.000000 0.000000  0.010909 -0.069034 -1.458023
10  7.109930 -0.000001 0.000000  -0.081154 -0.003131 -0.631749
11  -0.044716 2.528782 4.661500  -0.046427 -0.073794 0.044249
12  4.041916 4.954660 -8.467939  -0.000000 -0.392699 -0.000000
13  -0.128905 3.345128 -2.981902  1.477894 0.083741 1.561280
14  4.018331 -0.000000 -0.000001  0.017699 -0.061864 0.196141
15  3.518566 -0.000002 -0.000000  0.012413 -0.042186 0.308642
16  8.942642 0.000004 -0.000002  -0.015418 0.064681 0.144542
17  3.306642 0.000000 0.000001  3.138800 0.000567 0.400476
18  3.593710 -0.000007 -0.000002  0.343209 -0.080948 0.748666
19  2.033346 1.000768 1.101697  -0.384289 -1.625044 -1.367085
20  6.809414 0.000004 0.000000  -2.303925 -1.042951 -0.260385
21  12.391794 0.000002 0.000004  -0.000000 -0.000000 -1.439343
22  9.337074 0.000002 -0.000029  0.053328 0.455125 0.646076
23  3.859710 -0.142432 -1.191958  -0.513267 0.072291 -1.288225
24  1.312557 -0.000002 0.000003  -0.163028 0.224047 -1.466962
25  0.729362 -0.000001 -0.000002  -0.068871 0.147979 -0.913117
26  3.942330 0.046748 -0.431431  -0.157261 0.007109 -0.685616
27  1.539096 0.000011 -0.000012  -0.068563 0.062695 -1.808644
28  1.196318 0.000006 0.000003  -0.005433 0.026725 -0.524005
29  4.454023 -0.070202 0.572069  0.095490 -0.008587 -0.706335
30  1.426598 0.000001 0.000001  0.055908 -0.087976 -1.504206
31  1.322466 -0.000005 0.000004  0.009312 -0.033625 -0.575065
32  4.477066 -0.028572 1.582469  0.481653 -0.035390 -1.246096
33  1.344419 0.000002 -0.000002  0.023466 -0.208305 -0.755723
34  1.224677 0.000004 0.000003  0.026043 -0.124620 -0.538676
35  2.630326 -0.345013 1.907208  -0.354022 -0.915164 -1.788195
36  1.059287 -0.000002 0.000002  -0.001067 -0.012855 0.250988
37  0.781217 0.000003 0.000000  -0.000096 -0.003210 0.062757
38  2.033355 1.000771 -1.101646  -0.025343 1.940242 -1.714726
39  6.809417 -0.000002 -0.000003  1.390932 0.835850 -0.687752
40  12.391794 0.000001 -0.000001  0.000000 0.000000 -1.917305
41  9.337104 -0.000001 -0.000001  -0.954388 0.124652 0.265584
42  3.859660 -0.132557 1.193142  0.217767 -0.010340 -1.857608
43  1.312563 -0.000003 0.000010  0.044560 -0.180938 -0.876601
44  0.729355 0.000002 0.000001  0.155228 -0.190276 -1.393021
45  3.942288 0.050341 0.431072  0.139630 -0.069408 -0.865173
46  1.539097 -0.000008 0.000002  0.049426 -0.072767 -1.413300
47  1.196321 -0.000002 0.000004  0.018371 -0.045481 -0.841346
48  4.453985 -0.073765 -0.571670  0.063579 -0.150972 -0.858377
49  1.426600 -0.000001 -0.000002  -0.056076 0.078890 -1.581185
50  1.322466 -0.000001 -0.000001  -0.013411 0.036742 -0.726906
51  4.477034 -0.043463 -1.581292  -0.320539 0.218719 0.199243
52  1.344418 -0.000002 -0.000002  -0.042689 0.220795 -0.851867
53  1.224669 -0.000009 0.000011  0.008018 -0.008058 0.034092
54  2.630289 -0.359831 -1.904286  0.401463 0.439019 -0.700756
55  1.059291 -0.000001 0.000003  0.016335 0.040139 0.798231
56  0.781204 -0.000004 -0.000000  0.005165 0.023388 0.435239
57  4.069501 1.811269 4.279048  1.570796 -0.000000 0.000000
58  0.000000 -0.000000 -0.000000  0.000000 0.052360 0.000000
59  0.032300 -4.377938 -4.331139  -0.000000 -0.000000 0.000000
60  -0.002340 -4.618855 4.848104  -0.000000 0.000937 -0.001514
61  -0.000000 0.000000 -0.000000  0.000000 -0.000000 0.000000
62  -0.014019 -4.136677 -0.422642  0.000001 -0.000000 0.000000
63  0.014022 0.341392 9.682304  0.000000 0.000937 -0.001514
64  0.003298 0.000005 -3.521831  0.000000 -0.000000 -0.000000
65  -0.000369 3.795277 -5.737836  0.000000 -0.000000 0.000000
66  -0.000000 0.000000 0.000000  -0.000001 0.000000 0.000000
67  -0.000000 -0.000000 -0.000000  -0.000000 -0.000000 -0.000000
68  -0.000000 0.000000 -0.000000  -0.000000 0.000000 0.000000
69  0.000003 -3.795290 9.259664  -0.000000 0.000937 -0.001514
70  7.999999 0.000001 -0.000000  0.000001 -0.052360 -0.000000
71  -4.069616 1.811259 4.279059  1.570796 -0.000000 0.000000
72  0.000000 -0.000000 -0.000000  0.000000 -0.052360 0.000000
73  0.000003 -3.795289 9.259665  -0.001320 -0.008192 0.060729
74  0.000000 0.000000 0.000000  0.000000 0.000000 0.000000
75  0.014020 -4.136677 -0.422641  0.000001 0.000000 -0.000000
76  -0.014018 0.341393 9.682305  -0.000000 0.000937 -0.001514
77  0.003297 0.000005 -3.521831  0.000000 -0.000000 -0.000000
78  -0.000369 3.795275 -5.737837  0.000000 0.000000 0.000000
79  -0.000000 0.000000 0.000000  -0.000000 0.000000 0.000000
80  -0.000000 0.000000 -0.000000  -0.000000 -0.000000 -0.000000
81  0.000000 0.000000 0.000000  -0.000000 -0.000000 -0.000000
82  -0.062978 -4.612901 4.868224  -0.000000 0.000937 -0.001514
83  0.032300 -4.377938 -4.331139  -0.000000 0.000000 -0.000000
84  -8.000000 0.000001 0.000000  0.000001 0.052360 0.000000
85  0.000156 0.385903 39.987263  1.570796 -0.000000 0.000000
86  -0.000161 -1.420346 0.919518  0.000000 -0.000000 0.000000
87  0.000005 3.345128 -2.981901  1.570796 0.083187 1.570796
88  0.000000 -0.000000 -0.000000  0.000000 0.000000 0.000000
89  0.000003 0.000000 -0.000000  -0.000000 -0.000000 -0.003106
90  4.018316 -0.012484 -0.000000  -0.000000 -0.000000 -0.000000
91  0.000005 -0.000000 0.000000  -0.000000 0.000000 -0.032354
92  3.516729 -0.113802 -0.000000  0.000000 -0.000000 -0.000000
93  0.000002 -0.000000 0.000000  0.000000 0.000000 0.067981
94  8.921986 0.607517 -0.000001  -0.000000 -0.000000 -0.000000
95  -0.000000 -0.000000 0.000000  0.000000 0.000000 0.262078
96  3.194337 0.856892 -0.000000  0.000000 -0.000000 -0.000000
97  0.000001 0.000000 0.000000  3.141590 -0.000000 0.662566
98  2.833353 2.210629 -0.000000  0.000000 -0.000000 -0.000000
99  -0.000002 -0.000000 0.000000  3.141590 -0.000000 0.255978
100  1.704618 1.493419 1.937660  -1.544954 -1.855079 0.063449
101  -0.000001 0.000001 0.000000  0.000000 0.000000 0.000001
102  1.704624 1.493426 -1.937611  1.473111 1.855076 0.063436
103  -0.000003 0.000003 0.000001  0.000000 0.000000 -0.000001
104  7.723854 1.956159 58.484589  1.570796 -0.000000 0.000000
105  0.000000 0.000001 -0.000000  0.000000 -0.000000 0.000000
106  14.952688 -17.686636 -0.395722  0.000001 -0.000000 0.000000
107  0.000000 9.000000 -0.000003  0.000000 -0.000000 0.000000
108  0.000000 0.000001 -0.000000  0.000000 -0.000000 0.000000
109  0.000000 0.000002 -9.999998  0.000000 -0.000000 0.000000
110  0.000000 0.000002 0.000000  0.000001 -0.000000 0.000000
111  15.264428 2.505456 49.565292  -0.015813 0.868860 -0.020712
112  11.481673 -0.000034 -0.000029  1.573178 -0.106616 0.044195
113  -0.000001 0.000004 0.000000  -0.000000 0.000000 0.000002
114  -0.000001 0.000000 0.000000  -0.000000 -0.000000 0.000000
115  -0.000001 0.000000 0.000000  0.000000 0.000000 0.000000
116  -7.723807 1.956140 58.484608  1.570796 -0.000000 0.000000
117  0.000000 0.000001 -0.000000  0.000000 -0.000000 0.000000
118  -14.952740 -17.686594 -0.395684  0.000001 -0.000000 0.000000
119  0.000000 9.000000 -0.000003  0.000000 -0.000000 0.000000
120  0.000000 0.000024 -0.000000  0.000000 -0.000000 0.000000
121  0.000000 -0.000021 -9.999999  0.000000 -0.000000 0.000000
122  0.000000 0.000002 0.000000  0.000001 -0.000000 0.000000
123  -15.264407 2.505418 49.565334  0.015813 2.272735 0.020712
124  11.481701 -0.000054 -0.000002  -1.564933 0.106603 0.044183
125  -0.000003 -0.000001 -0.000000  -0.000000 0.000000 -0.000003
126  0.000003 0.000001 -0.000000  -0.000000 -0.000000 -0.000000
127  0.000003 0.000001 0.000000  0.000000 0.000000 -0.000000
128  3.890447 -0.533611 38.566914  1.570796 -0.000000 0.000000
129  0.000000 -0.000000 0.000000  0.000000 -0.000000 0.000000
130  0.000000 -0.000002 -9.999999  0.000000 -0.000000 0.000000
131  0.000000 -0.000002 -0.000000  0.000000 -0.000000 0.000000
132  -3.890457 -0.533622 38.566921  1.570796 -0.000000 0.000000
133  0.000000 -0.000000 0.000000  0.000000 -0.000000 0.000000
134  0.000000 -0.000002 -9.999999  0.000000 -0.000000 0.000000
135  0.000000 -0.000002 -0.000000  0.000000 -0.000000 0.000000
time 68
0  0.000000 0.000000 0.000000  1.570796 -0.000000 0.000000
1  -1.080507 1.279835 35.911598  1.559582 0.029520 -0.581348
2  0.000000 -0.000000 -0.000000  0.000000 -0.000000 0.000000
3  3.890453 -0.000005 -0.000002  -2.039401 -0.410791 -1.273758
4  17.848173 0.000003 -0.000000  0.000000 -0.000000 0.762694
5  15.638509 -0.000000 -0.000001  0.039246 0.143781 -1.208995
6  7.109930 -0.000001 0.000001  -0.007119 -0.003131 -0.631738
7  -3.890452 0.000004 0.000007  -1.327864 -0.210696 -1.650944
8  17.848173 -0.000000 -0.000002  0.000000 0.000000 0.748326
9  15.638510 0.000000 -0.000000  0.019618 -0.070627 -1.438637
10  7.109929 -0.000001 0.000001  -0.081154 -0.003131 -0.631749
11  -0.044717 2.528783 4.661500  -0.047794 -0.096444 0.043928
12  4.041915 4.954662 -8.467940  0.000000 -0.392699 -0.000000
13  -0.085935 3.345128 -2.981901  1.454722 0.083627 1.557497
14  4.018332 -0.000001 -0.000000  0.007843 -0.081579 0.195324
15  3.518560 -0.000001 -0.000000  -0.004760 -0.056364 0.316837
16  8.942644 0.000004 0.000002  -0.037261 0.080417 0.170981
17  3.306639 -0.000003 0.000000  3.138800 0.000567 0.400476
18  3.593703 -0.000010 0.000000  0.448429 -0.091162 0.757479
19  2.033341 1.000766 1.101698  -0.488441 -1.620500 -1.262814
20  6.809415 0.000008 -0.000004  -2.458848 -0.944139 -0.170929
21  12.391793 -0.000002 0.000001  -0.000000 0.000000 -1.494300
22  9.337082 -0.000005 -0.000031  0.025759 0.499482 0.640191
23  3.859706 -0.142430 -1.191951  -0.513267 0.072291 -1.288225
24  1.312561 -0.000003 -0.000006  -0.163028 0.224047 -1.466962
25  0.729357 -0.000002 0.000005  -0.068871 0.147979 -0.913117
26  3.942327 0.046739 -0.431424  -0.157261 0.007109 -0.685616
27  1.539090 0.000007 -0.000008  -0.068563 0.062695 -1.808644
28  1.196331 0.000013 -0.000008  -0.005433 0.026725 -0.524005
29  4.454023 -0.070202 0.572074  0.095490 -0.008587 -0.706335
30  1.426602 -0.000003 -0.000000  0.055908 -0.087976 -1.504206
31  1.322461 -0.000003 0.000003  0.009312 -0.033625 -0.575065
32  4.477064 -0.028572 1.582475  0.481653 -0.035390 -1.246096
33  1.344417 0.000004 -0.000003  0.023466 -0.208305 -0.755723
34  1.224674 0.000007 -0.000003  0.026043 -0.124620 -0.538676
35  2.630324 -0.345011 1.907211  -0.354022 -0.915164 -1.788195
36  1.059287 -0.000005 -0.000000  -0.001067 -0.012855 0.250988
37  0.781209 0.000003 -0.000001  -0.000096 -0.003210 0.062757
38  2.033349 1.000772 -1.101645  -0.028694 1.942751 -1.718465
39  6.809417 -0.000005 -0.000002  1.352410 0.980430 -0.719581
40  12.391792 0.000002 -0.000001  0.000000 0.000000 -1.891448
41  9.337107 -0.000003 -0.000004  -0.902991 0.134131 0.395707
42  3.859663 -0.132559 1.193136  0.217767 -0.010340 -1.857608
43  1.312559 -0.000004 0.000000  0.044560 -0.180938 -0.876601
44  0.729360 0.000001 0.000000  0.155228 -0.190276 -1.393021
45  3.942290 0.050338 0.431072  0.139630 -0.069408 -0.865173
46  1.539096 -0.000006 -0.000007  0.049426 -0.072767 -1.413300
47  1.196323 -0.000001 0.000010  0.018371 -0.045481 -0.841346
48  4.453986 -0.073768 -0.571672  0.058869 -0.151859 -0.831252
49  1.426598 0.000001 -0.000003  -0.055417 0.078902 -1.572879
50  1.322467 -0.000002 -0.000002  -0.013471 0.036814 -0.728514
51  4.477036 -0.043466 -1.581295  -0.324146 0.218671 0.186018
52  1.344413 -0.000001 -0.000003  -0.042665 0.220783 -0.851795
53  1.224670 0.000002 0.000005  0.008078 -0.005649 0.023932
54  2.630291 -0.359835 -1.904293  0.405481 0.434353 -0.706732
55  1.059291 -0.000001 0.000006  0.015963 0.039780 0.788968
56  0.781203 -0.000002 -0.000007  0.005046 0.023136 0.430193
57  4.069501 1.811269 4.279048  1.570796 -0.000000 0.000000
58  0.000000 -0.000000 -0.000000  0.000000 0.052360 0.000000
59  0.032300 -4.377938 -4.331139  -0.000000 -0.000000 0.000000
60  -0.002340 -4.618855 4.848104  -0.000000 0.000937 -0.001514
61  -0.000000 0.000000 -0.000000  0.000000 -0.000000 0.000000
62  -0.014019 -4.136677 -0.422642  0.000001 -0.000000 0.000000
63  0.014022 0.341392 9.682304  0.000000 0.000937 -0.001514
64  0.003298 0.000005 -3.521831  0.000000 -0.000000 -0.000000
65  -0.000369 3.795277 -5.737836  0.000000 -0.000000 0.000000
66  -0.000000 0.000000 0.000000  -0.000001 0.000000 0.000000
67  -0.000000 -0.000000 -0.000000  -0.000000 -0.000000 -0.000000
68  -0.000000 0.000000 -0.000000  -0.000000 0.000000 0.000000
69  0.000003 -3.795290 9.259664  -0.000000 0.000937 -0.001514
70  7.999999 0.000001 -0.000000  0.000001 -0.052360 -0.000000
71  -4.069616 1.811259 4.279059  1.570796 -0.000000 0.000000
72  0.000000 -0.000000 -0.000000  0.000000 -0.052360 0.000000
73  0.000003 -3.795289 9.259665  -0.001320 -0.008192 0.060729
74  0.000000 0.000000 0.000000  0.000000 0.000000 0.000000
75  0.014020 -4.136677 -0.422641  0.000001 0.000000 -0.000000
76  -0.014018 0.341393 9.682305  -0.000000 0.000937 -0.001514
77  0.003297 0.000005 -3.521831  0.000000 -0.000000 -0.000000
78  -0.000369 3.795275 -5.737837  0.000000 0.000000 0.000000
79  -0.000000 0.000000 0.000000  -0.000000 0.000000 0.000000
80  -0.000000 0.000000 -0.000000  -0.000000 -0.000000 -0.000000
81  0.000000 0.000000 0.000000  -0.000000 -0.000000 -0.000000
82  -0.062978 -4.612901 4.868224  -0.000000 0.000937 -0.001514
83  0.032300 -4.377938 -4.331139  -0.000000 0.000000 -0.000000
84  -8.000000 0.000001 0.000000  0.000001 0.052360 0.000000
85  0.000156 0.385903 39.987263  1.570796 -0.000000 0.000000
86  -0.000161 -1.420346 0.919518  0.000000 -0.000000 0.000000
87  0.000005 3.345128 -2.981901  1.570796 0.083187 1.570796
88  0.000000 -0.000000 -0.000000  0.000000 0.000000 0.000000
89  0.000003 0.000000 -0.000000  -0.000000 -0.000000 -0.003106
90  4.018316 -0.012484 -0.000000  -0.000000 -0.000000 -0.000000
91  0.000005 -0.000000 0.000000  -0.000000 0.000000 -0.032354
92  3.516729 -0.113802 -0.000000  0.000000 -0.000000 -0.000000
93  0.000002 -0.000000 0.000000  0.000000 0.000000 0.067981
94  8.921986 0.607517 -0.000001  -0.000000 -0.000000 -0.000000
95  -0.000000 -0.000000 0.000000  0.000000 0.000000 0.262078
96  3.194337 0.856892 -0.000000  0.000000 -0.000000 -0.000000
97  0.000001 0.000000 0.000000  3.141590 -0.000000 0.662566
98  2.833353 2.210629 -0.000000  0.000000 -0.000000 -0.000000
99  -0.000002 -0.000000 0.000000  3.141590 -0.000000 0.255978
100  1.704618 1.493419 1.937660  -1.544954 -1.855079 0.063449
101  -0.000001 0.000001 0.000000  0.000000 0.000000 0.000001
102  1.704624 1.493426 -1.937611  1.473111 1.855076 0.063436
103  -0.000003 0.000003 0.000001  0.000000 0.000000 -0.000001
104  7.723854 1.956159 58.484589  1.570796 -0.000000 0.000000
105  0.000000 0.000001 -0.000000  0.000000 -0.000000 0.000000
106  14.952688 -17.686636 -0.395722  0.000001 -0.000000 0.000000
107  0.000000 9.000000 -0.000003  0.000000 -0.000000 0.000000
108  0.000000 0.000001 -0.000000  0.000000 -0.000000 0.000000
109  0.000000 0.000002 -9.999998  0.000000 -0.000000 0.000000
110  0.000000 0.000002 0.000000  0.000001 -0.000000 0.000000
111  15.264428 2.505456 49.565292  -0.015813 0.868860 -0.020712
112  11.481673 -0.000034 -0.000029  1.573178 -0.106616 0.044195
113  -0.000001 0.000004 0.000000  -0.000000 0.000000 0.000002
114  -0.000001 0.000000 0.000000  -0.000000 -0.000000 0.000000
115  -0.000001 0.000000 0.000000  0.000000 0.000000 0.000000
116  -7.723807 1.956140 58.484608  1.570796 -0.000000 0.000000
117  0.000000 0.000001 -0.000000  0.000000 -0.000000 0.000000
118  -14.952740 -17.686594 -0.395684  0.000001 -0.000000 0.000000
119  0.000000 9.000000 -0.000003  0.000000 -0.000000 0.000000
120  0.000000 0.000024 -0.000000  0.000000 -0.000000 0.000000
121  0.000000 -0.000021 -9.999999  0.000000 -0.000000 0.000000
122  0.000000 0.000002 0.000000  0.000001 -0.000000 0.000000
123  -15.264407 2.505418 49.565334  0.015813 2.272735 0.020712
124  11.481701 -0.000054 -0.000002  -1.564933 0.106603 0.044183
125  -0.000003 -0.000001 -0.000000  -0.000000 0.000000 -0.000003
126  0.000003 0.000001 -0.000000  -0.000000 -0.000000 -0.000000
127  0.000003 0.000001 0.000000  0.000000 0.000000 -0.000000
128  3.890447 -0.533611 38.566914  1.570796 -0.000000 0.000000
129  0.000000 -0.000000 0.000000  0.000000 -0.000000 0.000000
130  0.000000 -0.000002 -9.999999  0.000000 -0.000000 0.000000
131  0.000000 -0.000002 -0.000000  0.000000 -0.000000 0.000000
132  -3.890457 -0.533622 38.566921  1.570796 -0.000000 0.000000
133  0.000000 -0.000000 0.000000  0.000000 -0.000000 0.000000
134  0.000000 -0.000002 -9.999999  0.000000 -0.000000 0.000000
135  0.000000 -0.000002 -0.000000  0.000000 -0.000000 0.000000
time 69
0  0.000000 0.000000 0.000000  1.570796 -0.000000 0.000000
1  -0.889095 1.056373 36.138023  1.565189 0.014367 -0.664424
2  0.000000 0.000002 -0.000000  -0.000000 -0.000000 -0.000000
3  3.890453 -0.000002 -0.000002  -2.123101 -0.367026 -1.278358
4  17.848173 0.000002 -0.000001  0.000000 0.000000 0.725973
5  15.638505 -0.000000 -0.000001  0.045893 0.140260 -1.205386
6  7.109930 -0.000000 0.000001  -0.007119 -0.003131 -0.631738
7  -3.890452 0.000005 0.000007  -1.416056 -0.217437 -1.653309
8  17.848175 -0.000001 -0.000000  0.000000 0.000000 0.721356
9  15.638514 -0.000000 0.000000  0.028327 -0.072675 -1.418391
10  7.109929 -0.000001 -0.000000  -0.081154 -0.003131 -0.631749
11  -0.044716 2.528783 4.661500  -0.049486 -0.118966 0.043648
12  4.041916 4.954663 -8.467940  -0.000000 -0.392699 0.000000
13  -0.039059 3.345128 -2.981901  1.431658 0.083741 1.553773
14  4.018331 0.000000 -0.000000  -0.001989 -0.101138 0.194628
15  3.518562 -0.000001 0.000000  -0.022017 -0.070266 0.325173
16  8.942646 0.000003 0.000000  -0.058508 0.096572 0.196999
17  3.306648 -0.000001 0.000001  3.138800 0.000567 0.400476
18  3.593710 -0.000002 0.000002  0.553227 -0.099128 0.767341
19  2.033349 1.000770 1.101698  -0.612036 -1.616592 -1.139143
20  6.809417 0.000003 0.000002  -2.586803 -0.842092 -0.113280
21  12.391796 0.000002 -0.000003  0.000000 -0.000000 -1.549888
22  9.337076 0.000001 -0.000027  -0.002523 0.543608 0.633268
23  3.859700 -0.142424 -1.191957  -0.513267 0.072291 -1.288225
24  1.312561 -0.000005 0.000002  -0.163028 0.224047 -1.466962
25  0.729363 -0.000000 -0.000007  -0.068871 0.147979 -0.913117
26  3.942329 0.046745 -0.431423  -0.157261 0.007109 -0.685616
27  1.539097 0.000012 -0.000010  -0.068563 0.062695 -1.808644
28  1.196318 0.000003 0.000000  -0.005433 0.026725 -0.524005
29  4.454021 -0.070199 0.572072  0.095490 -0.008587 -0.706335
30  1.426596 -0.000004 -0.000001  0.055908 -0.087976 -1.504206
31  1.322461 0.000000 0.000001  0.009312 -0.033625 -0.575065
32  4.477063 -0.028575 1.582474  0.481653 -0.035390 -1.246096
33  1.344412 0.000003 -0.000003  0.023466 -0.208305 -0.755723
34  1.224675 0.000006 0.000004  0.026043 -0.124620 -0.538676
35  2.630323 -0.345014 1.907212  -0.354022 -0.915164 -1.788195
36  1.059294 -0.000002 0.000000  -0.001067 -0.012855 0.250988
37  0.781209 0.000002 -0.000003  -0.000096 -0.003210 0.062757
38  2.033355 1.000775 -1.101645  -0.032140 1.945342 -1.722203
39  6.809418 -0.000001 -0.000004  1.275367 1.128295 -0.788745
40  12.391795 0.000004 -0.000003  0.000000 -0.000000 -1.861713
41  9.337108 -0.000005 -0.000001  -0.848458 0.138852 0.531701
42  3.859663 -0.132557 1.193136  0.217767 -0.010340 -1.857608
43  1.312563 -0.000005 0.000003  0.044560 -0.180938 -0.876601
44  0.729361 -0.000000 0.000002  0.155228 -0.190276 -1.393021
45  3.942290 0.050340 0.431068  0.139630 -0.069408 -0.865173
46  1.539097 -0.000006 -0.000006  0.049426 -0.072767 -1.413300
47  1.196323 -0.000001 -0.000001  0.018371 -0.045481 -0.841346
48  4.453986 -0.073767 -0.571675  0.053020 -0.152782 -0.797788
49  1.426600 -0.000000 -0.000001  -0.054614 0.078890 -1.562566
50  1.322466 -0.000001 -0.000006  -0.013543 0.036886 -0.730486
51  4.477036 -0.043464 -1.581290  -0.328604 0.218540 0.169712
52  1.344417 -0.000001 -0.000003  -0.042653 0.220759 -0.851687
53  1.224670 0.000003 0.000010  0.008138 -0.002689 0.011348
54  2.630291 -0.359832 -1.904294  0.410503 0.428617 -0.714118
55  1.059290 -0.000001 0.000001  0.015508 0.039324 0.777502
56  0.781204 -0.000005 -0.000007  0.004902 0.022824 0.423951
57  4.069501 1.811269 4.279048  1.570796 -0.000000 0.000000
58  0.000000 -0.000000 -0.000000  0.000000 0.052360 0.000000
59  0.032300 -4.377938 -4.331139  -0.000000 -0.000000 0.000000
60  -0.002340 -4.618855 4.848104  -0.000000 0.000937 -0.001514
61  -0.000000 0.000000 -0.000000  0.000000 -0.000000 0.000000
62  -0.014019 -4.136677 -0.422642  0.000001 -0.000000 0.000000
63  0.014022 0.341392 9.682304  0.000000 0.000937 -0.001514
64  0.003298 0.000005 -3.521831  0.000000 -0.000000 -0.000000
65  -0.000369 3.795277 -5.737836  0.000000 -0.000000 0.000000
66  -0.000000 0.000000 0.000000  -0.000001 0.000000 0.000000
67  -0.000000 -0.000000 -0.000000  -0.000000 -0.000000 -0.000000
68  -0.000000 0.000000 -0.000000  -0.000000 0.000000 0.000000
69  0.000003 -3.795290 9.259664  -0.000000 0.000937 -0.001514
70  7.999999 0.000001 -0.000000  0.000001 -0.052360 -0.000000
71  -4.069616 1.811259 4.279059  1.570796 -0.000000 0.000000
72  0.000000 -0.000000 -0.000000  0.000000 -0.052360 0.000000
73  0.000003 -3.795289 9.259665  -0.001320 -0.008192 0.060729
74  0.000000 0.000000 0.000000  0.000000 0.000000 0.000000
75  0.014020 -4.136677 -0.422641  0.000001 0.000000 -0.000000
76  -0.014018 0.341393 9.682305  -0.000000 0.000937 -0.001514
77  0.003297 0.000005 -3.521831  0.000000 -0.000000 -0.000000
78  -0.000369 3.795275 -5.737837  0.000000 0.000000 0.000000
79  -0.000000 0.000000 0.000000  -0.000000 0.000000 0.000000
80  -0.000000 0.000000 -0.000000  -0.000000 -0.000000 -0.000000
81  0.000000 0.000000 0.000000  -0.000000 -0.000000 -0.000000
82  -0.062978 -4.612901 4.868224  -0.000000 0.000937 -0.001514
83  0.032300 -4.377938 -4.331139  -0.000000 0.000000 -0.000000
84  -8.000000 0.000001 0.000000  0.000001 0.052360 0.000000
85  0.000156 0.385903 39.987263  1.570796 -0.000000 0.000000
86  -0.000161 -1.420346 0.919518  0.000000 -0.000000 0.000000
87  0.000005 3.345128 -2.981901  1.570796 0.083187 1.570796
88  0.000000 -0.000000 -0.000000  0.000000 0.000000 0.000000
89  0.000003 0.000000 -0.000000  -0.000000 -0.000000 -0.003106
90  4.018316 -0.012484 -0.000000  -0.000000 -0.000000 -0.000000
91  0.000005 -0.000000 0.000000  -0.000000 0.000000 -0.032354
92  3.516729 -0.113802 -0.000000  0.000000 -0.000000 -0.000000
93  0.000002 -0.000000 0.000000  0.000000 0.000000 0.067981
94  8.921986 0.607517 -0.000001  -0.000000 -0.000000 -0.000000
95  -0.000000 -0.000000 0.000000  0.000000 0.000000 0.262078
96  3.194337 0.856892 -0.000000  0.000000 -0.000000 -0.000000
97  0.000001 0.000000 0.000000  3.141590 -0.000000 0.662566
98  2.833353 2.210629 -0.000000  0.000000 -0.000000 -0.000000
99  -0.000002 -0.000000 0.000000  3.141590 -0.000000 0.255978
100  1.704618 1.493419 1.937660  -1.544954 -1.855079 0.063449
101  -0.000001 0.000001 0.000000  0.000000 0.000000 0.000001
102  1.704624 1.493426 -1.937611  1.473111 1.855076 0.063436
103  -0.000003 0.000003 0.000001  0.000000 0.000000 -0.000001
104  7.723854 1.956159 58.484589  1.570796 -0.000000 0.000000
105  0.000000 0.000001 -0.000000  0.000000 -0.000000 0.000000
106  14.952688 -17.686636 -0.395722  0.000001 -0.000000 0.000000
107  0.000000 9.000000 -0.000003  0.000000 -0.000000 0.000000
108  0.000000 0.000001 -0.000000  0.000000 -0.000000 0.000000
109  0.000000 0.000002 -9.999998  0.000000 -0.000000 0.000000
110  0.000000 0.000002 0.000000  0.000001 -0.000000 0.000000
111  15.264428 2.505456 49.565292  -0.015813 0.868860 -0.020712
112  11.481673 -0.000034 -0.000029  1.573178 -0.106616 0.044195
113  -0.000001 0.000004 0.000000  -0.000000 0.000000 0.000002
114  -0.000001 0.000000 0.000000  -0.000000 -0.000000 0.000000
115  -0.000001 0.000000 0.000000  0.000000 0.000000 0.000000
116  -7.723807 1.956140 58.484608  1.570796 -0.000000 0.000000
117  0.000000 0.000001 -0.000000  0.000000 -0.000000 0.000000
118  -14.952740 -17.686594 -0.395684  0.000001 -0.000000 0.000000
119  0.000000 9.000000 -0.000003  0.000000 -0.000000 0.000000
120  0.000000 0.000024 -0.000000  0.000000 -0.000000 0.000000
121  0.000000 -0.000021 -9.999999  0.000000 -0.000000 0.000000
122  0.000000 0.000002 0.000000  0.000001 -0.000000 0.000000
123  -15.264407 2.505418 49.565334  0.015813 2.272735 0.020712
124  11.481701 -0.000054 -0.000002  -1.564933 0.106603 0.044183
125  -0.000003 -0.000001 -0.000000  -0.000000 0.000000 -0.000003
126  0.000003 0.000001 -0.000000  -0.000000 -0.000000 -0.000000
127  0.000003 0.000001 0.000000  0.000000 0.000000 -0.000000
128  3.890447 -0.533611 38.566914  1.570796 -0.000000 0.000000
129  0.000000 -0.000000 0.000000  0.000000 -0.000000 0.000000
130  0.000000 -0.000002 -9.999999  0.000000 -0.000000 0.000000
131  0.000000 -0.000002 -0.000000  0.000000 -0.000000 0.000000
132  -3.890457 -0.533622 38.566921  1.570796 -0.000000 0.000000
133  0.000000 -0.000000 0.000000  0.000000 -0.000000 0.000000
134  0.000000 -0.000002 -9.999999  0.000000 -0.000000 0.000000
135  0.000000 -0.000002 -0.000000  0.000000 -0.000000 0.000000
end
