version 1
nodes
  0 "Bip01" -1
  1 "Bip01 Pelvis" 0
  2 "Bip01 Spine" 1
  3 "Bip01 Spine1" 2
  4 "Bip01 Spine2" 3
  5 "Bip01 Spine3" 4
  6 "Bip01 Neck" 5
  7 "Bip01 Head" 6
  8 "Bip01 L Clavicle" 6
  9 "Bip01 L UpperArm" 8
  10 "Bip01 L Forearm" 9
  11 "Bip01 L Hand" 10
  12 "Bip01 L Finger0" 11
  13 "Bip01 L Finger01" 12
  14 "Bip01 L Finger02" 13
  15 "Bip01 L Finger1" 11
  16 "Bip01 L Finger11" 15
  17 "Bip01 L Finger12" 16
  18 "Bip01 L Finger2" 11
  19 "Bip01 L Finger21" 18
  20 "Bip01 L Finger22" 19
  21 "Bip01 L Finger3" 11
  22 "Bip01 L Finger31" 21
  23 "Bip01 L Finger32" 22
  24 "Bip01 L Finger4" 11
  25 "Bip01 L Finger41" 24
  26 "Bip01 L Finger42" 25
  27 "Bip01 R Clavicle" 6
  28 "Bip01 R UpperArm" 27
  29 "Bip01 R Forearm" 28
  30 "Bip01 R Hand" 29
  31 "Bip01 R Finger0" 30
  32 "Bip01 R Finger01" 31
  33 "Bip01 R Finger02" 32
  34 "Bip01 R Finger1" 30
  35 "Bip01 R Finger11" 34
  36 "Bip01 R Finger12" 35
  37 "Bip01 R Finger2" 30
  38 "Bip01 R Finger21" 37
  39 "Bip01 R Finger22" 38
  40 "Bip01 R Finger3" 30
  41 "Bip01 R Finger31" 40
  42 "Bip01 R Finger32" 41
  43 "Bip01 R Finger4" 30
  44 "Bip01 R Finger41" 43
  45 "Bip01 R Finger42" 44
  46 "Bip01 L Thigh" 2
  47 "Bip01 L Calf" 46
  48 "Bip01 L Foot" 47
  49 "Bip01 L Toe0" 48
  50 "Bip01 L Toe01" 49
  51 "Bip01 L Toe02" 50
  52 "Bip01 R Thigh" 2
  53 "Bip01 R Calf" 52
  54 "Bip01 R Foot" 53
  55 "Bip01 R Toe0" 54
  56 "Bip01 R Toe01" 55
  57 "Bip01 R Toe02" 56
end
skeleton
time 0
    0 0.457570 -0.001447 40.512211 0.000000 0.000000 -1.570873
    1 3.040530 0.000000 0.000000 0.000000 -1.570451 -1.570795
    2 3.181566 -0.002997 0.000004 -0.000004 -0.000001 -0.060239
    3 4.102057 -0.002452 0.000000 0.000000 0.000000 -0.226776
    4 3.357355 -0.003973 0.000000 0.000000 0.000000 0.235517
    5 5.440810 -0.004970 0.000000 0.000000 0.000000 -0.104720
    6 6.839761 -0.002705 0.000000 0.000000 -0.000001 0.261799
    7 3.833326 0.000000 0.000000 0.000000 0.000000 -0.131700
    8 0.000001 0.002796 2.165678 -0.256568 -1.292311 3.126085
    9 6.518988 0.000000 -0.000004 -0.513654 0.450546 -1.329837
    10 10.891676 0.000000 0.000001 0.000000 0.000000 -2.057797
    11 12.116157 0.000000 -0.000001 -1.569969 -0.000029 -0.000005
    12 1.399126 -0.408384 -0.127036 1.282531 0.846341 0.949452
    13 1.234131 0.000002 0.000000 0.000000 0.000000 0.000011
    14 2.076791 0.000003 -0.000001 0.000000 0.000000 -0.000014
    15 4.438628 -0.105114 -0.962095 0.082971 0.375337 0.225050
    16 1.215543 0.000000 0.000001 0.000000 0.000000 0.000012
    17 1.106103 -0.000003 0.000000 0.000000 0.000000 0.000011
    18 4.642072 0.003371 -0.025598 0.042639 0.132999 0.316944
    19 1.421389 0.000001 0.000000 0.000000 0.000000 0.000015
    20 1.291107 0.000003 0.000000 0.000000 0.000000 0.000014
    21 4.564404 -0.033134 0.853965 -0.101779 -0.144534 0.317583
    22 1.361412 0.000001 0.000000 0.000000 0.000000 0.000009
    23 1.215544 0.000007 0.000000 0.000000 0.000000 0.000011
    24 4.472663 0.176448 1.675588 -0.127057 -0.401833 0.285068
    25 1.013607 -0.000002 0.000000 0.000000 0.000000 0.000009
    26 0.921099 -0.000002 0.000000 0.000000 0.000000 0.000011
    27 0.000002 0.002806 -2.165678 0.536134 1.259557 -2.889417
    28 6.518987 0.000000 -0.000002 0.505390 -0.306771 -1.146657
    29 9.073793 0.000000 0.000004 0.000000 0.000000 -2.476458
    30 13.070011 0.000000 -0.000001 1.569990 0.165711 -0.000020
    31 1.502634 -0.342846 0.123261 -1.282531 -0.846341 0.949452
    32 1.234130 -0.000002 0.000000 0.000000 0.000000 0.000011
    33 2.076793 0.000003 0.000001 0.000000 0.000000 -0.000015
    34 4.820446 -0.146769 1.069303 -0.082971 -0.375337 0.225050
    35 1.215543 0.000004 0.000002 0.000000 0.000000 0.000002
    36 1.106106 0.000002 0.000000 0.000000 0.000000 0.000006
    37 5.043205 0.010513 0.155390 -0.042639 -0.132999 0.316944
    38 1.421389 -0.000003 0.000001 0.000000 0.000000 0.000002
    39 1.291110 0.000005 0.000000 0.000000 0.000000 0.000023
    40 4.954887 -0.043327 -0.744707 0.101779 0.144534 0.317583
    41 1.361411 0.000002 0.000000 0.000000 0.000000 0.000003
    42 1.215542 -0.000001 0.000000 0.000000 0.000000 0.000025
    43 4.865873 0.262699 -1.527992 0.127057 0.401833 0.285068
    44 1.013604 -0.000004 0.000000 0.000000 0.000000 0.000003
    45 0.921102 0.000003 0.000000 0.000000 0.000000 0.000006
    46 -3.173751 -0.186098 4.111161 2.927612 -0.079123 2.928921
    47 19.802338 0.000000 0.000000 0.000000 0.000000 -0.681551
    48 17.019930 0.000000 0.000000 0.190448 0.126257 -0.255773
    49 5.810487 3.210543 0.000000 0.000000 0.000000 1.605703
    50 1.666933 0.000000 0.000000 0.000000 0.000000 0.000008
    51 1.666934 0.000000 0.000000 0.000000 0.000000 0.000000
    52 -3.173751 -0.186078 -4.111161 -3.065607 0.084891 3.039645
    53 19.802338 0.000000 0.000000 0.000000 0.000000 -1.145370
    54 17.019927 0.000000 0.000000 -0.106938 -0.039225 -0.047232
    55 5.810486 3.210544 0.000000 0.000000 0.000000 1.605703
    56 1.666933 0.000000 0.000000 0.000000 0.000000 0.000008
    57 1.666934 0.000000 0.000000 0.000000 0.000000 0.000000
time 1
    0 0.457570 -0.001447 40.512211 0.000000 0.000000 -1.570873
    1 3.036624 -0.246101 0.000000 0.000000 -1.570451 -1.570795
    2 3.181566 -0.002997 0.000004 -0.000004 -0.000001 -0.060239
    3 4.102057 -0.002452 0.000000 -0.000024 -0.039094 -0.226776
    4 3.357355 -0.003973 0.000000 -0.000072 -0.019211 0.236488
    5 5.440810 -0.004970 0.000000 0.000000 0.000000 -0.104720
    6 6.839761 -0.002705 0.000000 0.000000 -0.000001 0.261799
    7 3.833326 0.000000 0.000000 0.010636 0.056962 -0.132467
    8 0.000001 0.002796 2.165678 -0.256568 -1.292311 3.126085
    9 6.518988 0.000000 -0.000004 -0.481637 0.443790 -1.242780
    10 10.891676 0.000000 0.000001 0.000000 0.000000 -2.092599
    11 12.116157 0.000000 -0.000001 -1.569969 -0.000029 -0.000005
    12 1.399126 -0.408384 -0.127036 1.282531 0.846341 0.949452
    13 1.234131 0.000002 0.000000 0.000000 0.000000 0.000011
    14 2.076791 0.000003 -0.000001 0.000000 0.000000 -0.000014
    15 4.438628 -0.105114 -0.962095 0.082971 0.375337 0.225050
    16 1.215543 0.000000 0.000001 0.000000 0.000000 0.000012
    17 1.106103 -0.000003 0.000000 0.000000 0.000000 0.000011
    18 4.642072 0.003371 -0.025598 0.042639 0.132999 0.316944
    19 1.421389 0.000001 0.000000 0.000000 0.000000 0.000015
    20 1.291107 0.000003 0.000000 0.000000 0.000000 0.000014
    21 4.564404 -0.033134 0.853965 -0.101779 -0.144534 0.317583
    22 1.361412 0.000001 0.000000 0.000000 0.000000 0.000009
    23 1.215544 0.000007 0.000000 0.000000 0.000000 0.000011
    24 4.472663 0.176448 1.675588 -0.127057 -0.401833 0.285068
    25 1.013607 -0.000002 0.000000 0.000000 0.000000 0.000009
    26 0.921099 -0.000002 0.000000 0.000000 0.000000 0.000011
    27 0.000002 0.002806 -2.165678 0.536134 1.259557 -2.889417
    28 6.518987 0.000000 -0.000002 0.510913 -0.381142 -1.090726
    29 9.073793 0.000000 0.000004 0.000000 0.000000 -2.522068
    30 13.070011 0.000000 -0.000001 1.569990 0.165711 -0.000020
    31 1.502634 -0.342846 0.123261 -1.282531 -0.846341 0.949452
    32 1.234130 -0.000002 0.000000 0.000000 0.000000 0.000011
    33 2.076793 0.000003 0.000001 0.000000 0.000000 -0.000015
    34 4.820446 -0.146769 1.069303 -0.082971 -0.375337 0.225050
    35 1.215543 0.000004 0.000002 0.000000 0.000000 0.000002
    36 1.106106 0.000002 0.000000 0.000000 0.000000 0.000006
    37 5.043205 0.010513 0.155390 -0.042639 -0.132999 0.316944
    38 1.421389 -0.000003 0.000001 0.000000 0.000000 0.000002
    39 1.291110 0.000005 0.000000 0.000000 0.000000 0.000023
    40 4.954887 -0.043327 -0.744707 0.101779 0.144534 0.317583
    41 1.361411 0.000002 0.000000 0.000000 0.000000 0.000003
    42 1.215542 -0.000001 0.000000 0.000000 0.000000 0.000025
    43 4.865873 0.262699 -1.527992 0.127057 0.401833 0.285068
    44 1.013604 -0.000004 0.000000 0.000000 0.000000 0.000003
    45 0.921102 0.000003 0.000000 0.000000 0.000000 0.000006
    46 -3.173751 -0.186098 4.111161 2.931111 -0.115555 2.837171
    47 19.802338 0.000000 0.000000 0.000000 0.000000 -0.681269
    48 17.019930 0.000000 0.000000 0.232175 0.060352 -0.136428
    49 5.810487 3.210543 0.000000 0.000000 0.000000 1.605703
    50 1.666933 0.000000 0.000000 0.000000 0.000000 0.000008
    51 1.666934 0.000000 0.000000 0.000000 0.000000 0.000000
    52 -3.173751 -0.186078 -4.111161 -3.001711 0.081396 3.132657
    53 19.802338 0.000000 0.000000 0.000000 0.000000 -1.132941
    54 17.019927 0.000000 0.000000 -0.118417 -0.110382 -0.143322
    55 5.810486 3.210544 0.000000 0.000000 0.000000 1.605703
    56 1.666933 0.000000 0.000000 0.000000 0.000000 0.000008
    57 1.666934 0.000000 0.000000 0.000000 0.000000 0.000000
time 2
    0 0.457570 -0.001447 40.512211 0.000000 0.000000 -1.570873
    1 3.024905 -0.535173 0.000000 0.000000 -1.570451 -1.570795
    2 3.181566 -0.002997 0.000004 -0.000004 -0.000001 -0.060239
    3 4.102057 -0.002452 0.000000 -0.000060 -0.084983 -0.226776
    4 3.357355 -0.003973 0.000000 -0.000264 -0.042294 0.238621
    5 5.440810 -0.004970 0.000000 0.000000 0.000000 -0.104720
    6 6.839761 -0.002705 0.000000 0.000000 -0.000001 0.261799
    7 3.833326 0.000000 0.000000 0.023276 0.124352 -0.133786
    8 0.000001 0.002796 2.165678 -0.256568 -1.292311 3.126085
    9 6.518988 0.000000 -0.000004 -0.449557 0.424520 -1.149184
    10 10.891676 0.000000 0.000001 0.000000 0.000000 -2.129789
    11 12.116157 0.000000 -0.000001 -1.569969 -0.000029 -0.000005
    12 1.399126 -0.408384 -0.127036 1.282531 0.846341 0.949452
    13 1.234131 0.000002 0.000000 0.000000 0.000000 0.000011
    14 2.076791 0.000003 -0.000001 0.000000 0.000000 -0.000014
    15 4.438628 -0.105114 -0.962095 0.082971 0.375337 0.225050
    16 1.215543 0.000000 0.000001 0.000000 0.000000 0.000012
    17 1.106103 -0.000003 0.000000 0.000000 0.000000 0.000011
    18 4.642072 0.003371 -0.025598 0.042639 0.132999 0.316944
    19 1.421389 0.000001 0.000000 0.000000 0.000000 0.000015
    20 1.291107 0.000003 0.000000 0.000000 0.000000 0.000014
    21 4.564404 -0.033134 0.853965 -0.101779 -0.144534 0.317583
    22 1.361412 0.000001 0.000000 0.000000 0.000000 0.000009
    23 1.215544 0.000007 0.000000 0.000000 0.000000 0.000011
    24 4.472663 0.176448 1.675588 -0.127057 -0.401833 0.285068
    25 1.013607 -0.000002 0.000000 0.000000 0.000000 0.000009
    26 0.921099 -0.000002 0.000000 0.000000 0.000000 0.000011
    27 0.000002 0.002806 -2.165678 0.536134 1.259557 -2.889417
    28 6.518987 0.000000 -0.000002 0.509547 -0.470692 -1.028995
    29 9.073793 0.000000 0.000004 0.000000 0.000000 -2.575097
    30 13.070011 0.000000 -0.000001 1.569990 0.165711 -0.000020
    31 1.502634 -0.342846 0.123261 -1.282531 -0.846341 0.949452
    32 1.234130 -0.000002 0.000000 0.000000 0.000000 0.000011
    33 2.076793 0.000003 0.000001 0.000000 0.000000 -0.000015
    34 4.820446 -0.146769 1.069303 -0.082971 -0.375337 0.225050
    35 1.215543 0.000004 0.000002 0.000000 0.000000 0.000002
    36 1.106106 0.000002 0.000000 0.000000 0.000000 0.000006
    37 5.043205 0.010513 0.155390 -0.042639 -0.132999 0.316944
    38 1.421389 -0.000003 0.000001 0.000000 0.000000 0.000002
    39 1.291110 0.000005 0.000000 0.000000 0.000000 0.000023
    40 4.954887 -0.043327 -0.744707 0.101779 0.144534 0.317583
    41 1.361411 0.000002 0.000000 0.000000 0.000000 0.000003
    42 1.215542 -0.000001 0.000000 0.000000 0.000000 0.000025
    43 4.865873 0.262699 -1.527992 0.127057 0.401833 0.285068
    44 1.013604 -0.000004 0.000000 0.000000 0.000000 0.000003
    45 0.921102 0.000003 0.000000 0.000000 0.000000 0.000006
    46 -3.173751 -0.186098 4.111161 2.939657 -0.150431 2.727109
    47 19.802338 0.000000 0.000000 0.000000 0.000000 -0.699734
    48 17.019930 0.000000 0.000000 0.255666 -0.026482 -0.012959
    49 5.810487 3.210543 0.000000 0.000000 0.000000 1.605703
    50 1.666933 0.000000 0.000000 0.000000 0.000000 0.000008
    51 1.666934 0.000000 0.000000 0.000000 0.000000 0.000000
    52 -3.173751 -0.186078 -4.111161 -2.936352 0.063647 3.237003
    53 19.802338 0.000000 0.000000 0.000000 0.000000 -1.105582
    54 17.019927 0.000000 0.000000 -0.104196 -0.188128 -0.258347
    55 5.810486 3.210544 0.000000 0.000000 0.000000 1.605703
    56 1.666933 0.000000 0.000000 0.000000 0.000000 0.000008
    57 1.666934 0.000000 0.000000 0.000000 0.000000 0.000000
time 3
    0 0.457570 -0.001447 40.512211 0.000000 0.000000 -1.570873
    1 3.005373 -0.824244 0.000000 0.000000 -1.570451 -1.570795
    2 3.181566 -0.002997 0.000004 -0.000004 -0.000001 -0.060239
    3 4.102057 -0.002452 0.000000 -0.000096 -0.130872 -0.226776
    4 3.357355 -0.003973 0.000000 -0.000503 -0.065364 0.240766
    5 5.440810 -0.004970 0.000000 0.000000 0.000000 -0.104720
    6 6.839761 -0.002705 0.000000 0.000000 -0.000001 0.261799
    7 3.833326 0.000000 0.000000 0.036018 0.191742 -0.134467
    8 0.000001 0.002796 2.165678 -0.256568 -1.292311 3.126085
    9 6.518988 0.000000 -0.000004 -0.423344 0.397951 -1.058992
    10 10.891676 0.000000 0.000001 0.000000 0.000000 -2.166978
    11 12.116157 0.000000 -0.000001 -1.569969 -0.000029 -0.000005
    12 1.399126 -0.408384 -0.127036 1.282531 0.846341 0.949452
    13 1.234131 0.000002 0.000000 0.000000 0.000000 0.000011
    14 2.076791 0.000003 -0.000001 0.000000 0.000000 -0.000014
    15 4.438628 -0.105114 -0.962095 0.082971 0.375337 0.225050
    16 1.215543 0.000000 0.000001 0.000000 0.000000 0.000012
    17 1.106103 -0.000003 0.000000 0.000000 0.000000 0.000011
    18 4.642072 0.003371 -0.025598 0.042639 0.132999 0.316944
    19 1.421389 0.000001 0.000000 0.000000 0.000000 0.000015
    20 1.291107 0.000003 0.000000 0.000000 0.000000 0.000014
    21 4.564404 -0.033134 0.853965 -0.101779 -0.144534 0.317583
    22 1.361412 0.000001 0.000000 0.000000 0.000000 0.000009
    23 1.215544 0.000007 0.000000 0.000000 0.000000 0.000011
    24 4.472663 0.176448 1.675588 -0.127057 -0.401833 0.285068
    25 1.013607 -0.000002 0.000000 0.000000 0.000000 0.000009
    26 0.921099 -0.000002 0.000000 0.000000 0.000000 0.000011
    27 0.000002 0.002806 -2.165678 0.536134 1.259557 -2.889417
    28 6.518987 0.000000 -0.000002 0.498856 -0.562851 -0.967792
    29 9.073793 0.000000 0.000004 0.000000 0.000000 -2.628125
    30 13.070011 0.000000 -0.000001 1.569990 0.165711 -0.000020
    31 1.502634 -0.342846 0.123261 -1.282531 -0.846341 0.949452
    32 1.234130 -0.000002 0.000000 0.000000 0.000000 0.000011
    33 2.076793 0.000003 0.000001 0.000000 0.000000 -0.000015
    34 4.820446 -0.146769 1.069303 -0.082971 -0.375337 0.225050
    35 1.215543 0.000004 0.000002 0.000000 0.000000 0.000002
    36 1.106106 0.000002 0.000000 0.000000 0.000000 0.000006
    37 5.043205 0.010513 0.155390 -0.042639 -0.132999 0.316944
    38 1.421389 -0.000003 0.000001 0.000000 0.000000 0.000002
    39 1.291110 0.000005 0.000000 0.000000 0.000000 0.000023
    40 4.954887 -0.043327 -0.744707 0.101779 0.144534 0.317583
    41 1.361411 0.000002 0.000000 0.000000 0.000000 0.000003
    42 1.215542 -0.000001 0.000000 0.000000 0.000000 0.000025
    43 4.865873 0.262699 -1.527992 0.127057 0.401833 0.285068
    44 1.013604 -0.000004 0.000000 0.000000 0.000000 0.000003
    45 0.921102 0.000003 0.000000 0.000000 0.000000 0.000006
    46 -3.173751 -0.186098 4.111161 2.952151 -0.184110 2.615609
    47 19.802338 0.000000 0.000000 0.000000 0.000000 -0.719326
    48 17.019930 0.000000 0.000000 0.258675 -0.116740 0.110330
    49 5.810487 3.210543 0.000000 0.000000 0.000000 1.605703
    50 1.666933 0.000000 0.000000 0.000000 0.000000 0.000008
    51 1.666934 0.000000 0.000000 0.000000 0.000000 0.000000
    52 -3.173751 -0.186078 -4.111161 -2.873214 0.039325 3.339878
    53 19.802338 0.000000 0.000000 0.000000 0.000000 -1.078222
    54 17.019927 0.000000 0.000000 -0.069736 -0.262273 -0.376634
    55 5.810486 3.210544 0.000000 0.000000 0.000000 1.605703
    56 1.666933 0.000000 0.000000 0.000000 0.000000 0.000008
    57 1.666934 0.000000 0.000000 0.000000 0.000000 0.000000
time 4
    0 0.457570 -0.001447 40.512211 0.000000 0.000000 -1.570873
    1 2.989748 -1.066439 0.000000 0.000000 -1.570451 -1.570795
    2 3.181566 -0.002997 0.000004 -0.000004 -0.000001 -0.060239
    3 4.102057 -0.002452 0.000000 -0.000132 -0.169965 -0.226764
    4 3.357355 -0.003973 0.000000 -0.000659 -0.084575 0.241749
    5 5.440810 -0.004970 0.000000 0.000000 0.000000 -0.104720
    6 6.839761 -0.002705 0.000000 0.000000 -0.000001 0.261799
    7 3.833326 0.000000 0.000000 0.047035 0.248681 -0.133701
    8 0.000001 0.002796 2.165678 -0.256568 -1.292311 3.126085
    9 6.518988 0.000000 -0.000004 -0.404995 0.372514 -0.979500
    10 10.891676 0.000000 0.000001 0.000000 0.000000 -2.201780
    11 12.116157 0.000000 -0.000001 -1.569969 -0.000029 -0.000005
    12 1.399126 -0.408384 -0.127036 1.282531 0.846341 0.949452
    13 1.234131 0.000002 0.000000 0.000000 0.000000 0.000011
    14 2.076791 0.000003 -0.000001 0.000000 0.000000 -0.000014
    15 4.438628 -0.105114 -0.962095 0.082971 0.375337 0.225050
    16 1.215543 0.000000 0.000001 0.000000 0.000000 0.000012
    17 1.106103 -0.000003 0.000000 0.000000 0.000000 0.000011
    18 4.642072 0.003371 -0.025598 0.042639 0.132999 0.316944
    19 1.421389 0.000001 0.000000 0.000000 0.000000 0.000015
    20 1.291107 0.000003 0.000000 0.000000 0.000000 0.000014
    21 4.564404 -0.033134 0.853965 -0.101779 -0.144534 0.317583
    22 1.361412 0.000001 0.000000 0.000000 0.000000 0.000009
    23 1.215544 0.000007 0.000000 0.000000 0.000000 0.000011
    24 4.472663 0.176448 1.675588 -0.127057 -0.401833 0.285068
    25 1.013607 -0.000002 0.000000 0.000000 0.000000 0.000009
    26 0.921099 -0.000002 0.000000 0.000000 0.000000 0.000011
    27 0.000002 0.002806 -2.165678 0.536134 1.259557 -2.889417
    28 6.518987 0.000000 -0.000002 0.480563 -0.643673 -0.912282
    29 9.073793 0.000000 0.000004 0.000000 0.000000 -2.673735
    30 13.070011 0.000000 -0.000001 1.569990 0.165711 -0.000020
    31 1.502634 -0.342846 0.123261 -1.282531 -0.846341 0.949452
    32 1.234130 -0.000002 0.000000 0.000000 0.000000 0.000011
    33 2.076793 0.000003 0.000001 0.000000 0.000000 -0.000015
    34 4.820446 -0.146769 1.069303 -0.082971 -0.375337 0.225050
    35 1.215543 0.000004 0.000002 0.000000 0.000000 0.000002
    36 1.106106 0.000002 0.000000 0.000000 0.000000 0.000006
    37 5.043205 0.010513 0.155390 -0.042639 -0.132999 0.316944
    38 1.421389 -0.000003 0.000001 0.000000 0.000000 0.000002
    39 1.291110 0.000005 0.000000 0.000000 0.000000 0.000023
    40 4.954887 -0.043327 -0.744707 0.101779 0.144534 0.317583
    41 1.361411 0.000002 0.000000 0.000000 0.000000 0.000003
    42 1.215542 -0.000001 0.000000 0.000000 0.000000 0.000025
    43 4.865873 0.262699 -1.527992 0.127057 0.401833 0.285068
    44 1.013604 -0.000004 0.000000 0.000000 0.000000 0.000003
    45 0.921102 0.000003 0.000000 0.000000 0.000000 0.000006
    46 -3.173751 -0.186098 4.111161 2.967070 -0.217848 2.514367
    47 19.802338 0.000000 0.000000 0.000000 0.000000 -0.728276
    48 17.019930 0.000000 0.000000 0.246679 -0.190872 0.218930
    49 5.810487 3.210543 0.000000 0.000000 0.000000 1.605703
    50 1.666933 0.000000 0.000000 0.000000 0.000000 0.000008
    51 1.666934 0.000000 0.000000 0.000000 0.000000 0.000000
    52 -3.173751 -0.186078 -4.111161 -2.813816 0.017943 3.430034
    53 19.802338 0.000000 0.000000 0.000000 0.000000 -1.065793
    54 17.019927 0.000000 0.000000 -0.025888 -0.327291 -0.480312
    55 5.810486 3.210544 0.000000 0.000000 0.000000 1.605703
    56 1.666933 0.000000 0.000000 0.000000 0.000000 0.000008
    57 1.666934 0.000000 0.000000 0.000000 0.000000 0.000000
time 5
    0 0.457570 -0.001447 40.512211 0.000000 0.000000 -1.570873
    1 2.985841 -1.218787 0.000000 0.000000 -1.570451 -1.570795
    2 3.181566 -0.002997 0.000004 -0.000004 -0.000001 -0.060239
    3 4.102057 -0.002452 0.000000 -0.000156 -0.195481 -0.226764
    4 3.357355 -0.003973 0.000000 -0.000563 -0.096056 0.240395
    5 5.440810 -0.004970 0.000000 0.000000 0.000000 -0.104720
    6 6.839761 -0.002705 0.000000 0.000000 -0.000001 0.261799
    7 3.833326 0.000000 0.000000 0.054287 0.284765 -0.130977
    8 0.000001 0.002796 2.165678 -0.256568 -1.292311 3.126085
    9 6.518988 0.000000 -0.000004 -0.393074 0.358549 -0.915572
    10 10.891676 0.000000 0.000001 0.000000 0.000000 -2.231715
    11 12.116157 0.000000 -0.000001 -1.569969 -0.000029 -0.000005
    12 1.399126 -0.408384 -0.127036 1.282531 0.846341 0.949452
    13 1.234131 0.000002 0.000000 0.000000 0.000000 0.000011
    14 2.076791 0.000003 -0.000001 0.000000 0.000000 -0.000014
    15 4.438628 -0.105114 -0.962095 0.082971 0.375337 0.225050
    16 1.215543 0.000000 0.000001 0.000000 0.000000 0.000012
    17 1.106103 -0.000003 0.000000 0.000000 0.000000 0.000011
    18 4.642072 0.003371 -0.025598 0.042639 0.132999 0.316944
    19 1.421389 0.000001 0.000000 0.000000 0.000000 0.000015
    20 1.291107 0.000003 0.000000 0.000000 0.000000 0.000014
    21 4.564404 -0.033134 0.853965 -0.101779 -0.144534 0.317583
    22 1.361412 0.000001 0.000000 0.000000 0.000000 0.000009
    23 1.215544 0.000007 0.000000 0.000000 0.000000 0.000011
    24 4.472663 0.176448 1.675588 -0.127057 -0.401833 0.285068
    25 1.013607 -0.000002 0.000000 0.000000 0.000000 0.000009
    26 0.921099 -0.000002 0.000000 0.000000 0.000000 0.000011
    27 0.000002 0.002806 -2.165678 0.536134 1.259557 -2.889417
    28 6.518987 0.000000 -0.000002 0.461320 -0.698788 -0.868950
    29 9.073793 0.000000 0.000004 0.000000 0.000000 -2.704508
    30 13.070011 0.000000 -0.000001 1.569990 0.165711 -0.000020
    31 1.502634 -0.342846 0.123261 -1.282531 -0.846341 0.949452
    32 1.234130 -0.000002 0.000000 0.000000 0.000000 0.000011
    33 2.076793 0.000003 0.000001 0.000000 0.000000 -0.000015
    34 4.820446 -0.146769 1.069303 -0.082971 -0.375337 0.225050
    35 1.215543 0.000004 0.000002 0.000000 0.000000 0.000002
    36 1.106106 0.000002 0.000000 0.000000 0.000000 0.000006
    37 5.043205 0.010513 0.155390 -0.042639 -0.132999 0.316944
    38 1.421389 -0.000003 0.000001 0.000000 0.000000 0.000002
    39 1.291110 0.000005 0.000000 0.000000 0.000000 0.000023
    40 4.954887 -0.043327 -0.744707 0.101779 0.144534 0.317583
    41 1.361411 0.000002 0.000000 0.000000 0.000000 0.000003
    42 1.215542 -0.000001 0.000000 0.000000 0.000000 0.000025
    43 4.865873 0.262699 -1.527992 0.127057 0.401833 0.285068
    44 1.013604 -0.000004 0.000000 0.000000 0.000000 0.000003
    45 0.921102 0.000003 0.000000 0.000000 0.000000 0.000006
    46 -3.173751 -0.186098 4.111161 2.982513 -0.253472 2.434121
    47 19.802338 0.000000 0.000000 0.000000 0.000000 -0.715802
    48 17.019930 0.000000 0.000000 0.233238 -0.233000 0.294466
    49 5.810487 3.210543 0.000000 0.000000 0.000000 1.605703
    50 1.666933 0.000000 0.000000 0.000000 0.000000 0.000008
    51 1.666934 0.000000 0.000000 0.000000 0.000000 0.000000
    52 -3.173751 -0.186078 -4.111161 -2.757507 0.010331 3.497262
    53 19.802338 0.000000 0.000000 0.000000 0.000000 -1.083225
    54 17.019927 0.000000 0.000000 0.012638 -0.384020 -0.548888
    55 5.810486 3.210544 0.000000 0.000000 0.000000 1.605703
    56 1.666933 0.000000 0.000000 0.000000 0.000000 0.000008
    57 1.666934 0.000000 0.000000 0.000000 0.000000 0.000000
time 6
    0 0.457570 -0.001447 40.512211 0.000000 0.000000 -1.570873
    1 2.997560 -1.242225 0.000000 0.000000 -1.570451 -1.570795
    2 3.181566 -0.002997 0.000004 -0.000004 -0.000001 -0.060239
    3 4.102057 -0.002452 0.000000 -0.000156 -0.200598 -0.226764
    4 3.357355 -0.003973 0.000000 -0.000072 -0.095937 0.235517
    5 5.440810 -0.004970 0.000000 0.000000 0.000000 -0.104720
    6 6.839761 -0.002705 0.000000 0.000000 -0.000001 0.261799
    7 3.833326 0.000000 0.000000 0.055668 0.289567 -0.125826
    8 0.000001 0.002796 2.165678 -0.256568 -1.292311 3.126085
    9 6.518988 0.000000 -0.000004 -0.384025 0.366756 -0.871206
    10 10.891676 0.000000 0.000001 0.000000 0.000000 -2.254304
    11 12.116157 0.000000 -0.000001 -1.569969 -0.000029 -0.000005
    12 1.399126 -0.408384 -0.127036 1.282531 0.846341 0.949452
    13 1.234131 0.000002 0.000000 0.000000 0.000000 0.000011
    14 2.076791 0.000003 -0.000001 0.000000 0.000000 -0.000014
    15 4.438628 -0.105114 -0.962095 0.082971 0.375337 0.225050
    16 1.215543 0.000000 0.000001 0.000000 0.000000 0.000012
    17 1.106103 -0.000003 0.000000 0.000000 0.000000 0.000011
    18 4.642072 0.003371 -0.025598 0.042639 0.132999 0.316944
    19 1.421389 0.000001 0.000000 0.000000 0.000000 0.000015
    20 1.291107 0.000003 0.000000 0.000000 0.000000 0.000014
    21 4.564404 -0.033134 0.853965 -0.101779 -0.144534 0.317583
    22 1.361412 0.000001 0.000000 0.000000 0.000000 0.000009
    23 1.215544 0.000007 0.000000 0.000000 0.000000 0.000011
    24 4.472663 0.176448 1.675588 -0.127057 -0.401833 0.285068
    25 1.013607 -0.000002 0.000000 0.000000 0.000000 0.000009
    26 0.921099 -0.000002 0.000000 0.000000 0.000000 0.000011
    27 0.000002 0.002806 -2.165678 0.536134 1.259557 -2.889417
    28 6.518987 0.000000 -0.000002 0.451044 -0.714487 -0.846756
    29 9.073793 0.000000 0.000004 0.000000 0.000000 -2.713117
    30 13.070011 0.000000 -0.000001 1.569990 0.165711 -0.000020
    31 1.502634 -0.342846 0.123261 -1.282531 -0.846341 0.949452
    32 1.234130 -0.000002 0.000000 0.000000 0.000000 0.000011
    33 2.076793 0.000003 0.000001 0.000000 0.000000 -0.000015
    34 4.820446 -0.146769 1.069303 -0.082971 -0.375337 0.225050
    35 1.215543 0.000004 0.000002 0.000000 0.000000 0.000002
    36 1.106106 0.000002 0.000000 0.000000 0.000000 0.000006
    37 5.043205 0.010513 0.155390 -0.042639 -0.132999 0.316944
    38 1.421389 -0.000003 0.000001 0.000000 0.000000 0.000002
    39 1.291110 0.000005 0.000000 0.000000 0.000000 0.000023
    40 4.954887 -0.043327 -0.744707 0.101779 0.144534 0.317583
    41 1.361411 0.000002 0.000000 0.000000 0.000000 0.000003
    42 1.215542 -0.000001 0.000000 0.000000 0.000000 0.000025
    43 4.865873 0.262699 -1.527992 0.127057 0.401833 0.285068
    44 1.013604 -0.000004 0.000000 0.000000 0.000000 0.000003
    45 0.921102 0.000003 0.000000 0.000000 0.000000 0.000006
    46 -3.173751 -0.186098 4.111161 2.995957 -0.293228 2.385993
    47 19.802338 0.000000 0.000000 0.000000 0.000000 -0.671121
    48 17.019930 0.000000 0.000000 0.235886 -0.232547 0.314978
    49 5.810487 3.210543 0.000000 0.000000 0.000000 1.605703
    50 1.666933 0.000000 0.000000 0.000000 0.000000 0.000008
    51 1.666934 0.000000 0.000000 0.000000 0.000000 0.000000
    52 -3.173751 -0.186078 -4.111161 -2.703258 0.027873 3.532563
    53 19.802338 0.000000 0.000000 0.000000 0.000000 -1.145370
    54 17.019927 0.000000 0.000000 0.029368 -0.438293 -0.560163
    55 5.810486 3.210544 0.000000 0.000000 0.000000 1.605703
    56 1.666933 0.000000 0.000000 0.000000 0.000000 0.000008
    57 1.666934 0.000000 0.000000 0.000000 0.000000 0.000000
time 7
    0 0.457570 -0.001447 40.512211 0.000000 0.000000 -1.570873
    1 3.032718 -1.136753 0.000000 0.000000 -1.570451 -1.570795
    2 3.181566 -0.002997 0.000004 -0.000004 -0.000001 -0.060239
    3 4.102057 -0.002452 0.000000 -0.000144 -0.185581 -0.226764
    4 3.357355 -0.003973 0.000000 0.000803 -0.083916 0.226361
    5 5.440810 -0.004970 0.000000 0.000000 0.000000 -0.104720
    6 6.839761 -0.002705 0.000000 0.000000 -0.000001 0.261799
    7 3.833326 0.000000 0.000000 0.051040 0.263063 -0.117652
    8 0.000001 0.002796 2.165678 -0.256568 -1.292311 3.126085
    9 6.518988 0.000000 -0.000004 -0.373352 0.400218 -0.841646
    10 10.891676 0.000000 0.000001 0.000000 0.000000 -2.271292
    11 12.116157 0.000000 -0.000001 -1.569969 -0.000029 -0.000005
    12 1.399126 -0.408384 -0.127036 1.282531 0.846341 0.949452
    13 1.234131 0.000002 0.000000 0.000000 0.000000 0.000011
    14 2.076791 0.000003 -0.000001 0.000000 0.000000 -0.000014
    15 4.438628 -0.105114 -0.962095 0.082971 0.375337 0.225050
    16 1.215543 0.000000 0.000001 0.000000 0.000000 0.000012
    17 1.106103 -0.000003 0.000000 0.000000 0.000000 0.000011
    18 4.642072 0.003371 -0.025598 0.042639 0.132999 0.316944
    19 1.421389 0.000001 0.000000 0.000000 0.000000 0.000015
    20 1.291107 0.000003 0.000000 0.000000 0.000000 0.000014
    21 4.564404 -0.033134 0.853965 -0.101779 -0.144534 0.317583
    22 1.361412 0.000001 0.000000 0.000000 0.000000 0.000009
    23 1.215544 0.000007 0.000000 0.000000 0.000000 0.000011
    24 4.472663 0.176448 1.675588 -0.127057 -0.401833 0.285068
    25 1.013607 -0.000002 0.000000 0.000000 0.000000 0.000009
    26 0.921099 -0.000002 0.000000 0.000000 0.000000 0.000011
    27 0.000002 0.002806 -2.165678 0.536134 1.259557 -2.889417
    28 6.518987 0.000000 -0.000002 0.452529 -0.692005 -0.845386
    29 9.073793 0.000000 0.000004 0.000000 0.000000 -2.700020
    30 13.070011 0.000000 -0.000001 1.569990 0.165711 -0.000020
    31 1.502634 -0.342846 0.123261 -1.282531 -0.846341 0.949452
    32 1.234130 -0.000002 0.000000 0.000000 0.000000 0.000011
    33 2.076793 0.000003 0.000001 0.000000 0.000000 -0.000015
    34 4.820446 -0.146769 1.069303 -0.082971 -0.375337 0.225050
    35 1.215543 0.000004 0.000002 0.000000 0.000000 0.000002
    36 1.106106 0.000002 0.000000 0.000000 0.000000 0.000006
    37 5.043205 0.010513 0.155390 -0.042639 -0.132999 0.316944
    38 1.421389 -0.000003 0.000001 0.000000 0.000000 0.000002
    39 1.291110 0.000005 0.000000 0.000000 0.000000 0.000023
    40 4.954887 -0.043327 -0.744707 0.101779 0.144534 0.317583
    41 1.361411 0.000002 0.000000 0.000000 0.000000 0.000003
    42 1.215542 -0.000001 0.000000 0.000000 0.000000 0.000025
    43 4.865873 0.262699 -1.527992 0.127057 0.401833 0.285068
    44 1.013604 -0.000004 0.000000 0.000000 0.000000 0.000003
    45 0.921102 0.000003 0.000000 0.000000 0.000000 0.000006
    46 -3.173751 -0.186098 4.111161 3.005453 -0.356304 2.429519
    47 19.802338 0.000000 0.000000 0.000000 0.000000 -0.468153
    48 17.019930 0.000000 0.000000 0.305377 -0.080323 0.144046
    49 5.810487 3.210543 0.000000 0.000000 0.000000 1.605703
    50 1.666933 0.000000 0.000000 0.000000 0.000000 0.000008
    51 1.666934 0.000000 0.000000 0.000000 0.000000 0.000000
    52 -3.173751 -0.186078 -4.111161 -2.629769 0.148621 3.484889
    53 19.802338 0.000000 0.000000 0.000000 0.000000 -1.394029
    54 17.019927 0.000000 0.000000 -0.076451 -0.514382 -0.341885
    55 5.810486 3.210544 0.000000 0.000000 0.000000 1.605703
    56 1.666933 0.000000 0.000000 0.000000 0.000000 0.000008
    57 1.666934 0.000000 0.000000 0.000000 0.000000 0.000000
time 8
    0 0.457570 -0.001447 40.512211 0.000000 0.000000 -1.570873
    1 3.083500 -0.945341 0.000000 0.000000 -1.570451 -1.570795
    2 3.181566 -0.002997 0.000004 -0.000004 -0.000001 -0.060239
    3 4.102057 -0.002452 0.000000 -0.000120 -0.157490 -0.226776
    4 3.357355 -0.003973 0.000000 0.001798 -0.063806 0.213777
    5 5.440810 -0.004970 0.000000 0.000000 0.000000 -0.104720
    6 6.839761 -0.002705 0.000000 0.000000 -0.000001 0.261799
    7 3.833326 0.000000 0.000000 0.042476 0.215892 -0.106626
    8 0.000001 0.002796 2.165678 -0.256568 -1.292311 3.126085
    9 6.518988 0.000000 -0.000004 -0.359060 0.451680 -0.819004
    10 10.891676 0.000000 0.000001 0.000000 0.000000 -2.285892
    11 12.116157 0.000000 -0.000001 -1.569969 -0.000029 -0.000005
    12 1.399126 -0.408384 -0.127036 1.282531 0.846341 0.949452
    13 1.234131 0.000002 0.000000 0.000000 0.000000 0.000011
    14 2.076791 0.000003 -0.000001 0.000000 0.000000 -0.000014
    15 4.438628 -0.105114 -0.962095 0.082971 0.375337 0.225050
    16 1.215543 0.000000 0.000001 0.000000 0.000000 0.000012
    17 1.106103 -0.000003 0.000000 0.000000 0.000000 0.000011
    18 4.642072 0.003371 -0.025598 0.042639 0.132999 0.316944
    19 1.421389 0.000001 0.000000 0.000000 0.000000 0.000015
    20 1.291107 0.000003 0.000000 0.000000 0.000000 0.000014
    21 4.564404 -0.033134 0.853965 -0.101779 -0.144534 0.317583
    22 1.361412 0.000001 0.000000 0.000000 0.000000 0.000009
    23 1.215544 0.000007 0.000000 0.000000 0.000000 0.000011
    24 4.472663 0.176448 1.675588 -0.127057 -0.401833 0.285068
    25 1.013607 -0.000002 0.000000 0.000000 0.000000 0.000009
    26 0.921099 -0.000002 0.000000 0.000000 0.000000 0.000011
    27 0.000002 0.002806 -2.165678 0.536134 1.259557 -2.889417
    28 6.518987 0.000000 -0.000002 0.460013 -0.645713 -0.856772
    29 9.073793 0.000000 0.000004 0.000000 0.000000 -2.673369
    30 13.070011 0.000000 -0.000001 1.569990 0.165711 -0.000020
    31 1.502634 -0.342846 0.123261 -1.282531 -0.846341 0.949452
    32 1.234130 -0.000002 0.000000 0.000000 0.000000 0.000011
    33 2.076793 0.000003 0.000001 0.000000 0.000000 -0.000015
    34 4.820446 -0.146769 1.069303 -0.082971 -0.375337 0.225050
    35 1.215543 0.000004 0.000002 0.000000 0.000000 0.000002
    36 1.106106 0.000002 0.000000 0.000000 0.000000 0.000006
    37 5.043205 0.010513 0.155390 -0.042639 -0.132999 0.316944
    38 1.421389 -0.000003 0.000001 0.000000 0.000000 0.000002
    39 1.291110 0.000005 0.000000 0.000000 0.000000 0.000023
    40 4.954887 -0.043327 -0.744707 0.101779 0.144534 0.317583
    41 1.361411 0.000002 0.000000 0.000000 0.000000 0.000003
    42 1.215542 -0.000001 0.000000 0.000000 0.000000 0.000025
    43 4.865873 0.262699 -1.527992 0.127057 0.401833 0.285068
    44 1.013604 -0.000004 0.000000 0.000000 0.000000 0.000003
    45 0.921102 0.000003 0.000000 0.000000 0.000000 0.000006
    46 -3.173751 -0.186098 4.111161 2.990484 -0.433031 2.567480
    47 19.802338 0.000000 0.000000 0.000000 0.000000 -0.179488
    48 17.019930 0.000000 0.000000 0.410678 0.195316 -0.135994
    49 5.810487 3.210543 0.000000 0.000000 0.000000 1.605703
    50 1.666933 0.000000 0.000000 0.000000 0.000000 0.000008
    51 1.666934 0.000000 0.000000 0.000000 0.000000 0.000000
    52 -3.173751 -0.186078 -4.111161 -2.579150 0.350848 3.365661
    53 19.802338 0.000000 0.000000 0.000000 0.000000 -1.762522
    54 17.019927 0.000000 0.000000 -0.294644 -0.570825 0.056837
    55 5.810486 3.210544 0.000000 0.000000 0.000000 1.605703
    56 1.666933 0.000000 0.000000 0.000000 0.000000 0.000008
    57 1.666934 0.000000 0.000000 0.000000 0.000000 0.000000
time 9
    0 0.457570 -0.001447 40.512211 0.000000 0.000000 -1.570873
    1 3.142096 -0.691427 0.000000 0.000000 -1.570451 -1.570795
    2 3.181566 -0.002997 0.000004 -0.000004 -0.000001 -0.060239
    3 4.102057 -0.002452 0.000000 -0.000096 -0.119858 -0.226776
    4 3.357355 -0.003973 0.000000 0.002625 -0.037895 0.198988
    5 5.440810 -0.004970 0.000000 0.000000 0.000000 -0.104720
    6 6.839761 -0.002705 0.000000 0.000000 -0.000001 0.261799
    7 3.833326 0.000000 0.000000 0.030907 0.153751 -0.093429
    8 0.000001 0.002796 2.165678 -0.256568 -1.292311 3.126085
    9 6.518988 0.000000 -0.000004 -0.342333 0.515611 -0.803440
    10 10.891676 0.000000 0.000001 0.000000 0.000000 -2.298288
    11 12.116157 0.000000 -0.000001 -1.569969 -0.000029 -0.000005
    12 1.399126 -0.408384 -0.127036 1.282531 0.846341 0.949452
    13 1.234131 0.000002 0.000000 0.000000 0.000000 0.000011
    14 2.076791 0.000003 -0.000001 0.000000 0.000000 -0.000014
    15 4.438628 -0.105114 -0.962095 0.082971 0.375337 0.225050
    16 1.215543 0.000000 0.000001 0.000000 0.000000 0.000012
    17 1.106103 -0.000003 0.000000 0.000000 0.000000 0.000011
    18 4.642072 0.003371 -0.025598 0.042639 0.132999 0.316944
    19 1.421389 0.000001 0.000000 0.000000 0.000000 0.000015
    20 1.291107 0.000003 0.000000 0.000000 0.000000 0.000014
    21 4.564404 -0.033134 0.853965 -0.101779 -0.144534 0.317583
    22 1.361412 0.000001 0.000000 0.000000 0.000000 0.000009
    23 1.215544 0.000007 0.000000 0.000000 0.000000 0.000011
    24 4.472663 0.176448 1.675588 -0.127057 -0.401833 0.285068
    25 1.013607 -0.000002 0.000000 0.000000 0.000000 0.000009
    26 0.921099 -0.000002 0.000000 0.000000 0.000000 0.000011
    27 0.000002 0.002806 -2.165678 0.536134 1.259557 -2.889417
    28 6.518987 0.000000 -0.000002 0.469635 -0.582108 -0.879335
    29 9.073793 0.000000 0.000004 0.000000 0.000000 -2.636551
    30 13.070011 0.000000 -0.000001 1.569990 0.165711 -0.000020
    31 1.502634 -0.342846 0.123261 -1.282531 -0.846341 0.949452
    32 1.234130 -0.000002 0.000000 0.000000 0.000000 0.000011
    33 2.076793 0.000003 0.000001 0.000000 0.000000 -0.000015
    34 4.820446 -0.146769 1.069303 -0.082971 -0.375337 0.225050
    35 1.215543 0.000004 0.000002 0.000000 0.000000 0.000002
    36 1.106106 0.000002 0.000000 0.000000 0.000000 0.000006
    37 5.043205 0.010513 0.155390 -0.042639 -0.132999 0.316944
    38 1.421389 -0.000003 0.000001 0.000000 0.000000 0.000002
    39 1.291110 0.000005 0.000000 0.000000 0.000000 0.000023
    40 4.954887 -0.043327 -0.744707 0.101779 0.144534 0.317583
    41 1.361411 0.000002 0.000000 0.000000 0.000000 0.000003
    42 1.215542 -0.000001 0.000000 0.000000 0.000000 0.000025
    43 4.865873 0.262699 -1.527992 0.127057 0.401833 0.285068
    44 1.013604 -0.000004 0.000000 0.000000 0.000000 0.000003
    45 0.921102 0.000003 0.000000 0.000000 0.000000 0.000006
    46 -3.173751 -0.186098 4.111161 2.933135 -0.478235 2.721644
    47 19.802338 0.000000 0.000000 0.000000 0.000000 -0.092522
    48 17.019930 0.000000 0.000000 0.476518 0.392493 -0.264636
    49 5.810487 3.210543 0.000000 0.000000 0.000000 1.605703
    50 1.666933 0.000000 0.000000 0.000000 0.000000 0.000008
    51 1.666934 0.000000 0.000000 0.000000 0.000000 0.000000
    52 -3.173751 -0.186078 -4.111161 -2.625325 0.485055 3.225755
    53 19.802338 0.000000 0.000000 0.000000 0.000000 -1.952162
    54 17.019927 0.000000 0.000000 -0.442894 -0.551977 0.298623
    55 5.810486 3.210544 0.000000 0.000000 0.000000 1.605703
    56 1.666933 0.000000 0.000000 0.000000 0.000000 0.000008
    57 1.666934 0.000000 0.000000 0.000000 0.000000 0.000000
time 10
    0 0.457570 -0.001447 40.512211 0.000000 0.000000 -1.570873
    1 3.196785 -0.390637 0.000000 0.000000 -1.570451 -1.570795
    2 3.181566 -0.002997 0.000004 -0.000004 -0.000001 -0.060239
    3 4.102057 -0.002452 0.000000 -0.000060 -0.076186 -0.226776
    4 3.357355 -0.003973 0.000000 0.003032 -0.008533 0.183204
    5 5.440810 -0.004970 0.000000 0.000000 0.000000 -0.104720
    6 6.839761 -0.002705 0.000000 0.000000 -0.000001 0.261799
    7 3.833326 0.000000 0.000000 0.017370 0.082337 -0.078870
    8 0.000001 0.002796 2.165678 -0.256568 -1.292311 3.126085
    9 6.518988 0.000000 -0.000004 -0.325233 0.586615 -0.795388
    10 10.891676 0.000000 0.000001 0.000000 0.000000 -2.308389
    11 12.116157 0.000000 -0.000001 -1.569969 -0.000029 -0.000005
    12 1.399126 -0.408384 -0.127036 1.282531 0.846341 0.949452
    13 1.234131 0.000002 0.000000 0.000000 0.000000 0.000011
    14 2.076791 0.000003 -0.000001 0.000000 0.000000 -0.000014
    15 4.438628 -0.105114 -0.962095 0.082971 0.375337 0.225050
    16 1.215543 0.000000 0.000001 0.000000 0.000000 0.000012
    17 1.106103 -0.000003 0.000000 0.000000 0.000000 0.000011
    18 4.642072 0.003371 -0.025598 0.042639 0.132999 0.316944
    19 1.421389 0.000001 0.000000 0.000000 0.000000 0.000015
    20 1.291107 0.000003 0.000000 0.000000 0.000000 0.000014
    21 4.564404 -0.033134 0.853965 -0.101779 -0.144534 0.317583
    22 1.361412 0.000001 0.000000 0.000000 0.000000 0.000009
    23 1.215544 0.000007 0.000000 0.000000 0.000000 0.000011
    24 4.472663 0.176448 1.675588 -0.127057 -0.401833 0.285068
    25 1.013607 -0.000002 0.000000 0.000000 0.000000 0.000009
    26 0.921099 -0.000002 0.000000 0.000000 0.000000 0.000011
    27 0.000002 0.002806 -2.165678 0.536134 1.259557 -2.889417
    28 6.518987 0.000000 -0.000002 0.477712 -0.508068 -0.911333
    29 9.073793 0.000000 0.000004 0.000000 0.000000 -2.593231
    30 13.070011 0.000000 -0.000001 1.569990 0.165711 -0.000020
    31 1.502634 -0.342846 0.123261 -1.282531 -0.846341 0.949452
    32 1.234130 -0.000002 0.000000 0.000000 0.000000 0.000011
    33 2.076793 0.000003 0.000001 0.000000 0.000000 -0.000015
    34 4.820446 -0.146769 1.069303 -0.082971 -0.375337 0.225050
    35 1.215543 0.000004 0.000002 0.000000 0.000000 0.000002
    36 1.106106 0.000002 0.000000 0.000000 0.000000 0.000006
    37 5.043205 0.010513 0.155390 -0.042639 -0.132999 0.316944
    38 1.421389 -0.000003 0.000001 0.000000 0.000000 0.000002
    39 1.291110 0.000005 0.000000 0.000000 0.000000 0.000023
    40 4.954887 -0.043327 -0.744707 0.101779 0.144534 0.317583
    41 1.361411 0.000002 0.000000 0.000000 0.000000 0.000003
    42 1.215542 -0.000001 0.000000 0.000000 0.000000 0.000025
    43 4.865873 0.262699 -1.527992 0.127057 0.401833 0.285068
    44 1.013604 -0.000004 0.000000 0.000000 0.000000 0.000003
    45 0.921102 0.000003 0.000000 0.000000 0.000000 0.000006
    46 -3.173751 -0.186098 4.111161 2.834478 -0.483953 2.874753
    47 19.802338 0.000000 0.000000 0.000000 0.000000 -0.278223
    48 17.019930 0.000000 0.000000 0.511625 0.476049 -0.188992
    49 5.810487 3.210543 0.000000 0.000000 0.000000 1.605703
    50 1.666933 0.000000 0.000000 0.000000 0.000000 0.000008
    51 1.666934 0.000000 0.000000 0.000000 0.000000 0.000000
    52 -3.173751 -0.186078 -4.111161 -2.770893 0.511419 3.061449
    53 19.802338 0.000000 0.000000 0.000000 0.000000 -1.896818
    54 17.019927 0.000000 0.000000 -0.462459 -0.489722 0.294794
    55 5.810486 3.210544 0.000000 0.000000 0.000000 1.605703
    56 1.666933 0.000000 0.000000 0.000000 0.000000 0.000008
    57 1.666934 0.000000 0.000000 0.000000 0.000000 0.000000
time 11
    0 0.457570 -0.001447 40.512211 0.000000 0.000000 -1.570873
    1 3.251474 -0.074221 0.000000 0.000000 -1.570451 -1.570795
    2 3.181566 -0.002997 0.000004 -0.000004 -0.000001 -0.060239
    3 4.102057 -0.002452 0.000000 -0.000024 -0.029985 -0.226776
    4 3.357355 -0.003973 0.000000 0.002948 0.021968 0.167612
    5 5.440810 -0.004970 0.000000 0.000000 0.000000 -0.104720
    6 6.839761 -0.002705 0.000000 0.000000 -0.000001 0.261799
    7 3.833326 0.000000 0.000000 0.002763 0.007367 -0.063800
    8 0.000001 0.002796 2.165678 -0.256568 -1.292311 3.126085
    9 6.518988 0.000000 -0.000004 -0.310441 0.659025 -0.795172
    10 10.891676 0.000000 0.000001 0.000000 0.000000 -2.316562
    11 12.116157 0.000000 -0.000001 -1.569969 -0.000029 -0.000005
    12 1.399126 -0.408384 -0.127036 1.282531 0.846341 0.949452
    13 1.234131 0.000002 0.000000 0.000000 0.000000 0.000011
    14 2.076791 0.000003 -0.000001 0.000000 0.000000 -0.000014
    15 4.438628 -0.105114 -0.962095 0.082971 0.375337 0.225050
    16 1.215543 0.000000 0.000001 0.000000 0.000000 0.000012
    17 1.106103 -0.000003 0.000000 0.000000 0.000000 0.000011
    18 4.642072 0.003371 -0.025598 0.042639 0.132999 0.316944
    19 1.421389 0.000001 0.000000 0.000000 0.000000 0.000015
    20 1.291107 0.000003 0.000000 0.000000 0.000000 0.000014
    21 4.564404 -0.033134 0.853965 -0.101779 -0.144534 0.317583
    22 1.361412 0.000001 0.000000 0.000000 0.000000 0.000009
    23 1.215544 0.000007 0.000000 0.000000 0.000000 0.000011
    24 4.472663 0.176448 1.675588 -0.127057 -0.401833 0.285068
    25 1.013607 -0.000002 0.000000 0.000000 0.000000 0.000009
    26 0.921099 -0.000002 0.000000 0.000000 0.000000 0.000011
    27 0.000002 0.002806 -2.165678 0.536134 1.259557 -2.889417
    28 6.518987 0.000000 -0.000002 0.481751 -0.430566 -0.950818
    29 9.073793 0.000000 0.000004 0.000000 0.000000 -2.546797
    30 13.070011 0.000000 -0.000001 1.569990 0.165711 -0.000020
    31 1.502634 -0.342846 0.123261 -1.282531 -0.846341 0.949452
    32 1.234130 -0.000002 0.000000 0.000000 0.000000 0.000011
    33 2.076793 0.000003 0.000001 0.000000 0.000000 -0.000015
    34 4.820446 -0.146769 1.069303 -0.082971 -0.375337 0.225050
    35 1.215543 0.000004 0.000002 0.000000 0.000000 0.000002
    36 1.106106 0.000002 0.000000 0.000000 0.000000 0.000006
    37 5.043205 0.010513 0.155390 -0.042639 -0.132999 0.316944
    38 1.421389 -0.000003 0.000001 0.000000 0.000000 0.000002
    39 1.291110 0.000005 0.000000 0.000000 0.000000 0.000023
    40 4.954887 -0.043327 -0.744707 0.101779 0.144534 0.317583
    41 1.361411 0.000002 0.000000 0.000000 0.000000 0.000003
    42 1.215542 -0.000001 0.000000 0.000000 0.000000 0.000025
    43 4.865873 0.262699 -1.527992 0.127057 0.401833 0.285068
    44 1.013604 -0.000004 0.000000 0.000000 0.000000 0.000003
    45 0.921102 0.000003 0.000000 0.000000 0.000000 0.000006
    46 -3.173751 -0.186098 4.111161 2.711208 -0.464344 3.049625
    47 19.802338 0.000000 0.000000 0.000000 0.000000 -0.576755
    48 17.019930 0.000000 0.000000 0.530142 0.555811 -0.049280
    49 5.810487 3.210543 0.000000 0.000000 0.000000 1.605703
    50 1.666933 0.000000 0.000000 0.000000 0.000000 0.000008
    51 1.666934 0.000000 0.000000 0.000000 0.000000 0.000000
    52 -3.173751 -0.186078 -4.111161 -2.960577 0.482114 2.869456
    53 19.802338 0.000000 0.000000 0.000000 0.000000 -1.757128
    54 17.019927 0.000000 0.000000 -0.425280 -0.419240 0.209695
    55 5.810486 3.210544 0.000000 0.000000 0.000000 1.605703
    56 1.666933 0.000000 0.000000 0.000000 0.000000 0.000008
    57 1.666934 0.000000 0.000000 0.000000 0.000000 0.000000
time 12
    0 0.457570 -0.001447 40.512211 0.000000 0.000000 -1.570873
    1 3.294444 0.230476 0.000000 0.000000 -1.570451 -1.570795
    2 3.181566 -0.002997 0.000004 -0.000004 -0.000001 -0.060239
    3 4.102057 -0.002452 0.000000 0.000012 0.015220 -0.226776
    4 3.357355 -0.003973 0.000000 0.002385 0.051282 0.153387
    5 5.440810 -0.004970 0.000000 0.000000 0.000000 -0.104720
    6 6.839761 -0.002705 0.000000 0.000000 -0.000001 0.261799
    7 3.833326 0.000000 0.000000 -0.011810 -0.065436 -0.049198
    8 0.000001 0.002796 2.165678 -0.256568 -1.292311 3.126085
    9 6.518988 0.000000 -0.000004 -0.300580 0.727399 -0.802684
    10 10.891676 0.000000 0.000001 0.000000 0.000000 -2.322806
    11 12.116157 0.000000 -0.000001 -1.569969 -0.000029 -0.000005
    12 1.399126 -0.408384 -0.127036 1.282531 0.846341 0.949452
    13 1.234131 0.000002 0.000000 0.000000 0.000000 0.000011
    14 2.076791 0.000003 -0.000001 0.000000 0.000000 -0.000014
    15 4.438628 -0.105114 -0.962095 0.082971 0.375337 0.225050
    16 1.215543 0.000000 0.000001 0.000000 0.000000 0.000012
    17 1.106103 -0.000003 0.000000 0.000000 0.000000 0.000011
    18 4.642072 0.003371 -0.025598 0.042639 0.132999 0.316944
    19 1.421389 0.000001 0.000000 0.000000 0.000000 0.000015
    20 1.291107 0.000003 0.000000 0.000000 0.000000 0.000014
    21 4.564404 -0.033134 0.853965 -0.101779 -0.144534 0.317583
    22 1.361412 0.000001 0.000000 0.000000 0.000000 0.000009
    23 1.215544 0.000007 0.000000 0.000000 0.000000 0.000011
    24 4.472663 0.176448 1.675588 -0.127057 -0.401833 0.285068
    25 1.013607 -0.000002 0.000000 0.000000 0.000000 0.000009
    26 0.921099 -0.000002 0.000000 0.000000 0.000000 0.000011
    27 0.000002 0.002806 -2.165678 0.536134 1.259557 -2.889417
    28 6.518987 0.000000 -0.000002 0.480801 -0.356289 -0.995204
    29 9.073793 0.000000 0.000004 0.000000 0.000000 -2.500820
    30 13.070011 0.000000 -0.000001 1.569990 0.165711 -0.000020
    31 1.502634 -0.342846 0.123261 -1.282531 -0.846341 0.949452
    32 1.234130 -0.000002 0.000000 0.000000 0.000000 0.000011
    33 2.076793 0.000003 0.000001 0.000000 0.000000 -0.000015
    34 4.820446 -0.146769 1.069303 -0.082971 -0.375337 0.225050
    35 1.215543 0.000004 0.000002 0.000000 0.000000 0.000002
    36 1.106106 0.000002 0.000000 0.000000 0.000000 0.000006
    37 5.043205 0.010513 0.155390 -0.042639 -0.132999 0.316944
    38 1.421389 -0.000003 0.000001 0.000000 0.000000 0.000002
    39 1.291110 0.000005 0.000000 0.000000 0.000000 0.000023
    40 4.954887 -0.043327 -0.744707 0.101779 0.144534 0.317583
    41 1.361411 0.000002 0.000000 0.000000 0.000000 0.000003
    42 1.215542 -0.000001 0.000000 0.000000 0.000000 0.000025
    43 4.865873 0.262699 -1.527992 0.127057 0.401833 0.285068
    44 1.013604 -0.000004 0.000000 0.000000 0.000000 0.000003
    45 0.921102 0.000003 0.000000 0.000000 0.000000 0.000006
    46 -3.173751 -0.186098 4.111161 2.592636 -0.420068 3.211555
    47 19.802338 0.000000 0.000000 0.000000 0.000000 -0.931032
    48 17.019930 0.000000 0.000000 0.520552 0.625200 0.095244
    49 5.810487 3.210543 0.000000 0.000000 0.000000 1.605703
    50 1.666933 0.000000 0.000000 0.000000 0.000000 0.000008
    51 1.666934 0.000000 0.000000 0.000000 0.000000 0.000000
    52 -3.173751 -0.186078 -4.111161 -3.144678 0.399804 2.697017
    53 19.802338 0.000000 0.000000 0.000000 0.000000 -1.572803
    54 17.019927 0.000000 0.000000 -0.342140 -0.363780 0.080735
    55 5.810486 3.210544 0.000000 0.000000 0.000000 1.605703
    56 1.666933 0.000000 0.000000 0.000000 0.000000 0.000008
    57 1.666934 0.000000 0.000000 0.000000 0.000000 0.000000
time 13
    0 0.457570 -0.001447 40.512211 0.000000 0.000000 -1.570873
    1 3.321789 0.507828 0.000000 0.000000 -1.570451 -1.570795
    2 3.181566 -0.002997 0.000004 -0.000004 -0.000001 -0.060239
    3 4.102057 -0.002452 0.000000 0.000036 0.055968 -0.226776
    4 3.357355 -0.003973 0.000000 0.001534 0.077061 0.141702
    5 5.440810 -0.004970 0.000000 0.000000 0.000000 -0.104720
    6 6.839761 -0.002705 0.000000 0.000000 -0.000001 0.261799
    7 3.833326 0.000000 0.000000 -0.025279 -0.130378 -0.036469
    8 0.000001 0.002796 2.165678 -0.256568 -1.292311 3.126085
    9 6.518988 0.000000 -0.000004 -0.297522 0.786479 -0.816842
    10 10.891676 0.000000 0.000001 0.000000 0.000000 -2.327213
    11 12.116157 0.000000 -0.000001 -1.569969 -0.000029 -0.000005
    12 1.399126 -0.408384 -0.127036 1.282531 0.846341 0.949452
    13 1.234131 0.000002 0.000000 0.000000 0.000000 0.000011
    14 2.076791 0.000003 -0.000001 0.000000 0.000000 -0.000014
    15 4.438628 -0.105114 -0.962095 0.082971 0.375337 0.225050
    16 1.215543 0.000000 0.000001 0.000000 0.000000 0.000012
    17 1.106103 -0.000003 0.000000 0.000000 0.000000 0.000011
    18 4.642072 0.003371 -0.025598 0.042639 0.132999 0.316944
    19 1.421389 0.000001 0.000000 0.000000 0.000000 0.000015
    20 1.291107 0.000003 0.000000 0.000000 0.000000 0.000014
    21 4.564404 -0.033134 0.853965 -0.101779 -0.144534 0.317583
    22 1.361412 0.000001 0.000000 0.000000 0.000000 0.000009
    23 1.215544 0.000007 0.000000 0.000000 0.000000 0.000011
    24 4.472663 0.176448 1.675588 -0.127057 -0.401833 0.285068
    25 1.013607 -0.000002 0.000000 0.000000 0.000000 0.000009
    26 0.921099 -0.000002 0.000000 0.000000 0.000000 0.000011
    27 0.000002 0.002806 -2.165678 0.536134 1.259557 -2.889417
    28 6.518987 0.000000 -0.000002 0.475515 -0.291118 -1.040751
    29 9.073793 0.000000 0.000004 0.000000 0.000000 -2.458782
    30 13.070011 0.000000 -0.000001 1.569990 0.165711 -0.000020
    31 1.502634 -0.342846 0.123261 -1.282531 -0.846341 0.949452
    32 1.234130 -0.000002 0.000000 0.000000 0.000000 0.000011
    33 2.076793 0.000003 0.000001 0.000000 0.000000 -0.000015
    34 4.820446 -0.146769 1.069303 -0.082971 -0.375337 0.225050
    35 1.215543 0.000004 0.000002 0.000000 0.000000 0.000002
    36 1.106106 0.000002 0.000000 0.000000 0.000000 0.000006
    37 5.043205 0.010513 0.155390 -0.042639 -0.132999 0.316944
    38 1.421389 -0.000003 0.000001 0.000000 0.000000 0.000002
    39 1.291110 0.000005 0.000000 0.000000 0.000000 0.000023
    40 4.954887 -0.043327 -0.744707 0.101779 0.144534 0.317583
    41 1.361411 0.000002 0.000000 0.000000 0.000000 0.000003
    42 1.215542 -0.000001 0.000000 0.000000 0.000000 0.000025
    43 4.865873 0.262699 -1.527992 0.127057 0.401833 0.285068
    44 1.013604 -0.000004 0.000000 0.000000 0.000000 0.000003
    45 0.921102 0.000003 0.000000 0.000000 0.000000 0.000006
    46 -3.173751 -0.186098 4.111161 2.495229 -0.353280 3.351817
    47 19.802338 0.000000 0.000000 0.000000 0.000000 -1.264308
    48 17.019930 0.000000 0.000000 0.485305 0.667061 0.237091
    49 5.810487 3.210543 0.000000 0.000000 0.000000 1.605703
    50 1.666933 0.000000 0.000000 0.000000 0.000000 0.000008
    51 1.666934 0.000000 0.000000 0.000000 0.000000 0.000000
    52 -3.173751 -0.186078 -4.111161 -3.292198 0.289540 2.572338
    53 19.802338 0.000000 0.000000 0.000000 0.000000 -1.383241
    54 17.019927 0.000000 0.000000 -0.236064 -0.334269 -0.057479
    55 5.810486 3.210544 0.000000 0.000000 0.000000 1.605703
    56 1.666933 0.000000 0.000000 0.000000 0.000000 0.000008
    57 1.666934 0.000000 0.000000 0.000000 0.000000 0.000000
time 14
    0 0.457570 -0.001447 40.512211 0.000000 0.000000 -1.570873
    1 3.337414 0.726585 0.000000 0.000000 -1.570451 -1.570795
    2 3.181566 -0.002997 0.000004 -0.000004 -0.000001 -0.060239
    3 4.102057 -0.002452 0.000000 0.000060 0.088722 -0.226776
    4 3.357355 -0.003973 0.000000 0.000671 0.096979 0.133780
    5 5.440810 -0.004970 0.000000 0.000000 0.000000 -0.104720
    6 6.839761 -0.002705 0.000000 0.000000 -0.000001 0.261799
    7 3.833326 0.000000 0.000000 -0.036260 -0.181785 -0.027231
    8 0.000001 0.002796 2.165678 -0.256568 -1.292311 3.126085
    9 6.518988 0.000000 -0.000004 -0.301578 0.831185 -0.835161
    10 10.891676 0.000000 0.000001 0.000000 0.000000 -2.329968
    11 12.116157 0.000000 -0.000001 -1.569969 -0.000029 -0.000005
    12 1.399126 -0.408384 -0.127036 1.282531 0.846341 0.949452
    13 1.234131 0.000002 0.000000 0.000000 0.000000 0.000011
    14 2.076791 0.000003 -0.000001 0.000000 0.000000 -0.000014
    15 4.438628 -0.105114 -0.962095 0.082971 0.375337 0.225050
    16 1.215543 0.000000 0.000001 0.000000 0.000000 0.000012
    17 1.106103 -0.000003 0.000000 0.000000 0.000000 0.000011
    18 4.642072 0.003371 -0.025598 0.042639 0.132999 0.316944
    19 1.421389 0.000001 0.000000 0.000000 0.000000 0.000015
    20 1.291107 0.000003 0.000000 0.000000 0.000000 0.000014
    21 4.564404 -0.033134 0.853965 -0.101779 -0.144534 0.317583
    22 1.361412 0.000001 0.000000 0.000000 0.000000 0.000009
    23 1.215544 0.000007 0.000000 0.000000 0.000000 0.000011
    24 4.472663 0.176448 1.675588 -0.127057 -0.401833 0.285068
    25 1.013607 -0.000002 0.000000 0.000000 0.000000 0.000009
    26 0.921099 -0.000002 0.000000 0.000000 0.000000 0.000011
    27 0.000002 0.002806 -2.165678 0.536134 1.259557 -2.889417
    28 6.518987 0.000000 -0.000002 0.468150 -0.239893 -1.082713
    29 9.073793 0.000000 0.000004 0.000000 0.000000 -2.424163
    30 13.070011 0.000000 -0.000001 1.569990 0.165711 -0.000020
    31 1.502634 -0.342846 0.123261 -1.282531 -0.846341 0.949452
    32 1.234130 -0.000002 0.000000 0.000000 0.000000 0.000011
    33 2.076793 0.000003 0.000001 0.000000 0.000000 -0.000015
    34 4.820446 -0.146769 1.069303 -0.082971 -0.375337 0.225050
    35 1.215543 0.000004 0.000002 0.000000 0.000000 0.000002
    36 1.106106 0.000002 0.000000 0.000000 0.000000 0.000006
    37 5.043205 0.010513 0.155390 -0.042639 -0.132999 0.316944
    38 1.421389 -0.000003 0.000001 0.000000 0.000000 0.000002
    39 1.291110 0.000005 0.000000 0.000000 0.000000 0.000023
    40 4.954887 -0.043327 -0.744707 0.101779 0.144534 0.317583
    41 1.361411 0.000002 0.000000 0.000000 0.000000 0.000003
    42 1.215542 -0.000001 0.000000 0.000000 0.000000 0.000025
    43 4.865873 0.262699 -1.527992 0.127057 0.401833 0.285068
    44 1.013604 -0.000004 0.000000 0.000000 0.000000 0.000003
    45 0.921102 0.000003 0.000000 0.000000 0.000000 0.000006
    46 -3.173751 -0.186098 4.111161 2.437605 -0.286402 3.441650
    47 19.802338 0.000000 0.000000 0.000000 0.000000 -1.529928
    48 17.019930 0.000000 0.000000 0.437560 0.675412 0.328833
    49 5.810487 3.210543 0.000000 0.000000 0.000000 1.605703
    50 1.666933 0.000000 0.000000 0.000000 0.000000 0.000008
    51 1.666934 0.000000 0.000000 0.000000 0.000000 0.000000
    52 -3.173751 -0.186078 -4.111161 -3.393218 0.185987 2.501390
    53 19.802338 0.000000 0.000000 0.000000 0.000000 -1.227683
    54 17.019927 0.000000 0.000000 -0.135844 -0.322891 -0.168923
    55 5.810486 3.210544 0.000000 0.000000 0.000000 1.605703
    56 1.666933 0.000000 0.000000 0.000000 0.000000 0.000008
    57 1.666934 0.000000 0.000000 0.000000 0.000000 0.000000
time 15
    0 0.457570 -0.001447 40.512211 0.000000 0.000000 -1.570873
    1 3.341321 0.863308 0.000000 0.000000 -1.570451 -1.570795
    2 3.181566 -0.002997 0.000004 -0.000004 -0.000001 -0.060239
    3 4.102057 -0.002452 0.000000 0.000084 0.109971 -0.226776
    4 3.357355 -0.003973 0.000000 0.000084 0.108712 0.130856
    5 5.440810 -0.004970 0.000000 0.000000 0.000000 -0.104720
    6 6.839761 -0.002705 0.000000 0.000000 -0.000001 0.261799
    7 3.833326 0.000000 0.000000 -0.043201 -0.213962 -0.023229
    8 0.000001 0.002796 2.165678 -0.256568 -1.292311 3.126085
    9 6.518988 0.000000 -0.000004 -0.311315 0.856848 -0.853264
    10 10.891676 0.000000 0.000001 0.000000 0.000000 -2.331162
    11 12.116157 0.000000 -0.000001 -1.569969 -0.000029 -0.000005
    12 1.399126 -0.408384 -0.127036 1.282531 0.846341 0.949452
    13 1.234131 0.000002 0.000000 0.000000 0.000000 0.000011
    14 2.076791 0.000003 -0.000001 0.000000 0.000000 -0.000014
    15 4.438628 -0.105114 -0.962095 0.082971 0.375337 0.225050
    16 1.215543 0.000000 0.000001 0.000000 0.000000 0.000012
    17 1.106103 -0.000003 0.000000 0.000000 0.000000 0.000011
    18 4.642072 0.003371 -0.025598 0.042639 0.132999 0.316944
    19 1.421389 0.000001 0.000000 0.000000 0.000000 0.000015
    20 1.291107 0.000003 0.000000 0.000000 0.000000 0.000014
    21 4.564404 -0.033134 0.853965 -0.101779 -0.144534 0.317583
    22 1.361412 0.000001 0.000000 0.000000 0.000000 0.000009
    23 1.215544 0.000007 0.000000 0.000000 0.000000 0.000011
    24 4.472663 0.176448 1.675588 -0.127057 -0.401833 0.285068
    25 1.013607 -0.000002 0.000000 0.000000 0.000000 0.000009
    26 0.921099 -0.000002 0.000000 0.000000 0.000000 0.000011
    27 0.000002 0.002806 -2.165678 0.536134 1.259557 -2.889417
    28 6.518987 0.000000 -0.000002 0.461854 -0.206217 -1.115660
    29 9.073793 0.000000 0.000004 0.000000 0.000000 -2.400625
    30 13.070011 0.000000 -0.000001 1.569990 0.165711 -0.000020
    31 1.502634 -0.342846 0.123261 -1.282531 -0.846341 0.949452
    32 1.234130 -0.000002 0.000000 0.000000 0.000000 0.000011
    33 2.076793 0.000003 0.000001 0.000000 0.000000 -0.000015
    34 4.820446 -0.146769 1.069303 -0.082971 -0.375337 0.225050
    35 1.215543 0.000004 0.000002 0.000000 0.000000 0.000002
    36 1.106106 0.000002 0.000000 0.000000 0.000000 0.000006
    37 5.043205 0.010513 0.155390 -0.042639 -0.132999 0.316944
    38 1.421389 -0.000003 0.000001 0.000000 0.000000 0.000002
    39 1.291110 0.000005 0.000000 0.000000 0.000000 0.000023
    40 4.954887 -0.043327 -0.744707 0.101779 0.144534 0.317583
    41 1.361411 0.000002 0.000000 0.000000 0.000000 0.000003
    42 1.215542 -0.000001 0.000000 0.000000 0.000000 0.000025
    43 4.865873 0.262699 -1.527992 0.127057 0.401833 0.285068
    44 1.013604 -0.000004 0.000000 0.000000 0.000000 0.000003
    45 0.921102 0.000003 0.000000 0.000000 0.000000 0.000006
    46 -3.173751 -0.186098 4.111161 2.427209 -0.240210 3.468207
    47 19.802338 0.000000 0.000000 0.000000 0.000000 -1.667002
    48 17.019930 0.000000 0.000000 0.396033 0.651182 0.342327
    49 5.810487 3.210543 0.000000 0.000000 0.000000 1.605703
    50 1.666933 0.000000 0.000000 0.000000 0.000000 0.000008
    51 1.666934 0.000000 0.000000 0.000000 0.000000 0.000000
    52 -3.173751 -0.186078 -4.111161 -3.444595 0.122741 2.480538
    53 19.802338 0.000000 0.000000 0.000000 0.000000 -1.145370
    54 17.019927 0.000000 0.000000 -0.069759 -0.307890 -0.211153
    55 5.810486 3.210544 0.000000 0.000000 0.000000 1.605703
    56 1.666933 0.000000 0.000000 0.000000 0.000000 0.000008
    57 1.666934 0.000000 0.000000 0.000000 0.000000 0.000000
time 16
    0 0.457570 -0.001447 40.512211 0.000000 0.000000 -1.570873
    1 3.313976 0.859401 0.000000 0.000000 -1.570451 -1.570795
    2 3.181566 -0.002997 0.000004 -0.000004 -0.000001 -0.060239
    3 4.102057 -0.002452 0.000000 0.000084 0.112212 -0.226776
    4 3.357355 -0.003973 0.000000 0.000264 0.104769 0.140240
    5 5.440810 -0.004970 0.000000 0.000000 0.000000 -0.104720
    6 6.839761 -0.002705 0.000000 0.000000 -0.000001 0.261799
    7 3.833326 0.000000 0.000000 -0.042442 -0.212314 -0.032765
    8 0.000001 0.002796 2.165678 -0.256568 -1.292311 3.126085
    9 6.518988 0.000000 -0.000004 -0.339899 0.844380 -0.882230
    10 10.891676 0.000000 0.000001 0.000000 0.000000 -2.325193
    11 12.116157 0.000000 -0.000001 -1.569969 -0.000029 -0.000005
    12 1.399126 -0.408384 -0.127036 1.282531 0.846341 0.949452
    13 1.234131 0.000002 0.000000 0.000000 0.000000 0.000011
    14 2.076791 0.000003 -0.000001 0.000000 0.000000 -0.000014
    15 4.438628 -0.105114 -0.962095 0.082971 0.375337 0.225050
    16 1.215543 0.000000 0.000001 0.000000 0.000000 0.000012
    17 1.106103 -0.000003 0.000000 0.000000 0.000000 0.000011
    18 4.642072 0.003371 -0.025598 0.042639 0.132999 0.316944
    19 1.421389 0.000001 0.000000 0.000000 0.000000 0.000015
    20 1.291107 0.000003 0.000000 0.000000 0.000000 0.000014
    21 4.564404 -0.033134 0.853965 -0.101779 -0.144534 0.317583
    22 1.361412 0.000001 0.000000 0.000000 0.000000 0.000009
    23 1.215544 0.000007 0.000000 0.000000 0.000000 0.000011
    24 4.472663 0.176448 1.675588 -0.127057 -0.401833 0.285068
    25 1.013607 -0.000002 0.000000 0.000000 0.000000 0.000009
    26 0.921099 -0.000002 0.000000 0.000000 0.000000 0.000011
    27 0.000002 0.002806 -2.165678 0.536134 1.259557 -2.889417
    28 6.518987 0.000000 -0.000002 0.461676 -0.195118 -1.138961
    29 9.073793 0.000000 0.000004 0.000000 0.000000 -2.393115
    30 13.070011 0.000000 -0.000001 1.569990 0.165711 -0.000020
    31 1.502634 -0.342846 0.123261 -1.282531 -0.846341 0.949452
    32 1.234130 -0.000002 0.000000 0.000000 0.000000 0.000011
    33 2.076793 0.000003 0.000001 0.000000 0.000000 -0.000015
    34 4.820446 -0.146769 1.069303 -0.082971 -0.375337 0.225050
    35 1.215543 0.000004 0.000002 0.000000 0.000000 0.000002
    36 1.106106 0.000002 0.000000 0.000000 0.000000 0.000006
    37 5.043205 0.010513 0.155390 -0.042639 -0.132999 0.316944
    38 1.421389 -0.000003 0.000001 0.000000 0.000000 0.000002
    39 1.291110 0.000005 0.000000 0.000000 0.000000 0.000023
    40 4.954887 -0.043327 -0.744707 0.101779 0.144534 0.317583
    41 1.361411 0.000002 0.000000 0.000000 0.000000 0.000003
    42 1.215542 -0.000001 0.000000 0.000000 0.000000 0.000025
    43 4.865873 0.262699 -1.527992 0.127057 0.401833 0.285068
    44 1.013604 -0.000004 0.000000 0.000000 0.000000 0.000003
    45 0.921102 0.000003 0.000000 0.000000 0.000000 0.000006
    46 -3.173751 -0.186098 4.111161 2.486833 -0.227398 3.397548
    47 19.802338 0.000000 0.000000 0.000000 0.000000 -1.606182
    48 17.019930 0.000000 0.000000 0.377176 0.576555 0.239442
    49 5.810487 3.210543 0.000000 0.000000 0.000000 1.605703
    50 1.666933 0.000000 0.000000 0.000000 0.000000 0.000008
    51 1.666934 0.000000 0.000000 0.000000 0.000000 0.000000
    52 -3.173751 -0.186078 -4.111161 -3.425247 0.127793 2.528471
    53 19.802338 0.000000 0.000000 0.000000 0.000000 -1.160222
    54 17.019927 0.000000 0.000000 -0.060720 -0.257955 -0.140982
    55 5.810486 3.210544 0.000000 0.000000 0.000000 1.605703
    56 1.666933 0.000000 0.000000 0.000000 0.000000 0.000008
    57 1.666934 0.000000 0.000000 0.000000 0.000000 0.000000
time 17
    0 0.457570 -0.001447 40.512211 0.000000 0.000000 -1.570873
    1 3.251474 0.714866 0.000000 0.000000 -1.570451 -1.570795
    2 3.181566 -0.002997 0.000004 -0.000004 -0.000001 -0.060239
    3 4.102057 -0.002452 0.000000 0.000072 0.095122 -0.226776
    4 3.357355 -0.003973 0.000000 0.000947 0.084288 0.163202
    5 5.440810 -0.004970 0.000000 0.000000 0.000000 -0.104720
    6 6.839761 -0.002705 0.000000 0.000000 -0.000001 0.261799
    7 3.833326 0.000000 0.000000 -0.034050 -0.175665 -0.056988
    8 0.000001 0.002796 2.165678 -0.256568 -1.292311 3.126085
    9 6.518988 0.000000 -0.000004 -0.386646 0.790197 -0.923624
    10 10.891676 0.000000 0.000001 0.000000 0.000000 -2.309950
    11 12.116157 0.000000 -0.000001 -1.569969 -0.000029 -0.000005
    12 1.399126 -0.408384 -0.127036 1.282531 0.846341 0.949452
    13 1.234131 0.000002 0.000000 0.000000 0.000000 0.000011
    14 2.076791 0.000003 -0.000001 0.000000 0.000000 -0.000014
    15 4.438628 -0.105114 -0.962095 0.082971 0.375337 0.225050
    16 1.215543 0.000000 0.000001 0.000000 0.000000 0.000012
    17 1.106103 -0.000003 0.000000 0.000000 0.000000 0.000011
    18 4.642072 0.003371 -0.025598 0.042639 0.132999 0.316944
    19 1.421389 0.000001 0.000000 0.000000 0.000000 0.000015
    20 1.291107 0.000003 0.000000 0.000000 0.000000 0.000014
    21 4.564404 -0.033134 0.853965 -0.101779 -0.144534 0.317583
    22 1.361412 0.000001 0.000000 0.000000 0.000000 0.000009
    23 1.215544 0.000007 0.000000 0.000000 0.000000 0.000011
    24 4.472663 0.176448 1.675588 -0.127057 -0.401833 0.285068
    25 1.013607 -0.000002 0.000000 0.000000 0.000000 0.000009
    26 0.921099 -0.000002 0.000000 0.000000 0.000000 0.000011
    27 0.000002 0.002806 -2.165678 0.536134 1.259557 -2.889417
    28 6.518987 0.000000 -0.000002 0.469041 -0.204841 -1.154723
    29 9.073793 0.000000 0.000004 0.000000 0.000000 -2.401541
    30 13.070011 0.000000 -0.000001 1.569990 0.165711 -0.000020
    31 1.502634 -0.342846 0.123261 -1.282531 -0.846341 0.949452
    32 1.234130 -0.000002 0.000000 0.000000 0.000000 0.000011
    33 2.076793 0.000003 0.000001 0.000000 0.000000 -0.000015
    34 4.820446 -0.146769 1.069303 -0.082971 -0.375337 0.225050
    35 1.215543 0.000004 0.000002 0.000000 0.000000 0.000002
    36 1.106106 0.000002 0.000000 0.000000 0.000000 0.000006
    37 5.043205 0.010513 0.155390 -0.042639 -0.132999 0.316944
    38 1.421389 -0.000003 0.000001 0.000000 0.000000 0.000002
    39 1.291110 0.000005 0.000000 0.000000 0.000000 0.000023
    40 4.954887 -0.043327 -0.744707 0.101779 0.144534 0.317583
    41 1.361411 0.000002 0.000000 0.000000 0.000000 0.000003
    42 1.215542 -0.000001 0.000000 0.000000 0.000000 0.000025
    43 4.865873 0.262699 -1.527992 0.127057 0.401833 0.285068
    44 1.013604 -0.000004 0.000000 0.000000 0.000000 0.000003
    45 0.921102 0.000003 0.000000 0.000000 0.000000 0.000006
    46 -3.173751 -0.186098 4.111161 2.609004 -0.225841 3.236865
    47 19.802338 0.000000 0.000000 0.000000 0.000000 -1.382424
    48 17.019930 0.000000 0.000000 0.363193 0.453078 0.043223
    49 5.810487 3.210543 0.000000 0.000000 0.000000 1.605703
    50 1.666933 0.000000 0.000000 0.000000 0.000000 0.000008
    51 1.666934 0.000000 0.000000 0.000000 0.000000 0.000000
    52 -3.173751 -0.186078 -4.111161 -3.338264 0.180763 2.647439
    53 19.802338 0.000000 0.000000 0.000000 0.000000 -1.246366
    54 17.019927 0.000000 0.000000 -0.101826 -0.173455 0.014784
    55 5.810486 3.210544 0.000000 0.000000 0.000000 1.605703
    56 1.666933 0.000000 0.000000 0.000000 0.000000 0.000008
    57 1.666934 0.000000 0.000000 0.000000 0.000000 0.000000
time 18
    0 0.457570 -0.001447 40.512211 0.000000 0.000000 -1.570873
    1 3.169441 0.484390 0.000000 0.000000 -1.570451 -1.570795
    2 3.181566 -0.002997 0.000004 -0.000004 -0.000001 -0.060239
    3 4.102057 -0.002452 0.000000 0.000048 0.065915 -0.226776
    4 3.357355 -0.003973 0.000000 0.001210 0.054913 0.191893
    5 5.440810 -0.004970 0.000000 0.000000 0.000000 -0.104720
    6 6.839761 -0.002705 0.000000 0.000000 -0.000001 0.261799
    7 3.833326 0.000000 0.000000 -0.022101 -0.118350 -0.087043
    8 0.000001 0.002796 2.165678 -0.256568 -1.292311 3.126085
    9 6.518988 0.000000 -0.000004 -0.431832 0.713570 -0.962208
    10 10.891676 0.000000 0.000001 0.000000 0.000000 -2.290667
    11 12.116157 0.000000 -0.000001 -1.569969 -0.000029 -0.000005
    12 1.399126 -0.408384 -0.127036 1.282531 0.846341 0.949452
    13 1.234131 0.000002 0.000000 0.000000 0.000000 0.000011
    14 2.076791 0.000003 -0.000001 0.000000 0.000000 -0.000014
    15 4.438628 -0.105114 -0.962095 0.082971 0.375337 0.225050
    16 1.215543 0.000000 0.000001 0.000000 0.000000 0.000012
    17 1.106103 -0.000003 0.000000 0.000000 0.000000 0.000011
    18 4.642072 0.003371 -0.025598 0.042639 0.132999 0.316944
    19 1.421389 0.000001 0.000000 0.000000 0.000000 0.000015
    20 1.291107 0.000003 0.000000 0.000000 0.000000 0.000014
    21 4.564404 -0.033134 0.853965 -0.101779 -0.144534 0.317583
    22 1.361412 0.000001 0.000000 0.000000 0.000000 0.000009
    23 1.215544 0.000007 0.000000 0.000000 0.000000 0.000011
    24 4.472663 0.176448 1.675588 -0.127057 -0.401833 0.285068
    25 1.013607 -0.000002 0.000000 0.000000 0.000000 0.000009
    26 0.921099 -0.000002 0.000000 0.000000 0.000000 0.000011
    27 0.000002 0.002806 -2.165678 0.536134 1.259557 -2.889417
    28 6.518987 0.000000 -0.000002 0.481157 -0.229695 -1.162472
    29 9.073793 0.000000 0.000004 0.000000 0.000000 -2.421232
    30 13.070011 0.000000 -0.000001 1.569990 0.165711 -0.000020
    31 1.502634 -0.342846 0.123261 -1.282531 -0.846341 0.949452
    32 1.234130 -0.000002 0.000000 0.000000 0.000000 0.000011
    33 2.076793 0.000003 0.000001 0.000000 0.000000 -0.000015
    34 4.820446 -0.146769 1.069303 -0.082971 -0.375337 0.225050
    35 1.215543 0.000004 0.000002 0.000000 0.000000 0.000002
    36 1.106106 0.000002 0.000000 0.000000 0.000000 0.000006
    37 5.043205 0.010513 0.155390 -0.042639 -0.132999 0.316944
    38 1.421389 -0.000003 0.000001 0.000000 0.000000 0.000002
    39 1.291110 0.000005 0.000000 0.000000 0.000000 0.000023
    40 4.954887 -0.043327 -0.744707 0.101779 0.144534 0.317583
    41 1.361411 0.000002 0.000000 0.000000 0.000000 0.000003
    42 1.215542 -0.000001 0.000000 0.000000 0.000000 0.000025
    43 4.865873 0.262699 -1.527992 0.127057 0.401833 0.285068
    44 1.013604 -0.000004 0.000000 0.000000 0.000000 0.000003
    45 0.921102 0.000003 0.000000 0.000000 0.000000 0.000006
    46 -3.173751 -0.186098 4.111161 2.753789 -0.206742 3.036395
    47 19.802338 0.000000 0.000000 0.000000 0.000000 -1.091574
    48 17.019930 0.000000 0.000000 0.319882 0.320403 -0.185157
    49 5.810487 3.210543 0.000000 0.000000 0.000000 1.605703
    50 1.666933 0.000000 0.000000 0.000000 0.000000 0.000008
    51 1.666934 0.000000 0.000000 0.000000 0.000000 0.000000
    52 -3.173751 -0.186078 -4.111161 -3.215566 0.237711 2.807592
    53 19.802338 0.000000 0.000000 0.000000 0.000000 -1.369327
    54 17.019927 0.000000 0.000000 -0.174231 -0.080666 0.190264
    55 5.810486 3.210544 0.000000 0.000000 0.000000 1.605703
    56 1.666933 0.000000 0.000000 0.000000 0.000000 0.000008
    57 1.666934 0.000000 0.000000 0.000000 0.000000 0.000000
time 19
    0 0.457570 -0.001447 40.512211 0.000000 0.000000 -1.570873
    1 3.091313 0.226569 0.000000 0.000000 -1.570451 -1.570795
    2 3.181566 -0.002997 0.000004 -0.000004 -0.000001 -0.060239
    3 4.102057 -0.002452 0.000000 0.000024 0.031795 -0.226776
    4 3.357355 -0.003973 0.000000 0.000719 0.024269 0.218571
    5 5.440810 -0.004970 0.000000 0.000000 0.000000 -0.104720
    6 6.839761 -0.002705 0.000000 0.000000 -0.000001 0.261799
    7 3.833326 0.000000 0.000000 -0.009980 -0.054938 -0.114544
    8 0.000001 0.002796 2.165678 -0.256568 -1.292311 3.126085
    9 6.518988 0.000000 -0.000004 -0.463725 0.634949 -0.988903
    10 10.891676 0.000000 0.000001 0.000000 0.000000 -2.272485
    11 12.116157 0.000000 -0.000001 -1.569969 -0.000029 -0.000005
    12 1.399126 -0.408384 -0.127036 1.282531 0.846341 0.949452
    13 1.234131 0.000002 0.000000 0.000000 0.000000 0.000011
    14 2.076791 0.000003 -0.000001 0.000000 0.000000 -0.000014
    15 4.438628 -0.105114 -0.962095 0.082971 0.375337 0.225050
    16 1.215543 0.000000 0.000001 0.000000 0.000000 0.000012
    17 1.106103 -0.000003 0.000000 0.000000 0.000000 0.000011
    18 4.642072 0.003371 -0.025598 0.042639 0.132999 0.316944
    19 1.421389 0.000001 0.000000 0.000000 0.000000 0.000015
    20 1.291107 0.000003 0.000000 0.000000 0.000000 0.000014
    21 4.564404 -0.033134 0.853965 -0.101779 -0.144534 0.317583
    22 1.361412 0.000001 0.000000 0.000000 0.000000 0.000009
    23 1.215544 0.000007 0.000000 0.000000 0.000000 0.000011
    24 4.472663 0.176448 1.675588 -0.127057 -0.401833 0.285068
    25 1.013607 -0.000002 0.000000 0.000000 0.000000 0.000009
    26 0.921099 -0.000002 0.000000 0.000000 0.000000 0.000011
    27 0.000002 0.002806 -2.165678 0.536134 1.259557 -2.889417
    28 6.518987 0.000000 -0.000002 0.494639 -0.265079 -1.161049
    29 9.073793 0.000000 0.000004 0.000000 0.000000 -2.447700
    30 13.070011 0.000000 -0.000001 1.569990 0.165711 -0.000020
    31 1.502634 -0.342846 0.123261 -1.282531 -0.846341 0.949452
    32 1.234130 -0.000002 0.000000 0.000000 0.000000 0.000011
    33 2.076793 0.000003 0.000001 0.000000 0.000000 -0.000015
    34 4.820446 -0.146769 1.069303 -0.082971 -0.375337 0.225050
    35 1.215543 0.000004 0.000002 0.000000 0.000000 0.000002
    36 1.106106 0.000002 0.000000 0.000000 0.000000 0.000006
    37 5.043205 0.010513 0.155390 -0.042639 -0.132999 0.316944
    38 1.421389 -0.000003 0.000001 0.000000 0.000000 0.000002
    39 1.291110 0.000005 0.000000 0.000000 0.000000 0.000023
    40 4.954887 -0.043327 -0.744707 0.101779 0.144534 0.317583
    41 1.361411 0.000002 0.000000 0.000000 0.000000 0.000003
    42 1.215542 -0.000001 0.000000 0.000000 0.000000 0.000025
    43 4.865873 0.262699 -1.527992 0.127057 0.401833 0.285068
    44 1.013604 -0.000004 0.000000 0.000000 0.000000 0.000003
    45 0.921102 0.000003 0.000000 0.000000 0.000000 0.000006
    46 -3.173751 -0.186098 4.111161 2.878709 -0.165220 2.847334
    47 19.802338 0.000000 0.000000 0.000000 0.000000 -0.829196
    48 17.019930 0.000000 0.000000 0.250069 0.210968 -0.378989
    49 5.810487 3.210543 0.000000 0.000000 0.000000 1.605703
    50 1.666933 0.000000 0.000000 0.000000 0.000000 0.000008
    51 1.666934 0.000000 0.000000 0.000000 0.000000 0.000000
    52 -3.173751 -0.186078 -4.111161 -3.101485 0.268227 2.967659
    53 19.802338 0.000000 0.000000 0.000000 0.000000 -1.495337
    54 17.019927 0.000000 0.000000 -0.247380 -0.009120 0.334719
    55 5.810486 3.210544 0.000000 0.000000 0.000000 1.605703
    56 1.666933 0.000000 0.000000 0.000000 0.000000 0.000008
    57 1.666934 0.000000 0.000000 0.000000 0.000000 0.000000
time 20
    0 0.457570 -0.001447 40.512211 0.000000 0.000000 -1.570873
    1 3.040530 0.000000 0.000000 0.000000 -1.570451 -1.570795
    2 3.181566 -0.002997 0.000004 -0.000004 -0.000001 -0.060239
    3 4.102057 -0.002452 0.000000 0.000000 0.000000 -0.226776
    4 3.357355 -0.003973 0.000000 0.000000 0.000000 0.235517
    5 5.440810 -0.004970 0.000000 0.000000 0.000000 -0.104720
    6 6.839761 -0.002705 0.000000 0.000000 -0.000001 0.261799
    7 3.833326 0.000000 0.000000 0.000000 0.000000 -0.131700
    8 0.000001 0.002796 2.165678 -0.256568 -1.292311 3.126085
    9 6.518988 0.000000 -0.000004 -0.475521 0.575144 -0.996955
    10 10.891676 0.000000 0.000001 0.000000 0.000000 -2.260640
    11 12.116157 0.000000 -0.000001 -1.569969 -0.000029 -0.000005
    12 1.399126 -0.408384 -0.127036 1.282531 0.846341 0.949452
    13 1.234131 0.000002 0.000000 0.000000 0.000000 0.000011
    14 2.076791 0.000003 -0.000001 0.000000 0.000000 -0.000014
    15 4.438628 -0.105114 -0.962095 0.082971 0.375337 0.225050
    16 1.215543 0.000000 0.000001 0.000000 0.000000 0.000012
    17 1.106103 -0.000003 0.000000 0.000000 0.000000 0.000011
    18 4.642072 0.003371 -0.025598 0.042639 0.132999 0.316944
    19 1.421389 0.000001 0.000000 0.000000 0.000000 0.000015
    20 1.291107 0.000003 0.000000 0.000000 0.000000 0.000014
    21 4.564404 -0.033134 0.853965 -0.101779 -0.144534 0.317583
    22 1.361412 0.000001 0.000000 0.000000 0.000000 0.000009
    23 1.215544 0.000007 0.000000 0.000000 0.000000 0.000011
    24 4.472663 0.176448 1.675588 -0.127057 -0.401833 0.285068
    25 1.013607 -0.000002 0.000000 0.000000 0.000000 0.000009
    26 0.921099 -0.000002 0.000000 0.000000 0.000000 0.000011
    27 0.000002 0.002806 -2.165678 0.536134 1.259557 -2.889417
    28 6.518987 0.000000 -0.000002 0.505390 -0.306771 -1.146657
    29 9.073793 0.000000 0.000004 0.000000 0.000000 -2.476458
    30 13.070011 0.000000 -0.000001 1.569990 0.165711 -0.000020
    31 1.502634 -0.342846 0.123261 -1.282531 -0.846341 0.949452
    32 1.234130 -0.000002 0.000000 0.000000 0.000000 0.000011
    33 2.076793 0.000003 0.000001 0.000000 0.000000 -0.000015
    34 4.820446 -0.146769 1.069303 -0.082971 -0.375337 0.225050
    35 1.215543 0.000004 0.000002 0.000000 0.000000 0.000002
    36 1.106106 0.000002 0.000000 0.000000 0.000000 0.000006
    37 5.043205 0.010513 0.155390 -0.042639 -0.132999 0.316944
    38 1.421389 -0.000003 0.000001 0.000000 0.000000 0.000002
    39 1.291110 0.000005 0.000000 0.000000 0.000000 0.000023
    40 4.954887 -0.043327 -0.744707 0.101779 0.144534 0.317583
    41 1.361411 0.000002 0.000000 0.000000 0.000000 0.000003
    42 1.215542 -0.000001 0.000000 0.000000 0.000000 0.000025
    43 4.865873 0.262699 -1.527992 0.127057 0.401833 0.285068
    44 1.013604 -0.000004 0.000000 0.000000 0.000000 0.000003
    45 0.921102 0.000003 0.000000 0.000000 0.000000 0.000006
    46 -3.173751 -0.186098 4.111161 2.948728 -0.122171 2.716083
    47 19.802338 0.000000 0.000000 0.000000 0.000000 -0.688951
    48 17.019930 0.000000 0.000000 0.188080 0.129453 -0.476701
    49 5.810487 3.210543 0.000000 0.000000 0.000000 1.605703
    50 1.666933 0.000000 0.000000 0.000000 0.000000 0.000008
    51 1.666934 0.000000 0.000000 0.000000 0.000000 0.000000
    52 -3.173751 -0.186078 -4.111161 -3.051625 0.265667 3.074514
    53 19.802338 0.000000 0.000000 0.000000 0.000000 -1.592189
    54 17.019927 0.000000 0.000000 -0.279238 0.022969 0.420349
    55 5.810486 3.210544 0.000000 0.000000 0.000000 1.605703
    56 1.666933 0.000000 0.000000 0.000000 0.000000 0.000008
    57 1.666934 0.000000 0.000000 0.000000 0.000000 0.000000
time 21
    0 0.457570 -0.001447 40.512211 0.000000 0.000000 -1.570873
    1 3.017092 -0.234382 0.000000 0.000000 -1.570451 -1.570795
    2 3.181566 -0.002997 0.000004 -0.000004 -0.000001 -0.060239
    3 4.102057 -0.002452 0.000000 -0.000024 -0.035414 -0.226776
    4 3.357355 -0.003973 0.000000 -0.000491 -0.020937 0.243031
    5 5.440810 -0.004970 0.000000 0.000000 0.000000 -0.104720
    6 6.839761 -0.002705 0.000000 0.000000 -0.000001 0.261799
    7 3.833326 0.000000 0.000000 0.010015 0.055126 -0.139023
    8 0.000001 0.002796 2.165678 -0.256568 -1.292311 3.126085
    9 6.518988 0.000000 -0.000004 -0.468281 0.527989 -0.984472
    10 10.891676 0.000000 0.000001 0.000000 0.000000 -2.254671
    11 12.116157 0.000000 -0.000001 -1.569969 -0.000029 -0.000005
    12 1.399126 -0.408384 -0.127036 1.282531 0.846341 0.949452
    13 1.234131 0.000002 0.000000 0.000000 0.000000 0.000011
    14 2.076791 0.000003 -0.000001 0.000000 0.000000 -0.000014
    15 4.438628 -0.105114 -0.962095 0.082971 0.375337 0.225050
    16 1.215543 0.000000 0.000001 0.000000 0.000000 0.000012
    17 1.106103 -0.000003 0.000000 0.000000 0.000000 0.000011
    18 4.642072 0.003371 -0.025598 0.042639 0.132999 0.316944
    19 1.421389 0.000001 0.000000 0.000000 0.000000 0.000015
    20 1.291107 0.000003 0.000000 0.000000 0.000000 0.000014
    21 4.564404 -0.033134 0.853965 -0.101779 -0.144534 0.317583
    22 1.361412 0.000001 0.000000 0.000000 0.000000 0.000009
    23 1.215544 0.000007 0.000000 0.000000 0.000000 0.000011
    24 4.472663 0.176448 1.675588 -0.127057 -0.401833 0.285068
    25 1.013607 -0.000002 0.000000 0.000000 0.000000 0.000009
    26 0.921099 -0.000002 0.000000 0.000000 0.000000 0.000011
    27 0.000002 0.002806 -2.165678 0.536134 1.259557 -2.889417
    28 6.518987 0.000000 -0.000002 0.512754 -0.366913 -1.110072
    29 9.073793 0.000000 0.000004 0.000000 0.000000 -2.514375
    30 13.070011 0.000000 -0.000001 1.569990 0.165711 -0.000020
    31 1.502634 -0.342846 0.123261 -1.282531 -0.846341 0.949452
    32 1.234130 -0.000002 0.000000 0.000000 0.000000 0.000011
    33 2.076793 0.000003 0.000001 0.000000 0.000000 -0.000015
    34 4.820446 -0.146769 1.069303 -0.082971 -0.375337 0.225050
    35 1.215543 0.000004 0.000002 0.000000 0.000000 0.000002
    36 1.106106 0.000002 0.000000 0.000000 0.000000 0.000006
    37 5.043205 0.010513 0.155390 -0.042639 -0.132999 0.316944
    38 1.421389 -0.000003 0.000001 0.000000 0.000000 0.000002
    39 1.291110 0.000005 0.000000 0.000000 0.000000 0.000023
    40 4.954887 -0.043327 -0.744707 0.101779 0.144534 0.317583
    41 1.361411 0.000002 0.000000 0.000000 0.000000 0.000003
    42 1.215542 -0.000001 0.000000 0.000000 0.000000 0.000025
    43 4.865873 0.262699 -1.527992 0.127057 0.401833 0.285068
    44 1.013604 -0.000004 0.000000 0.000000 0.000000 0.000003
    45 0.921102 0.000003 0.000000 0.000000 0.000000 0.000006
    46 -3.173751 -0.186098 4.111161 2.967694 -0.095348 2.635454
    47 19.802338 0.000000 0.000000 0.000000 0.000000 -0.692686
    48 17.019930 0.000000 0.000000 0.151750 0.052331 -0.459589
    49 5.810487 3.210543 0.000000 0.000000 0.000000 1.605703
    50 1.666933 0.000000 0.000000 0.000000 0.000000 0.000008
    51 1.666934 0.000000 0.000000 0.000000 0.000000 0.000000
    52 -3.173751 -0.186078 -4.111161 -3.078777 0.243316 3.134387
    53 19.802338 0.000000 0.000000 0.000000 0.000000 -1.660823
    54 17.019927 0.000000 0.000000 -0.260532 0.028515 0.474706
    55 5.810486 3.210544 0.000000 0.000000 0.000000 1.605703
    56 1.666933 0.000000 0.000000 0.000000 0.000000 0.000008
    57 1.666934 0.000000 0.000000 0.000000 0.000000 0.000000
time 22
    0 0.457570 -0.001447 40.512211 0.000000 0.000000 -1.570873
    1 2.997560 -0.519547 0.000000 0.000000 -1.570451 -1.570795
    2 3.181566 -0.002997 0.000004 -0.000004 -0.000001 -0.060239
    3 4.102057 -0.002452 0.000000 -0.000060 -0.080153 -0.226776
    4 3.357355 -0.003973 0.000000 -0.000899 -0.044379 0.246902
    5 5.440810 -0.004970 0.000000 0.000000 0.000000 -0.104720
    6 6.839761 -0.002705 0.000000 0.000000 -0.000001 0.261799
    7 3.833326 0.000000 0.000000 0.022343 0.121786 -0.142088
    8 0.000001 0.002796 2.165678 -0.256568 -1.292311 3.126085
    9 6.518988 0.000000 -0.000004 -0.451554 0.477071 -0.960803
    10 10.891676 0.000000 0.000001 0.000000 0.000000 -2.250815
    11 12.116157 0.000000 -0.000001 -1.569969 -0.000029 -0.000005
    12 1.399126 -0.408384 -0.127036 1.282531 0.846341 0.949452
    13 1.234131 0.000002 0.000000 0.000000 0.000000 0.000011
    14 2.076791 0.000003 -0.000001 0.000000 0.000000 -0.000014
    15 4.438628 -0.105114 -0.962095 0.082971 0.375337 0.225050
    16 1.215543 0.000000 0.000001 0.000000 0.000000 0.000012
    17 1.106103 -0.000003 0.000000 0.000000 0.000000 0.000011
    18 4.642072 0.003371 -0.025598 0.042639 0.132999 0.316944
    19 1.421389 0.000001 0.000000 0.000000 0.000000 0.000015
    20 1.291107 0.000003 0.000000 0.000000 0.000000 0.000014
    21 4.564404 -0.033134 0.853965 -0.101779 -0.144534 0.317583
    22 1.361412 0.000001 0.000000 0.000000 0.000000 0.000009
    23 1.215544 0.000007 0.000000 0.000000 0.000000 0.000011
    24 4.472663 0.176448 1.675588 -0.127057 -0.401833 0.285068
    25 1.013607 -0.000002 0.000000 0.000000 0.000000 0.000009
    26 0.921099 -0.000002 0.000000 0.000000 0.000000 0.000011
    27 0.000002 0.002806 -2.165678 0.536134 1.259557 -2.889417
    28 6.518987 0.000000 -0.000002 0.514358 -0.451862 -1.054615
    29 9.073793 0.000000 0.000004 0.000000 0.000000 -2.565114
    30 13.070011 0.000000 -0.000001 1.569990 0.165711 -0.000020
    31 1.502634 -0.342846 0.123261 -1.282531 -0.846341 0.949452
    32 1.234130 -0.000002 0.000000 0.000000 0.000000 0.000011
    33 2.076793 0.000003 0.000001 0.000000 0.000000 -0.000015
    34 4.820446 -0.146769 1.069303 -0.082971 -0.375337 0.225050
    35 1.215543 0.000004 0.000002 0.000000 0.000000 0.000002
    36 1.106106 0.000002 0.000000 0.000000 0.000000 0.000006
    37 5.043205 0.010513 0.155390 -0.042639 -0.132999 0.316944
    38 1.421389 -0.000003 0.000001 0.000000 0.000000 0.000002
    39 1.291110 0.000005 0.000000 0.000000 0.000000 0.000023
    40 4.954887 -0.043327 -0.744707 0.101779 0.144534 0.317583
    41 1.361411 0.000002 0.000000 0.000000 0.000000 0.000003
    42 1.215542 -0.000001 0.000000 0.000000 0.000000 0.000025
    43 4.865873 0.262699 -1.527992 0.127057 0.401833 0.285068
    44 1.013604 -0.000004 0.000000 0.000000 0.000000 0.000003
    45 0.921102 0.000003 0.000000 0.000000 0.000000 0.000006
    46 -3.173751 -0.186098 4.111161 2.963446 -0.081009 2.569302
    47 19.802338 0.000000 0.000000 0.000000 0.000000 -0.775706
    48 17.019930 0.000000 0.000000 0.126754 -0.030978 -0.371826
    49 5.810487 3.210543 0.000000 0.000000 0.000000 1.605703
    50 1.666933 0.000000 0.000000 0.000000 0.000000 0.000008
    51 1.666934 0.000000 0.000000 0.000000 0.000000 0.000000
    52 -3.173751 -0.186078 -4.111161 -3.147984 0.214254 3.180071
    53 19.802338 0.000000 0.000000 0.000000 0.000000 -1.729378
    54 17.019927 0.000000 0.000000 -0.214895 0.021025 0.517539
    55 5.810486 3.210544 0.000000 0.000000 0.000000 1.605703
    56 1.666933 0.000000 0.000000 0.000000 0.000000 0.000008
    57 1.666934 0.000000 0.000000 0.000000 0.000000 0.000000
time 23
    0 0.457570 -0.001447 40.512211 0.000000 0.000000 -1.570873
    1 2.985841 -0.808618 0.000000 0.000000 -1.570451 -1.570795
    2 3.181566 -0.002997 0.000004 -0.000004 -0.000001 -0.060239
    3 4.102057 -0.002452 0.000000 -0.000096 -0.126629 -0.226776
    4 3.357355 -0.003973 0.000000 -0.001103 -0.066958 0.247598
    5 5.440810 -0.004970 0.000000 0.000000 0.000000 -0.104720
    6 6.839761 -0.002705 0.000000 0.000000 -0.000001 0.261799
    7 3.833326 0.000000 0.000000 0.035086 0.189223 -0.141407
    8 0.000001 0.002796 2.165678 -0.256568 -1.292311 3.126085
    9 6.518988 0.000000 -0.000004 -0.431458 0.428148 -0.933513
    10 10.891676 0.000000 0.000001 0.000000 0.000000 -2.248978
    11 12.116157 0.000000 -0.000001 -1.569969 -0.000029 -0.000005
    12 1.399126 -0.408384 -0.127036 1.282531 0.846341 0.949452
    13 1.234131 0.000002 0.000000 0.000000 0.000000 0.000011
    14 2.076791 0.000003 -0.000001 0.000000 0.000000 -0.000014
    15 4.438628 -0.105114 -0.962095 0.082971 0.375337 0.225050
    16 1.215543 0.000000 0.000001 0.000000 0.000000 0.000012
    17 1.106103 -0.000003 0.000000 0.000000 0.000000 0.000011
    18 4.642072 0.003371 -0.025598 0.042639 0.132999 0.316944
    19 1.421389 0.000001 0.000000 0.000000 0.000000 0.000015
    20 1.291107 0.000003 0.000000 0.000000 0.000000 0.000014
    21 4.564404 -0.033134 0.853965 -0.101779 -0.144534 0.317583
    22 1.361412 0.000001 0.000000 0.000000 0.000000 0.000009
    23 1.215544 0.000007 0.000000 0.000000 0.000000 0.000011
    24 4.472663 0.176448 1.675588 -0.127057 -0.401833 0.285068
    25 1.013607 -0.000002 0.000000 0.000000 0.000000 0.000009
    26 0.921099 -0.000002 0.000000 0.000000 0.000000 0.000011
    27 0.000002 0.002806 -2.165678 0.536134 1.259557 -2.889417
    28 6.518987 0.000000 -0.000002 0.505330 -0.546629 -0.990460
    29 9.073793 0.000000 0.000004 0.000000 0.000000 -2.619608
    30 13.070011 0.000000 -0.000001 1.569990 0.165711 -0.000020
    31 1.502634 -0.342846 0.123261 -1.282531 -0.846341 0.949452
    32 1.234130 -0.000002 0.000000 0.000000 0.000000 0.000011
    33 2.076793 0.000003 0.000001 0.000000 0.000000 -0.000015
    34 4.820446 -0.146769 1.069303 -0.082971 -0.375337 0.225050
    35 1.215543 0.000004 0.000002 0.000000 0.000000 0.000002
    36 1.106106 0.000002 0.000000 0.000000 0.000000 0.000006
    37 5.043205 0.010513 0.155390 -0.042639 -0.132999 0.316944
    38 1.421389 -0.000003 0.000001 0.000000 0.000000 0.000002
    39 1.291110 0.000005 0.000000 0.000000 0.000000 0.000023
    40 4.954887 -0.043327 -0.744707 0.101779 0.144534 0.317583
    41 1.361411 0.000002 0.000000 0.000000 0.000000 0.000003
    42 1.215542 -0.000001 0.000000 0.000000 0.000000 0.000025
    43 4.865873 0.262699 -1.527992 0.127057 0.401833 0.285068
    44 1.013604 -0.000004 0.000000 0.000000 0.000000 0.000003
    45 0.921102 0.000003 0.000000 0.000000 0.000000 0.000006
    46 -3.173751 -0.186098 4.111161 2.944854 -0.076458 2.519640
    47 19.802338 0.000000 0.000000 0.000000 0.000000 -0.896711
    48 17.019930 0.000000 0.000000 0.112390 -0.120225 -0.246005
    49 5.810487 3.210543 0.000000 0.000000 0.000000 1.605703
    50 1.666933 0.000000 0.000000 0.000000 0.000000 0.000008
    51 1.666934 0.000000 0.000000 0.000000 0.000000 0.000000
    52 -3.173751 -0.186078 -4.111161 -3.241742 0.183531 3.212949
    53 19.802338 0.000000 0.000000 0.000000 0.000000 -1.791601
    54 17.019927 0.000000 0.000000 -0.154991 0.009626 0.538353
    55 5.810486 3.210544 0.000000 0.000000 0.000000 1.605703
    56 1.666933 0.000000 0.000000 0.000000 0.000000 0.000008
    57 1.666934 0.000000 0.000000 0.000000 0.000000 0.000000
time 24
    0 0.457570 -0.001447 40.512211 0.000000 0.000000 -1.570873
    1 2.978028 -1.054720 0.000000 0.000000 -1.570451 -1.570795
    2 3.181566 -0.002997 0.000004 -0.000004 -0.000001 -0.060239
    3 4.102057 -0.002452 0.000000 -0.000132 -0.167257 -0.226776
    4 3.357355 -0.003973 0.000000 -0.001031 -0.085318 0.245608
    5 5.440810 -0.004970 0.000000 0.000000 0.000000 -0.104720
    6 6.839761 -0.002705 0.000000 0.000000 -0.000001 0.261799
    7 3.833326 0.000000 0.000000 0.046344 0.246798 -0.137660
    8 0.000001 0.002796 2.165678 -0.256568 -1.292311 3.126085
    9 6.518988 0.000000 -0.000004 -0.411985 0.388202 -0.907520
    10 10.891676 0.000000 0.000001 0.000000 0.000000 -2.248978
    11 12.116157 0.000000 -0.000001 -1.569969 -0.000029 -0.000005
    12 1.399126 -0.408384 -0.127036 1.282531 0.846341 0.949452
    13 1.234131 0.000002 0.000000 0.000000 0.000000 0.000011
    14 2.076791 0.000003 -0.000001 0.000000 0.000000 -0.000014
    15 4.438628 -0.105114 -0.962095 0.082971 0.375337 0.225050
    16 1.215543 0.000000 0.000001 0.000000 0.000000 0.000012
    17 1.106103 -0.000003 0.000000 0.000000 0.000000 0.000011
    18 4.642072 0.003371 -0.025598 0.042639 0.132999 0.316944
    19 1.421389 0.000001 0.000000 0.000000 0.000000 0.000015
    20 1.291107 0.000003 0.000000 0.000000 0.000000 0.000014
    21 4.564404 -0.033134 0.853965 -0.101779 -0.144534 0.317583
    22 1.361412 0.000001 0.000000 0.000000 0.000000 0.000009
    23 1.215544 0.000007 0.000000 0.000000 0.000000 0.000011
    24 4.472663 0.176448 1.675588 -0.127057 -0.401833 0.285068
    25 1.013607 -0.000002 0.000000 0.000000 0.000000 0.000009
    26 0.921099 -0.000002 0.000000 0.000000 0.000000 0.000011
    27 0.000002 0.002806 -2.165678 0.536134 1.259557 -2.889417
    28 6.518987 0.000000 -0.000002 0.485908 -0.633855 -0.926515
    29 9.073793 0.000000 0.000004 0.000000 0.000000 -2.668606
    30 13.070011 0.000000 -0.000001 1.569990 0.165711 -0.000020
    31 1.502634 -0.342846 0.123261 -1.282531 -0.846341 0.949452
    32 1.234130 -0.000002 0.000000 0.000000 0.000000 0.000011
    33 2.076793 0.000003 0.000001 0.000000 0.000000 -0.000015
    34 4.820446 -0.146769 1.069303 -0.082971 -0.375337 0.225050
    35 1.215543 0.000004 0.000002 0.000000 0.000000 0.000002
    36 1.106106 0.000002 0.000000 0.000000 0.000000 0.000006
    37 5.043205 0.010513 0.155390 -0.042639 -0.132999 0.316944
    38 1.421389 -0.000003 0.000001 0.000000 0.000000 0.000002
    39 1.291110 0.000005 0.000000 0.000000 0.000000 0.000023
    40 4.954887 -0.043327 -0.744707 0.101779 0.144534 0.317583
    41 1.361411 0.000002 0.000000 0.000000 0.000000 0.000003
    42 1.215542 -0.000001 0.000000 0.000000 0.000000 0.000025
    43 4.865873 0.262699 -1.527992 0.127057 0.401833 0.285068
    44 1.013604 -0.000004 0.000000 0.000000 0.000000 0.000003
    45 0.921102 0.000003 0.000000 0.000000 0.000000 0.000006
    46 -3.173751 -0.186098 4.111161 2.919591 -0.076668 2.484167
    47 19.802338 0.000000 0.000000 0.000000 0.000000 -1.017928
    48 17.019930 0.000000 0.000000 0.103062 -0.208255 -0.124815
    49 5.810487 3.210543 0.000000 0.000000 0.000000 1.605703
    50 1.666933 0.000000 0.000000 0.000000 0.000000 0.000008
    51 1.666934 0.000000 0.000000 0.000000 0.000000 0.000000
    52 -3.173751 -0.186078 -4.111161 -3.342383 0.153707 3.233282
    53 19.802338 0.000000 0.000000 0.000000 0.000000 -1.841395
    54 17.019927 0.000000 0.000000 -0.094227 0.001317 0.530268
    55 5.810486 3.210544 0.000000 0.000000 0.000000 1.605703
    56 1.666933 0.000000 0.000000 0.000000 0.000000 0.000008
    57 1.666934 0.000000 0.000000 0.000000 0.000000 0.000000
time 25
    0 0.457570 -0.001447 40.512211 0.000000 0.000000 -1.570873
    1 2.981935 -1.214881 0.000000 0.000000 -1.570451 -1.570795
    2 3.181566 -0.002997 0.000004 -0.000004 -0.000001 -0.060239
    3 4.102057 -0.002452 0.000000 -0.000156 -0.194438 -0.226764
    4 3.357355 -0.003973 0.000000 -0.000671 -0.096104 0.241413
    5 5.440810 -0.004970 0.000000 0.000000 0.000000 -0.104720
    6 6.839761 -0.002705 0.000000 0.000000 -0.000001 0.261799
    7 3.833326 0.000000 0.000000 0.054010 0.283800 -0.132041
    8 0.000001 0.002796 2.165678 -0.256568 -1.292311 3.126085
    9 6.518988 0.000000 -0.000004 -0.395571 0.364942 -0.885958
    10 10.891676 0.000000 0.000001 0.000000 0.000000 -2.250815
    11 12.116157 0.000000 -0.000001 -1.569969 -0.000029 -0.000005
    12 1.399126 -0.408384 -0.127036 1.282531 0.846341 0.949452
    13 1.234131 0.000002 0.000000 0.000000 0.000000 0.000011
    14 2.076791 0.000003 -0.000001 0.000000 0.000000 -0.000014
    15 4.438628 -0.105114 -0.962095 0.082971 0.375337 0.225050
    16 1.215543 0.000000 0.000001 0.000000 0.000000 0.000012
    17 1.106103 -0.000003 0.000000 0.000000 0.000000 0.000011
    18 4.642072 0.003371 -0.025598 0.042639 0.132999 0.316944
    19 1.421389 0.000001 0.000000 0.000000 0.000000 0.000015
    20 1.291107 0.000003 0.000000 0.000000 0.000000 0.000014
    21 4.564404 -0.033134 0.853965 -0.101779 -0.144534 0.317583
    22 1.361412 0.000001 0.000000 0.000000 0.000000 0.000009
    23 1.215544 0.000007 0.000000 0.000000 0.000000 0.000011
    24 4.472663 0.176448 1.675588 -0.127057 -0.401833 0.285068
    25 1.013607 -0.000002 0.000000 0.000000 0.000000 0.000009
    26 0.921099 -0.000002 0.000000 0.000000 0.000000 0.000011
    27 0.000002 0.002806 -2.165678 0.536134 1.259557 -2.889417
    28 6.518987 0.000000 -0.000002 0.463280 -0.695563 -0.873483
    29 9.073793 0.000000 0.000004 0.000000 0.000000 -2.702768
    30 13.070011 0.000000 -0.000001 1.569990 0.165711 -0.000020
    31 1.502634 -0.342846 0.123261 -1.282531 -0.846341 0.949452
    32 1.234130 -0.000002 0.000000 0.000000 0.000000 0.000011
    33 2.076793 0.000003 0.000001 0.000000 0.000000 -0.000015
    34 4.820446 -0.146769 1.069303 -0.082971 -0.375337 0.225050
    35 1.215543 0.000004 0.000002 0.000000 0.000000 0.000002
    36 1.106106 0.000002 0.000000 0.000000 0.000000 0.000006
    37 5.043205 0.010513 0.155390 -0.042639 -0.132999 0.316944
    38 1.421389 -0.000003 0.000001 0.000000 0.000000 0.000002
    39 1.291110 0.000005 0.000000 0.000000 0.000000 0.000023
    40 4.954887 -0.043327 -0.744707 0.101779 0.144534 0.317583
    41 1.361411 0.000002 0.000000 0.000000 0.000000 0.000003
    42 1.215542 -0.000001 0.000000 0.000000 0.000000 0.000025
    43 4.865873 0.262699 -1.527992 0.127057 0.401833 0.285068
    44 1.013604 -0.000004 0.000000 0.000000 0.000000 0.000003
    45 0.921102 0.000003 0.000000 0.000000 0.000000 0.000006
    46 -3.173751 -0.186098 4.111161 2.894527 -0.076219 2.459336
    47 19.802338 0.000000 0.000000 0.000000 0.000000 -1.102850
    48 17.019930 0.000000 0.000000 0.093673 -0.286079 -0.049316
    49 5.810487 3.210543 0.000000 0.000000 0.000000 1.605703
    50 1.666933 0.000000 0.000000 0.000000 0.000000 0.000008
    51 1.666934 0.000000 0.000000 0.000000 0.000000 0.000000
    52 -3.173751 -0.186078 -4.111161 -3.432239 0.125924 3.239858
    53 19.802338 0.000000 0.000000 0.000000 0.000000 -1.872507
    54 17.019927 0.000000 0.000000 -0.045105 -0.000259 0.491549
    55 5.810486 3.210544 0.000000 0.000000 0.000000 1.605703
    56 1.666933 0.000000 0.000000 0.000000 0.000000 0.000008
    57 1.666934 0.000000 0.000000 0.000000 0.000000 0.000000
time 26
    0 0.457570 -0.001447 40.512211 0.000000 0.000000 -1.570873
    1 2.997560 -1.242225 0.000000 0.000000 -1.570451 -1.570795
    2 3.181566 -0.002997 0.000004 -0.000004 -0.000001 -0.060239
    3 4.102057 -0.002452 0.000000 -0.000156 -0.200598 -0.226764
    4 3.357355 -0.003973 0.000000 -0.000072 -0.095937 0.235517
    5 5.440810 -0.004970 0.000000 0.000000 0.000000 -0.104720
    6 6.839761 -0.002705 0.000000 0.000000 -0.000001 0.261799
    7 3.833326 0.000000 0.000000 0.055668 0.289567 -0.125826
    8 0.000001 0.002796 2.165678 -0.256568 -1.292311 3.126085
    9 6.518988 0.000000 -0.000004 -0.384025 0.366756 -0.871206
    10 10.891676 0.000000 0.000001 0.000000 0.000000 -2.254304
    11 12.116157 0.000000 -0.000001 -1.569969 -0.000029 -0.000005
    12 1.399126 -0.408384 -0.127036 1.282531 0.846341 0.949452
    13 1.234131 0.000002 0.000000 0.000000 0.000000 0.000011
    14 2.076791 0.000003 -0.000001 0.000000 0.000000 -0.000014
    15 4.438628 -0.105114 -0.962095 0.082971 0.375337 0.225050
    16 1.215543 0.000000 0.000001 0.000000 0.000000 0.000012
    17 1.106103 -0.000003 0.000000 0.000000 0.000000 0.000011
    18 4.642072 0.003371 -0.025598 0.042639 0.132999 0.316944
    19 1.421389 0.000001 0.000000 0.000000 0.000000 0.000015
    20 1.291107 0.000003 0.000000 0.000000 0.000000 0.000014
    21 4.564404 -0.033134 0.853965 -0.101779 -0.144534 0.317583
    22 1.361412 0.000001 0.000000 0.000000 0.000000 0.000009
    23 1.215544 0.000007 0.000000 0.000000 0.000000 0.000011
    24 4.472663 0.176448 1.675588 -0.127057 -0.401833 0.285068
    25 1.013607 -0.000002 0.000000 0.000000 0.000000 0.000009
    26 0.921099 -0.000002 0.000000 0.000000 0.000000 0.000011
    27 0.000002 0.002806 -2.165678 0.536134 1.259557 -2.889417
    28 6.518987 0.000000 -0.000002 0.451044 -0.714487 -0.846756
    29 9.073793 0.000000 0.000004 0.000000 0.000000 -2.713117
    30 13.070011 0.000000 -0.000001 1.569990 0.165711 -0.000020
    31 1.502634 -0.342846 0.123261 -1.282531 -0.846341 0.949452
    32 1.234130 -0.000002 0.000000 0.000000 0.000000 0.000011
    33 2.076793 0.000003 0.000001 0.000000 0.000000 -0.000015
    34 4.820446 -0.146769 1.069303 -0.082971 -0.375337 0.225050
    35 1.215543 0.000004 0.000002 0.000000 0.000000 0.000002
    36 1.106106 0.000002 0.000000 0.000000 0.000000 0.000006
    37 5.043205 0.010513 0.155390 -0.042639 -0.132999 0.316944
    38 1.421389 -0.000003 0.000001 0.000000 0.000000 0.000002
    39 1.291110 0.000005 0.000000 0.000000 0.000000 0.000023
    40 4.954887 -0.043327 -0.744707 0.101779 0.144534 0.317583
    41 1.361411 0.000002 0.000000 0.000000 0.000000 0.000003
    42 1.215542 -0.000001 0.000000 0.000000 0.000000 0.000025
    43 4.865873 0.262699 -1.527992 0.127057 0.401833 0.285068
    44 1.013604 -0.000004 0.000000 0.000000 0.000000 0.000003
    45 0.921102 0.000003 0.000000 0.000000 0.000000 0.000006
    46 -3.173751 -0.186098 4.111161 2.876560 -0.069753 2.445818
    47 19.802338 0.000000 0.000000 0.000000 0.000000 -1.110461
    48 17.019930 0.000000 0.000000 0.082158 -0.348395 -0.052282
    49 5.810487 3.210543 0.000000 0.000000 0.000000 1.605703
    50 1.666933 0.000000 0.000000 0.000000 0.000000 0.000008
    51 1.666934 0.000000 0.000000 0.000000 0.000000 0.000000
    52 -3.173751 -0.186078 -4.111161 -3.493588 0.100875 3.230686
    53 19.802338 0.000000 0.000000 0.000000 0.000000 -1.878917
    54 17.019927 0.000000 0.000000 -0.017221 0.004632 0.424179
    55 5.810486 3.210544 0.000000 0.000000 0.000000 1.605703
    56 1.666933 0.000000 0.000000 0.000000 0.000000 0.000008
    57 1.666934 0.000000 0.000000 0.000000 0.000000 0.000000
time 27
    0 0.457570 -0.001447 40.512211 0.000000 0.000000 -1.570873
    1 3.028811 -1.152379 0.000000 0.000000 -1.570451 -1.570795
    2 3.181566 -0.002997 0.000004 -0.000004 -0.000001 -0.060239
    3 4.102057 -0.002452 0.000000 -0.000144 -0.187631 -0.226764
    4 3.357355 -0.003973 0.000000 0.000719 -0.085366 0.227236
    5 5.440810 -0.004970 0.000000 0.000000 0.000000 -0.104720
    6 6.839761 -0.002705 0.000000 0.000000 -0.000001 0.261799
    7 3.833326 0.000000 0.000000 0.051662 0.266499 -0.118418
    8 0.000001 0.002796 2.165678 -0.256568 -1.292311 3.126085
    9 6.518988 0.000000 -0.000004 -0.374600 0.393552 -0.858074
    10 10.891676 0.000000 0.000001 0.000000 0.000000 -2.261283
    11 12.116157 0.000000 -0.000001 -1.569969 -0.000029 -0.000005
    12 1.399126 -0.408384 -0.127036 1.282531 0.846341 0.949452
    13 1.234131 0.000002 0.000000 0.000000 0.000000 0.000011
    14 2.076791 0.000003 -0.000001 0.000000 0.000000 -0.000014
    15 4.438628 -0.105114 -0.962095 0.082971 0.375337 0.225050
    16 1.215543 0.000000 0.000001 0.000000 0.000000 0.000012
    17 1.106103 -0.000003 0.000000 0.000000 0.000000 0.000011
    18 4.642072 0.003371 -0.025598 0.042639 0.132999 0.316944
    19 1.421389 0.000001 0.000000 0.000000 0.000000 0.000015
    20 1.291107 0.000003 0.000000 0.000000 0.000000 0.000014
    21 4.564404 -0.033134 0.853965 -0.101779 -0.144534 0.317583
    22 1.361412 0.000001 0.000000 0.000000 0.000000 0.000009
    23 1.215544 0.000007 0.000000 0.000000 0.000000 0.000011
    24 4.472663 0.176448 1.675588 -0.127057 -0.401833 0.285068
    25 1.013607 -0.000002 0.000000 0.000000 0.000000 0.000009
    26 0.921099 -0.000002 0.000000 0.000000 0.000000 0.000011
    27 0.000002 0.002806 -2.165678 0.536134 1.259557 -2.889417
    28 6.518987 0.000000 -0.000002 0.451876 -0.695468 -0.844489
    29 9.073793 0.000000 0.000004 0.000000 0.000000 -2.702035
    30 13.070011 0.000000 -0.000001 1.569990 0.165711 -0.000020
    31 1.502634 -0.342846 0.123261 -1.282531 -0.846341 0.949452
    32 1.234130 -0.000002 0.000000 0.000000 0.000000 0.000011
    33 2.076793 0.000003 0.000001 0.000000 0.000000 -0.000015
    34 4.820446 -0.146769 1.069303 -0.082971 -0.375337 0.225050
    35 1.215543 0.000004 0.000002 0.000000 0.000000 0.000002
    36 1.106106 0.000002 0.000000 0.000000 0.000000 0.000006
    37 5.043205 0.010513 0.155390 -0.042639 -0.132999 0.316944
    38 1.421389 -0.000003 0.000001 0.000000 0.000000 0.000002
    39 1.291110 0.000005 0.000000 0.000000 0.000000 0.000023
    40 4.954887 -0.043327 -0.744707 0.101779 0.144534 0.317583
    41 1.361411 0.000002 0.000000 0.000000 0.000000 0.000003
    42 1.215542 -0.000001 0.000000 0.000000 0.000000 0.000025
    43 4.865873 0.262699 -1.527992 0.127057 0.401833 0.285068
    44 1.013604 -0.000004 0.000000 0.000000 0.000000 0.000003
    45 0.921102 0.000003 0.000000 0.000000 0.000000 0.000006
    46 -3.173751 -0.186098 4.111161 2.863341 -0.043708 2.500849
    47 19.802338 0.000000 0.000000 0.000000 0.000000 -0.732998
    48 17.019930 0.000000 0.000000 0.111347 -0.361469 -0.512334
    49 5.810487 3.210543 0.000000 0.000000 0.000000 1.605703
    50 1.666933 0.000000 0.000000 0.000000 0.000000 0.000008
    51 1.666934 0.000000 0.000000 0.000000 0.000000 0.000000
    52 -3.173751 -0.186078 -4.111161 -3.514236 0.074926 3.181196
    53 19.802338 0.000000 0.000000 0.000000 0.000000 -1.839128
    54 17.019927 0.000000 0.000000 -0.014061 0.009237 0.293375
    55 5.810486 3.210544 0.000000 0.000000 0.000000 1.605703
    56 1.666933 0.000000 0.000000 0.000000 0.000000 0.000008
    57 1.666934 0.000000 0.000000 0.000000 0.000000 0.000000
time 28
    0 0.457570 -0.001447 40.512211 0.000000 0.000000 -1.570873
    1 3.071781 -0.992218 0.000000 0.000000 -1.570451 -1.570795
    2 3.181566 -0.002997 0.000004 -0.000004 -0.000001 -0.060239
    3 4.102057 -0.002452 0.000000 -0.000132 -0.164093 -0.226776
    4 3.357355 -0.003973 0.000000 0.001642 -0.068228 0.216174
    5 5.440810 -0.004970 0.000000 0.000000 0.000000 -0.104720
    6 6.839761 -0.002705 0.000000 0.000000 -0.000001 0.261799
    7 3.833326 0.000000 0.000000 0.044479 0.226696 -0.108712
    8 0.000001 0.002796 2.165678 -0.256568 -1.292311 3.126085
    9 6.518988 0.000000 -0.000004 -0.362929 0.436808 -0.840727
    10 10.891676 0.000000 0.000001 0.000000 0.000000 -2.272485
    11 12.116157 0.000000 -0.000001 -1.569969 -0.000029 -0.000005
    12 1.399126 -0.408384 -0.127036 1.282531 0.846341 0.949452
    13 1.234131 0.000002 0.000000 0.000000 0.000000 0.000011
    14 2.076791 0.000003 -0.000001 0.000000 0.000000 -0.000014
    15 4.438628 -0.105114 -0.962095 0.082971 0.375337 0.225050
    16 1.215543 0.000000 0.000001 0.000000 0.000000 0.000012
    17 1.106103 -0.000003 0.000000 0.000000 0.000000 0.000011
    18 4.642072 0.003371 -0.025598 0.042639 0.132999 0.316944
    19 1.421389 0.000001 0.000000 0.000000 0.000000 0.000015
    20 1.291107 0.000003 0.000000 0.000000 0.000000 0.000014
    21 4.564404 -0.033134 0.853965 -0.101779 -0.144534 0.317583
    22 1.361412 0.000001 0.000000 0.000000 0.000000 0.000009
    23 1.215544 0.000007 0.000000 0.000000 0.000000 0.000011
    24 4.472663 0.176448 1.675588 -0.127057 -0.401833 0.285068
    25 1.013607 -0.000002 0.000000 0.000000 0.000000 0.000009
    26 0.921099 -0.000002 0.000000 0.000000 0.000000 0.000011
    27 0.000002 0.002806 -2.165678 0.536134 1.259557 -2.889417
    28 6.518987 0.000000 -0.000002 0.457756 -0.657096 -0.852450
    29 9.073793 0.000000 0.000004 0.000000 0.000000 -2.679963
    30 13.070011 0.000000 -0.000001 1.569990 0.165711 -0.000020
    31 1.502634 -0.342846 0.123261 -1.282531 -0.846341 0.949452
    32 1.234130 -0.000002 0.000000 0.000000 0.000000 0.000011
    33 2.076793 0.000003 0.000001 0.000000 0.000000 -0.000015
    34 4.820446 -0.146769 1.069303 -0.082971 -0.375337 0.225050
    35 1.215543 0.000004 0.000002 0.000000 0.000000 0.000002
    36 1.106106 0.000002 0.000000 0.000000 0.000000 0.000006
    37 5.043205 0.010513 0.155390 -0.042639 -0.132999 0.316944
    38 1.421389 -0.000003 0.000001 0.000000 0.000000 0.000002
    39 1.291110 0.000005 0.000000 0.000000 0.000000 0.000023
    40 4.954887 -0.043327 -0.744707 0.101779 0.144534 0.317583
    41 1.361411 0.000002 0.000000 0.000000 0.000000 0.000003
    42 1.215542 -0.000001 0.000000 0.000000 0.000000 0.000025
    43 4.865873 0.262699 -1.527992 0.127057 0.401833 0.285068
    44 1.013604 -0.000004 0.000000 0.000000 0.000000 0.000003
    45 0.921102 0.000003 0.000000 0.000000 0.000000 0.000006
    46 -3.173751 -0.186098 4.111161 2.861441 -0.020507 2.648493
    47 19.802338 0.000000 0.000000 0.000000 0.000000 -0.350108
    48 17.019930 0.000000 0.000000 0.133896 -0.293667 -0.941419
    49 5.810487 3.210543 0.000000 0.000000 0.000000 1.605703
    50 1.666933 0.000000 0.000000 0.000000 0.000000 0.000008
    51 1.666934 0.000000 0.000000 0.000000 0.000000 0.000000
    52 -3.173751 -0.186078 -4.111161 -3.501934 0.046763 3.086021
    53 19.802338 0.000000 0.000000 0.000000 0.000000 -1.750249
    54 17.019927 0.000000 0.000000 -0.025098 0.007784 0.092826
    55 5.810486 3.210544 0.000000 0.000000 0.000000 1.605703
    56 1.666933 0.000000 0.000000 0.000000 0.000000 0.000008
    57 1.666934 0.000000 0.000000 0.000000 0.000000 0.000000
time 29
    0 0.457570 -0.001447 40.512211 0.000000 0.000000 -1.570873
    1 3.122564 -0.773461 0.000000 0.000000 -1.570451 -1.570795
    2 3.181566 -0.002997 0.000004 -0.000004 -0.000001 -0.060239
    3 4.102057 -0.002452 0.000000 -0.000096 -0.132442 -0.226776
    4 3.357355 -0.003973 0.000000 0.002445 -0.046177 0.203195
    5 5.440810 -0.004970 0.000000 0.000000 0.000000 -0.104720
    6 6.839761 -0.002705 0.000000 0.000000 -0.000001 0.261799
    7 3.833326 0.000000 0.000000 0.034775 0.174159 -0.097175
    8 0.000001 0.002796 2.165678 -0.256568 -1.292311 3.126085
    9 6.518988 0.000000 -0.000004 -0.348824 0.492306 -0.821489
    10 10.891676 0.000000 0.000001 0.000000 0.000000 -2.286259
    11 12.116157 0.000000 -0.000001 -1.569969 -0.000029 -0.000005
    12 1.399126 -0.408384 -0.127036 1.282531 0.846341 0.949452
    13 1.234131 0.000002 0.000000 0.000000 0.000000 0.000011
    14 2.076791 0.000003 -0.000001 0.000000 0.000000 -0.000014
    15 4.438628 -0.105114 -0.962095 0.082971 0.375337 0.225050
    16 1.215543 0.000000 0.000001 0.000000 0.000000 0.000012
    17 1.106103 -0.000003 0.000000 0.000000 0.000000 0.000011
    18 4.642072 0.003371 -0.025598 0.042639 0.132999 0.316944
    19 1.421389 0.000001 0.000000 0.000000 0.000000 0.000015
    20 1.291107 0.000003 0.000000 0.000000 0.000000 0.000014
    21 4.564404 -0.033134 0.853965 -0.101779 -0.144534 0.317583
    22 1.361412 0.000001 0.000000 0.000000 0.000000 0.000009
    23 1.215544 0.000007 0.000000 0.000000 0.000000 0.000011
    24 4.472663 0.176448 1.675588 -0.127057 -0.401833 0.285068
    25 1.013607 -0.000002 0.000000 0.000000 0.000000 0.000009
    26 0.921099 -0.000002 0.000000 0.000000 0.000000 0.000011
    27 0.000002 0.002806 -2.165678 0.536134 1.259557 -2.889417
    28 6.518987 0.000000 -0.000002 0.466071 -0.603973 -0.869635
    29 9.073793 0.000000 0.000004 0.000000 0.000000 -2.649282
    30 13.070011 0.000000 -0.000001 1.569990 0.165711 -0.000020
    31 1.502634 -0.342846 0.123261 -1.282531 -0.846341 0.949452
    32 1.234130 -0.000002 0.000000 0.000000 0.000000 0.000011
    33 2.076793 0.000003 0.000001 0.000000 0.000000 -0.000015
    34 4.820446 -0.146769 1.069303 -0.082971 -0.375337 0.225050
    35 1.215543 0.000004 0.000002 0.000000 0.000000 0.000002
    36 1.106106 0.000002 0.000000 0.000000 0.000000 0.000006
    37 5.043205 0.010513 0.155390 -0.042639 -0.132999 0.316944
    38 1.421389 -0.000003 0.000001 0.000000 0.000000 0.000002
    39 1.291110 0.000005 0.000000 0.000000 0.000000 0.000023
    40 4.954887 -0.043327 -0.744707 0.101779 0.144534 0.317583
    41 1.361411 0.000002 0.000000 0.000000 0.000000 0.000003
    42 1.215542 -0.000001 0.000000 0.000000 0.000000 0.000025
    43 4.865873 0.262699 -1.527992 0.127057 0.401833 0.285068
    44 1.013604 -0.000004 0.000000 0.000000 0.000000 0.000003
    45 0.921102 0.000003 0.000000 0.000000 0.000000 0.000006
    46 -3.173751 -0.186098 4.111161 2.872686 -0.026734 2.851456
    47 19.802338 0.000000 0.000000 0.000000 0.000000 -0.408954
    48 17.019930 0.000000 0.000000 0.022376 -0.125401 -0.797764
    49 5.810487 3.210543 0.000000 0.000000 0.000000 1.605703
    50 1.666933 0.000000 0.000000 0.000000 0.000000 0.000008
    51 1.666934 0.000000 0.000000 0.000000 0.000000 0.000000
    52 -3.173751 -0.186078 -4.111161 -3.470446 0.022233 2.971465
    53 19.802338 0.000000 0.000000 0.000000 0.000000 -1.633854
    54 17.019927 0.000000 0.000000 -0.037739 0.001828 -0.132437
    55 5.810486 3.210544 0.000000 0.000000 0.000000 1.605703
    56 1.666933 0.000000 0.000000 0.000000 0.000000 0.000008
    57 1.666934 0.000000 0.000000 0.000000 0.000000 0.000000
time 30
    0 0.457570 -0.001447 40.512211 0.000000 0.000000 -1.570873
    1 3.177253 -0.519547 0.000000 0.000000 -1.570451 -1.570795
    2 3.181566 -0.002997 0.000004 -0.000004 -0.000001 -0.060239
    3 4.102057 -0.002452 0.000000 -0.000072 -0.095134 -0.226776
    4 3.357355 -0.003973 0.000000 0.002960 -0.020817 0.189185
    5 5.440810 -0.004970 0.000000 0.000000 0.000000 -0.104720
    6 6.839761 -0.002705 0.000000 0.000000 -0.000001 0.261799
    7 3.833326 0.000000 0.000000 0.023206 0.112866 -0.084404
    8 0.000001 0.002796 2.165678 -0.256568 -1.292311 3.126085
    9 6.518988 0.000000 -0.000004 -0.332660 0.555783 -0.802846
    10 10.891676 0.000000 0.000001 0.000000 0.000000 -2.301227
    11 12.116157 0.000000 -0.000001 -1.569969 -0.000029 -0.000005
    12 1.399126 -0.408384 -0.127036 1.282531 0.846341 0.949452
    13 1.234131 0.000002 0.000000 0.000000 0.000000 0.000011
    14 2.076791 0.000003 -0.000001 0.000000 0.000000 -0.000014
    15 4.438628 -0.105114 -0.962095 0.082971 0.375337 0.225050
    16 1.215543 0.000000 0.000001 0.000000 0.000000 0.000012
    17 1.106103 -0.000003 0.000000 0.000000 0.000000 0.000011
    18 4.642072 0.003371 -0.025598 0.042639 0.132999 0.316944
    19 1.421389 0.000001 0.000000 0.000000 0.000000 0.000015
    20 1.291107 0.000003 0.000000 0.000000 0.000000 0.000014
    21 4.564404 -0.033134 0.853965 -0.101779 -0.144534 0.317583
    22 1.361412 0.000001 0.000000 0.000000 0.000000 0.000009
    23 1.215544 0.000007 0.000000 0.000000 0.000000 0.000011
    24 4.472663 0.176448 1.675588 -0.127057 -0.401833 0.285068
    25 1.013607 -0.000002 0.000000 0.000000 0.000000 0.000009
    26 0.921099 -0.000002 0.000000 0.000000 0.000000 0.000011
    27 0.000002 0.002806 -2.165678 0.536134 1.259557 -2.889417
    28 6.518987 0.000000 -0.000002 0.474089 -0.540795 -0.894939
    29 9.073793 0.000000 0.000004 0.000000 0.000000 -2.612464
    30 13.070011 0.000000 -0.000001 1.569990 0.165711 -0.000020
    31 1.502634 -0.342846 0.123261 -1.282531 -0.846341 0.949452
    32 1.234130 -0.000002 0.000000 0.000000 0.000000 0.000011
    33 2.076793 0.000003 0.000001 0.000000 0.000000 -0.000015
    34 4.820446 -0.146769 1.069303 -0.082971 -0.375337 0.225050
    35 1.215543 0.000004 0.000002 0.000000 0.000000 0.000002
    36 1.106106 0.000002 0.000000 0.000000 0.000000 0.000006
    37 5.043205 0.010513 0.155390 -0.042639 -0.132999 0.316944
    38 1.421389 -0.000003 0.000001 0.000000 0.000000 0.000002
    39 1.291110 0.000005 0.000000 0.000000 0.000000 0.000023
    40 4.954887 -0.043327 -0.744707 0.101779 0.144534 0.317583
    41 1.361411 0.000002 0.000000 0.000000 0.000000 0.000003
    42 1.215542 -0.000001 0.000000 0.000000 0.000000 0.000025
    43 4.865873 0.262699 -1.527992 0.127057 0.401833 0.285068
    44 1.013604 -0.000004 0.000000 0.000000 0.000000 0.000003
    45 0.921102 0.000003 0.000000 0.000000 0.000000 0.000006
    46 -3.173751 -0.186098 4.111161 2.884281 -0.043828 3.081455
    47 19.802338 0.000000 0.000000 0.000000 0.000000 -0.611217
    48 17.019930 0.000000 0.000000 -0.143389 0.061796 -0.495729
    49 5.810487 3.210543 0.000000 0.000000 0.000000 1.605703
    50 1.666933 0.000000 0.000000 0.000000 0.000000 0.000008
    51 1.666934 0.000000 0.000000 0.000000 0.000000 0.000000
    52 -3.173751 -0.186078 -4.111161 -3.435816 0.003827 2.863918
    53 19.802338 0.000000 0.000000 0.000000 0.000000 -1.511362
    54 17.019927 0.000000 0.000000 -0.044176 -0.004536 -0.337560
    55 5.810486 3.210544 0.000000 0.000000 0.000000 1.605703
    56 1.666933 0.000000 0.000000 0.000000 0.000000 0.000008
    57 1.666934 0.000000 0.000000 0.000000 0.000000 0.000000
time 31
    0 0.457570 -0.001447 40.512211 0.000000 0.000000 -1.570873
    1 3.228036 -0.242195 0.000000 0.000000 -1.570451 -1.570795
    2 3.181566 -0.002997 0.000004 -0.000004 -0.000001 -0.060239
    3 4.102057 -0.002452 0.000000 -0.000036 -0.054638 -0.226776
    4 3.357355 -0.003973 0.000000 0.003080 0.006196 0.174983
    5 5.440810 -0.004970 0.000000 0.000000 0.000000 -0.104720
    6 6.839761 -0.002705 0.000000 0.000000 -0.000001 0.261799
    7 3.833326 0.000000 0.000000 0.010498 0.046864 -0.070952
    8 0.000001 0.002796 2.165678 -0.256568 -1.292311 3.126085
    9 6.518988 0.000000 -0.000004 -0.315434 0.622843 -0.787337
    10 10.891676 0.000000 0.000001 0.000000 0.000000 -2.315827
    11 12.116157 0.000000 -0.000001 -1.569969 -0.000029 -0.000005
    12 1.399126 -0.408384 -0.127036 1.282531 0.846341 0.949452
    13 1.234131 0.000002 0.000000 0.000000 0.000000 0.000011
    14 2.076791 0.000003 -0.000001 0.000000 0.000000 -0.000014
    15 4.438628 -0.105114 -0.962095 0.082971 0.375337 0.225050
    16 1.215543 0.000000 0.000001 0.000000 0.000000 0.000012
    17 1.106103 -0.000003 0.000000 0.000000 0.000000 0.000011
    18 4.642072 0.003371 -0.025598 0.042639 0.132999 0.316944
    19 1.421389 0.000001 0.000000 0.000000 0.000000 0.000015
    20 1.291107 0.000003 0.000000 0.000000 0.000000 0.000014
    21 4.564404 -0.033134 0.853965 -0.101779 -0.144534 0.317583
    22 1.361412 0.000001 0.000000 0.000000 0.000000 0.000009
    23 1.215544 0.000007 0.000000 0.000000 0.000000 0.000011
    24 4.472663 0.176448 1.675588 -0.127057 -0.401833 0.285068
    25 1.013607 -0.000002 0.000000 0.000000 0.000000 0.000009
    26 0.921099 -0.000002 0.000000 0.000000 0.000000 0.000011
    27 0.000002 0.002806 -2.165678 0.536134 1.259557 -2.889417
    28 6.518987 0.000000 -0.000002 0.479732 -0.472447 -0.927095
    29 9.073793 0.000000 0.000004 0.000000 0.000000 -2.572074
    30 13.070011 0.000000 -0.000001 1.569990 0.165711 -0.000020
    31 1.502634 -0.342846 0.123261 -1.282531 -0.846341 0.949452
    32 1.234130 -0.000002 0.000000 0.000000 0.000000 0.000011
    33 2.076793 0.000003 0.000001 0.000000 0.000000 -0.000015
    34 4.820446 -0.146769 1.069303 -0.082971 -0.375337 0.225050
    35 1.215543 0.000004 0.000002 0.000000 0.000000 0.000002
    36 1.106106 0.000002 0.000000 0.000000 0.000000 0.000006
    37 5.043205 0.010513 0.155390 -0.042639 -0.132999 0.316944
    38 1.421389 -0.000003 0.000001 0.000000 0.000000 0.000002
    39 1.291110 0.000005 0.000000 0.000000 0.000000 0.000023
    40 4.954887 -0.043327 -0.744707 0.101779 0.144534 0.317583
    41 1.361411 0.000002 0.000000 0.000000 0.000000 0.000003
    42 1.215542 -0.000001 0.000000 0.000000 0.000000 0.000025
    43 4.865873 0.262699 -1.527992 0.127057 0.401833 0.285068
    44 1.013604 -0.000004 0.000000 0.000000 0.000000 0.000003
    45 0.921102 0.000003 0.000000 0.000000 0.000000 0.000006
    46 -3.173751 -0.186098 4.111161 2.891478 -0.040774 3.273489
    47 19.802338 0.000000 0.000000 0.000000 0.000000 -0.806362
    48 17.019930 0.000000 0.000000 -0.246583 0.165024 -0.278926
    49 5.810487 3.210543 0.000000 0.000000 0.000000 1.605703
    50 1.666933 0.000000 0.000000 0.000000 0.000000 0.000008
    51 1.666934 0.000000 0.000000 0.000000 0.000000 0.000000
    52 -3.173751 -0.186078 -4.111161 -3.398854 -0.010151 2.754381
    53 19.802338 0.000000 0.000000 0.000000 0.000000 -1.389026
    54 17.019927 0.000000 0.000000 -0.049985 -0.012067 -0.563603
    55 5.810486 3.210544 0.000000 0.000000 0.000000 1.605703
    56 1.666933 0.000000 0.000000 0.000000 0.000000 0.000008
    57 1.666934 0.000000 0.000000 0.000000 0.000000 0.000000
time 32
    0 0.457570 -0.001447 40.512211 0.000000 0.000000 -1.570873
    1 3.271006 0.035157 0.000000 0.000000 -1.570451 -1.570795
    2 3.181566 -0.002997 0.000004 -0.000004 -0.000001 -0.060239
    3 4.102057 -0.002452 0.000000 0.000000 -0.013387 -0.226776
    4 3.357355 -0.003973 0.000000 0.002804 0.033233 0.161440
    5 5.440810 -0.004970 0.000000 0.000000 0.000000 -0.104720
    6 6.839761 -0.002705 0.000000 0.000000 -0.000001 0.261799
    7 3.833326 0.000000 0.000000 -0.002625 -0.019843 -0.057584
    8 0.000001 0.002796 2.165678 -0.256568 -1.292311 3.126085
    9 6.518988 0.000000 -0.000004 -0.299456 0.689086 -0.777555
    10 10.891676 0.000000 0.000001 0.000000 0.000000 -2.328591
    11 12.116157 0.000000 -0.000001 -1.569969 -0.000029 -0.000005
    12 1.399126 -0.408384 -0.127036 1.282531 0.846341 0.949452
    13 1.234131 0.000002 0.000000 0.000000 0.000000 0.000011
    14 2.076791 0.000003 -0.000001 0.000000 0.000000 -0.000014
    15 4.438628 -0.105114 -0.962095 0.082971 0.375337 0.225050
    16 1.215543 0.000000 0.000001 0.000000 0.000000 0.000012
    17 1.106103 -0.000003 0.000000 0.000000 0.000000 0.000011
    18 4.642072 0.003371 -0.025598 0.042639 0.132999 0.316944
    19 1.421389 0.000001 0.000000 0.000000 0.000000 0.000015
    20 1.291107 0.000003 0.000000 0.000000 0.000000 0.000014
    21 4.564404 -0.033134 0.853965 -0.101779 -0.144534 0.317583
    22 1.361412 0.000001 0.000000 0.000000 0.000000 0.000009
    23 1.215544 0.000007 0.000000 0.000000 0.000000 0.000011
    24 4.472663 0.176448 1.675588 -0.127057 -0.401833 0.285068
    25 1.013607 -0.000002 0.000000 0.000000 0.000000 0.000009
    26 0.921099 -0.000002 0.000000 0.000000 0.000000 0.000011
    27 0.000002 0.002806 -2.165678 0.536134 1.259557 -2.889417
    28 6.518987 0.000000 -0.000002 0.481632 -0.403767 -0.964576
    29 9.073793 0.000000 0.000004 0.000000 0.000000 -2.530403
    30 13.070011 0.000000 -0.000001 1.569990 0.165711 -0.000020
    31 1.502634 -0.342846 0.123261 -1.282531 -0.846341 0.949452
    32 1.234130 -0.000002 0.000000 0.000000 0.000000 0.000011
    33 2.076793 0.000003 0.000001 0.000000 0.000000 -0.000015
    34 4.820446 -0.146769 1.069303 -0.082971 -0.375337 0.225050
    35 1.215543 0.000004 0.000002 0.000000 0.000000 0.000002
    36 1.106106 0.000002 0.000000 0.000000 0.000000 0.000006
    37 5.043205 0.010513 0.155390 -0.042639 -0.132999 0.316944
    38 1.421389 -0.000003 0.000001 0.000000 0.000000 0.000002
    39 1.291110 0.000005 0.000000 0.000000 0.000000 0.000023
    40 4.954887 -0.043327 -0.744707 0.101779 0.144534 0.317583
    41 1.361411 0.000002 0.000000 0.000000 0.000000 0.000003
    42 1.215542 -0.000001 0.000000 0.000000 0.000000 0.000025
    43 4.865873 0.262699 -1.527992 0.127057 0.401833 0.285068
    44 1.013604 -0.000004 0.000000 0.000000 0.000000 0.000003
    45 0.921102 0.000003 0.000000 0.000000 0.000000 0.000006
    46 -3.173751 -0.186098 4.111161 2.903648 0.015686 3.427365
    47 19.802338 0.000000 0.000000 0.000000 0.000000 -0.963592
    48 17.019930 0.000000 0.000000 -0.181545 0.153291 -0.218982
    49 5.810487 3.210543 0.000000 0.000000 0.000000 1.605703
    50 1.666933 0.000000 0.000000 0.000000 0.000000 0.000008
    51 1.666934 0.000000 0.000000 0.000000 0.000000 0.000000
    52 -3.173751 -0.186078 -4.111161 -3.353114 -0.016794 2.634115
    53 19.802338 0.000000 0.000000 0.000000 0.000000 -1.255199
    54 17.019927 0.000000 0.000000 -0.053842 -0.022157 -0.816771
    55 5.810486 3.210544 0.000000 0.000000 0.000000 1.605703
    56 1.666933 0.000000 0.000000 0.000000 0.000000 0.000008
    57 1.666934 0.000000 0.000000 0.000000 0.000000 0.000000
time 33
    0 0.457570 -0.001447 40.512211 0.000000 0.000000 -1.570873
    1 3.302257 0.304697 0.000000 0.000000 -1.570451 -1.570795
    2 3.181566 -0.002997 0.000004 -0.000004 -0.000001 -0.060239
    3 4.102057 -0.002452 0.000000 0.000012 0.026150 -0.226776
    4 3.357355 -0.003973 0.000000 0.002193 0.058653 0.149396
    5 5.440810 -0.004970 0.000000 0.000000 0.000000 -0.104720
    6 6.839761 -0.002705 0.000000 0.000000 -0.000001 0.261799
    7 3.833326 0.000000 0.000000 -0.015506 -0.083302 -0.044983
    8 0.000001 0.002796 2.165678 -0.256568 -1.292311 3.126085
    9 6.518988 0.000000 -0.000004 -0.287598 0.750070 -0.776475
    10 10.891676 0.000000 0.000001 0.000000 0.000000 -2.337957
    11 12.116157 0.000000 -0.000001 -1.569969 -0.000029 -0.000005
    12 1.399126 -0.408384 -0.127036 1.282531 0.846341 0.949452
    13 1.234131 0.000002 0.000000 0.000000 0.000000 0.000011
    14 2.076791 0.000003 -0.000001 0.000000 0.000000 -0.000014
    15 4.438628 -0.105114 -0.962095 0.082971 0.375337 0.225050
    16 1.215543 0.000000 0.000001 0.000000 0.000000 0.000012
    17 1.106103 -0.000003 0.000000 0.000000 0.000000 0.000011
    18 4.642072 0.003371 -0.025598 0.042639 0.132999 0.316944
    19 1.421389 0.000001 0.000000 0.000000 0.000000 0.000015
    20 1.291107 0.000003 0.000000 0.000000 0.000000 0.000014
    21 4.564404 -0.033134 0.853965 -0.101779 -0.144534 0.317583
    22 1.361412 0.000001 0.000000 0.000000 0.000000 0.000009
    23 1.215544 0.000007 0.000000 0.000000 0.000000 0.000011
    24 4.472663 0.176448 1.675588 -0.127057 -0.401833 0.285068
    25 1.013607 -0.000002 0.000000 0.000000 0.000000 0.000009
    26 0.921099 -0.000002 0.000000 0.000000 0.000000 0.000011
    27 0.000002 0.002806 -2.165678 0.536134 1.259557 -2.889417
    28 6.518987 0.000000 -0.000002 0.479553 -0.339261 -1.005220
    29 9.073793 0.000000 0.000004 0.000000 0.000000 -2.489922
    30 13.070011 0.000000 -0.000001 1.569990 0.165711 -0.000020
    31 1.502634 -0.342846 0.123261 -1.282531 -0.846341 0.949452
    32 1.234130 -0.000002 0.000000 0.000000 0.000000 0.000011
    33 2.076793 0.000003 0.000001 0.000000 0.000000 -0.000015
    34 4.820446 -0.146769 1.069303 -0.082971 -0.375337 0.225050
    35 1.215543 0.000004 0.000002 0.000000 0.000000 0.000002
    36 1.106106 0.000002 0.000000 0.000000 0.000000 0.000006
    37 5.043205 0.010513 0.155390 -0.042639 -0.132999 0.316944
    38 1.421389 -0.000003 0.000001 0.000000 0.000000 0.000002
    39 1.291110 0.000005 0.000000 0.000000 0.000000 0.000023
    40 4.954887 -0.043327 -0.744707 0.101779 0.144534 0.317583
    41 1.361411 0.000002 0.000000 0.000000 0.000000 0.000003
    42 1.215542 -0.000001 0.000000 0.000000 0.000000 0.000025
    43 4.865873 0.262699 -1.527992 0.127057 0.401833 0.285068
    44 1.013604 -0.000004 0.000000 0.000000 0.000000 0.000003
    45 0.921102 0.000003 0.000000 0.000000 0.000000 0.000006
    46 -3.173751 -0.186098 4.111161 2.925788 0.092982 3.546631
    47 19.802338 0.000000 0.000000 0.000000 0.000000 -1.109193
    48 17.019930 0.000000 0.000000 -0.011507 0.121947 -0.217137
    49 5.810487 3.210543 0.000000 0.000000 0.000000 1.605703
    50 1.666933 0.000000 0.000000 0.000000 0.000000 0.000008
    51 1.666934 0.000000 0.000000 0.000000 0.000000 0.000000
    52 -3.173751 -0.186078 -4.111161 -3.305476 -0.013853 2.530548
    53 19.802338 0.000000 0.000000 0.000000 0.000000 -1.104487
    54 17.019927 0.000000 0.000000 -0.050055 -0.030015 -0.999875
    55 5.810486 3.210544 0.000000 0.000000 0.000000 1.605703
    56 1.666933 0.000000 0.000000 0.000000 0.000000 0.000008
    57 1.666934 0.000000 0.000000 0.000000 0.000000 0.000000
time 34
    0 0.457570 -0.001447 40.512211 0.000000 0.000000 -1.570873
    1 3.325695 0.542985 0.000000 0.000000 -1.570451 -1.570795
    2 3.181566 -0.002997 0.000004 -0.000004 -0.000001 -0.060239
    3 4.102057 -0.002452 0.000000 0.000048 0.061517 -0.226776
    4 3.357355 -0.003973 0.000000 0.001390 0.080800 0.139700
    5 5.440810 -0.004970 0.000000 0.000000 0.000000 -0.104720
    6 6.839761 -0.002705 0.000000 0.000000 -0.000001 0.261799
    7 3.833326 0.000000 0.000000 -0.027212 -0.139440 -0.034255
    8 0.000001 0.002796 2.165678 -0.256568 -1.292311 3.126085
    9 6.518988 0.000000 -0.000004 -0.283541 0.801396 -0.787174
    10 10.891676 0.000000 0.000001 0.000000 0.000000 -2.342548
    11 12.116157 0.000000 -0.000001 -1.569969 -0.000029 -0.000005
    12 1.399126 -0.408384 -0.127036 1.282531 0.846341 0.949452
    13 1.234131 0.000002 0.000000 0.000000 0.000000 0.000011
    14 2.076791 0.000003 -0.000001 0.000000 0.000000 -0.000014
    15 4.438628 -0.105114 -0.962095 0.082971 0.375337 0.225050
    16 1.215543 0.000000 0.000001 0.000000 0.000000 0.000012
    17 1.106103 -0.000003 0.000000 0.000000 0.000000 0.000011
    18 4.642072 0.003371 -0.025598 0.042639 0.132999 0.316944
    19 1.421389 0.000001 0.000000 0.000000 0.000000 0.000015
    20 1.291107 0.000003 0.000000 0.000000 0.000000 0.000014
    21 4.564404 -0.033134 0.853965 -0.101779 -0.144534 0.317583
    22 1.361412 0.000001 0.000000 0.000000 0.000000 0.000009
    23 1.215544 0.000007 0.000000 0.000000 0.000000 0.000011
    24 4.472663 0.176448 1.675588 -0.127057 -0.401833 0.285068
    25 1.013607 -0.000002 0.000000 0.000000 0.000000 0.000009
    26 0.921099 -0.000002 0.000000 0.000000 0.000000 0.000011
    27 0.000002 0.002806 -2.165678 0.536134 1.259557 -2.889417
    28 6.518987 0.000000 -0.000002 0.474327 -0.282818 -1.046286
    29 9.073793 0.000000 0.000004 0.000000 0.000000 -2.453195
    30 13.070011 0.000000 -0.000001 1.569990 0.165711 -0.000020
    31 1.502634 -0.342846 0.123261 -1.282531 -0.846341 0.949452
    32 1.234130 -0.000002 0.000000 0.000000 0.000000 0.000011
    33 2.076793 0.000003 0.000001 0.000000 0.000000 -0.000015
    34 4.820446 -0.146769 1.069303 -0.082971 -0.375337 0.225050
    35 1.215543 0.000004 0.000002 0.000000 0.000000 0.000002
    36 1.106106 0.000002 0.000000 0.000000 0.000000 0.000006
    37 5.043205 0.010513 0.155390 -0.042639 -0.132999 0.316944
    38 1.421389 -0.000003 0.000001 0.000000 0.000000 0.000002
    39 1.291110 0.000005 0.000000 0.000000 0.000000 0.000023
    40 4.954887 -0.043327 -0.744707 0.101779 0.144534 0.317583
    41 1.361411 0.000002 0.000000 0.000000 0.000000 0.000003
    42 1.215542 -0.000001 0.000000 0.000000 0.000000 0.000025
    43 4.865873 0.262699 -1.527992 0.127057 0.401833 0.285068
    44 1.013604 -0.000004 0.000000 0.000000 0.000000 0.000003
    45 0.921102 0.000003 0.000000 0.000000 0.000000 0.000006
    46 -3.173751 -0.186098 4.111161 2.938807 0.129295 3.573955
    47 19.802338 0.000000 0.000000 0.000000 0.000000 -1.165996
    48 17.019930 0.000000 0.000000 0.114456 0.122318 -0.225819
    49 5.810487 3.210543 0.000000 0.000000 0.000000 1.605703
    50 1.666933 0.000000 0.000000 0.000000 0.000000 0.000008
    51 1.666934 0.000000 0.000000 0.000000 0.000000 0.000000
    52 -3.173751 -0.186078 -4.111161 -3.262716 -0.002954 2.471366
    53 19.802338 0.000000 0.000000 0.000000 0.000000 -0.931732
    54 17.019927 0.000000 0.000000 -0.044454 -0.032819 -1.015228
    55 5.810486 3.210544 0.000000 0.000000 0.000000 1.605703
    56 1.666933 0.000000 0.000000 0.000000 0.000000 0.000008
    57 1.666934 0.000000 0.000000 0.000000 0.000000 0.000000
time 35
    0 0.457570 -0.001447 40.512211 0.000000 0.000000 -1.570873
    1 3.341321 0.734397 0.000000 0.000000 -1.570451 -1.570795
    2 3.181566 -0.002997 0.000004 -0.000004 -0.000001 -0.060239
    3 4.102057 -0.002452 0.000000 0.000072 0.090280 -0.226776
    4 3.357355 -0.003973 0.000000 0.000623 0.098034 0.133217
    5 5.440810 -0.004970 0.000000 0.000000 0.000000 -0.104720
    6 6.839761 -0.002705 0.000000 0.000000 -0.000001 0.261799
    7 3.833326 0.000000 0.000000 -0.036813 -0.184327 -0.026593
    8 0.000001 0.002796 2.165678 -0.256568 -1.292311 3.126085
    9 6.518988 0.000000 -0.000004 -0.290781 0.838531 -0.812303
    10 10.891676 0.000000 0.000001 0.000000 0.000000 -2.340803
    11 12.116157 0.000000 -0.000001 -1.569969 -0.000029 -0.000005
    12 1.399126 -0.408384 -0.127036 1.282531 0.846341 0.949452
    13 1.234131 0.000002 0.000000 0.000000 0.000000 0.000011
    14 2.076791 0.000003 -0.000001 0.000000 0.000000 -0.000014
    15 4.438628 -0.105114 -0.962095 0.082971 0.375337 0.225050
    16 1.215543 0.000000 0.000001 0.000000 0.000000 0.000012
    17 1.106103 -0.000003 0.000000 0.000000 0.000000 0.000011
    18 4.642072 0.003371 -0.025598 0.042639 0.132999 0.316944
    19 1.421389 0.000001 0.000000 0.000000 0.000000 0.000015
    20 1.291107 0.000003 0.000000 0.000000 0.000000 0.000014
    21 4.564404 -0.033134 0.853965 -0.101779 -0.144534 0.317583
    22 1.361412 0.000001 0.000000 0.000000 0.000000 0.000009
    23 1.215544 0.000007 0.000000 0.000000 0.000000 0.000011
    24 4.472663 0.176448 1.675588 -0.127057 -0.401833 0.285068
    25 1.013607 -0.000002 0.000000 0.000000 0.000000 0.000009
    26 0.921099 -0.000002 0.000000 0.000000 0.000000 0.000011
    27 0.000002 0.002806 -2.165678 0.536134 1.259557 -2.889417
    28 6.518987 0.000000 -0.000002 0.467675 -0.237664 -1.084400
    29 9.073793 0.000000 0.000004 0.000000 0.000000 -2.422606
    30 13.070011 0.000000 -0.000001 1.569990 0.165711 -0.000020
    31 1.502634 -0.342846 0.123261 -1.282531 -0.846341 0.949452
    32 1.234130 -0.000002 0.000000 0.000000 0.000000 0.000011
    33 2.076793 0.000003 0.000001 0.000000 0.000000 -0.000015
    34 4.820446 -0.146769 1.069303 -0.082971 -0.375337 0.225050
    35 1.215543 0.000004 0.000002 0.000000 0.000000 0.000002
    36 1.106106 0.000002 0.000000 0.000000 0.000000 0.000006
    37 5.043205 0.010513 0.155390 -0.042639 -0.132999 0.316944
    38 1.421389 -0.000003 0.000001 0.000000 0.000000 0.000002
    39 1.291110 0.000005 0.000000 0.000000 0.000000 0.000023
    40 4.954887 -0.043327 -0.744707 0.101779 0.144534 0.317583
    41 1.361411 0.000002 0.000000 0.000000 0.000000 0.000003
    42 1.215542 -0.000001 0.000000 0.000000 0.000000 0.000025
    43 4.865873 0.262699 -1.527992 0.127057 0.401833 0.285068
    44 1.013604 -0.000004 0.000000 0.000000 0.000000 0.000003
    45 0.921102 0.000003 0.000000 0.000000 0.000000 0.000006
    46 -3.173751 -0.186098 4.111161 2.934709 0.116302 3.513171
    47 19.802338 0.000000 0.000000 0.000000 0.000000 -1.132379
    48 17.019930 0.000000 0.000000 0.152432 0.132814 -0.227194
    49 5.810487 3.210543 0.000000 0.000000 0.000000 1.605703
    50 1.666933 0.000000 0.000000 0.000000 0.000000 0.000008
    51 1.666934 0.000000 0.000000 0.000000 0.000000 0.000000
    52 -3.173751 -0.186078 -4.111161 -3.226513 0.014483 2.489017
    53 19.802338 0.000000 0.000000 0.000000 0.000000 -0.654541
    54 17.019927 0.000000 0.000000 -0.047801 -0.021256 -0.647637
    55 5.810486 3.210544 0.000000 0.000000 0.000000 1.605703
    56 1.666933 0.000000 0.000000 0.000000 0.000000 0.000008
    57 1.666934 0.000000 0.000000 0.000000 0.000000 0.000000
time 36
    0 0.457570 -0.001447 40.512211 0.000000 0.000000 -1.570873
    1 3.341321 0.863308 0.000000 0.000000 -1.570451 -1.570795
    2 3.181566 -0.002997 0.000004 -0.000004 -0.000001 -0.060239
    3 4.102057 -0.002452 0.000000 0.000084 0.109971 -0.226776
    4 3.357355 -0.003973 0.000000 0.000084 0.108712 0.130856
    5 5.440810 -0.004970 0.000000 0.000000 0.000000 -0.104720
    6 6.839761 -0.002705 0.000000 0.000000 -0.000001 0.261799
    7 3.833326 0.000000 0.000000 -0.043201 -0.213962 -0.023229
    8 0.000001 0.002796 2.165678 -0.256568 -1.292311 3.126085
    9 6.518988 0.000000 -0.000004 -0.311315 0.856848 -0.853264
    10 10.891676 0.000000 0.000001 0.000000 0.000000 -2.331162
    11 12.116157 0.000000 -0.000001 -1.569969 -0.000029 -0.000005
    12 1.399126 -0.408384 -0.127036 1.282531 0.846341 0.949452
    13 1.234131 0.000002 0.000000 0.000000 0.000000 0.000011
    14 2.076791 0.000003 -0.000001 0.000000 0.000000 -0.000014
    15 4.438628 -0.105114 -0.962095 0.082971 0.375337 0.225050
    16 1.215543 0.000000 0.000001 0.000000 0.000000 0.000012
    17 1.106103 -0.000003 0.000000 0.000000 0.000000 0.000011
    18 4.642072 0.003371 -0.025598 0.042639 0.132999 0.316944
    19 1.421389 0.000001 0.000000 0.000000 0.000000 0.000015
    20 1.291107 0.000003 0.000000 0.000000 0.000000 0.000014
    21 4.564404 -0.033134 0.853965 -0.101779 -0.144534 0.317583
    22 1.361412 0.000001 0.000000 0.000000 0.000000 0.000009
    23 1.215544 0.000007 0.000000 0.000000 0.000000 0.000011
    24 4.472663 0.176448 1.675588 -0.127057 -0.401833 0.285068
    25 1.013607 -0.000002 0.000000 0.000000 0.000000 0.000009
    26 0.921099 -0.000002 0.000000 0.000000 0.000000 0.000011
    27 0.000002 0.002806 -2.165678 0.536134 1.259557 -2.889417
    28 6.518987 0.000000 -0.000002 0.461854 -0.206217 -1.115660
    29 9.073793 0.000000 0.000004 0.000000 0.000000 -2.400625
    30 13.070011 0.000000 -0.000001 1.569990 0.165711 -0.000020
    31 1.502634 -0.342846 0.123261 -1.282531 -0.846341 0.949452
    32 1.234130 -0.000002 0.000000 0.000000 0.000000 0.000011
    33 2.076793 0.000003 0.000001 0.000000 0.000000 -0.000015
    34 4.820446 -0.146769 1.069303 -0.082971 -0.375337 0.225050
    35 1.215543 0.000004 0.000002 0.000000 0.000000 0.000002
    36 1.106106 0.000002 0.000000 0.000000 0.000000 0.000006
    37 5.043205 0.010513 0.155390 -0.042639 -0.132999 0.316944
    38 1.421389 -0.000003 0.000001 0.000000 0.000000 0.000002
    39 1.291110 0.000005 0.000000 0.000000 0.000000 0.000023
    40 4.954887 -0.043327 -0.744707 0.101779 0.144534 0.317583
    41 1.361411 0.000002 0.000000 0.000000 0.000000 0.000003
    42 1.215542 -0.000001 0.000000 0.000000 0.000000 0.000025
    43 4.865873 0.262699 -1.527992 0.127057 0.401833 0.285068
    44 1.013604 -0.000004 0.000000 0.000000 0.000000 0.000003
    45 0.921102 0.000003 0.000000 0.000000 0.000000 0.000006
    46 -3.173751 -0.186098 4.111161 2.926737 0.088102 3.417586
    47 19.802338 0.000000 0.000000 0.000000 0.000000 -1.065428
    48 17.019930 0.000000 0.000000 0.173436 0.137928 -0.232403
    49 5.810487 3.210543 0.000000 0.000000 0.000000 1.605703
    50 1.666933 0.000000 0.000000 0.000000 0.000000 0.000008
    51 1.666934 0.000000 0.000000 0.000000 0.000000 0.000000
    52 -3.173751 -0.186078 -4.111161 -3.192912 0.035000 2.570348
    53 19.802338 0.000000 0.000000 0.000000 0.000000 -0.340220
    54 17.019927 0.000000 0.000000 -0.049543 0.021045 -0.040388
    55 5.810486 3.210544 0.000000 0.000000 0.000000 1.605703
    56 1.666933 0.000000 0.000000 0.000000 0.000000 0.000008
    57 1.666934 0.000000 0.000000 0.000000 0.000000 0.000000
time 37
    0 0.457570 -0.001447 40.512211 0.000000 0.000000 -1.570873
    1 3.310070 0.816431 0.000000 0.000000 -1.570451 -1.570795
    2 3.181566 -0.002997 0.000004 -0.000004 -0.000001 -0.060239
    3 4.102057 -0.002452 0.000000 0.000084 0.105992 -0.226776
    4 3.357355 -0.003973 0.000000 0.000443 0.100671 0.142337
    5 5.440810 -0.004970 0.000000 0.000000 0.000000 -0.104720
    6 6.839761 -0.002705 0.000000 0.000000 -0.000001 0.261799
    7 3.833326 0.000000 0.000000 -0.040232 -0.202263 -0.035192
    8 0.000001 0.002796 2.165678 -0.256568 -1.292311 3.126085
    9 6.518988 0.000000 -0.000004 -0.368859 0.817946 -0.945672
    10 10.891676 0.000000 0.000001 0.000000 0.000000 -2.293330
    11 12.116157 0.000000 -0.000001 -1.569969 -0.000029 -0.000005
    12 1.399126 -0.408384 -0.127036 1.282531 0.846341 0.949452
    13 1.234131 0.000002 0.000000 0.000000 0.000000 0.000011
    14 2.076791 0.000003 -0.000001 0.000000 0.000000 -0.000014
    15 4.438628 -0.105114 -0.962095 0.082971 0.375337 0.225050
    16 1.215543 0.000000 0.000001 0.000000 0.000000 0.000012
    17 1.106103 -0.000003 0.000000 0.000000 0.000000 0.000011
    18 4.642072 0.003371 -0.025598 0.042639 0.132999 0.316944
    19 1.421389 0.000001 0.000000 0.000000 0.000000 0.000015
    20 1.291107 0.000003 0.000000 0.000000 0.000000 0.000014
    21 4.564404 -0.033134 0.853965 -0.101779 -0.144534 0.317583
    22 1.361412 0.000001 0.000000 0.000000 0.000000 0.000009
    23 1.215544 0.000007 0.000000 0.000000 0.000000 0.000011
    24 4.472663 0.176448 1.675588 -0.127057 -0.401833 0.285068
    25 1.013607 -0.000002 0.000000 0.000000 0.000000 0.000009
    26 0.921099 -0.000002 0.000000 0.000000 0.000000 0.000011
    27 0.000002 0.002806 -2.165678 0.536134 1.259557 -2.889417
    28 6.518987 0.000000 -0.000002 0.463933 -0.203798 -1.131844
    29 9.073793 0.000000 0.000004 0.000000 0.000000 -2.399434
    30 13.070011 0.000000 -0.000001 1.569990 0.165711 -0.000020
    31 1.502634 -0.342846 0.123261 -1.282531 -0.846341 0.949452
    32 1.234130 -0.000002 0.000000 0.000000 0.000000 0.000011
    33 2.076793 0.000003 0.000001 0.000000 0.000000 -0.000015
    34 4.820446 -0.146769 1.069303 -0.082971 -0.375337 0.225050
    35 1.215543 0.000004 0.000002 0.000000 0.000000 0.000002
    36 1.106106 0.000002 0.000000 0.000000 0.000000 0.000006
    37 5.043205 0.010513 0.155390 -0.042639 -0.132999 0.316944
    38 1.421389 -0.000003 0.000001 0.000000 0.000000 0.000002
    39 1.291110 0.000005 0.000000 0.000000 0.000000 0.000023
    40 4.954887 -0.043327 -0.744707 0.101779 0.144534 0.317583
    41 1.361411 0.000002 0.000000 0.000000 0.000000 0.000003
    42 1.215542 -0.000001 0.000000 0.000000 0.000000 0.000025
    43 4.865873 0.262699 -1.527992 0.127057 0.401833 0.285068
    44 1.013604 -0.000004 0.000000 0.000000 0.000000 0.000003
    45 0.921102 0.000003 0.000000 0.000000 0.000000 0.000006
    46 -3.173751 -0.186098 4.111161 2.919591 0.049005 3.299279
    47 19.802338 0.000000 0.000000 0.000000 0.000000 -0.976418
    48 17.019930 0.000000 0.000000 0.181922 0.138794 -0.240507
    49 5.810487 3.210543 0.000000 0.000000 0.000000 1.605703
    50 1.666933 0.000000 0.000000 0.000000 0.000000 0.000008
    51 1.666934 0.000000 0.000000 0.000000 0.000000 0.000000
    52 -3.173751 -0.186078 -4.111161 -3.160124 0.053233 2.670022
    53 19.802338 0.000000 0.000000 0.000000 0.000000 -0.211083
    54 17.019927 0.000000 0.000000 -0.033417 0.068074 0.366595
    55 5.810486 3.210544 0.000000 0.000000 0.000000 1.605703
    56 1.666933 0.000000 0.000000 0.000000 0.000000 0.000008
    57 1.666934 0.000000 0.000000 0.000000 0.000000 0.000000
time 38
    0 0.457570 -0.001447 40.512211 0.000000 0.000000 -1.570873
    1 3.231942 0.585955 0.000000 0.000000 -1.570451 -1.570795
    2 3.181566 -0.002997 0.000004 -0.000004 -0.000001 -0.060239
    3 4.102057 -0.002452 0.000000 0.000060 0.075886 -0.226776
    4 3.357355 -0.003973 0.000000 0.001270 0.071332 0.170189
    5 5.440810 -0.004970 0.000000 0.000000 0.000000 -0.104720
    6 6.839761 -0.002705 0.000000 0.000000 -0.000001 0.261799
    7 3.833326 0.000000 0.000000 -0.027523 -0.144218 -0.064779
    8 0.000001 0.002796 2.165678 -0.256568 -1.292311 3.126085
    9 6.518988 0.000000 -0.000004 -0.443691 0.709626 -1.081202
    10 10.891676 0.000000 0.000001 0.000000 0.000000 -2.221614
    11 12.116157 0.000000 -0.000001 -1.569969 -0.000029 -0.000005
    12 1.399126 -0.408384 -0.127036 1.282531 0.846341 0.949452
    13 1.234131 0.000002 0.000000 0.000000 0.000000 0.000011
    14 2.076791 0.000003 -0.000001 0.000000 0.000000 -0.000014
    15 4.438628 -0.105114 -0.962095 0.082971 0.375337 0.225050
    16 1.215543 0.000000 0.000001 0.000000 0.000000 0.000012
    17 1.106103 -0.000003 0.000000 0.000000 0.000000 0.000011
    18 4.642072 0.003371 -0.025598 0.042639 0.132999 0.316944
    19 1.421389 0.000001 0.000000 0.000000 0.000000 0.000015
    20 1.291107 0.000003 0.000000 0.000000 0.000000 0.000014
    21 4.564404 -0.033134 0.853965 -0.101779 -0.144534 0.317583
    22 1.361412 0.000001 0.000000 0.000000 0.000000 0.000009
    23 1.215544 0.000007 0.000000 0.000000 0.000000 0.000011
    24 4.472663 0.176448 1.675588 -0.127057 -0.401833 0.285068
    25 1.013607 -0.000002 0.000000 0.000000 0.000000 0.000009
    26 0.921099 -0.000002 0.000000 0.000000 0.000000 0.000011
    27 0.000002 0.002806 -2.165678 0.536134 1.259557 -2.889417
    28 6.518987 0.000000 -0.000002 0.475930 -0.231830 -1.135218
    29 9.073793 0.000000 0.000004 0.000000 0.000000 -2.420591
    30 13.070011 0.000000 -0.000001 1.569990 0.165711 -0.000020
    31 1.502634 -0.342846 0.123261 -1.282531 -0.846341 0.949452
    32 1.234130 -0.000002 0.000000 0.000000 0.000000 0.000011
    33 2.076793 0.000003 0.000001 0.000000 0.000000 -0.000015
    34 4.820446 -0.146769 1.069303 -0.082971 -0.375337 0.225050
    35 1.215543 0.000004 0.000002 0.000000 0.000000 0.000002
    36 1.106106 0.000002 0.000000 0.000000 0.000000 0.000006
    37 5.043205 0.010513 0.155390 -0.042639 -0.132999 0.316944
    38 1.421389 -0.000003 0.000001 0.000000 0.000000 0.000002
    39 1.291110 0.000005 0.000000 0.000000 0.000000 0.000023
    40 4.954887 -0.043327 -0.744707 0.101779 0.144534 0.317583
    41 1.361411 0.000002 0.000000 0.000000 0.000000 0.000003
    42 1.215542 -0.000001 0.000000 0.000000 0.000000 0.000025
    43 4.865873 0.262699 -1.527992 0.127057 0.401833 0.285068
    44 1.013604 -0.000004 0.000000 0.000000 0.000000 0.000003
    45 0.921102 0.000003 0.000000 0.000000 0.000000 0.000006
    46 -3.173751 -0.186098 4.111161 2.916767 0.004160 3.169946
    47 19.802338 0.000000 0.000000 0.000000 0.000000 -0.876555
    48 17.019930 0.000000 0.000000 0.183065 0.137433 -0.250057
    49 5.810487 3.210543 0.000000 0.000000 0.000000 1.605703
    50 1.666933 0.000000 0.000000 0.000000 0.000000 0.000008
    51 1.666934 0.000000 0.000000 0.000000 0.000000 0.000000
    52 -3.173751 -0.186078 -4.111161 -3.128853 0.067765 2.780165
    53 19.802338 0.000000 0.000000 0.000000 0.000000 -0.399160
    54 17.019927 0.000000 0.000000 -0.057235 0.084978 0.358334
    55 5.810486 3.210544 0.000000 0.000000 0.000000 1.605703
    56 1.666933 0.000000 0.000000 0.000000 0.000000 0.000008
    57 1.666934 0.000000 0.000000 0.000000 0.000000 0.000000
time 39
    0 0.457570 -0.001447 40.512211 0.000000 0.000000 -1.570873
    1 3.134283 0.273446 0.000000 0.000000 -1.570451 -1.570795
    2 3.181566 -0.002997 0.000004 -0.000004 -0.000001 -0.060239
    3 4.102057 -0.002452 0.000000 0.000024 0.035331 -0.226776
    4 3.357355 -0.003973 0.000000 0.001186 0.033509 0.204489
    5 5.440810 -0.004970 0.000000 0.000000 0.000000 -0.104720
    6 6.839761 -0.002705 0.000000 0.000000 -0.000001 0.261799
    7 3.833326 0.000000 0.000000 -0.012225 -0.067507 -0.100326
    8 0.000001 0.002796 2.165678 -0.256568 -1.292311 3.126085
    9 6.518988 0.000000 -0.000004 -0.493495 0.572605 -1.215544
    10 10.891676 0.000000 0.000001 0.000000 0.000000 -2.136308
    11 12.116157 0.000000 -0.000001 -1.569969 -0.000029 -0.000005
    12 1.399126 -0.408384 -0.127036 1.282531 0.846341 0.949452
    13 1.234131 0.000002 0.000000 0.000000 0.000000 0.000011
    14 2.076791 0.000003 -0.000001 0.000000 0.000000 -0.000014
    15 4.438628 -0.105114 -0.962095 0.082971 0.375337 0.225050
    16 1.215543 0.000000 0.000001 0.000000 0.000000 0.000012
    17 1.106103 -0.000003 0.000000 0.000000 0.000000 0.000011
    18 4.642072 0.003371 -0.025598 0.042639 0.132999 0.316944
    19 1.421389 0.000001 0.000000 0.000000 0.000000 0.000015
    20 1.291107 0.000003 0.000000 0.000000 0.000000 0.000014
    21 4.564404 -0.033134 0.853965 -0.101779 -0.144534 0.317583
    22 1.361412 0.000001 0.000000 0.000000 0.000000 0.000009
    23 1.215544 0.000007 0.000000 0.000000 0.000000 0.000011
    24 4.472663 0.176448 1.675588 -0.127057 -0.401833 0.285068
    25 1.013607 -0.000002 0.000000 0.000000 0.000000 0.000009
    26 0.921099 -0.000002 0.000000 0.000000 0.000000 0.000011
    27 0.000002 0.002806 -2.165678 0.536134 1.259557 -2.889417
    28 6.518987 0.000000 -0.000002 0.491610 -0.272525 -1.137801
    29 9.073793 0.000000 0.000004 0.000000 0.000000 -2.450814
    30 13.070011 0.000000 -0.000001 1.569990 0.165711 -0.000020
    31 1.502634 -0.342846 0.123261 -1.282531 -0.846341 0.949452
    32 1.234130 -0.000002 0.000000 0.000000 0.000000 0.000011
    33 2.076793 0.000003 0.000001 0.000000 0.000000 -0.000015
    34 4.820446 -0.146769 1.069303 -0.082971 -0.375337 0.225050
    35 1.215543 0.000004 0.000002 0.000000 0.000000 0.000002
    36 1.106106 0.000002 0.000000 0.000000 0.000000 0.000006
    37 5.043205 0.010513 0.155390 -0.042639 -0.132999 0.316944
    38 1.421389 -0.000003 0.000001 0.000000 0.000000 0.000002
    39 1.291110 0.000005 0.000000 0.000000 0.000000 0.000023
    40 4.954887 -0.043327 -0.744707 0.101779 0.144534 0.317583
    41 1.361411 0.000002 0.000000 0.000000 0.000000 0.000003
    42 1.215542 -0.000001 0.000000 0.000000 0.000000 0.000025
    43 4.865873 0.262699 -1.527992 0.127057 0.401833 0.285068
    44 1.013604 -0.000004 0.000000 0.000000 0.000000 0.000003
    45 0.921102 0.000003 0.000000 0.000000 0.000000 0.000006
    46 -3.173751 -0.186098 4.111161 2.919891 -0.040325 3.045503
    47 19.802338 0.000000 0.000000 0.000000 0.000000 -0.772323
    48 17.019930 0.000000 0.000000 0.184951 0.132216 -0.249804
    49 5.810487 3.210543 0.000000 0.000000 0.000000 1.605703
    50 1.666933 0.000000 0.000000 0.000000 0.000000 0.000008
    51 1.666934 0.000000 0.000000 0.000000 0.000000 0.000000
    52 -3.173751 -0.186078 -4.111161 -3.097854 0.078559 2.910035
    53 19.802338 0.000000 0.000000 0.000000 0.000000 -0.770545
    54 17.019927 0.000000 0.000000 -0.105218 0.040466 0.153636
    55 5.810486 3.210544 0.000000 0.000000 0.000000 1.605703
    56 1.666933 0.000000 0.000000 0.000000 0.000000 0.000008
    57 1.666934 0.000000 0.000000 0.000000 0.000000 0.000000
time 40
    0 0.457570 -0.001447 40.512211 0.000000 0.000000 -1.570873
    1 3.040530 0.000000 0.000000 0.000000 -1.570451 -1.570795
    2 3.181566 -0.002997 0.000004 -0.000004 -0.000001 -0.060239
    3 4.102057 -0.002452 0.000000 0.000000 0.000000 -0.226776
    4 3.357355 -0.003973 0.000000 0.000000 0.000000 0.235517
    5 5.440810 -0.004970 0.000000 0.000000 0.000000 -0.104720
    6 6.839761 -0.002705 0.000000 0.000000 -0.000001 0.261799
    7 3.833326 0.000000 0.000000 0.000000 0.000000 -0.131700
    8 0.000001 0.002796 2.165678 -0.256568 -1.292311 3.126085
    9 6.518988 0.000000 -0.000004 -0.513654 0.450546 -1.329837
    10 10.891676 0.000000 0.000001 0.000000 0.000000 -2.057797
    11 12.116157 0.000000 -0.000001 -1.569969 -0.000029 -0.000005
    12 1.399126 -0.408384 -0.127036 1.282531 0.846341 0.949452
    13 1.234131 0.000002 0.000000 0.000000 0.000000 0.000011
    14 2.076791 0.000003 -0.000001 0.000000 0.000000 -0.000014
    15 4.438628 -0.105114 -0.962095 0.082971 0.375337 0.225050
    16 1.215543 0.000000 0.000001 0.000000 0.000000 0.000012
    17 1.106103 -0.000003 0.000000 0.000000 0.000000 0.000011
    18 4.642072 0.003371 -0.025598 0.042639 0.132999 0.316944
    19 1.421389 0.000001 0.000000 0.000000 0.000000 0.000015
    20 1.291107 0.000003 0.000000 0.000000 0.000000 0.000014
    21 4.564404 -0.033134 0.853965 -0.101779 -0.144534 0.317583
    22 1.361412 0.000001 0.000000 0.000000 0.000000 0.000009
    23 1.215544 0.000007 0.000000 0.000000 0.000000 0.000011
    24 4.472663 0.176448 1.675588 -0.127057 -0.401833 0.285068
    25 1.013607 -0.000002 0.000000 0.000000 0.000000 0.000009
    26 0.921099 -0.000002 0.000000 0.000000 0.000000 0.000011
    27 0.000002 0.002806 -2.165678 0.536134 1.259557 -2.889417
    28 6.518987 0.000000 -0.000002 0.505390 -0.306771 -1.146657
    29 9.073793 0.000000 0.000004 0.000000 0.000000 -2.476458
    30 13.070011 0.000000 -0.000001 1.569990 0.165711 -0.000020
    31 1.502634 -0.342846 0.123261 -1.282531 -0.846341 0.949452
    32 1.234130 -0.000002 0.000000 0.000000 0.000000 0.000011
    33 2.076793 0.000003 0.000001 0.000000 0.000000 -0.000015
    34 4.820446 -0.146769 1.069303 -0.082971 -0.375337 0.225050
    35 1.215543 0.000004 0.000002 0.000000 0.000000 0.000002
    36 1.106106 0.000002 0.000000 0.000000 0.000000 0.000006
    37 5.043205 0.010513 0.155390 -0.042639 -0.132999 0.316944
    38 1.421389 -0.000003 0.000001 0.000000 0.000000 0.000002
    39 1.291110 0.000005 0.000000 0.000000 0.000000 0.000023
    40 4.954887 -0.043327 -0.744707 0.101779 0.144534 0.317583
    41 1.361411 0.000002 0.000000 0.000000 0.000000 0.000003
    42 1.215542 -0.000001 0.000000 0.000000 0.000000 0.000025
    43 4.865873 0.262699 -1.527992 0.127057 0.401833 0.285068
    44 1.013604 -0.000004 0.000000 0.000000 0.000000 0.000003
    45 0.921102 0.000003 0.000000 0.000000 0.000000 0.000006
    46 -3.173751 -0.186098 4.111161 2.927612 -0.079123 2.928921
    47 19.802338 0.000000 0.000000 0.000000 0.000000 -0.681551
    48 17.019930 0.000000 0.000000 0.190448 0.126257 -0.255773
    49 5.810487 3.210543 0.000000 0.000000 0.000000 1.605703
    50 1.666933 0.000000 0.000000 0.000000 0.000000 0.000008
    51 1.666934 0.000000 0.000000 0.000000 0.000000 0.000000
    52 -3.173751 -0.186078 -4.111161 -3.065607 0.084891 3.039645
    53 19.802338 0.000000 0.000000 0.000000 0.000000 -1.145370
    54 17.019927 0.000000 0.000000 -0.106938 -0.039225 -0.047232
    55 5.810486 3.210544 0.000000 0.000000 0.000000 1.605703
    56 1.666933 0.000000 0.000000 0.000000 0.000000 0.000008
    57 1.666934 0.000000 0.000000 0.000000 0.000000 0.000000
end
