version 1
nodes
0 "ValveBiped.Soldier_Mesh" -1
1 "ValveBiped.Bip01" -1
2 "ValveBiped.Bip01_Pelvis" 1
3 "ValveBiped.Bip01_L_Thigh" 2
4 "ValveBiped.Bip01_L_Calf" 3
5 "ValveBiped.Bip01_L_Foot" 4
6 "ValveBiped.Bip01_L_Toe0" 5
7 "ValveBiped.Bip01_R_Thigh" 2
8 "ValveBiped.Bip01_R_Calf" 7
9 "ValveBiped.Bip01_R_Foot" 8
10 "ValveBiped.Bip01_R_Toe0" 9
11 "ValveBiped.Bip01_Spine" 1
12 "ValveBiped.Bip01_Spine1" 11
13 "ValveBiped.Bip01_Spine2" 12
14 "ValveBiped.Bip01_Spine4" 13
15 "ValveBiped.Bip01_Neck1" 14
16 "ValveBiped.Bip01_Head1" 15
17 "ValveBiped.Bip01_L_Clavicle" 14
18 "ValveBiped.Bip01_L_UpperArm" 17
19 "ValveBiped.Bip01_L_Forearm" 18
20 "ValveBiped.Bip01_L_Hand" 19
21 "ValveBiped.Bip01_L_Finger4" 20
22 "ValveBiped.Bip01_L_Finger41" 21
23 "ValveBiped.Bip01_L_Finger42" 22
24 "ValveBiped.Bip01_L_Finger3" 20
25 "ValveBiped.Bip01_L_Finger31" 24
26 "ValveBiped.Bip01_L_Finger32" 25
27 "ValveBiped.Bip01_L_Finger2" 20
28 "ValveBiped.Bip01_L_Finger21" 27
29 "ValveBiped.Bip01_L_Finger22" 28
30 "ValveBiped.Bip01_L_Finger1" 20
31 "ValveBiped.Bip01_L_Finger11" 30
32 "ValveBiped.Bip01_L_Finger12" 31
33 "ValveBiped.Bip01_L_Finger0" 20
34 "ValveBiped.Bip01_L_Finger01" 33
35 "ValveBiped.Bip01_L_Finger02" 34
36 "ValveBiped.Bip01_R_Clavicle" 14
37 "ValveBiped.Bip01_R_UpperArm" 36
38 "ValveBiped.Bip01_R_Forearm" 37
39 "ValveBiped.Bip01_R_Hand" 38
40 "ValveBiped.Bip01_R_Finger4" 39
41 "ValveBiped.Bip01_R_Finger41" 40
42 "ValveBiped.Bip01_R_Finger42" 41
43 "ValveBiped.Bip01_R_Finger3" 39
44 "ValveBiped.Bip01_R_Finger31" 43
45 "ValveBiped.Bip01_R_Finger32" 44
46 "ValveBiped.Bip01_R_Finger2" 39
47 "ValveBiped.Bip01_R_Finger21" 46
48 "ValveBiped.Bip01_R_Finger22" 47
49 "ValveBiped.Bip01_R_Finger1" 39
50 "ValveBiped.Bip01_R_Finger11" 49
51 "ValveBiped.Bip01_R_Finger12" 50
52 "ValveBiped.Bip01_R_Finger0" 39
53 "ValveBiped.Bip01_R_Finger01" 52
54 "ValveBiped.Bip01_R_Finger02" 53
55 "ValveBiped.Pouch" 2
56 "ValveBiped.Cod" 2
end
skeleton
time 0
0 -0.011368 2.160217 0.001423 0.000000 0.000000 0.000000
1 -1.575727 3.452401 36.869160 1.347162 -0.000000 -0.746585
2 0.000000 0.000000 0.000000 0.000000 -0.000000 -0.000000
3 3.890452 -0.000007 -0.000003 -2.141195 0.100345 -1.163394
4 17.848179 0.000000 0.000000 0.000000 0.000000 0.481708
5 15.637959 0.000000 0.000000 -9.502980 -3.470729 8.298702
6 7.110240 0.000000 0.000000 6.276066 -0.003133 -0.631765
7 -3.890452 0.000003 0.000008 -1.529362 -0.021173 -1.589994
8 17.848181 0.000000 0.000000 0.000000 0.000000 0.454095
9 15.637958 0.000000 0.000000 0.000498 -0.020999 -1.138718
10 7.110240 0.000000 0.000000 6.202033 -0.003133 -0.631765
11 0.000005 3.345127 -2.981901 1.910266 0.035351 1.856275
12 4.018332 0.000000 0.000000 0.072749 -0.113364 0.130852
13 3.518567 0.000000 0.000000 0.053506 -0.086444 0.204056
14 8.942634 0.000000 0.000000 -0.078844 0.112914 0.222369
15 3.307272 0.000000 0.000000 3.141591 0.000000 0.400478
16 3.593713 0.000000 0.000000 0.151851 0.048592 0.470726
17 2.033351 1.000771 1.100821 -0.756089 -1.613444 -0.995093
18 6.811800 0.000000 0.000000 -1.167943 -0.071079 -1.356366
19 12.394105 0.000000 0.000000 0.000000 0.000000 -1.548225
20 9.334690 0.000001 -0.000032 -0.049629 -0.423730 0.208907
21 4.610123 -0.122605 -1.406946 -0.513267 0.072291 -1.288224
22 1.191884 0.000000 0.000000 -0.163027 0.224047 -1.466962
23 0.945939 0.000000 0.000000 -0.068871 0.147979 -0.913117
24 4.605128 0.071046 -0.574018 -0.157261 0.007109 -0.685616
25 1.430263 0.000000 0.000000 -0.068563 0.062695 -1.808644
26 1.155766 0.000000 0.000000 -0.005433 0.026725 -0.524005
27 4.454865 -0.071046 0.574018 0.095492 -0.008588 -0.706366
28 1.426183 0.000000 0.000000 0.055916 -0.087980 -1.504213
29 1.324319 0.000000 0.000000 0.009317 -0.033630 -0.575091
30 4.479185 -0.026371 1.583719 0.481659 -0.035384 -1.246107
31 1.341888 0.000000 0.000000 0.023475 -0.208313 -0.755745
32 1.225941 0.000000 0.000000 0.026045 -0.124622 -0.538683
33 2.631852 -0.344645 1.908319 -0.354021 -0.915169 -1.788213
34 1.058429 0.000000 0.000000 -0.001069 -0.012855 0.251002
35 0.778706 0.000000 0.000000 -0.000101 -0.003217 0.062752
36 2.033354 1.000773 -1.100771 -0.035453 1.947898 -1.725979
37 6.811801 0.000000 0.000000 1.032663 -0.059788 -0.906177
38 12.394103 0.000000 0.000000 0.000000 0.000000 -1.834725
39 9.334718 0.000000 0.000000 -1.125019 -0.365057 -0.007487
40 4.610092 -0.109559 1.408022 0.217767 -0.010340 -1.857608
41 1.191885 0.000000 0.000000 0.044560 -0.180938 -0.876601
42 0.945938 0.000000 0.000000 0.155228 -0.190276 -1.393021
43 4.605097 0.076364 0.573335 0.139630 -0.069408 -0.865173
44 1.430257 0.000000 0.000000 0.049426 -0.072767 -1.413300
45 1.155767 0.000000 0.000000 0.018371 -0.045481 -0.841346
46 4.454831 -0.076364 -0.573335 0.047705 -0.153456 -0.767483
47 1.426188 0.000000 0.000000 -0.053883 0.078891 -1.553286
48 1.324319 0.000000 0.000000 -0.013612 0.036969 -0.732283
49 4.479149 -0.041050 -1.583407 -0.332628 0.218366 0.154976
50 1.341885 0.000000 0.000000 -0.042633 0.220746 -0.851609
51 1.225945 0.000000 0.000000 0.008155 -0.000000 0.000001
52 2.631822 -0.362328 -1.905043 0.415059 0.423435 -0.720789
53 1.058428 0.000000 0.000000 0.015106 0.038913 0.767157
54 0.778706 0.000000 0.000000 0.004785 0.022541 0.418310
55 4.041916 5.169765 -8.467939 0.155172 0.032527 0.092303
56 -0.044717 2.529041 4.661499 -0.010268 0.296915 0.207938
time 1
1 -1.709347 3.452392 36.851456 1.357023 -0.004863 -0.753080
2 0.000000 0.000000 0.000000 -0.000000 -0.000000 -0.000000
3 3.890452 -0.000007 -0.000003 -2.142955 0.093477 -1.166286
4 17.848179 0.000000 0.000000 0.000000 0.000000 0.486373
5 15.637959 0.000000 0.000000 -9.510963 -3.466093 8.292899
6 7.110240 0.000000 0.000000 6.276066 -0.003133 -0.631765
7 -3.890452 0.000003 0.000008 -1.531101 -0.036576 -1.593454
8 17.848181 0.000000 0.000000 0.000000 0.000000 0.467787
9 15.637958 0.000000 0.000000 -0.003658 -0.024515 -1.146901
10 7.110240 0.000000 0.000000 6.202033 -0.003133 -0.631765
11 0.000005 3.345127 -2.981901 1.910266 0.035352 1.856275
12 4.018332 0.000000 0.000000 0.072749 -0.113364 0.130852
13 3.518567 0.000000 0.000000 0.053433 -0.066181 0.205143
14 8.942634 0.000000 0.000000 -0.078844 0.112914 0.222369
15 3.307272 0.000000 0.000000 3.141590 0.000000 0.400478
16 3.593713 0.000000 0.000000 0.073841 0.042316 0.474320
17 2.033351 1.000771 1.100821 -0.756093 -1.613444 -0.995088
18 6.811800 0.000000 0.000000 -1.165275 -0.074683 -1.379796
19 12.394105 0.000000 0.000000 0.000000 0.000000 -1.512996
20 9.334690 0.000001 -0.000032 -0.047250 -0.426358 0.174741
21 4.610123 -0.122605 -1.406946 -0.513267 0.072291 -1.288225
22 1.191884 0.000000 0.000000 -0.163028 0.224047 -1.466962
23 0.945939 0.000000 0.000000 -0.068871 0.147979 -0.913117
24 4.605128 0.071046 -0.574018 -0.157261 0.007109 -0.685616
25 1.430263 0.000000 0.000000 -0.068563 0.062695 -1.808644
26 1.155766 0.000000 0.000000 -0.005433 0.026725 -0.524005
27 4.454865 -0.071046 0.574018 0.095492 -0.008588 -0.706366
28 1.426183 0.000000 0.000000 0.055915 -0.087980 -1.504212
29 1.324319 0.000000 0.000000 0.009317 -0.033630 -0.575091
30 4.479185 -0.026371 1.583719 0.481659 -0.035384 -1.246107
31 1.341888 0.000000 0.000000 0.023475 -0.208313 -0.755745
32 1.225941 0.000000 0.000000 0.026045 -0.124622 -0.538683
33 2.631852 -0.344645 1.908319 -0.354021 -0.915169 -1.788213
34 1.058429 0.000000 0.000000 -0.001069 -0.012855 0.251002
35 0.778706 0.000000 0.000000 -0.000101 -0.003217 0.062752
36 2.033354 1.000773 -1.100771 -0.035453 1.947898 -1.725979
37 6.811801 0.000000 0.000000 1.030827 -0.065364 -0.886637
38 12.394103 0.000000 0.000000 0.000000 0.000000 -1.834725
39 9.334718 0.000000 0.000000 -1.125019 -0.365057 -0.007487
40 4.610092 -0.109559 1.408022 0.217767 -0.010340 -1.857607
41 1.191885 0.000000 0.000000 0.044560 -0.180938 -0.876601
42 0.945938 0.000000 0.000000 0.155228 -0.190276 -1.393021
43 4.605097 0.076364 0.573335 0.139630 -0.069408 -0.865173
44 1.430257 0.000000 0.000000 0.049426 -0.072767 -1.413300
45 1.155767 0.000000 0.000000 0.018371 -0.045481 -0.841346
46 4.454831 -0.076364 -0.573335 0.047705 -0.153456 -0.767483
47 1.426188 0.000000 0.000000 -0.053883 0.078891 -1.553286
48 1.324319 0.000000 0.000000 -0.013612 0.036969 -0.732283
49 4.479149 -0.041050 -1.583407 -0.332628 0.218366 0.154976
50 1.341885 0.000000 0.000000 -0.042633 0.220746 -0.851609
51 1.225945 0.000000 0.000000 0.008155 -0.000000 0.000001
52 2.631822 -0.362328 -1.905043 0.415059 0.423435 -0.720789
53 1.058428 0.000000 0.000000 0.015106 0.038913 0.767157
54 0.778706 0.000000 0.000000 0.004785 0.022541 0.418310
55 4.041916 5.169765 -8.467939 0.155172 0.032527 0.092304
56 -0.044717 2.529041 4.661499 -0.010374 0.296967 0.207909
time 2
1 -1.846015 3.452366 36.836998 1.367645 -0.010012 -0.760107
2 0.000000 0.000000 0.000000 0.000000 -0.000000 -0.000000
3 3.890452 -0.000007 -0.000003 -2.144853 0.086380 -1.169841
4 17.848179 0.000000 0.000000 0.000000 0.000000 0.490319
5 15.637959 0.000000 0.000000 -9.519354 -3.460870 8.287279
6 7.110240 0.000000 0.000000 6.276066 -0.003133 -0.631765
7 -3.890452 0.000003 0.000008 -1.532876 -0.052276 -1.597233
8 17.848181 0.000000 0.000000 0.000000 0.000000 0.480410
9 15.637958 0.000000 0.000000 -0.008035 -0.028470 -1.154453
10 7.110240 0.000000 0.000000 6.202033 -0.003133 -0.631765
11 0.000005 3.345127 -2.981901 1.910266 0.035351 1.856275
12 4.018332 0.000000 0.000000 0.072749 -0.113363 0.130852
13 3.518567 0.000000 0.000000 0.053380 -0.044423 0.206308
14 8.942634 0.000000 0.000000 -0.078844 0.112914 0.222369
15 3.307272 0.000000 0.000000 3.141591 -0.000000 0.400478
16 3.593713 0.000000 0.000000 -0.009739 0.035830 0.480471
17 2.033351 1.000771 1.100821 -0.756090 -1.613444 -0.995091
18 6.811800 0.000000 0.000000 -1.162642 -0.079277 -1.404876
19 12.394105 0.000000 0.000000 0.000000 0.000000 -1.474307
20 9.334690 0.000001 -0.000032 -0.045019 -0.428794 0.137970
21 4.610123 -0.122605 -1.406946 -0.513267 0.072291 -1.288225
22 1.191884 0.000000 0.000000 -0.163028 0.224047 -1.466962
23 0.945939 0.000000 0.000000 -0.068871 0.147979 -0.913117
24 4.605128 0.071046 -0.574018 -0.157261 0.007109 -0.685616
25 1.430263 0.000000 0.000000 -0.068563 0.062695 -1.808644
26 1.155766 0.000000 0.000000 -0.005433 0.026725 -0.524005
27 4.454865 -0.071046 0.574018 0.095492 -0.008588 -0.706366
28 1.426183 0.000000 0.000000 0.055915 -0.087980 -1.504213
29 1.324319 0.000000 0.000000 0.009317 -0.033630 -0.575091
30 4.479185 -0.026371 1.583719 0.481659 -0.035384 -1.246107
31 1.341888 0.000000 0.000000 0.023475 -0.208312 -0.755745
32 1.225941 0.000000 0.000000 0.026045 -0.124622 -0.538683
33 2.631852 -0.344645 1.908319 -0.354021 -0.915168 -1.788213
34 1.058429 0.000000 0.000000 -0.001069 -0.012855 0.251002
35 0.778706 0.000000 0.000000 -0.000101 -0.003217 0.062752
36 2.033354 1.000773 -1.100771 -0.035453 1.947898 -1.725979
37 6.811801 0.000000 0.000000 1.028733 -0.071309 -0.865636
38 12.394103 0.000000 0.000000 0.000000 0.000000 -1.834725
39 9.334718 0.000000 0.000000 -1.125019 -0.365057 -0.007487
40 4.610092 -0.109559 1.408022 0.217767 -0.010340 -1.857607
41 1.191885 0.000000 0.000000 0.044560 -0.180938 -0.876601
42 0.945938 0.000000 0.000000 0.155228 -0.190276 -1.393021
43 4.605097 0.076364 0.573335 0.139630 -0.069408 -0.865173
44 1.430257 0.000000 0.000000 0.049426 -0.072767 -1.413300
45 1.155767 0.000000 0.000000 0.018371 -0.045481 -0.841346
46 4.454831 -0.076364 -0.573335 0.047705 -0.153456 -0.767483
47 1.426188 0.000000 0.000000 -0.053883 0.078891 -1.553286
48 1.324319 0.000000 0.000000 -0.013612 0.036969 -0.732283
49 4.479149 -0.041050 -1.583407 -0.332628 0.218366 0.154976
50 1.341885 0.000000 0.000000 -0.042633 0.220746 -0.851609
51 1.225945 0.000000 0.000000 0.008155 -0.000000 0.000001
52 2.631822 -0.362328 -1.905043 0.415059 0.423435 -0.720789
53 1.058428 0.000000 0.000000 0.015106 0.038913 0.767157
54 0.778706 0.000000 0.000000 0.004785 0.022541 0.418310
55 4.041916 5.169765 -8.467939 0.155172 0.032527 0.092304
56 -0.044717 2.529041 4.661499 -0.010492 0.297022 0.207872
time 3
1 -1.985445 3.452325 36.824699 1.378762 -0.015303 -0.767494
2 0.000000 0.000000 0.000000 -0.000000 -0.000000 -0.000000
3 3.890452 -0.000007 -0.000003 -2.146804 0.079248 -1.173847
4 17.848179 0.000000 0.000000 0.000000 0.000000 0.493557
5 15.637959 0.000000 0.000000 -9.528013 -3.455263 8.281897
6 7.110240 0.000000 0.000000 6.276066 -0.003133 -0.631765
7 -3.890452 0.000003 0.000008 -1.534618 -0.067987 -1.601165
8 17.848181 0.000000 0.000000 0.000000 0.000000 0.492039
9 15.637958 0.000000 0.000000 -0.012571 -0.032723 -1.161464
10 7.110240 0.000000 0.000000 6.202033 -0.003133 -0.631765
11 0.000005 3.345127 -2.981901 1.910266 0.035352 1.856275
12 4.018332 0.000000 0.000000 0.072749 -0.113364 0.130852
13 3.518567 0.000000 0.000000 0.053351 -0.021731 0.207521
14 8.942634 0.000000 0.000000 -0.078844 0.112915 0.222369
15 3.307272 0.000000 0.000000 3.141591 -0.000000 0.400478
16 3.593713 0.000000 0.000000 -0.096684 0.029556 0.489380
17 2.033351 1.000771 1.100821 -0.756094 -1.613444 -0.995088
18 6.811800 0.000000 0.000000 -1.160117 -0.084877 -1.430967
19 12.394105 0.000000 0.000000 0.000000 0.000000 -1.432953
20 9.334690 0.000001 -0.000032 -0.043049 -0.430938 0.099491
21 4.610123 -0.122605 -1.406946 -0.513267 0.072291 -1.288224
22 1.191884 0.000000 0.000000 -0.163028 0.224047 -1.466962
23 0.945939 0.000000 0.000000 -0.068871 0.147979 -0.913117
24 4.605128 0.071046 -0.574018 -0.157261 0.007109 -0.685616
25 1.430263 0.000000 0.000000 -0.068563 0.062695 -1.808644
26 1.155766 0.000000 0.000000 -0.005433 0.026725 -0.524005
27 4.454865 -0.071046 0.574018 0.095492 -0.008588 -0.706366
28 1.426183 0.000000 0.000000 0.055915 -0.087980 -1.504213
29 1.324319 0.000000 0.000000 0.009317 -0.033630 -0.575091
30 4.479185 -0.026371 1.583719 0.481659 -0.035384 -1.246107
31 1.341888 0.000000 0.000000 0.023475 -0.208313 -0.755745
32 1.225941 0.000000 0.000000 0.026045 -0.124622 -0.538683
33 2.631852 -0.344645 1.908319 -0.354021 -0.915169 -1.788213
34 1.058429 0.000000 0.000000 -0.001069 -0.012855 0.251002
35 0.778706 0.000000 0.000000 -0.000101 -0.003217 0.062752
36 2.033354 1.000773 -1.100771 -0.035453 1.947898 -1.725979
37 6.811801 0.000000 0.000000 1.026416 -0.077461 -0.843711
38 12.394103 0.000000 0.000000 0.000000 0.000000 -1.834725
39 9.334718 0.000000 0.000000 -1.125019 -0.365057 -0.007487
40 4.610092 -0.109559 1.408022 0.217767 -0.010340 -1.857607
41 1.191885 0.000000 0.000000 0.044560 -0.180938 -0.876601
42 0.945938 0.000000 0.000000 0.155228 -0.190276 -1.393021
43 4.605097 0.076364 0.573335 0.139630 -0.069408 -0.865173
44 1.430257 0.000000 0.000000 0.049426 -0.072767 -1.413300
45 1.155767 0.000000 0.000000 0.018371 -0.045481 -0.841346
46 4.454831 -0.076364 -0.573335 0.047705 -0.153456 -0.767483
47 1.426188 0.000000 0.000000 -0.053883 0.078891 -1.553286
48 1.324319 0.000000 0.000000 -0.013612 0.036969 -0.732283
49 4.479149 -0.041050 -1.583407 -0.332628 0.218366 0.154976
50 1.341885 0.000000 0.000000 -0.042633 0.220746 -0.851609
51 1.225945 0.000000 0.000000 0.008155 -0.000000 0.000001
52 2.631822 -0.362328 -1.905043 0.415059 0.423435 -0.720789
53 1.058428 0.000000 0.000000 0.015106 0.038913 0.767157
54 0.778706 0.000000 0.000000 0.004785 0.022541 0.418310
55 4.041916 5.169765 -8.467939 0.155172 0.032527 0.092304
56 -0.044717 2.529041 4.661499 -0.010619 0.297081 0.207826
time 4
1 -2.127351 3.452270 36.813652 1.390104 -0.020595 -0.775063
2 0.000000 0.000000 0.000000 0.000000 -0.000000 -0.000000
3 3.890452 -0.000007 -0.000003 -2.148725 0.072288 -1.178101
4 17.848179 0.000000 0.000000 0.000000 0.000000 0.496081
5 15.637959 0.000000 0.000000 -9.536799 -3.449481 8.276814
6 7.110240 0.000000 0.000000 6.276066 -0.003133 -0.631765
7 -3.890452 0.000003 0.000008 -1.536273 -0.083420 -1.605090
8 17.848181 0.000000 0.000000 0.000000 0.000000 0.502745
9 15.637958 0.000000 0.000000 -0.017205 -0.037127 -1.168025
10 7.110240 0.000000 0.000000 6.202033 -0.003133 -0.631765
11 0.000005 3.345127 -2.981901 1.910266 0.035352 1.856274
12 4.018332 0.000000 0.000000 0.072749 -0.113363 0.130852
13 3.518567 0.000000 0.000000 0.053350 0.001334 0.208753
14 8.942634 0.000000 0.000000 -0.078844 0.112914 0.222369
15 3.307272 0.000000 0.000000 3.141590 -0.000000 0.400478
16 3.593713 0.000000 0.000000 -0.184799 0.023917 0.500980
17 2.033351 1.000771 1.100821 -0.756094 -1.613444 -0.995088
18 6.811800 0.000000 0.000000 -1.157748 -0.091432 -1.457443
19 12.394105 0.000000 0.000000 0.000000 0.000000 -1.389804
20 9.334690 0.000001 -0.000032 -0.041418 -0.432738 0.060203
21 4.610123 -0.122605 -1.406946 -0.513267 0.072291 -1.288224
22 1.191884 0.000000 0.000000 -0.163028 0.224047 -1.466962
23 0.945939 0.000000 0.000000 -0.068871 0.147979 -0.913117
24 4.605128 0.071046 -0.574018 -0.157261 0.007109 -0.685616
25 1.430263 0.000000 0.000000 -0.068563 0.062695 -1.808644
26 1.155766 0.000000 0.000000 -0.005433 0.026725 -0.524005
27 4.454865 -0.071046 0.574018 0.095492 -0.008588 -0.706366
28 1.426183 0.000000 0.000000 0.055915 -0.087980 -1.504213
29 1.324319 0.000000 0.000000 0.009317 -0.033630 -0.575091
30 4.479185 -0.026371 1.583719 0.481659 -0.035384 -1.246107
31 1.341888 0.000000 0.000000 0.023475 -0.208313 -0.755745
32 1.225941 0.000000 0.000000 0.026045 -0.124622 -0.538683
33 2.631852 -0.344645 1.908319 -0.354021 -0.915169 -1.788213
34 1.058429 0.000000 0.000000 -0.001068 -0.012855 0.251002
35 0.778706 0.000000 0.000000 -0.000101 -0.003217 0.062752
36 2.033354 1.000773 -1.100771 -0.035453 1.947898 -1.725979
37 6.811801 0.000000 0.000000 1.023921 -0.083661 -0.821399
38 12.394103 0.000000 0.000000 0.000000 0.000000 -1.834725
39 9.334718 0.000000 0.000000 -1.125019 -0.365057 -0.007487
40 4.610092 -0.109559 1.408022 0.217767 -0.010340 -1.857607
41 1.191885 0.000000 0.000000 0.044560 -0.180938 -0.876601
42 0.945938 0.000000 0.000000 0.155228 -0.190276 -1.393021
43 4.605097 0.076364 0.573335 0.139630 -0.069408 -0.865173
44 1.430257 0.000000 0.000000 0.049426 -0.072767 -1.413300
45 1.155767 0.000000 0.000000 0.018371 -0.045481 -0.841346
46 4.454831 -0.076364 -0.573335 0.047705 -0.153456 -0.767483
47 1.426188 0.000000 0.000000 -0.053883 0.078891 -1.553286
48 1.324319 0.000000 0.000000 -0.013612 0.036969 -0.732283
49 4.479149 -0.041050 -1.583407 -0.332628 0.218366 0.154976
50 1.341885 0.000000 0.000000 -0.042633 0.220746 -0.851609
51 1.225945 0.000000 0.000000 0.008155 -0.000000 0.000001
52 2.631822 -0.362328 -1.905043 0.415059 0.423435 -0.720789
53 1.058428 0.000000 0.000000 0.015106 0.038913 0.767157
54 0.778706 0.000000 0.000000 0.004785 0.022541 0.418310
55 4.041916 5.169765 -8.467939 0.155172 0.032527 0.092303
56 -0.044717 2.529041 4.661499 -0.010754 0.297142 0.207770
time 5
1 -2.271448 3.452204 36.803082 1.401394 -0.025760 -0.782630
2 0.000000 0.000000 0.000000 0.000000 -0.000000 -0.000000
3 3.890452 -0.000007 -0.000003 -2.150542 0.065713 -1.182410
4 17.848179 0.000000 0.000000 0.000000 0.000000 0.497879
5 15.637959 0.000000 0.000000 -9.545578 -3.443733 8.272098
6 7.110240 0.000000 0.000000 6.276066 -0.003133 -0.631765
7 -3.890452 0.000003 0.000008 -1.537794 -0.098279 -1.608851
8 17.848181 0.000000 0.000000 0.000000 0.000000 0.512591
9 15.637958 0.000000 0.000000 -0.021875 -0.041532 -1.174214
10 7.110240 0.000000 0.000000 6.202033 -0.003133 -0.631765
11 0.000005 3.345127 -2.981901 1.910266 0.035352 1.856275
12 4.018332 0.000000 0.000000 0.072749 -0.113363 0.130852
13 3.518567 0.000000 0.000000 0.053378 0.024212 0.209975
14 8.942634 0.000000 0.000000 -0.078844 0.112914 0.222369
15 3.307272 0.000000 0.000000 3.141590 -0.000000 0.400478
16 3.593713 0.000000 0.000000 -0.271907 0.019277 0.514940
17 2.033351 1.000771 1.100821 -0.756092 -1.613444 -0.995089
18 6.811800 0.000000 0.000000 -1.155559 -0.098810 -1.483686
19 12.394105 0.000000 0.000000 0.000000 0.000000 -1.345812
20 9.334690 0.000001 -0.000032 -0.040164 -0.434176 0.021002
21 4.610123 -0.122605 -1.406946 -0.513267 0.072291 -1.288225
22 1.191884 0.000000 0.000000 -0.163028 0.224047 -1.466962
23 0.945939 0.000000 0.000000 -0.068871 0.147979 -0.913117
24 4.605128 0.071046 -0.574018 -0.157261 0.007109 -0.685616
25 1.430263 0.000000 0.000000 -0.068563 0.062695 -1.808644
26 1.155766 0.000000 0.000000 -0.005433 0.026725 -0.524005
27 4.454865 -0.071046 0.574018 0.095492 -0.008588 -0.706366
28 1.426183 0.000000 0.000000 0.055915 -0.087980 -1.504213
29 1.324319 0.000000 0.000000 0.009317 -0.033630 -0.575091
30 4.479185 -0.026371 1.583719 0.481659 -0.035384 -1.246107
31 1.341888 0.000000 0.000000 0.023475 -0.208312 -0.755745
32 1.225941 0.000000 0.000000 0.026045 -0.124622 -0.538683
33 2.631852 -0.344645 1.908319 -0.354021 -0.915169 -1.788213
34 1.058429 0.000000 0.000000 -0.001068 -0.012855 0.251002
35 0.778706 0.000000 0.000000 -0.000101 -0.003217 0.062752
36 2.033354 1.000773 -1.100771 -0.035453 1.947898 -1.725979
37 6.811801 0.000000 0.000000 1.021309 -0.089754 -0.799241
38 12.394103 0.000000 0.000000 0.000000 0.000000 -1.834725
39 9.334718 0.000000 0.000000 -1.125019 -0.365057 -0.007487
40 4.610092 -0.109559 1.408022 0.217767 -0.010340 -1.857608
41 1.191885 0.000000 0.000000 0.044560 -0.180938 -0.876601
42 0.945938 0.000000 0.000000 0.155228 -0.190276 -1.393021
43 4.605097 0.076364 0.573335 0.139630 -0.069408 -0.865173
44 1.430257 0.000000 0.000000 0.049426 -0.072767 -1.413300
45 1.155767 0.000000 0.000000 0.018371 -0.045481 -0.841346
46 4.454831 -0.076364 -0.573335 0.047705 -0.153456 -0.767483
47 1.426188 0.000000 0.000000 -0.053883 0.078891 -1.553286
48 1.324319 0.000000 0.000000 -0.013612 0.036969 -0.732283
49 4.479149 -0.041050 -1.583407 -0.332628 0.218366 0.154976
50 1.341885 0.000000 0.000000 -0.042633 0.220746 -0.851609
51 1.225945 0.000000 0.000000 0.008155 -0.000000 0.000001
52 2.631822 -0.362328 -1.905043 0.415059 0.423435 -0.720789
53 1.058428 0.000000 0.000000 0.015106 0.038913 0.767157
54 0.778706 0.000000 0.000000 0.004785 0.022541 0.418310
55 4.041916 5.169765 -8.467939 0.155172 0.032527 0.092304
56 -0.044717 2.529041 4.661499 -0.010895 0.297204 0.207705
time 6
1 -2.417450 3.452126 36.792366 1.412354 -0.030675 -0.790007
2 0.000000 0.000000 0.000000 -0.000000 -0.000000 -0.000000
3 3.890452 -0.000007 -0.000003 -2.152188 0.059742 -1.186589
4 17.848179 0.000000 0.000000 0.000000 0.000000 0.498928
5 15.637959 0.000000 0.000000 -9.554216 -3.438229 8.267814
6 7.110240 0.000000 0.000000 6.276066 -0.003133 -0.631765
7 -3.890452 0.000003 0.000008 -1.539149 -0.112272 -1.612299
8 17.848181 0.000000 0.000000 0.000000 0.000000 0.521645
9 15.637958 0.000000 0.000000 -0.026515 -0.045778 -1.180120
10 7.110240 0.000000 0.000000 6.202033 -0.003133 -0.631765
11 0.000005 3.345127 -2.981901 1.910266 0.035352 1.856275
12 4.018332 0.000000 0.000000 0.072749 -0.113364 0.130852
13 3.518567 0.000000 0.000000 0.053431 0.046344 0.211159
14 8.942634 0.000000 0.000000 -0.078844 0.112914 0.222369
15 3.307272 0.000000 0.000000 3.141590 0.000000 0.400478
16 3.593713 0.000000 0.000000 -0.355850 0.015885 0.530672
17 2.033351 1.000771 1.100821 -0.756092 -1.613444 -0.995090
18 6.811800 0.000000 0.000000 -1.153561 -0.106804 -1.509082
19 12.394105 0.000000 0.000000 0.000000 0.000000 -1.302036
20 9.334690 0.000001 -0.000032 -0.039294 -0.435264 -0.017194
21 4.610123 -0.122605 -1.406946 -0.513267 0.072291 -1.288225
22 1.191884 0.000000 0.000000 -0.163027 0.224047 -1.466962
23 0.945939 0.000000 0.000000 -0.068871 0.147979 -0.913117
24 4.605128 0.071046 -0.574018 -0.157261 0.007109 -0.685616
25 1.430263 0.000000 0.000000 -0.068563 0.062695 -1.808644
26 1.155766 0.000000 0.000000 -0.005433 0.026725 -0.524005
27 4.454865 -0.071046 0.574018 0.095492 -0.008588 -0.706366
28 1.426183 0.000000 0.000000 0.055915 -0.087980 -1.504213
29 1.324319 0.000000 0.000000 0.009317 -0.033630 -0.575091
30 4.479185 -0.026371 1.583719 0.481659 -0.035384 -1.246107
31 1.341888 0.000000 0.000000 0.023475 -0.208313 -0.755745
32 1.225941 0.000000 0.000000 0.026045 -0.124622 -0.538683
33 2.631852 -0.344645 1.908319 -0.354021 -0.915168 -1.788213
34 1.058429 0.000000 0.000000 -0.001069 -0.012855 0.251002
35 0.778706 0.000000 0.000000 -0.000101 -0.003217 0.062752
36 2.033354 1.000773 -1.100771 -0.035453 1.947898 -1.725979
37 6.811801 0.000000 0.000000 1.018652 -0.095592 -0.777779
38 12.394103 0.000000 0.000000 0.000000 0.000000 -1.834725
39 9.334718 0.000000 0.000000 -1.125019 -0.365057 -0.007487
40 4.610092 -0.109559 1.408022 0.217767 -0.010340 -1.857607
41 1.191885 0.000000 0.000000 0.044560 -0.180938 -0.876601
42 0.945938 0.000000 0.000000 0.155228 -0.190276 -1.393021
43 4.605097 0.076364 0.573335 0.139630 -0.069408 -0.865173
44 1.430257 0.000000 0.000000 0.049426 -0.072767 -1.413300
45 1.155767 0.000000 0.000000 0.018371 -0.045481 -0.841346
46 4.454831 -0.076364 -0.573335 0.047705 -0.153456 -0.767483
47 1.426188 0.000000 0.000000 -0.053883 0.078891 -1.553286
48 1.324319 0.000000 0.000000 -0.013612 0.036969 -0.732282
49 4.479149 -0.041050 -1.583407 -0.332628 0.218366 0.154976
50 1.341885 0.000000 0.000000 -0.042633 0.220746 -0.851609
51 1.225945 0.000000 0.000000 0.008155 -0.000000 0.000001
52 2.631822 -0.362328 -1.905043 0.415059 0.423435 -0.720789
53 1.058428 0.000000 0.000000 0.015106 0.038913 0.767157
54 0.778706 0.000000 0.000000 0.004785 0.022541 0.418310
55 4.041916 5.169765 -8.467939 0.155172 0.032527 0.092304
56 -0.044717 2.529041 4.661499 -0.011041 0.297267 0.207630
time 7
1 -2.565070 3.452040 36.781036 1.422700 -0.035224 -0.796997
2 0.000000 0.000000 0.000000 0.000000 -0.000000 -0.000000
3 3.890452 -0.000007 -0.000003 -2.153601 0.054603 -1.190462
4 17.848179 0.000000 0.000000 0.000000 0.000000 0.499198
5 15.637959 0.000000 0.000000 -9.562583 -3.433186 8.264036
6 7.110240 0.000000 0.000000 6.276066 -0.003133 -0.631765
7 -3.890452 0.000003 0.000008 -1.540314 -0.125098 -1.615289
8 17.848181 0.000000 0.000000 0.000000 0.000000 0.529964
9 15.637958 0.000000 0.000000 -0.031060 -0.049706 -1.185818
10 7.110240 0.000000 0.000000 6.202033 -0.003133 -0.631765
11 0.000005 3.345127 -2.981901 1.910266 0.035351 1.856275
12 4.018332 0.000000 0.000000 0.072749 -0.113364 0.130852
13 3.518567 0.000000 0.000000 0.053505 0.067168 0.212275
14 8.942634 0.000000 0.000000 -0.078844 0.112914 0.222369
15 3.307272 0.000000 0.000000 3.141591 0.000000 0.400478
16 3.593713 0.000000 0.000000 -0.434505 0.013835 0.547379
17 2.033351 1.000771 1.100821 -0.756093 -1.613444 -0.995089
18 6.811800 0.000000 0.000000 -1.151760 -0.115121 -1.533014
19 12.394105 0.000000 0.000000 0.000000 0.000000 -1.259659
20 9.334690 0.000001 -0.000032 -0.038778 -0.436040 -0.053442
21 4.610123 -0.122605 -1.406946 -0.513267 0.072291 -1.288225
22 1.191884 0.000000 0.000000 -0.163027 0.224047 -1.466962
23 0.945939 0.000000 0.000000 -0.068871 0.147979 -0.913117
24 4.605128 0.071046 -0.574018 -0.157261 0.007109 -0.685616
25 1.430263 0.000000 0.000000 -0.068563 0.062695 -1.808644
26 1.155766 0.000000 0.000000 -0.005433 0.026725 -0.524005
27 4.454865 -0.071046 0.574018 0.095492 -0.008588 -0.706366
28 1.426183 0.000000 0.000000 0.055915 -0.087980 -1.504213
29 1.324319 0.000000 0.000000 0.009317 -0.033630 -0.575091
30 4.479185 -0.026371 1.583719 0.481659 -0.035384 -1.246107
31 1.341888 0.000000 0.000000 0.023475 -0.208313 -0.755745
32 1.225941 0.000000 0.000000 0.026045 -0.124622 -0.538683
33 2.631852 -0.344645 1.908319 -0.354021 -0.915169 -1.788213
34 1.058429 0.000000 0.000000 -0.001068 -0.012855 0.251002
35 0.778706 0.000000 0.000000 -0.000101 -0.003217 0.062752
36 2.033354 1.000773 -1.100771 -0.035452 1.947899 -1.725978
37 6.811801 0.000000 0.000000 1.016036 -0.101032 -0.757559
38 12.394103 0.000000 0.000000 0.000000 0.000000 -1.834725
39 9.334718 0.000000 0.000000 -1.125019 -0.365057 -0.007487
40 4.610092 -0.109559 1.408022 0.217767 -0.010340 -1.857608
41 1.191885 0.000000 0.000000 0.044560 -0.180938 -0.876601
42 0.945938 0.000000 0.000000 0.155228 -0.190276 -1.393021
43 4.605097 0.076364 0.573335 0.139630 -0.069408 -0.865173
44 1.430257 0.000000 0.000000 0.049426 -0.072767 -1.413300
45 1.155767 0.000000 0.000000 0.018371 -0.045481 -0.841346
46 4.454831 -0.076364 -0.573335 0.047705 -0.153456 -0.767483
47 1.426188 0.000000 0.000000 -0.053883 0.078891 -1.553286
48 1.324319 0.000000 0.000000 -0.013612 0.036969 -0.732283
49 4.479149 -0.041050 -1.583407 -0.332628 0.218366 0.154976
50 1.341885 0.000000 0.000000 -0.042633 0.220746 -0.851609
51 1.225945 0.000000 0.000000 0.008155 -0.000000 0.000001
52 2.631822 -0.362328 -1.905043 0.415059 0.423435 -0.720789
53 1.058428 0.000000 0.000000 0.015106 0.038913 0.767157
54 0.778706 0.000000 0.000000 0.004785 0.022541 0.418310
55 4.041916 5.169765 -8.467939 0.155172 0.032527 0.092303
56 -0.044717 2.529041 4.661499 -0.011190 0.297329 0.207547
time 8
1 -2.714024 3.451947 36.768715 1.432148 -0.039303 -0.803402
2 0.000000 0.000000 0.000000 -0.000000 -0.000000 -0.000000
3 3.890452 -0.000007 -0.000003 -2.154727 0.050527 -1.193859
4 17.848179 0.000000 0.000000 0.000000 0.000000 0.498653
5 15.637959 0.000000 0.000000 -9.570552 -3.428818 8.260835
6 7.110240 0.000000 0.000000 6.276066 -0.003133 -0.631765
7 -3.890452 0.000003 0.000008 -1.541276 -0.136461 -1.617679
8 17.848181 0.000000 0.000000 0.000000 0.000000 0.537609
9 15.637958 0.000000 0.000000 -0.035444 -0.053149 -1.191387
10 7.110240 0.000000 0.000000 6.202033 -0.003133 -0.631765
11 0.000005 3.345127 -2.981901 1.910266 0.035352 1.856275
12 4.018332 0.000000 0.000000 0.072749 -0.113364 0.130852
13 3.518567 0.000000 0.000000 0.053592 0.086124 0.213294
14 8.942634 0.000000 0.000000 -0.078844 0.112915 0.222369
15 3.307272 0.000000 0.000000 3.141591 -0.000000 0.400478
16 3.593713 0.000000 0.000000 -0.505788 0.013046 0.564106
17 2.033351 1.000771 1.100821 -0.756094 -1.613444 -0.995088
18 6.811800 0.000000 0.000000 -1.150164 -0.123389 -1.554853
19 12.394105 0.000000 0.000000 0.000000 0.000000 -1.219990
20 9.334690 0.000001 -0.000032 -0.038560 -0.436554 -0.086755
21 4.610123 -0.122605 -1.406946 -0.513267 0.072291 -1.288224
22 1.191884 0.000000 0.000000 -0.163027 0.224047 -1.466962
23 0.945939 0.000000 0.000000 -0.068871 0.147979 -0.913117
24 4.605128 0.071046 -0.574018 -0.157261 0.007109 -0.685616
25 1.430263 0.000000 0.000000 -0.068563 0.062695 -1.808644
26 1.155766 0.000000 0.000000 -0.005433 0.026725 -0.524005
27 4.454865 -0.071046 0.574018 0.095492 -0.008588 -0.706366
28 1.426183 0.000000 0.000000 0.055915 -0.087980 -1.504213
29 1.324319 0.000000 0.000000 0.009317 -0.033630 -0.575091
30 4.479185 -0.026371 1.583719 0.481659 -0.035384 -1.246107
31 1.341888 0.000000 0.000000 0.023475 -0.208313 -0.755745
32 1.225941 0.000000 0.000000 0.026045 -0.124622 -0.538683
33 2.631852 -0.344645 1.908319 -0.354021 -0.915168 -1.788213
34 1.058429 0.000000 0.000000 -0.001069 -0.012855 0.251002
35 0.778706 0.000000 0.000000 -0.000101 -0.003217 0.062752
36 2.033354 1.000773 -1.100771 -0.035453 1.947898 -1.725979
37 6.811801 0.000000 0.000000 1.013558 -0.105938 -0.739131
38 12.394103 0.000000 0.000000 0.000000 0.000000 -1.834725
39 9.334718 0.000000 0.000000 -1.125019 -0.365057 -0.007487
40 4.610092 -0.109559 1.408022 0.217767 -0.010340 -1.857607
41 1.191885 0.000000 0.000000 0.044560 -0.180938 -0.876601
42 0.945938 0.000000 0.000000 0.155228 -0.190276 -1.393021
43 4.605097 0.076364 0.573335 0.139630 -0.069408 -0.865173
44 1.430257 0.000000 0.000000 0.049426 -0.072767 -1.413300
45 1.155767 0.000000 0.000000 0.018371 -0.045481 -0.841346
46 4.454831 -0.076364 -0.573335 0.047705 -0.153456 -0.767483
47 1.426188 0.000000 0.000000 -0.053883 0.078891 -1.553286
48 1.324319 0.000000 0.000000 -0.013612 0.036969 -0.732283
49 4.479149 -0.041050 -1.583407 -0.332628 0.218366 0.154976
50 1.341885 0.000000 0.000000 -0.042634 0.220746 -0.851609
51 1.225945 0.000000 0.000000 0.008155 -0.000000 0.000001
52 2.631822 -0.362328 -1.905043 0.415059 0.423435 -0.720789
53 1.058428 0.000000 0.000000 0.015106 0.038913 0.767157
54 0.778706 0.000000 0.000000 0.004785 0.022541 0.418310
55 4.041916 5.169765 -8.467939 0.155172 0.032527 0.092303
56 -0.044717 2.529041 4.661499 -0.011339 0.297391 0.207456
time 9
1 -2.864025 3.451847 36.755116 1.440408 -0.042810 -0.809019
2 0.000000 0.000000 0.000000 -0.000000 -0.000000 -0.000000
3 3.890452 -0.000007 -0.000003 -2.155516 0.047746 -1.196614
4 17.848179 0.000000 0.000000 0.000000 0.000000 0.497255
5 15.637959 0.000000 0.000000 -9.577994 -3.425343 8.258286
6 7.110240 0.000000 0.000000 6.276066 -0.003133 -0.631765
7 -3.890452 0.000003 0.000008 -1.542021 -0.146062 -1.619329
8 17.848181 0.000000 0.000000 0.000000 0.000000 0.544634
9 15.637958 0.000000 0.000000 -0.039600 -0.055939 -1.196901
10 7.110240 0.000000 0.000000 6.202033 -0.003133 -0.631765
11 0.000005 3.345127 -2.981901 1.910266 0.035352 1.856275
12 4.018332 0.000000 0.000000 0.072749 -0.113364 0.130852
13 3.518567 0.000000 0.000000 0.053685 0.102651 0.214185
14 8.942634 0.000000 0.000000 -0.078844 0.112915 0.222369
15 3.307272 0.000000 0.000000 3.141590 -0.000000 0.400478
16 3.593713 0.000000 0.000000 -0.567662 0.013271 0.579805
17 2.033351 1.000771 1.100821 -0.756092 -1.613444 -0.995089
18 6.811800 0.000000 0.000000 -1.148790 -0.131163 -1.573956
19 12.394105 0.000000 0.000000 0.000000 0.000000 -1.184480
20 9.334690 0.000001 -0.000032 -0.038562 -0.436863 -0.116093
21 4.610123 -0.122605 -1.406946 -0.513267 0.072291 -1.288224
22 1.191884 0.000000 0.000000 -0.163027 0.224047 -1.466962
23 0.945939 0.000000 0.000000 -0.068871 0.147979 -0.913117
24 4.605128 0.071046 -0.574018 -0.157261 0.007109 -0.685616
25 1.430263 0.000000 0.000000 -0.068563 0.062695 -1.808644
26 1.155766 0.000000 0.000000 -0.005433 0.026725 -0.524005
27 4.454865 -0.071046 0.574018 0.095492 -0.008588 -0.706366
28 1.426183 0.000000 0.000000 0.055915 -0.087980 -1.504213
29 1.324319 0.000000 0.000000 0.009317 -0.033630 -0.575091
30 4.479185 -0.026371 1.583719 0.481659 -0.035384 -1.246107
31 1.341888 0.000000 0.000000 0.023475 -0.208312 -0.755745
32 1.225941 0.000000 0.000000 0.026045 -0.124622 -0.538683
33 2.631852 -0.344645 1.908319 -0.354021 -0.915168 -1.788213
34 1.058429 0.000000 0.000000 -0.001069 -0.012855 0.251002
35 0.778706 0.000000 0.000000 -0.000101 -0.003217 0.062752
36 2.033354 1.000773 -1.100771 -0.035453 1.947898 -1.725979
37 6.811801 0.000000 0.000000 1.011322 -0.110177 -0.723046
38 12.394103 0.000000 0.000000 0.000000 0.000000 -1.834725
39 9.334718 0.000000 0.000000 -1.125019 -0.365057 -0.007487
40 4.610092 -0.109559 1.408022 0.217767 -0.010340 -1.857608
41 1.191885 0.000000 0.000000 0.044560 -0.180938 -0.876601
42 0.945938 0.000000 0.000000 0.155228 -0.190276 -1.393021
43 4.605097 0.076364 0.573335 0.139630 -0.069408 -0.865173
44 1.430257 0.000000 0.000000 0.049426 -0.072767 -1.413300
45 1.155767 0.000000 0.000000 0.018371 -0.045481 -0.841346
46 4.454831 -0.076364 -0.573335 0.047705 -0.153456 -0.767483
47 1.426188 0.000000 0.000000 -0.053883 0.078891 -1.553286
48 1.324319 0.000000 0.000000 -0.013612 0.036969 -0.732283
49 4.479149 -0.041050 -1.583407 -0.332628 0.218366 0.154976
50 1.341885 0.000000 0.000000 -0.042633 0.220746 -0.851609
51 1.225945 0.000000 0.000000 0.008155 -0.000000 0.000001
52 2.631822 -0.362328 -1.905043 0.415059 0.423435 -0.720789
53 1.058428 0.000000 0.000000 0.015106 0.038913 0.767157
54 0.778706 0.000000 0.000000 0.004785 0.022541 0.418310
55 4.041916 5.169765 -8.467939 0.155172 0.032527 0.092303
56 -0.044717 2.529041 4.661499 -0.011486 0.297450 0.207360
time 10
1 -3.014789 3.451744 36.740009 1.447190 -0.045648 -0.813643
2 0.000000 0.000000 0.000000 0.000000 -0.000000 -0.000000
3 3.890452 -0.000007 -0.000003 -2.155919 0.046497 -1.198564
4 17.848179 0.000000 0.000000 0.000000 0.000000 0.494950
5 15.637959 0.000000 0.000000 -9.584784 -3.422980 8.256471
6 7.110240 0.000000 0.000000 6.276066 -0.003133 -0.631765
7 -3.890452 0.000003 0.000008 -1.542540 -0.153601 -1.620101
8 17.848181 0.000000 0.000000 0.000000 0.000000 0.551085
9 15.637958 0.000000 0.000000 -0.043463 -0.057909 -1.202426
10 7.110240 0.000000 0.000000 6.202033 -0.003133 -0.631765
11 0.000005 3.345127 -2.981901 1.910266 0.035351 1.856275
12 4.018332 0.000000 0.000000 0.072749 -0.113363 0.130852
13 3.518567 0.000000 0.000000 0.053772 0.116191 0.214918
14 8.942634 0.000000 0.000000 -0.078844 0.112914 0.222369
15 3.307272 0.000000 0.000000 3.141591 -0.000000 0.400478
16 3.593713 0.000000 0.000000 -0.618134 0.014129 0.593397
17 2.033351 1.000771 1.100821 -0.756093 -1.613444 -0.995088
18 6.811800 0.000000 0.000000 -1.147665 -0.137942 -1.589662
19 12.394105 0.000000 0.000000 0.000000 0.000000 -1.154696
20 9.334690 0.000001 -0.000032 -0.038696 -0.437027 -0.140362
21 4.610123 -0.122605 -1.406946 -0.513267 0.072291 -1.288224
22 1.191884 0.000000 0.000000 -0.163027 0.224047 -1.466962
23 0.945939 0.000000 0.000000 -0.068871 0.147979 -0.913117
24 4.605128 0.071046 -0.574018 -0.157261 0.007109 -0.685616
25 1.430263 0.000000 0.000000 -0.068563 0.062695 -1.808644
26 1.155766 0.000000 0.000000 -0.005433 0.026725 -0.524005
27 4.454865 -0.071046 0.574018 0.095492 -0.008588 -0.706366
28 1.426183 0.000000 0.000000 0.055915 -0.087980 -1.504213
29 1.324319 0.000000 0.000000 0.009317 -0.033630 -0.575091
30 4.479185 -0.026371 1.583719 0.481659 -0.035384 -1.246107
31 1.341888 0.000000 0.000000 0.023475 -0.208313 -0.755746
32 1.225941 0.000000 0.000000 0.026045 -0.124622 -0.538683
33 2.631852 -0.344645 1.908319 -0.354022 -0.915168 -1.788213
34 1.058429 0.000000 0.000000 -0.001069 -0.012855 0.251002
35 0.778706 0.000000 0.000000 -0.000101 -0.003217 0.062752
36 2.033354 1.000773 -1.100771 -0.035453 1.947899 -1.725979
37 6.811801 0.000000 0.000000 1.009439 -0.113623 -0.709856
38 12.394103 0.000000 0.000000 0.000000 0.000000 -1.834725
39 9.334718 0.000000 0.000000 -1.125019 -0.365057 -0.007487
40 4.610092 -0.109559 1.408022 0.217767 -0.010340 -1.857608
41 1.191885 0.000000 0.000000 0.044560 -0.180938 -0.876601
42 0.945938 0.000000 0.000000 0.155228 -0.190276 -1.393021
43 4.605097 0.076364 0.573335 0.139630 -0.069408 -0.865173
44 1.430257 0.000000 0.000000 0.049426 -0.072767 -1.413300
45 1.155767 0.000000 0.000000 0.018371 -0.045481 -0.841346
46 4.454831 -0.076364 -0.573335 0.047705 -0.153456 -0.767483
47 1.426188 0.000000 0.000000 -0.053883 0.078891 -1.553286
48 1.324319 0.000000 0.000000 -0.013612 0.036969 -0.732283
49 4.479149 -0.041050 -1.583407 -0.332628 0.218366 0.154976
50 1.341885 0.000000 0.000000 -0.042633 0.220746 -0.851609
51 1.225945 0.000000 0.000000 0.008155 -0.000000 0.000001
52 2.631822 -0.362328 -1.905043 0.415059 0.423435 -0.720789
53 1.058428 0.000000 0.000000 0.015106 0.038913 0.767157
54 0.778706 0.000000 0.000000 0.004785 0.022541 0.418310
55 4.041916 5.169765 -8.467939 0.155172 0.032527 0.092304
56 -0.044717 2.529041 4.661499 -0.011630 0.297507 0.207261
time 11
1 -3.166028 3.451637 36.723148 1.452204 -0.047722 -0.817067
2 0.000000 0.000000 0.000000 0.000000 -0.000000 -0.000000
3 3.890452 -0.000007 -0.000003 -2.155888 0.047010 -1.199543
4 17.848179 0.000000 0.000000 0.000000 0.000000 0.491692
5 15.637959 0.000000 0.000000 -9.590795 -3.421947 8.255470
6 7.110240 0.000000 0.000000 6.276066 -0.003133 -0.631765
7 -3.890452 0.000003 0.000008 -1.542815 -0.158776 -1.619856
8 17.848181 0.000000 0.000000 0.000000 0.000000 0.556999
9 15.637958 0.000000 0.000000 -0.046970 -0.058891 -1.208025
10 7.110240 0.000000 0.000000 6.202033 -0.003133 -0.631765
11 0.000005 3.345127 -2.981901 1.910266 0.035351 1.856275
12 4.018332 0.000000 0.000000 0.072749 -0.113364 0.130852
13 3.518567 0.000000 0.000000 0.053842 0.126181 0.215460
14 8.942634 0.000000 0.000000 -0.078844 0.112914 0.222369
15 3.307272 0.000000 0.000000 3.141591 -0.000000 0.400478
16 3.593713 0.000000 0.000000 -0.655243 0.015169 0.603827
17 2.033351 1.000771 1.100821 -0.756094 -1.613444 -0.995088
18 6.811800 0.000000 0.000000 -1.146830 -0.143189 -1.601290
19 12.394105 0.000000 0.000000 0.000000 0.000000 -1.132292
20 9.334690 0.000001 -0.000032 -0.038870 -0.437098 -0.158423
21 4.610123 -0.122605 -1.406946 -0.513267 0.072291 -1.288225
22 1.191884 0.000000 0.000000 -0.163028 0.224047 -1.466962
23 0.945939 0.000000 0.000000 -0.068871 0.147979 -0.913117
24 4.605128 0.071046 -0.574018 -0.157260 0.007109 -0.685616
25 1.430263 0.000000 0.000000 -0.068563 0.062695 -1.808645
26 1.155766 0.000000 0.000000 -0.005433 0.026725 -0.524005
27 4.454865 -0.071046 0.574018 0.095492 -0.008588 -0.706366
28 1.426183 0.000000 0.000000 0.055915 -0.087980 -1.504213
29 1.324319 0.000000 0.000000 0.009317 -0.033630 -0.575091
30 4.479185 -0.026371 1.583719 0.481659 -0.035384 -1.246107
31 1.341888 0.000000 0.000000 0.023475 -0.208313 -0.755745
32 1.225941 0.000000 0.000000 0.026045 -0.124622 -0.538683
33 2.631852 -0.344645 1.908319 -0.354021 -0.915168 -1.788213
34 1.058429 0.000000 0.000000 -0.001069 -0.012855 0.251002
35 0.778706 0.000000 0.000000 -0.000101 -0.003217 0.062752
36 2.033354 1.000773 -1.100771 -0.035453 1.947899 -1.725979
37 6.811801 0.000000 0.000000 1.008020 -0.116149 -0.700116
38 12.394103 0.000000 0.000000 0.000000 0.000000 -1.834725
39 9.334718 0.000000 0.000000 -1.125019 -0.365057 -0.007487
40 4.610092 -0.109559 1.408022 0.217767 -0.010340 -1.857607
41 1.191885 0.000000 0.000000 0.044560 -0.180938 -0.876601
42 0.945938 0.000000 0.000000 0.155228 -0.190276 -1.393021
43 4.605097 0.076364 0.573335 0.139630 -0.069408 -0.865173
44 1.430257 0.000000 0.000000 0.049426 -0.072767 -1.413300
45 1.155767 0.000000 0.000000 0.018371 -0.045481 -0.841346
46 4.454831 -0.076364 -0.573335 0.047705 -0.153456 -0.767483
47 1.426188 0.000000 0.000000 -0.053883 0.078891 -1.553286
48 1.324319 0.000000 0.000000 -0.013612 0.036969 -0.732283
49 4.479149 -0.041050 -1.583407 -0.332628 0.218366 0.154976
50 1.341885 0.000000 0.000000 -0.042633 0.220746 -0.851609
51 1.225945 0.000000 0.000000 0.008155 -0.000000 0.000001
52 2.631822 -0.362328 -1.905043 0.415059 0.423435 -0.720789
53 1.058428 0.000000 0.000000 0.015106 0.038913 0.767157
54 0.778706 0.000000 0.000000 0.004786 0.022541 0.418310
55 4.041916 5.169765 -8.467939 0.155172 0.032527 0.092303
56 -0.044717 2.529041 4.661499 -0.011766 0.297560 0.207161
time 12
1 -3.317459 3.451530 36.705429 1.455495 -0.048415 -0.818517
2 0.000000 0.000000 0.000000 -0.000000 -0.000000 -0.000000
3 3.890452 -0.000007 -0.000003 -2.155387 0.048570 -1.198709
4 17.848179 0.000000 0.000000 0.000000 0.000000 0.488270
5 15.637959 0.000000 0.000000 -9.595492 -3.422729 8.255061
6 7.110240 0.000000 0.000000 6.276066 -0.003133 -0.631765
7 -3.890452 0.000003 0.000008 -1.542757 -0.161226 -1.618042
8 17.848181 0.000000 0.000000 0.000000 0.000000 0.561642
9 15.637958 0.000000 0.000000 -0.049638 -0.058327 -1.213411
10 7.110240 0.000000 0.000000 6.202033 -0.003133 -0.631765
11 0.000005 3.345127 -2.981901 1.910267 0.035352 1.856275
12 4.018332 0.000000 0.000000 0.072749 -0.113363 0.130852
13 3.518567 0.000000 0.000000 0.054151 0.133015 0.215837
14 8.942634 0.000000 0.000000 -0.078307 0.112809 0.222376
15 3.307272 0.000000 0.000000 3.141591 0.000000 0.400478
16 3.593713 0.000000 0.000000 -0.679003 0.016011 0.611141
17 2.033351 1.000771 1.100821 -0.756093 -1.613444 -0.995089
18 6.811800 0.000000 0.000000 -1.145162 -0.147882 -1.610083
19 12.394105 0.000000 0.000000 0.000000 0.000000 -1.114012
20 9.334690 0.000001 -0.000032 -0.039175 -0.436881 -0.172621
21 4.610123 -0.122605 -1.406946 -0.513267 0.072291 -1.288225
22 1.191884 0.000000 0.000000 -0.163027 0.224047 -1.466962
23 0.945939 0.000000 0.000000 -0.068871 0.147979 -0.913117
24 4.605128 0.071046 -0.574018 -0.157261 0.007109 -0.685616
25 1.430263 0.000000 0.000000 -0.068563 0.062695 -1.808644
26 1.155766 0.000000 0.000000 -0.005433 0.026725 -0.524005
27 4.454865 -0.071046 0.574018 0.095493 -0.008588 -0.706366
28 1.426183 0.000000 0.000000 0.055916 -0.087980 -1.504212
29 1.324319 0.000000 0.000000 0.009317 -0.033630 -0.575091
30 4.479185 -0.026371 1.583719 0.481659 -0.035384 -1.246107
31 1.341888 0.000000 0.000000 0.023475 -0.208313 -0.755745
32 1.225941 0.000000 0.000000 0.026045 -0.124622 -0.538684
33 2.631852 -0.344645 1.908319 -0.354021 -0.915168 -1.788213
34 1.058429 0.000000 0.000000 -0.001069 -0.012855 0.251002
35 0.778706 0.000000 0.000000 -0.000101 -0.003217 0.062752
36 2.033354 1.000773 -1.100771 -0.035453 1.947898 -1.725979
37 6.811801 0.000000 0.000000 1.007605 -0.119739 -0.693792
38 12.394103 0.000000 0.000000 0.000000 0.000000 -1.834725
39 9.334718 0.000000 0.000000 -1.126144 -0.365035 -0.007496
40 4.610092 -0.109559 1.408022 0.217767 -0.010340 -1.857608
41 1.191885 0.000000 0.000000 0.044560 -0.180938 -0.876601
42 0.945938 0.000000 0.000000 0.155228 -0.190276 -1.393021
43 4.605097 0.076364 0.573335 0.139630 -0.069408 -0.865173
44 1.430257 0.000000 0.000000 0.049426 -0.072767 -1.413300
45 1.155767 0.000000 0.000000 0.018371 -0.045481 -0.841346
46 4.454831 -0.076364 -0.573335 0.047705 -0.153456 -0.767483
47 1.426188 0.000000 0.000000 -0.053883 0.078891 -1.553286
48 1.324319 0.000000 0.000000 -0.013612 0.036969 -0.732283
49 4.479149 -0.041050 -1.583407 -0.332628 0.218366 0.154976
50 1.341885 0.000000 0.000000 -0.042633 0.220746 -0.851609
51 1.225945 0.000000 0.000000 0.008155 -0.000000 0.000001
52 2.631822 -0.362328 -1.905043 0.415059 0.423435 -0.720789
53 1.058428 0.000000 0.000000 0.015106 0.038913 0.767157
54 0.778706 0.000000 0.000000 0.004785 0.022541 0.418310
55 4.041916 5.169765 -8.467939 0.155172 0.032527 0.092304
56 -0.044717 2.529041 4.661499 -0.011894 0.297608 0.207064
time 13
1 -3.468794 3.451423 36.687397 1.457433 -0.047440 -0.817683
2 0.000000 0.000000 0.000000 -0.000000 -0.000000 -0.000000
3 3.890452 -0.000007 -0.000003 -2.154470 0.050315 -1.195631
4 17.848179 0.000000 0.000000 0.000000 0.000000 0.485478
5 15.637959 0.000000 0.000000 -9.598648 -3.425416 8.254906
6 7.110240 0.000000 0.000000 6.276066 -0.003133 -0.631765
7 -3.890452 0.000003 0.000008 -1.542334 -0.161176 -1.614457
8 17.848181 0.000000 0.000000 0.000000 0.000000 0.564652
9 15.637958 0.000000 0.000000 -0.051207 -0.056021 -1.218394
10 7.110240 0.000000 0.000000 6.202033 -0.003133 -0.631765
11 0.000005 3.345127 -2.981901 1.910266 0.035352 1.856275
12 4.018332 0.000000 0.000000 0.072749 -0.113364 0.130852
13 3.518567 0.000000 0.000000 0.054880 0.137630 0.216106
14 8.942634 0.000000 0.000000 -0.076863 0.112526 0.222394
15 3.307272 0.000000 0.000000 3.141590 0.000000 0.400478
16 3.593713 0.000000 0.000000 -0.691881 0.016523 0.616130
17 2.033351 1.000771 1.100821 -0.756093 -1.613444 -0.995088
18 6.811800 0.000000 0.000000 -1.141823 -0.153104 -1.617719
19 12.394105 0.000000 0.000000 0.000000 0.000000 -1.095960
20 9.334690 0.000001 -0.000032 -0.039705 -0.436229 -0.185844
21 4.610123 -0.122605 -1.406946 -0.513267 0.072291 -1.288225
22 1.191884 0.000000 0.000000 -0.163028 0.224047 -1.466962
23 0.945939 0.000000 0.000000 -0.068871 0.147979 -0.913117
24 4.605128 0.071046 -0.574018 -0.157261 0.007109 -0.685616
25 1.430263 0.000000 0.000000 -0.068563 0.062695 -1.808644
26 1.155766 0.000000 0.000000 -0.005433 0.026725 -0.524005
27 4.454865 -0.071046 0.574018 0.095492 -0.008588 -0.706366
28 1.426183 0.000000 0.000000 0.055915 -0.087980 -1.504213
29 1.324319 0.000000 0.000000 0.009317 -0.033630 -0.575091
30 4.479185 -0.026371 1.583719 0.481659 -0.035384 -1.246107
31 1.341888 0.000000 0.000000 0.023475 -0.208313 -0.755745
32 1.225941 0.000000 0.000000 0.026045 -0.124622 -0.538683
33 2.631852 -0.344645 1.908319 -0.354021 -0.915168 -1.788213
34 1.058429 0.000000 0.000000 -0.001069 -0.012855 0.251002
35 0.778706 0.000000 0.000000 -0.000101 -0.003217 0.062752
36 2.033354 1.000773 -1.100771 -0.035453 1.947898 -1.725979
37 6.811801 0.000000 0.000000 1.008466 -0.125935 -0.690219
38 12.394103 0.000000 0.000000 0.000000 0.000000 -1.834725
39 9.334718 0.000000 0.000000 -1.129174 -0.364975 -0.007521
40 4.610092 -0.109559 1.408022 0.217767 -0.010340 -1.857608
41 1.191885 0.000000 0.000000 0.044560 -0.180938 -0.876601
42 0.945938 0.000000 0.000000 0.155228 -0.190276 -1.393021
43 4.605097 0.076364 0.573335 0.139630 -0.069408 -0.865173
44 1.430257 0.000000 0.000000 0.049426 -0.072767 -1.413300
45 1.155767 0.000000 0.000000 0.018371 -0.045481 -0.841346
46 4.454831 -0.076364 -0.573335 0.047705 -0.153456 -0.767483
47 1.426188 0.000000 0.000000 -0.053883 0.078891 -1.553286
48 1.324319 0.000000 0.000000 -0.013612 0.036969 -0.732283
49 4.479149 -0.041050 -1.583407 -0.332628 0.218366 0.154976
50 1.341885 0.000000 0.000000 -0.042633 0.220746 -0.851609
51 1.225945 0.000000 0.000000 0.008155 -0.000000 0.000001
52 2.631822 -0.362328 -1.905043 0.415059 0.423435 -0.720789
53 1.058428 0.000000 0.000000 0.015106 0.038913 0.767157
54 0.778706 0.000000 0.000000 0.004785 0.022541 0.418310
55 4.041916 5.169765 -8.467939 0.155172 0.032527 0.092304
56 -0.044717 2.529041 4.661499 -0.012010 0.297652 0.206973
time 14
1 -3.619748 3.451319 36.668194 1.458216 -0.045185 -0.815068
2 0.000000 0.000000 0.000000 -0.000000 -0.000000 -0.000000
3 3.890452 -0.000007 -0.000003 -2.153222 0.052253 -1.190752
4 17.848179 0.000000 0.000000 0.000000 0.000000 0.483265
5 15.637959 0.000000 0.000000 -9.600607 -3.429633 8.254916
6 7.110240 0.000000 0.000000 6.276066 -0.003133 -0.631765
7 -3.890452 0.000003 0.000008 -1.541603 -0.159188 -1.609485
8 17.848181 0.000000 0.000000 0.000000 0.000000 0.566583
9 15.637958 0.000000 0.000000 -0.051963 -0.052356 -1.223157
10 7.110240 0.000000 0.000000 6.202033 -0.003133 -0.631765
11 0.000005 3.345127 -2.981901 1.910266 0.035352 1.856275
12 4.018332 0.000000 0.000000 0.072749 -0.113364 0.130852
13 3.518567 0.000000 0.000000 0.055911 0.140285 0.216277
14 8.942634 0.000000 0.000000 -0.074758 0.112113 0.222421
15 3.307272 0.000000 0.000000 3.141590 0.000000 0.400478
16 3.593713 0.000000 0.000000 -0.695591 0.016672 0.618981
17 2.033351 1.000771 1.100821 -0.756090 -1.613444 -0.995092
18 6.811800 0.000000 0.000000 -1.137288 -0.158482 -1.624138
19 12.394105 0.000000 0.000000 0.000000 0.000000 -1.078861
20 9.334690 0.000001 -0.000032 -0.040393 -0.435267 -0.197740
21 4.610123 -0.122605 -1.406946 -0.513267 0.072291 -1.288225
22 1.191884 0.000000 0.000000 -0.163027 0.224047 -1.466962
23 0.945939 0.000000 0.000000 -0.068871 0.147979 -0.913117
24 4.605128 0.071046 -0.574018 -0.157261 0.007109 -0.685616
25 1.430263 0.000000 0.000000 -0.068563 0.062695 -1.808644
26 1.155766 0.000000 0.000000 -0.005433 0.026725 -0.524005
27 4.454865 -0.071046 0.574018 0.095492 -0.008588 -0.706366
28 1.426183 0.000000 0.000000 0.055916 -0.087980 -1.504213
29 1.324319 0.000000 0.000000 0.009317 -0.033630 -0.575091
30 4.479185 -0.026371 1.583719 0.481659 -0.035384 -1.246107
31 1.341888 0.000000 0.000000 0.023475 -0.208312 -0.755745
32 1.225941 0.000000 0.000000 0.026045 -0.124622 -0.538683
33 2.631852 -0.344645 1.908319 -0.354022 -0.915169 -1.788213
34 1.058429 0.000000 0.000000 -0.001068 -0.012855 0.251002
35 0.778706 0.000000 0.000000 -0.000101 -0.003217 0.062752
36 2.033354 1.000773 -1.100771 -0.035453 1.947899 -1.725979
37 6.811801 0.000000 0.000000 1.010315 -0.133943 -0.689004
38 12.394103 0.000000 0.000000 0.000000 0.000000 -1.834725
39 9.334718 0.000000 0.000000 -1.133588 -0.364887 -0.007557
40 4.610092 -0.109559 1.408022 0.217767 -0.010340 -1.857608
41 1.191885 0.000000 0.000000 0.044560 -0.180938 -0.876601
42 0.945938 0.000000 0.000000 0.155228 -0.190276 -1.393021
43 4.605097 0.076364 0.573335 0.139630 -0.069408 -0.865173
44 1.430257 0.000000 0.000000 0.049426 -0.072767 -1.413300
45 1.155767 0.000000 0.000000 0.018371 -0.045481 -0.841346
46 4.454831 -0.076364 -0.573335 0.047705 -0.153456 -0.767483
47 1.426188 0.000000 0.000000 -0.053883 0.078891 -1.553286
48 1.324319 0.000000 0.000000 -0.013612 0.036969 -0.732283
49 4.479149 -0.041050 -1.583407 -0.332628 0.218366 0.154976
50 1.341885 0.000000 0.000000 -0.042633 0.220746 -0.851609
51 1.225945 0.000000 0.000000 0.008155 -0.000000 0.000001
52 2.631822 -0.362328 -1.905043 0.415059 0.423435 -0.720789
53 1.058428 0.000000 0.000000 0.015106 0.038913 0.767157
54 0.778706 0.000000 0.000000 0.004785 0.022541 0.418310
55 4.041916 5.169765 -8.467939 0.155172 0.032527 0.092304
56 -0.044717 2.529041 4.661499 -0.012111 0.297690 0.206890
time 15
1 -3.770035 3.451217 36.646896 1.458049 -0.042031 -0.811177
2 0.000000 0.000000 0.000000 -0.000000 -0.000000 -0.000000
3 3.890452 -0.000007 -0.000003 -2.151724 0.054395 -1.184519
4 17.848179 0.000000 0.000000 0.000000 0.000000 0.481577
5 15.637959 0.000000 0.000000 -9.601706 -3.435005 8.255008
6 7.110240 0.000000 0.000000 6.276066 -0.003133 -0.631765
7 -3.890452 0.000003 0.000008 -1.540616 -0.155811 -1.603507
8 17.848181 0.000000 0.000000 0.000000 0.000000 0.567968
9 15.637958 0.000000 0.000000 -0.052184 -0.047719 -1.227874
10 7.110240 0.000000 0.000000 6.202033 -0.003133 -0.631765
11 0.000005 3.345127 -2.981901 1.910266 0.035352 1.856275
12 4.018332 0.000000 0.000000 0.072749 -0.113364 0.130852
13 3.518567 0.000000 0.000000 0.057127 0.141240 0.216361
14 8.942634 0.000000 0.000000 -0.072240 0.111619 0.222451
15 3.307272 0.000000 0.000000 3.141590 0.000000 0.400478
16 3.593713 0.000000 0.000000 -0.691828 0.016487 0.619946
17 2.033351 1.000771 1.100821 -0.756093 -1.613444 -0.995089
18 6.811800 0.000000 0.000000 -1.132041 -0.163651 -1.629257
19 12.394105 0.000000 0.000000 0.000000 0.000000 -1.063474
20 9.334690 0.000001 -0.000032 -0.041179 -0.434115 -0.207936
21 4.610123 -0.122605 -1.406946 -0.513267 0.072291 -1.288224
22 1.191884 0.000000 0.000000 -0.163027 0.224047 -1.466962
23 0.945939 0.000000 0.000000 -0.068871 0.147979 -0.913117
24 4.605128 0.071046 -0.574018 -0.157260 0.007109 -0.685616
25 1.430263 0.000000 0.000000 -0.068563 0.062695 -1.808644
26 1.155766 0.000000 0.000000 -0.005433 0.026725 -0.524005
27 4.454865 -0.071046 0.574018 0.095492 -0.008588 -0.706366
28 1.426183 0.000000 0.000000 0.055915 -0.087980 -1.504213
29 1.324319 0.000000 0.000000 0.009317 -0.033630 -0.575091
30 4.479185 -0.026371 1.583719 0.481659 -0.035384 -1.246107
31 1.341888 0.000000 0.000000 0.023475 -0.208312 -0.755745
32 1.225941 0.000000 0.000000 0.026045 -0.124622 -0.538683
33 2.631852 -0.344645 1.908319 -0.354021 -0.915168 -1.788213
34 1.058429 0.000000 0.000000 -0.001069 -0.012855 0.251002
35 0.778706 0.000000 0.000000 -0.000101 -0.003217 0.062752
36 2.033354 1.000773 -1.100771 -0.035453 1.947898 -1.725979
37 6.811801 0.000000 0.000000 1.012870 -0.142959 -0.689756
38 12.394103 0.000000 0.000000 0.000000 0.000000 -1.834725
39 9.334718 0.000000 0.000000 -1.138867 -0.364783 -0.007601
40 4.610092 -0.109559 1.408022 0.217767 -0.010340 -1.857607
41 1.191885 0.000000 0.000000 0.044560 -0.180938 -0.876601
42 0.945938 0.000000 0.000000 0.155228 -0.190276 -1.393021
43 4.605097 0.076364 0.573335 0.139630 -0.069408 -0.865173
44 1.430257 0.000000 0.000000 0.049426 -0.072767 -1.413300
45 1.155767 0.000000 0.000000 0.018371 -0.045481 -0.841346
46 4.454831 -0.076364 -0.573335 0.047705 -0.153456 -0.767483
47 1.426188 0.000000 0.000000 -0.053883 0.078891 -1.553286
48 1.324319 0.000000 0.000000 -0.013612 0.036969 -0.732283
49 4.479149 -0.041050 -1.583407 -0.332628 0.218366 0.154976
50 1.341885 0.000000 0.000000 -0.042633 0.220746 -0.851609
51 1.225945 0.000000 0.000000 0.008155 -0.000000 0.000001
52 2.631822 -0.362328 -1.905043 0.415059 0.423435 -0.720789
53 1.058428 0.000000 0.000000 0.015106 0.038913 0.767157
54 0.778706 0.000000 0.000000 0.004785 0.022541 0.418310
55 4.041916 5.169765 -8.467939 0.155172 0.032527 0.092303
56 -0.044717 2.529041 4.661499 -0.012194 0.297720 0.206820
time 16
1 -3.919370 3.451122 36.622540 1.457132 -0.038355 -0.806518
2 0.000000 0.000000 0.000000 -0.000000 -0.000000 -0.000000
3 3.890452 -0.000007 -0.000003 -2.150054 0.056760 -1.177385
4 17.848179 0.000000 0.000000 0.000000 0.000000 0.480350
5 15.637959 0.000000 0.000000 -9.602279 -3.441152 8.255094
6 7.110240 0.000000 0.000000 6.276066 -0.003133 -0.631765
7 -3.890452 0.000003 0.000008 -1.539430 -0.151585 -1.596908
8 17.848181 0.000000 0.000000 0.000000 0.000000 0.569344
9 15.637958 0.000000 0.000000 -0.052145 -0.042497 -1.232728
10 7.110240 0.000000 0.000000 6.202033 -0.003133 -0.631765
11 0.000005 3.345127 -2.981901 1.910266 0.035352 1.856275
12 4.018332 0.000000 0.000000 0.072749 -0.113364 0.130852
13 3.518567 0.000000 0.000000 0.058410 0.140753 0.216366
14 8.942634 0.000000 0.000000 -0.069558 0.111092 0.222482
15 3.307272 0.000000 0.000000 3.141590 -0.000000 0.400478
16 3.593713 0.000000 0.000000 -0.682269 0.016038 0.619318
17 2.033351 1.000771 1.100821 -0.756094 -1.613444 -0.995088
18 6.811800 0.000000 0.000000 -1.126573 -0.168259 -1.632970
19 12.394105 0.000000 0.000000 0.000000 0.000000 -1.050572
20 9.334690 0.000001 -0.000032 -0.041999 -0.432889 -0.216047
21 4.610123 -0.122605 -1.406946 -0.513267 0.072291 -1.288225
22 1.191884 0.000000 0.000000 -0.163028 0.224047 -1.466962
23 0.945939 0.000000 0.000000 -0.068871 0.147979 -0.913117
24 4.605128 0.071046 -0.574018 -0.157261 0.007109 -0.685616
25 1.430263 0.000000 0.000000 -0.068563 0.062695 -1.808645
26 1.155766 0.000000 0.000000 -0.005433 0.026725 -0.524005
27 4.454865 -0.071046 0.574018 0.095492 -0.008588 -0.706366
28 1.426183 0.000000 0.000000 0.055915 -0.087980 -1.504212
29 1.324319 0.000000 0.000000 0.009317 -0.033630 -0.575091
30 4.479185 -0.026371 1.583719 0.481659 -0.035384 -1.246107
31 1.341888 0.000000 0.000000 0.023475 -0.208312 -0.755745
32 1.225941 0.000000 0.000000 0.026045 -0.124622 -0.538683
33 2.631852 -0.344645 1.908319 -0.354021 -0.915169 -1.788213
34 1.058429 0.000000 0.000000 -0.001069 -0.012855 0.251002
35 0.778706 0.000000 0.000000 -0.000101 -0.003217 0.062752
36 2.033354 1.000773 -1.100771 -0.035453 1.947898 -1.725979
37 6.811801 0.000000 0.000000 1.015843 -0.152174 -0.692072
38 12.394103 0.000000 0.000000 0.000000 0.000000 -1.834725
39 9.334718 0.000000 0.000000 -1.144492 -0.364672 -0.007648
40 4.610092 -0.109559 1.408022 0.217767 -0.010340 -1.857608
41 1.191885 0.000000 0.000000 0.044560 -0.180938 -0.876601
42 0.945938 0.000000 0.000000 0.155228 -0.190276 -1.393021
43 4.605097 0.076364 0.573335 0.139630 -0.069408 -0.865173
44 1.430257 0.000000 0.000000 0.049426 -0.072767 -1.413300
45 1.155767 0.000000 0.000000 0.018371 -0.045481 -0.841346
46 4.454831 -0.076364 -0.573335 0.047705 -0.153456 -0.767483
47 1.426188 0.000000 0.000000 -0.053883 0.078891 -1.553286
48 1.324319 0.000000 0.000000 -0.013612 0.036969 -0.732283
49 4.479149 -0.041050 -1.583407 -0.332628 0.218366 0.154976
50 1.341885 0.000000 0.000000 -0.042633 0.220746 -0.851609
51 1.225945 0.000000 0.000000 0.008155 -0.000000 0.000001
52 2.631822 -0.362328 -1.905043 0.415059 0.423435 -0.720789
53 1.058428 0.000000 0.000000 0.015106 0.038913 0.767157
54 0.778706 0.000000 0.000000 0.004785 0.022541 0.418310
55 4.041916 5.169765 -8.467939 0.155172 0.032527 0.092304
56 -0.044717 2.529041 4.661499 -0.012257 0.297743 0.206766
time 17
1 -4.067466 3.451033 36.594128 1.455664 -0.034538 -0.801600
2 0.000000 0.000000 0.000000 -0.000000 -0.000000 -0.000000
3 3.890452 -0.000007 -0.000003 -2.148284 0.059387 -1.169812
4 17.848179 0.000000 0.000000 0.000000 0.000000 0.479512
5 15.637959 0.000000 0.000000 -9.602664 -3.447690 8.255088
6 7.110240 0.000000 0.000000 6.276066 -0.003133 -0.631765
7 -3.890452 0.000003 0.000008 -1.538114 -0.147040 -1.590077
8 17.848181 0.000000 0.000000 0.000000 0.000000 0.571253
9 15.637958 0.000000 0.000000 -0.052106 -0.037075 -1.237910
10 7.110240 0.000000 0.000000 6.202033 -0.003133 -0.631765
11 0.000005 3.345127 -2.981901 1.910266 0.035352 1.856275
12 4.018332 0.000000 0.000000 0.072749 -0.113364 0.130852
13 3.518567 0.000000 0.000000 0.059643 0.139085 0.216302
14 8.942634 0.000000 0.000000 -0.066958 0.110582 0.222510
15 3.307272 0.000000 0.000000 3.141590 0.000000 0.400478
16 3.593713 0.000000 0.000000 -0.668585 0.015415 0.617411
17 2.033351 1.000771 1.100821 -0.756094 -1.613444 -0.995088
18 6.811800 0.000000 0.000000 -1.121376 -0.171979 -1.635161
19 12.394105 0.000000 0.000000 0.000000 0.000000 -1.040925
20 9.334690 0.000001 -0.000032 -0.042783 -0.431704 -0.221682
21 4.610123 -0.122605 -1.406946 -0.513267 0.072291 -1.288224
22 1.191884 0.000000 0.000000 -0.163027 0.224047 -1.466962
23 0.945939 0.000000 0.000000 -0.068871 0.147979 -0.913117
24 4.605128 0.071046 -0.574018 -0.157260 0.007109 -0.685616
25 1.430263 0.000000 0.000000 -0.068563 0.062695 -1.808644
26 1.155766 0.000000 0.000000 -0.005433 0.026725 -0.524005
27 4.454865 -0.071046 0.574018 0.095492 -0.008588 -0.706366
28 1.426183 0.000000 0.000000 0.055915 -0.087980 -1.504213
29 1.324319 0.000000 0.000000 0.009317 -0.033630 -0.575091
30 4.479185 -0.026371 1.583719 0.481659 -0.035384 -1.246107
31 1.341888 0.000000 0.000000 0.023475 -0.208313 -0.755745
32 1.225941 0.000000 0.000000 0.026045 -0.124622 -0.538684
33 2.631852 -0.344645 1.908319 -0.354021 -0.915168 -1.788213
34 1.058429 0.000000 0.000000 -0.001069 -0.012855 0.251002
35 0.778706 0.000000 0.000000 -0.000101 -0.003217 0.062752
36 2.033354 1.000773 -1.100771 -0.035453 1.947898 -1.725979
37 6.811801 0.000000 0.000000 1.018936 -0.160784 -0.695535
38 12.394103 0.000000 0.000000 0.000000 0.000000 -1.834725
39 9.334718 0.000000 0.000000 -1.149944 -0.364565 -0.007695
40 4.610092 -0.109559 1.408022 0.217767 -0.010340 -1.857608
41 1.191885 0.000000 0.000000 0.044560 -0.180938 -0.876601
42 0.945938 0.000000 0.000000 0.155228 -0.190276 -1.393021
43 4.605097 0.076364 0.573335 0.139630 -0.069408 -0.865173
44 1.430257 0.000000 0.000000 0.049426 -0.072767 -1.413300
45 1.155767 0.000000 0.000000 0.018371 -0.045481 -0.841346
46 4.454831 -0.076364 -0.573335 0.047705 -0.153456 -0.767483
47 1.426188 0.000000 0.000000 -0.053883 0.078891 -1.553286
48 1.324319 0.000000 0.000000 -0.013612 0.036969 -0.732283
49 4.479149 -0.041050 -1.583407 -0.332628 0.218366 0.154976
50 1.341885 0.000000 0.000000 -0.042634 0.220746 -0.851609
51 1.225945 0.000000 0.000000 0.008155 -0.000000 0.000001
52 2.631822 -0.362328 -1.905043 0.415059 0.423435 -0.720789
53 1.058428 0.000000 0.000000 0.015106 0.038913 0.767157
54 0.778706 0.000000 0.000000 0.004785 0.022541 0.418310
55 4.041916 5.169765 -8.467939 0.155172 0.032527 0.092304
56 -0.044717 2.529041 4.661499 -0.012296 0.297757 0.206732
time 18
1 -4.214040 3.450953 36.560673 1.453833 -0.030960 -0.796926
2 0.000000 0.000000 0.000000 -0.000000 -0.000000 -0.000000
3 3.890452 -0.000007 -0.000003 -2.146483 0.062327 -1.162267
4 17.848179 0.000000 0.000000 0.000000 0.000000 0.478994
5 15.637959 0.000000 0.000000 -9.603203 -3.454231 8.254891
6 7.110240 0.000000 0.000000 6.276066 -0.003133 -0.631765
7 -3.890452 0.000003 0.000008 -1.536751 -0.142694 -1.583413
8 17.848181 0.000000 0.000000 0.000000 0.000000 0.574244
9 15.637958 0.000000 0.000000 -0.052317 -0.031828 -1.243625
10 7.110240 0.000000 0.000000 6.202033 -0.003133 -0.631765
11 0.000005 3.345127 -2.981901 1.910266 0.035352 1.856275
12 4.018332 0.000000 0.000000 0.072749 -0.113364 0.130852
13 3.518567 0.000000 0.000000 0.060709 0.136494 0.216179
14 8.942634 0.000000 0.000000 -0.064688 0.110136 0.222534
15 3.307272 0.000000 0.000000 3.141591 0.000000 0.400478
16 3.593713 0.000000 0.000000 -0.652444 0.014718 0.614541
17 2.033351 1.000771 1.100821 -0.756091 -1.613444 -0.995090
18 6.811800 0.000000 0.000000 -1.116944 -0.174511 -1.635709
19 12.394105 0.000000 0.000000 0.000000 0.000000 -1.035274
20 9.334690 0.000001 -0.000032 -0.043456 -0.430671 -0.224460
21 4.610123 -0.122605 -1.406946 -0.513267 0.072291 -1.288225
22 1.191884 0.000000 0.000000 -0.163028 0.224047 -1.466962
23 0.945939 0.000000 0.000000 -0.068871 0.147979 -0.913117
24 4.605128 0.071046 -0.574018 -0.157261 0.007109 -0.685616
25 1.430263 0.000000 0.000000 -0.068563 0.062695 -1.808644
26 1.155766 0.000000 0.000000 -0.005433 0.026725 -0.524005
27 4.454865 -0.071046 0.574018 0.095492 -0.008588 -0.706366
28 1.426183 0.000000 0.000000 0.055915 -0.087980 -1.504213
29 1.324319 0.000000 0.000000 0.009317 -0.033630 -0.575091
30 4.479185 -0.026371 1.583719 0.481659 -0.035384 -1.246107
31 1.341888 0.000000 0.000000 0.023475 -0.208313 -0.755745
32 1.225941 0.000000 0.000000 0.026045 -0.124622 -0.538683
33 2.631852 -0.344645 1.908319 -0.354022 -0.915169 -1.788213
34 1.058429 0.000000 0.000000 -0.001068 -0.012855 0.251002
35 0.778706 0.000000 0.000000 -0.000101 -0.003217 0.062752
36 2.033354 1.000773 -1.100771 -0.035453 1.947898 -1.725979
37 6.811801 0.000000 0.000000 1.021839 -0.167988 -0.699708
38 12.394103 0.000000 0.000000 0.000000 0.000000 -1.834725
39 9.334718 0.000000 0.000000 -1.154703 -0.364471 -0.007736
40 4.610092 -0.109559 1.408022 0.217767 -0.010340 -1.857608
41 1.191885 0.000000 0.000000 0.044560 -0.180938 -0.876601
42 0.945938 0.000000 0.000000 0.155228 -0.190276 -1.393021
43 4.605097 0.076364 0.573335 0.139630 -0.069408 -0.865173
44 1.430257 0.000000 0.000000 0.049426 -0.072767 -1.413300
45 1.155767 0.000000 0.000000 0.018371 -0.045481 -0.841346
46 4.454831 -0.076364 -0.573335 0.047705 -0.153456 -0.767483
47 1.426188 0.000000 0.000000 -0.053883 0.078891 -1.553286
48 1.324319 0.000000 0.000000 -0.013612 0.036969 -0.732283
49 4.479149 -0.041050 -1.583407 -0.332628 0.218366 0.154976
50 1.341885 0.000000 0.000000 -0.042634 0.220746 -0.851609
51 1.225945 0.000000 0.000000 0.008155 -0.000000 0.000001
52 2.631822 -0.362328 -1.905043 0.415059 0.423435 -0.720789
53 1.058428 0.000000 0.000000 0.015106 0.038913 0.767157
54 0.778706 0.000000 0.000000 0.004785 0.022541 0.418310
55 4.041916 5.169765 -8.467939 0.155172 0.032527 0.092303
56 -0.044717 2.529041 4.661499 -0.012310 0.297763 0.206720
time 19
1 -4.358803 3.450882 36.521206 1.451822 -0.028006 -0.793000
2 0.000000 0.000000 0.000000 -0.000000 -0.000000 -0.000000
3 3.890452 -0.000007 -0.000003 -2.144713 0.065654 -1.155224
4 17.848179 0.000000 0.000000 0.000000 0.000000 0.478719
5 15.637959 0.000000 0.000000 -9.604240 -3.460383 8.254400
6 7.110240 0.000000 0.000000 6.276066 -0.003133 -0.631765
7 -3.890452 0.000003 0.000008 -1.535443 -0.139048 -1.577319
8 17.848181 0.000000 0.000000 0.000000 0.000000 0.578867
9 15.637958 0.000000 0.000000 -0.053019 -0.027129 -1.250083
10 7.110240 0.000000 0.000000 6.202033 -0.003133 -0.631765
11 0.000005 3.345127 -2.981901 1.910266 0.035352 1.856275
12 4.018332 0.000000 0.000000 0.072749 -0.113364 0.130852
13 3.518567 0.000000 0.000000 0.061493 0.133240 0.216008
14 8.942634 0.000000 0.000000 -0.062996 0.109804 0.222551
15 3.307272 0.000000 0.000000 3.141591 0.000000 0.400478
16 3.593713 0.000000 0.000000 -0.635511 0.014042 0.611020
17 2.033351 1.000771 1.100821 -0.756092 -1.613444 -0.995089
18 6.811800 0.000000 0.000000 -1.113771 -0.175581 -1.634503
19 12.394105 0.000000 0.000000 0.000000 0.000000 -1.034316
20 9.334690 0.000001 -0.000032 -0.043934 -0.429903 -0.224016
21 4.610123 -0.122605 -1.406946 -0.513267 0.072291 -1.288225
22 1.191884 0.000000 0.000000 -0.163027 0.224047 -1.466962
23 0.945939 0.000000 0.000000 -0.068871 0.147979 -0.913117
24 4.605128 0.071046 -0.574018 -0.157261 0.007109 -0.685616
25 1.430263 0.000000 0.000000 -0.068563 0.062695 -1.808644
26 1.155766 0.000000 0.000000 -0.005433 0.026725 -0.524005
27 4.454865 -0.071046 0.574018 0.095492 -0.008588 -0.706366
28 1.426183 0.000000 0.000000 0.055916 -0.087980 -1.504213
29 1.324319 0.000000 0.000000 0.009317 -0.033630 -0.575091
30 4.479185 -0.026371 1.583719 0.481659 -0.035384 -1.246108
31 1.341888 0.000000 0.000000 0.023475 -0.208313 -0.755745
32 1.225941 0.000000 0.000000 0.026045 -0.124622 -0.538684
33 2.631852 -0.344645 1.908319 -0.354021 -0.915168 -1.788213
34 1.058429 0.000000 0.000000 -0.001069 -0.012855 0.251002
35 0.778706 0.000000 0.000000 -0.000101 -0.003217 0.062752
36 2.033354 1.000773 -1.100771 -0.035452 1.947899 -1.725978
37 6.811801 0.000000 0.000000 1.024229 -0.172995 -0.704140
38 12.394103 0.000000 0.000000 0.000000 0.000000 -1.834725
39 9.334718 0.000000 0.000000 -1.158251 -0.364402 -0.007767
40 4.610092 -0.109559 1.408022 0.217767 -0.010340 -1.857608
41 1.191885 0.000000 0.000000 0.044560 -0.180938 -0.876601
42 0.945938 0.000000 0.000000 0.155228 -0.190276 -1.393021
43 4.605097 0.076364 0.573335 0.139630 -0.069408 -0.865173
44 1.430257 0.000000 0.000000 0.049426 -0.072767 -1.413300
45 1.155767 0.000000 0.000000 0.018371 -0.045481 -0.841346
46 4.454831 -0.076364 -0.573335 0.047705 -0.153456 -0.767483
47 1.426188 0.000000 0.000000 -0.053883 0.078891 -1.553286
48 1.324319 0.000000 0.000000 -0.013612 0.036969 -0.732283
49 4.479149 -0.041050 -1.583407 -0.332628 0.218366 0.154976
50 1.341885 0.000000 0.000000 -0.042634 0.220746 -0.851609
51 1.225945 0.000000 0.000000 0.008155 -0.000000 0.000001
52 2.631822 -0.362328 -1.905043 0.415059 0.423435 -0.720789
53 1.058428 0.000000 0.000000 0.015106 0.038913 0.767157
54 0.778706 0.000000 0.000000 0.004785 0.022541 0.418310
55 4.041916 5.169765 -8.467939 0.155172 0.032527 0.092304
56 -0.044717 2.529041 4.661499 -0.012309 0.297762 0.206720
time 20
1 -4.501471 3.450823 36.474785 1.449809 -0.026064 -0.790319
2 0.000000 0.000000 0.000000 -0.000000 -0.000000 -0.000000
3 3.890452 -0.000007 -0.000003 -2.143038 0.069456 -1.149171
4 17.848179 0.000000 0.000000 0.000000 0.000000 0.478602
5 15.637959 0.000000 0.000000 -9.606123 -3.465748 8.253510
6 7.110240 0.000000 0.000000 6.276066 -0.003133 -0.631765
7 -3.890452 0.000003 0.000008 -1.534309 -0.136583 -1.572206
8 17.848181 0.000000 0.000000 0.000000 0.000000 0.585660
9 15.637958 0.000000 0.000000 -0.054441 -0.023344 -1.257492
10 7.110240 0.000000 0.000000 6.202033 -0.003133 -0.631765
11 0.000005 3.345127 -2.981901 1.910266 0.035352 1.856275
12 4.018332 0.000000 0.000000 0.072749 -0.113364 0.130852
13 3.518567 0.000000 0.000000 0.061878 0.129582 0.215803
14 8.942634 0.000000 0.000000 -0.062129 0.109633 0.222560
15 3.307272 0.000000 0.000000 3.141591 0.000000 0.400478
16 3.593713 0.000000 0.000000 -0.619455 0.013469 0.607143
17 2.033351 1.000771 1.100821 -0.756091 -1.613444 -0.995091
18 6.811800 0.000000 0.000000 -1.112344 -0.174935 -1.631446
19 12.394105 0.000000 0.000000 0.000000 0.000000 -1.038694
20 9.334690 0.000001 -0.000032 -0.044130 -0.429507 -0.220013
21 4.610123 -0.122605 -1.406946 -0.513267 0.072291 -1.288224
22 1.191884 0.000000 0.000000 -0.163027 0.224047 -1.466962
23 0.945939 0.000000 0.000000 -0.068871 0.147979 -0.913117
24 4.605128 0.071046 -0.574018 -0.157261 0.007109 -0.685616
25 1.430263 0.000000 0.000000 -0.068563 0.062695 -1.808644
26 1.155766 0.000000 0.000000 -0.005433 0.026725 -0.524005
27 4.454865 -0.071046 0.574018 0.095492 -0.008588 -0.706366
28 1.426183 0.000000 0.000000 0.055916 -0.087980 -1.504213
29 1.324319 0.000000 0.000000 0.009317 -0.033630 -0.575091
30 4.479185 -0.026371 1.583719 0.481659 -0.035384 -1.246107
31 1.341888 0.000000 0.000000 0.023475 -0.208313 -0.755745
32 1.225941 0.000000 0.000000 0.026045 -0.124622 -0.538683
33 2.631852 -0.344645 1.908319 -0.354021 -0.915169 -1.788213
34 1.058429 0.000000 0.000000 -0.001069 -0.012855 0.251002
35 0.778706 0.000000 0.000000 -0.000101 -0.003217 0.062752
36 2.033354 1.000773 -1.100771 -0.035453 1.947898 -1.725979
37 6.811801 0.000000 0.000000 1.025774 -0.175023 -0.708372
38 12.394103 0.000000 0.000000 0.000000 0.000000 -1.834725
39 9.334718 0.000000 0.000000 -1.160069 -0.364366 -0.007783
40 4.610092 -0.109559 1.408022 0.217767 -0.010340 -1.857607
41 1.191885 0.000000 0.000000 0.044560 -0.180938 -0.876601
42 0.945938 0.000000 0.000000 0.155228 -0.190276 -1.393021
43 4.605097 0.076364 0.573335 0.139630 -0.069408 -0.865173
44 1.430257 0.000000 0.000000 0.049426 -0.072767 -1.413300
45 1.155767 0.000000 0.000000 0.018371 -0.045481 -0.841346
46 4.454831 -0.076364 -0.573335 0.047705 -0.153456 -0.767483
47 1.426188 0.000000 0.000000 -0.053883 0.078891 -1.553286
48 1.324319 0.000000 0.000000 -0.013612 0.036969 -0.732283
49 4.479149 -0.041050 -1.583407 -0.332628 0.218366 0.154976
50 1.341885 0.000000 0.000000 -0.042633 0.220746 -0.851609
51 1.225945 0.000000 0.000000 0.008155 -0.000000 0.000001
52 2.631822 -0.362328 -1.905043 0.415059 0.423435 -0.720789
53 1.058428 0.000000 0.000000 0.015106 0.038913 0.767157
54 0.778706 0.000000 0.000000 0.004785 0.022541 0.418310
55 4.041916 5.169765 -8.467939 0.155172 0.032527 0.092304
56 -0.044717 2.529041 4.661499 -0.012307 0.297761 0.206723
time 21
1 -4.641758 3.450777 36.420506 1.447971 -0.025527 -0.789380
2 0.000000 0.000000 0.000000 0.000000 -0.000000 -0.000000
3 3.890452 -0.000007 -0.000003 -2.141522 0.073832 -1.144600
4 17.848179 0.000000 0.000000 0.000000 0.000000 0.478557
5 15.637959 0.000000 0.000000 -9.609199 -3.469930 8.252110
6 7.110240 0.000000 0.000000 6.276066 -0.003133 -0.631765
7 -3.890452 0.000003 0.000008 -1.533481 -0.135760 -1.568490
8 17.848181 0.000000 0.000000 0.000000 0.000000 0.595131
9 15.637958 0.000000 0.000000 -0.056804 -0.020832 -1.266046
10 7.110240 0.000000 0.000000 6.202033 -0.003133 -0.631765
11 0.000005 3.345127 -2.981901 1.910266 0.035351 1.856275
12 4.018332 0.000000 0.000000 0.072749 -0.113364 0.130852
13 3.518567 0.000000 0.000000 0.061749 0.125779 0.215580
14 8.942634 0.000000 0.000000 -0.062336 0.109674 0.222558
15 3.307272 0.000000 0.000000 3.141591 0.000000 0.400478
16 3.593713 0.000000 0.000000 -0.605952 0.013065 0.603185
17 2.033351 1.000771 1.100821 -0.756089 -1.613444 -0.995093
18 6.811800 0.000000 0.000000 -1.113143 -0.172334 -1.626475
19 12.394105 0.000000 0.000000 0.000000 0.000000 -1.048983
20 9.334690 0.000001 -0.000032 -0.043961 -0.429596 -0.212143
21 4.610123 -0.122605 -1.406946 -0.513267 0.072291 -1.288224
22 1.191884 0.000000 0.000000 -0.163027 0.224047 -1.466962
23 0.945939 0.000000 0.000000 -0.068871 0.147979 -0.913117
24 4.605128 0.071046 -0.574018 -0.157261 0.007109 -0.685616
25 1.430263 0.000000 0.000000 -0.068563 0.062695 -1.808644
26 1.155766 0.000000 0.000000 -0.005433 0.026725 -0.524005
27 4.454865 -0.071046 0.574018 0.095492 -0.008588 -0.706366
28 1.426183 0.000000 0.000000 0.055915 -0.087980 -1.504213
29 1.324319 0.000000 0.000000 0.009317 -0.033630 -0.575091
30 4.479185 -0.026371 1.583719 0.481659 -0.035384 -1.246107
31 1.341888 0.000000 0.000000 0.023475 -0.208313 -0.755745
32 1.225941 0.000000 0.000000 0.026045 -0.124622 -0.538683
33 2.631852 -0.344645 1.908319 -0.354021 -0.915169 -1.788213
34 1.058429 0.000000 0.000000 -0.001069 -0.012855 0.251002
35 0.778706 0.000000 0.000000 -0.000101 -0.003217 0.062752
36 2.033354 1.000773 -1.100771 -0.035452 1.947898 -1.725978
37 6.811801 0.000000 0.000000 1.026141 -0.173294 -0.711945
38 12.394103 0.000000 0.000000 0.000000 0.000000 -1.834725
39 9.334718 0.000000 0.000000 -1.159636 -0.364374 -0.007779
40 4.610092 -0.109559 1.408022 0.217767 -0.010340 -1.857608
41 1.191885 0.000000 0.000000 0.044560 -0.180938 -0.876601
42 0.945938 0.000000 0.000000 0.155228 -0.190276 -1.393021
43 4.605097 0.076364 0.573335 0.139630 -0.069408 -0.865173
44 1.430257 0.000000 0.000000 0.049426 -0.072767 -1.413300
45 1.155767 0.000000 0.000000 0.018371 -0.045481 -0.841346
46 4.454831 -0.076364 -0.573335 0.047705 -0.153456 -0.767483
47 1.426188 0.000000 0.000000 -0.053883 0.078891 -1.553286
48 1.324319 0.000000 0.000000 -0.013612 0.036969 -0.732283
49 4.479149 -0.041050 -1.583407 -0.332628 0.218366 0.154976
50 1.341885 0.000000 0.000000 -0.042634 0.220746 -0.851609
51 1.225945 0.000000 0.000000 0.008155 -0.000000 0.000001
52 2.631822 -0.362328 -1.905043 0.415059 0.423435 -0.720789
53 1.058428 0.000000 0.000000 0.015106 0.038913 0.767157
54 0.778706 0.000000 0.000000 0.004786 0.022541 0.418310
55 4.041916 5.169765 -8.467939 0.155172 0.032527 0.092303
56 -0.044717 2.529041 4.661499 -0.012302 0.297760 0.206726
time 22
1 -4.779378 3.450746 36.357483 1.446488 -0.026788 -0.790679
2 0.000000 0.000000 0.000000 -0.000000 -0.000000 -0.000000
3 3.890452 -0.000007 -0.000003 -2.140238 0.078895 -1.142019
4 17.848179 0.000000 0.000000 0.000000 0.000000 0.478485
5 15.637959 0.000000 0.000000 -9.613810 -3.472528 8.250097
6 7.110240 0.000000 0.000000 6.276066 -0.003133 -0.631765
7 -3.890452 0.000003 0.000008 -1.533104 -0.137011 -1.566585
8 17.848181 0.000000 0.000000 0.000000 0.000000 0.607736
9 15.637958 0.000000 0.000000 -0.060321 -0.019950 -1.275912
10 7.110240 0.000000 0.000000 6.202033 -0.003133 -0.631765
11 0.000005 3.345127 -2.981901 1.910267 0.035352 1.856275
12 4.018332 0.000000 0.000000 0.072749 -0.113364 0.130852
13 3.518567 0.000000 0.000000 0.060988 0.122090 0.215353
14 8.942634 0.000000 0.000000 -0.063863 0.109974 0.222543
15 3.307272 0.000000 0.000000 3.141591 -0.000000 0.400478
16 3.593713 0.000000 0.000000 -0.596679 0.012881 0.599400
17 2.033351 1.000771 1.100821 -0.756094 -1.613444 -0.995088
18 6.811800 0.000000 0.000000 -1.116636 -0.167534 -1.619558
19 12.394105 0.000000 0.000000 0.000000 0.000000 -1.065696
20 9.334690 0.000001 -0.000032 -0.043357 -0.430280 -0.200135
21 4.610123 -0.122605 -1.406946 -0.513267 0.072291 -1.288224
22 1.191884 0.000000 0.000000 -0.163027 0.224047 -1.466962
23 0.945939 0.000000 0.000000 -0.068871 0.147979 -0.913117
24 4.605128 0.071046 -0.574018 -0.157261 0.007109 -0.685616
25 1.430263 0.000000 0.000000 -0.068563 0.062695 -1.808644
26 1.155766 0.000000 0.000000 -0.005433 0.026725 -0.524005
27 4.454865 -0.071046 0.574018 0.095492 -0.008588 -0.706366
28 1.426183 0.000000 0.000000 0.055916 -0.087980 -1.504213
29 1.324319 0.000000 0.000000 0.009317 -0.033630 -0.575091
30 4.479185 -0.026371 1.583719 0.481659 -0.035384 -1.246107
31 1.341888 0.000000 0.000000 0.023475 -0.208313 -0.755746
32 1.225941 0.000000 0.000000 0.026045 -0.124622 -0.538683
33 2.631852 -0.344645 1.908319 -0.354021 -0.915168 -1.788213
34 1.058429 0.000000 0.000000 -0.001068 -0.012855 0.251002
35 0.778706 0.000000 0.000000 -0.000101 -0.003217 0.062752
36 2.033354 1.000773 -1.100771 -0.035453 1.947898 -1.725979
37 6.811801 0.000000 0.000000 1.025003 -0.167031 -0.714424
38 12.394103 0.000000 0.000000 0.000000 0.000000 -1.834725
39 9.334718 0.000000 0.000000 -1.156434 -0.364437 -0.007751
40 4.610092 -0.109559 1.408022 0.217767 -0.010340 -1.857608
41 1.191885 0.000000 0.000000 0.044560 -0.180938 -0.876601
42 0.945938 0.000000 0.000000 0.155228 -0.190276 -1.393021
43 4.605097 0.076364 0.573335 0.139630 -0.069408 -0.865173
44 1.430257 0.000000 0.000000 0.049426 -0.072767 -1.413300
45 1.155767 0.000000 0.000000 0.018371 -0.045481 -0.841346
46 4.454831 -0.076364 -0.573335 0.047705 -0.153456 -0.767483
47 1.426188 0.000000 0.000000 -0.053883 0.078891 -1.553286
48 1.324319 0.000000 0.000000 -0.013612 0.036969 -0.732283
49 4.479149 -0.041050 -1.583407 -0.332628 0.218366 0.154976
50 1.341885 0.000000 0.000000 -0.042633 0.220746 -0.851609
51 1.225945 0.000000 0.000000 0.008155 -0.000000 0.000001
52 2.631822 -0.362328 -1.905043 0.415059 0.423435 -0.720789
53 1.058428 0.000000 0.000000 0.015106 0.038913 0.767157
54 0.778706 0.000000 0.000000 0.004785 0.022541 0.418310
55 4.041916 5.169765 -8.467939 0.155172 0.032527 0.092304
56 -0.044717 2.529041 4.661499 -0.012297 0.297758 0.206732
time 23
1 -4.914047 3.450732 36.284885 1.445555 -0.030238 -0.794713
2 0.000000 0.000000 0.000000 -0.000000 -0.000000 -0.000000
3 3.890452 -0.000007 -0.000003 -2.139275 0.084747 -1.141947
4 17.848179 0.000000 0.000000 0.000000 0.000000 0.478285
5 15.637959 0.000000 0.000000 -9.620289 -3.473144 8.247381
6 7.110240 0.000000 0.000000 6.276066 -0.003133 -0.631765
7 -3.890452 0.000003 0.000008 -1.533327 -0.140745 -1.566902
8 17.848181 0.000000 0.000000 0.000000 0.000000 0.623858
9 15.637958 0.000000 0.000000 -0.065203 -0.021054 -1.287212
10 7.110240 0.000000 0.000000 6.202033 -0.003133 -0.631765
11 0.000005 3.345127 -2.981901 1.910266 0.035352 1.856275
12 4.018332 0.000000 0.000000 0.072749 -0.113364 0.130852
13 3.518567 0.000000 0.000000 0.059481 0.118774 0.215140
14 8.942634 0.000000 0.000000 -0.066958 0.110582 0.222510
15 3.307272 0.000000 0.000000 3.141590 -0.000000 0.400478
16 3.593713 0.000000 0.000000 -0.593320 0.012953 0.596028
17 2.033351 1.000771 1.100821 -0.756092 -1.613444 -0.995090
18 6.811800 0.000000 0.000000 -1.123284 -0.160266 -1.610705
19 12.394105 0.000000 0.000000 0.000000 0.000000 -1.089298
20 9.334690 0.000001 -0.000032 -0.042270 -0.431669 -0.183745
21 4.610123 -0.122605 -1.406946 -0.513267 0.072291 -1.288224
22 1.191884 0.000000 0.000000 -0.163027 0.224047 -1.466962
23 0.945939 0.000000 0.000000 -0.068871 0.147979 -0.913117
24 4.605128 0.071046 -0.574018 -0.157261 0.007109 -0.685616
25 1.430263 0.000000 0.000000 -0.068563 0.062695 -1.808644
26 1.155766 0.000000 0.000000 -0.005433 0.026725 -0.524005
27 4.454865 -0.071046 0.574018 0.095492 -0.008588 -0.706366
28 1.426183 0.000000 0.000000 0.055915 -0.087980 -1.504213
29 1.324319 0.000000 0.000000 0.009317 -0.033630 -0.575091
30 4.479185 -0.026371 1.583719 0.481659 -0.035384 -1.246107
31 1.341888 0.000000 0.000000 0.023475 -0.208313 -0.755745
32 1.225941 0.000000 0.000000 0.026045 -0.124622 -0.538683
33 2.631852 -0.344645 1.908319 -0.354021 -0.915168 -1.788213
34 1.058429 0.000000 0.000000 -0.001069 -0.012855 0.251002
35 0.778706 0.000000 0.000000 -0.000101 -0.003217 0.062752
36 2.033354 1.000773 -1.100771 -0.035453 1.947898 -1.725979
37 6.811801 0.000000 0.000000 1.022058 -0.155451 -0.715415
38 12.394103 0.000000 0.000000 0.000000 0.000000 -1.834725
39 9.334718 0.000000 0.000000 -1.149944 -0.364565 -0.007695
40 4.610092 -0.109559 1.408022 0.217767 -0.010340 -1.857608
41 1.191885 0.000000 0.000000 0.044560 -0.180938 -0.876601
42 0.945938 0.000000 0.000000 0.155228 -0.190276 -1.393021
43 4.605097 0.076364 0.573335 0.139630 -0.069408 -0.865173
44 1.430257 0.000000 0.000000 0.049426 -0.072767 -1.413300
45 1.155767 0.000000 0.000000 0.018371 -0.045481 -0.841346
46 4.454831 -0.076364 -0.573335 0.047705 -0.153456 -0.767483
47 1.426188 0.000000 0.000000 -0.053883 0.078891 -1.553286
48 1.324319 0.000000 0.000000 -0.013612 0.036969 -0.732283
49 4.479149 -0.041050 -1.583407 -0.332628 0.218366 0.154976
50 1.341885 0.000000 0.000000 -0.042633 0.220746 -0.851609
51 1.225945 0.000000 0.000000 0.008155 -0.000000 0.000001
52 2.631822 -0.362328 -1.905043 0.415059 0.423435 -0.720789
53 1.058428 0.000000 0.000000 0.015106 0.038913 0.767157
54 0.778706 0.000000 0.000000 0.004785 0.022541 0.418310
55 4.041916 5.169765 -8.467939 0.155172 0.032527 0.092304
56 -0.044717 2.529041 4.661499 -0.012289 0.297755 0.206738
time 24
1 -5.045476 3.450735 36.201885 1.445389 -0.036267 -0.801981
2 0.000000 0.000000 0.000000 -0.000000 -0.000000 -0.000000
3 3.890452 -0.000007 -0.000003 -2.138748 0.091480 -1.144917
4 17.848179 0.000000 0.000000 0.000000 0.000000 0.477844
5 15.637959 0.000000 0.000000 -9.628946 -3.471387 8.243892
6 7.110240 0.000000 0.000000 6.276066 -0.003133 -0.631765
7 -3.890452 0.000003 0.000008 -1.534298 -0.147349 -1.569842
8 17.848181 0.000000 0.000000 0.000000 0.000000 0.643792
9 15.637958 0.000000 0.000000 -0.071658 -0.024505 -1.300008
10 7.110240 0.000000 0.000000 6.202033 -0.003133 -0.631765
11 0.000005 3.345127 -2.981901 1.910266 0.035352 1.856275
12 4.018332 0.000000 0.000000 0.072749 -0.113364 0.130852
13 3.518567 0.000000 0.000000 0.057110 0.116090 0.214956
14 8.942634 0.000000 0.000000 -0.071869 0.111546 0.222455
15 3.307272 0.000000 0.000000 3.141591 0.000000 0.400478
16 3.593713 0.000000 0.000000 -0.597561 0.013308 0.593301
17 2.033351 1.000771 1.100821 -0.756093 -1.613444 -0.995089
18 6.811800 0.000000 0.000000 -1.133533 -0.150211 -1.599972
19 12.394105 0.000000 0.000000 0.000000 0.000000 -1.120224
20 9.334690 0.000001 -0.000032 -0.040691 -0.433875 -0.162752
21 4.610123 -0.122605 -1.406946 -0.513267 0.072291 -1.288224
22 1.191884 0.000000 0.000000 -0.163027 0.224047 -1.466962
23 0.945939 0.000000 0.000000 -0.068871 0.147979 -0.913117
24 4.605128 0.071046 -0.574018 -0.157261 0.007109 -0.685616
25 1.430263 0.000000 0.000000 -0.068563 0.062695 -1.808644
26 1.155766 0.000000 0.000000 -0.005433 0.026725 -0.524005
27 4.454865 -0.071046 0.574018 0.095492 -0.008588 -0.706366
28 1.426183 0.000000 0.000000 0.055915 -0.087980 -1.504213
29 1.324319 0.000000 0.000000 0.009317 -0.033630 -0.575091
30 4.479185 -0.026371 1.583719 0.481659 -0.035384 -1.246107
31 1.341888 0.000000 0.000000 0.023475 -0.208313 -0.755745
32 1.225941 0.000000 0.000000 0.026045 -0.124622 -0.538683
33 2.631852 -0.344645 1.908319 -0.354021 -0.915169 -1.788213
34 1.058429 0.000000 0.000000 -0.001069 -0.012855 0.251002
35 0.778706 0.000000 0.000000 -0.000101 -0.003217 0.062752
36 2.033354 1.000773 -1.100771 -0.035452 1.947898 -1.725979
37 6.811801 0.000000 0.000000 1.017034 -0.137761 -0.714587
38 12.394103 0.000000 0.000000 0.000000 0.000000 -1.834725
39 9.334718 0.000000 0.000000 -1.139646 -0.364768 -0.007607
40 4.610092 -0.109559 1.408022 0.217767 -0.010340 -1.857608
41 1.191885 0.000000 0.000000 0.044560 -0.180938 -0.876601
42 0.945938 0.000000 0.000000 0.155228 -0.190276 -1.393021
43 4.605097 0.076364 0.573335 0.139630 -0.069408 -0.865173
44 1.430257 0.000000 0.000000 0.049426 -0.072767 -1.413300
45 1.155767 0.000000 0.000000 0.018371 -0.045481 -0.841346
46 4.454831 -0.076364 -0.573335 0.047705 -0.153456 -0.767483
47 1.426188 0.000000 0.000000 -0.053883 0.078891 -1.553286
48 1.324319 0.000000 0.000000 -0.013612 0.036969 -0.732283
49 4.479149 -0.041050 -1.583407 -0.332628 0.218366 0.154976
50 1.341885 0.000000 0.000000 -0.042633 0.220746 -0.851609
51 1.225945 0.000000 0.000000 0.008155 -0.000000 0.000001
52 2.631822 -0.362328 -1.905043 0.415059 0.423435 -0.720789
53 1.058428 0.000000 0.000000 0.015106 0.038913 0.767157
54 0.778706 0.000000 0.000000 0.004785 0.022541 0.418310
55 4.041916 5.169765 -8.467939 0.155172 0.032527 0.092304
56 -0.044717 2.529041 4.661499 -0.012280 0.297752 0.206746
time 25
1 -5.173382 3.450758 36.107677 1.446241 -0.045253 -0.812995
2 0.000000 0.000000 0.000000 -0.000000 -0.000000 -0.000000
3 3.890452 -0.000007 -0.000003 -2.138812 0.099162 -1.151478
4 17.848179 0.000000 0.000000 0.000000 0.000000 0.477038
5 15.637959 0.000000 0.000000 -9.640065 -3.466877 8.239595
6 7.110240 0.000000 0.000000 6.276066 -0.003133 -0.631765
7 -3.890452 0.000003 0.000008 -1.536150 -0.157195 -1.575786
8 17.848181 0.000000 0.000000 0.000000 0.000000 0.667726
9 15.637958 0.000000 0.000000 -0.079897 -0.030672 -1.314294
10 7.110240 0.000000 0.000000 6.202033 -0.003133 -0.631765
11 0.000005 3.345127 -2.981901 1.910266 0.035352 1.856275
12 4.018332 0.000000 0.000000 0.072749 -0.113364 0.130852
13 3.518567 0.000000 0.000000 0.053759 0.114298 0.214815
14 8.942634 0.000000 0.000000 -0.078844 0.112914 0.222369
15 3.307272 0.000000 0.000000 3.141590 0.000000 0.400478
16 3.593713 0.000000 0.000000 -0.611090 0.013971 0.591458
17 2.033351 1.000771 1.100821 -0.756093 -1.613444 -0.995089
18 6.811800 0.000000 0.000000 -1.147823 -0.136972 -1.587462
19 12.394105 0.000000 0.000000 0.000000 0.000000 -1.158900
20 9.334690 0.000001 -0.000032 -0.038670 -0.437008 -0.136955
21 4.610123 -0.122605 -1.406946 -0.513267 0.072291 -1.288224
22 1.191884 0.000000 0.000000 -0.163028 0.224047 -1.466962
23 0.945939 0.000000 0.000000 -0.068871 0.147979 -0.913117
24 4.605128 0.071046 -0.574018 -0.157261 0.007109 -0.685616
25 1.430263 0.000000 0.000000 -0.068563 0.062695 -1.808644
26 1.155766 0.000000 0.000000 -0.005433 0.026725 -0.524005
27 4.454865 -0.071046 0.574018 0.095492 -0.008588 -0.706366
28 1.426183 0.000000 0.000000 0.055915 -0.087980 -1.504213
29 1.324319 0.000000 0.000000 0.009317 -0.033630 -0.575091
30 4.479185 -0.026371 1.583719 0.481659 -0.035384 -1.246107
31 1.341888 0.000000 0.000000 0.023475 -0.208313 -0.755745
32 1.225941 0.000000 0.000000 0.026045 -0.124622 -0.538683
33 2.631852 -0.344645 1.908319 -0.354021 -0.915168 -1.788213
34 1.058429 0.000000 0.000000 -0.001068 -0.012855 0.251002
35 0.778706 0.000000 0.000000 -0.000101 -0.003217 0.062752
36 2.033354 1.000773 -1.100771 -0.035452 1.947898 -1.725979
37 6.811801 0.000000 0.000000 1.009705 -0.113143 -0.711701
38 12.394103 0.000000 0.000000 0.000000 0.000000 -1.834725
39 9.334718 0.000000 0.000000 -1.125019 -0.365057 -0.007487
40 4.610092 -0.109559 1.408022 0.217767 -0.010340 -1.857607
41 1.191885 0.000000 0.000000 0.044560 -0.180938 -0.876601
42 0.945938 0.000000 0.000000 0.155228 -0.190276 -1.393021
43 4.605097 0.076364 0.573335 0.139630 -0.069408 -0.865173
44 1.430257 0.000000 0.000000 0.049426 -0.072767 -1.413300
45 1.155767 0.000000 0.000000 0.018371 -0.045481 -0.841346
46 4.454831 -0.076364 -0.573335 0.047705 -0.153456 -0.767483
47 1.426188 0.000000 0.000000 -0.053883 0.078891 -1.553286
48 1.324319 0.000000 0.000000 -0.013612 0.036969 -0.732283
49 4.479149 -0.041050 -1.583407 -0.332628 0.218366 0.154976
50 1.341885 0.000000 0.000000 -0.042634 0.220746 -0.851610
51 1.225945 0.000000 0.000000 0.008155 -0.000000 0.000001
52 2.631822 -0.362328 -1.905043 0.415059 0.423435 -0.720789
53 1.058428 0.000000 0.000000 0.015106 0.038913 0.767157
54 0.778706 0.000000 0.000000 0.004785 0.022541 0.418310
55 4.041916 5.169765 -8.467939 0.155172 0.032527 0.092304
56 -0.044717 2.529041 4.661499 -0.012270 0.297748 0.206755
time 26
1 -5.297479 3.450801 35.962963 1.448618 -0.060412 -0.831775
2 0.000000 0.000000 0.000000 -0.000000 -0.000000 -0.000000
3 3.890452 -0.000007 -0.000003 -2.140108 0.107559 -1.163674
4 17.848179 0.000000 0.000000 0.000000 0.000000 0.480744
5 15.637959 0.000000 0.000000 -9.656323 -3.457433 8.230912
6 7.110240 0.000000 0.000000 6.276066 -0.003133 -0.631765
7 -3.890452 0.000003 0.000008 -1.539873 -0.175275 -1.587746
8 17.848181 0.000000 0.000000 0.000000 0.000000 0.704774
9 15.637958 0.000000 0.000000 -0.091989 -0.042220 -1.334355
10 7.110240 0.000000 0.000000 6.202033 -0.003133 -0.631765
11 0.000005 3.345127 -2.981901 1.910266 0.035352 1.856275
12 4.018332 0.000000 0.000000 0.072749 -0.113364 0.130852
13 3.518567 0.000000 0.000000 0.048220 0.112804 0.214671
14 8.942634 0.000000 0.000000 -0.090395 0.115179 0.222205
15 3.307272 0.000000 0.000000 3.141591 0.000000 0.400478
16 3.593713 0.000000 0.000000 -0.638984 0.015187 0.589858
17 2.033351 1.000771 1.100821 -0.756090 -1.613444 -0.995092
18 6.811800 0.000000 0.000000 -1.171003 -0.115735 -1.569243
19 12.394105 0.000000 0.000000 0.000000 0.000000 -1.218377
20 9.334690 0.000001 -0.000032 -0.035896 -0.442346 -0.097429
21 4.610123 -0.122605 -1.406946 -0.513267 0.072291 -1.288225
22 1.191884 0.000000 0.000000 -0.163027 0.224047 -1.466962
23 0.945939 0.000000 0.000000 -0.068871 0.147979 -0.913117
24 4.605128 0.071046 -0.574018 -0.157261 0.007109 -0.685616
25 1.430263 0.000000 0.000000 -0.068563 0.062695 -1.808644
26 1.155766 0.000000 0.000000 -0.005433 0.026725 -0.524005
27 4.454865 -0.071046 0.574018 0.095492 -0.008588 -0.706366
28 1.426183 0.000000 0.000000 0.055916 -0.087980 -1.504213
29 1.324319 0.000000 0.000000 0.009317 -0.033630 -0.575091
30 4.479185 -0.026371 1.583719 0.481659 -0.035384 -1.246107
31 1.341888 0.000000 0.000000 0.023475 -0.208312 -0.755745
32 1.225941 0.000000 0.000000 0.026045 -0.124622 -0.538683
33 2.631852 -0.344645 1.908319 -0.354022 -0.915168 -1.788213
34 1.058429 0.000000 0.000000 -0.001069 -0.012855 0.251002
35 0.778706 0.000000 0.000000 -0.000101 -0.003217 0.062752
36 2.033354 1.000773 -1.100771 -0.035453 1.947898 -1.725979
37 6.811801 0.000000 0.000000 0.997632 -0.072664 -0.706155
38 12.394103 0.000000 0.000000 0.000000 0.000000 -1.834725
39 9.334718 0.000000 0.000000 -1.100792 -0.365541 -0.007298
40 4.610092 -0.109559 1.408022 0.217767 -0.010340 -1.857608
41 1.191885 0.000000 0.000000 0.044560 -0.180938 -0.876601
42 0.945938 0.000000 0.000000 0.155228 -0.190276 -1.393021
43 4.605097 0.076364 0.573335 0.139630 -0.069408 -0.865173
44 1.430257 0.000000 0.000000 0.049426 -0.072767 -1.413300
45 1.155767 0.000000 0.000000 0.018371 -0.045481 -0.841346
46 4.454831 -0.076364 -0.573335 0.047705 -0.153456 -0.767483
47 1.426188 0.000000 0.000000 -0.053883 0.078891 -1.553286
48 1.324319 0.000000 0.000000 -0.013612 0.036969 -0.732283
49 4.479149 -0.041050 -1.583407 -0.332628 0.218366 0.154976
50 1.341885 0.000000 0.000000 -0.042633 0.220746 -0.851609
51 1.225945 0.000000 0.000000 0.008155 -0.000000 0.000001
52 2.631822 -0.362328 -1.905043 0.415058 0.423435 -0.720790
53 1.058428 0.000000 0.000000 0.015106 0.038913 0.767157
54 0.778706 0.000000 0.000000 0.004785 0.022541 0.418310
55 4.041916 5.169765 -8.467939 0.155172 0.032527 0.092304
56 -0.044717 2.529041 4.661499 -0.012258 0.297744 0.206765
time 27
1 -5.417480 3.450868 35.742859 1.452943 -0.083281 -0.860369
2 0.000000 0.000000 0.000000 -0.000000 -0.000000 -0.000000
3 3.890452 -0.000007 -0.000003 -2.143226 0.116219 -1.182353
4 17.848179 0.000000 0.000000 0.000000 0.000000 0.492088
5 15.637959 0.000000 0.000000 -9.678820 -3.442257 8.215924
6 7.110240 0.000000 0.000000 6.276066 -0.003133 -0.631765
7 -3.890452 0.000003 0.000008 -1.545891 -0.203671 -1.606975
8 17.848181 0.000000 0.000000 0.000000 0.000000 0.758334
9 15.637958 0.000000 0.000000 -0.109007 -0.060473 -1.361590
10 7.110240 0.000000 0.000000 6.202033 -0.003133 -0.631765
11 0.000005 3.345127 -2.981901 1.910266 0.035352 1.856275
12 4.018332 0.000000 0.000000 0.072749 -0.113364 0.130852
13 3.518567 0.000000 0.000000 0.039864 0.110919 0.214487
14 8.942634 0.000000 0.000000 -0.107838 0.118595 0.221907
15 3.307272 0.000000 0.000000 3.141590 -0.000000 0.400478
16 3.593713 0.000000 0.000000 -0.682494 0.017065 0.587718
17 2.033351 1.000771 1.100821 -0.756093 -1.613444 -0.995089
18 6.811800 0.000000 0.000000 -1.205493 -0.083259 -1.543718
19 12.394105 0.000000 0.000000 0.000000 0.000000 -1.305133
20 9.334690 0.000001 -0.000032 -0.032936 -0.450455 -0.039481
21 4.610123 -0.122605 -1.406946 -0.513267 0.072291 -1.288225
22 1.191884 0.000000 0.000000 -0.163028 0.224047 -1.466962
23 0.945939 0.000000 0.000000 -0.068870 0.147979 -0.913117
24 4.605128 0.071046 -0.574018 -0.157261 0.007109 -0.685616
25 1.430263 0.000000 0.000000 -0.068563 0.062695 -1.808644
26 1.155766 0.000000 0.000000 -0.005433 0.026725 -0.524005
27 4.454865 -0.071046 0.574018 0.095492 -0.008588 -0.706366
28 1.426183 0.000000 0.000000 0.055915 -0.087980 -1.504213
29 1.324319 0.000000 0.000000 0.009317 -0.033630 -0.575091
30 4.479185 -0.026371 1.583719 0.481659 -0.035384 -1.246107
31 1.341888 0.000000 0.000000 0.023475 -0.208313 -0.755745
32 1.225941 0.000000 0.000000 0.026045 -0.124622 -0.538683
33 2.631852 -0.344645 1.908319 -0.354021 -0.915169 -1.788213
34 1.058429 0.000000 0.000000 -0.001069 -0.012855 0.251002
35 0.778706 0.000000 0.000000 -0.000101 -0.003217 0.062752
36 2.033354 1.000773 -1.100771 -0.035453 1.947898 -1.725979
37 6.811801 0.000000 0.000000 0.979903 -0.011451 -0.698961
38 12.394103 0.000000 0.000000 0.000000 0.000000 -1.834725
39 9.334718 0.000000 0.000000 -1.064206 -0.366278 -0.007036
40 4.610092 -0.109559 1.408022 0.217767 -0.010340 -1.857607
41 1.191885 0.000000 0.000000 0.044560 -0.180938 -0.876601
42 0.945938 0.000000 0.000000 0.155228 -0.190276 -1.393021
43 4.605097 0.076364 0.573335 0.139630 -0.069408 -0.865173
44 1.430257 0.000000 0.000000 0.049426 -0.072767 -1.413300
45 1.155767 0.000000 0.000000 0.018371 -0.045481 -0.841346
46 4.454831 -0.076364 -0.573335 0.047705 -0.153456 -0.767483
47 1.426188 0.000000 0.000000 -0.053883 0.078891 -1.553286
48 1.324319 0.000000 0.000000 -0.013612 0.036969 -0.732283
49 4.479149 -0.041050 -1.583407 -0.332628 0.218366 0.154976
50 1.341885 0.000000 0.000000 -0.042634 0.220746 -0.851609
51 1.225945 0.000000 0.000000 0.008155 -0.000000 0.000001
52 2.631822 -0.362328 -1.905043 0.415059 0.423435 -0.720789
53 1.058428 0.000000 0.000000 0.015106 0.038913 0.767157
54 0.778706 0.000000 0.000000 0.004785 0.022541 0.418310
55 4.041916 5.169765 -8.467939 0.155172 0.032527 0.092303
56 -0.044717 2.529041 4.661499 -0.012245 0.297739 0.206776
time 28
1 -5.533100 3.450958 35.468208 1.459381 -0.111682 -0.896372
2 0.000000 0.000000 0.000000 -0.000000 -0.000000 -0.000000
3 3.890452 -0.000007 -0.000003 -2.148289 0.124831 -1.206237
4 17.848179 0.000000 0.000000 0.000000 0.000000 0.508282
5 15.637959 0.000000 0.000000 -9.705463 -3.423073 8.197112
6 7.110240 0.000000 0.000000 6.276066 -0.003133 -0.631765
7 -3.890452 0.000003 0.000008 -1.553429 -0.238813 -1.631244
8 17.848181 0.000000 0.000000 0.000000 0.000000 0.820779
9 15.637958 0.000000 0.000000 -0.129730 -0.083827 -1.392030
10 7.110240 0.000000 0.000000 6.202033 -0.003133 -0.631765
11 0.000005 3.345127 -2.981901 1.910266 0.035352 1.856275
12 4.018332 0.000000 0.000000 0.072749 -0.113364 0.130852
13 3.518567 0.000000 0.000000 0.029434 0.108762 0.214286
14 8.942634 0.000000 0.000000 -0.129620 0.122852 0.221452
15 3.307272 0.000000 0.000000 3.141591 -0.000000 0.400478
16 3.593713 0.000000 0.000000 -0.737564 0.019438 0.585095
17 2.033351 1.000771 1.100821 -0.756094 -1.613444 -0.995088
18 6.811800 0.000000 0.000000 -1.248181 -0.041263 -1.514364
19 12.394105 0.000000 0.000000 0.000000 0.000000 -1.410167
20 9.334690 0.000001 -0.000032 -0.031317 -0.460309 0.030947
21 4.610123 -0.122605 -1.406946 -0.513267 0.072291 -1.288224
22 1.191884 0.000000 0.000000 -0.163028 0.224047 -1.466962
23 0.945939 0.000000 0.000000 -0.068871 0.147979 -0.913117
24 4.605128 0.071046 -0.574018 -0.157261 0.007109 -0.685616
25 1.430263 0.000000 0.000000 -0.068563 0.062695 -1.808644
26 1.155766 0.000000 0.000000 -0.005433 0.026725 -0.524005
27 4.454865 -0.071046 0.574018 0.095492 -0.008588 -0.706366
28 1.426183 0.000000 0.000000 0.055915 -0.087980 -1.504213
29 1.324319 0.000000 0.000000 0.009317 -0.033630 -0.575091
30 4.479185 -0.026371 1.583719 0.481659 -0.035384 -1.246107
31 1.341888 0.000000 0.000000 0.023475 -0.208312 -0.755745
32 1.225941 0.000000 0.000000 0.026045 -0.124622 -0.538683
33 2.631852 -0.344645 1.908319 -0.354021 -0.915168 -1.788213
34 1.058429 0.000000 0.000000 -0.001069 -0.012855 0.251002
35 0.778706 0.000000 0.000000 -0.000101 -0.003217 0.062752
36 2.033354 1.000773 -1.100771 -0.035453 1.947898 -1.725979
37 6.811801 0.000000 0.000000 0.958418 0.065196 -0.692306
38 12.394103 0.000000 0.000000 0.000000 0.000000 -1.834725
39 9.334718 0.000000 0.000000 -1.018509 -0.367211 -0.006750
40 4.610092 -0.109559 1.408022 0.217767 -0.010340 -1.857608
41 1.191885 0.000000 0.000000 0.044560 -0.180938 -0.876601
42 0.945938 0.000000 0.000000 0.155228 -0.190276 -1.393021
43 4.605097 0.076364 0.573335 0.139630 -0.069408 -0.865173
44 1.430257 0.000000 0.000000 0.049426 -0.072767 -1.413300
45 1.155767 0.000000 0.000000 0.018371 -0.045481 -0.841346
46 4.454831 -0.076364 -0.573335 0.047705 -0.153456 -0.767483
47 1.426188 0.000000 0.000000 -0.053883 0.078891 -1.553286
48 1.324319 0.000000 0.000000 -0.013612 0.036969 -0.732283
49 4.479149 -0.041050 -1.583407 -0.332628 0.218366 0.154976
50 1.341885 0.000000 0.000000 -0.042633 0.220746 -0.851609
51 1.225945 0.000000 0.000000 0.008155 -0.000000 0.000001
52 2.631822 -0.362328 -1.905043 0.415059 0.423435 -0.720789
53 1.058428 0.000000 0.000000 0.015106 0.038913 0.767157
54 0.778706 0.000000 0.000000 0.004785 0.022541 0.418310
55 4.041916 5.169765 -8.467939 0.155172 0.032527 0.092303
56 -0.044717 2.529041 4.661499 -0.012230 0.297734 0.206789
time 29
1 -5.644053 3.451075 35.159691 1.467968 -0.143432 -0.937400
2 0.000000 0.000000 0.000000 -0.000000 -0.000000 -0.000000
3 3.890452 -0.000007 -0.000003 -2.155295 0.133057 -1.233888
4 17.848179 0.000000 0.000000 0.000000 0.000000 0.526828
5 15.637959 0.000000 0.000000 -9.734279 -3.401588 8.176689
6 7.110240 0.000000 0.000000 6.276066 -0.003133 -0.631765
7 -3.890452 0.000003 0.000008 -1.561680 -0.277772 -1.658453
8 17.848181 0.000000 0.000000 0.000000 0.000000 0.886105
9 15.637958 0.000000 0.000000 -0.152969 -0.110680 -1.422602
10 7.110240 0.000000 0.000000 6.202033 -0.003133 -0.631765
11 0.000005 3.345127 -2.981901 1.910266 0.035352 1.856275
12 4.018332 0.000000 0.000000 0.072749 -0.113363 0.130852
13 3.518567 0.000000 0.000000 0.017677 0.106447 0.214091
14 8.942634 0.000000 0.000000 -0.154192 0.127638 0.220826
15 3.307272 0.000000 0.000000 3.141590 -0.000000 0.400478
16 3.593713 0.000000 0.000000 -0.800138 0.022134 0.582078
17 2.033351 1.000771 1.100821 -0.756095 -1.613444 -0.995087
18 6.811800 0.000000 0.000000 -1.296142 0.008501 -1.484152
19 12.394105 0.000000 0.000000 0.000000 0.000000 -1.525245
20 9.334690 0.000001 -0.000032 -0.032504 -0.470809 0.108306
21 4.610123 -0.122605 -1.406946 -0.513267 0.072291 -1.288224
22 1.191884 0.000000 0.000000 -0.163028 0.224047 -1.466962
23 0.945939 0.000000 0.000000 -0.068871 0.147979 -0.913117
24 4.605128 0.071046 -0.574018 -0.157261 0.007109 -0.685616
25 1.430263 0.000000 0.000000 -0.068563 0.062695 -1.808644
26 1.155766 0.000000 0.000000 -0.005433 0.026725 -0.524005
27 4.454865 -0.071046 0.574018 0.095492 -0.008588 -0.706366
28 1.426183 0.000000 0.000000 0.055915 -0.087980 -1.504213
29 1.324319 0.000000 0.000000 0.009317 -0.033630 -0.575091
30 4.479185 -0.026371 1.583719 0.481659 -0.035384 -1.246107
31 1.341888 0.000000 0.000000 0.023475 -0.208313 -0.755746
32 1.225941 0.000000 0.000000 0.026045 -0.124622 -0.538683
33 2.631852 -0.344645 1.908319 -0.354021 -0.915168 -1.788213
34 1.058429 0.000000 0.000000 -0.001069 -0.012855 0.251002
35 0.778706 0.000000 0.000000 -0.000101 -0.003217 0.062752
36 2.033354 1.000773 -1.100771 -0.035453 1.947898 -1.725979
37 6.811801 0.000000 0.000000 0.934654 0.151864 -0.687963
38 12.394103 0.000000 0.000000 0.000000 0.000000 -1.834725
39 9.334718 0.000000 0.000000 -0.966953 -0.368276 -0.006483
40 4.610092 -0.109559 1.408022 0.217767 -0.010340 -1.857608
41 1.191885 0.000000 0.000000 0.044560 -0.180938 -0.876601
42 0.945938 0.000000 0.000000 0.155228 -0.190276 -1.393021
43 4.605097 0.076364 0.573335 0.139630 -0.069408 -0.865173
44 1.430257 0.000000 0.000000 0.049426 -0.072767 -1.413300
45 1.155767 0.000000 0.000000 0.018371 -0.045481 -0.841346
46 4.454831 -0.076364 -0.573335 0.047705 -0.153456 -0.767483
47 1.426188 0.000000 0.000000 -0.053883 0.078891 -1.553286
48 1.324319 0.000000 0.000000 -0.013612 0.036969 -0.732283
49 4.479149 -0.041050 -1.583407 -0.332628 0.218366 0.154976
50 1.341885 0.000000 0.000000 -0.042633 0.220746 -0.851609
51 1.225945 0.000000 0.000000 0.008155 -0.000000 0.000001
52 2.631822 -0.362328 -1.905043 0.415059 0.423435 -0.720789
53 1.058428 0.000000 0.000000 0.015106 0.038913 0.767157
54 0.778706 0.000000 0.000000 0.004785 0.022541 0.418310
55 4.041916 5.169765 -8.467939 0.155172 0.032527 0.092304
56 -0.044717 2.529041 4.661499 -0.012214 0.297728 0.206803
time 30
1 -5.750053 3.451219 34.837646 1.478490 -0.176375 -0.981033
2 0.000000 0.000000 0.000000 -0.000000 -0.000000 -0.000000
3 3.890452 -0.000007 -0.000003 -2.164002 0.140571 -1.263656
4 17.848179 0.000000 0.000000 0.000000 0.000000 0.545683
5 15.637959 0.000000 0.000000 -9.763472 -3.379431 8.156454
6 7.110240 0.000000 0.000000 6.276066 -0.003133 -0.631765
7 -3.890452 0.000003 0.000008 -1.569869 -0.318074 -1.686680
8 17.848181 0.000000 0.000000 0.000000 0.000000 0.949843
9 15.637958 0.000000 0.000000 -0.177527 -0.139386 -1.451149
10 7.110240 0.000000 0.000000 6.202033 -0.003133 -0.631765
11 0.000005 3.345127 -2.981901 1.910266 0.035352 1.856275
12 4.018332 0.000000 0.000000 0.072749 -0.113364 0.130852
13 3.518567 0.000000 0.000000 0.005337 0.104094 0.213917
14 8.942634 0.000000 0.000000 -0.180001 0.132646 0.220042
15 3.307272 0.000000 0.000000 3.141590 -0.000000 0.400478
16 3.593713 0.000000 0.000000 -0.866159 0.024976 0.578798
17 2.033351 1.000771 1.100821 -0.756092 -1.613444 -0.995090
18 6.811800 0.000000 0.000000 -1.346602 0.063958 -1.455364
19 12.394105 0.000000 0.000000 0.000000 0.000000 -1.642849
20 9.334690 0.000001 -0.000032 -0.037628 -0.480861 0.187406
21 4.610123 -0.122605 -1.406946 -0.513267 0.072291 -1.288224
22 1.191884 0.000000 0.000000 -0.163027 0.224047 -1.466962
23 0.945939 0.000000 0.000000 -0.068871 0.147979 -0.913117
24 4.605128 0.071046 -0.574018 -0.157261 0.007109 -0.685616
25 1.430263 0.000000 0.000000 -0.068563 0.062695 -1.808644
26 1.155766 0.000000 0.000000 -0.005433 0.026725 -0.524005
27 4.454865 -0.071046 0.574018 0.095492 -0.008588 -0.706366
28 1.426183 0.000000 0.000000 0.055915 -0.087980 -1.504213
29 1.324319 0.000000 0.000000 0.009317 -0.033630 -0.575091
30 4.479185 -0.026371 1.583719 0.481659 -0.035384 -1.246107
31 1.341888 0.000000 0.000000 0.023475 -0.208313 -0.755745
32 1.225941 0.000000 0.000000 0.026045 -0.124622 -0.538683
33 2.631852 -0.344645 1.908319 -0.354021 -0.915168 -1.788213
34 1.058429 0.000000 0.000000 -0.001069 -0.012855 0.251002
35 0.778706 0.000000 0.000000 -0.000101 -0.003217 0.062752
36 2.033354 1.000773 -1.100771 -0.035453 1.947898 -1.725979
37 6.811801 0.000000 0.000000 0.909698 0.243021 -0.687077
38 12.394103 0.000000 0.000000 0.000000 0.000000 -1.834726
39 9.334718 0.000000 0.000000 -0.912793 -0.369407 -0.006266
40 4.610092 -0.109559 1.408022 0.217767 -0.010340 -1.857608
41 1.191885 0.000000 0.000000 0.044560 -0.180938 -0.876601
42 0.945938 0.000000 0.000000 0.155228 -0.190276 -1.393021
43 4.605097 0.076364 0.573335 0.139630 -0.069408 -0.865173
44 1.430257 0.000000 0.000000 0.049426 -0.072767 -1.413300
45 1.155767 0.000000 0.000000 0.018371 -0.045481 -0.841346
46 4.454831 -0.076364 -0.573335 0.047705 -0.153456 -0.767483
47 1.426188 0.000000 0.000000 -0.053883 0.078891 -1.553286
48 1.324319 0.000000 0.000000 -0.013612 0.036969 -0.732283
49 4.479149 -0.041050 -1.583407 -0.332628 0.218366 0.154976
50 1.341885 0.000000 0.000000 -0.042633 0.220746 -0.851609
51 1.225945 0.000000 0.000000 0.008155 -0.000000 0.000001
52 2.631822 -0.362328 -1.905043 0.415059 0.423435 -0.720789
53 1.058428 0.000000 0.000000 0.015106 0.038913 0.767157
54 0.778706 0.000000 0.000000 0.004785 0.022541 0.418310
55 4.041916 5.169765 -8.467939 0.155172 0.032527 0.092304
56 -0.044717 2.529041 4.661499 -0.012197 0.297721 0.206818
time 31
1 -5.850816 3.451391 34.521873 1.490407 -0.208433 -1.024758
2 0.000000 0.000000 0.000000 -0.000000 -0.000000 -0.000000
3 3.890452 -0.000007 -0.000003 -2.173867 0.147145 -1.293702
4 17.848179 0.000000 0.000000 0.000000 0.000000 0.563240
5 15.637959 0.000000 0.000000 -9.791444 -3.358096 8.137781
6 7.110240 0.000000 0.000000 6.276066 -0.003133 -0.631765
7 -3.890452 0.000003 0.000008 -1.577321 -0.357442 -1.714163
8 17.848181 0.000000 0.000000 0.000000 0.000000 1.008662
9 15.637958 0.000000 0.000000 -0.202146 -0.168214 -1.476278
10 7.110240 0.000000 0.000000 6.202033 -0.003133 -0.631765
11 0.000005 3.345127 -2.981901 1.910267 0.035352 1.856275
12 4.018332 0.000000 0.000000 0.072749 -0.113364 0.130852
13 3.518567 0.000000 0.000000 -0.006843 0.101819 0.213775
14 8.942634 0.000000 0.000000 -0.205495 0.137569 0.219139
15 3.307272 0.000000 0.000000 3.141590 -0.000000 0.400478
16 3.593713 0.000000 0.000000 -0.931562 0.027782 0.575432
17 2.033351 1.000771 1.100821 -0.756096 -1.613444 -0.995086
18 6.811800 0.000000 0.000000 -1.396819 0.122467 -1.429562
19 12.394105 0.000000 0.000000 0.000000 0.000000 -1.756015
20 9.334690 0.000001 -0.000032 -0.047197 -0.489515 0.263341
21 4.610123 -0.122605 -1.406946 -0.513267 0.072291 -1.288224
22 1.191884 0.000000 0.000000 -0.163028 0.224047 -1.466962
23 0.945939 0.000000 0.000000 -0.068871 0.147979 -0.913117
24 4.605128 0.071046 -0.574018 -0.157261 0.007109 -0.685616
25 1.430263 0.000000 0.000000 -0.068563 0.062695 -1.808645
26 1.155766 0.000000 0.000000 -0.005433 0.026725 -0.524005
27 4.454865 -0.071046 0.574018 0.095492 -0.008588 -0.706366
28 1.426183 0.000000 0.000000 0.055915 -0.087980 -1.504213
29 1.324319 0.000000 0.000000 0.009317 -0.033630 -0.575091
30 4.479185 -0.026371 1.583719 0.481659 -0.035384 -1.246107
31 1.341888 0.000000 0.000000 0.023475 -0.208312 -0.755746
32 1.225941 0.000000 0.000000 0.026045 -0.124622 -0.538683
33 2.631852 -0.344645 1.908319 -0.354021 -0.915168 -1.788213
34 1.058429 0.000000 0.000000 -0.001069 -0.012855 0.251002
35 0.778706 0.000000 0.000000 -0.000101 -0.003217 0.062752
36 2.033354 1.000773 -1.100771 -0.035453 1.947898 -1.725979
37 6.811801 0.000000 0.000000 0.884448 0.333062 -0.690065
38 12.394103 0.000000 0.000000 0.000000 0.000000 -1.834726
39 9.334718 0.000000 0.000000 -0.859290 -0.370532 -0.006116
40 4.610092 -0.109559 1.408022 0.217767 -0.010340 -1.857608
41 1.191885 0.000000 0.000000 0.044560 -0.180938 -0.876601
42 0.945938 0.000000 0.000000 0.155228 -0.190276 -1.393021
43 4.605097 0.076364 0.573335 0.139630 -0.069408 -0.865173
44 1.430257 0.000000 0.000000 0.049426 -0.072767 -1.413300
45 1.155767 0.000000 0.000000 0.018371 -0.045481 -0.841346
46 4.454831 -0.076364 -0.573335 0.047705 -0.153456 -0.767483
47 1.426188 0.000000 0.000000 -0.053883 0.078891 -1.553286
48 1.324319 0.000000 0.000000 -0.013612 0.036969 -0.732283
49 4.479149 -0.041050 -1.583407 -0.332628 0.218366 0.154976
50 1.341885 0.000000 0.000000 -0.042633 0.220746 -0.851609
51 1.225945 0.000000 0.000000 0.008155 -0.000000 0.000001
52 2.631822 -0.362328 -1.905043 0.415059 0.423435 -0.720789
53 1.058428 0.000000 0.000000 0.015106 0.038913 0.767157
54 0.778706 0.000000 0.000000 0.004785 0.022541 0.418310
55 4.041916 5.169765 -8.467939 0.155172 0.032527 0.092303
56 -0.044717 2.529041 4.661499 -0.012178 0.297715 0.206833
time 32
1 -5.946055 3.451594 34.231556 1.502815 -0.237647 -1.065902
2 0.000000 0.000000 0.000000 -0.000000 -0.000000 -0.000000
3 3.890452 -0.000007 -0.000003 -2.184050 0.152715 -1.322062
4 17.848179 0.000000 0.000000 0.000000 0.000000 0.578230
5 15.637959 0.000000 0.000000 -9.816763 -3.338913 8.121701
6 7.110240 0.000000 0.000000 6.276066 -0.003133 -0.631765
7 -3.890452 0.000003 0.000008 -1.583543 -0.393596 -1.739265
8 17.848181 0.000000 0.000000 0.000000 0.000000 1.059986
9 15.637958 0.000000 0.000000 -0.225439 -0.195320 -1.497192
10 7.110240 0.000000 0.000000 6.202033 -0.003133 -0.631765
11 0.000005 3.345127 -2.981901 1.910266 0.035352 1.856275
12 4.018332 0.000000 0.000000 0.072749 -0.113364 0.130852
13 3.518567 0.000000 0.000000 -0.018121 0.099742 0.213667
14 8.942634 0.000000 0.000000 -0.229120 0.142107 0.218190
15 3.307272 0.000000 0.000000 3.141591 -0.000000 0.400478
16 3.593713 0.000000 0.000000 -0.992279 0.030373 0.572199
17 2.033351 1.000771 1.100821 -0.756095 -1.613444 -0.995086
18 6.811800 0.000000 0.000000 -1.443919 0.180591 -1.407694
19 12.394105 0.000000 0.000000 0.000000 0.000000 -1.858247
20 9.334690 0.000001 -0.000032 -0.060745 -0.496127 0.331500
21 4.610123 -0.122605 -1.406946 -0.513267 0.072291 -1.288224
22 1.191884 0.000000 0.000000 -0.163027 0.224047 -1.466962
23 0.945939 0.000000 0.000000 -0.068871 0.147979 -0.913117
24 4.605128 0.071046 -0.574018 -0.157261 0.007109 -0.685616
25 1.430263 0.000000 0.000000 -0.068563 0.062695 -1.808644
26 1.155766 0.000000 0.000000 -0.005433 0.026725 -0.524005
27 4.454865 -0.071046 0.574018 0.095492 -0.008588 -0.706366
28 1.426183 0.000000 0.000000 0.055915 -0.087980 -1.504213
29 1.324319 0.000000 0.000000 0.009317 -0.033630 -0.575091
30 4.479185 -0.026371 1.583719 0.481659 -0.035384 -1.246107
31 1.341888 0.000000 0.000000 0.023475 -0.208313 -0.755745
32 1.225941 0.000000 0.000000 0.026045 -0.124622 -0.538683
33 2.631852 -0.344645 1.908319 -0.354021 -0.915168 -1.788213
34 1.058429 0.000000 0.000000 -0.001069 -0.012855 0.251002
35 0.778706 0.000000 0.000000 -0.000101 -0.003217 0.062752
36 2.033354 1.000773 -1.100771 -0.035453 1.947898 -1.725979
37 6.811801 0.000000 0.000000 0.859928 0.416377 -0.696532
38 12.394103 0.000000 0.000000 0.000000 0.000000 -1.834726
39 9.334718 0.000000 0.000000 -0.809710 -0.371580 -0.006035
40 4.610092 -0.109559 1.408022 0.217767 -0.010340 -1.857607
41 1.191885 0.000000 0.000000 0.044560 -0.180938 -0.876601
42 0.945938 0.000000 0.000000 0.155228 -0.190276 -1.393021
43 4.605097 0.076364 0.573335 0.139630 -0.069408 -0.865173
44 1.430257 0.000000 0.000000 0.049426 -0.072767 -1.413300
45 1.155767 0.000000 0.000000 0.018371 -0.045481 -0.841346
46 4.454831 -0.076364 -0.573335 0.047705 -0.153456 -0.767483
47 1.426188 0.000000 0.000000 -0.053883 0.078891 -1.553286
48 1.324319 0.000000 0.000000 -0.013612 0.036969 -0.732283
49 4.479149 -0.041050 -1.583407 -0.332628 0.218366 0.154976
50 1.341885 0.000000 0.000000 -0.042633 0.220746 -0.851609
51 1.225945 0.000000 0.000000 0.008155 -0.000001 0.000001
52 2.631822 -0.362328 -1.905043 0.415059 0.423435 -0.720789
53 1.058428 0.000000 0.000000 0.015106 0.038913 0.767157
54 0.778706 0.000000 0.000000 0.004785 0.022541 0.418310
55 4.041916 5.169765 -8.467939 0.155172 0.032527 0.092304
56 -0.044717 2.529041 4.661499 -0.012158 0.297707 0.206850
time 33
1 -6.035484 3.451828 33.985245 1.514479 -0.262199 -1.101606
2 0.000000 0.000000 0.000000 -0.000000 -0.000000 -0.000000
3 3.890452 -0.000007 -0.000003 -2.193471 0.157407 -1.346719
4 17.848179 0.000000 0.000000 0.000000 0.000000 0.589583
5 15.637959 0.000000 0.000000 -9.838129 -3.323060 8.109020
6 7.110240 0.000000 0.000000 6.276066 -0.003133 -0.631765
7 -3.890452 0.000003 0.000008 -1.588273 -0.424147 -1.760401
8 17.848181 0.000000 0.000000 0.000000 0.000000 1.101683
9 15.637958 0.000000 0.000000 -0.245849 -0.218732 -1.513544
10 7.110240 0.000000 0.000000 6.202033 -0.003133 -0.631765
11 0.000005 3.345127 -2.981901 1.910266 0.035352 1.856275
12 4.018332 0.000000 0.000000 0.072749 -0.113363 0.130852
13 3.518567 0.000000 0.000000 -0.027757 0.097980 0.213594
14 8.942634 0.000000 0.000000 -0.249317 0.145966 0.217293
15 3.307272 0.000000 0.000000 3.141591 0.000000 0.400478
16 3.593713 0.000000 0.000000 -1.044235 0.032577 0.569347
17 2.033351 1.000771 1.100821 -0.756093 -1.613444 -0.995088
18 6.811800 0.000000 0.000000 -1.484790 0.233886 -1.390329
19 12.394105 0.000000 0.000000 0.000000 0.000000 -1.943544
20 9.334690 0.000001 -0.000032 -0.076499 -0.500482 0.387704
21 4.610123 -0.122605 -1.406946 -0.513267 0.072291 -1.288225
22 1.191884 0.000000 0.000000 -0.163028 0.224047 -1.466962
23 0.945939 0.000000 0.000000 -0.068871 0.147979 -0.913117
24 4.605128 0.071046 -0.574018 -0.157261 0.007109 -0.685616
25 1.430263 0.000000 0.000000 -0.068563 0.062695 -1.808644
26 1.155766 0.000000 0.000000 -0.005433 0.026725 -0.524005
27 4.454865 -0.071046 0.574018 0.095492 -0.008588 -0.706366
28 1.426183 0.000000 0.000000 0.055915 -0.087980 -1.504213
29 1.324319 0.000000 0.000000 0.009317 -0.033630 -0.575091
30 4.479185 -0.026371 1.583719 0.481659 -0.035384 -1.246107
31 1.341888 0.000000 0.000000 0.023475 -0.208313 -0.755745
32 1.225941 0.000000 0.000000 0.026045 -0.124622 -0.538683
33 2.631852 -0.344645 1.908319 -0.354021 -0.915168 -1.788213
34 1.058429 0.000000 0.000000 -0.001069 -0.012855 0.251002
35 0.778706 0.000000 0.000000 -0.000101 -0.003217 0.062752
36 2.033354 1.000773 -1.100771 -0.035452 1.947898 -1.725979
37 6.811801 0.000000 0.000000 0.837621 0.487417 -0.705182
38 12.394103 0.000000 0.000000 0.000000 0.000000 -1.834726
39 9.334718 0.000000 0.000000 -0.767321 -0.372478 -0.006010
40 4.610092 -0.109559 1.408022 0.217767 -0.010340 -1.857608
41 1.191885 0.000000 0.000000 0.044560 -0.180938 -0.876601
42 0.945938 0.000000 0.000000 0.155228 -0.190276 -1.393021
43 4.605097 0.076364 0.573335 0.139630 -0.069408 -0.865173
44 1.430257 0.000000 0.000000 0.049426 -0.072767 -1.413300
45 1.155767 0.000000 0.000000 0.018371 -0.045481 -0.841346
46 4.454831 -0.076364 -0.573335 0.047705 -0.153456 -0.767483
47 1.426188 0.000000 0.000000 -0.053883 0.078891 -1.553286
48 1.324319 0.000000 0.000000 -0.013612 0.036969 -0.732283
49 4.479149 -0.041050 -1.583407 -0.332628 0.218366 0.154976
50 1.341885 0.000000 0.000000 -0.042634 0.220746 -0.851609
51 1.225945 0.000000 0.000000 0.008155 -0.000001 0.000001
52 2.631822 -0.362328 -1.905043 0.415059 0.423435 -0.720789
53 1.058428 0.000000 0.000000 0.015106 0.038913 0.767157
54 0.778706 0.000000 0.000000 0.004785 0.022541 0.418310
55 4.041916 5.169765 -8.467939 0.155172 0.032527 0.092304
56 -0.044717 2.529041 4.661499 -0.012138 0.297700 0.206867
time 34
1 -6.118818 3.452098 33.801018 1.523909 -0.280405 -1.128838
2 0.000000 0.000000 0.000000 0.000000 -0.000000 -0.000000
3 3.890452 -0.000007 -0.000003 -2.200908 0.161509 -1.365650
4 17.848179 0.000000 0.000000 0.000000 0.000000 0.596312
5 15.637959 0.000000 0.000000 -9.854313 -3.311594 8.100428
6 7.110240 0.000000 0.000000 6.276066 -0.003133 -0.631765
7 -3.890452 0.000003 0.000008 -1.591468 -0.446582 -1.775980
8 17.848181 0.000000 0.000000 0.000000 0.000000 1.131803
9 15.637958 0.000000 0.000000 -0.261657 -0.236378 -1.525268
10 7.110240 0.000000 0.000000 6.202033 -0.003133 -0.631765
11 0.000005 3.345127 -2.981901 1.910266 0.035352 1.856275
12 4.018332 0.000000 0.000000 0.072749 -0.113363 0.130852
13 3.518567 0.000000 0.000000 -0.035009 0.096652 0.213549
14 8.942634 0.000000 0.000000 -0.264527 0.148859 0.216565
15 3.307272 0.000000 0.000000 3.141591 -0.000000 0.400478
16 3.593713 0.000000 0.000000 -1.083352 0.034225 0.567137
17 2.033351 1.000771 1.100821 -0.756095 -1.613444 -0.995087
18 6.811800 0.000000 0.000000 -1.516104 0.276779 -1.377954
19 12.394105 0.000000 0.000000 0.000000 0.000000 -2.006448
20 9.334690 0.000001 -0.000032 -0.091249 -0.502769 0.428379
21 4.610123 -0.122605 -1.406946 -0.513267 0.072291 -1.288224
22 1.191884 0.000000 0.000000 -0.163027 0.224047 -1.466962
23 0.945939 0.000000 0.000000 -0.068871 0.147979 -0.913117
24 4.605128 0.071046 -0.574018 -0.157261 0.007109 -0.685616
25 1.430263 0.000000 0.000000 -0.068563 0.062695 -1.808644
26 1.155766 0.000000 0.000000 -0.005433 0.026725 -0.524005
27 4.454865 -0.071046 0.574018 0.095492 -0.008588 -0.706366
28 1.426183 0.000000 0.000000 0.055915 -0.087980 -1.504213
29 1.324319 0.000000 0.000000 0.009317 -0.033630 -0.575091
30 4.479185 -0.026371 1.583719 0.481659 -0.035384 -1.246107
31 1.341888 0.000000 0.000000 0.023475 -0.208313 -0.755745
32 1.225941 0.000000 0.000000 0.026045 -0.124622 -0.538683
33 2.631852 -0.344645 1.908319 -0.354021 -0.915169 -1.788213
34 1.058429 0.000000 0.000000 -0.001068 -0.012855 0.251002
35 0.778706 0.000000 0.000000 -0.000101 -0.003217 0.062752
36 2.033354 1.000773 -1.100771 -0.035453 1.947898 -1.725979
37 6.811801 0.000000 0.000000 0.819703 0.540744 -0.713821
38 12.394103 0.000000 0.000000 0.000000 0.000000 -1.834726
39 9.334718 0.000000 0.000000 -0.735402 -0.373154 -0.006018
40 4.610092 -0.109559 1.408022 0.217767 -0.010340 -1.857608
41 1.191885 0.000000 0.000000 0.044560 -0.180938 -0.876601
42 0.945938 0.000000 0.000000 0.155228 -0.190276 -1.393021
43 4.605097 0.076364 0.573335 0.139630 -0.069408 -0.865173
44 1.430257 0.000000 0.000000 0.049426 -0.072767 -1.413300
45 1.155767 0.000000 0.000000 0.018371 -0.045481 -0.841346
46 4.454831 -0.076364 -0.573335 0.047705 -0.153456 -0.767483
47 1.426188 0.000000 0.000000 -0.053883 0.078891 -1.553286
48 1.324319 0.000000 0.000000 -0.013612 0.036969 -0.732283
49 4.479149 -0.041050 -1.583407 -0.332628 0.218366 0.154976
50 1.341885 0.000000 0.000000 -0.042634 0.220746 -0.851609
51 1.225945 0.000000 0.000000 0.008155 -0.000000 0.000001
52 2.631822 -0.362328 -1.905043 0.415059 0.423435 -0.720789
53 1.058428 0.000000 0.000000 0.015106 0.038913 0.767157
54 0.778706 0.000000 0.000000 0.004785 0.022541 0.418310
55 4.041916 5.169765 -8.467939 0.155172 0.032527 0.092304
56 -0.044717 2.529041 4.661499 -0.012116 0.297691 0.206886
time 35
1 -6.195771 3.452402 33.696751 1.529517 -0.290655 -1.144477
2 0.000000 0.000000 0.000000 -0.000000 -0.000000 -0.000000
3 3.890452 -0.000007 -0.000003 -2.205103 0.165394 -1.376853
4 17.848179 0.000000 0.000000 0.000000 0.000000 0.597391
5 15.637959 0.000000 0.000000 -9.864100 -3.305527 8.096637
6 7.110240 0.000000 0.000000 6.276066 -0.003133 -0.631765
7 -3.890452 0.000003 0.000008 -1.593205 -0.458296 -1.784364
8 17.848181 0.000000 0.000000 0.000000 0.000000 1.148333
9 15.637958 0.000000 0.000000 -0.271055 -0.246143 -1.532344
10 7.110240 0.000000 0.000000 6.202033 -0.003133 -0.631765
11 0.000005 3.345127 -2.981901 1.910266 0.035352 1.856275
12 4.018332 0.000000 0.000000 0.072749 -0.113363 0.130852
13 3.518567 0.000000 0.000000 -0.039137 0.095875 0.213528
14 8.942634 0.000000 0.000000 -0.273188 0.150500 0.216131
15 3.307272 0.000000 0.000000 3.141591 -0.000000 0.400478
16 3.593713 0.000000 0.000000 -1.105549 0.035159 0.565830
17 2.033351 1.000771 1.100821 -0.756094 -1.613444 -0.995088
18 6.811800 0.000000 0.000000 -1.534463 0.302827 -1.371220
19 12.394105 0.000000 0.000000 0.000000 0.000000 -2.041920
20 9.334690 0.000001 -0.000032 -0.100777 -0.503381 0.450546
21 4.610123 -0.122605 -1.406946 -0.513267 0.072291 -1.288225
22 1.191884 0.000000 0.000000 -0.163027 0.224047 -1.466962
23 0.945939 0.000000 0.000000 -0.068871 0.147979 -0.913117
24 4.605128 0.071046 -0.574018 -0.157261 0.007109 -0.685616
25 1.430263 0.000000 0.000000 -0.068563 0.062695 -1.808645
26 1.155766 0.000000 0.000000 -0.005433 0.026725 -0.524005
27 4.454865 -0.071046 0.574018 0.095492 -0.008588 -0.706366
28 1.426183 0.000000 0.000000 0.055915 -0.087980 -1.504213
29 1.324319 0.000000 0.000000 0.009317 -0.033630 -0.575091
30 4.479185 -0.026371 1.583719 0.481659 -0.035384 -1.246107
31 1.341888 0.000000 0.000000 0.023475 -0.208313 -0.755745
32 1.225941 0.000000 0.000000 0.026045 -0.124622 -0.538683
33 2.631852 -0.344645 1.908319 -0.354021 -0.915169 -1.788213
34 1.058429 0.000000 0.000000 -0.001069 -0.012855 0.251002
35 0.778706 0.000000 0.000000 -0.000101 -0.003217 0.062752
36 2.033354 1.000773 -1.100771 -0.035453 1.947898 -1.725979
37 6.811801 0.000000 0.000000 0.808966 0.571028 -0.719656
38 12.394103 0.000000 0.000000 0.000000 0.000000 -1.834726
39 9.334718 0.000000 0.000000 -0.717226 -0.373538 -0.006033
40 4.610092 -0.109559 1.408022 0.217767 -0.010340 -1.857607
41 1.191885 0.000000 0.000000 0.044560 -0.180938 -0.876601
42 0.945938 0.000000 0.000000 0.155228 -0.190276 -1.393021
43 4.605097 0.076364 0.573335 0.139630 -0.069408 -0.865173
44 1.430257 0.000000 0.000000 0.049426 -0.072767 -1.413300
45 1.155767 0.000000 0.000000 0.018371 -0.045481 -0.841346
46 4.454831 -0.076364 -0.573335 0.047705 -0.153456 -0.767483
47 1.426188 0.000000 0.000000 -0.053883 0.078891 -1.553286
48 1.324319 0.000000 0.000000 -0.013612 0.036969 -0.732283
49 4.479149 -0.041050 -1.583407 -0.332628 0.218366 0.154976
50 1.341885 0.000000 0.000000 -0.042634 0.220746 -0.851609
51 1.225945 0.000000 0.000000 0.008155 -0.000000 0.000001
52 2.631822 -0.362328 -1.905043 0.415059 0.423435 -0.720789
53 1.058428 0.000000 0.000000 0.015106 0.038913 0.767157
54 0.778706 0.000000 0.000000 0.004785 0.022541 0.418310
55 4.041916 5.169765 -8.467939 0.155172 0.032527 0.092304
56 -0.044717 2.529041 4.661499 -0.012092 0.297683 0.206905
time 36
1 -6.267815 3.452770 33.640244 1.532620 -0.296212 -1.152867
2 0.000000 0.000000 0.000000 -0.000000 -0.000000 -0.000000
3 3.890452 -0.000007 -0.000003 -2.207232 0.169114 -1.383335
4 17.848179 0.000000 0.000000 0.000000 0.000000 0.595318
5 15.637959 0.000000 0.000000 -9.869973 -3.302717 8.095571
6 7.110240 0.000000 0.000000 6.276066 -0.003133 -0.631765
7 -3.890452 0.000003 0.000008 -1.594196 -0.463553 -1.788478
8 17.848181 0.000000 0.000000 0.000000 0.000000 1.156998
9 15.637958 0.000000 0.000000 -0.276373 -0.250993 -1.536927
10 7.110240 0.000000 0.000000 6.202033 -0.003133 -0.631765
11 0.000005 3.345127 -2.981901 1.910266 0.035352 1.856275
12 4.018332 0.000000 0.000000 0.072749 -0.113311 0.130856
13 3.518567 0.000000 0.000000 -0.041437 0.095518 0.213514
14 8.942634 0.000000 0.000000 -0.277804 0.151374 0.215894
15 3.307272 0.000000 0.000000 3.141591 -0.000000 0.400478
16 3.593713 0.000000 0.000000 -1.117365 0.035590 0.565336
17 2.033351 1.000771 1.100821 -0.756094 -1.613444 -0.995088
18 6.811800 0.000000 0.000000 -1.544813 0.317824 -1.367922
19 12.394105 0.000000 0.000000 0.000000 0.000000 -2.060917
20 9.334690 0.000001 -0.000032 -0.106153 -0.503245 0.461628
21 4.610123 -0.122605 -1.406946 -0.513267 0.072291 -1.288224
22 1.191884 0.000000 0.000000 -0.163027 0.224047 -1.466962
23 0.945939 0.000000 0.000000 -0.068871 0.147979 -0.913117
24 4.605128 0.071046 -0.574018 -0.157261 0.007109 -0.685616
25 1.430263 0.000000 0.000000 -0.068563 0.062695 -1.808644
26 1.155766 0.000000 0.000000 -0.005433 0.026725 -0.524005
27 4.454865 -0.071046 0.574018 0.095492 -0.008588 -0.706366
28 1.426183 0.000000 0.000000 0.055915 -0.087980 -1.504213
29 1.324319 0.000000 0.000000 0.009317 -0.033630 -0.575091
30 4.479185 -0.026371 1.583719 0.481659 -0.035384 -1.246107
31 1.341888 0.000000 0.000000 0.023475 -0.208313 -0.755745
32 1.225941 0.000000 0.000000 0.026045 -0.124622 -0.538683
33 2.631852 -0.344645 1.908319 -0.354021 -0.915168 -1.788213
34 1.058429 0.000000 0.000000 -0.001069 -0.012855 0.251002
35 0.778706 0.000000 0.000000 -0.000101 -0.003217 0.062752
36 2.033354 1.000773 -1.100771 -0.035453 1.947898 -1.725979
37 6.811801 0.000000 0.000000 0.802985 0.587292 -0.722980
38 12.394103 0.000000 0.000000 0.000000 0.000000 -1.834726
39 9.334718 0.000000 0.000000 -0.707449 -0.373745 -0.006044
40 4.610092 -0.109559 1.408022 0.217767 -0.010340 -1.857608
41 1.191885 0.000000 0.000000 0.044560 -0.180938 -0.876601
42 0.945938 0.000000 0.000000 0.155228 -0.190276 -1.393021
43 4.605097 0.076364 0.573335 0.139630 -0.069408 -0.865173
44 1.430257 0.000000 0.000000 0.049426 -0.072767 -1.413300
45 1.155767 0.000000 0.000000 0.018371 -0.045481 -0.841346
46 4.454831 -0.076364 -0.573335 0.047705 -0.153456 -0.767483
47 1.426188 0.000000 0.000000 -0.053883 0.078891 -1.553286
48 1.324319 0.000000 0.000000 -0.013612 0.036969 -0.732283
49 4.479149 -0.041050 -1.583407 -0.332628 0.218366 0.154976
50 1.341885 0.000000 0.000000 -0.042633 0.220746 -0.851609
51 1.225945 0.000000 0.000000 0.008155 -0.000001 0.000001
52 2.631822 -0.362328 -1.905043 0.415059 0.423435 -0.720789
53 1.058428 0.000000 0.000000 0.015106 0.038913 0.767157
54 0.778706 0.000000 0.000000 0.004785 0.022541 0.418310
55 4.041916 5.169765 -8.467939 0.155194 0.032526 0.092352
56 -0.044717 2.529041 4.661499 -0.012068 0.297674 0.206925
time 37
1 -6.336526 3.453230 33.587315 1.535546 -0.301419 -1.160440
2 0.000000 0.000000 0.000000 0.000000 -0.000000 -0.000000
3 3.890452 -0.000007 -0.000003 -2.209264 0.172491 -1.389409
4 17.848179 0.000000 0.000000 0.000000 0.000000 0.593343
5 15.637959 0.000000 0.000000 -9.875260 -3.300318 8.094620
6 7.110240 0.000000 0.000000 6.276066 -0.003133 -0.631765
7 -3.890452 0.000003 0.000008 -1.595126 -0.468373 -1.792362
8 17.848181 0.000000 0.000000 0.000000 0.000000 1.165022
9 15.637958 0.000000 0.000000 -0.281141 -0.255306 -1.541287
10 7.110240 0.000000 0.000000 6.202033 -0.003133 -0.631765
11 0.000005 3.345127 -2.981901 1.910266 0.035352 1.856275
12 4.018332 0.000000 0.000000 0.072747 -0.113162 0.130867
13 3.518567 0.000000 0.000000 -0.043692 0.095359 0.213494
14 8.942634 0.000000 0.000000 -0.281932 0.152154 0.215678
15 3.307272 0.000000 0.000000 3.141591 0.000000 0.400478
16 3.593713 0.000000 0.000000 -1.128073 0.035848 0.565373
17 2.033351 1.000771 1.100821 -0.756093 -1.613444 -0.995088
18 6.811800 0.000000 0.000000 -1.554361 0.331926 -1.365287
19 12.394105 0.000000 0.000000 0.000000 0.000000 -2.077787
20 9.334690 0.000001 -0.000032 -0.111272 -0.503058 0.470965
21 4.610123 -0.122605 -1.406946 -0.513267 0.072291 -1.288224
22 1.191884 0.000000 0.000000 -0.163027 0.224047 -1.466962
23 0.945939 0.000000 0.000000 -0.068871 0.147979 -0.913117
24 4.605128 0.071046 -0.574018 -0.157261 0.007109 -0.685616
25 1.430263 0.000000 0.000000 -0.068563 0.062695 -1.808644
26 1.155766 0.000000 0.000000 -0.005433 0.026725 -0.524005
27 4.454865 -0.071046 0.574018 0.095492 -0.008588 -0.706366
28 1.426183 0.000000 0.000000 0.055916 -0.087980 -1.504213
29 1.324319 0.000000 0.000000 0.009317 -0.033630 -0.575091
30 4.479185 -0.026371 1.583719 0.481659 -0.035384 -1.246107
31 1.341888 0.000000 0.000000 0.023475 -0.208312 -0.755745
32 1.225941 0.000000 0.000000 0.026045 -0.124622 -0.538683
33 2.631852 -0.344645 1.908319 -0.354021 -0.915169 -1.788213
34 1.058429 0.000000 0.000000 -0.001069 -0.012855 0.251002
35 0.778706 0.000000 0.000000 -0.000101 -0.003217 0.062752
36 2.033354 1.000773 -1.100771 -0.035452 1.947898 -1.725979
37 6.811801 0.000000 0.000000 0.797365 0.602113 -0.725949
38 12.394103 0.000000 0.000000 0.000000 0.000000 -1.834726
39 9.334718 0.000000 0.000000 -0.698526 -0.373934 -0.006056
40 4.610092 -0.109559 1.408022 0.217767 -0.010340 -1.857608
41 1.191885 0.000000 0.000000 0.044560 -0.180938 -0.876601
42 0.945938 0.000000 0.000000 0.155228 -0.190276 -1.393021
43 4.605097 0.076364 0.573335 0.139630 -0.069408 -0.865173
44 1.430257 0.000000 0.000000 0.049426 -0.072767 -1.413300
45 1.155767 0.000000 0.000000 0.018371 -0.045481 -0.841346
46 4.454831 -0.076364 -0.573335 0.047705 -0.153456 -0.767483
47 1.426188 0.000000 0.000000 -0.053883 0.078891 -1.553286
48 1.324319 0.000000 0.000000 -0.013612 0.036969 -0.732283
49 4.479149 -0.041050 -1.583407 -0.332628 0.218366 0.154976
50 1.341885 0.000000 0.000000 -0.042633 0.220746 -0.851609
51 1.225945 0.000000 0.000000 0.008155 -0.000001 0.000001
52 2.631822 -0.362328 -1.905043 0.415059 0.423435 -0.720789
53 1.058428 0.000000 0.000000 0.015106 0.038913 0.767157
54 0.778706 0.000000 0.000000 0.004785 0.022541 0.418310
55 4.041916 5.169765 -8.467939 0.155255 0.032521 0.092490
56 -0.044717 2.529041 4.661499 -0.012043 0.297664 0.206945
time 38
1 -6.401769 3.453771 33.537975 1.538285 -0.306276 -1.167221
2 0.000000 0.000000 0.000000 -0.000000 -0.000000 -0.000000
3 3.890452 -0.000007 -0.000003 -2.211186 0.175540 -1.395064
4 17.848179 0.000000 0.000000 0.000000 0.000000 0.591469
5 15.637959 0.000000 0.000000 -9.879985 -3.298306 8.093777
6 7.110240 0.000000 0.000000 6.276066 -0.003133 -0.631765
7 -3.890452 0.000003 0.000008 -1.595996 -0.472763 -1.796008
8 17.848181 0.000000 0.000000 0.000000 0.000000 1.172416
9 15.637958 0.000000 0.000000 -0.285376 -0.259102 -1.545425
10 7.110240 0.000000 0.000000 6.202033 -0.003133 -0.631765
11 0.000005 3.345127 -2.981901 1.910266 0.035352 1.856275
12 4.018332 0.000000 0.000000 0.072745 -0.112926 0.130884
13 3.518567 0.000000 0.000000 -0.045889 0.095379 0.213469
14 8.942634 0.000000 0.000000 -0.285591 0.152844 0.215485
15 3.307272 0.000000 0.000000 3.141590 0.000000 0.400478
16 3.593713 0.000000 0.000000 -1.137706 0.035948 0.565892
17 2.033351 1.000771 1.100821 -0.756095 -1.613444 -0.995087
18 6.811800 0.000000 0.000000 -1.563112 0.345103 -1.363265
19 12.394105 0.000000 0.000000 0.000000 0.000000 -2.092638
20 9.334690 0.000001 -0.000032 -0.116083 -0.502838 0.478663
21 4.610123 -0.122605 -1.406946 -0.513267 0.072291 -1.288224
22 1.191884 0.000000 0.000000 -0.163028 0.224047 -1.466962
23 0.945939 0.000000 0.000000 -0.068871 0.147979 -0.913117
24 4.605128 0.071046 -0.574018 -0.157261 0.007109 -0.685616
25 1.430263 0.000000 0.000000 -0.068563 0.062695 -1.808644
26 1.155766 0.000000 0.000000 -0.005433 0.026725 -0.524005
27 4.454865 -0.071046 0.574018 0.095492 -0.008588 -0.706366
28 1.426183 0.000000 0.000000 0.055916 -0.087980 -1.504213
29 1.324319 0.000000 0.000000 0.009317 -0.033630 -0.575091
30 4.479185 -0.026371 1.583719 0.481659 -0.035384 -1.246107
31 1.341888 0.000000 0.000000 0.023475 -0.208313 -0.755746
32 1.225941 0.000000 0.000000 0.026045 -0.124622 -0.538684
33 2.631852 -0.344645 1.908319 -0.354021 -0.915168 -1.788213
34 1.058429 0.000000 0.000000 -0.001069 -0.012855 0.251002
35 0.778706 0.000000 0.000000 -0.000101 -0.003217 0.062752
36 2.033354 1.000773 -1.100771 -0.035453 1.947899 -1.725979
37 6.811801 0.000000 0.000000 0.792129 0.615531 -0.728554
38 12.394103 0.000000 0.000000 0.000000 0.000000 -1.834726
39 9.334718 0.000000 0.000000 -0.690440 -0.374104 -0.006068
40 4.610092 -0.109559 1.408022 0.217767 -0.010340 -1.857608
41 1.191885 0.000000 0.000000 0.044560 -0.180938 -0.876601
42 0.945938 0.000000 0.000000 0.155228 -0.190276 -1.393021
43 4.605097 0.076364 0.573335 0.139630 -0.069408 -0.865173
44 1.430257 0.000000 0.000000 0.049426 -0.072767 -1.413300
45 1.155767 0.000000 0.000000 0.018371 -0.045481 -0.841346
46 4.454831 -0.076364 -0.573335 0.047705 -0.153456 -0.767483
47 1.426188 0.000000 0.000000 -0.053883 0.078891 -1.553286
48 1.324319 0.000000 0.000000 -0.013612 0.036969 -0.732283
49 4.479149 -0.041050 -1.583407 -0.332628 0.218366 0.154976
50 1.341885 0.000000 0.000000 -0.042634 0.220746 -0.851609
51 1.225945 0.000000 0.000000 0.008155 -0.000000 0.000001
52 2.631822 -0.362328 -1.905043 0.415059 0.423435 -0.720789
53 1.058428 0.000000 0.000000 0.015106 0.038913 0.767157
54 0.778706 0.000000 0.000000 0.004785 0.022541 0.418310
55 4.041916 5.169765 -8.467939 0.155352 0.032514 0.092709
56 -0.044717 2.529041 4.661499 -0.012017 0.297655 0.206967
time 39
1 -6.463411 3.454386 33.492237 1.540827 -0.310782 -1.173230
2 0.000000 0.000000 0.000000 -0.000000 -0.000000 -0.000000
3 3.890452 -0.000007 -0.000003 -2.212988 0.178274 -1.400292
4 17.848179 0.000000 0.000000 0.000000 0.000000 0.589708
5 15.637959 0.000000 0.000000 -9.884170 -3.296657 8.093030
6 7.110240 0.000000 0.000000 6.276066 -0.003133 -0.631765
7 -3.890452 0.000003 0.000008 -1.596807 -0.476730 -1.799409
8 17.848181 0.000000 0.000000 0.000000 0.000000 1.179191
9 15.637958 0.000000 0.000000 -0.289099 -0.262399 -1.549337
10 7.110240 0.000000 0.000000 6.202033 -0.003133 -0.631765
11 0.000005 3.345127 -2.981901 1.910266 0.035352 1.856275
12 4.018332 0.000000 0.000000 0.072742 -0.112615 0.130907
13 3.518567 0.000000 0.000000 -0.048017 0.095558 0.213438
14 8.942634 0.000000 0.000000 -0.288798 0.153449 0.215312
15 3.307272 0.000000 0.000000 3.141591 -0.000000 0.400478
16 3.593713 0.000000 0.000000 -1.146293 0.035907 0.566846
17 2.033351 1.000771 1.100821 -0.756092 -1.613444 -0.995090
18 6.811800 0.000000 0.000000 -1.571072 0.357322 -1.361812
19 12.394105 0.000000 0.000000 0.000000 0.000000 -2.105570
20 9.334690 0.000001 -0.000032 -0.120543 -0.502606 0.484833
21 4.610123 -0.122605 -1.406946 -0.513267 0.072291 -1.288224
22 1.191884 0.000000 0.000000 -0.163028 0.224047 -1.466962
23 0.945939 0.000000 0.000000 -0.068871 0.147979 -0.913117
24 4.605128 0.071046 -0.574018 -0.157261 0.007109 -0.685616
25 1.430263 0.000000 0.000000 -0.068563 0.062695 -1.808644
26 1.155766 0.000000 0.000000 -0.005433 0.026725 -0.524005
27 4.454865 -0.071046 0.574018 0.095492 -0.008588 -0.706366
28 1.426183 0.000000 0.000000 0.055915 -0.087980 -1.504213
29 1.324319 0.000000 0.000000 0.009317 -0.033630 -0.575091
30 4.479185 -0.026371 1.583719 0.481659 -0.035384 -1.246107
31 1.341888 0.000000 0.000000 0.023475 -0.208313 -0.755745
32 1.225941 0.000000 0.000000 0.026045 -0.124622 -0.538683
33 2.631852 -0.344645 1.908319 -0.354021 -0.915169 -1.788213
34 1.058429 0.000000 0.000000 -0.001068 -0.012855 0.251002
35 0.778706 0.000000 0.000000 -0.000101 -0.003217 0.062752
36 2.033354 1.000773 -1.100771 -0.035453 1.947899 -1.725979
37 6.811801 0.000000 0.000000 0.787297 0.627583 -0.730783
38 12.394103 0.000000 0.000000 0.000000 0.000000 -1.834726
39 9.334718 0.000000 0.000000 -0.683169 -0.374258 -0.006081
40 4.610092 -0.109559 1.408022 0.217767 -0.010340 -1.857607
41 1.191885 0.000000 0.000000 0.044560 -0.180938 -0.876601
42 0.945938 0.000000 0.000000 0.155228 -0.190276 -1.393021
43 4.605097 0.076364 0.573335 0.139630 -0.069408 -0.865173
44 1.430257 0.000000 0.000000 0.049426 -0.072767 -1.413300
45 1.155767 0.000000 0.000000 0.018371 -0.045481 -0.841346
46 4.454831 -0.076364 -0.573335 0.047705 -0.153456 -0.767483
47 1.426188 0.000000 0.000000 -0.053883 0.078891 -1.553286
48 1.324319 0.000000 0.000000 -0.013612 0.036969 -0.732283
49 4.479149 -0.041050 -1.583407 -0.332628 0.218366 0.154976
50 1.341885 0.000000 0.000000 -0.042633 0.220746 -0.851609
51 1.225945 0.000000 0.000000 0.008155 -0.000000 0.000001
52 2.631822 -0.362328 -1.905043 0.415059 0.423435 -0.720789
53 1.058428 0.000000 0.000000 0.015106 0.038913 0.767157
54 0.778706 0.000000 0.000000 0.004785 0.022541 0.418310
55 4.041916 5.169765 -8.467939 0.155480 0.032505 0.092998
56 -0.044717 2.529041 4.661499 -0.011990 0.297645 0.206988
time 40
1 -6.521317 3.455070 33.450108 1.543165 -0.314935 -1.178492
2 0.000000 0.000000 0.000000 -0.000000 -0.000000 -0.000000
3 3.890452 -0.000007 -0.000003 -2.214661 0.180707 -1.405084
4 17.848179 0.000000 0.000000 0.000000 0.000000 0.588064
5 15.637959 0.000000 0.000000 -9.887841 -3.295348 8.092373
6 7.110240 0.000000 0.000000 6.276066 -0.003133 -0.631765
7 -3.890452 0.000003 0.000008 -1.597560 -0.480279 -1.802560
8 17.848181 0.000000 0.000000 0.000000 0.000000 1.185360
9 15.637958 0.000000 0.000000 -0.292329 -0.265218 -1.553022
10 7.110240 0.000000 0.000000 6.202033 -0.003133 -0.631765
11 0.000005 3.345127 -2.981901 1.910266 0.035352 1.856275
12 4.018332 0.000000 0.000000 0.072739 -0.112239 0.130934
13 3.518567 0.000000 0.000000 -0.050063 0.095880 0.213402
14 8.942634 0.000000 0.000000 -0.291572 0.153972 0.215162
15 3.307272 0.000000 0.000000 3.141590 -0.000000 0.400478
16 3.593713 0.000000 0.000000 -1.153865 0.035742 0.568183
17 2.033351 1.000771 1.100821 -0.756094 -1.613444 -0.995088
18 6.811800 0.000000 0.000000 -1.578251 0.368553 -1.360876
19 12.394105 0.000000 0.000000 0.000000 0.000000 -2.116689
20 9.334690 0.000001 -0.000032 -0.124617 -0.502370 0.489589
21 4.610123 -0.122605 -1.406946 -0.513267 0.072291 -1.288224
22 1.191884 0.000000 0.000000 -0.163028 0.224047 -1.466962
23 0.945939 0.000000 0.000000 -0.068871 0.147979 -0.913117
24 4.605128 0.071046 -0.574018 -0.157261 0.007109 -0.685616
25 1.430263 0.000000 0.000000 -0.068563 0.062695 -1.808645
26 1.155766 0.000000 0.000000 -0.005433 0.026725 -0.524005
27 4.454865 -0.071046 0.574018 0.095492 -0.008588 -0.706366
28 1.426183 0.000000 0.000000 0.055915 -0.087980 -1.504213
29 1.324319 0.000000 0.000000 0.009317 -0.033630 -0.575091
30 4.479185 -0.026371 1.583719 0.481659 -0.035384 -1.246107
31 1.341888 0.000000 0.000000 0.023475 -0.208312 -0.755745
32 1.225941 0.000000 0.000000 0.026045 -0.124622 -0.538683
33 2.631852 -0.344645 1.908319 -0.354021 -0.915168 -1.788213
34 1.058429 0.000000 0.000000 -0.001069 -0.012855 0.251002
35 0.778706 0.000000 0.000000 -0.000101 -0.003217 0.062752
36 2.033354 1.000773 -1.100771 -0.035453 1.947898 -1.725979
37 6.811801 0.000000 0.000000 0.782885 0.638306 -0.732634
38 12.394103 0.000000 0.000000 0.000000 0.000000 -1.834726
39 9.334718 0.000000 0.000000 -0.676697 -0.374394 -0.006093
40 4.610092 -0.109559 1.408022 0.217767 -0.010340 -1.857608
41 1.191885 0.000000 0.000000 0.044560 -0.180938 -0.876601
42 0.945938 0.000000 0.000000 0.155228 -0.190276 -1.393021
43 4.605097 0.076364 0.573335 0.139630 -0.069408 -0.865173
44 1.430257 0.000000 0.000000 0.049426 -0.072767 -1.413300
45 1.155767 0.000000 0.000000 0.018371 -0.045481 -0.841346
46 4.454831 -0.076364 -0.573335 0.047705 -0.153456 -0.767483
47 1.426188 0.000000 0.000000 -0.053883 0.078891 -1.553286
48 1.324319 0.000000 0.000000 -0.013612 0.036969 -0.732283
49 4.479149 -0.041050 -1.583407 -0.332628 0.218366 0.154976
50 1.341885 0.000000 0.000000 -0.042633 0.220746 -0.851609
51 1.225945 0.000000 0.000000 0.008155 -0.000000 0.000001
52 2.631822 -0.362328 -1.905043 0.415059 0.423435 -0.720789
53 1.058428 0.000000 0.000000 0.015106 0.038913 0.767157
54 0.778706 0.000000 0.000000 0.004785 0.022541 0.418310
55 4.041916 5.169765 -8.467939 0.155635 0.032494 0.093346
56 -0.044717 2.529041 4.661499 -0.011962 0.297634 0.207011
time 41
1 -6.575356 3.455816 33.411629 1.545291 -0.318734 -1.183030
2 0.000000 0.000000 0.000000 -0.000000 -0.000000 -0.000000
3 3.890452 -0.000007 -0.000003 -2.216195 0.182850 -1.409434
4 17.848179 0.000000 0.000000 0.000000 0.000000 0.586540
5 15.637959 0.000000 0.000000 -9.891019 -3.294354 8.091802
6 7.110240 0.000000 0.000000 6.276066 -0.003133 -0.631765
7 -3.890452 0.000003 0.000008 -1.598255 -0.483418 -1.805453
8 17.848181 0.000000 0.000000 0.000000 0.000000 1.190929
9 15.637958 0.000000 0.000000 -0.295085 -0.267579 -1.556472
10 7.110240 0.000000 0.000000 6.202033 -0.003133 -0.631765
11 0.000005 3.345127 -2.981901 1.910266 0.035352 1.856275
12 4.018332 0.000000 0.000000 0.072735 -0.111809 0.130966
13 3.518567 0.000000 0.000000 -0.052015 0.096325 0.213362
14 8.942634 0.000000 0.000000 -0.293930 0.154415 0.215033
15 3.307272 0.000000 0.000000 3.141591 -0.000000 0.400478
16 3.593713 0.000000 0.000000 -1.160454 0.035466 0.569851
17 2.033351 1.000771 1.100821 -0.756094 -1.613444 -0.995088
18 6.811800 0.000000 0.000000 -1.584657 0.378770 -1.360410
19 12.394105 0.000000 0.000000 0.000000 0.000000 -2.126093
20 9.334690 0.000001 -0.000032 -0.128272 -0.502144 0.493044
21 4.610123 -0.122605 -1.406946 -0.513267 0.072291 -1.288225
22 1.191884 0.000000 0.000000 -0.163028 0.224047 -1.466962
23 0.945939 0.000000 0.000000 -0.068871 0.147979 -0.913117
24 4.605128 0.071046 -0.574018 -0.157261 0.007109 -0.685616
25 1.430263 0.000000 0.000000 -0.068563 0.062695 -1.808644
26 1.155766 0.000000 0.000000 -0.005433 0.026725 -0.524004
27 4.454865 -0.071046 0.574018 0.095492 -0.008588 -0.706366
28 1.426183 0.000000 0.000000 0.055915 -0.087980 -1.504213
29 1.324319 0.000000 0.000000 0.009317 -0.033630 -0.575091
30 4.479185 -0.026371 1.583719 0.481659 -0.035384 -1.246107
31 1.341888 0.000000 0.000000 0.023475 -0.208313 -0.755745
32 1.225941 0.000000 0.000000 0.026045 -0.124622 -0.538683
33 2.631852 -0.344645 1.908319 -0.354021 -0.915168 -1.788213
34 1.058429 0.000000 0.000000 -0.001069 -0.012855 0.251002
35 0.778706 0.000000 0.000000 -0.000101 -0.003217 0.062752
36 2.033354 1.000773 -1.100771 -0.035453 1.947898 -1.725979
37 6.811801 0.000000 0.000000 0.778908 0.647736 -0.734106
38 12.394103 0.000000 0.000000 0.000000 0.000000 -1.834726
39 9.334718 0.000000 0.000000 -0.671002 -0.374515 -0.006105
40 4.610092 -0.109559 1.408022 0.217767 -0.010340 -1.857608
41 1.191885 0.000000 0.000000 0.044560 -0.180938 -0.876601
42 0.945938 0.000000 0.000000 0.155228 -0.190276 -1.393021
43 4.605097 0.076364 0.573335 0.139630 -0.069408 -0.865173
44 1.430257 0.000000 0.000000 0.049426 -0.072767 -1.413300
45 1.155767 0.000000 0.000000 0.018371 -0.045481 -0.841346
46 4.454831 -0.076364 -0.573335 0.047705 -0.153456 -0.767483
47 1.426188 0.000000 0.000000 -0.053883 0.078891 -1.553286
48 1.324319 0.000000 0.000000 -0.013612 0.036969 -0.732283
49 4.479149 -0.041050 -1.583407 -0.332628 0.218366 0.154976
50 1.341885 0.000000 0.000000 -0.042633 0.220746 -0.851609
51 1.225945 0.000000 0.000000 0.008155 -0.000001 0.000001
52 2.631822 -0.362328 -1.905043 0.415059 0.423435 -0.720789
53 1.058428 0.000000 0.000000 0.015106 0.038913 0.767157
54 0.778706 0.000000 0.000000 0.004785 0.022541 0.418310
55 4.041916 5.169765 -8.467939 0.155811 0.032481 0.093745
56 -0.044717 2.529041 4.661499 -0.011933 0.297623 0.207033
time 42
1 -6.625392 3.456614 33.376816 1.547199 -0.322176 -1.186868
2 0.000000 0.000000 0.000000 -0.000000 -0.000000 -0.000000
3 3.890452 -0.000007 -0.000003 -2.217583 0.184717 -1.413335
4 17.848179 0.000000 0.000000 0.000000 0.000000 0.585145
5 15.637959 0.000000 0.000000 -9.893724 -3.293654 8.091308
6 7.110240 0.000000 0.000000 6.276066 -0.003133 -0.631765
7 -3.890452 0.000003 0.000008 -1.598892 -0.486155 -1.808080
8 17.848181 0.000000 0.000000 0.000000 0.000000 1.195907
9 15.637958 0.000000 0.000000 -0.297389 -0.269502 -1.559680
10 7.110240 0.000000 0.000000 6.202033 -0.003133 -0.631765
11 0.000005 3.345127 -2.981901 1.910266 0.035352 1.856275
12 4.018332 0.000000 0.000000 0.072730 -0.111336 0.131000
13 3.518567 0.000000 0.000000 -0.053862 0.096874 0.213318
14 8.942634 0.000000 0.000000 -0.295892 0.154784 0.214925
15 3.307272 0.000000 0.000000 3.141590 -0.000000 0.400478
16 3.593713 0.000000 0.000000 -1.166088 0.035096 0.571794
17 2.033351 1.000771 1.100821 -0.756094 -1.613444 -0.995088
18 6.811800 0.000000 0.000000 -1.590298 0.387949 -1.360362
19 12.394105 0.000000 0.000000 0.000000 0.000000 -2.133880
20 9.334690 0.000001 -0.000032 -0.131489 -0.501934 0.495314
21 4.610123 -0.122605 -1.406946 -0.513267 0.072291 -1.288225
22 1.191884 0.000000 0.000000 -0.163028 0.224047 -1.466962
23 0.945939 0.000000 0.000000 -0.068871 0.147979 -0.913117
24 4.605128 0.071046 -0.574018 -0.157261 0.007109 -0.685616
25 1.430263 0.000000 0.000000 -0.068563 0.062695 -1.808645
26 1.155766 0.000000 0.000000 -0.005433 0.026725 -0.524005
27 4.454865 -0.071046 0.574018 0.095492 -0.008588 -0.706366
28 1.426183 0.000000 0.000000 0.055915 -0.087980 -1.504213
29 1.324319 0.000000 0.000000 0.009317 -0.033630 -0.575091
30 4.479185 -0.026371 1.583719 0.481659 -0.035384 -1.246107
31 1.341888 0.000000 0.000000 0.023475 -0.208313 -0.755745
32 1.225941 0.000000 0.000000 0.026045 -0.124622 -0.538683
33 2.631852 -0.344645 1.908319 -0.354022 -0.915169 -1.788213
34 1.058429 0.000000 0.000000 -0.001069 -0.012855 0.251002
35 0.778706 0.000000 0.000000 -0.000101 -0.003217 0.062752
36 2.033354 1.000773 -1.100771 -0.035453 1.947898 -1.725979
37 6.811801 0.000000 0.000000 0.775381 0.655909 -0.735203
38 12.394103 0.000000 0.000000 0.000000 0.000000 -1.834726
39 9.334718 0.000000 0.000000 -0.666066 -0.374619 -0.006115
40 4.610092 -0.109559 1.408022 0.217767 -0.010340 -1.857608
41 1.191885 0.000000 0.000000 0.044560 -0.180938 -0.876601
42 0.945938 0.000000 0.000000 0.155228 -0.190276 -1.393021
43 4.605097 0.076364 0.573335 0.139630 -0.069408 -0.865173
44 1.430257 0.000000 0.000000 0.049426 -0.072767 -1.413300
45 1.155767 0.000000 0.000000 0.018371 -0.045481 -0.841346
46 4.454831 -0.076364 -0.573335 0.047705 -0.153456 -0.767483
47 1.426188 0.000000 0.000000 -0.053883 0.078891 -1.553286
48 1.324319 0.000000 0.000000 -0.013612 0.036969 -0.732283
49 4.479149 -0.041050 -1.583407 -0.332628 0.218366 0.154976
50 1.341885 0.000000 0.000000 -0.042634 0.220746 -0.851609
51 1.225945 0.000000 0.000000 0.008155 -0.000001 0.000001
52 2.631822 -0.362328 -1.905043 0.415059 0.423435 -0.720789
53 1.058428 0.000000 0.000000 0.015106 0.038913 0.767157
54 0.778706 0.000000 0.000000 0.004785 0.022541 0.418310
55 4.041916 5.169765 -8.467939 0.156006 0.032467 0.094184
56 -0.044717 2.529041 4.661499 -0.011904 0.297612 0.207057
time 43
1 -6.671292 3.457460 33.345711 1.548884 -0.325257 -1.190030
2 0.000000 0.000000 0.000000 -0.000000 -0.000000 -0.000000
3 3.890452 -0.000007 -0.000003 -2.218819 0.186318 -1.416783
4 17.848179 0.000000 0.000000 0.000000 0.000000 0.583878
5 15.637959 0.000000 0.000000 -9.895981 -3.293223 8.090892
6 7.110240 0.000000 0.000000 6.276066 -0.003133 -0.631765
7 -3.890452 0.000003 0.000008 -1.599470 -0.488495 -1.810435
8 17.848181 0.000000 0.000000 0.000000 0.000000 1.200299
9 15.637958 0.000000 0.000000 -0.299262 -0.271008 -1.562637
10 7.110240 0.000000 0.000000 6.202033 -0.003133 -0.631765
11 0.000005 3.345127 -2.981901 1.910266 0.035352 1.856275
12 4.018332 0.000000 0.000000 0.072725 -0.110830 0.131037
13 3.518567 0.000000 0.000000 -0.055590 0.097510 0.213270
14 8.942634 0.000000 0.000000 -0.297474 0.155082 0.214837
15 3.307272 0.000000 0.000000 3.141590 -0.000000 0.400478
16 3.593713 0.000000 0.000000 -1.170800 0.034647 0.573959
17 2.033351 1.000771 1.100821 -0.756094 -1.613444 -0.995088
18 6.811800 0.000000 0.000000 -1.595184 0.396073 -1.360679
19 12.394105 0.000000 0.000000 0.000000 0.000000 -2.140144
20 9.334690 0.000001 -0.000032 -0.134250 -0.501746 0.496512
21 4.610123 -0.122605 -1.406946 -0.513267 0.072291 -1.288225
22 1.191884 0.000000 0.000000 -0.163027 0.224047 -1.466962
23 0.945939 0.000000 0.000000 -0.068871 0.147979 -0.913117
24 4.605128 0.071046 -0.574018 -0.157261 0.007109 -0.685616
25 1.430263 0.000000 0.000000 -0.068563 0.062695 -1.808645
26 1.155766 0.000000 0.000000 -0.005433 0.026725 -0.524005
27 4.454865 -0.071046 0.574018 0.095492 -0.008588 -0.706366
28 1.426183 0.000000 0.000000 0.055916 -0.087980 -1.504213
29 1.324319 0.000000 0.000000 0.009317 -0.033630 -0.575091
30 4.479185 -0.026371 1.583719 0.481659 -0.035384 -1.246107
31 1.341888 0.000000 0.000000 0.023475 -0.208313 -0.755745
32 1.225941 0.000000 0.000000 0.026045 -0.124622 -0.538683
33 2.631852 -0.344645 1.908319 -0.354021 -0.915169 -1.788213
34 1.058429 0.000000 0.000000 -0.001069 -0.012855 0.251002
35 0.778706 0.000000 0.000000 -0.000101 -0.003217 0.062752
36 2.033354 1.000773 -1.100771 -0.035453 1.947898 -1.725979
37 6.811801 0.000000 0.000000 0.772311 0.662859 -0.735932
38 12.394103 0.000000 0.000000 0.000000 0.000000 -1.834726
39 9.334718 0.000000 0.000000 -0.661869 -0.374707 -0.006124
40 4.610092 -0.109559 1.408022 0.217767 -0.010340 -1.857608
41 1.191885 0.000000 0.000000 0.044560 -0.180938 -0.876601
42 0.945938 0.000000 0.000000 0.155228 -0.190276 -1.393021
43 4.605097 0.076364 0.573335 0.139630 -0.069408 -0.865173
44 1.430257 0.000000 0.000000 0.049426 -0.072767 -1.413300
45 1.155767 0.000000 0.000000 0.018371 -0.045481 -0.841346
46 4.454831 -0.076364 -0.573335 0.047705 -0.153456 -0.767483
47 1.426188 0.000000 0.000000 -0.053883 0.078891 -1.553286
48 1.324319 0.000000 0.000000 -0.013612 0.036969 -0.732283
49 4.479149 -0.041050 -1.583407 -0.332628 0.218366 0.154976
50 1.341885 0.000000 0.000000 -0.042633 0.220746 -0.851609
51 1.225945 0.000000 0.000000 0.008155 -0.000001 0.000001
52 2.631822 -0.362328 -1.905043 0.415059 0.423435 -0.720789
53 1.058428 0.000000 0.000000 0.015106 0.038913 0.767157
54 0.778706 0.000000 0.000000 0.004785 0.022541 0.418310
55 4.041916 5.169765 -8.467939 0.156214 0.032452 0.094653
56 -0.044717 2.529041 4.661499 -0.011874 0.297601 0.207080
time 44
1 -6.712923 3.458344 33.318359 1.550342 -0.327975 -1.192542
2 0.000000 0.000000 0.000000 0.000000 -0.000000 -0.000000
3 3.890452 -0.000007 -0.000003 -2.219896 0.187666 -1.419776
4 17.848179 0.000000 0.000000 0.000000 0.000000 0.582740
5 15.637959 0.000000 0.000000 -9.897807 -3.293038 8.090550
6 7.110240 0.000000 0.000000 6.276066 -0.003133 -0.631765
7 -3.890452 0.000003 0.000008 -1.599990 -0.490446 -1.812511
8 17.848181 0.000000 0.000000 0.000000 0.000000 1.204110
9 15.637958 0.000000 0.000000 -0.300724 -0.272117 -1.565335
10 7.110240 0.000000 0.000000 6.202033 -0.003133 -0.631765
11 0.000005 3.345127 -2.981901 1.910266 0.035351 1.856275
12 4.018332 0.000000 0.000000 0.072720 -0.110303 0.131076
13 3.518567 0.000000 0.000000 -0.057188 0.098213 0.213221
14 8.942634 0.000000 0.000000 -0.298695 0.155311 0.214769
15 3.307272 0.000000 0.000000 3.141591 -0.000000 0.400478
16 3.593713 0.000000 0.000000 -1.174622 0.034133 0.576290
17 2.033351 1.000771 1.100821 -0.756095 -1.613444 -0.995087
18 6.811800 0.000000 0.000000 -1.599324 0.403127 -1.361307
19 12.394105 0.000000 0.000000 0.000000 0.000000 -2.144980
20 9.334690 0.000001 -0.000032 -0.136550 -0.501581 0.496752
21 4.610123 -0.122605 -1.406946 -0.513267 0.072291 -1.288224
22 1.191884 0.000000 0.000000 -0.163027 0.224047 -1.466962
23 0.945939 0.000000 0.000000 -0.068871 0.147979 -0.913117
24 4.605128 0.071046 -0.574018 -0.157261 0.007109 -0.685616
25 1.430263 0.000000 0.000000 -0.068563 0.062695 -1.808644
26 1.155766 0.000000 0.000000 -0.005433 0.026725 -0.524005
27 4.454865 -0.071046 0.574018 0.095492 -0.008588 -0.706366
28 1.426183 0.000000 0.000000 0.055915 -0.087980 -1.504213
29 1.324319 0.000000 0.000000 0.009317 -0.033630 -0.575091
30 4.479185 -0.026371 1.583719 0.481659 -0.035384 -1.246107
31 1.341888 0.000000 0.000000 0.023475 -0.208313 -0.755745
32 1.225941 0.000000 0.000000 0.026045 -0.124622 -0.538684
33 2.631852 -0.344645 1.908319 -0.354022 -0.915169 -1.788213
34 1.058429 0.000000 0.000000 -0.001068 -0.012855 0.251002
35 0.778706 0.000000 0.000000 -0.000101 -0.003217 0.062752
36 2.033354 1.000773 -1.100771 -0.035453 1.947898 -1.725979
37 6.811801 0.000000 0.000000 0.769706 0.668619 -0.736307
38 12.394103 0.000000 0.000000 0.000000 0.000000 -1.834726
39 9.334718 0.000000 0.000000 -0.658392 -0.374780 -0.006132
40 4.610092 -0.109559 1.408022 0.217767 -0.010340 -1.857608
41 1.191885 0.000000 0.000000 0.044560 -0.180938 -0.876601
42 0.945938 0.000000 0.000000 0.155228 -0.190276 -1.393021
43 4.605097 0.076364 0.573335 0.139630 -0.069408 -0.865173
44 1.430257 0.000000 0.000000 0.049426 -0.072767 -1.413300
45 1.155767 0.000000 0.000000 0.018371 -0.045481 -0.841346
46 4.454831 -0.076364 -0.573335 0.047705 -0.153456 -0.767483
47 1.426188 0.000000 0.000000 -0.053883 0.078891 -1.553286
48 1.324319 0.000000 0.000000 -0.013612 0.036969 -0.732283
49 4.479149 -0.041050 -1.583407 -0.332628 0.218366 0.154976
50 1.341885 0.000000 0.000000 -0.042633 0.220746 -0.851609
51 1.225945 0.000000 0.000000 0.008155 -0.000000 0.000001
52 2.631822 -0.362328 -1.905043 0.415059 0.423435 -0.720789
53 1.058428 0.000000 0.000000 0.015106 0.038913 0.767157
54 0.778706 0.000000 0.000000 0.004785 0.022541 0.418310
55 4.041916 5.169765 -8.467939 0.156431 0.032436 0.095142
56 -0.044717 2.529041 4.661499 -0.011843 0.297589 0.207104
time 45
1 -6.750149 3.459260 33.294792 1.551569 -0.330325 -1.194430
2 0.000000 0.000000 0.000000 -0.000000 -0.000000 -0.000000
3 3.890452 -0.000007 -0.000003 -2.220811 0.188770 -1.422308
4 17.848179 0.000000 0.000000 0.000000 0.000000 0.581738
5 15.637959 0.000000 0.000000 -9.899223 -3.293076 8.090277
6 7.110240 0.000000 0.000000 6.276066 -0.003133 -0.631765
7 -3.890452 0.000003 0.000008 -1.600449 -0.492015 -1.814300
8 17.848181 0.000000 0.000000 0.000000 0.000000 1.207346
9 15.637958 0.000000 0.000000 -0.301797 -0.272850 -1.567760
10 7.110240 0.000000 0.000000 6.202033 -0.003133 -0.631765
11 0.000005 3.345127 -2.981901 1.910266 0.035352 1.856275
12 4.018332 0.000000 0.000000 0.072715 -0.109765 0.131116
13 3.518567 0.000000 0.000000 -0.058644 0.098965 0.213170
14 8.942634 0.000000 0.000000 -0.299573 0.155476 0.214720
15 3.307272 0.000000 0.000000 3.141591 0.000000 0.400478
16 3.593713 0.000000 0.000000 -1.177583 0.033568 0.578730
17 2.033351 1.000771 1.100821 -0.756090 -1.613444 -0.995091
18 6.811800 0.000000 0.000000 -1.602726 0.409105 -1.362194
19 12.394105 0.000000 0.000000 0.000000 0.000000 -2.148475
20 9.334690 0.000001 -0.000032 -0.138383 -0.501443 0.496141
21 4.610123 -0.122605 -1.406946 -0.513267 0.072291 -1.288224
22 1.191884 0.000000 0.000000 -0.163027 0.224047 -1.466962
23 0.945939 0.000000 0.000000 -0.068871 0.147979 -0.913117
24 4.605128 0.071046 -0.574018 -0.157261 0.007109 -0.685616
25 1.430263 0.000000 0.000000 -0.068563 0.062695 -1.808644
26 1.155766 0.000000 0.000000 -0.005433 0.026725 -0.524005
27 4.454865 -0.071046 0.574018 0.095492 -0.008588 -0.706366
28 1.426183 0.000000 0.000000 0.055915 -0.087980 -1.504212
29 1.324319 0.000000 0.000000 0.009317 -0.033630 -0.575091
30 4.479185 -0.026371 1.583719 0.481659 -0.035384 -1.246107
31 1.341888 0.000000 0.000000 0.023475 -0.208313 -0.755745
32 1.225941 0.000000 0.000000 0.026045 -0.124622 -0.538683
33 2.631852 -0.344645 1.908319 -0.354021 -0.915169 -1.788213
34 1.058429 0.000000 0.000000 -0.001069 -0.012855 0.251002
35 0.778706 0.000000 0.000000 -0.000101 -0.003217 0.062752
36 2.033354 1.000773 -1.100771 -0.035453 1.947898 -1.725979
37 6.811801 0.000000 0.000000 0.767569 0.673223 -0.736344
38 12.394103 0.000000 0.000000 0.000000 0.000000 -1.834726
39 9.334718 0.000000 0.000000 -0.655616 -0.374839 -0.006139
40 4.610092 -0.109559 1.408022 0.217767 -0.010340 -1.857607
41 1.191885 0.000000 0.000000 0.044560 -0.180938 -0.876601
42 0.945938 0.000000 0.000000 0.155228 -0.190276 -1.393021
43 4.605097 0.076364 0.573335 0.139630 -0.069408 -0.865173
44 1.430257 0.000000 0.000000 0.049426 -0.072767 -1.413300
45 1.155767 0.000000 0.000000 0.018371 -0.045481 -0.841346
46 4.454831 -0.076364 -0.573335 0.047705 -0.153456 -0.767483
47 1.426188 0.000000 0.000000 -0.053883 0.078891 -1.553286
48 1.324319 0.000000 0.000000 -0.013612 0.036969 -0.732283
49 4.479149 -0.041050 -1.583407 -0.332628 0.218366 0.154976
50 1.341885 0.000000 0.000000 -0.042633 0.220746 -0.851609
51 1.225945 0.000000 0.000000 0.008155 -0.000001 0.000001
52 2.631822 -0.362328 -1.905043 0.415059 0.423435 -0.720789
53 1.058428 0.000000 0.000000 0.015106 0.038913 0.767157
54 0.778706 0.000000 0.000000 0.004785 0.022541 0.418310
55 4.041916 5.169765 -8.467939 0.156652 0.032420 0.095640
56 -0.044717 2.529041 4.661499 -0.011811 0.297577 0.207128
time 46
1 -6.782839 3.460202 33.275059 1.552562 -0.332303 -1.195717
2 0.000000 0.000000 0.000000 -0.000000 -0.000000 -0.000000
3 3.890452 -0.000007 -0.000003 -2.221559 0.189638 -1.424377
4 17.848179 0.000000 0.000000 0.000000 0.000000 0.580871
5 15.637959 0.000000 0.000000 -9.900248 -3.293314 8.090076
6 7.110240 0.000000 0.000000 6.276066 -0.003133 -0.631765
7 -3.890452 0.000003 0.000008 -1.600847 -0.493210 -1.815796
8 17.848181 0.000000 0.000000 0.000000 0.000000 1.210007
9 15.637958 0.000000 0.000000 -0.302501 -0.273230 -1.569901
10 7.110240 0.000000 0.000000 6.202033 -0.003133 -0.631765
11 0.000005 3.345127 -2.981901 1.910266 0.035352 1.856275
12 4.018332 0.000000 0.000000 0.072710 -0.109227 0.131155
13 3.518567 0.000000 0.000000 -0.059945 0.099748 0.213118
14 8.942634 0.000000 0.000000 -0.300127 0.155580 0.214689
15 3.307272 0.000000 0.000000 3.141591 0.000000 0.400478
16 3.593713 0.000000 0.000000 -1.179716 0.032968 0.581222
17 2.033351 1.000771 1.100821 -0.756092 -1.613444 -0.995089
18 6.811800 0.000000 0.000000 -1.605398 0.414004 -1.363282
19 12.394105 0.000000 0.000000 0.000000 0.000000 -2.150721
20 9.334690 0.000001 -0.000032 -0.139758 -0.501329 0.494789
21 4.610123 -0.122605 -1.406946 -0.513267 0.072291 -1.288225
22 1.191884 0.000000 0.000000 -0.163027 0.224047 -1.466962
23 0.945939 0.000000 0.000000 -0.068871 0.147979 -0.913117
24 4.605128 0.071046 -0.574018 -0.157261 0.007109 -0.685616
25 1.430263 0.000000 0.000000 -0.068563 0.062695 -1.808644
26 1.155766 0.000000 0.000000 -0.005433 0.026725 -0.524005
27 4.454865 -0.071046 0.574018 0.095492 -0.008588 -0.706366
28 1.426183 0.000000 0.000000 0.055915 -0.087980 -1.504213
29 1.324319 0.000000 0.000000 0.009317 -0.033630 -0.575091
30 4.479185 -0.026371 1.583719 0.481659 -0.035384 -1.246107
31 1.341888 0.000000 0.000000 0.023475 -0.208313 -0.755745
32 1.225941 0.000000 0.000000 0.026045 -0.124622 -0.538683
33 2.631852 -0.344645 1.908319 -0.354021 -0.915169 -1.788213
34 1.058429 0.000000 0.000000 -0.001069 -0.012855 0.251002
35 0.778706 0.000000 0.000000 -0.000101 -0.003217 0.062752
36 2.033354 1.000773 -1.100771 -0.035453 1.947898 -1.725979
37 6.811801 0.000000 0.000000 0.765900 0.676703 -0.736063
38 12.394103 0.000000 0.000000 0.000000 0.000000 -1.834726
39 9.334718 0.000000 0.000000 -0.653521 -0.374882 -0.006144
40 4.610092 -0.109559 1.408022 0.217767 -0.010340 -1.857608
41 1.191885 0.000000 0.000000 0.044560 -0.180938 -0.876601
42 0.945938 0.000000 0.000000 0.155228 -0.190276 -1.393021
43 4.605097 0.076364 0.573335 0.139630 -0.069408 -0.865173
44 1.430257 0.000000 0.000000 0.049426 -0.072767 -1.413300
45 1.155767 0.000000 0.000000 0.018371 -0.045481 -0.841346
46 4.454831 -0.076364 -0.573335 0.047705 -0.153456 -0.767483
47 1.426188 0.000000 0.000000 -0.053883 0.078891 -1.553286
48 1.324319 0.000000 0.000000 -0.013612 0.036969 -0.732283
49 4.479149 -0.041050 -1.583407 -0.332628 0.218366 0.154976
50 1.341885 0.000000 0.000000 -0.042634 0.220746 -0.851609
51 1.225945 0.000000 0.000000 0.008155 -0.000000 0.000001
52 2.631822 -0.362328 -1.905043 0.415059 0.423435 -0.720789
53 1.058428 0.000000 0.000000 0.015106 0.038913 0.767157
54 0.778706 0.000000 0.000000 0.004785 0.022541 0.418310
55 4.041916 5.169765 -8.467939 0.156873 0.032403 0.096139
56 -0.044717 2.529041 4.661499 -0.011779 0.297565 0.207152
time 47
1 -6.810858 3.461163 33.259216 1.553321 -0.333903 -1.196433
2 0.000000 0.000000 0.000000 -0.000000 -0.000000 -0.000000
3 3.890452 -0.000007 -0.000003 -2.222137 0.190283 -1.425985
4 17.848179 0.000000 0.000000 0.000000 0.000000 0.580136
5 15.637959 0.000000 0.000000 -9.900900 -3.293730 8.089942
6 7.110240 0.000000 0.000000 6.276066 -0.003133 -0.631765
7 -3.890452 0.000003 0.000008 -1.601182 -0.494037 -1.816993
8 17.848181 0.000000 0.000000 0.000000 0.000000 1.212095
9 15.637958 0.000000 0.000000 -0.302859 -0.273278 -1.571744
10 7.110240 0.000000 0.000000 6.202033 -0.003133 -0.631765
11 0.000005 3.345127 -2.981901 1.910266 0.035352 1.856275
12 4.018332 0.000000 0.000000 0.072706 -0.108700 0.131194
13 3.518567 0.000000 0.000000 -0.061080 0.100544 0.213068
14 8.942634 0.000000 0.000000 -0.300374 0.155627 0.214675
15 3.307272 0.000000 0.000000 3.141591 0.000000 0.400478
16 3.593713 0.000000 0.000000 -1.181053 0.032347 0.583710
17 2.033351 1.000771 1.100821 -0.756094 -1.613444 -0.995088
18 6.811800 0.000000 0.000000 -1.607352 0.417828 -1.364519
19 12.394105 0.000000 0.000000 0.000000 0.000000 -2.151800
20 9.334690 0.000001 -0.000032 -0.140683 -0.501240 0.492797
21 4.610123 -0.122605 -1.406946 -0.513267 0.072291 -1.288225
22 1.191884 0.000000 0.000000 -0.163027 0.224047 -1.466962
23 0.945939 0.000000 0.000000 -0.068871 0.147979 -0.913117
24 4.605128 0.071046 -0.574018 -0.157261 0.007109 -0.685616
25 1.430263 0.000000 0.000000 -0.068563 0.062695 -1.808644
26 1.155766 0.000000 0.000000 -0.005433 0.026725 -0.524005
27 4.454865 -0.071046 0.574018 0.095492 -0.008588 -0.706366
28 1.426183 0.000000 0.000000 0.055916 -0.087980 -1.504213
29 1.324319 0.000000 0.000000 0.009317 -0.033630 -0.575091
30 4.479185 -0.026371 1.583719 0.481659 -0.035384 -1.246107
31 1.341888 0.000000 0.000000 0.023475 -0.208313 -0.755745
32 1.225941 0.000000 0.000000 0.026045 -0.124622 -0.538683
33 2.631852 -0.344645 1.908319 -0.354021 -0.915168 -1.788213
34 1.058429 0.000000 0.000000 -0.001069 -0.012855 0.251002
35 0.778706 0.000000 0.000000 -0.000101 -0.003217 0.062752
36 2.033354 1.000773 -1.100771 -0.035453 1.947898 -1.725979
37 6.811801 0.000000 0.000000 0.764698 0.679091 -0.735489
38 12.394103 0.000000 0.000000 0.000000 0.000000 -1.834726
39 9.334718 0.000000 0.000000 -0.652087 -0.374913 -0.006148
40 4.610092 -0.109559 1.408022 0.217767 -0.010340 -1.857607
41 1.191885 0.000000 0.000000 0.044560 -0.180938 -0.876601
42 0.945938 0.000000 0.000000 0.155228 -0.190276 -1.393021
43 4.605097 0.076364 0.573335 0.139630 -0.069408 -0.865173
44 1.430257 0.000000 0.000000 0.049426 -0.072767 -1.413300
45 1.155767 0.000000 0.000000 0.018371 -0.045481 -0.841346
46 4.454831 -0.076364 -0.573335 0.047705 -0.153456 -0.767483
47 1.426188 0.000000 0.000000 -0.053883 0.078891 -1.553286
48 1.324319 0.000000 0.000000 -0.013612 0.036969 -0.732283
49 4.479149 -0.041050 -1.583407 -0.332628 0.218366 0.154976
50 1.341885 0.000000 0.000000 -0.042633 0.220746 -0.851609
51 1.225945 0.000000 0.000000 0.008155 -0.000001 0.000001
52 2.631822 -0.362328 -1.905043 0.415059 0.423435 -0.720789
53 1.058428 0.000000 0.000000 0.015106 0.038913 0.767157
54 0.778706 0.000000 0.000000 0.004785 0.022541 0.418310
55 4.041916 5.169765 -8.467939 0.157090 0.032387 0.096628
56 -0.044717 2.529041 4.661499 -0.011746 0.297552 0.207176
time 48
1 -6.834073 3.462132 33.247314 1.553846 -0.335121 -1.196602
2 0.000000 0.000000 0.000000 -0.000000 -0.000000 -0.000000
3 3.890452 -0.000007 -0.000003 -2.222542 0.190713 -1.427130
4 17.848179 0.000000 0.000000 0.000000 0.000000 0.579532
5 15.637959 0.000000 0.000000 -9.901198 -3.294301 8.089881
6 7.110240 0.000000 0.000000 6.276066 -0.003133 -0.631765
7 -3.890452 0.000003 0.000008 -1.601452 -0.494504 -1.817885
8 17.848181 0.000000 0.000000 0.000000 0.000000 1.213612
9 15.637958 0.000000 0.000000 -0.302891 -0.273016 -1.573277
10 7.110240 0.000000 0.000000 6.202033 -0.003133 -0.631765
11 0.000005 3.345127 -2.981901 1.910266 0.035352 1.856275
12 4.018332 0.000000 0.000000 0.072701 -0.108194 0.131231
13 3.518567 0.000000 0.000000 -0.062036 0.101333 0.213019
14 8.942634 0.000000 0.000000 -0.300333 0.155619 0.214677
15 3.307272 0.000000 0.000000 3.141590 -0.000000 0.400478
16 3.593713 0.000000 0.000000 -1.181626 0.031720 0.586136
17 2.033351 1.000771 1.100821 -0.756094 -1.613444 -0.995088
18 6.811800 0.000000 0.000000 -1.608595 0.420586 -1.365849
19 12.394105 0.000000 0.000000 0.000000 0.000000 -2.151796
20 9.334690 0.000001 -0.000032 -0.141175 -0.501173 0.490267
21 4.610123 -0.122605 -1.406946 -0.513267 0.072291 -1.288224
22 1.191884 0.000000 0.000000 -0.163027 0.224047 -1.466962
23 0.945939 0.000000 0.000000 -0.068871 0.147979 -0.913117
24 4.605128 0.071046 -0.574018 -0.157261 0.007109 -0.685616
25 1.430263 0.000000 0.000000 -0.068563 0.062695 -1.808644
26 1.155766 0.000000 0.000000 -0.005433 0.026725 -0.524005
27 4.454865 -0.071046 0.574018 0.095492 -0.008588 -0.706366
28 1.426183 0.000000 0.000000 0.055915 -0.087980 -1.504213
29 1.324319 0.000000 0.000000 0.009317 -0.033630 -0.575091
30 4.479185 -0.026371 1.583719 0.481659 -0.035384 -1.246107
31 1.341888 0.000000 0.000000 0.023475 -0.208312 -0.755745
32 1.225941 0.000000 0.000000 0.026045 -0.124622 -0.538683
33 2.631852 -0.344645 1.908319 -0.354021 -0.915168 -1.788213
34 1.058429 0.000000 0.000000 -0.001069 -0.012855 0.251002
35 0.778706 0.000000 0.000000 -0.000101 -0.003217 0.062752
36 2.033354 1.000773 -1.100771 -0.035453 1.947898 -1.725979
37 6.811801 0.000000 0.000000 0.763956 0.680419 -0.734652
38 12.394103 0.000000 0.000000 0.000000 0.000000 -1.834726
39 9.334718 0.000000 0.000000 -0.651296 -0.374929 -0.006150
40 4.610092 -0.109559 1.408022 0.217767 -0.010340 -1.857608
41 1.191885 0.000000 0.000000 0.044560 -0.180938 -0.876601
42 0.945938 0.000000 0.000000 0.155228 -0.190276 -1.393021
43 4.605097 0.076364 0.573335 0.139630 -0.069408 -0.865173
44 1.430257 0.000000 0.000000 0.049426 -0.072767 -1.413300
45 1.155767 0.000000 0.000000 0.018371 -0.045481 -0.841346
46 4.454831 -0.076364 -0.573335 0.047705 -0.153456 -0.767483
47 1.426188 0.000000 0.000000 -0.053883 0.078891 -1.553286
48 1.324319 0.000000 0.000000 -0.013612 0.036969 -0.732283
49 4.479149 -0.041050 -1.583407 -0.332628 0.218366 0.154976
50 1.341885 0.000000 0.000000 -0.042634 0.220746 -0.851609
51 1.225945 0.000000 0.000000 0.008155 -0.000000 0.000001
52 2.631822 -0.362328 -1.905043 0.415059 0.423435 -0.720789
53 1.058428 0.000000 0.000000 0.015106 0.038913 0.767157
54 0.778706 0.000000 0.000000 0.004785 0.022541 0.418310
55 4.041916 5.169765 -8.467939 0.157298 0.032371 0.097097
56 -0.044717 2.529041 4.661499 -0.011713 0.297539 0.207201
time 49
1 -6.852349 3.463107 33.239407 1.554135 -0.335950 -1.196254
2 0.000000 0.000000 0.000000 -0.000000 -0.000000 -0.000000
3 3.890452 -0.000007 -0.000003 -2.222774 0.190939 -1.427814
4 17.848179 0.000000 0.000000 0.000000 0.000000 0.579056
5 15.637959 0.000000 0.000000 -9.901160 -3.295005 8.089891
6 7.110240 0.000000 0.000000 6.276066 -0.003133 -0.631765
7 -3.890452 0.000003 0.000008 -1.601655 -0.494617 -1.818465
8 17.848181 0.000000 0.000000 0.000000 0.000000 1.214557
9 15.637958 0.000000 0.000000 -0.302620 -0.272467 -1.574483
10 7.110240 0.000000 0.000000 6.202033 -0.003133 -0.631765
11 0.000005 3.345127 -2.981901 1.910266 0.035352 1.856275
12 4.018332 0.000000 0.000000 0.072697 -0.107721 0.131265
13 3.518567 0.000000 0.000000 -0.062801 0.102097 0.212973
14 8.942634 0.000000 0.000000 -0.300023 0.155560 0.214695
15 3.307272 0.000000 0.000000 3.141591 0.000000 0.400478
16 3.593713 0.000000 0.000000 -1.181466 0.031102 0.588445
17 2.033351 1.000771 1.100821 -0.756093 -1.613444 -0.995089
18 6.811800 0.000000 0.000000 -1.609139 0.422294 -1.367223
19 12.394105 0.000000 0.000000 0.000000 0.000000 -2.150789
20 9.334690 0.000001 -0.000032 -0.141251 -0.501125 0.487289
21 4.610123 -0.122605 -1.406946 -0.513267 0.072291 -1.288225
22 1.191884 0.000000 0.000000 -0.163028 0.224047 -1.466962
23 0.945939 0.000000 0.000000 -0.068871 0.147979 -0.913117
24 4.605128 0.071046 -0.574018 -0.157261 0.007109 -0.685616
25 1.430263 0.000000 0.000000 -0.068563 0.062695 -1.808644
26 1.155766 0.000000 0.000000 -0.005433 0.026725 -0.524005
27 4.454865 -0.071046 0.574018 0.095492 -0.008588 -0.706366
28 1.426183 0.000000 0.000000 0.055915 -0.087980 -1.504213
29 1.324319 0.000000 0.000000 0.009317 -0.033630 -0.575091
30 4.479185 -0.026371 1.583719 0.481659 -0.035384 -1.246107
31 1.341888 0.000000 0.000000 0.023475 -0.208313 -0.755745
32 1.225941 0.000000 0.000000 0.026045 -0.124622 -0.538683
33 2.631852 -0.344645 1.908319 -0.354021 -0.915169 -1.788213
34 1.058429 0.000000 0.000000 -0.001068 -0.012855 0.251002
35 0.778706 0.000000 0.000000 -0.000101 -0.003217 0.062752
36 2.033354 1.000773 -1.100771 -0.035453 1.947898 -1.725979
37 6.811801 0.000000 0.000000 0.763668 0.680717 -0.733582
38 12.394103 0.000000 0.000000 0.000000 0.000000 -1.834726
39 9.334718 0.000000 0.000000 -0.651127 -0.374933 -0.006150
40 4.610092 -0.109559 1.408022 0.217767 -0.010340 -1.857607
41 1.191885 0.000000 0.000000 0.044560 -0.180938 -0.876601
42 0.945938 0.000000 0.000000 0.155228 -0.190276 -1.393021
43 4.605097 0.076364 0.573335 0.139630 -0.069408 -0.865173
44 1.430257 0.000000 0.000000 0.049426 -0.072767 -1.413300
45 1.155767 0.000000 0.000000 0.018371 -0.045481 -0.841346
46 4.454831 -0.076364 -0.573335 0.047705 -0.153456 -0.767483
47 1.426188 0.000000 0.000000 -0.053883 0.078891 -1.553286
48 1.324319 0.000000 0.000000 -0.013612 0.036969 -0.732283
49 4.479149 -0.041050 -1.583407 -0.332628 0.218366 0.154976
50 1.341885 0.000000 0.000000 -0.042634 0.220746 -0.851609
51 1.225945 0.000000 0.000000 0.008155 -0.000000 0.000001
52 2.631822 -0.362328 -1.905043 0.415059 0.423435 -0.720789
53 1.058428 0.000000 0.000000 0.015106 0.038913 0.767157
54 0.778706 0.000000 0.000000 0.004786 0.022541 0.418310
55 4.041916 5.169765 -8.467939 0.157493 0.032356 0.097536
56 -0.044717 2.529041 4.661499 -0.011679 0.297526 0.207226
time 50
1 -6.865553 3.464077 33.235546 1.554190 -0.336384 -1.195415
2 0.000000 0.000000 0.000000 -0.000000 -0.000000 -0.000000
3 3.890452 -0.000007 -0.000003 -2.222832 0.190968 -1.428036
4 17.848179 0.000000 0.000000 0.000000 0.000000 0.578706
5 15.637959 0.000000 0.000000 -9.900802 -3.295820 8.089972
6 7.110240 0.000000 0.000000 6.276066 -0.003133 -0.631765
7 -3.890452 0.000003 0.000008 -1.601789 -0.494384 -1.818727
8 17.848181 0.000000 0.000000 0.000000 0.000000 1.214929
9 15.637958 0.000000 0.000000 -0.302066 -0.271653 -1.575349
10 7.110240 0.000000 0.000000 6.202033 -0.003133 -0.631765
11 0.000005 3.345127 -2.981901 1.910266 0.035352 1.856275
12 4.018332 0.000000 0.000000 0.072693 -0.107291 0.131297
13 3.518567 0.000000 0.000000 -0.063363 0.102819 0.212932
14 8.942634 0.000000 0.000000 -0.299460 0.155455 0.214726
15 3.307272 0.000000 0.000000 3.141591 0.000000 0.400478
16 3.593713 0.000000 0.000000 -1.180607 0.030508 0.590579
17 2.033351 1.000771 1.100821 -0.756092 -1.613444 -0.995089
18 6.811800 0.000000 0.000000 -1.608994 0.422970 -1.368589
19 12.394105 0.000000 0.000000 0.000000 0.000000 -2.148856
20 9.334690 0.000001 -0.000032 -0.140935 -0.501092 0.483955
21 4.610123 -0.122605 -1.406946 -0.513267 0.072291 -1.288225
22 1.191884 0.000000 0.000000 -0.163028 0.224047 -1.466962
23 0.945939 0.000000 0.000000 -0.068871 0.147979 -0.913117
24 4.605128 0.071046 -0.574018 -0.157261 0.007109 -0.685616
25 1.430263 0.000000 0.000000 -0.068563 0.062695 -1.808644
26 1.155766 0.000000 0.000000 -0.005433 0.026725 -0.524005
27 4.454865 -0.071046 0.574018 0.095492 -0.008588 -0.706366
28 1.426183 0.000000 0.000000 0.055915 -0.087980 -1.504213
29 1.324319 0.000000 0.000000 0.009317 -0.033630 -0.575091
30 4.479185 -0.026371 1.583719 0.481659 -0.035384 -1.246107
31 1.341888 0.000000 0.000000 0.023475 -0.208313 -0.755745
32 1.225941 0.000000 0.000000 0.026045 -0.124622 -0.538683
33 2.631852 -0.344645 1.908319 -0.354021 -0.915169 -1.788213
34 1.058429 0.000000 0.000000 -0.001068 -0.012855 0.251002
35 0.778706 0.000000 0.000000 -0.000101 -0.003217 0.062752
36 2.033354 1.000773 -1.100771 -0.035453 1.947898 -1.725979
37 6.811801 0.000000 0.000000 0.763822 0.680016 -0.732316
38 12.394103 0.000000 0.000000 0.000000 0.000000 -1.834726
39 9.334718 0.000000 0.000000 -0.651561 -0.374924 -0.006149
40 4.610092 -0.109559 1.408022 0.217767 -0.010340 -1.857607
41 1.191885 0.000000 0.000000 0.044560 -0.180938 -0.876601
42 0.945938 0.000000 0.000000 0.155228 -0.190276 -1.393021
43 4.605097 0.076364 0.573335 0.139630 -0.069408 -0.865173
44 1.430257 0.000000 0.000000 0.049426 -0.072767 -1.413300
45 1.155767 0.000000 0.000000 0.018371 -0.045481 -0.841346
46 4.454831 -0.076364 -0.573335 0.047705 -0.153456 -0.767483
47 1.426188 0.000000 0.000000 -0.053883 0.078891 -1.553286
48 1.324319 0.000000 0.000000 -0.013612 0.036969 -0.732283
49 4.479149 -0.041050 -1.583407 -0.332628 0.218366 0.154976
50 1.341885 0.000000 0.000000 -0.042633 0.220746 -0.851609
51 1.225945 0.000000 0.000000 0.008155 -0.000000 0.000001
52 2.631822 -0.362328 -1.905043 0.415059 0.423435 -0.720789
53 1.058428 0.000000 0.000000 0.015106 0.038913 0.767157
54 0.778706 0.000000 0.000000 0.004785 0.022541 0.418310
55 4.041916 5.169765 -8.467939 0.157669 0.032342 0.097935
56 -0.044717 2.529041 4.661499 -0.011645 0.297513 0.207250
time 51
1 -6.873551 3.465037 33.235790 1.554013 -0.336418 -1.194115
2 0.000000 0.000000 0.000000 -0.000000 -0.000000 -0.000000
3 3.890452 -0.000007 -0.000003 -2.222715 0.190811 -1.427800
4 17.848179 0.000000 0.000000 0.000000 0.000000 0.578474
5 15.637959 0.000000 0.000000 -9.900143 -3.296725 8.090131
6 7.110240 0.000000 0.000000 6.276066 -0.003133 -0.631765
7 -3.890452 0.000003 0.000008 -1.601850 -0.493810 -1.818667
8 17.848181 0.000000 0.000000 0.000000 0.000000 1.214723
9 15.637958 0.000000 0.000000 -0.301250 -0.270598 -1.575857
10 7.110240 0.000000 0.000000 6.202033 -0.003133 -0.631765
11 0.000005 3.345127 -2.981901 1.910266 0.035352 1.856275
12 4.018332 0.000000 0.000000 0.072689 -0.106915 0.131324
13 3.518567 0.000000 0.000000 -0.063710 0.103478 0.212897
14 8.942634 0.000000 0.000000 -0.298664 0.155305 0.214771
15 3.307272 0.000000 0.000000 3.141591 0.000000 0.400478
16 3.593713 0.000000 0.000000 -1.179081 0.029953 0.592484
17 2.033351 1.000771 1.100821 -0.756090 -1.613444 -0.995091
18 6.811800 0.000000 0.000000 -1.608176 0.422638 -1.369901
19 12.394105 0.000000 0.000000 0.000000 0.000000 -2.146072
20 9.334690 0.000001 -0.000032 -0.140253 -0.501071 0.480348
21 4.610123 -0.122605 -1.406946 -0.513267 0.072291 -1.288225
22 1.191884 0.000000 0.000000 -0.163028 0.224047 -1.466962
23 0.945939 0.000000 0.000000 -0.068871 0.147979 -0.913117
24 4.605128 0.071046 -0.574018 -0.157261 0.007109 -0.685616
25 1.430263 0.000000 0.000000 -0.068563 0.062695 -1.808644
26 1.155766 0.000000 0.000000 -0.005433 0.026725 -0.524005
27 4.454865 -0.071046 0.574018 0.095492 -0.008588 -0.706366
28 1.426183 0.000000 0.000000 0.055915 -0.087980 -1.504213
29 1.324319 0.000000 0.000000 0.009317 -0.033630 -0.575091
30 4.479185 -0.026371 1.583719 0.481659 -0.035384 -1.246107
31 1.341888 0.000000 0.000000 0.023475 -0.208313 -0.755745
32 1.225941 0.000000 0.000000 0.026045 -0.124622 -0.538683
33 2.631852 -0.344645 1.908319 -0.354021 -0.915168 -1.788213
34 1.058429 0.000000 0.000000 -0.001069 -0.012855 0.251002
35 0.778706 0.000000 0.000000 -0.000101 -0.003217 0.062752
36 2.033354 1.000773 -1.100771 -0.035453 1.947898 -1.725979
37 6.811801 0.000000 0.000000 0.764407 0.678348 -0.730892
38 12.394103 0.000000 0.000000 0.000000 0.000000 -1.834726
39 9.334718 0.000000 0.000000 -0.652581 -0.374902 -0.006146
40 4.610092 -0.109559 1.408022 0.217767 -0.010340 -1.857607
41 1.191885 0.000000 0.000000 0.044560 -0.180938 -0.876601
42 0.945938 0.000000 0.000000 0.155228 -0.190276 -1.393021
43 4.605097 0.076364 0.573335 0.139630 -0.069408 -0.865173
44 1.430257 0.000000 0.000000 0.049426 -0.072767 -1.413300
45 1.155767 0.000000 0.000000 0.018371 -0.045481 -0.841346
46 4.454831 -0.076364 -0.573335 0.047705 -0.153456 -0.767483
47 1.426188 0.000000 0.000000 -0.053883 0.078891 -1.553286
48 1.324319 0.000000 0.000000 -0.013612 0.036969 -0.732283
49 4.479149 -0.041050 -1.583407 -0.332628 0.218366 0.154976
50 1.341885 0.000000 0.000000 -0.042633 0.220746 -0.851609
51 1.225945 0.000000 0.000000 0.008155 -0.000000 0.000001
52 2.631822 -0.362328 -1.905043 0.415059 0.423435 -0.720789
53 1.058428 0.000000 0.000000 0.015106 0.038913 0.767157
54 0.778706 0.000000 0.000000 0.004785 0.022541 0.418310
55 4.041916 5.169765 -8.467939 0.157824 0.032331 0.098283
56 -0.044717 2.529041 4.661499 -0.011610 0.297499 0.207275
time 52
1 -6.876211 3.465979 33.240196 1.553606 -0.336043 -1.192381
2 0.000000 0.000000 0.000000 -0.000000 -0.000000 -0.000000
3 3.890452 -0.000007 -0.000003 -2.222424 0.190477 -1.427107
4 17.848179 0.000000 0.000000 0.000000 0.000000 0.578356
5 15.637959 0.000000 0.000000 -9.899198 -3.297698 8.090366
6 7.110240 0.000000 0.000000 6.276066 -0.003133 -0.631765
7 -3.890452 0.000003 0.000008 -1.601836 -0.492903 -1.818278
8 17.848181 0.000000 0.000000 0.000000 0.000000 1.213939
9 15.637958 0.000000 0.000000 -0.300192 -0.269324 -1.575994
10 7.110240 0.000000 0.000000 6.202033 -0.003133 -0.631765
11 0.000005 3.345127 -2.981901 1.910266 0.035352 1.856275
12 4.018332 0.000000 0.000000 0.072687 -0.106604 0.131347
13 3.518567 0.000000 0.000000 -0.063829 0.104058 0.212869
14 8.942634 0.000000 0.000000 -0.297652 0.155115 0.214827
15 3.307272 0.000000 0.000000 3.141591 0.000000 0.400478
16 3.593713 0.000000 0.000000 -1.176919 0.029453 0.594104
17 2.033351 1.000771 1.100821 -0.756093 -1.613444 -0.995089
18 6.811800 0.000000 0.000000 -1.606697 0.421326 -1.371111
19 12.394105 0.000000 0.000000 0.000000 0.000000 -2.142511
20 9.334690 0.000001 -0.000032 -0.139236 -0.501054 0.476552
21 4.610123 -0.122605 -1.406946 -0.513267 0.072291 -1.288224
22 1.191884 0.000000 0.000000 -0.163027 0.224047 -1.466962
23 0.945939 0.000000 0.000000 -0.068871 0.147979 -0.913117
24 4.605128 0.071046 -0.574018 -0.157260 0.007109 -0.685616
25 1.430263 0.000000 0.000000 -0.068563 0.062695 -1.808644
26 1.155766 0.000000 0.000000 -0.005433 0.026725 -0.524005
27 4.454865 -0.071046 0.574018 0.095492 -0.008588 -0.706366
28 1.426183 0.000000 0.000000 0.055915 -0.087980 -1.504213
29 1.324319 0.000000 0.000000 0.009317 -0.033630 -0.575091
30 4.479185 -0.026371 1.583719 0.481659 -0.035384 -1.246107
31 1.341888 0.000000 0.000000 0.023475 -0.208313 -0.755746
32 1.225941 0.000000 0.000000 0.026045 -0.124622 -0.538683
33 2.631852 -0.344645 1.908319 -0.354021 -0.915168 -1.788213
34 1.058429 0.000000 0.000000 -0.001069 -0.012855 0.251002
35 0.778706 0.000000 0.000000 -0.000101 -0.003217 0.062752
36 2.033354 1.000773 -1.100771 -0.035452 1.947899 -1.725979
37 6.811801 0.000000 0.000000 0.765408 0.675743 -0.729351
38 12.394103 0.000000 0.000000 0.000000 0.000000 -1.834726
39 9.334718 0.000000 0.000000 -0.654163 -0.374869 -0.006143
40 4.610092 -0.109559 1.408022 0.217767 -0.010340 -1.857608
41 1.191885 0.000000 0.000000 0.044560 -0.180938 -0.876601
42 0.945938 0.000000 0.000000 0.155228 -0.190276 -1.393021
43 4.605097 0.076364 0.573335 0.139630 -0.069408 -0.865173
44 1.430257 0.000000 0.000000 0.049426 -0.072767 -1.413300
45 1.155767 0.000000 0.000000 0.018371 -0.045481 -0.841346
46 4.454831 -0.076364 -0.573335 0.047705 -0.153456 -0.767483
47 1.426188 0.000000 0.000000 -0.053883 0.078891 -1.553286
48 1.324319 0.000000 0.000000 -0.013612 0.036969 -0.732283
49 4.479149 -0.041050 -1.583407 -0.332628 0.218366 0.154976
50 1.341885 0.000000 0.000000 -0.042634 0.220746 -0.851609
51 1.225945 0.000000 0.000000 0.008155 -0.000000 0.000001
52 2.631822 -0.362328 -1.905043 0.415059 0.423435 -0.720789
53 1.058428 0.000000 0.000000 0.015106 0.038913 0.767157
54 0.778706 0.000000 0.000000 0.004785 0.022541 0.418310
55 4.041916 5.169765 -8.467939 0.157952 0.032321 0.098572
56 -0.044717 2.529041 4.661499 -0.011575 0.297485 0.207300
time 53
1 -6.873398 3.466896 33.248814 1.552973 -0.335253 -1.190245
2 0.000000 0.000000 0.000000 -0.000000 -0.000000 -0.000000
3 3.890452 -0.000007 -0.000003 -2.221959 0.189975 -1.425961
4 17.848179 0.000000 0.000000 0.000000 0.000000 0.578345
5 15.637959 0.000000 0.000000 -9.897983 -3.298719 8.090683
6 7.110240 0.000000 0.000000 6.276066 -0.003133 -0.631765
7 -3.890452 0.000003 0.000008 -1.601744 -0.491668 -1.817556
8 17.848181 0.000000 0.000000 0.000000 0.000000 1.212570
9 15.637958 0.000000 0.000000 -0.298913 -0.267856 -1.575742
10 7.110240 0.000000 0.000000 6.202033 -0.003133 -0.631765
11 0.000005 3.345127 -2.981901 1.910266 0.035352 1.856275
12 4.018332 0.000000 0.000000 0.072684 -0.106368 0.131364
13 3.518567 0.000000 0.000000 -0.063708 0.104539 0.212849
14 8.942634 0.000000 0.000000 -0.296443 0.154888 0.214894
15 3.307272 0.000000 0.000000 3.141591 0.000000 0.400478
16 3.593713 0.000000 0.000000 -1.174155 0.029023 0.595384
17 2.033351 1.000771 1.100821 -0.756093 -1.613444 -0.995089
18 6.811800 0.000000 0.000000 -1.604576 0.419066 -1.372181
19 12.394105 0.000000 0.000000 0.000000 0.000000 -2.138242
20 9.334690 0.000001 -0.000032 -0.137909 -0.501038 0.472636
21 4.610123 -0.122605 -1.406946 -0.513267 0.072291 -1.288224
22 1.191884 0.000000 0.000000 -0.163027 0.224047 -1.466962
23 0.945939 0.000000 0.000000 -0.068871 0.147979 -0.913117
24 4.605128 0.071046 -0.574018 -0.157261 0.007109 -0.685616
25 1.430263 0.000000 0.000000 -0.068563 0.062695 -1.808644
26 1.155766 0.000000 0.000000 -0.005433 0.026725 -0.524005
27 4.454865 -0.071046 0.574018 0.095492 -0.008588 -0.706366
28 1.426183 0.000000 0.000000 0.055915 -0.087980 -1.504213
29 1.324319 0.000000 0.000000 0.009317 -0.033630 -0.575091
30 4.479185 -0.026371 1.583719 0.481659 -0.035384 -1.246107
31 1.341888 0.000000 0.000000 0.023475 -0.208313 -0.755745
32 1.225941 0.000000 0.000000 0.026045 -0.124622 -0.538683
33 2.631852 -0.344645 1.908319 -0.354021 -0.915169 -1.788213
34 1.058429 0.000000 0.000000 -0.001069 -0.012855 0.251002
35 0.778706 0.000000 0.000000 -0.000101 -0.003217 0.062752
36 2.033354 1.000773 -1.100771 -0.035453 1.947898 -1.725979
37 6.811801 0.000000 0.000000 0.766811 0.672230 -0.727735
38 12.394103 0.000000 0.000000 0.000000 0.000000 -1.834726
39 9.334718 0.000000 0.000000 -0.656291 -0.374824 -0.006137
40 4.610092 -0.109559 1.408022 0.217767 -0.010340 -1.857608
41 1.191885 0.000000 0.000000 0.044560 -0.180938 -0.876601
42 0.945938 0.000000 0.000000 0.155228 -0.190276 -1.393021
43 4.605097 0.076364 0.573335 0.139630 -0.069408 -0.865173
44 1.430257 0.000000 0.000000 0.049426 -0.072767 -1.413300
45 1.155767 0.000000 0.000000 0.018371 -0.045481 -0.841346
46 4.454831 -0.076364 -0.573335 0.047705 -0.153456 -0.767483
47 1.426188 0.000000 0.000000 -0.053883 0.078891 -1.553286
48 1.324319 0.000000 0.000000 -0.013612 0.036969 -0.732282
49 4.479149 -0.041050 -1.583407 -0.332628 0.218366 0.154976
50 1.341885 0.000000 0.000000 -0.042633 0.220746 -0.851609
51 1.225945 0.000000 0.000000 0.008155 -0.000000 0.000001
52 2.631822 -0.362328 -1.905043 0.415059 0.423435 -0.720789
53 1.058428 0.000000 0.000000 0.015106 0.038913 0.767157
54 0.778706 0.000000 0.000000 0.004785 0.022541 0.418310
55 4.041916 5.169765 -8.467939 0.158049 0.032313 0.098791
56 -0.044717 2.529041 4.661499 -0.011540 0.297471 0.207324
time 54
1 -6.864978 3.467780 33.261696 1.552117 -0.334042 -1.187736
2 0.000000 0.000000 0.000000 -0.000000 -0.000000 -0.000000
3 3.890452 -0.000007 -0.000003 -2.221323 0.189315 -1.424366
4 17.848179 0.000000 0.000000 0.000000 0.000000 0.578431
5 15.637959 0.000000 0.000000 -9.896516 -3.299766 8.091083
6 7.110240 0.000000 0.000000 6.276066 -0.003133 -0.631765
7 -3.890452 0.000003 0.000008 -1.601571 -0.490111 -1.816495
8 17.848181 0.000000 0.000000 0.000000 0.000000 1.210610
9 15.637958 0.000000 0.000000 -0.297434 -0.266218 -1.575085
10 7.110240 0.000000 0.000000 6.202033 -0.003133 -0.631765
11 0.000005 3.345127 -2.981901 1.910266 0.035351 1.856275
12 4.018332 0.000000 0.000000 0.072683 -0.106219 0.131375
13 3.518567 0.000000 0.000000 -0.063335 0.104902 0.212838
14 8.942634 0.000000 0.000000 -0.295056 0.154627 0.214971
15 3.307272 0.000000 0.000000 3.141590 0.000000 0.400478
16 3.593713 0.000000 0.000000 -1.170822 0.028680 0.596272
17 2.033351 1.000771 1.100821 -0.756093 -1.613444 -0.995089
18 6.811800 0.000000 0.000000 -1.601830 0.415891 -1.373070
19 12.394105 0.000000 0.000000 0.000000 0.000000 -2.133336
20 9.334690 0.000001 -0.000032 -0.136305 -0.501016 0.468677
21 4.610123 -0.122605 -1.406946 -0.513267 0.072291 -1.288224
22 1.191884 0.000000 0.000000 -0.163027 0.224047 -1.466962
23 0.945939 0.000000 0.000000 -0.068871 0.147979 -0.913117
24 4.605128 0.071046 -0.574018 -0.157261 0.007109 -0.685616
25 1.430263 0.000000 0.000000 -0.068563 0.062695 -1.808644
26 1.155766 0.000000 0.000000 -0.005433 0.026725 -0.524005
27 4.454865 -0.071046 0.574018 0.095492 -0.008588 -0.706366
28 1.426183 0.000000 0.000000 0.055916 -0.087980 -1.504213
29 1.324319 0.000000 0.000000 0.009317 -0.033630 -0.575091
30 4.479185 -0.026371 1.583719 0.481659 -0.035384 -1.246107
31 1.341888 0.000000 0.000000 0.023475 -0.208313 -0.755745
32 1.225941 0.000000 0.000000 0.026045 -0.124622 -0.538683
33 2.631852 -0.344645 1.908319 -0.354021 -0.915168 -1.788213
34 1.058429 0.000000 0.000000 -0.001069 -0.012855 0.251002
35 0.778706 0.000000 0.000000 -0.000101 -0.003217 0.062752
36 2.033354 1.000773 -1.100771 -0.035452 1.947898 -1.725979
37 6.811801 0.000000 0.000000 0.768599 0.667842 -0.726090
38 12.394103 0.000000 0.000000 0.000000 0.000000 -1.834726
39 9.334718 0.000000 0.000000 -0.658944 -0.374769 -0.006131
40 4.610092 -0.109559 1.408022 0.217767 -0.010340 -1.857607
41 1.191885 0.000000 0.000000 0.044560 -0.180938 -0.876601
42 0.945938 0.000000 0.000000 0.155228 -0.190276 -1.393021
43 4.605097 0.076364 0.573335 0.139630 -0.069408 -0.865173
44 1.430257 0.000000 0.000000 0.049426 -0.072767 -1.413300
45 1.155767 0.000000 0.000000 0.018371 -0.045481 -0.841346
46 4.454831 -0.076364 -0.573335 0.047705 -0.153456 -0.767483
47 1.426188 0.000000 0.000000 -0.053883 0.078891 -1.553286
48 1.324319 0.000000 0.000000 -0.013612 0.036969 -0.732283
49 4.479149 -0.041050 -1.583407 -0.332628 0.218366 0.154976
50 1.341885 0.000000 0.000000 -0.042634 0.220746 -0.851609
51 1.225945 0.000000 0.000000 0.008155 -0.000000 0.000001
52 2.631822 -0.362328 -1.905043 0.415059 0.423435 -0.720789
53 1.058428 0.000000 0.000000 0.015106 0.038913 0.767157
54 0.778706 0.000000 0.000000 0.004785 0.022541 0.418310
55 4.041916 5.169765 -8.467939 0.158110 0.032308 0.098929
56 -0.044717 2.529041 4.661499 -0.011504 0.297457 0.207348
time 55
1 -6.850817 3.468625 33.278904 1.551043 -0.332400 -1.184884
2 0.000000 0.000000 0.000000 -0.000000 -0.000000 -0.000000
3 3.890452 -0.000007 -0.000003 -2.220516 0.188506 -1.422325
4 17.848179 0.000000 0.000000 0.000000 0.000000 0.578604
5 15.637959 0.000000 0.000000 -9.894813 -3.300820 8.091575
6 7.110240 0.000000 0.000000 6.276066 -0.003133 -0.631765
7 -3.890452 0.000003 0.000008 -1.601313 -0.488237 -1.815091
8 17.848181 0.000000 0.000000 0.000000 0.000000 1.208052
9 15.637958 0.000000 0.000000 -0.295774 -0.264433 -1.574005
10 7.110240 0.000000 0.000000 6.202033 -0.003133 -0.631765
11 0.000005 3.345127 -2.981901 1.910266 0.035352 1.856275
12 4.018332 0.000000 0.000000 0.072683 -0.106167 0.131379
13 3.518567 0.000000 0.000000 -0.062698 0.105130 0.212838
14 8.942634 0.000000 0.000000 -0.293507 0.154336 0.215056
15 3.307272 0.000000 0.000000 3.141591 -0.000000 0.400478
16 3.593713 0.000000 0.000000 -1.166951 0.028439 0.596714
17 2.033351 1.000771 1.100821 -0.756095 -1.613444 -0.995086
18 6.811800 0.000000 0.000000 -1.598481 0.411837 -1.373743
19 12.394105 0.000000 0.000000 0.000000 0.000000 -2.127860
20 9.334690 0.000001 -0.000032 -0.134455 -0.500980 0.464740
21 4.610123 -0.122605 -1.406946 -0.513267 0.072291 -1.288225
22 1.191884 0.000000 0.000000 -0.163028 0.224047 -1.466962
23 0.945939 0.000000 0.000000 -0.068871 0.147979 -0.913117
24 4.605128 0.071046 -0.574018 -0.157261 0.007109 -0.685616
25 1.430263 0.000000 0.000000 -0.068563 0.062695 -1.808644
26 1.155766 0.000000 0.000000 -0.005433 0.026725 -0.524005
27 4.454865 -0.071046 0.574018 0.095492 -0.008588 -0.706366
28 1.426183 0.000000 0.000000 0.055915 -0.087980 -1.504213
29 1.324319 0.000000 0.000000 0.009317 -0.033630 -0.575091
30 4.479185 -0.026371 1.583719 0.481659 -0.035384 -1.246107
31 1.341888 0.000000 0.000000 0.023475 -0.208312 -0.755745
32 1.225941 0.000000 0.000000 0.026045 -0.124622 -0.538683
33 2.631852 -0.344645 1.908319 -0.354021 -0.915169 -1.788213
34 1.058429 0.000000 0.000000 -0.001069 -0.012855 0.251002
35 0.778706 0.000000 0.000000 -0.000101 -0.003217 0.062752
36 2.033354 1.000773 -1.100771 -0.035453 1.947899 -1.725979
37 6.811801 0.000000 0.000000 0.770754 0.662610 -0.724462
38 12.394103 0.000000 0.000000 0.000000 0.000000 -1.834726
39 9.334718 0.000000 0.000000 -0.662103 -0.374702 -0.006124
40 4.610092 -0.109559 1.408022 0.217767 -0.010340 -1.857608
41 1.191885 0.000000 0.000000 0.044560 -0.180938 -0.876601
42 0.945938 0.000000 0.000000 0.155228 -0.190276 -1.393021
43 4.605097 0.076364 0.573335 0.139630 -0.069408 -0.865173
44 1.430257 0.000000 0.000000 0.049426 -0.072767 -1.413300
45 1.155767 0.000000 0.000000 0.018371 -0.045481 -0.841346
46 4.454831 -0.076364 -0.573335 0.047705 -0.153456 -0.767483
47 1.426188 0.000000 0.000000 -0.053883 0.078891 -1.553286
48 1.324319 0.000000 0.000000 -0.013612 0.036969 -0.732283
49 4.479149 -0.041050 -1.583407 -0.332628 0.218366 0.154976
50 1.341885 0.000000 0.000000 -0.042634 0.220746 -0.851609
51 1.225945 0.000000 0.000000 0.008155 -0.000001 0.000001
52 2.631822 -0.362328 -1.905043 0.415059 0.423435 -0.720789
53 1.058428 0.000000 0.000000 0.015106 0.038913 0.767157
54 0.778706 0.000000 0.000000 0.004785 0.022541 0.418310
55 4.041916 5.169765 -8.467939 0.158132 0.032307 0.098977
56 -0.044717 2.529041 4.661499 -0.011468 0.297443 0.207372
time 56
1 -6.830782 3.469424 33.300476 1.549755 -0.330321 -1.181720
2 0.000000 0.000000 0.000000 -0.000000 -0.000000 -0.000000
3 3.890452 -0.000007 -0.000003 -2.219542 0.187560 -1.419844
4 17.848179 0.000000 0.000000 0.000000 0.000000 0.578853
5 15.637959 0.000000 0.000000 -9.892889 -3.301861 8.092162
6 7.110240 0.000000 0.000000 6.276066 -0.003133 -0.631765
7 -3.890452 0.000003 0.000008 -1.600968 -0.486050 -1.813339
8 17.848181 0.000000 0.000000 0.000000 0.000000 1.204889
9 15.637958 0.000000 0.000000 -0.293952 -0.262525 -1.572486
10 7.110240 0.000000 0.000000 6.202033 -0.003133 -0.631765
11 0.000005 3.345127 -2.981901 1.910267 0.035352 1.856275
12 4.018332 0.000000 0.000000 0.072683 -0.106223 0.131375
13 3.518567 0.000000 0.000000 -0.061785 0.105204 0.212849
14 8.942634 0.000000 0.000000 -0.291816 0.154018 0.215149
15 3.307272 0.000000 0.000000 3.141591 -0.000000 0.400478
16 3.593713 0.000000 0.000000 -1.162574 0.028316 0.596659
17 2.033351 1.000771 1.100821 -0.756096 -1.613444 -0.995086
18 6.811800 0.000000 0.000000 -1.594552 0.406944 -1.374170
19 12.394105 0.000000 0.000000 0.000000 0.000000 -2.121879
20 9.334690 0.000001 -0.000032 -0.132391 -0.500923 0.460888
21 4.610123 -0.122605 -1.406946 -0.513267 0.072291 -1.288224
22 1.191884 0.000000 0.000000 -0.163028 0.224047 -1.466962
23 0.945939 0.000000 0.000000 -0.068871 0.147979 -0.913117
24 4.605128 0.071046 -0.574018 -0.157261 0.007109 -0.685616
25 1.430263 0.000000 0.000000 -0.068563 0.062695 -1.808644
26 1.155766 0.000000 0.000000 -0.005433 0.026725 -0.524005
27 4.454865 -0.071046 0.574018 0.095492 -0.008588 -0.706366
28 1.426183 0.000000 0.000000 0.055915 -0.087980 -1.504212
29 1.324319 0.000000 0.000000 0.009317 -0.033630 -0.575091
30 4.479185 -0.026371 1.583719 0.481659 -0.035384 -1.246107
31 1.341888 0.000000 0.000000 0.023475 -0.208313 -0.755745
32 1.225941 0.000000 0.000000 0.026045 -0.124622 -0.538683
33 2.631852 -0.344645 1.908319 -0.354021 -0.915168 -1.788213
34 1.058429 0.000000 0.000000 -0.001069 -0.012855 0.251002
35 0.778706 0.000000 0.000000 -0.000101 -0.003217 0.062752
36 2.033354 1.000773 -1.100771 -0.035453 1.947899 -1.725979
37 6.811801 0.000000 0.000000 0.773261 0.656564 -0.722898
38 12.394103 0.000000 0.000000 0.000000 0.000000 -1.834726
39 9.334718 0.000000 0.000000 -0.665748 -0.374625 -0.006116
40 4.610092 -0.109559 1.408022 0.217767 -0.010340 -1.857608
41 1.191885 0.000000 0.000000 0.044560 -0.180938 -0.876601
42 0.945938 0.000000 0.000000 0.155228 -0.190276 -1.393021
43 4.605097 0.076364 0.573335 0.139630 -0.069408 -0.865173
44 1.430257 0.000000 0.000000 0.049426 -0.072767 -1.413300
45 1.155767 0.000000 0.000000 0.018371 -0.045481 -0.841346
46 4.454831 -0.076364 -0.573335 0.047705 -0.153456 -0.767483
47 1.426188 0.000000 0.000000 -0.053883 0.078891 -1.553286
48 1.324319 0.000000 0.000000 -0.013612 0.036969 -0.732283
49 4.479149 -0.041050 -1.583407 -0.332628 0.218366 0.154976
50 1.341885 0.000000 0.000000 -0.042634 0.220746 -0.851609
51 1.225945 0.000000 0.000000 0.008155 -0.000000 0.000001
52 2.631822 -0.362328 -1.905043 0.415059 0.423435 -0.720789
53 1.058428 0.000000 0.000000 0.015106 0.038913 0.767157
54 0.778706 0.000000 0.000000 0.004785 0.022541 0.418310
55 4.041916 5.169765 -8.467939 0.158109 0.032309 0.098926
56 -0.044717 2.529041 4.661499 -0.011432 0.297428 0.207396
time 57
1 -6.804740 3.470169 33.326454 1.548259 -0.327797 -1.178275
2 0.000000 0.000000 0.000000 -0.000000 -0.000000 -0.000000
3 3.890452 -0.000007 -0.000003 -2.218402 0.186487 -1.416925
4 17.848179 0.000000 0.000000 0.000000 0.000000 0.579165
5 15.637959 0.000000 0.000000 -9.890760 -3.302869 8.092849
6 7.110240 0.000000 0.000000 6.276066 -0.003133 -0.631765
7 -3.890452 0.000003 0.000008 -1.600532 -0.483553 -1.811235
8 17.848181 0.000000 0.000000 0.000000 0.000000 1.201110
9 15.637958 0.000000 0.000000 -0.291988 -0.260518 -1.570513
10 7.110240 0.000000 0.000000 6.202033 -0.003133 -0.631765
11 0.000005 3.345127 -2.981901 1.910266 0.035352 1.856275
12 4.018332 0.000000 0.000000 0.072685 -0.106397 0.131362
13 3.518567 0.000000 0.000000 -0.060584 0.105106 0.212873
14 8.942634 0.000000 0.000000 -0.290001 0.153676 0.215247
15 3.307272 0.000000 0.000000 3.141590 0.000000 0.400478
16 3.593713 0.000000 0.000000 -1.157724 0.028327 0.596057
17 2.033351 1.000771 1.100821 -0.756094 -1.613444 -0.995088
18 6.811800 0.000000 0.000000 -1.590068 0.401248 -1.374320
19 12.394105 0.000000 0.000000 0.000000 0.000000 -2.115457
20 9.334690 0.000001 -0.000032 -0.130142 -0.500834 0.457182
21 4.610123 -0.122605 -1.406946 -0.513267 0.072291 -1.288225
22 1.191884 0.000000 0.000000 -0.163027 0.224047 -1.466962
23 0.945939 0.000000 0.000000 -0.068871 0.147979 -0.913117
24 4.605128 0.071046 -0.574018 -0.157261 0.007109 -0.685616
25 1.430263 0.000000 0.000000 -0.068563 0.062695 -1.808644
26 1.155766 0.000000 0.000000 -0.005433 0.026725 -0.524005
27 4.454865 -0.071046 0.574018 0.095492 -0.008588 -0.706366
28 1.426183 0.000000 0.000000 0.055915 -0.087980 -1.504213
29 1.324319 0.000000 0.000000 0.009317 -0.033630 -0.575091
30 4.479185 -0.026371 1.583719 0.481659 -0.035384 -1.246107
31 1.341888 0.000000 0.000000 0.023475 -0.208313 -0.755745
32 1.225941 0.000000 0.000000 0.026045 -0.124622 -0.538683
33 2.631852 -0.344645 1.908319 -0.354021 -0.915168 -1.788213
34 1.058429 0.000000 0.000000 -0.001069 -0.012855 0.251002
35 0.778706 0.000000 0.000000 -0.000101 -0.003217 0.062752
36 2.033354 1.000773 -1.100771 -0.035452 1.947898 -1.725979
37 6.811801 0.000000 0.000000 0.776101 0.649737 -0.721447
38 12.394103 0.000000 0.000000 0.000000 0.000000 -1.834726
39 9.334718 0.000000 0.000000 -0.669861 -0.374539 -0.006107
40 4.610092 -0.109559 1.408022 0.217767 -0.010340 -1.857608
41 1.191885 0.000000 0.000000 0.044560 -0.180938 -0.876601
42 0.945938 0.000000 0.000000 0.155228 -0.190276 -1.393021
43 4.605097 0.076364 0.573335 0.139630 -0.069408 -0.865173
44 1.430257 0.000000 0.000000 0.049426 -0.072767 -1.413300
45 1.155767 0.000000 0.000000 0.018371 -0.045481 -0.841346
46 4.454831 -0.076364 -0.573335 0.047705 -0.153456 -0.767483
47 1.426188 0.000000 0.000000 -0.053883 0.078891 -1.553286
48 1.324319 0.000000 0.000000 -0.013612 0.036969 -0.732283
49 4.479149 -0.041050 -1.583407 -0.332628 0.218366 0.154976
50 1.341885 0.000000 0.000000 -0.042634 0.220746 -0.851609
51 1.225945 0.000000 0.000000 0.008155 -0.000001 0.000001
52 2.631822 -0.362328 -1.905043 0.415059 0.423435 -0.720789
53 1.058428 0.000000 0.000000 0.015106 0.038913 0.767157
54 0.778706 0.000000 0.000000 0.004785 0.022541 0.418310
55 4.041916 5.169765 -8.467939 0.158037 0.032314 0.098764
56 -0.044717 2.529041 4.661499 -0.011396 0.297414 0.207420
time 58
1 -6.772556 3.470854 33.356895 1.546560 -0.324820 -1.174581
2 0.000000 0.000000 0.000000 -0.000000 -0.000000 -0.000000
3 3.890452 -0.000007 -0.000003 -2.217100 0.185298 -1.413577
4 17.848179 0.000000 0.000000 0.000000 0.000000 0.579526
5 15.637959 0.000000 0.000000 -9.888442 -3.303825 8.093643
6 7.110240 0.000000 0.000000 6.276066 -0.003133 -0.631765
7 -3.890452 0.000003 0.000008 -1.600003 -0.480750 -1.808774
8 17.848181 0.000000 0.000000 0.000000 0.000000 1.196704
9 15.637958 0.000000 0.000000 -0.289900 -0.258437 -1.568065
10 7.110240 0.000000 0.000000 6.202033 -0.003133 -0.631765
11 0.000005 3.345127 -2.981901 1.910266 0.035352 1.856275
12 4.018332 0.000000 0.000000 0.072687 -0.106701 0.131340
13 3.518567 0.000000 0.000000 -0.059081 0.104816 0.212910
14 8.942634 0.000000 0.000000 -0.288079 0.153314 0.215351
15 3.307272 0.000000 0.000000 3.141590 -0.000000 0.400478
16 3.593713 0.000000 0.000000 -1.152432 0.028488 0.594858
17 2.033351 1.000771 1.100821 -0.756093 -1.613444 -0.995089
18 6.811800 0.000000 0.000000 -1.585057 0.394789 -1.374168
19 12.394105 0.000000 0.000000 0.000000 0.000000 -2.108661
20 9.334690 0.000001 -0.000032 -0.127738 -0.500705 0.453682
21 4.610123 -0.122605 -1.406946 -0.513267 0.072291 -1.288225
22 1.191884 0.000000 0.000000 -0.163027 0.224047 -1.466962
23 0.945939 0.000000 0.000000 -0.068871 0.147979 -0.913117
24 4.605128 0.071046 -0.574018 -0.157261 0.007109 -0.685616
25 1.430263 0.000000 0.000000 -0.068563 0.062695 -1.808644
26 1.155766 0.000000 0.000000 -0.005433 0.026725 -0.524005
27 4.454865 -0.071046 0.574018 0.095492 -0.008588 -0.706366
28 1.426183 0.000000 0.000000 0.055915 -0.087980 -1.504213
29 1.324319 0.000000 0.000000 0.009317 -0.033630 -0.575091
30 4.479185 -0.026371 1.583719 0.481659 -0.035384 -1.246107
31 1.341888 0.000000 0.000000 0.023475 -0.208313 -0.755745
32 1.225941 0.000000 0.000000 0.026045 -0.124622 -0.538683
33 2.631852 -0.344645 1.908319 -0.354021 -0.915168 -1.788213
34 1.058429 0.000000 0.000000 -0.001069 -0.012855 0.251002
35 0.778706 0.000000 0.000000 -0.000101 -0.003217 0.062752
36 2.033354 1.000773 -1.100771 -0.035453 1.947898 -1.725979
37 6.811801 0.000000 0.000000 0.779258 0.642162 -0.720156
38 12.394103 0.000000 0.000000 0.000000 0.000000 -1.834726
39 9.334718 0.000000 0.000000 -0.674420 -0.374443 -0.006097
40 4.610092 -0.109559 1.408022 0.217767 -0.010340 -1.857608
41 1.191885 0.000000 0.000000 0.044560 -0.180938 -0.876601
42 0.945938 0.000000 0.000000 0.155228 -0.190276 -1.393021
43 4.605097 0.076364 0.573335 0.139630 -0.069408 -0.865173
44 1.430257 0.000000 0.000000 0.049426 -0.072767 -1.413300
45 1.155767 0.000000 0.000000 0.018371 -0.045481 -0.841346
46 4.454831 -0.076364 -0.573335 0.047705 -0.153456 -0.767483
47 1.426188 0.000000 0.000000 -0.053883 0.078891 -1.553286
48 1.324319 0.000000 0.000000 -0.013612 0.036969 -0.732283
49 4.479149 -0.041050 -1.583407 -0.332628 0.218366 0.154976
50 1.341885 0.000000 0.000000 -0.042633 0.220746 -0.851609
51 1.225945 0.000000 0.000000 0.008155 -0.000000 0.000001
52 2.631822 -0.362328 -1.905043 0.415059 0.423435 -0.720789
53 1.058428 0.000000 0.000000 0.015106 0.038913 0.767157
54 0.778706 0.000000 0.000000 0.004785 0.022541 0.418310
55 4.041916 5.169765 -8.467939 0.157912 0.032324 0.098482
56 -0.044717 2.529041 4.661499 -0.011359 0.297399 0.207443
time 59
1 -6.734097 3.471470 33.391819 1.544664 -0.321383 -1.170671
2 0.000000 0.000000 0.000000 -0.000000 -0.000000 -0.000000
3 3.890452 -0.000007 -0.000003 -2.215639 0.184005 -1.409802
4 17.848179 0.000000 0.000000 0.000000 0.000000 0.579922
5 15.637959 0.000000 0.000000 -9.885950 -3.304711 8.094549
6 7.110240 0.000000 0.000000 6.276066 -0.003133 -0.631765
7 -3.890452 0.000003 0.000008 -1.599377 -0.477642 -1.805951
8 17.848181 0.000000 0.000000 0.000000 0.000000 1.191660
9 15.637958 0.000000 0.000000 -0.287707 -0.256306 -1.565128
10 7.110240 0.000000 0.000000 6.202033 -0.003133 -0.631765
11 0.000005 3.345127 -2.981901 1.910266 0.035352 1.856275
12 4.018332 0.000000 0.000000 0.072691 -0.107146 0.131308
13 3.518567 0.000000 0.000000 -0.057266 0.104316 0.212960
14 8.942634 0.000000 0.000000 -0.286070 0.152935 0.215459
15 3.307272 0.000000 0.000000 3.141591 -0.000000 0.400478
16 3.593713 0.000000 0.000000 -1.146729 0.028816 0.593013
17 2.033351 1.000771 1.100821 -0.756095 -1.613444 -0.995086
18 6.811800 0.000000 0.000000 -1.579548 0.387607 -1.373690
19 12.394105 0.000000 0.000000 0.000000 0.000000 -2.101552
20 9.334690 0.000001 -0.000032 -0.125210 -0.500525 0.450442
21 4.610123 -0.122605 -1.406946 -0.513267 0.072291 -1.288225
22 1.191884 0.000000 0.000000 -0.163028 0.224047 -1.466962
23 0.945939 0.000000 0.000000 -0.068871 0.147979 -0.913117
24 4.605128 0.071046 -0.574018 -0.157261 0.007109 -0.685616
25 1.430263 0.000000 0.000000 -0.068563 0.062695 -1.808644
26 1.155766 0.000000 0.000000 -0.005433 0.026725 -0.524005
27 4.454865 -0.071046 0.574018 0.095492 -0.008588 -0.706366
28 1.426183 0.000000 0.000000 0.055915 -0.087980 -1.504213
29 1.324319 0.000000 0.000000 0.009317 -0.033630 -0.575091
30 4.479185 -0.026371 1.583719 0.481659 -0.035384 -1.246107
31 1.341888 0.000000 0.000000 0.023475 -0.208313 -0.755745
32 1.225941 0.000000 0.000000 0.026045 -0.124622 -0.538683
33 2.631852 -0.344645 1.908319 -0.354022 -0.915169 -1.788213
34 1.058429 0.000000 0.000000 -0.001069 -0.012855 0.251002
35 0.778706 0.000000 0.000000 -0.000101 -0.003217 0.062752
36 2.033354 1.000773 -1.100771 -0.035453 1.947899 -1.725979
37 6.811801 0.000000 0.000000 0.782714 0.633870 -0.719075
38 12.394103 0.000000 0.000000 0.000000 0.000000 -1.834726
39 9.334718 0.000000 0.000000 -0.679408 -0.374337 -0.006088
40 4.610092 -0.109559 1.408022 0.217767 -0.010340 -1.857608
41 1.191885 0.000000 0.000000 0.044560 -0.180938 -0.876601
42 0.945938 0.000000 0.000000 0.155228 -0.190276 -1.393021
43 4.605097 0.076364 0.573335 0.139630 -0.069408 -0.865173
44 1.430257 0.000000 0.000000 0.049426 -0.072767 -1.413300
45 1.155767 0.000000 0.000000 0.018371 -0.045481 -0.841346
46 4.454831 -0.076364 -0.573335 0.047705 -0.153456 -0.767483
47 1.426188 0.000000 0.000000 -0.053883 0.078891 -1.553286
48 1.324319 0.000000 0.000000 -0.013612 0.036969 -0.732282
49 4.479149 -0.041050 -1.583407 -0.332628 0.218366 0.154976
50 1.341885 0.000000 0.000000 -0.042633 0.220746 -0.851609
51 1.225945 0.000000 0.000000 0.008155 -0.000000 0.000001
52 2.631822 -0.362328 -1.905043 0.415059 0.423435 -0.720789
53 1.058428 0.000000 0.000000 0.015106 0.038913 0.767157
54 0.778706 0.000000 0.000000 0.004785 0.022541 0.418310
55 4.041916 5.169765 -8.467939 0.157729 0.032338 0.098070
56 -0.044717 2.529041 4.661499 -0.011323 0.297384 0.207467
time 60
1 -6.689229 3.472011 33.431259 1.542578 -0.317477 -1.166575
2 0.000000 0.000000 0.000000 -0.000000 -0.000000 -0.000000
3 3.890452 -0.000007 -0.000003 -2.214021 0.182620 -1.405606
4 17.848179 0.000000 0.000000 0.000000 0.000000 0.580336
5 15.637959 0.000000 0.000000 -9.883301 -3.305508 8.095576
6 7.110240 0.000000 0.000000 6.276066 -0.003133 -0.631765
7 -3.890452 0.000003 0.000008 -1.598653 -0.474231 -1.802761
8 17.848181 0.000000 0.000000 0.000000 0.000000 1.185964
9 15.637958 0.000000 0.000000 -0.285428 -0.254147 -1.561683
10 7.110240 0.000000 0.000000 6.202033 -0.003133 -0.631765
11 0.000005 3.345127 -2.981901 1.910266 0.035352 1.856275
12 4.018332 0.000000 0.000000 0.072697 -0.107741 0.131264
13 3.518567 0.000000 0.000000 -0.055126 0.103589 0.213024
14 8.942634 0.000000 0.000000 -0.283991 0.152543 0.215570
15 3.307272 0.000000 0.000000 3.141590 -0.000000 0.400478
16 3.593713 0.000000 0.000000 -1.140646 0.029326 0.590475
17 2.033351 1.000771 1.100821 -0.756093 -1.613444 -0.995089
18 6.811800 0.000000 0.000000 -1.573570 0.379741 -1.372866
19 12.394105 0.000000 0.000000 0.000000 0.000000 -2.094191
20 9.334690 0.000001 -0.000032 -0.122583 -0.500282 0.447515
21 4.610123 -0.122605 -1.406946 -0.513267 0.072291 -1.288224
22 1.191884 0.000000 0.000000 -0.163027 0.224047 -1.466962
23 0.945939 0.000000 0.000000 -0.068871 0.147979 -0.913117
24 4.605128 0.071046 -0.574018 -0.157261 0.007109 -0.685616
25 1.430263 0.000000 0.000000 -0.068563 0.062695 -1.808644
26 1.155766 0.000000 0.000000 -0.005433 0.026725 -0.524005
27 4.454865 -0.071046 0.574018 0.095492 -0.008588 -0.706366
28 1.426183 0.000000 0.000000 0.055915 -0.087980 -1.504213
29 1.324319 0.000000 0.000000 0.009317 -0.033630 -0.575091
30 4.479185 -0.026371 1.583719 0.481659 -0.035384 -1.246107
31 1.341888 0.000000 0.000000 0.023475 -0.208313 -0.755745
32 1.225941 0.000000 0.000000 0.026045 -0.124622 -0.538683
33 2.631852 -0.344645 1.908319 -0.354021 -0.915168 -1.788213
34 1.058429 0.000000 0.000000 -0.001069 -0.012855 0.251002
35 0.778706 0.000000 0.000000 -0.000101 -0.003217 0.062752
36 2.033354 1.000773 -1.100771 -0.035453 1.947898 -1.725979
37 6.811801 0.000000 0.000000 0.786455 0.624896 -0.718251
38 12.394103 0.000000 0.000000 0.000000 0.000000 -1.834726
39 9.334718 0.000000 0.000000 -0.684804 -0.374223 -0.006078
40 4.610092 -0.109559 1.408022 0.217767 -0.010340 -1.857608
41 1.191885 0.000000 0.000000 0.044560 -0.180938 -0.876601
42 0.945938 0.000000 0.000000 0.155228 -0.190276 -1.393021
43 4.605097 0.076364 0.573335 0.139630 -0.069408 -0.865173
44 1.430257 0.000000 0.000000 0.049426 -0.072767 -1.413300
45 1.155767 0.000000 0.000000 0.018371 -0.045481 -0.841346
46 4.454831 -0.076364 -0.573335 0.047705 -0.153456 -0.767483
47 1.426188 0.000000 0.000000 -0.053883 0.078891 -1.553286
48 1.324319 0.000000 0.000000 -0.013612 0.036969 -0.732283
49 4.479149 -0.041050 -1.583407 -0.332628 0.218366 0.154976
50 1.341885 0.000000 0.000000 -0.042634 0.220746 -0.851609
51 1.225945 0.000000 0.000000 0.008155 -0.000000 0.000001
52 2.631822 -0.362328 -1.905043 0.415059 0.423435 -0.720789
53 1.058428 0.000000 0.000000 0.015106 0.038913 0.767157
54 0.778706 0.000000 0.000000 0.004785 0.022541 0.418310
55 4.041916 5.169765 -8.467939 0.157485 0.032357 0.097518
56 -0.044717 2.529041 4.661499 -0.011286 0.297369 0.207489
time 61
1 -6.637819 3.472469 33.475235 1.540308 -0.313095 -1.162328
2 0.000000 0.000000 0.000000 -0.000000 -0.000000 -0.000000
3 3.890452 -0.000007 -0.000003 -2.212252 0.181156 -1.400995
4 17.848179 0.000000 0.000000 0.000000 0.000000 0.580751
5 15.637959 0.000000 0.000000 -9.880509 -3.306199 8.096729
6 7.110240 0.000000 0.000000 6.276066 -0.003133 -0.631765
7 -3.890452 0.000003 0.000008 -1.597827 -0.470517 -1.799200
8 17.848181 0.000000 0.000000 0.000000 0.000000 1.179601
9 15.637958 0.000000 0.000000 -0.283079 -0.251986 -1.557713
10 7.110240 0.000000 0.000000 6.202033 -0.003133 -0.631765
11 0.000005 3.345127 -2.981901 1.910266 0.035352 1.856275
12 4.018332 0.000000 0.000000 0.072704 -0.108499 0.131209
13 3.518567 0.000000 0.000000 -0.052650 0.102614 0.213101
14 8.942634 0.000000 0.000000 -0.281861 0.152140 0.215682
15 3.307272 0.000000 0.000000 3.141591 -0.000000 0.400478
16 3.593713 0.000000 0.000000 -1.134213 0.030035 0.587199
17 2.033351 1.000771 1.100821 -0.756094 -1.613444 -0.995088
18 6.811800 0.000000 0.000000 -1.567158 0.371230 -1.371676
19 12.394105 0.000000 0.000000 0.000000 0.000000 -2.086642
20 9.334690 0.000001 -0.000032 -0.119885 -0.499963 0.444956
21 4.610123 -0.122605 -1.406946 -0.513267 0.072291 -1.288225
22 1.191884 0.000000 0.000000 -0.163028 0.224047 -1.466962
23 0.945939 0.000000 0.000000 -0.068871 0.147979 -0.913117
24 4.605128 0.071046 -0.574018 -0.157261 0.007109 -0.685616
25 1.430263 0.000000 0.000000 -0.068563 0.062695 -1.808644
26 1.155766 0.000000 0.000000 -0.005433 0.026725 -0.524005
27 4.454865 -0.071046 0.574018 0.095492 -0.008588 -0.706366
28 1.426183 0.000000 0.000000 0.055915 -0.087980 -1.504213
29 1.324319 0.000000 0.000000 0.009317 -0.033630 -0.575091
30 4.479185 -0.026371 1.583719 0.481659 -0.035384 -1.246107
31 1.341888 0.000000 0.000000 0.023475 -0.208312 -0.755745
32 1.225941 0.000000 0.000000 0.026045 -0.124622 -0.538683
33 2.631852 -0.344645 1.908319 -0.354021 -0.915168 -1.788213
34 1.058429 0.000000 0.000000 -0.001069 -0.012855 0.251002
35 0.778706 0.000000 0.000000 -0.000101 -0.003217 0.062752
36 2.033354 1.000773 -1.100771 -0.035452 1.947899 -1.725979
37 6.811801 0.000000 0.000000 0.790466 0.615275 -0.717733
38 12.394103 0.000000 0.000000 0.000000 0.000000 -1.834726
39 9.334718 0.000000 0.000000 -0.690588 -0.374101 -0.006068
40 4.610092 -0.109559 1.408022 0.217767 -0.010340 -1.857608
41 1.191885 0.000000 0.000000 0.044560 -0.180938 -0.876601
42 0.945938 0.000000 0.000000 0.155228 -0.190276 -1.393021
43 4.605097 0.076364 0.573335 0.139630 -0.069408 -0.865173
44 1.430257 0.000000 0.000000 0.049426 -0.072767 -1.413300
45 1.155767 0.000000 0.000000 0.018371 -0.045481 -0.841346
46 4.454831 -0.076364 -0.573335 0.047705 -0.153456 -0.767483
47 1.426188 0.000000 0.000000 -0.053883 0.078891 -1.553286
48 1.324319 0.000000 0.000000 -0.013612 0.036969 -0.732283
49 4.479149 -0.041050 -1.583407 -0.332628 0.218366 0.154976
50 1.341885 0.000000 0.000000 -0.042633 0.220746 -0.851609
51 1.225945 0.000000 0.000000 0.008155 -0.000000 0.000001
52 2.631822 -0.362328 -1.905043 0.415059 0.423435 -0.720789
53 1.058428 0.000000 0.000000 0.015106 0.038913 0.767157
54 0.778706 0.000000 0.000000 0.004785 0.022541 0.418310
55 4.041916 5.169765 -8.467939 0.157173 0.032380 0.096815
56 -0.044717 2.529041 4.661499 -0.011249 0.297354 0.207512
time 62
1 -6.579732 3.472838 33.523777 1.537861 -0.308229 -1.157962
2 0.000000 0.000000 0.000000 -0.000000 -0.000000 -0.000000
3 3.890452 -0.000007 -0.000003 -2.210333 0.179627 -1.395976
4 17.848179 0.000000 0.000000 0.000000 0.000000 0.581144
5 15.637959 0.000000 0.000000 -9.877592 -3.306767 8.098020
6 7.110240 0.000000 0.000000 6.276066 -0.003133 -0.631765
7 -3.890452 0.000003 0.000008 -1.596897 -0.466498 -1.795262
8 17.848181 0.000000 0.000000 0.000000 0.000000 1.172553
9 15.637958 0.000000 0.000000 -0.280679 -0.249845 -1.553199
10 7.110240 0.000000 0.000000 6.202033 -0.003133 -0.631765
11 0.000005 3.345127 -2.981901 1.910266 0.035352 1.856275
12 4.018332 0.000000 0.000000 0.072712 -0.109429 0.131140
13 3.518567 0.000000 0.000000 -0.049825 0.101374 0.213192
14 8.942634 0.000000 0.000000 -0.279697 0.151732 0.215796
15 3.307272 0.000000 0.000000 3.141591 -0.000000 0.400478
16 3.593713 0.000000 0.000000 -1.127459 0.030957 0.583140
17 2.033351 1.000771 1.100821 -0.756096 -1.613444 -0.995086
18 6.811800 0.000000 0.000000 -1.560343 0.362110 -1.370102
19 12.394105 0.000000 0.000000 0.000000 0.000000 -2.078967
20 9.334690 0.000001 -0.000032 -0.117141 -0.499555 0.442816
21 4.610123 -0.122605 -1.406946 -0.513267 0.072291 -1.288224
22 1.191884 0.000000 0.000000 -0.163027 0.224047 -1.466962
23 0.945939 0.000000 0.000000 -0.068871 0.147979 -0.913117
24 4.605128 0.071046 -0.574018 -0.157261 0.007109 -0.685616
25 1.430263 0.000000 0.000000 -0.068563 0.062695 -1.808644
26 1.155766 0.000000 0.000000 -0.005433 0.026725 -0.524005
27 4.454865 -0.071046 0.574018 0.095492 -0.008588 -0.706366
28 1.426183 0.000000 0.000000 0.055916 -0.087980 -1.504213
29 1.324319 0.000000 0.000000 0.009317 -0.033630 -0.575091
30 4.479185 -0.026371 1.583719 0.481659 -0.035384 -1.246107
31 1.341888 0.000000 0.000000 0.023475 -0.208313 -0.755745
32 1.225941 0.000000 0.000000 0.026045 -0.124622 -0.538684
33 2.631852 -0.344645 1.908319 -0.354021 -0.915169 -1.788213
34 1.058429 0.000000 0.000000 -0.001068 -0.012855 0.251002
35 0.778706 0.000000 0.000000 -0.000101 -0.003217 0.062752
36 2.033354 1.000773 -1.100771 -0.035452 1.947899 -1.725978
37 6.811801 0.000000 0.000000 0.794735 0.605041 -0.717567
38 12.394103 0.000000 0.000000 0.000000 0.000000 -1.834726
39 9.334718 0.000000 0.000000 -0.696743 -0.373971 -0.006058
40 4.610092 -0.109559 1.408022 0.217767 -0.010340 -1.857608
41 1.191885 0.000000 0.000000 0.044560 -0.180938 -0.876601
42 0.945938 0.000000 0.000000 0.155228 -0.190276 -1.393021
43 4.605097 0.076364 0.573335 0.139630 -0.069408 -0.865173
44 1.430257 0.000000 0.000000 0.049426 -0.072767 -1.413300
45 1.155767 0.000000 0.000000 0.018371 -0.045481 -0.841346
46 4.454831 -0.076364 -0.573335 0.047705 -0.153456 -0.767483
47 1.426188 0.000000 0.000000 -0.053883 0.078891 -1.553286
48 1.324319 0.000000 0.000000 -0.013612 0.036969 -0.732283
49 4.479149 -0.041050 -1.583407 -0.332628 0.218366 0.154976
50 1.341885 0.000000 0.000000 -0.042634 0.220746 -0.851609
51 1.225945 0.000000 0.000000 0.008155 -0.000000 0.000001
52 2.631822 -0.362328 -1.905043 0.415059 0.423435 -0.720789
53 1.058428 0.000000 0.000000 0.015106 0.038913 0.767157
54 0.778706 0.000000 0.000000 0.004785 0.022541 0.418310
55 4.041916 5.169765 -8.467939 0.156791 0.032409 0.095952
56 -0.044717 2.529041 4.661499 -0.011212 0.297338 0.207533
time 63
1 -6.514836 3.473111 33.576878 1.535242 -0.302872 -1.153509
2 0.000000 0.000000 0.000000 0.000000 -0.000000 -0.000000
3 3.890452 -0.000007 -0.000003 -2.208270 0.178048 -1.390552
4 17.848179 0.000000 0.000000 0.000000 0.000000 0.581500
5 15.637959 0.000000 0.000000 -9.874563 -3.307194 8.099455
6 7.110240 0.000000 0.000000 6.276066 -0.003133 -0.631765
7 -3.890452 0.000003 0.000008 -1.595861 -0.462172 -1.790942
8 17.848181 0.000000 0.000000 0.000000 0.000000 1.164802
9 15.637958 0.000000 0.000000 -0.278244 -0.247748 -1.548123
10 7.110240 0.000000 0.000000 6.202033 -0.003133 -0.631765
11 0.000005 3.345127 -2.981901 1.910266 0.035352 1.856275
12 4.018332 0.000000 0.000000 0.072723 -0.110542 0.131059
13 3.518567 0.000000 0.000000 -0.046638 0.099850 0.213294
14 8.942634 0.000000 0.000000 -0.277518 0.151320 0.215909
15 3.307272 0.000000 0.000000 3.141591 0.000000 0.400478
16 3.593713 0.000000 0.000000 -1.120413 0.032108 0.578253
17 2.033351 1.000771 1.100821 -0.756091 -1.613444 -0.995090
18 6.811800 0.000000 0.000000 -1.553161 0.352419 -1.368127
19 12.394105 0.000000 0.000000 0.000000 0.000000 -2.071227
20 9.334690 0.000001 -0.000032 -0.114375 -0.499044 0.441146
21 4.610123 -0.122605 -1.406946 -0.513267 0.072291 -1.288225
22 1.191884 0.000000 0.000000 -0.163027 0.224047 -1.466962
23 0.945939 0.000000 0.000000 -0.068871 0.147979 -0.913117
24 4.605128 0.071046 -0.574018 -0.157261 0.007109 -0.685616
25 1.430263 0.000000 0.000000 -0.068563 0.062695 -1.808645
26 1.155766 0.000000 0.000000 -0.005433 0.026725 -0.524005
27 4.454865 -0.071046 0.574018 0.095492 -0.008588 -0.706366
28 1.426183 0.000000 0.000000 0.055915 -0.087980 -1.504212
29 1.324319 0.000000 0.000000 0.009317 -0.033630 -0.575091
30 4.479185 -0.026371 1.583719 0.481659 -0.035384 -1.246107
31 1.341888 0.000000 0.000000 0.023475 -0.208313 -0.755746
32 1.225941 0.000000 0.000000 0.026045 -0.124622 -0.538683
33 2.631852 -0.344645 1.908319 -0.354022 -0.915169 -1.788213
34 1.058429 0.000000 0.000000 -0.001068 -0.012855 0.251002
35 0.778706 0.000000 0.000000 -0.000101 -0.003217 0.062752
36 2.033354 1.000773 -1.100771 -0.035453 1.947898 -1.725979
37 6.811801 0.000000 0.000000 0.799247 0.594230 -0.717802
38 12.394103 0.000000 0.000000 0.000000 0.000000 -1.834726
39 9.334718 0.000000 0.000000 -0.703247 -0.373834 -0.006049
40 4.610092 -0.109559 1.408022 0.217767 -0.010340 -1.857607
41 1.191885 0.000000 0.000000 0.044560 -0.180938 -0.876601
42 0.945938 0.000000 0.000000 0.155228 -0.190276 -1.393021
43 4.605097 0.076364 0.573335 0.139630 -0.069408 -0.865173
44 1.430257 0.000000 0.000000 0.049426 -0.072767 -1.413300
45 1.155767 0.000000 0.000000 0.018371 -0.045481 -0.841346
46 4.454831 -0.076364 -0.573335 0.047705 -0.153456 -0.767483
47 1.426188 0.000000 0.000000 -0.053883 0.078891 -1.553286
48 1.324319 0.000000 0.000000 -0.013612 0.036969 -0.732283
49 4.479149 -0.041050 -1.583407 -0.332628 0.218366 0.154976
50 1.341885 0.000000 0.000000 -0.042634 0.220746 -0.851609
51 1.225945 0.000000 0.000000 0.008155 -0.000000 0.000001
52 2.631822 -0.362328 -1.905043 0.415059 0.423435 -0.720789
53 1.058428 0.000000 0.000000 0.015106 0.038913 0.767157
54 0.778706 0.000000 0.000000 0.004785 0.022541 0.418310
55 4.041916 5.169765 -8.467939 0.156332 0.032443 0.094920
56 -0.044717 2.529041 4.661499 -0.011176 0.297323 0.207555
time 64
1 -6.442995 3.473279 33.634537 1.532459 -0.297017 -1.149002
2 0.000000 0.000000 0.000000 -0.000000 -0.000000 -0.000000
3 3.890452 -0.000007 -0.000003 -2.206064 0.176431 -1.384728
4 17.848179 0.000000 0.000000 0.000000 0.000000 0.581796
5 15.637959 0.000000 0.000000 -9.871441 -3.307465 8.101044
6 7.110240 0.000000 0.000000 6.276066 -0.003133 -0.631765
7 -3.890452 0.000003 0.000008 -1.594717 -0.457535 -1.786234
8 17.848181 0.000000 0.000000 0.000000 0.000000 1.156326
9 15.637958 0.000000 0.000000 -0.275792 -0.245717 -1.542465
10 7.110240 0.000000 0.000000 6.202033 -0.003133 -0.631765
11 0.000005 3.345127 -2.981901 1.910266 0.035352 1.856275
12 4.018332 0.000000 0.000000 0.072735 -0.111850 0.130963
13 3.518567 0.000000 0.000000 -0.043080 0.098023 0.213407
14 8.942634 0.000000 0.000000 -0.275342 0.150908 0.216021
15 3.307272 0.000000 0.000000 3.141591 -0.000000 0.400478
16 3.593713 0.000000 0.000000 -1.113101 0.033504 0.572497
17 2.033351 1.000771 1.100821 -0.756093 -1.613444 -0.995088
18 6.811800 0.000000 0.000000 -1.545647 0.342189 -1.365734
19 12.394105 0.000000 0.000000 0.000000 0.000000 -2.063482
20 9.334690 0.000001 -0.000032 -0.111608 -0.498412 0.439995
21 4.610123 -0.122605 -1.406946 -0.513267 0.072291 -1.288224
22 1.191884 0.000000 0.000000 -0.163027 0.224047 -1.466962
23 0.945939 0.000000 0.000000 -0.068871 0.147979 -0.913117
24 4.605128 0.071046 -0.574018 -0.157261 0.007109 -0.685616
25 1.430263 0.000000 0.000000 -0.068563 0.062695 -1.808644
26 1.155766 0.000000 0.000000 -0.005433 0.026725 -0.524005
27 4.454865 -0.071046 0.574018 0.095492 -0.008588 -0.706366
28 1.426183 0.000000 0.000000 0.055915 -0.087980 -1.504213
29 1.324319 0.000000 0.000000 0.009317 -0.033630 -0.575091
30 4.479185 -0.026371 1.583719 0.481659 -0.035384 -1.246107
31 1.341888 0.000000 0.000000 0.023475 -0.208313 -0.755745
32 1.225941 0.000000 0.000000 0.026045 -0.124622 -0.538683
33 2.631852 -0.344645 1.908319 -0.354021 -0.915169 -1.788213
34 1.058429 0.000000 0.000000 -0.001069 -0.012855 0.251002
35 0.778706 0.000000 0.000000 -0.000101 -0.003217 0.062752
36 2.033354 1.000773 -1.100771 -0.035453 1.947898 -1.725979
37 6.811801 0.000000 0.000000 0.803994 0.582880 -0.718483
38 12.394103 0.000000 0.000000 0.000000 0.000000 -1.834726
39 9.334718 0.000000 0.000000 -0.710081 -0.373689 -0.006040
40 4.610092 -0.109559 1.408022 0.217767 -0.010340 -1.857608
41 1.191885 0.000000 0.000000 0.044560 -0.180938 -0.876601
42 0.945938 0.000000 0.000000 0.155228 -0.190276 -1.393021
43 4.605097 0.076364 0.573335 0.139630 -0.069408 -0.865173
44 1.430257 0.000000 0.000000 0.049426 -0.072767 -1.413300
45 1.155767 0.000000 0.000000 0.018371 -0.045481 -0.841346
46 4.454831 -0.076364 -0.573335 0.047705 -0.153456 -0.767483
47 1.426188 0.000000 0.000000 -0.053883 0.078891 -1.553286
48 1.324319 0.000000 0.000000 -0.013612 0.036969 -0.732283
49 4.479149 -0.041050 -1.583407 -0.332628 0.218366 0.154976
50 1.341885 0.000000 0.000000 -0.042633 0.220746 -0.851609
51 1.225945 0.000000 0.000000 0.008155 -0.000000 0.000001
52 2.631822 -0.362328 -1.905043 0.415059 0.423435 -0.720789
53 1.058428 0.000000 0.000000 0.015106 0.038913 0.767157
54 0.778706 0.000000 0.000000 0.004786 0.022541 0.418310
55 4.041916 5.169765 -8.467939 0.155794 0.032482 0.093707
56 -0.044717 2.529041 4.661499 -0.011139 0.297308 0.207576
time 65
1 -6.364078 3.473338 33.696751 1.529517 -0.290655 -1.144477
2 0.000000 0.000000 0.000000 -0.000000 -0.000000 -0.000000
3 3.890452 -0.000007 -0.000003 -2.203722 0.174796 -1.378511
4 17.848179 0.000000 0.000000 0.000000 0.000000 0.582008
5 15.637959 0.000000 0.000000 -9.868240 -3.307563 8.102795
6 7.110240 0.000000 0.000000 6.276066 -0.003133 -0.631765
7 -3.890452 0.000003 0.000008 -1.593465 -0.452581 -1.781134
8 17.848181 0.000000 0.000000 0.000000 0.000000 1.147103
9 15.637958 0.000000 0.000000 -0.273340 -0.243774 -1.536207
10 7.110240 0.000000 0.000000 6.202033 -0.003133 -0.631765
11 0.000005 3.345127 -2.981901 1.910266 0.035352 1.856275
12 4.018332 0.000000 0.000000 0.072749 -0.113363 0.130852
13 3.518567 0.000000 0.000000 -0.039137 0.095875 0.213528
14 8.942634 0.000000 0.000000 -0.273188 0.150500 0.216131
15 3.307272 0.000000 0.000000 3.141591 -0.000000 0.400478
16 3.593713 0.000000 0.000000 -1.105550 0.035159 0.565830
17 2.033351 1.000771 1.100821 -0.756094 -1.613444 -0.995088
18 6.811800 0.000000 0.000000 -1.537837 0.331454 -1.362909
19 12.394105 0.000000 0.000000 0.000000 0.000000 -2.055795
20 9.334690 0.000001 -0.000032 -0.108861 -0.497646 0.439417
21 4.610123 -0.122605 -1.406946 -0.513267 0.072291 -1.288224
22 1.191884 0.000000 0.000000 -0.163028 0.224047 -1.466962
23 0.945939 0.000000 0.000000 -0.068871 0.147979 -0.913117
24 4.605128 0.071046 -0.574018 -0.157261 0.007109 -0.685616
25 1.430263 0.000000 0.000000 -0.068563 0.062695 -1.808644
26 1.155766 0.000000 0.000000 -0.005433 0.026725 -0.524005
27 4.454865 -0.071046 0.574018 0.095492 -0.008588 -0.706366
28 1.426183 0.000000 0.000000 0.055915 -0.087980 -1.504213
29 1.324319 0.000000 0.000000 0.009317 -0.033630 -0.575091
30 4.479185 -0.026371 1.583719 0.481659 -0.035384 -1.246107
31 1.341888 0.000000 0.000000 0.023475 -0.208312 -0.755745
32 1.225941 0.000000 0.000000 0.026045 -0.124622 -0.538683
33 2.631852 -0.344645 1.908319 -0.354021 -0.915168 -1.788213
34 1.058429 0.000000 0.000000 -0.001069 -0.012855 0.251002
35 0.778706 0.000000 0.000000 -0.000101 -0.003217 0.062752
36 2.033354 1.000773 -1.100771 -0.035453 1.947898 -1.725979
37 6.811801 0.000000 0.000000 0.808966 0.571028 -0.719655
38 12.394103 0.000000 0.000000 0.000000 0.000000 -1.834726
39 9.334718 0.000000 0.000000 -0.717227 -0.373538 -0.006032
40 4.610092 -0.109559 1.408022 0.217767 -0.010340 -1.857608
41 1.191885 0.000000 0.000000 0.044560 -0.180938 -0.876601
42 0.945938 0.000000 0.000000 0.155228 -0.190276 -1.393021
43 4.605097 0.076364 0.573335 0.139630 -0.069408 -0.865173
44 1.430257 0.000000 0.000000 0.049426 -0.072767 -1.413300
45 1.155767 0.000000 0.000000 0.018371 -0.045481 -0.841346
46 4.454831 -0.076364 -0.573335 0.047705 -0.153456 -0.767483
47 1.426188 0.000000 0.000000 -0.053883 0.078891 -1.553286
48 1.324319 0.000000 0.000000 -0.013612 0.036969 -0.732283
49 4.479149 -0.041050 -1.583407 -0.332628 0.218366 0.154976
50 1.341885 0.000000 0.000000 -0.042634 0.220746 -0.851609
51 1.225945 0.000000 0.000000 0.008155 -0.000001 0.000001
52 2.631822 -0.362328 -1.905043 0.415059 0.423435 -0.720789
53 1.058428 0.000000 0.000000 0.015106 0.038913 0.767157
54 0.778706 0.000000 0.000000 0.004785 0.022541 0.418310
55 4.041916 5.169765 -8.467939 0.155172 0.032527 0.092304
56 -0.044717 2.529041 4.661499 -0.011102 0.297292 0.207597
time 66
1 -6.273907 3.473277 33.771416 1.525469 -0.280898 -1.138575
2 0.000000 0.000000 0.000000 -0.000000 -0.000000 -0.000000
3 3.890452 -0.000007 -0.000003 -2.199963 0.172990 -1.368408
4 17.848179 0.000000 0.000000 0.000000 0.000000 0.583023
5 15.637959 0.000000 0.000000 -9.864758 -3.307766 8.104433
6 7.110240 0.000000 0.000000 6.276066 -0.003133 -0.631765
7 -3.890452 0.000003 0.000008 -1.591723 -0.445302 -1.772741
8 17.848181 0.000000 0.000000 0.000000 0.000000 1.134887
9 15.637958 0.000000 0.000000 -0.270424 -0.241037 -1.528362
10 7.110240 0.000000 0.000000 6.202033 -0.003133 -0.631765
11 0.000005 3.345127 -2.981901 1.910266 0.035352 1.856275
12 4.018332 0.000000 0.000000 0.072774 -0.115916 0.130664
13 3.518567 0.000000 0.000000 -0.032866 0.092725 0.213719
14 8.942634 0.000000 0.000000 -0.270349 0.149963 0.216275
15 3.307272 0.000000 0.000000 3.141591 0.000000 0.400478
16 3.593713 0.000000 0.000000 -1.096864 0.037980 0.555349
17 2.033351 1.000771 1.100821 -0.756092 -1.613444 -0.995090
18 6.811800 0.000000 0.000000 -1.527586 0.316329 -1.357033
19 12.394105 0.000000 0.000000 0.000000 0.000000 -2.047962
20 9.334690 0.000001 -0.000032 -0.106668 -0.496044 0.443073
21 4.610123 -0.122605 -1.406946 -0.513267 0.072291 -1.288224
22 1.191884 0.000000 0.000000 -0.163027 0.224047 -1.466962
23 0.945939 0.000000 0.000000 -0.068871 0.147979 -0.913117
24 4.605128 0.071046 -0.574018 -0.157261 0.007109 -0.685616
25 1.430263 0.000000 0.000000 -0.068563 0.062695 -1.808644
26 1.155766 0.000000 0.000000 -0.005433 0.026725 -0.524005
27 4.454865 -0.071046 0.574018 0.095492 -0.008588 -0.706366
28 1.426183 0.000000 0.000000 0.055916 -0.087980 -1.504213
29 1.324319 0.000000 0.000000 0.009317 -0.033630 -0.575091
30 4.479185 -0.026371 1.583719 0.481659 -0.035384 -1.246107
31 1.341888 0.000000 0.000000 0.023475 -0.208313 -0.755745
32 1.225941 0.000000 0.000000 0.026045 -0.124622 -0.538683
33 2.631852 -0.344645 1.908319 -0.354021 -0.915168 -1.788213
34 1.058429 0.000000 0.000000 -0.001069 -0.012855 0.251002
35 0.778706 0.000000 0.000000 -0.000101 -0.003217 0.062752
36 2.033354 1.000773 -1.100771 -0.035453 1.947898 -1.725979
37 6.811801 0.000000 0.000000 0.816248 0.556619 -0.721917
38 12.394103 0.000000 0.000000 0.000000 0.000000 -1.834726
39 9.334718 0.000000 0.000000 -0.725155 -0.373371 -0.006025
40 4.610092 -0.109559 1.408022 0.217767 -0.010340 -1.857608
41 1.191885 0.000000 0.000000 0.044560 -0.180938 -0.876601
42 0.945938 0.000000 0.000000 0.155228 -0.190276 -1.393021
43 4.605097 0.076364 0.573335 0.139630 -0.069408 -0.865173
44 1.430257 0.000000 0.000000 0.049426 -0.072767 -1.413300
45 1.155767 0.000000 0.000000 0.018371 -0.045481 -0.841346
46 4.454831 -0.076364 -0.573335 0.047705 -0.153456 -0.767483
47 1.426188 0.000000 0.000000 -0.053883 0.078891 -1.553286
48 1.324319 0.000000 0.000000 -0.013612 0.036969 -0.732283
49 4.479149 -0.041050 -1.583407 -0.332628 0.218366 0.154976
50 1.341885 0.000000 0.000000 -0.042633 0.220746 -0.851609
51 1.225945 0.000000 0.000000 0.008155 -0.000000 0.000001
52 2.631822 -0.362328 -1.905043 0.415059 0.423435 -0.720789
53 1.058428 0.000000 0.000000 0.015106 0.038913 0.767157
54 0.778706 0.000000 0.000000 0.004785 0.022541 0.418310
55 4.041916 5.169765 -8.467939 0.154122 0.032600 0.089937
56 -0.044717 2.529041 4.661499 -0.011065 0.297277 0.207617
time 67
1 -6.168997 3.473099 33.864285 1.519621 -0.265490 -1.130186
2 0.000000 0.000000 0.000000 -0.000000 -0.000000 -0.000000
3 3.890452 -0.000007 -0.000003 -2.193857 0.170831 -1.351693
4 17.848179 0.000000 0.000000 0.000000 0.000000 0.585480
5 15.637959 0.000000 0.000000 -9.860714 -3.308450 8.105793
6 7.110240 0.000000 0.000000 6.276066 -0.003133 -0.631765
7 -3.890452 0.000003 0.000008 -1.589132 -0.434082 -1.758849
8 17.848181 0.000000 0.000000 0.000000 0.000000 1.117792
9 15.637958 0.000000 0.000000 -0.266601 -0.236771 -1.518120
10 7.110240 0.000000 0.000000 6.202033 -0.003133 -0.631765
11 0.000005 3.345127 -2.981901 1.910266 0.035352 1.856275
12 4.018332 0.000000 0.000000 0.072815 -0.120119 0.130356
13 3.518567 0.000000 0.000000 -0.022800 0.088045 0.213999
14 8.942634 0.000000 0.000000 -0.266218 0.149180 0.216482
15 3.307272 0.000000 0.000000 3.141591 -0.000000 0.400478
16 3.593713 0.000000 0.000000 -1.085959 0.042570 0.538973
17 2.033351 1.000771 1.100821 -0.756096 -1.613444 -0.995085
18 6.811800 0.000000 0.000000 -1.513362 0.293700 -1.346370
19 12.394105 0.000000 0.000000 0.000000 0.000000 -2.039392
20 9.334690 0.000001 -0.000032 -0.105509 -0.492953 0.453345
21 4.610123 -0.122605 -1.406946 -0.513267 0.072291 -1.288225
22 1.191884 0.000000 0.000000 -0.163027 0.224047 -1.466962
23 0.945939 0.000000 0.000000 -0.068871 0.147979 -0.913117
24 4.605128 0.071046 -0.574018 -0.157261 0.007109 -0.685616
25 1.430263 0.000000 0.000000 -0.068563 0.062695 -1.808644
26 1.155766 0.000000 0.000000 -0.005433 0.026725 -0.524005
27 4.454865 -0.071046 0.574018 0.095492 -0.008588 -0.706366
28 1.426183 0.000000 0.000000 0.055915 -0.087980 -1.504213
29 1.324319 0.000000 0.000000 0.009317 -0.033630 -0.575091
30 4.479185 -0.026371 1.583719 0.481659 -0.035384 -1.246107
31 1.341888 0.000000 0.000000 0.023475 -0.208313 -0.755745
32 1.225941 0.000000 0.000000 0.026045 -0.124622 -0.538683
33 2.631852 -0.344645 1.908319 -0.354022 -0.915169 -1.788213
34 1.058429 0.000000 0.000000 -0.001068 -0.012855 0.251002
35 0.778706 0.000000 0.000000 -0.000101 -0.003217 0.062752
36 2.033354 1.000773 -1.100771 -0.035453 1.947898 -1.725979
37 6.811801 0.000000 0.000000 0.827447 0.537995 -0.725820
38 12.394103 0.000000 0.000000 0.000000 0.000000 -1.834726
39 9.334718 0.000000 0.000000 -0.734304 -0.373177 -0.006018
40 4.610092 -0.109559 1.408022 0.217767 -0.010340 -1.857607
41 1.191885 0.000000 0.000000 0.044560 -0.180938 -0.876601
42 0.945938 0.000000 0.000000 0.155228 -0.190276 -1.393021
43 4.605097 0.076364 0.573335 0.139630 -0.069408 -0.865173
44 1.430257 0.000000 0.000000 0.049426 -0.072767 -1.413300
45 1.155767 0.000000 0.000000 0.018371 -0.045481 -0.841346
46 4.454831 -0.076364 -0.573335 0.047705 -0.153456 -0.767483
47 1.426188 0.000000 0.000000 -0.053883 0.078891 -1.553286
48 1.324319 0.000000 0.000000 -0.013612 0.036969 -0.732283
49 4.479149 -0.041050 -1.583407 -0.332628 0.218366 0.154976
50 1.341885 0.000000 0.000000 -0.042633 0.220746 -0.851609
51 1.225945 0.000000 0.000000 0.008155 -0.000000 0.000001
52 2.631822 -0.362328 -1.905043 0.415059 0.423435 -0.720789
53 1.058428 0.000000 0.000000 0.015106 0.038913 0.767157
54 0.778706 0.000000 0.000000 0.004785 0.022541 0.418310
55 4.041916 5.169765 -8.467939 0.152393 0.032716 0.086038
56 -0.044717 2.529041 4.661499 -0.011029 0.297262 0.207637
time 68
1 -6.050251 3.472811 33.972008 1.512369 -0.245372 -1.119717
2 0.000000 0.000000 0.000000 -0.000000 -0.000000 -0.000000
3 3.890452 -0.000007 -0.000003 -2.185945 0.168289 -1.329527
4 17.848179 0.000000 0.000000 0.000000 0.000000 0.588956
5 15.637959 0.000000 0.000000 -9.856004 -3.309761 8.107075
6 7.110240 0.000000 0.000000 6.276066 -0.003133 -0.631765
7 -3.890452 0.000003 0.000008 -1.585699 -0.419502 -1.740494
8 17.848181 0.000000 0.000000 0.000000 0.000000 1.096305
9 15.637958 0.000000 0.000000 -0.261928 -0.231243 -1.505714
10 7.110240 0.000000 0.000000 6.202033 -0.003133 -0.631765
11 0.000005 3.345127 -2.981901 1.910266 0.035352 1.856275
12 4.018332 0.000000 0.000000 0.072872 -0.125651 0.129949
13 3.518567 0.000000 0.000000 -0.009643 0.082044 0.214299
14 8.942634 0.000000 0.000000 -0.260954 0.148180 0.216740
15 3.307272 0.000000 0.000000 3.141591 0.000000 0.400478
16 3.593713 0.000000 0.000000 -1.072552 0.048482 0.517915
17 2.033351 1.000771 1.100821 -0.756093 -1.613444 -0.995089
18 6.811800 0.000000 0.000000 -1.496172 0.264742 -1.332265
19 12.394105 0.000000 0.000000 0.000000 0.000000 -2.029530
20 9.334690 0.000001 -0.000032 -0.105298 -0.488372 0.468302
21 4.610123 -0.122605 -1.406946 -0.513267 0.072291 -1.288224
22 1.191884 0.000000 0.000000 -0.163027 0.224047 -1.466962
23 0.945939 0.000000 0.000000 -0.068871 0.147979 -0.913117
24 4.605128 0.071046 -0.574018 -0.157261 0.007109 -0.685616
25 1.430263 0.000000 0.000000 -0.068563 0.062695 -1.808644
26 1.155766 0.000000 0.000000 -0.005433 0.026725 -0.524005
27 4.454865 -0.071046 0.574018 0.095492 -0.008588 -0.706366
28 1.426183 0.000000 0.000000 0.055915 -0.087980 -1.504213
29 1.324319 0.000000 0.000000 0.009317 -0.033630 -0.575091
30 4.479185 -0.026371 1.583719 0.481659 -0.035384 -1.246107
31 1.341888 0.000000 0.000000 0.023475 -0.208313 -0.755745
32 1.225941 0.000000 0.000000 0.026045 -0.124622 -0.538684
33 2.631852 -0.344645 1.908319 -0.354021 -0.915168 -1.788213
34 1.058429 0.000000 0.000000 -0.001069 -0.012855 0.251002
35 0.778706 0.000000 0.000000 -0.000101 -0.003217 0.062752
36 2.033354 1.000773 -1.100771 -0.035453 1.947898 -1.725979
37 6.811801 0.000000 0.000000 0.841857 0.515809 -0.731340
38 12.394103 0.000000 0.000000 0.000000 0.000000 -1.834726
39 9.334718 0.000000 0.000000 -0.744596 -0.372959 -0.006013
40 4.610092 -0.109559 1.408022 0.217767 -0.010340 -1.857608
41 1.191885 0.000000 0.000000 0.044560 -0.180938 -0.876601
42 0.945938 0.000000 0.000000 0.155228 -0.190276 -1.393021
43 4.605097 0.076364 0.573335 0.139630 -0.069408 -0.865173
44 1.430257 0.000000 0.000000 0.049426 -0.072767 -1.413300
45 1.155767 0.000000 0.000000 0.018371 -0.045481 -0.841346
46 4.454831 -0.076364 -0.573335 0.047705 -0.153456 -0.767483
47 1.426188 0.000000 0.000000 -0.053883 0.078891 -1.553286
48 1.324319 0.000000 0.000000 -0.013612 0.036969 -0.732283
49 4.479149 -0.041050 -1.583407 -0.332628 0.218366 0.154976
50 1.341885 0.000000 0.000000 -0.042634 0.220746 -0.851609
51 1.225945 0.000000 0.000000 0.008155 -0.000000 0.000001
52 2.631822 -0.362328 -1.905043 0.415059 0.423435 -0.720789
53 1.058428 0.000000 0.000000 0.015106 0.038913 0.767157
54 0.778706 0.000000 0.000000 0.004785 0.022541 0.418310
55 4.041916 5.169765 -8.467939 0.150116 0.032857 0.080908
56 -0.044717 2.529041 4.661499 -0.010993 0.297246 0.207655
time 69
1 -5.918571 3.472423 34.091183 1.504103 -0.221485 -1.107566
2 0.000000 0.000000 0.000000 0.000000 -0.000000 -0.000000
3 3.890452 -0.000007 -0.000003 -2.176772 0.165324 -1.303069
4 17.848179 0.000000 0.000000 0.000000 0.000000 0.593038
5 15.637959 0.000000 0.000000 -9.850521 -3.311842 8.108471
6 7.110240 0.000000 0.000000 6.276066 -0.003133 -0.631765
7 -3.890452 0.000003 0.000008 -1.581443 -0.402142 -1.718701
8 17.848181 0.000000 0.000000 0.000000 0.000000 1.070895
9 15.637958 0.000000 0.000000 -0.256457 -0.224717 -1.491365
10 7.110240 0.000000 0.000000 6.202033 -0.003133 -0.631765
11 0.000005 3.345127 -2.981901 1.910266 0.035352 1.856275
12 4.018332 0.000000 0.000000 0.072942 -0.132187 0.129468
13 3.518567 0.000000 0.000000 0.005904 0.074932 0.214552
14 8.942634 0.000000 0.000000 -0.254718 0.146994 0.217040
15 3.307272 0.000000 0.000000 3.141591 0.000000 0.400478
16 3.593713 0.000000 0.000000 -1.056355 0.055299 0.493414
17 2.033351 1.000771 1.100821 -0.756093 -1.613444 -0.995089
18 6.811800 0.000000 0.000000 -1.477005 0.230653 -1.316043
19 12.394105 0.000000 0.000000 0.000000 0.000000 -2.017836
20 9.334690 0.000001 -0.000032 -0.105893 -0.482283 0.485981
21 4.610123 -0.122605 -1.406946 -0.513267 0.072291 -1.288224
22 1.191884 0.000000 0.000000 -0.163028 0.224047 -1.466962
23 0.945939 0.000000 0.000000 -0.068871 0.147979 -0.913117
24 4.605128 0.071046 -0.574018 -0.157261 0.007109 -0.685616
25 1.430263 0.000000 0.000000 -0.068563 0.062695 -1.808644
26 1.155766 0.000000 0.000000 -0.005433 0.026725 -0.524005
27 4.454865 -0.071046 0.574018 0.095492 -0.008588 -0.706366
28 1.426183 0.000000 0.000000 0.055916 -0.087980 -1.504213
29 1.324319 0.000000 0.000000 0.009317 -0.033630 -0.575091
30 4.479185 -0.026371 1.583719 0.481659 -0.035384 -1.246107
31 1.341888 0.000000 0.000000 0.023475 -0.208313 -0.755745
32 1.225941 0.000000 0.000000 0.026045 -0.124622 -0.538684
33 2.631852 -0.344645 1.908319 -0.354021 -0.915168 -1.788213
34 1.058429 0.000000 0.000000 -0.001069 -0.012855 0.251002
35 0.778706 0.000000 0.000000 -0.000101 -0.003217 0.062752
36 2.033354 1.000773 -1.100771 -0.035453 1.947898 -1.725979
37 6.811801 0.000000 0.000000 0.858795 0.490721 -0.738434
38 12.394103 0.000000 0.000000 0.000000 0.000000 -1.834726
39 9.334718 0.000000 0.000000 -0.755958 -0.372718 -0.006010
40 4.610092 -0.109559 1.408022 0.217767 -0.010340 -1.857608
41 1.191885 0.000000 0.000000 0.044560 -0.180938 -0.876601
42 0.945938 0.000000 0.000000 0.155228 -0.190276 -1.393021
43 4.605097 0.076364 0.573335 0.139630 -0.069408 -0.865173
44 1.430257 0.000000 0.000000 0.049426 -0.072767 -1.413300
45 1.155767 0.000000 0.000000 0.018371 -0.045481 -0.841346
46 4.454831 -0.076364 -0.573335 0.047705 -0.153456 -0.767483
47 1.426188 0.000000 0.000000 -0.053883 0.078891 -1.553286
48 1.324319 0.000000 0.000000 -0.013612 0.036969 -0.732282
49 4.479149 -0.041050 -1.583407 -0.332628 0.218366 0.154976
50 1.341885 0.000000 0.000000 -0.042634 0.220746 -0.851609
51 1.225945 0.000000 0.000000 0.008155 -0.000000 0.000001
52 2.631822 -0.362328 -1.905043 0.415059 0.423435 -0.720789
53 1.058428 0.000000 0.000000 0.015106 0.038913 0.767157
54 0.778706 0.000000 0.000000 0.004785 0.022541 0.418310
55 4.041916 5.169765 -8.467939 0.147424 0.033010 0.074844
56 -0.044717 2.529041 4.661499 -0.010957 0.297230 0.207674
time 70
1 -5.774860 3.471938 34.218609 1.495188 -0.194777 -1.094105
2 0.000000 0.000000 0.000000 -0.000000 -0.000000 -0.000000
3 3.890452 -0.000007 -0.000003 -2.166874 0.161899 -1.273481
4 17.848179 0.000000 0.000000 0.000000 0.000000 0.597344
5 15.637959 0.000000 0.000000 -9.844158 -3.314808 8.110157
6 7.110240 0.000000 0.000000 6.276066 -0.003133 -0.631765
7 -3.890452 0.000003 0.000008 -1.576416 -0.382579 -1.694470
8 17.848181 0.000000 0.000000 0.000000 0.000000 1.042044
9 15.637958 0.000000 0.000000 -0.250238 -0.217442 -1.475295
10 7.110240 0.000000 0.000000 6.202033 -0.003133 -0.631765
11 0.000005 3.345127 -2.981901 1.910267 0.035352 1.856275
12 4.018332 0.000000 0.000000 0.073023 -0.139407 0.128935
13 3.518567 0.000000 0.000000 0.023141 0.066921 0.214697
14 8.942634 0.000000 0.000000 -0.247670 0.145652 0.217369
15 3.307272 0.000000 0.000000 3.141590 -0.000000 0.400478
16 3.593713 0.000000 0.000000 -1.037089 0.062668 0.466725
17 2.033351 1.000771 1.100821 -0.756093 -1.613444 -0.995089
18 6.811800 0.000000 0.000000 -1.456735 0.192714 -1.298933
19 12.394105 0.000000 0.000000 0.000000 0.000000 -2.003881
20 9.334690 0.000001 -0.000032 -0.107084 -0.474715 0.504484
21 4.610123 -0.122605 -1.406946 -0.513267 0.072291 -1.288224
22 1.191884 0.000000 0.000000 -0.163028 0.224047 -1.466962
23 0.945939 0.000000 0.000000 -0.068871 0.147979 -0.913117
24 4.605128 0.071046 -0.574018 -0.157260 0.007109 -0.685616
25 1.430263 0.000000 0.000000 -0.068563 0.062695 -1.808644
26 1.155766 0.000000 0.000000 -0.005433 0.026725 -0.524005
27 4.454865 -0.071046 0.574018 0.095492 -0.008588 -0.706366
28 1.426183 0.000000 0.000000 0.055915 -0.087980 -1.504212
29 1.324319 0.000000 0.000000 0.009317 -0.033630 -0.575091
30 4.479185 -0.026371 1.583719 0.481659 -0.035384 -1.246107
31 1.341888 0.000000 0.000000 0.023475 -0.208313 -0.755745
32 1.225941 0.000000 0.000000 0.026045 -0.124622 -0.538683
33 2.631852 -0.344645 1.908319 -0.354021 -0.915168 -1.788213
34 1.058429 0.000000 0.000000 -0.001069 -0.012855 0.251002
35 0.778706 0.000000 0.000000 -0.000101 -0.003217 0.062752
36 2.033354 1.000773 -1.100771 -0.035453 1.947898 -1.725979
37 6.811801 0.000000 0.000000 0.877602 0.463382 -0.747017
38 12.394103 0.000000 0.000000 0.000000 0.000000 -1.834726
39 9.334718 0.000000 0.000000 -0.768315 -0.372457 -0.006010
40 4.610092 -0.109559 1.408022 0.217767 -0.010340 -1.857607
41 1.191885 0.000000 0.000000 0.044560 -0.180938 -0.876601
42 0.945938 0.000000 0.000000 0.155228 -0.190276 -1.393021
43 4.605097 0.076364 0.573335 0.139630 -0.069408 -0.865173
44 1.430257 0.000000 0.000000 0.049426 -0.072767 -1.413300
45 1.155767 0.000000 0.000000 0.018371 -0.045481 -0.841346
46 4.454831 -0.076364 -0.573335 0.047705 -0.153456 -0.767483
47 1.426188 0.000000 0.000000 -0.053883 0.078891 -1.553286
48 1.324319 0.000000 0.000000 -0.013612 0.036969 -0.732283
49 4.479149 -0.041050 -1.583407 -0.332628 0.218366 0.154976
50 1.341885 0.000000 0.000000 -0.042633 0.220746 -0.851609
51 1.225945 0.000000 0.000000 0.008155 -0.000000 0.000001
52 2.631822 -0.362328 -1.905043 0.415059 0.423435 -0.720789
53 1.058428 0.000000 0.000000 0.015106 0.038913 0.767157
54 0.778706 0.000000 0.000000 0.004785 0.022541 0.418310
55 4.041916 5.169765 -8.467939 0.144451 0.033159 0.068147
56 -0.044717 2.529041 4.661499 -0.010921 0.297215 0.207692
time 71
1 -5.620020 3.471364 34.351383 1.485947 -0.166204 -1.079666
2 0.000000 0.000000 0.000000 -0.000000 -0.000000 -0.000000
3 3.890452 -0.000007 -0.000003 -2.156767 0.157988 -1.241929
4 17.848179 0.000000 0.000000 0.000000 0.000000 0.601540
5 15.637959 0.000000 0.000000 -9.836815 -3.318731 8.112278
6 7.110240 0.000000 0.000000 6.276066 -0.003133 -0.631765
7 -3.890452 0.000003 0.000008 -1.570725 -0.361378 -1.668773
8 17.848181 0.000000 0.000000 0.000000 0.000000 1.010265
9 15.637958 0.000000 0.000000 -0.243312 -0.209636 -1.457747
10 7.110240 0.000000 0.000000 6.202033 -0.003133 -0.631765
11 0.000005 3.345127 -2.981901 1.910266 0.035352 1.856275
12 4.018332 0.000000 0.000000 0.073112 -0.146985 0.128374
13 3.518567 0.000000 0.000000 0.041370 0.058226 0.214687
14 8.942634 0.000000 0.000000 -0.239972 0.144183 0.217718
15 3.307272 0.000000 0.000000 3.141590 -0.000000 0.400478
16 3.593713 0.000000 0.000000 -1.014504 0.070313 0.439098
17 2.033351 1.000771 1.100821 -0.756093 -1.613444 -0.995088
18 6.811800 0.000000 0.000000 -1.436071 0.152290 -1.282028
19 12.394105 0.000000 0.000000 0.000000 0.000000 -1.987412
20 9.334690 0.000001 -0.000032 -0.108602 -0.465806 0.522067
21 4.610123 -0.122605 -1.406946 -0.513267 0.072291 -1.288224
22 1.191884 0.000000 0.000000 -0.163027 0.224047 -1.466962
23 0.945939 0.000000 0.000000 -0.068871 0.147979 -0.913117
24 4.605128 0.071046 -0.574018 -0.157261 0.007109 -0.685616
25 1.430263 0.000000 0.000000 -0.068563 0.062695 -1.808644
26 1.155766 0.000000 0.000000 -0.005433 0.026725 -0.524005
27 4.454865 -0.071046 0.574018 0.095492 -0.008588 -0.706366
28 1.426183 0.000000 0.000000 0.055915 -0.087980 -1.504213
29 1.324319 0.000000 0.000000 0.009317 -0.033630 -0.575091
30 4.479185 -0.026371 1.583719 0.481659 -0.035384 -1.246107
31 1.341888 0.000000 0.000000 0.023475 -0.208312 -0.755745
32 1.225941 0.000000 0.000000 0.026045 -0.124622 -0.538683
33 2.631852 -0.344645 1.908319 -0.354021 -0.915168 -1.788213
34 1.058429 0.000000 0.000000 -0.001069 -0.012855 0.251002
35 0.778706 0.000000 0.000000 -0.000101 -0.003217 0.062752
36 2.033354 1.000773 -1.100771 -0.035453 1.947898 -1.725979
37 6.811801 0.000000 0.000000 0.897631 0.434423 -0.756956
38 12.394103 0.000000 0.000000 0.000000 0.000000 -1.834726
39 9.334718 0.000000 0.000000 -0.781591 -0.372176 -0.006014
40 4.610092 -0.109559 1.408022 0.217767 -0.010340 -1.857608
41 1.191885 0.000000 0.000000 0.044560 -0.180938 -0.876601
42 0.945938 0.000000 0.000000 0.155228 -0.190276 -1.393021
43 4.605097 0.076364 0.573335 0.139630 -0.069408 -0.865173
44 1.430257 0.000000 0.000000 0.049426 -0.072767 -1.413300
45 1.155767 0.000000 0.000000 0.018371 -0.045481 -0.841346
46 4.454831 -0.076364 -0.573335 0.047705 -0.153456 -0.767483
47 1.426188 0.000000 0.000000 -0.053883 0.078891 -1.553286
48 1.324319 0.000000 0.000000 -0.013612 0.036969 -0.732283
49 4.479149 -0.041050 -1.583407 -0.332628 0.218366 0.154976
50 1.341885 0.000000 0.000000 -0.042633 0.220746 -0.851609
51 1.225945 0.000000 0.000000 0.008155 -0.000001 0.000001
52 2.631822 -0.362328 -1.905043 0.415059 0.423435 -0.720789
53 1.058428 0.000000 0.000000 0.015106 0.038913 0.767157
54 0.778706 0.000000 0.000000 0.004785 0.022541 0.418310
55 4.041916 5.169765 -8.467939 0.141328 0.033294 0.061116
56 -0.044717 2.529041 4.661499 -0.010885 0.297200 0.207710
time 72
1 -5.454952 3.470711 34.487064 1.476660 -0.136733 -1.064543
2 0.000000 0.000000 0.000000 -0.000000 -0.000000 -0.000000
3 3.890452 -0.000007 -0.000003 -2.146931 0.153585 -1.209588
4 17.848179 0.000000 0.000000 0.000000 0.000000 0.605341
5 15.637959 0.000000 0.000000 -9.828409 -3.323627 8.114953
6 7.110240 0.000000 0.000000 6.276066 -0.003133 -0.631765
7 -3.890452 0.000003 0.000008 -1.564533 -0.339093 -1.642555
8 17.848181 0.000000 0.000000 0.000000 0.000000 0.976116
9 15.637958 0.000000 0.000000 -0.235709 -0.201479 -1.438982
10 7.110240 0.000000 0.000000 6.202033 -0.003133 -0.631765
11 0.000005 3.345127 -2.981901 1.910266 0.035352 1.856275
12 4.018332 0.000000 0.000000 0.073206 -0.154601 0.127810
13 3.518567 0.000000 0.000000 0.059894 0.049064 0.214489
14 8.942634 0.000000 0.000000 -0.231784 0.142617 0.218076
15 3.307272 0.000000 0.000000 3.141590 -0.000000 0.400478
16 3.593713 0.000000 0.000000 -0.988398 0.078027 0.411763
17 2.033351 1.000771 1.100821 -0.756092 -1.613444 -0.995090
18 6.811800 0.000000 0.000000 -1.415536 0.110817 -1.266254
19 12.394105 0.000000 0.000000 0.000000 0.000000 -1.968392
20 9.334690 0.000001 -0.000032 -0.110157 -0.455826 0.537236
21 4.610123 -0.122605 -1.406946 -0.513267 0.072291 -1.288224
22 1.191884 0.000000 0.000000 -0.163028 0.224047 -1.466962
23 0.945939 0.000000 0.000000 -0.068871 0.147979 -0.913117
24 4.605128 0.071046 -0.574018 -0.157261 0.007109 -0.685616
25 1.430263 0.000000 0.000000 -0.068563 0.062695 -1.808644
26 1.155766 0.000000 0.000000 -0.005433 0.026725 -0.524005
27 4.454865 -0.071046 0.574018 0.095492 -0.008588 -0.706366
28 1.426183 0.000000 0.000000 0.055916 -0.087980 -1.504213
29 1.324319 0.000000 0.000000 0.009317 -0.033630 -0.575091
30 4.479185 -0.026371 1.583719 0.481659 -0.035384 -1.246107
31 1.341888 0.000000 0.000000 0.023475 -0.208313 -0.755745
32 1.225941 0.000000 0.000000 0.026045 -0.124622 -0.538683
33 2.631852 -0.344645 1.908319 -0.354021 -0.915168 -1.788213
34 1.058429 0.000000 0.000000 -0.001069 -0.012855 0.251002
35 0.778706 0.000000 0.000000 -0.000101 -0.003217 0.062752
36 2.033354 1.000773 -1.100771 -0.035453 1.947898 -1.725979
37 6.811801 0.000000 0.000000 0.918243 0.404438 -0.768058
38 12.394103 0.000000 0.000000 0.000000 0.000000 -1.834726
39 9.334718 0.000000 0.000000 -0.795712 -0.371876 -0.006022
40 4.610092 -0.109559 1.408022 0.217767 -0.010340 -1.857608
41 1.191885 0.000000 0.000000 0.044560 -0.180938 -0.876601
42 0.945938 0.000000 0.000000 0.155228 -0.190276 -1.393021
43 4.605097 0.076364 0.573335 0.139630 -0.069408 -0.865173
44 1.430257 0.000000 0.000000 0.049426 -0.072767 -1.413300
45 1.155767 0.000000 0.000000 0.018371 -0.045481 -0.841346
46 4.454831 -0.076364 -0.573335 0.047705 -0.153456 -0.767483
47 1.426188 0.000000 0.000000 -0.053883 0.078891 -1.553286
48 1.324319 0.000000 0.000000 -0.013612 0.036969 -0.732283
49 4.479149 -0.041050 -1.583407 -0.332628 0.218366 0.154976
50 1.341885 0.000000 0.000000 -0.042633 0.220746 -0.851609
51 1.225945 0.000000 0.000000 0.008155 -0.000000 0.000001
52 2.631822 -0.362328 -1.905043 0.415059 0.423435 -0.720789
53 1.058428 0.000000 0.000000 0.015106 0.038913 0.767157
54 0.778706 0.000000 0.000000 0.004785 0.022541 0.418310
55 4.041916 5.169765 -8.467939 0.138190 0.033408 0.054051
56 -0.044717 2.529041 4.661499 -0.010850 0.297184 0.207726
time 73
1 -5.280561 3.469984 34.623741 1.467555 -0.107343 -1.048985
2 0.000000 0.000000 0.000000 0.000000 -0.000000 -0.000000
3 3.890452 -0.000007 -0.000003 -2.137797 0.148718 -1.177640
4 17.848179 0.000000 0.000000 0.000000 0.000000 0.608509
5 15.637959 0.000000 0.000000 -9.818879 -3.329448 8.118270
6 7.110240 0.000000 0.000000 6.276066 -0.003133 -0.631765
7 -3.890452 0.000003 0.000008 -1.558062 -0.316267 -1.616742
8 17.848181 0.000000 0.000000 0.000000 0.000000 0.940219
9 15.637958 0.000000 0.000000 -0.227460 -0.193116 -1.419293
10 7.110240 0.000000 0.000000 6.202033 -0.003133 -0.631765
11 0.000005 3.345127 -2.981901 1.910266 0.035352 1.856275
12 4.018332 0.000000 0.000000 0.073301 -0.161930 0.127265
13 3.518567 0.000000 0.000000 0.078020 0.039650 0.214093
14 8.942634 0.000000 0.000000 -0.223266 0.140985 0.218435
15 3.307272 0.000000 0.000000 3.141590 -0.000000 0.400478
16 3.593713 0.000000 0.000000 -0.958635 0.085662 0.385900
17 2.033351 1.000771 1.100821 -0.756093 -1.613444 -0.995089
18 6.811800 0.000000 0.000000 -1.395480 0.069763 -1.252365
19 12.394105 0.000000 0.000000 0.000000 0.000000 -1.947007
20 9.334690 0.000001 -0.000032 -0.111467 -0.445189 0.548801
21 4.610123 -0.122605 -1.406946 -0.513267 0.072291 -1.288224
22 1.191884 0.000000 0.000000 -0.163028 0.224047 -1.466962
23 0.945939 0.000000 0.000000 -0.068871 0.147979 -0.913117
24 4.605128 0.071046 -0.574018 -0.157261 0.007109 -0.685616
25 1.430263 0.000000 0.000000 -0.068563 0.062695 -1.808644
26 1.155766 0.000000 0.000000 -0.005433 0.026725 -0.524005
27 4.454865 -0.071046 0.574018 0.095492 -0.008588 -0.706366
28 1.426183 0.000000 0.000000 0.055916 -0.087980 -1.504213
29 1.324319 0.000000 0.000000 0.009317 -0.033630 -0.575091
30 4.479185 -0.026371 1.583719 0.481659 -0.035384 -1.246107
31 1.341888 0.000000 0.000000 0.023475 -0.208313 -0.755745
32 1.225941 0.000000 0.000000 0.026045 -0.124622 -0.538684
33 2.631852 -0.344645 1.908319 -0.354021 -0.915169 -1.788213
34 1.058429 0.000000 0.000000 -0.001068 -0.012855 0.251002
35 0.778706 0.000000 0.000000 -0.000101 -0.003217 0.062752
36 2.033354 1.000773 -1.100771 -0.035453 1.947898 -1.725979
37 6.811801 0.000000 0.000000 0.938799 0.373975 -0.780067
38 12.394103 0.000000 0.000000 0.000000 0.000000 -1.834726
39 9.334718 0.000000 0.000000 -0.810602 -0.371561 -0.006036
40 4.610092 -0.109559 1.408022 0.217767 -0.010340 -1.857608
41 1.191885 0.000000 0.000000 0.044560 -0.180938 -0.876601
42 0.945938 0.000000 0.000000 0.155228 -0.190276 -1.393021
43 4.605097 0.076364 0.573335 0.139630 -0.069408 -0.865173
44 1.430257 0.000000 0.000000 0.049426 -0.072767 -1.413300
45 1.155767 0.000000 0.000000 0.018371 -0.045481 -0.841346
46 4.454831 -0.076364 -0.573335 0.047705 -0.153456 -0.767483
47 1.426188 0.000000 0.000000 -0.053883 0.078891 -1.553286
48 1.324319 0.000000 0.000000 -0.013612 0.036969 -0.732283
49 4.479149 -0.041050 -1.583407 -0.332628 0.218366 0.154976
50 1.341885 0.000000 0.000000 -0.042633 0.220746 -0.851609
51 1.225945 0.000000 0.000000 0.008155 -0.000000 0.000001
52 2.631822 -0.362328 -1.905043 0.415059 0.423435 -0.720789
53 1.058428 0.000000 0.000000 0.015106 0.038913 0.767157
54 0.778706 0.000000 0.000000 0.004785 0.022541 0.418310
55 4.041916 5.169765 -8.467939 0.135168 0.033497 0.047250
56 -0.044717 2.529041 4.661499 -0.010815 0.297169 0.207743
time 74
1 -5.097748 3.469188 34.760036 1.458814 -0.079024 -1.033208
2 0.000000 0.000000 0.000000 0.000000 -0.000000 -0.000000
3 3.890452 -0.000007 -0.000003 -2.129735 0.143450 -1.147276
4 17.848179 0.000000 0.000000 0.000000 0.000000 0.610854
5 15.637959 0.000000 0.000000 -9.808192 -3.336079 8.122291
6 7.110240 0.000000 0.000000 6.276066 -0.003133 -0.631765
7 -3.890452 0.000003 0.000008 -1.551573 -0.293434 -1.592249
8 17.848181 0.000000 0.000000 0.000000 0.000000 0.903284
9 15.637958 0.000000 0.000000 -0.218592 -0.184651 -1.399015
10 7.110240 0.000000 0.000000 6.202033 -0.003133 -0.631765
11 0.000005 3.345127 -2.981901 1.910266 0.035351 1.856275
12 4.018332 0.000000 0.000000 0.073391 -0.168651 0.126764
13 3.518567 0.000000 0.000000 0.095055 0.030201 0.213508
14 8.942634 0.000000 0.000000 -0.214579 0.139316 0.218787
15 3.307272 0.000000 0.000000 3.141591 0.000000 0.400478
16 3.593713 0.000000 0.000000 -0.925145 0.093093 0.362621
17 2.033351 1.000771 1.100821 -0.756093 -1.613444 -0.995089
18 6.811800 0.000000 0.000000 -1.376118 0.030590 -1.240958
19 12.394105 0.000000 0.000000 0.000000 0.000000 -1.923652
20 9.334690 0.000001 -0.000032 -0.112286 -0.434428 0.555915
21 4.610123 -0.122605 -1.406946 -0.513267 0.072291 -1.288225
22 1.191884 0.000000 0.000000 -0.163028 0.224047 -1.466962
23 0.945939 0.000000 0.000000 -0.068871 0.147979 -0.913117
24 4.605128 0.071046 -0.574018 -0.157261 0.007109 -0.685616
25 1.430263 0.000000 0.000000 -0.068563 0.062695 -1.808644
26 1.155766 0.000000 0.000000 -0.005433 0.026725 -0.524005
27 4.454865 -0.071046 0.574018 0.095492 -0.008588 -0.706366
28 1.426183 0.000000 0.000000 0.055916 -0.087980 -1.504213
29 1.324319 0.000000 0.000000 0.009317 -0.033630 -0.575091
30 4.479185 -0.026371 1.583719 0.481659 -0.035384 -1.246107
31 1.341888 0.000000 0.000000 0.023475 -0.208312 -0.755745
32 1.225941 0.000000 0.000000 0.026045 -0.124622 -0.538683
33 2.631852 -0.344645 1.908319 -0.354022 -0.915169 -1.788213
34 1.058429 0.000000 0.000000 -0.001069 -0.012855 0.251002
35 0.778706 0.000000 0.000000 -0.000101 -0.003217 0.062752
36 2.033354 1.000773 -1.100771 -0.035453 1.947898 -1.725979
37 6.811801 0.000000 0.000000 0.958651 0.343529 -0.792660
38 12.394103 0.000000 0.000000 0.000000 0.000000 -1.834725
39 9.334718 0.000000 0.000000 -0.826187 -0.371231 -0.006055
40 4.610092 -0.109559 1.408022 0.217767 -0.010340 -1.857608
41 1.191885 0.000000 0.000000 0.044560 -0.180938 -0.876601
42 0.945938 0.000000 0.000000 0.155228 -0.190276 -1.393021
43 4.605097 0.076364 0.573335 0.139630 -0.069408 -0.865173
44 1.430257 0.000000 0.000000 0.049426 -0.072767 -1.413300
45 1.155767 0.000000 0.000000 0.018371 -0.045481 -0.841346
46 4.454831 -0.076364 -0.573335 0.047705 -0.153456 -0.767483
47 1.426188 0.000000 0.000000 -0.053883 0.078891 -1.553286
48 1.324319 0.000000 0.000000 -0.013612 0.036969 -0.732283
49 4.479149 -0.041050 -1.583407 -0.332628 0.218366 0.154976
50 1.341885 0.000000 0.000000 -0.042633 0.220746 -0.851609
51 1.225945 0.000000 0.000000 0.008155 -0.000000 0.000001
52 2.631822 -0.362328 -1.905043 0.415059 0.423435 -0.720789
53 1.058428 0.000000 0.000000 0.015106 0.038913 0.767157
54 0.778706 0.000000 0.000000 0.004785 0.022541 0.418310
55 4.041916 5.169765 -8.467939 0.132397 0.033560 0.041014
56 -0.044717 2.529041 4.661499 -0.010780 0.297153 0.207759
time 75
1 -4.907413 3.468335 34.895134 1.450572 -0.052770 -1.017399
2 0.000000 0.000000 0.000000 -0.000000 -0.000000 -0.000000
3 3.890452 -0.000007 -0.000003 -2.123046 0.137890 -1.119693
4 17.848179 0.000000 0.000000 0.000000 0.000000 0.612213
5 15.637959 0.000000 0.000000 -9.796352 -3.343339 8.127057
6 7.110240 0.000000 0.000000 6.276066 -0.003133 -0.631765
7 -3.890452 0.000003 0.000008 -1.545363 -0.271121 -1.569993
8 17.848181 0.000000 0.000000 0.000000 0.000000 0.866114
9 15.637958 0.000000 0.000000 -0.209141 -0.176162 -1.378531
10 7.110240 0.000000 0.000000 6.202033 -0.003133 -0.631765
11 0.000005 3.345127 -2.981901 1.910267 0.035352 1.856275
12 4.018332 0.000000 0.000000 0.073472 -0.174440 0.126332
13 3.518567 0.000000 0.000000 0.110305 0.020933 0.212764
14 8.942634 0.000000 0.000000 -0.205882 0.137643 0.219124
15 3.307272 0.000000 0.000000 3.141591 0.000000 0.400478
16 3.593713 0.000000 0.000000 -0.887931 0.100187 0.342939
17 2.033351 1.000771 1.100821 -0.756091 -1.613444 -0.995090
18 6.811800 0.000000 0.000000 -1.357584 -0.005281 -1.232490
19 12.394105 0.000000 0.000000 0.000000 0.000000 -1.898896
20 9.334690 0.000001 -0.000032 -0.112417 -0.424167 0.558041
21 4.610123 -0.122605 -1.406946 -0.513267 0.072291 -1.288224
22 1.191884 0.000000 0.000000 -0.163028 0.224047 -1.466962
23 0.945939 0.000000 0.000000 -0.068871 0.147979 -0.913117
24 4.605128 0.071046 -0.574018 -0.157261 0.007109 -0.685616
25 1.430263 0.000000 0.000000 -0.068563 0.062695 -1.808644
26 1.155766 0.000000 0.000000 -0.005433 0.026725 -0.524005
27 4.454865 -0.071046 0.574018 0.095492 -0.008588 -0.706366
28 1.426183 0.000000 0.000000 0.055915 -0.087980 -1.504213
29 1.324319 0.000000 0.000000 0.009317 -0.033630 -0.575091
30 4.479185 -0.026371 1.583719 0.481659 -0.035384 -1.246107
31 1.341888 0.000000 0.000000 0.023475 -0.208313 -0.755745
32 1.225941 0.000000 0.000000 0.026045 -0.124622 -0.538683
33 2.631852 -0.344645 1.908319 -0.354021 -0.915168 -1.788213
34 1.058429 0.000000 0.000000 -0.001069 -0.012855 0.251002
35 0.778706 0.000000 0.000000 -0.000101 -0.003217 0.062752
36 2.033354 1.000773 -1.100771 -0.035453 1.947898 -1.725979
37 6.811801 0.000000 0.000000 0.977135 0.313539 -0.805445
38 12.394103 0.000000 0.000000 0.000000 0.000000 -1.834725
39 9.334718 0.000000 0.000000 -0.842392 -0.370889 -0.006082
40 4.610092 -0.109559 1.408022 0.217767 -0.010340 -1.857608
41 1.191885 0.000000 0.000000 0.044560 -0.180938 -0.876601
42 0.945938 0.000000 0.000000 0.155228 -0.190276 -1.393021
43 4.605097 0.076364 0.573335 0.139630 -0.069408 -0.865173
44 1.430257 0.000000 0.000000 0.049426 -0.072767 -1.413300
45 1.155767 0.000000 0.000000 0.018371 -0.045481 -0.841346
46 4.454831 -0.076364 -0.573335 0.047705 -0.153456 -0.767483
47 1.426188 0.000000 0.000000 -0.053883 0.078891 -1.553286
48 1.324319 0.000000 0.000000 -0.013612 0.036969 -0.732283
49 4.479149 -0.041050 -1.583407 -0.332628 0.218366 0.154976
50 1.341885 0.000000 0.000000 -0.042633 0.220746 -0.851609
51 1.225945 0.000000 0.000000 0.008155 -0.000000 0.000001
52 2.631822 -0.362328 -1.905043 0.415059 0.423435 -0.720789
53 1.058428 0.000000 0.000000 0.015106 0.038913 0.767157
54 0.778706 0.000000 0.000000 0.004785 0.022541 0.418310
55 4.041916 5.169765 -8.467939 0.130010 0.033601 0.035642
56 -0.044717 2.529041 4.661499 -0.010746 0.297138 0.207774
time 76
1 -4.710463 3.467429 35.028641 1.442926 -0.029590 -1.001724
2 0.000000 0.000000 0.000000 -0.000000 -0.000000 -0.000000
3 3.890452 -0.000007 -0.000003 -2.117950 0.132196 -1.096099
4 17.848179 0.000000 0.000000 0.000000 0.000000 0.612430
5 15.637959 0.000000 0.000000 -9.783397 -3.350988 8.132602
6 7.110240 0.000000 0.000000 6.276066 -0.003133 -0.631765
7 -3.890452 0.000003 0.000008 -1.539742 -0.249871 -1.550906
8 17.848181 0.000000 0.000000 0.000000 0.000000 0.829643
9 15.637958 0.000000 0.000000 -0.199150 -0.167707 -1.358284
10 7.110240 0.000000 0.000000 6.202033 -0.003133 -0.631765
11 0.000005 3.345127 -2.981901 1.910266 0.035352 1.856275
12 4.018332 0.000000 0.000000 0.073537 -0.178975 0.125993
13 3.518567 0.000000 0.000000 0.123076 0.012059 0.211910
14 8.942634 0.000000 0.000000 -0.197337 0.135996 0.219442
15 3.307272 0.000000 0.000000 3.141591 0.000000 0.400478
16 3.593713 0.000000 0.000000 -0.847062 0.106765 0.327754
17 2.033351 1.000771 1.100821 -0.756091 -1.613444 -0.995091
18 6.811800 0.000000 0.000000 -1.339985 -0.036490 -1.227312
19 12.394105 0.000000 0.000000 0.000000 0.000000 -1.873426
20 9.334690 0.000001 -0.000032 -0.111702 -0.415077 0.554903
21 4.610123 -0.122605 -1.406946 -0.513267 0.072291 -1.288225
22 1.191884 0.000000 0.000000 -0.163028 0.224047 -1.466962
23 0.945939 0.000000 0.000000 -0.068871 0.147979 -0.913117
24 4.605128 0.071046 -0.574018 -0.157261 0.007109 -0.685616
25 1.430263 0.000000 0.000000 -0.068563 0.062695 -1.808644
26 1.155766 0.000000 0.000000 -0.005433 0.026725 -0.524005
27 4.454865 -0.071046 0.574018 0.095492 -0.008588 -0.706366
28 1.426183 0.000000 0.000000 0.055915 -0.087980 -1.504213
29 1.324319 0.000000 0.000000 0.009317 -0.033630 -0.575091
30 4.479185 -0.026371 1.583719 0.481659 -0.035384 -1.246107
31 1.341888 0.000000 0.000000 0.023475 -0.208312 -0.755745
32 1.225941 0.000000 0.000000 0.026045 -0.124622 -0.538683
33 2.631852 -0.344645 1.908319 -0.354021 -0.915168 -1.788213
34 1.058429 0.000000 0.000000 -0.001069 -0.012855 0.251002
35 0.778706 0.000000 0.000000 -0.000101 -0.003217 0.062752
36 2.033354 1.000773 -1.100771 -0.035453 1.947898 -1.725979
37 6.811801 0.000000 0.000000 0.993573 0.284381 -0.817963
38 12.394103 0.000000 0.000000 0.000000 0.000000 -1.834726
39 9.334718 0.000000 0.000000 -0.859143 -0.370535 -0.006115
40 4.610092 -0.109559 1.408022 0.217767 -0.010340 -1.857608
41 1.191885 0.000000 0.000000 0.044560 -0.180938 -0.876601
42 0.945938 0.000000 0.000000 0.155228 -0.190276 -1.393021
43 4.605097 0.076364 0.573335 0.139630 -0.069408 -0.865173
44 1.430257 0.000000 0.000000 0.049426 -0.072767 -1.413300
45 1.155767 0.000000 0.000000 0.018371 -0.045481 -0.841346
46 4.454831 -0.076364 -0.573335 0.047705 -0.153456 -0.767483
47 1.426188 0.000000 0.000000 -0.053883 0.078891 -1.553286
48 1.324319 0.000000 0.000000 -0.013612 0.036969 -0.732283
49 4.479149 -0.041050 -1.583407 -0.332628 0.218366 0.154976
50 1.341885 0.000000 0.000000 -0.042633 0.220746 -0.851609
51 1.225945 0.000000 0.000000 0.008155 -0.000000 0.000001
52 2.631822 -0.362328 -1.905043 0.415058 0.423435 -0.720789
53 1.058428 0.000000 0.000000 0.015106 0.038913 0.767157
54 0.778706 0.000000 0.000000 0.004785 0.022541 0.418310
55 4.041916 5.169765 -8.467939 0.128140 0.033623 0.031435
56 -0.044717 2.529041 4.661499 -0.010712 0.297123 0.207788
time 77
1 -4.507796 3.466477 35.160484 1.435933 -0.010491 -0.986338
2 0.000000 0.000000 0.000000 -0.000000 -0.000000 -0.000000
3 3.890452 -0.000007 -0.000003 -2.114598 0.126570 -1.077701
4 17.848179 0.000000 0.000000 0.000000 0.000000 0.611351
5 15.637959 0.000000 0.000000 -9.769413 -3.358733 8.138947
6 7.110240 0.000000 0.000000 6.276066 -0.003133 -0.631765
7 -3.890452 0.000003 0.000008 -1.535024 -0.230249 -1.535939
8 17.848181 0.000000 0.000000 0.000000 0.000000 0.794946
9 15.637958 0.000000 0.000000 -0.188675 -0.159334 -1.338789
10 7.110240 0.000000 0.000000 6.202033 -0.003133 -0.631765
11 0.000005 3.345127 -2.981901 1.910266 0.035352 1.856275
12 4.018332 0.000000 0.000000 0.073581 -0.181933 0.125772
13 3.518567 0.000000 0.000000 0.132674 0.003789 0.211009
14 8.942634 0.000000 0.000000 -0.189103 0.134406 0.219734
15 3.307272 0.000000 0.000000 3.141591 -0.000000 0.400478
16 3.593713 0.000000 0.000000 -0.802655 0.112567 0.317829
17 2.033351 1.000771 1.100821 -0.756092 -1.613444 -0.995090
18 6.811800 0.000000 0.000000 -1.323451 -0.061755 -1.225699
19 12.394105 0.000000 0.000000 0.000000 0.000000 -1.847973
20 9.334690 0.000001 -0.000032 -0.109994 -0.407833 0.546377
21 4.610123 -0.122605 -1.406946 -0.513267 0.072291 -1.288224
22 1.191884 0.000000 0.000000 -0.163027 0.224047 -1.466962
23 0.945939 0.000000 0.000000 -0.068871 0.147979 -0.913117
24 4.605128 0.071046 -0.574018 -0.157261 0.007109 -0.685616
25 1.430263 0.000000 0.000000 -0.068563 0.062695 -1.808644
26 1.155766 0.000000 0.000000 -0.005433 0.026725 -0.524005
27 4.454865 -0.071046 0.574018 0.095492 -0.008588 -0.706366
28 1.426183 0.000000 0.000000 0.055916 -0.087980 -1.504213
29 1.324319 0.000000 0.000000 0.009317 -0.033630 -0.575091
30 4.479185 -0.026371 1.583719 0.481659 -0.035384 -1.246107
31 1.341888 0.000000 0.000000 0.023475 -0.208313 -0.755745
32 1.225941 0.000000 0.000000 0.026045 -0.124622 -0.538683
33 2.631852 -0.344645 1.908319 -0.354021 -0.915168 -1.788213
34 1.058429 0.000000 0.000000 -0.001069 -0.012855 0.251002
35 0.778706 0.000000 0.000000 -0.000101 -0.003217 0.062752
36 2.033354 1.000773 -1.100771 -0.035452 1.947899 -1.725979
37 6.811801 0.000000 0.000000 1.007270 0.256382 -0.829684
38 12.394103 0.000000 0.000000 0.000000 0.000000 -1.834725
39 9.334718 0.000000 0.000000 -0.876363 -0.370172 -0.006157
40 4.610092 -0.109559 1.408022 0.217767 -0.010340 -1.857608
41 1.191885 0.000000 0.000000 0.044560 -0.180938 -0.876601
42 0.945938 0.000000 0.000000 0.155228 -0.190276 -1.393021
43 4.605097 0.076364 0.573335 0.139630 -0.069408 -0.865173
44 1.430257 0.000000 0.000000 0.049426 -0.072767 -1.413300
45 1.155767 0.000000 0.000000 0.018371 -0.045481 -0.841346
46 4.454831 -0.076364 -0.573335 0.047705 -0.153456 -0.767483
47 1.426188 0.000000 0.000000 -0.053883 0.078891 -1.553286
48 1.324319 0.000000 0.000000 -0.013612 0.036969 -0.732283
49 4.479149 -0.041050 -1.583407 -0.332628 0.218366 0.154976
50 1.341885 0.000000 0.000000 -0.042633 0.220746 -0.851609
51 1.225945 0.000000 0.000000 0.008155 -0.000000 0.000001
52 2.631822 -0.362328 -1.905043 0.415059 0.423435 -0.720789
53 1.058428 0.000000 0.000000 0.015106 0.038913 0.767157
54 0.778706 0.000000 0.000000 0.004785 0.022541 0.418310
55 4.041916 5.169765 -8.467939 0.126920 0.033634 0.028690
56 -0.044717 2.529041 4.661499 -0.010679 0.297108 0.207802
time 78
1 -4.300319 3.465487 35.290703 1.429621 0.003510 -0.971391
2 0.000000 0.000000 0.000000 -0.000000 -0.000000 -0.000000
3 3.890452 -0.000007 -0.000003 -2.113077 0.121262 -1.065715
4 17.848179 0.000000 0.000000 0.000000 0.000000 0.608784
5 15.637959 0.000000 0.000000 -9.754519 -3.366251 8.146134
6 7.110240 0.000000 0.000000 6.276066 -0.003133 -0.631765
7 -3.890452 0.000003 0.000008 -1.531519 -0.212866 -1.526072
8 17.848181 0.000000 0.000000 0.000000 0.000000 0.763271
9 15.637958 0.000000 0.000000 -0.177788 -0.151102 -1.320651
10 7.110240 0.000000 0.000000 6.202033 -0.003133 -0.631765
11 0.000005 3.345127 -2.981901 1.910266 0.035352 1.856275
12 4.018332 0.000000 0.000000 0.073596 -0.182990 0.125692
13 3.518567 0.000000 0.000000 0.138402 -0.003668 0.210136
14 8.942634 0.000000 0.000000 -0.181339 0.132905 0.219997
15 3.307272 0.000000 0.000000 3.141591 0.000000 0.400478
16 3.593713 0.000000 0.000000 -0.754864 0.117225 0.313778
17 2.033351 1.000771 1.100821 -0.756092 -1.613444 -0.995090
18 6.811800 0.000000 0.000000 -1.308185 -0.079891 -1.227894
19 12.394105 0.000000 0.000000 0.000000 0.000000 -1.823229
20 9.334690 0.000001 -0.000032 -0.107129 -0.403082 0.532378
21 4.610123 -0.122605 -1.406946 -0.513267 0.072291 -1.288224
22 1.191884 0.000000 0.000000 -0.163027 0.224047 -1.466962
23 0.945939 0.000000 0.000000 -0.068871 0.147979 -0.913117
24 4.605128 0.071046 -0.574018 -0.157261 0.007109 -0.685616
25 1.430263 0.000000 0.000000 -0.068563 0.062695 -1.808644
26 1.155766 0.000000 0.000000 -0.005433 0.026725 -0.524005
27 4.454865 -0.071046 0.574018 0.095492 -0.008588 -0.706366
28 1.426183 0.000000 0.000000 0.055915 -0.087980 -1.504213
29 1.324319 0.000000 0.000000 0.009317 -0.033630 -0.575091
30 4.479185 -0.026371 1.583719 0.481659 -0.035384 -1.246107
31 1.341888 0.000000 0.000000 0.023475 -0.208313 -0.755745
32 1.225941 0.000000 0.000000 0.026045 -0.124622 -0.538683
33 2.631852 -0.344645 1.908319 -0.354021 -0.915168 -1.788213
34 1.058429 0.000000 0.000000 -0.001069 -0.012855 0.251002
35 0.778706 0.000000 0.000000 -0.000101 -0.003217 0.062752
36 2.033354 1.000773 -1.100771 -0.035452 1.947898 -1.725979
37 6.811801 0.000000 0.000000 1.017519 0.229828 -0.840006
38 12.394103 0.000000 0.000000 0.000000 0.000000 -1.834725
39 9.334718 0.000000 0.000000 -0.893979 -0.369801 -0.006206
40 4.610092 -0.109559 1.408022 0.217767 -0.010340 -1.857608
41 1.191885 0.000000 0.000000 0.044560 -0.180938 -0.876601
42 0.945938 0.000000 0.000000 0.155228 -0.190276 -1.393021
43 4.605097 0.076364 0.573335 0.139630 -0.069408 -0.865173
44 1.430257 0.000000 0.000000 0.049426 -0.072767 -1.413300
45 1.155767 0.000000 0.000000 0.018371 -0.045481 -0.841346
46 4.454831 -0.076364 -0.573335 0.047705 -0.153456 -0.767483
47 1.426188 0.000000 0.000000 -0.053883 0.078891 -1.553286
48 1.324319 0.000000 0.000000 -0.013612 0.036969 -0.732283
49 4.479149 -0.041050 -1.583407 -0.332628 0.218366 0.154976
50 1.341885 0.000000 0.000000 -0.042633 0.220746 -0.851609
51 1.225945 0.000000 0.000000 0.008155 -0.000000 0.000001
52 2.631822 -0.362328 -1.905043 0.415059 0.423435 -0.720789
53 1.058428 0.000000 0.000000 0.015106 0.038913 0.767157
54 0.778706 0.000000 0.000000 0.004785 0.022541 0.418310
55 4.041916 5.169765 -8.467939 0.126484 0.033637 0.027709
56 -0.044717 2.529041 4.661499 -0.010646 0.297093 0.207815
time 79
1 -4.088930 3.464466 35.419800 1.423672 0.012883 -0.956354
2 0.000000 0.000000 0.000000 -0.000000 -0.000000 -0.000000
3 3.890452 -0.000007 -0.000003 -2.113045 0.116339 -1.059519
4 17.848179 0.000000 0.000000 0.000000 0.000000 0.604881
5 15.637959 0.000000 0.000000 -9.738553 -3.373772 8.154128
6 7.110240 0.000000 0.000000 6.276066 -0.003133 -0.631765
7 -3.890452 0.000003 0.000008 -1.529113 -0.197283 -1.520865
8 17.848181 0.000000 0.000000 0.000000 0.000000 0.734573
9 15.637958 0.000000 0.000000 -0.166289 -0.142647 -1.303974
10 7.110240 0.000000 0.000000 6.202033 -0.003133 -0.631765
11 0.000005 3.345127 -2.981901 1.910266 0.035352 1.856275
12 4.018332 0.000000 0.000000 0.073585 -0.182198 0.125752
13 3.518567 0.000000 0.000000 0.140470 -0.010555 0.209311
14 8.942634 0.000000 0.000000 -0.173804 0.131446 0.220242
15 3.307272 0.000000 0.000000 3.141590 -0.000000 0.400478
16 3.593713 0.000000 0.000000 -0.702312 0.120698 0.315120
17 2.033351 1.000771 1.100821 -0.756092 -1.613444 -0.995089
18 6.811800 0.000000 0.000000 -1.294003 -0.091752 -1.233210
19 12.394105 0.000000 0.000000 0.000000 0.000000 -1.799335
20 9.334690 0.000001 -0.000032 -0.103321 -0.400597 0.513993
21 4.610123 -0.122605 -1.406946 -0.513267 0.072291 -1.288225
22 1.191884 0.000000 0.000000 -0.163028 0.224047 -1.466962
23 0.945939 0.000000 0.000000 -0.068871 0.147979 -0.913117
24 4.605128 0.071046 -0.574018 -0.157261 0.007109 -0.685616
25 1.430263 0.000000 0.000000 -0.068563 0.062695 -1.808644
26 1.155766 0.000000 0.000000 -0.005433 0.026725 -0.524005
27 4.454865 -0.071046 0.574018 0.095492 -0.008588 -0.706366
28 1.426183 0.000000 0.000000 0.055915 -0.087980 -1.504213
29 1.324319 0.000000 0.000000 0.009317 -0.033630 -0.575091
30 4.479185 -0.026371 1.583719 0.481659 -0.035384 -1.246107
31 1.341888 0.000000 0.000000 0.023475 -0.208313 -0.755745
32 1.225941 0.000000 0.000000 0.026045 -0.124622 -0.538683
33 2.631852 -0.344645 1.908319 -0.354021 -0.915169 -1.788213
34 1.058429 0.000000 0.000000 -0.001069 -0.012855 0.251002
35 0.778706 0.000000 0.000000 -0.000101 -0.003217 0.062752
36 2.033354 1.000773 -1.100771 -0.035453 1.947898 -1.725979
37 6.811801 0.000000 0.000000 1.024692 0.204456 -0.848930
38 12.394103 0.000000 0.000000 0.000000 0.000000 -1.834726
39 9.334718 0.000000 0.000000 -0.911915 -0.369425 -0.006263
40 4.610092 -0.109559 1.408022 0.217767 -0.010340 -1.857608
41 1.191885 0.000000 0.000000 0.044560 -0.180938 -0.876601
42 0.945938 0.000000 0.000000 0.155228 -0.190276 -1.393021
43 4.605097 0.076364 0.573335 0.139630 -0.069408 -0.865173
44 1.430257 0.000000 0.000000 0.049426 -0.072767 -1.413300
45 1.155767 0.000000 0.000000 0.018371 -0.045481 -0.841346
46 4.454831 -0.076364 -0.573335 0.047705 -0.153456 -0.767483
47 1.426188 0.000000 0.000000 -0.053883 0.078891 -1.553286
48 1.324319 0.000000 0.000000 -0.013612 0.036969 -0.732283
49 4.479149 -0.041050 -1.583407 -0.332628 0.218366 0.154976
50 1.341885 0.000000 0.000000 -0.042633 0.220746 -0.851609
51 1.225945 0.000000 0.000000 0.008155 -0.000000 0.000001
52 2.631822 -0.362328 -1.905043 0.415059 0.423435 -0.720789
53 1.058428 0.000000 0.000000 0.015106 0.038913 0.767157
54 0.778706 0.000000 0.000000 0.004785 0.022541 0.418310
55 4.041916 5.169765 -8.467939 0.126810 0.033635 0.028444
56 -0.044717 2.529041 4.661499 -0.010613 0.297078 0.207828
time 80
1 -3.874533 3.463420 35.548351 1.417734 0.019064 -0.940645
2 0.000000 0.000000 0.000000 -0.000000 -0.000000 -0.000000
3 3.890452 -0.000007 -0.000003 -2.113968 0.111751 -1.057384
4 17.848179 0.000000 0.000000 0.000000 0.000000 0.599947
5 15.637959 0.000000 0.000000 -9.721393 -3.381660 8.162861
6 7.110240 0.000000 0.000000 6.276066 -0.003133 -0.631765
7 -3.890452 0.000003 0.000008 -1.527436 -0.182510 -1.518937
8 17.848181 0.000000 0.000000 0.000000 0.000000 0.707769
9 15.637958 0.000000 0.000000 -0.154006 -0.133622 -1.288340
10 7.110240 0.000000 0.000000 6.202033 -0.003133 -0.631765
11 0.000005 3.345127 -2.981901 1.910266 0.035352 1.856275
12 4.018332 0.000000 0.000000 0.073552 -0.179948 0.125920
13 3.518567 0.000000 0.000000 0.139794 -0.017270 0.208518
14 8.942634 0.000000 0.000000 -0.166157 0.129963 0.220479
15 3.307272 0.000000 0.000000 3.141591 0.000000 0.400478
16 3.593713 0.000000 0.000000 -0.644047 0.123071 0.320643
17 2.033351 1.000771 1.100821 -0.756094 -1.613444 -0.995088
18 6.811800 0.000000 0.000000 -1.280520 -0.099360 -1.240505
19 12.394105 0.000000 0.000000 0.000000 0.000000 -1.776042
20 9.334690 0.000001 -0.000032 -0.099006 -0.399606 0.492823
21 4.610123 -0.122605 -1.406946 -0.513267 0.072291 -1.288225
22 1.191884 0.000000 0.000000 -0.163027 0.224047 -1.466962
23 0.945939 0.000000 0.000000 -0.068871 0.147979 -0.913117
24 4.605128 0.071046 -0.574018 -0.157261 0.007109 -0.685616
25 1.430263 0.000000 0.000000 -0.068563 0.062695 -1.808644
26 1.155766 0.000000 0.000000 -0.005433 0.026725 -0.524005
27 4.454865 -0.071046 0.574018 0.095492 -0.008588 -0.706366
28 1.426183 0.000000 0.000000 0.055915 -0.087980 -1.504213
29 1.324319 0.000000 0.000000 0.009317 -0.033630 -0.575091
30 4.479185 -0.026371 1.583719 0.481659 -0.035384 -1.246107
31 1.341888 0.000000 0.000000 0.023475 -0.208312 -0.755745
32 1.225941 0.000000 0.000000 0.026045 -0.124622 -0.538683
33 2.631852 -0.344645 1.908319 -0.354021 -0.915169 -1.788213
34 1.058429 0.000000 0.000000 -0.001069 -0.012855 0.251002
35 0.778706 0.000000 0.000000 -0.000101 -0.003217 0.062752
36 2.033354 1.000773 -1.100771 -0.035452 1.947899 -1.725978
37 6.811801 0.000000 0.000000 1.029822 0.179763 -0.856896
38 12.394103 0.000000 0.000000 0.000000 0.000000 -1.834725
39 9.334718 0.000000 0.000000 -0.930098 -0.369044 -0.006328
40 4.610092 -0.109559 1.408022 0.217767 -0.010340 -1.857608
41 1.191885 0.000000 0.000000 0.044560 -0.180938 -0.876601
42 0.945938 0.000000 0.000000 0.155228 -0.190276 -1.393021
43 4.605097 0.076364 0.573335 0.139630 -0.069408 -0.865173
44 1.430257 0.000000 0.000000 0.049426 -0.072767 -1.413300
45 1.155767 0.000000 0.000000 0.018371 -0.045481 -0.841346
46 4.454831 -0.076364 -0.573335 0.047705 -0.153456 -0.767483
47 1.426188 0.000000 0.000000 -0.053883 0.078891 -1.553286
48 1.324319 0.000000 0.000000 -0.013612 0.036969 -0.732283
49 4.479149 -0.041050 -1.583407 -0.332628 0.218366 0.154976
50 1.341885 0.000000 0.000000 -0.042633 0.220746 -0.851609
51 1.225945 0.000000 0.000000 0.008155 -0.000000 0.000001
52 2.631822 -0.362328 -1.905043 0.415059 0.423435 -0.720789
53 1.058428 0.000000 0.000000 0.015106 0.038913 0.767157
54 0.778706 0.000000 0.000000 0.004785 0.022541 0.418310
55 4.041916 5.169765 -8.467939 0.127738 0.033627 0.030532
56 -0.044717 2.529041 4.661499 -0.010581 0.297063 0.207840
time 81
1 -3.658031 3.462359 35.676331 1.411759 0.022485 -0.924333
2 0.000000 0.000000 0.000000 -0.000000 -0.000000 -0.000000
3 3.890452 -0.000007 -0.000003 -2.115634 0.107606 -1.058855
4 17.848179 0.000000 0.000000 0.000000 0.000000 0.593963
5 15.637959 0.000000 0.000000 -9.703231 -3.389791 8.172317
6 7.110240 0.000000 0.000000 6.276066 -0.003133 -0.631765
7 -3.890452 0.000003 0.000008 -1.526390 -0.168375 -1.519872
8 17.848181 0.000000 0.000000 0.000000 0.000000 0.682667
9 15.637958 0.000000 0.000000 -0.141063 -0.124119 -1.273629
10 7.110240 0.000000 0.000000 6.202033 -0.003133 -0.631765
11 0.000005 3.345127 -2.981901 1.910266 0.035352 1.856275
12 4.018332 0.000000 0.000000 0.073501 -0.176430 0.126184
13 3.518567 0.000000 0.000000 0.136730 -0.023839 0.207777
14 8.942634 0.000000 0.000000 -0.158412 0.128459 0.220707
15 3.307272 0.000000 0.000000 3.141591 0.000000 0.400478
16 3.593713 0.000000 0.000000 -0.580859 0.124072 0.329704
17 2.033351 1.000771 1.100821 -0.756093 -1.613444 -0.995089
18 6.811800 0.000000 0.000000 -1.267723 -0.103358 -1.249373
19 12.394105 0.000000 0.000000 0.000000 0.000000 -1.753332
20 9.334690 0.000001 -0.000032 -0.094298 -0.399881 0.469425
21 4.610123 -0.122605 -1.406946 -0.513267 0.072291 -1.288225
22 1.191884 0.000000 0.000000 -0.163027 0.224047 -1.466962
23 0.945939 0.000000 0.000000 -0.068871 0.147979 -0.913117
24 4.605128 0.071046 -0.574018 -0.157261 0.007109 -0.685616
25 1.430263 0.000000 0.000000 -0.068563 0.062695 -1.808644
26 1.155766 0.000000 0.000000 -0.005433 0.026725 -0.524005
27 4.454865 -0.071046 0.574018 0.095492 -0.008588 -0.706366
28 1.426183 0.000000 0.000000 0.055915 -0.087980 -1.504213
29 1.324319 0.000000 0.000000 0.009317 -0.033630 -0.575091
30 4.479185 -0.026371 1.583719 0.481659 -0.035384 -1.246107
31 1.341888 0.000000 0.000000 0.023475 -0.208313 -0.755745
32 1.225941 0.000000 0.000000 0.026045 -0.124622 -0.538683
33 2.631852 -0.344645 1.908319 -0.354021 -0.915169 -1.788213
34 1.058429 0.000000 0.000000 -0.001069 -0.012855 0.251002
35 0.778706 0.000000 0.000000 -0.000101 -0.003217 0.062752
36 2.033354 1.000773 -1.100771 -0.035452 1.947899 -1.725978
37 6.811801 0.000000 0.000000 1.033198 0.155674 -0.863930
38 12.394103 0.000000 0.000000 0.000000 0.000000 -1.834725
39 9.334718 0.000000 0.000000 -0.948452 -0.368661 -0.006401
40 4.610092 -0.109559 1.408022 0.217767 -0.010340 -1.857607
41 1.191885 0.000000 0.000000 0.044560 -0.180938 -0.876601
42 0.945938 0.000000 0.000000 0.155228 -0.190276 -1.393021
43 4.605097 0.076364 0.573335 0.139630 -0.069408 -0.865173
44 1.430257 0.000000 0.000000 0.049426 -0.072767 -1.413300
45 1.155767 0.000000 0.000000 0.018371 -0.045481 -0.841346
46 4.454831 -0.076364 -0.573335 0.047705 -0.153456 -0.767483
47 1.426188 0.000000 0.000000 -0.053883 0.078891 -1.553286
48 1.324319 0.000000 0.000000 -0.013612 0.036969 -0.732283
49 4.479149 -0.041050 -1.583407 -0.332628 0.218366 0.154976
50 1.341885 0.000000 0.000000 -0.042633 0.220746 -0.851609
51 1.225945 0.000000 0.000000 0.008155 -0.000000 0.000001
52 2.631822 -0.362328 -1.905043 0.415059 0.423435 -0.720789
53 1.058428 0.000000 0.000000 0.015106 0.038913 0.767157
54 0.778706 0.000000 0.000000 0.004785 0.022541 0.418310
55 4.041916 5.169765 -8.467939 0.129189 0.033611 0.033796
56 -0.044717 2.529041 4.661499 -0.010550 0.297049 0.207852
time 82
1 -3.440325 3.461288 35.803562 1.405705 0.023580 -0.907493
2 0.000000 0.000000 0.000000 -0.000000 -0.000000 -0.000000
3 3.890452 -0.000007 -0.000003 -2.117856 0.103997 -1.063466
4 17.848179 0.000000 0.000000 0.000000 0.000000 0.586913
5 15.637959 0.000000 0.000000 -9.684246 -3.398065 8.182484
6 7.110240 0.000000 0.000000 6.276066 -0.003133 -0.631765
7 -3.890452 0.000003 0.000008 -1.525876 -0.154704 -1.523248
8 17.848181 0.000000 0.000000 0.000000 0.000000 0.659040
9 15.637958 0.000000 0.000000 -0.127579 -0.114231 -1.259707
10 7.110240 0.000000 0.000000 6.202033 -0.003133 -0.631765
11 0.000005 3.345127 -2.981901 1.910266 0.035352 1.856275
12 4.018332 0.000000 0.000000 0.073435 -0.171835 0.126527
13 3.518567 0.000000 0.000000 0.131637 -0.030284 0.207102
14 8.942634 0.000000 0.000000 -0.150585 0.126937 0.220925
15 3.307272 0.000000 0.000000 3.141591 -0.000000 0.400478
16 3.593713 0.000000 0.000000 -0.513529 0.123460 0.341617
17 2.033351 1.000771 1.100821 -0.756091 -1.613444 -0.995091
18 6.811800 0.000000 0.000000 -1.255604 -0.104376 -1.259454
19 12.394105 0.000000 0.000000 0.000000 0.000000 -1.731143
20 9.334690 0.000001 -0.000032 -0.089296 -0.401184 0.444278
21 4.610123 -0.122605 -1.406946 -0.513267 0.072291 -1.288224
22 1.191884 0.000000 0.000000 -0.163028 0.224047 -1.466962
23 0.945939 0.000000 0.000000 -0.068871 0.147979 -0.913117
24 4.605128 0.071046 -0.574018 -0.157261 0.007109 -0.685616
25 1.430263 0.000000 0.000000 -0.068563 0.062695 -1.808644
26 1.155766 0.000000 0.000000 -0.005433 0.026725 -0.524005
27 4.454865 -0.071046 0.574018 0.095492 -0.008588 -0.706366
28 1.426183 0.000000 0.000000 0.055915 -0.087980 -1.504213
29 1.324319 0.000000 0.000000 0.009317 -0.033630 -0.575091
30 4.479185 -0.026371 1.583719 0.481659 -0.035384 -1.246107
31 1.341888 0.000000 0.000000 0.023475 -0.208313 -0.755745
32 1.225941 0.000000 0.000000 0.026045 -0.124622 -0.538683
33 2.631852 -0.344645 1.908319 -0.354021 -0.915168 -1.788213
34 1.058429 0.000000 0.000000 -0.001069 -0.012855 0.251002
35 0.778706 0.000000 0.000000 -0.000101 -0.003217 0.062752
36 2.033354 1.000773 -1.100771 -0.035453 1.947898 -1.725979
37 6.811801 0.000000 0.000000 1.035109 0.132134 -0.870079
38 12.394103 0.000000 0.000000 0.000000 0.000000 -1.834725
39 9.334718 0.000000 0.000000 -0.966902 -0.368277 -0.006483
40 4.610092 -0.109559 1.408022 0.217767 -0.010340 -1.857608
41 1.191885 0.000000 0.000000 0.044560 -0.180938 -0.876601
42 0.945938 0.000000 0.000000 0.155228 -0.190276 -1.393021
43 4.605097 0.076364 0.573335 0.139630 -0.069408 -0.865173
44 1.430257 0.000000 0.000000 0.049426 -0.072767 -1.413300
45 1.155767 0.000000 0.000000 0.018371 -0.045481 -0.841346
46 4.454831 -0.076364 -0.573335 0.047705 -0.153456 -0.767483
47 1.426188 0.000000 0.000000 -0.053883 0.078891 -1.553286
48 1.324319 0.000000 0.000000 -0.013612 0.036969 -0.732283
49 4.479149 -0.041050 -1.583407 -0.332628 0.218366 0.154976
50 1.341885 0.000000 0.000000 -0.042633 0.220746 -0.851609
51 1.225945 0.000000 0.000000 0.008155 -0.000000 0.000001
52 2.631822 -0.362328 -1.905043 0.415059 0.423435 -0.720789
53 1.058428 0.000000 0.000000 0.015106 0.038913 0.767157
54 0.778706 0.000000 0.000000 0.004785 0.022541 0.418310
55 4.041916 5.169765 -8.467939 0.131084 0.033584 0.038060
56 -0.044717 2.529041 4.661499 -0.010519 0.297035 0.207863
time 83
1 -3.222320 3.460215 35.929779 1.399542 0.022782 -0.890203
2 0.000000 0.000000 0.000000 -0.000000 -0.000000 -0.000000
3 3.890452 -0.000007 -0.000003 -2.120473 0.101002 -1.070738
4 17.848179 0.000000 0.000000 0.000000 0.000000 0.578786
5 15.637959 0.000000 0.000000 -9.664613 -3.406406 8.193345
6 7.110240 0.000000 0.000000 6.276066 -0.003133 -0.631765
7 -3.890452 0.000003 0.000008 -1.525796 -0.141318 -1.528634
8 17.848181 0.000000 0.000000 0.000000 0.000000 0.636626
9 15.637958 0.000000 0.000000 -0.113664 -0.104047 -1.246426
10 7.110240 0.000000 0.000000 6.202033 -0.003133 -0.631765
11 0.000005 3.345127 -2.981901 1.910266 0.035352 1.856275
12 4.018332 0.000000 0.000000 0.073360 -0.166352 0.126936
13 3.518567 0.000000 0.000000 0.124872 -0.036629 0.206502
14 8.942634 0.000000 0.000000 -0.142690 0.125400 0.221134
15 3.307272 0.000000 0.000000 3.141591 -0.000000 0.400478
16 3.593713 0.000000 0.000000 -0.442840 0.121055 0.355670
17 2.033351 1.000771 1.100821 -0.756093 -1.613444 -0.995089
18 6.811800 0.000000 0.000000 -1.244144 -0.103030 -1.270419
19 12.394105 0.000000 0.000000 0.000000 0.000000 -1.709395
20 9.334690 0.000001 -0.000032 -0.084104 -0.403276 0.417811
21 4.610123 -0.122605 -1.406946 -0.513267 0.072291 -1.288225
22 1.191884 0.000000 0.000000 -0.163028 0.224047 -1.466962
23 0.945939 0.000000 0.000000 -0.068871 0.147979 -0.913117
24 4.605128 0.071046 -0.574018 -0.157261 0.007109 -0.685616
25 1.430263 0.000000 0.000000 -0.068563 0.062695 -1.808644
26 1.155766 0.000000 0.000000 -0.005433 0.026725 -0.524005
27 4.454865 -0.071046 0.574018 0.095492 -0.008588 -0.706366
28 1.426183 0.000000 0.000000 0.055916 -0.087980 -1.504213
29 1.324319 0.000000 0.000000 0.009317 -0.033630 -0.575091
30 4.479185 -0.026371 1.583719 0.481659 -0.035384 -1.246107
31 1.341888 0.000000 0.000000 0.023475 -0.208313 -0.755745
32 1.225941 0.000000 0.000000 0.026045 -0.124622 -0.538683
33 2.631852 -0.344645 1.908319 -0.354021 -0.915168 -1.788213
34 1.058429 0.000000 0.000000 -0.001069 -0.012855 0.251002
35 0.778706 0.000000 0.000000 -0.000101 -0.003217 0.062752
36 2.033354 1.000773 -1.100771 -0.035452 1.947898 -1.725979
37 6.811801 0.000000 0.000000 1.035840 0.109101 -0.875419
38 12.394103 0.000000 0.000000 0.000000 0.000000 -1.834725
39 9.334718 0.000000 0.000000 -0.985374 -0.367894 -0.006572
40 4.610092 -0.109559 1.408022 0.217767 -0.010340 -1.857607
41 1.191885 0.000000 0.000000 0.044560 -0.180938 -0.876601
42 0.945938 0.000000 0.000000 0.155228 -0.190276 -1.393021
43 4.605097 0.076364 0.573335 0.139630 -0.069408 -0.865173
44 1.430257 0.000000 0.000000 0.049426 -0.072767 -1.413300
45 1.155767 0.000000 0.000000 0.018371 -0.045481 -0.841346
46 4.454831 -0.076364 -0.573335 0.047705 -0.153456 -0.767483
47 1.426188 0.000000 0.000000 -0.053883 0.078891 -1.553286
48 1.324319 0.000000 0.000000 -0.013612 0.036969 -0.732283
49 4.479149 -0.041050 -1.583407 -0.332628 0.218366 0.154976
50 1.341885 0.000000 0.000000 -0.042633 0.220746 -0.851609
51 1.225945 0.000000 0.000000 0.008155 -0.000000 0.000001
52 2.631822 -0.362328 -1.905043 0.415059 0.423435 -0.720789
53 1.058428 0.000000 0.000000 0.015106 0.038913 0.767157
54 0.778706 0.000000 0.000000 0.004785 0.022541 0.418310
55 4.041916 5.169765 -8.467939 0.133345 0.033540 0.043147
56 -0.044717 2.529041 4.661499 -0.010489 0.297020 0.207873
time 84
1 -3.004915 3.459146 36.054680 1.393253 0.020524 -0.872545
2 0.000000 0.000000 0.000000 -0.000000 -0.000000 -0.000000
3 3.890452 -0.000007 -0.000003 -2.123341 0.098679 -1.080182
4 17.848179 0.000000 0.000000 0.000000 0.000000 0.569584
5 15.637959 0.000000 0.000000 -9.644494 -3.414755 8.204880
6 7.110240 0.000000 0.000000 6.276066 -0.003133 -0.631765
7 -3.890452 0.000003 0.000008 -1.526055 -0.128036 -1.535594
8 17.848181 0.000000 0.000000 0.000000 0.000000 0.615121
9 15.637958 0.000000 0.000000 -0.099429 -0.093654 -1.233621
10 7.110240 0.000000 0.000000 6.202033 -0.003133 -0.631765
11 0.000005 3.345127 -2.981901 1.910266 0.035352 1.856275
12 4.018332 0.000000 0.000000 0.073278 -0.160173 0.127396
13 3.518567 0.000000 0.000000 0.116792 -0.042897 0.205982
14 8.942634 0.000000 0.000000 -0.134741 0.123851 0.221331
15 3.307272 0.000000 0.000000 3.141591 0.000000 0.400478
16 3.593713 0.000000 0.000000 -0.369573 0.116766 0.371150
17 2.033351 1.000771 1.100821 -0.756091 -1.613444 -0.995091
18 6.811800 0.000000 0.000000 -1.233313 -0.099910 -1.281968
19 12.394105 0.000000 0.000000 0.000000 0.000000 -1.688018
20 9.334690 0.000001 -0.000032 -0.078823 -0.405928 0.390437
21 4.610123 -0.122605 -1.406946 -0.513267 0.072291 -1.288225
22 1.191884 0.000000 0.000000 -0.163027 0.224047 -1.466962
23 0.945939 0.000000 0.000000 -0.068871 0.147979 -0.913117
24 4.605128 0.071046 -0.574018 -0.157261 0.007109 -0.685616
25 1.430263 0.000000 0.000000 -0.068563 0.062695 -1.808644
26 1.155766 0.000000 0.000000 -0.005433 0.026725 -0.524005
27 4.454865 -0.071046 0.574018 0.095492 -0.008588 -0.706366
28 1.426183 0.000000 0.000000 0.055916 -0.087980 -1.504213
29 1.324319 0.000000 0.000000 0.009317 -0.033630 -0.575091
30 4.479185 -0.026371 1.583719 0.481659 -0.035384 -1.246107
31 1.341888 0.000000 0.000000 0.023475 -0.208312 -0.755745
32 1.225941 0.000000 0.000000 0.026045 -0.124622 -0.538683
33 2.631852 -0.344645 1.908319 -0.354021 -0.915168 -1.788213
34 1.058429 0.000000 0.000000 -0.001069 -0.012855 0.251002
35 0.778706 0.000000 0.000000 -0.000101 -0.003217 0.062752
36 2.033354 1.000773 -1.100771 -0.035453 1.947898 -1.725979
37 6.811801 0.000000 0.000000 1.035677 0.086544 -0.880048
38 12.394103 0.000000 0.000000 0.000000 0.000000 -1.834725
39 9.334718 0.000000 0.000000 -1.003795 -0.367513 -0.006668
40 4.610092 -0.109559 1.408022 0.217767 -0.010340 -1.857608
41 1.191885 0.000000 0.000000 0.044560 -0.180938 -0.876601
42 0.945938 0.000000 0.000000 0.155228 -0.190276 -1.393021
43 4.605097 0.076364 0.573335 0.139630 -0.069408 -0.865173
44 1.430257 0.000000 0.000000 0.049426 -0.072767 -1.413300
45 1.155767 0.000000 0.000000 0.018371 -0.045481 -0.841346
46 4.454831 -0.076364 -0.573335 0.047705 -0.153456 -0.767483
47 1.426188 0.000000 0.000000 -0.053883 0.078891 -1.553286
48 1.324319 0.000000 0.000000 -0.013612 0.036969 -0.732283
49 4.479149 -0.041050 -1.583407 -0.332628 0.218366 0.154976
50 1.341885 0.000000 0.000000 -0.042633 0.220746 -0.851609
51 1.225945 0.000000 0.000000 0.008155 -0.000000 0.000001
52 2.631822 -0.362328 -1.905043 0.415059 0.423435 -0.720789
53 1.058428 0.000000 0.000000 0.015106 0.038913 0.767157
54 0.778706 0.000000 0.000000 0.004785 0.022541 0.418310
55 4.041916 5.169765 -8.467939 0.135893 0.033477 0.048881
56 -0.044717 2.529041 4.661499 -0.010459 0.297006 0.207883
time 85
1 -2.789014 3.458090 36.177940 1.386831 0.017239 -0.854608
2 0.000000 0.000000 0.000000 -0.000000 -0.000000 -0.000000
3 3.890452 -0.000007 -0.000003 -2.126333 0.097064 -1.091295
4 17.848179 0.000000 0.000000 0.000000 0.000000 0.559335
5 15.637959 0.000000 0.000000 -9.624048 -3.423066 8.217049
6 7.110240 0.000000 0.000000 6.276066 -0.003133 -0.631765
7 -3.890452 0.000003 0.000008 -1.526561 -0.114674 -1.543680
8 17.848181 0.000000 0.000000 0.000000 0.000000 0.594184
9 15.637958 0.000000 0.000000 -0.084977 -0.083130 -1.221110
10 7.110240 0.000000 0.000000 6.202033 -0.003133 -0.631765
11 0.000005 3.345127 -2.981901 1.910266 0.035352 1.856275
12 4.018332 0.000000 0.000000 0.073192 -0.153486 0.127893
13 3.518567 0.000000 0.000000 0.107756 -0.049110 0.205542
14 8.942634 0.000000 0.000000 -0.126754 0.122292 0.221517
15 3.307272 0.000000 0.000000 3.141591 0.000000 0.400478
16 3.593713 0.000000 0.000000 -0.294510 0.110607 0.387370
17 2.033351 1.000771 1.100821 -0.756093 -1.613444 -0.995089
18 6.811800 0.000000 0.000000 -1.223059 -0.095579 -1.293817
19 12.394105 0.000000 0.000000 0.000000 0.000000 -1.666951
20 9.334690 0.000001 -0.000032 -0.073566 -0.408919 0.362558
21 4.610123 -0.122605 -1.406946 -0.513267 0.072291 -1.288224
22 1.191884 0.000000 0.000000 -0.163027 0.224047 -1.466962
23 0.945939 0.000000 0.000000 -0.068871 0.147979 -0.913117
24 4.605128 0.071046 -0.574018 -0.157261 0.007109 -0.685616
25 1.430263 0.000000 0.000000 -0.068563 0.062695 -1.808644
26 1.155766 0.000000 0.000000 -0.005433 0.026725 -0.524005
27 4.454865 -0.071046 0.574018 0.095492 -0.008588 -0.706366
28 1.426183 0.000000 0.000000 0.055915 -0.087980 -1.504213
29 1.324319 0.000000 0.000000 0.009317 -0.033630 -0.575091
30 4.479185 -0.026371 1.583719 0.481659 -0.035384 -1.246107
31 1.341888 0.000000 0.000000 0.023475 -0.208312 -0.755745
32 1.225941 0.000000 0.000000 0.026045 -0.124622 -0.538683
33 2.631852 -0.344645 1.908319 -0.354021 -0.915168 -1.788213
34 1.058429 0.000000 0.000000 -0.001069 -0.012855 0.251002
35 0.778706 0.000000 0.000000 -0.000101 -0.003217 0.062752
36 2.033354 1.000773 -1.100771 -0.035453 1.947898 -1.725979
37 6.811801 0.000000 0.000000 1.034898 0.064438 -0.884089
38 12.394103 0.000000 0.000000 0.000000 0.000000 -1.834725
39 9.334718 0.000000 0.000000 -1.022088 -0.367137 -0.006771
40 4.610092 -0.109559 1.408022 0.217767 -0.010340 -1.857607
41 1.191885 0.000000 0.000000 0.044560 -0.180938 -0.876601
42 0.945938 0.000000 0.000000 0.155228 -0.190276 -1.393021
43 4.605097 0.076364 0.573335 0.139630 -0.069408 -0.865173
44 1.430257 0.000000 0.000000 0.049426 -0.072767 -1.413300
45 1.155767 0.000000 0.000000 0.018371 -0.045481 -0.841346
46 4.454831 -0.076364 -0.573335 0.047705 -0.153456 -0.767483
47 1.426188 0.000000 0.000000 -0.053883 0.078891 -1.553286
48 1.324319 0.000000 0.000000 -0.013612 0.036969 -0.732283
49 4.479149 -0.041050 -1.583407 -0.332628 0.218366 0.154976
50 1.341885 0.000000 0.000000 -0.042633 0.220746 -0.851609
51 1.225945 0.000000 0.000000 0.008155 -0.000000 0.000001
52 2.631822 -0.362328 -1.905043 0.415059 0.423435 -0.720789
53 1.058428 0.000000 0.000000 0.015106 0.038913 0.767157
54 0.778706 0.000000 0.000000 0.004785 0.022541 0.418310
55 4.041916 5.169765 -8.467939 0.138649 0.033393 0.055085
56 -0.044717 2.529041 4.661499 -0.010430 0.296993 0.207892
time 86
1 -2.575521 3.457052 36.299263 1.380286 0.013360 -0.836481
2 0.000000 0.000000 0.000000 -0.000000 -0.000000 -0.000000
3 3.890452 -0.000007 -0.000003 -2.129339 0.096162 -1.103565
4 17.848179 0.000000 0.000000 0.000000 0.000000 0.548093
5 15.637959 0.000000 0.000000 -9.603431 -3.431305 8.229797
6 7.110240 0.000000 0.000000 6.276066 -0.003133 -0.631765
7 -3.890452 0.000003 0.000008 -1.527222 -0.101041 -1.552439
8 17.848181 0.000000 0.000000 0.000000 0.000000 0.573427
9 15.637958 0.000000 0.000000 -0.070412 -0.072549 -1.208692
10 7.110240 0.000000 0.000000 6.202033 -0.003133 -0.631765
11 0.000005 3.345127 -2.981901 1.910266 0.035352 1.856275
12 4.018332 0.000000 0.000000 0.073106 -0.146482 0.128412
13 3.518567 0.000000 0.000000 0.098120 -0.055289 0.205177
14 8.942634 0.000000 0.000000 -0.118743 0.120728 0.221691
15 3.307272 0.000000 0.000000 3.141591 -0.000000 0.400478
16 3.593713 0.000000 0.000000 -0.218419 0.102702 0.403690
17 2.033351 1.000771 1.100821 -0.756092 -1.613444 -0.995090
18 6.811800 0.000000 0.000000 -1.213307 -0.090565 -1.305694
19 12.394105 0.000000 0.000000 0.000000 0.000000 -1.646170
20 9.334690 0.000001 -0.000032 -0.068449 -0.412045 0.334589
21 4.610123 -0.122605 -1.406946 -0.513267 0.072291 -1.288225
22 1.191884 0.000000 0.000000 -0.163027 0.224047 -1.466962
23 0.945939 0.000000 0.000000 -0.068871 0.147979 -0.913117
24 4.605128 0.071046 -0.574018 -0.157261 0.007109 -0.685616
25 1.430263 0.000000 0.000000 -0.068563 0.062695 -1.808644
26 1.155766 0.000000 0.000000 -0.005433 0.026725 -0.524005
27 4.454865 -0.071046 0.574018 0.095492 -0.008588 -0.706366
28 1.426183 0.000000 0.000000 0.055915 -0.087980 -1.504213
29 1.324319 0.000000 0.000000 0.009317 -0.033630 -0.575091
30 4.479185 -0.026371 1.583719 0.481659 -0.035384 -1.246107
31 1.341888 0.000000 0.000000 0.023475 -0.208313 -0.755745
32 1.225941 0.000000 0.000000 0.026045 -0.124622 -0.538684
33 2.631852 -0.344645 1.908319 -0.354021 -0.915169 -1.788213
34 1.058429 0.000000 0.000000 -0.001069 -0.012855 0.251002
35 0.778706 0.000000 0.000000 -0.000101 -0.003217 0.062752
36 2.033354 1.000773 -1.100771 -0.035453 1.947898 -1.725979
37 6.811801 0.000000 0.000000 1.033781 0.042763 -0.887695
38 12.394103 0.000000 0.000000 0.000000 0.000000 -1.834725
39 9.334718 0.000000 0.000000 -1.040180 -0.366767 -0.006880
40 4.610092 -0.109559 1.408022 0.217767 -0.010340 -1.857608
41 1.191885 0.000000 0.000000 0.044561 -0.180938 -0.876601
42 0.945938 0.000000 0.000000 0.155228 -0.190276 -1.393021
43 4.605097 0.076364 0.573335 0.139630 -0.069408 -0.865173
44 1.430257 0.000000 0.000000 0.049426 -0.072767 -1.413300
45 1.155767 0.000000 0.000000 0.018371 -0.045481 -0.841346
46 4.454831 -0.076364 -0.573335 0.047705 -0.153456 -0.767483
47 1.426188 0.000000 0.000000 -0.053883 0.078891 -1.553286
48 1.324319 0.000000 0.000000 -0.013612 0.036969 -0.732283
49 4.479149 -0.041050 -1.583407 -0.332628 0.218366 0.154976
50 1.341885 0.000000 0.000000 -0.042633 0.220746 -0.851609
51 1.225945 0.000000 0.000000 0.008155 -0.000000 0.000001
52 2.631822 -0.362328 -1.905043 0.415058 0.423435 -0.720790
53 1.058428 0.000000 0.000000 0.015106 0.038913 0.767157
54 0.778706 0.000000 0.000000 0.004785 0.022541 0.418310
55 4.041916 5.169765 -8.467939 0.141536 0.033286 0.061583
56 -0.044717 2.529041 4.661499 -0.010401 0.296979 0.207901
time 87
1 -2.365335 3.456041 36.418400 1.373644 0.009316 -0.818261
2 0.000000 0.000000 0.000000 -0.000000 -0.000000 -0.000000
3 3.890452 -0.000007 -0.000003 -2.132256 0.095952 -1.116466
4 17.848179 0.000000 0.000000 0.000000 0.000000 0.535946
5 15.637959 0.000000 0.000000 -9.582794 -3.439447 8.243051
6 7.110240 0.000000 0.000000 6.276066 -0.003133 -0.631765
7 -3.890452 0.000003 0.000008 -1.527944 -0.086938 -1.561410
8 17.848181 0.000000 0.000000 0.000000 0.000000 0.552401
9 15.637958 0.000000 0.000000 -0.055836 -0.061978 -1.196137
10 7.110240 0.000000 0.000000 6.202033 -0.003133 -0.631765
11 0.000005 3.345127 -2.981901 1.910266 0.035352 1.856275
12 4.018332 0.000000 0.000000 0.073022 -0.139351 0.128939
13 3.518567 0.000000 0.000000 0.088243 -0.061457 0.204879
14 8.942634 0.000000 0.000000 -0.110723 0.119160 0.221852
15 3.307272 0.000000 0.000000 3.141591 -0.000000 0.400478
16 3.593713 0.000000 0.000000 -0.142056 0.093290 0.419549
17 2.033351 1.000771 1.100821 -0.756094 -1.613444 -0.995088
18 6.811800 0.000000 0.000000 -1.203960 -0.085359 -1.317336
19 12.394105 0.000000 0.000000 0.000000 0.000000 -1.625681
20 9.334690 0.000001 -0.000032 -0.063601 -0.415120 0.306954
21 4.610123 -0.122605 -1.406946 -0.513267 0.072291 -1.288224
22 1.191884 0.000000 0.000000 -0.163028 0.224047 -1.466962
23 0.945939 0.000000 0.000000 -0.068871 0.147979 -0.913117
24 4.605128 0.071046 -0.574018 -0.157261 0.007109 -0.685616
25 1.430263 0.000000 0.000000 -0.068563 0.062695 -1.808645
26 1.155766 0.000000 0.000000 -0.005433 0.026725 -0.524005
27 4.454865 -0.071046 0.574018 0.095492 -0.008588 -0.706366
28 1.426183 0.000000 0.000000 0.055916 -0.087980 -1.504213
29 1.324319 0.000000 0.000000 0.009317 -0.033630 -0.575091
30 4.479185 -0.026371 1.583719 0.481659 -0.035384 -1.246107
31 1.341888 0.000000 0.000000 0.023475 -0.208313 -0.755745
32 1.225941 0.000000 0.000000 0.026045 -0.124622 -0.538683
33 2.631852 -0.344645 1.908319 -0.354021 -0.915168 -1.788213
34 1.058429 0.000000 0.000000 -0.001069 -0.012855 0.251002
35 0.778706 0.000000 0.000000 -0.000101 -0.003217 0.062752
36 2.033354 1.000773 -1.100771 -0.035453 1.947898 -1.725979
37 6.811801 0.000000 0.000000 1.032601 0.021501 -0.891040
38 12.394103 0.000000 0.000000 0.000000 0.000000 -1.834725
39 9.334718 0.000000 0.000000 -1.057997 -0.366404 -0.006995
40 4.610092 -0.109559 1.408022 0.217767 -0.010340 -1.857608
41 1.191885 0.000000 0.000000 0.044560 -0.180938 -0.876601
42 0.945938 0.000000 0.000000 0.155228 -0.190276 -1.393021
43 4.605097 0.076364 0.573335 0.139630 -0.069408 -0.865173
44 1.430257 0.000000 0.000000 0.049426 -0.072767 -1.413300
45 1.155767 0.000000 0.000000 0.018371 -0.045481 -0.841346
46 4.454831 -0.076364 -0.573335 0.047705 -0.153456 -0.767483
47 1.426188 0.000000 0.000000 -0.053883 0.078891 -1.553286
48 1.324319 0.000000 0.000000 -0.013612 0.036969 -0.732283
49 4.479149 -0.041050 -1.583407 -0.332628 0.218366 0.154976
50 1.341885 0.000000 0.000000 -0.042633 0.220746 -0.851609
51 1.225945 0.000000 0.000000 0.008155 -0.000000 0.000001
52 2.631822 -0.362328 -1.905043 0.415059 0.423435 -0.720789
53 1.058428 0.000000 0.000000 0.015106 0.038913 0.767157
54 0.778706 0.000000 0.000000 0.004785 0.022541 0.418310
55 4.041916 5.169765 -8.467939 0.144474 0.033158 0.068199
56 -0.044717 2.529041 4.661499 -0.010373 0.296966 0.207909
time 88
1 -2.159360 3.455063 36.535118 1.366945 0.005534 -0.800051
2 0.000000 0.000000 0.000000 -0.000000 -0.000000 -0.000000
3 3.890452 -0.000007 -0.000003 -2.134990 0.096375 -1.129458
4 17.848179 0.000000 0.000000 0.000000 0.000000 0.523029
5 15.637959 0.000000 0.000000 -9.562283 -3.447473 8.256712
6 7.110240 0.000000 0.000000 6.276066 -0.003133 -0.631765
7 -3.890452 0.000003 0.000008 -1.528630 -0.072154 -1.570127
8 17.848181 0.000000 0.000000 0.000000 0.000000 0.530606
9 15.637958 0.000000 0.000000 -0.041351 -0.051479 -1.183191
10 7.110240 0.000000 0.000000 6.202033 -0.003133 -0.631765
11 0.000005 3.345127 -2.981901 1.910267 0.035352 1.856275
12 4.018332 0.000000 0.000000 0.072943 -0.132284 0.129461
13 3.518567 0.000000 0.000000 0.078484 -0.067634 0.204636
14 8.942634 0.000000 0.000000 -0.102709 0.117592 0.222001
15 3.307272 0.000000 0.000000 3.141590 0.000000 0.400478
16 3.593713 0.000000 0.000000 -0.066152 0.082710 0.434478
17 2.033351 1.000771 1.100821 -0.756091 -1.613444 -0.995090
18 6.811800 0.000000 0.000000 -1.194897 -0.080411 -1.328483
19 12.394105 0.000000 0.000000 0.000000 0.000000 -1.605536
20 9.334690 0.000001 -0.000032 -0.059154 -0.417973 0.280100
21 4.610123 -0.122605 -1.406946 -0.513267 0.072291 -1.288225
22 1.191884 0.000000 0.000000 -0.163028 0.224047 -1.466962
23 0.945939 0.000000 0.000000 -0.068871 0.147979 -0.913117
24 4.605128 0.071046 -0.574018 -0.157261 0.007109 -0.685616
25 1.430263 0.000000 0.000000 -0.068563 0.062695 -1.808645
26 1.155766 0.000000 0.000000 -0.005433 0.026725 -0.524005
27 4.454865 -0.071046 0.574018 0.095492 -0.008588 -0.706366
28 1.426183 0.000000 0.000000 0.055916 -0.087980 -1.504213
29 1.324319 0.000000 0.000000 0.009317 -0.033630 -0.575091
30 4.479185 -0.026371 1.583719 0.481659 -0.035384 -1.246107
31 1.341888 0.000000 0.000000 0.023475 -0.208313 -0.755745
32 1.225941 0.000000 0.000000 0.026045 -0.124622 -0.538683
33 2.631852 -0.344645 1.908319 -0.354021 -0.915168 -1.788213
34 1.058429 0.000000 0.000000 -0.001068 -0.012855 0.251002
35 0.778706 0.000000 0.000000 -0.000101 -0.003217 0.062752
36 2.033354 1.000773 -1.100771 -0.035452 1.947898 -1.725979
37 6.811801 0.000000 0.000000 1.031628 0.000632 -0.894326
38 12.394103 0.000000 0.000000 0.000000 0.000000 -1.834725
39 9.334718 0.000000 0.000000 -1.075463 -0.366050 -0.007114
40 4.610092 -0.109559 1.408022 0.217767 -0.010340 -1.857607
41 1.191885 0.000000 0.000000 0.044560 -0.180938 -0.876601
42 0.945938 0.000000 0.000000 0.155228 -0.190276 -1.393021
43 4.605097 0.076364 0.573335 0.139630 -0.069408 -0.865173
44 1.430257 0.000000 0.000000 0.049426 -0.072767 -1.413300
45 1.155767 0.000000 0.000000 0.018371 -0.045481 -0.841346
46 4.454831 -0.076364 -0.573335 0.047705 -0.153456 -0.767483
47 1.426188 0.000000 0.000000 -0.053883 0.078891 -1.553286
48 1.324319 0.000000 0.000000 -0.013612 0.036969 -0.732283
49 4.479149 -0.041050 -1.583407 -0.332628 0.218366 0.154976
50 1.341885 0.000000 0.000000 -0.042633 0.220746 -0.851609
51 1.225945 0.000000 0.000000 0.008155 -0.000000 0.000001
52 2.631822 -0.362328 -1.905043 0.415059 0.423435 -0.720789
53 1.058428 0.000000 0.000000 0.015106 0.038913 0.767157
54 0.778706 0.000000 0.000000 0.004785 0.022541 0.418310
55 4.041916 5.169765 -8.467939 0.147385 0.033012 0.074755
56 -0.044717 2.529041 4.661499 -0.010346 0.296953 0.207917
time 89
1 -1.958500 3.454126 36.649254 1.360247 0.002441 -0.781958
2 0.000000 0.000000 0.000000 -0.000000 -0.000000 -0.000000
3 3.890452 -0.000007 -0.000003 -2.137449 0.097342 -1.141992
4 17.848179 0.000000 0.000000 0.000000 0.000000 0.509517
5 15.637959 0.000000 0.000000 -9.542049 -3.455367 8.270653
6 7.110240 0.000000 0.000000 6.276066 -0.003133 -0.631765
7 -3.890452 0.000003 0.000008 -1.529172 -0.056454 -1.578118
8 17.848181 0.000000 0.000000 0.000000 0.000000 0.507449
9 15.637958 0.000000 0.000000 -0.027062 -0.041111 -1.169555
10 7.110240 0.000000 0.000000 6.202033 -0.003133 -0.631765
11 0.000005 3.345127 -2.981901 1.910266 0.035352 1.856275
12 4.018332 0.000000 0.000000 0.072870 -0.125470 0.129962
13 3.518567 0.000000 0.000000 0.069202 -0.073843 0.204432
14 8.942634 0.000000 0.000000 -0.094714 0.116026 0.222137
15 3.307272 0.000000 0.000000 3.141590 -0.000000 0.400478
16 3.593713 0.000000 0.000000 0.008586 0.071393 0.448122
17 2.033351 1.000771 1.100821 -0.756092 -1.613444 -0.995090
18 6.811800 0.000000 0.000000 -1.185979 -0.076136 -1.338876
19 12.394105 0.000000 0.000000 0.000000 0.000000 -1.585821
20 9.334690 0.000001 -0.000032 -0.055247 -0.420452 0.254488
21 4.610123 -0.122605 -1.406946 -0.513267 0.072291 -1.288225
22 1.191884 0.000000 0.000000 -0.163028 0.224047 -1.466962
23 0.945939 0.000000 0.000000 -0.068871 0.147979 -0.913117
24 4.605128 0.071046 -0.574018 -0.157261 0.007109 -0.685616
25 1.430263 0.000000 0.000000 -0.068563 0.062695 -1.808644
26 1.155766 0.000000 0.000000 -0.005433 0.026725 -0.524005
27 4.454865 -0.071046 0.574018 0.095492 -0.008588 -0.706366
28 1.426183 0.000000 0.000000 0.055915 -0.087980 -1.504213
29 1.324319 0.000000 0.000000 0.009317 -0.033630 -0.575091
30 4.479185 -0.026371 1.583719 0.481659 -0.035384 -1.246107
31 1.341888 0.000000 0.000000 0.023475 -0.208313 -0.755745
32 1.225941 0.000000 0.000000 0.026045 -0.124622 -0.538683
33 2.631852 -0.344645 1.908319 -0.354021 -0.915169 -1.788213
34 1.058429 0.000000 0.000000 -0.001069 -0.012855 0.251002
35 0.778706 0.000000 0.000000 -0.000101 -0.003217 0.062752
36 2.033354 1.000773 -1.100771 -0.035453 1.947898 -1.725979
37 6.811801 0.000000 0.000000 1.031134 -0.019860 -0.897777
38 12.394103 0.000000 0.000000 0.000000 0.000000 -1.834725
39 9.334718 0.000000 0.000000 -1.092505 -0.365707 -0.007236
40 4.610092 -0.109559 1.408022 0.217767 -0.010340 -1.857607
41 1.191885 0.000000 0.000000 0.044560 -0.180938 -0.876601
42 0.945938 0.000000 0.000000 0.155228 -0.190276 -1.393021
43 4.605097 0.076364 0.573335 0.139630 -0.069408 -0.865173
44 1.430257 0.000000 0.000000 0.049426 -0.072767 -1.413300
45 1.155767 0.000000 0.000000 0.018371 -0.045481 -0.841346
46 4.454831 -0.076364 -0.573335 0.047705 -0.153456 -0.767483
47 1.426188 0.000000 0.000000 -0.053883 0.078891 -1.553286
48 1.324319 0.000000 0.000000 -0.013612 0.036969 -0.732283
49 4.479149 -0.041050 -1.583407 -0.332628 0.218366 0.154976
50 1.341885 0.000000 0.000000 -0.042633 0.220746 -0.851609
51 1.225945 0.000000 0.000000 0.008155 -0.000000 0.000001
52 2.631822 -0.362328 -1.905043 0.415059 0.423435 -0.720789
53 1.058428 0.000000 0.000000 0.015106 0.038913 0.767157
54 0.778706 0.000000 0.000000 0.004785 0.022541 0.418310
55 4.041916 5.169765 -8.467939 0.150190 0.032853 0.081075
56 -0.044717 2.529041 4.661499 -0.010319 0.296940 0.207924
time 90
1 -1.763653 3.453236 36.760643 1.353623 0.000457 -0.764096
2 0.000000 0.000000 0.000000 -0.000000 -0.000000 -0.000000
3 3.890452 -0.000007 -0.000003 -2.139546 0.098722 -1.153498
4 17.848179 0.000000 0.000000 0.000000 0.000000 0.495645
5 15.637959 0.000000 0.000000 -9.522234 -3.463120 8.284713
6 7.110240 0.000000 0.000000 6.276066 -0.003133 -0.631765
7 -3.890452 0.000003 0.000008 -1.529459 -0.039571 -1.584902
8 17.848181 0.000000 0.000000 0.000000 0.000000 0.482235
9 15.637958 0.000000 0.000000 -0.013075 -0.030932 -1.154878
10 7.110240 0.000000 0.000000 6.202033 -0.003133 -0.631765
11 0.000005 3.345127 -2.981901 1.910266 0.035352 1.856275
12 4.018332 0.000000 0.000000 0.072805 -0.119100 0.130431
13 3.518567 0.000000 0.000000 0.060756 -0.080106 0.204246
14 8.942634 0.000000 0.000000 -0.086754 0.114466 0.222259
15 3.307272 0.000000 0.000000 3.141590 0.000000 0.400478
16 3.593713 0.000000 0.000000 0.081475 0.059838 0.460244
17 2.033351 1.000771 1.100821 -0.756092 -1.613444 -0.995090
18 6.811800 0.000000 0.000000 -1.177050 -0.072909 -1.348256
19 12.394105 0.000000 0.000000 0.000000 0.000000 -1.566666
20 9.334690 0.000001 -0.000032 -0.052024 -0.422415 0.230596
21 4.610123 -0.122605 -1.406946 -0.513267 0.072291 -1.288224
22 1.191884 0.000000 0.000000 -0.163028 0.224047 -1.466962
23 0.945939 0.000000 0.000000 -0.068871 0.147979 -0.913117
24 4.605128 0.071046 -0.574018 -0.157261 0.007109 -0.685616
25 1.430263 0.000000 0.000000 -0.068563 0.062695 -1.808644
26 1.155766 0.000000 0.000000 -0.005433 0.026725 -0.524005
27 4.454865 -0.071046 0.574018 0.095492 -0.008588 -0.706366
28 1.426183 0.000000 0.000000 0.055915 -0.087980 -1.504213
29 1.324319 0.000000 0.000000 0.009317 -0.033630 -0.575091
30 4.479185 -0.026371 1.583719 0.481659 -0.035384 -1.246107
31 1.341888 0.000000 0.000000 0.023475 -0.208312 -0.755745
32 1.225941 0.000000 0.000000 0.026045 -0.124622 -0.538684
33 2.631852 -0.344645 1.908319 -0.354021 -0.915169 -1.788213
34 1.058429 0.000000 0.000000 -0.001069 -0.012855 0.251002
35 0.778706 0.000000 0.000000 -0.000101 -0.003217 0.062752
36 2.033354 1.000773 -1.100771 -0.035453 1.947898 -1.725979
37 6.811801 0.000000 0.000000 1.031387 -0.039996 -0.901638
38 12.394103 0.000000 0.000000 0.000000 0.000000 -1.834725
39 9.334718 0.000000 0.000000 -1.109048 -0.365375 -0.007361
40 4.610092 -0.109559 1.408022 0.217767 -0.010340 -1.857607
41 1.191885 0.000000 0.000000 0.044560 -0.180938 -0.876601
42 0.945938 0.000000 0.000000 0.155228 -0.190276 -1.393021
43 4.605097 0.076364 0.573335 0.139630 -0.069408 -0.865173
44 1.430257 0.000000 0.000000 0.049426 -0.072767 -1.413300
45 1.155767 0.000000 0.000000 0.018371 -0.045481 -0.841346
46 4.454831 -0.076364 -0.573335 0.047705 -0.153456 -0.767483
47 1.426188 0.000000 0.000000 -0.053883 0.078891 -1.553286
48 1.324319 0.000000 0.000000 -0.013612 0.036969 -0.732283
49 4.479149 -0.041050 -1.583407 -0.332628 0.218366 0.154976
50 1.341885 0.000000 0.000000 -0.042633 0.220746 -0.851609
51 1.225945 0.000000 0.000000 0.008155 -0.000000 0.000001
52 2.631822 -0.362328 -1.905043 0.415059 0.423435 -0.720789
53 1.058428 0.000000 0.000000 0.015106 0.038913 0.767157
54 0.778706 0.000000 0.000000 0.004785 0.022541 0.418310
55 4.041916 5.169765 -8.467939 0.152812 0.032688 0.086984
56 -0.044717 2.529041 4.661499 -0.010293 0.296928 0.207931
end
