version 1
nodes
0 "ValveBiped.Soldier_Mesh" -1
1 "ValveBiped.Bip01" -1
2 "ValveBiped.Bip01_Pelvis" 1
3 "ValveBiped.Bip01_L_Thigh" 2
4 "ValveBiped.Bip01_L_Calf" 3
5 "ValveBiped.Bip01_L_Foot" 4
6 "ValveBiped.Bip01_L_Toe0" 5
7 "ValveBiped.Bip01_R_Thigh" 2
8 "ValveBiped.Bip01_R_Calf" 7
9 "ValveBiped.Bip01_R_Foot" 8
10 "ValveBiped.Bip01_R_Toe0" 9
11 "ValveBiped.Bip01_Spine" 1
12 "ValveBiped.Bip01_Spine1" 11
13 "ValveBiped.Bip01_Spine2" 12
14 "ValveBiped.Bip01_Spine4" 13
15 "ValveBiped.Bip01_Neck1" 14
16 "ValveBiped.Bip01_Head1" 15
17 "ValveBiped.Bip01_L_Clavicle" 14
18 "ValveBiped.Bip01_L_UpperArm" 17
19 "ValveBiped.Bip01_L_Forearm" 18
20 "ValveBiped.Bip01_L_Hand" 19
21 "ValveBiped.Bip01_L_Finger4" 20
22 "ValveBiped.Bip01_L_Finger41" 21
23 "ValveBiped.Bip01_L_Finger42" 22
24 "ValveBiped.Bip01_L_Finger3" 20
25 "ValveBiped.Bip01_L_Finger31" 24
26 "ValveBiped.Bip01_L_Finger32" 25
27 "ValveBiped.Bip01_L_Finger2" 20
28 "ValveBiped.Bip01_L_Finger21" 27
29 "ValveBiped.Bip01_L_Finger22" 28
30 "ValveBiped.Bip01_L_Finger1" 20
31 "ValveBiped.Bip01_L_Finger11" 30
32 "ValveBiped.Bip01_L_Finger12" 31
33 "ValveBiped.Bip01_L_Finger0" 20
34 "ValveBiped.Bip01_L_Finger01" 33
35 "ValveBiped.Bip01_L_Finger02" 34
36 "ValveBiped.Bip01_R_Clavicle" 14
37 "ValveBiped.Bip01_R_UpperArm" 36
38 "ValveBiped.Bip01_R_Forearm" 37
39 "ValveBiped.Bip01_R_Hand" 38
40 "ValveBiped.Bip01_R_Finger4" 39
41 "ValveBiped.Bip01_R_Finger41" 40
42 "ValveBiped.Bip01_R_Finger42" 41
43 "ValveBiped.Bip01_R_Finger3" 39
44 "ValveBiped.Bip01_R_Finger31" 43
45 "ValveBiped.Bip01_R_Finger32" 44
46 "ValveBiped.Bip01_R_Finger2" 39
47 "ValveBiped.Bip01_R_Finger21" 46
48 "ValveBiped.Bip01_R_Finger22" 47
49 "ValveBiped.Bip01_R_Finger1" 39
50 "ValveBiped.Bip01_R_Finger11" 49
51 "ValveBiped.Bip01_R_Finger12" 50
52 "ValveBiped.Bip01_R_Finger0" 39
53 "ValveBiped.Bip01_R_Finger01" 52
54 "ValveBiped.Bip01_R_Finger02" 53
55 "ValveBiped.Pouch" 2
56 "ValveBiped.Cod" 2
end
skeleton
time 0
0 -0.011368 2.160217 0.001423 0.000000 0.000000 0.000000
1 0.110334 -0.100325 36.054123 1.577187 -0.000000 0.219349
2 0.000000 0.000000 0.000000 -0.000002 -0.000000 0.000002
3 3.890452 -0.000007 -0.000003 -1.511662 0.336495 -1.269722
4 17.848179 0.000000 0.000000 0.000000 0.000000 0.994136
5 15.637959 0.000000 0.000000 -9.481127 -3.311087 8.406045
6 7.110240 0.000000 0.000000 6.275466 -0.002073 -0.434618
7 -3.890452 0.000003 0.000008 -1.239116 -0.691414 -1.862069
8 17.848181 0.000000 0.000000 0.000000 0.000000 0.400595
9 15.637958 0.000000 0.000000 0.126363 -0.083931 -1.444058
10 7.110240 0.000000 0.000000 6.207071 -0.005560 -1.566109
11 0.000005 3.345127 -2.981901 1.603606 0.292027 1.563044
12 4.018332 0.000000 0.000000 -0.227229 -0.034142 0.184001
13 3.518567 0.000000 0.000000 -0.226778 0.011041 0.200074
14 8.942634 0.000000 0.000000 -0.001217 0.050310 0.249912
15 3.307272 0.000000 0.000000 3.141591 0.000000 0.400478
16 3.593713 0.000000 0.000000 0.358864 0.113471 0.469947
17 2.033351 1.000771 1.100821 -1.293379 -1.729723 -0.453206
18 6.811800 0.000000 0.000000 -1.441867 -0.199500 -1.186617
19 12.394105 0.000000 0.000000 0.000000 0.000000 -1.746124
20 9.334690 0.000001 -0.000032 -0.322048 0.324373 0.215946
21 4.610123 -0.122605 -1.406946 -0.453661 0.191064 -0.842444
22 1.191884 0.000000 0.000000 -0.065360 0.190537 -1.000731
23 0.945939 0.000000 0.000000 -0.015409 0.082975 -0.457312
24 4.605128 0.071046 -0.574018 -0.157421 -0.004556 -0.810738
25 1.430263 0.000000 0.000000 -0.023657 0.057261 -1.091732
26 1.155766 0.000000 0.000000 0.000979 0.008951 -0.168340
27 4.454865 -0.071046 0.574018 0.096295 -0.007833 -0.804105
28 1.426183 0.000000 0.000000 0.023873 -0.079632 -1.125969
29 1.324319 0.000000 0.000000 0.009317 -0.033630 -0.575091
30 4.479185 -0.026371 1.583719 0.476661 -0.055423 -1.136103
31 1.341888 0.000000 0.000000 0.023475 -0.208313 -0.755745
32 1.225941 0.000000 0.000000 0.026045 -0.124622 -0.538683
33 2.631852 -0.344645 1.908319 -0.354022 -0.915168 -1.788213
34 1.058429 0.000000 0.000000 0.000554 0.000002 -0.000004
35 0.778706 0.000000 0.000000 -0.000472 0.006935 -0.135957
36 2.033354 1.000773 -1.100771 0.356959 1.740124 -1.319371
37 6.811801 0.000000 0.000000 1.053553 0.127527 -0.963767
38 12.394103 0.000000 0.000000 0.000000 0.000000 -1.817738
39 9.334718 0.000000 0.000000 -1.279317 -0.302215 -0.035555
40 4.610092 -0.109559 1.408022 0.215959 0.006794 -0.915272
41 1.191885 0.000000 0.000000 0.044560 -0.180938 -0.876601
42 0.945938 0.000000 0.000000 0.155228 -0.190276 -1.393021
43 4.605097 0.076364 0.573335 0.139630 -0.069408 -0.865173
44 1.430257 0.000000 0.000000 0.049426 -0.072767 -1.413300
45 1.155767 0.000000 0.000000 0.018371 -0.045481 -0.841346
46 4.454831 -0.076364 -0.573335 0.047705 -0.153456 -0.767483
47 1.426188 0.000000 0.000000 -0.053883 0.078891 -1.553286
48 1.324319 0.000000 0.000000 -0.013612 0.036969 -0.732283
49 4.479149 -0.041050 -1.583407 -0.332118 -0.154805 0.170762
50 1.341885 0.000000 0.000000 -0.042633 0.220746 -0.851609
51 1.225945 0.000000 0.000000 0.008155 -0.000000 0.000001
52 2.631822 -0.362328 -1.905043 0.415059 0.423435 -0.720789
53 1.058428 0.000000 0.000000 0.015106 0.038913 0.767157
54 0.778706 0.000000 0.000000 0.004785 0.022541 0.418310
55 4.041916 5.169765 -8.467939 0.000000 -0.392699 0.000000
56 -0.044717 2.529041 4.661499 -0.039270 0.000000 0.000000
time 1
1 -0.525967 -6.394089 35.367371 1.568452 -0.000000 0.220084
2 0.000000 0.000000 0.000000 -0.000002 -0.000000 -0.018446
3 3.890452 -0.000007 -0.000003 -1.451409 0.268450 -1.236461
4 17.848179 0.000000 0.000000 0.000000 0.000000 1.250648
5 15.637959 0.000000 0.000000 -9.951874 -3.639989 8.164903
6 7.110240 0.000000 0.000000 6.275466 -0.002073 -0.434618
7 -3.890452 0.000003 0.000008 -1.094871 -0.665601 -1.884937
8 17.848181 0.000000 0.000000 0.000000 0.000000 0.471110
9 15.637958 0.000000 0.000000 0.157959 -0.188796 -1.352421
10 7.110240 0.000000 0.000000 6.207071 -0.005560 -1.566109
11 0.000005 3.345127 -2.981901 1.602006 0.291985 1.544533
12 4.018332 0.000000 0.000000 -0.193592 -0.035561 0.141795
13 3.518567 0.000000 0.000000 -0.194701 -0.001422 0.134803
14 8.942634 0.000000 0.000000 0.002215 0.026241 0.173287
15 3.307272 0.000000 0.000000 3.141591 0.000000 0.400478
16 3.593713 0.000000 0.000000 0.307310 0.081322 0.286281
17 2.033351 1.000771 1.100821 -1.293379 -1.729723 -0.453206
18 6.811800 0.000000 0.000000 -1.386836 0.015848 -1.083276
19 12.394105 0.000000 0.000000 0.000000 0.000000 -1.760427
20 9.334690 0.000001 -0.000032 -0.439879 0.233575 0.098861
21 4.610123 -0.122605 -1.406946 -0.453661 0.191064 -0.842444
22 1.191884 0.000000 0.000000 -0.065360 0.190537 -1.000731
23 0.945939 0.000000 0.000000 -0.015409 0.082975 -0.457313
24 4.605128 0.071046 -0.574018 -0.157420 -0.004556 -0.810738
25 1.430263 0.000000 0.000000 -0.023657 0.057261 -1.091732
26 1.155766 0.000000 0.000000 0.000979 0.008951 -0.168340
27 4.454865 -0.071046 0.574018 0.096295 -0.007833 -0.804105
28 1.426183 0.000000 0.000000 0.023873 -0.079632 -1.125969
29 1.324319 0.000000 0.000000 0.009317 -0.033630 -0.575091
30 4.479185 -0.026371 1.583719 0.476661 -0.055423 -1.136103
31 1.341888 0.000000 0.000000 0.023475 -0.208313 -0.755745
32 1.225941 0.000000 0.000000 0.026045 -0.124622 -0.538684
33 2.631852 -0.344645 1.908319 -0.354022 -0.915168 -1.788213
34 1.058429 0.000000 0.000000 0.000554 0.000002 -0.000004
35 0.778706 0.000000 0.000000 -0.000472 0.006935 -0.135957
36 2.033354 1.000773 -1.100771 0.497542 1.753716 -1.176303
37 6.811801 0.000000 0.000000 0.941074 0.058206 -1.021119
38 12.394103 0.000000 0.000000 0.000000 0.000000 -1.785547
39 9.334718 0.000000 0.000000 -1.339159 -0.321572 0.009239
40 4.610092 -0.109559 1.408022 0.215959 0.006794 -0.915272
41 1.191885 0.000000 0.000000 0.044560 -0.180938 -0.876601
42 0.945938 0.000000 0.000000 0.155228 -0.190276 -1.393021
43 4.605097 0.076364 0.573335 0.139630 -0.069408 -0.865173
44 1.430257 0.000000 0.000000 0.049426 -0.072767 -1.413300
45 1.155767 0.000000 0.000000 0.018371 -0.045481 -0.841346
46 4.454831 -0.076364 -0.573335 0.047705 -0.153456 -0.767483
47 1.426188 0.000000 0.000000 -0.053883 0.078891 -1.553286
48 1.324319 0.000000 0.000000 -0.013612 0.036969 -0.732283
49 4.479149 -0.041050 -1.583407 -0.332118 -0.154805 0.170762
50 1.341885 0.000000 0.000000 -0.042633 0.220746 -0.851609
51 1.225945 0.000000 0.000000 0.008155 -0.000000 0.000001
52 2.631822 -0.362328 -1.905043 0.415059 0.423435 -0.720789
53 1.058428 0.000000 0.000000 0.015106 0.038913 0.767157
54 0.778706 0.000000 0.000000 0.004785 0.022541 0.418310
55 4.041916 5.169765 -8.467939 0.000000 -0.392699 0.000000
56 -0.044717 2.529041 4.661499 -0.039270 0.000000 0.000000
time 2
1 -1.125066 -12.308962 34.538376 1.521083 0.000463 0.213566
2 0.000000 0.000000 0.000000 -0.000002 -0.000000 -0.059434
3 3.890452 -0.000007 -0.000003 -1.431574 0.202674 -1.228266
4 17.848179 0.000000 0.000000 0.000000 0.000000 1.514643
5 15.637959 0.000000 0.000000 -10.135307 -3.728898 7.996941
6 7.110240 0.000000 0.000000 6.275466 -0.002073 -0.434618
7 -3.890452 0.000003 0.000008 -1.069289 -0.729207 -1.915433
8 17.848181 0.000000 0.000000 0.000000 0.000000 0.821898
9 15.637958 0.000000 0.000000 0.202304 -0.203202 -1.258367
10 7.110240 0.000000 0.000000 6.207071 -0.005560 -1.566109
11 0.000005 3.345127 -2.981901 1.606876 0.291089 1.494927
12 4.018332 0.000000 0.000000 -0.150448 -0.012441 0.187234
13 3.518567 0.000000 0.000000 -0.151460 0.024842 0.192814
14 8.942634 0.000000 0.000000 0.008595 0.031253 0.207502
15 3.307272 0.000000 0.000000 3.141591 -0.000000 0.400478
16 3.593713 0.000000 0.000000 0.249914 0.042352 0.373679
17 2.033351 1.000771 1.100821 -1.293379 -1.729723 -0.453206
18 6.811800 0.000000 0.000000 -1.408233 -0.108907 -0.959036
19 12.394105 0.000000 0.000000 0.000000 0.000000 -1.709168
20 9.334690 0.000001 -0.000032 -0.549792 0.116834 -0.044213
21 4.610123 -0.122605 -1.406946 -0.453661 0.191064 -0.842444
22 1.191884 0.000000 0.000000 -0.065360 0.190537 -1.000731
23 0.945939 0.000000 0.000000 -0.015409 0.082975 -0.457312
24 4.605128 0.071046 -0.574018 -0.157420 -0.004556 -0.810738
25 1.430263 0.000000 0.000000 -0.023657 0.057261 -1.091732
26 1.155766 0.000000 0.000000 0.000979 0.008951 -0.168340
27 4.454865 -0.071046 0.574018 0.096296 -0.007833 -0.804105
28 1.426183 0.000000 0.000000 0.023873 -0.079632 -1.125969
29 1.324319 0.000000 0.000000 0.009317 -0.033630 -0.575091
30 4.479185 -0.026371 1.583719 0.476661 -0.055423 -1.136103
31 1.341888 0.000000 0.000000 0.023475 -0.208313 -0.755745
32 1.225941 0.000000 0.000000 0.026045 -0.124622 -0.538683
33 2.631852 -0.344645 1.908319 -0.354021 -0.915168 -1.788213
34 1.058429 0.000000 0.000000 0.000554 0.000002 -0.000004
35 0.778706 0.000000 0.000000 -0.000472 0.006935 -0.135957
36 2.033354 1.000773 -1.100771 0.616424 1.770421 -1.054791
37 6.811801 0.000000 0.000000 0.987895 0.267603 -1.013966
38 12.394103 0.000000 0.000000 0.000000 0.000000 -1.751700
39 9.334718 0.000000 0.000000 -1.404786 -0.338464 0.059983
40 4.610092 -0.109559 1.408022 0.215959 0.006794 -0.915272
41 1.191885 0.000000 0.000000 0.044560 -0.180938 -0.876601
42 0.945938 0.000000 0.000000 0.155228 -0.190276 -1.393021
43 4.605097 0.076364 0.573335 0.139630 -0.069408 -0.865173
44 1.430257 0.000000 0.000000 0.049426 -0.072767 -1.413300
45 1.155767 0.000000 0.000000 0.018371 -0.045481 -0.841346
46 4.454831 -0.076364 -0.573335 0.047705 -0.153456 -0.767483
47 1.426188 0.000000 0.000000 -0.053883 0.078891 -1.553286
48 1.324319 0.000000 0.000000 -0.013612 0.036969 -0.732282
49 4.479149 -0.041050 -1.583407 -0.332118 -0.154805 0.170762
50 1.341885 0.000000 0.000000 -0.042633 0.220746 -0.851609
51 1.225945 0.000000 0.000000 0.008155 -0.000000 0.000001
52 2.631822 -0.362328 -1.905043 0.415059 0.423435 -0.720789
53 1.058428 0.000000 0.000000 0.015106 0.038913 0.767157
54 0.778706 0.000000 0.000000 0.004785 0.022541 0.418310
55 4.041916 5.169765 -8.467939 0.000000 -0.392699 0.000000
56 -0.044717 2.529041 4.661499 -0.039270 0.000000 0.000000
time 3
1 -1.619617 -17.681923 33.835850 1.488754 0.002346 0.218418
2 0.000000 0.000000 0.000000 -0.000002 -0.000000 -0.128522
3 3.890452 -0.000007 -0.000003 -1.456422 0.026946 -1.210327
4 17.848179 0.000000 0.000000 0.000000 0.000000 1.807310
5 15.637959 0.000000 0.000000 -9.993542 -3.676534 8.002616
6 7.110240 0.000000 0.000000 6.275466 -0.002073 -0.434618
7 -3.890452 0.000003 0.000008 -1.038930 -0.615860 -1.825510
8 17.848181 0.000000 0.000000 0.000000 0.000000 0.902476
9 15.637958 0.000000 0.000000 0.057451 -0.188244 -1.195065
10 7.110240 0.000000 0.000000 6.207071 -0.005560 -1.566109
11 0.000005 3.345127 -2.981901 1.609015 0.290676 1.464561
12 4.018332 0.000000 0.000000 -0.113527 -0.002477 0.197108
13 3.518567 0.000000 0.000000 -0.115715 0.034508 0.202272
14 8.942634 0.000000 0.000000 0.011155 0.030497 0.202356
15 3.307272 0.000000 0.000000 3.141591 0.000000 0.400478
16 3.593713 0.000000 0.000000 0.201598 0.005160 0.360569
17 2.033351 1.000771 1.100821 -1.293379 -1.729723 -0.453206
18 6.811800 0.000000 0.000000 -1.415729 -0.132696 -0.847503
19 12.394105 0.000000 0.000000 0.000000 0.000000 -1.718802
20 9.334690 0.000001 -0.000032 -0.637991 0.041786 -0.062758
21 4.610123 -0.122605 -1.406946 -0.453661 0.191064 -0.842444
22 1.191884 0.000000 0.000000 -0.065360 0.190537 -1.000731
23 0.945939 0.000000 0.000000 -0.015409 0.082975 -0.457312
24 4.605128 0.071046 -0.574018 -0.157420 -0.004556 -0.810738
25 1.430263 0.000000 0.000000 -0.023657 0.057261 -1.091732
26 1.155766 0.000000 0.000000 0.000979 0.008951 -0.168340
27 4.454865 -0.071046 0.574018 0.096295 -0.007833 -0.804105
28 1.426183 0.000000 0.000000 0.023873 -0.079632 -1.125969
29 1.324319 0.000000 0.000000 0.009317 -0.033630 -0.575091
30 4.479185 -0.026371 1.583719 0.476661 -0.055423 -1.136103
31 1.341888 0.000000 0.000000 0.023475 -0.208313 -0.755745
32 1.225941 0.000000 0.000000 0.026045 -0.124622 -0.538683
33 2.631852 -0.344645 1.908319 -0.354021 -0.915168 -1.788213
34 1.058429 0.000000 0.000000 0.000554 0.000002 -0.000004
35 0.778706 0.000000 0.000000 -0.000472 0.006935 -0.135957
36 2.033354 1.000773 -1.100771 0.645752 1.787197 -1.023598
37 6.811801 0.000000 0.000000 0.987870 0.363890 -1.029608
38 12.394103 0.000000 0.000000 0.000000 0.000000 -1.741699
39 9.334718 0.000000 0.000000 -1.413943 -0.350651 0.111380
40 4.610092 -0.109559 1.408022 0.215959 0.006794 -0.915272
41 1.191885 0.000000 0.000000 0.044560 -0.180938 -0.876601
42 0.945938 0.000000 0.000000 0.155228 -0.190276 -1.393021
43 4.605097 0.076364 0.573335 0.139630 -0.069408 -0.865173
44 1.430257 0.000000 0.000000 0.049426 -0.072767 -1.413300
45 1.155767 0.000000 0.000000 0.018371 -0.045481 -0.841346
46 4.454831 -0.076364 -0.573335 0.047705 -0.153456 -0.767483
47 1.426188 0.000000 0.000000 -0.053883 0.078891 -1.553286
48 1.324319 0.000000 0.000000 -0.013612 0.036969 -0.732283
49 4.479149 -0.041050 -1.583407 -0.332118 -0.154805 0.170762
50 1.341885 0.000000 0.000000 -0.042633 0.220746 -0.851609
51 1.225945 0.000000 0.000000 0.008155 -0.000001 0.000001
52 2.631822 -0.362328 -1.905043 0.415059 0.423435 -0.720789
53 1.058428 0.000000 0.000000 0.015106 0.038913 0.767157
54 0.778706 0.000000 0.000000 0.004785 0.022541 0.418310
55 4.041916 5.169765 -8.467939 0.000000 -0.392699 0.000000
56 -0.044717 2.529041 4.661499 -0.039270 0.000000 0.000000
time 4
1 -1.940208 -22.668476 33.618015 1.459222 0.008652 0.228472
2 0.000000 0.000000 0.000000 -0.000002 -0.000000 -0.199610
3 3.890452 -0.000007 -0.000003 -1.521145 -0.222880 -1.216649
4 17.848179 0.000000 0.000000 0.000000 0.000000 2.023735
5 15.637959 0.000000 0.000000 -9.711833 -3.505927 8.069122
6 7.110240 0.000000 0.000000 6.275466 -0.002073 -0.434618
7 -3.890452 0.000003 0.000008 -1.014807 -0.471598 -1.709614
8 17.848181 0.000000 0.000000 0.000000 0.000000 0.934872
9 15.637958 0.000000 0.000000 -0.086216 -0.142886 -1.192083
10 7.110240 0.000000 0.000000 6.207071 -0.005560 -1.566109
11 0.000005 3.345127 -2.981901 1.611362 0.290348 1.438923
12 4.018332 0.000000 0.000000 -0.078025 0.006716 0.215299
13 3.518567 0.000000 0.000000 -0.081018 0.045846 0.225831
14 8.942634 0.000000 0.000000 0.013097 0.036943 0.214807
15 3.307272 0.000000 0.000000 3.141590 -0.000000 0.400478
16 3.593713 0.000000 0.000000 0.157844 -0.030668 0.386144
17 2.033351 1.000771 1.100821 -1.293378 -1.729723 -0.453207
18 6.811800 0.000000 0.000000 -1.499930 -0.198248 -0.724116
19 12.394105 0.000000 0.000000 0.000000 0.000000 -1.803508
20 9.334690 0.000001 -0.000032 -0.723446 0.043156 0.064158
21 4.610123 -0.122605 -1.406946 -0.453661 0.191064 -0.842444
22 1.191884 0.000000 0.000000 -0.065360 0.190537 -1.000731
23 0.945939 0.000000 0.000000 -0.015409 0.082975 -0.457312
24 4.605128 0.071046 -0.574018 -0.157421 -0.004556 -0.810738
25 1.430263 0.000000 0.000000 -0.023657 0.057261 -1.091732
26 1.155766 0.000000 0.000000 0.000979 0.008951 -0.168340
27 4.454865 -0.071046 0.574018 0.096295 -0.007833 -0.804105
28 1.426183 0.000000 0.000000 0.023873 -0.079632 -1.125969
29 1.324319 0.000000 0.000000 0.009317 -0.033630 -0.575091
30 4.479185 -0.026371 1.583719 0.476661 -0.055423 -1.136103
31 1.341888 0.000000 0.000000 0.023475 -0.208312 -0.755745
32 1.225941 0.000000 0.000000 0.026045 -0.124622 -0.538683
33 2.631852 -0.344645 1.908319 -0.354021 -0.915168 -1.788213
34 1.058429 0.000000 0.000000 0.000554 0.000002 -0.000004
35 0.778706 0.000000 0.000000 -0.000472 0.006935 -0.135957
36 2.033354 1.000773 -1.100771 0.578885 1.805150 -1.089614
37 6.811801 0.000000 0.000000 1.024479 0.498568 -1.014766
38 12.394103 0.000000 0.000000 0.000000 0.000000 -1.764863
39 9.334718 0.000000 0.000000 -1.332971 -0.363088 0.161104
40 4.610092 -0.109559 1.408022 0.215959 0.006794 -0.915272
41 1.191885 0.000000 0.000000 0.044560 -0.180938 -0.876601
42 0.945938 0.000000 0.000000 0.155228 -0.190276 -1.393021
43 4.605097 0.076364 0.573335 0.139630 -0.069408 -0.865173
44 1.430257 0.000000 0.000000 0.049426 -0.072767 -1.413300
45 1.155767 0.000000 0.000000 0.018371 -0.045481 -0.841346
46 4.454831 -0.076364 -0.573335 0.047705 -0.153456 -0.767483
47 1.426188 0.000000 0.000000 -0.053883 0.078891 -1.553286
48 1.324319 0.000000 0.000000 -0.013612 0.036969 -0.732283
49 4.479149 -0.041050 -1.583407 -0.332118 -0.154805 0.170762
50 1.341885 0.000000 0.000000 -0.042633 0.220746 -0.851609
51 1.225945 0.000000 0.000000 0.008155 -0.000000 0.000001
52 2.631822 -0.362328 -1.905043 0.415059 0.423435 -0.720789
53 1.058428 0.000000 0.000000 0.015106 0.038913 0.767157
54 0.778706 0.000000 0.000000 0.004785 0.022541 0.418310
55 4.041916 5.169765 -8.467939 0.000000 -0.392699 0.000000
56 -0.044717 2.529041 4.661499 -0.039270 0.000000 0.000000
time 5
1 -2.076932 -27.590425 33.779453 1.444361 0.025102 0.239979
2 0.000000 0.000000 0.000000 -0.000002 -0.000000 -0.237564
3 3.890452 -0.000007 -0.000003 -1.588717 -0.496961 -1.270087
4 17.848179 0.000000 0.000000 0.000000 0.000000 2.072175
5 15.637959 0.000000 0.000000 -9.583118 -3.391685 8.075288
6 7.110240 0.000000 0.000000 6.275466 -0.002073 -0.434618
7 -3.890452 0.000003 0.000008 -1.050317 -0.310821 -1.606030
8 17.848181 0.000000 0.000000 0.000000 0.000000 0.966620
9 15.637958 0.000000 0.000000 -0.053614 -0.163478 -1.376696
10 7.110240 0.000000 0.000000 6.207071 -0.005560 -1.566109
11 0.000005 3.345127 -2.981901 1.612266 0.290229 1.427852
12 4.018332 0.000000 0.000000 -0.048160 0.010977 0.222581
13 3.518567 0.000000 0.000000 -0.051896 0.052540 0.236982
14 8.942634 0.000000 0.000000 0.014113 0.045053 0.222915
15 3.307272 0.000000 0.000000 3.141590 -0.000000 0.400478
16 3.593713 0.000000 0.000000 0.123093 -0.062956 0.394466
17 2.033351 1.000771 1.100821 -1.293379 -1.729723 -0.453207
18 6.811800 0.000000 0.000000 -1.606219 -0.209240 -0.607083
19 12.394105 0.000000 0.000000 0.000000 0.000000 -1.935527
20 9.334690 0.000001 -0.000032 -0.810863 0.081856 0.255981
21 4.610123 -0.122605 -1.406946 -0.453661 0.191064 -0.842444
22 1.191884 0.000000 0.000000 -0.065360 0.190537 -1.000731
23 0.945939 0.000000 0.000000 -0.015409 0.082975 -0.457312
24 4.605128 0.071046 -0.574018 -0.157420 -0.004556 -0.810738
25 1.430263 0.000000 0.000000 -0.023657 0.057261 -1.091732
26 1.155766 0.000000 0.000000 0.000979 0.008951 -0.168340
27 4.454865 -0.071046 0.574018 0.096295 -0.007833 -0.804105
28 1.426183 0.000000 0.000000 0.023873 -0.079632 -1.125969
29 1.324319 0.000000 0.000000 0.009317 -0.033630 -0.575091
30 4.479185 -0.026371 1.583719 0.476661 -0.055423 -1.136103
31 1.341888 0.000000 0.000000 0.023475 -0.208313 -0.755745
32 1.225941 0.000000 0.000000 0.026045 -0.124622 -0.538684
33 2.631852 -0.344645 1.908319 -0.354021 -0.915168 -1.788213
34 1.058429 0.000000 0.000000 0.000554 0.000002 -0.000004
35 0.778706 0.000000 0.000000 -0.000472 0.006935 -0.135957
36 2.033354 1.000773 -1.100771 0.478173 1.827400 -1.190264
37 6.811801 0.000000 0.000000 1.056640 0.616266 -0.973177
38 12.394103 0.000000 0.000000 0.000000 0.000000 -1.808001
39 9.334718 0.000000 0.000000 -1.194155 -0.381147 0.205538
40 4.610092 -0.109559 1.408022 0.215959 0.006794 -0.915272
41 1.191885 0.000000 0.000000 0.044560 -0.180938 -0.876601
42 0.945938 0.000000 0.000000 0.155228 -0.190276 -1.393021
43 4.605097 0.076364 0.573335 0.139630 -0.069408 -0.865173
44 1.430257 0.000000 0.000000 0.049426 -0.072767 -1.413300
45 1.155767 0.000000 0.000000 0.018371 -0.045481 -0.841346
46 4.454831 -0.076364 -0.573335 0.047705 -0.153456 -0.767483
47 1.426188 0.000000 0.000000 -0.053883 0.078891 -1.553286
48 1.324319 0.000000 0.000000 -0.013612 0.036969 -0.732283
49 4.479149 -0.041050 -1.583407 -0.332118 -0.154805 0.170762
50 1.341885 0.000000 0.000000 -0.042633 0.220746 -0.851609
51 1.225945 0.000000 0.000000 0.008155 -0.000000 0.000001
52 2.631822 -0.362328 -1.905043 0.415059 0.423435 -0.720789
53 1.058428 0.000000 0.000000 0.015106 0.038913 0.767157
54 0.778706 0.000000 0.000000 0.004785 0.022541 0.418310
55 4.041916 5.169765 -8.467939 0.000000 -0.392699 0.000000
56 -0.044717 2.529041 4.661499 -0.039270 0.000000 0.000000
time 6
1 -2.089600 -32.592381 34.064892 1.443474 0.056291 0.244195
2 0.000000 0.000000 0.000000 -0.000002 -0.000000 -0.251271
3 3.890452 -0.000007 -0.000003 -1.649177 -0.724098 -1.324738
4 17.848179 0.000000 0.000000 0.000000 0.000000 1.934966
5 15.637959 0.000000 0.000000 -9.575863 -3.382640 8.082451
6 7.110240 0.000000 0.000000 6.275466 -0.002073 -0.434618
7 -3.890452 0.000003 0.000008 -1.095911 -0.117829 -1.489235
8 17.848181 0.000000 0.000000 0.000000 0.000000 0.879327
9 15.637958 0.000000 0.000000 -0.007227 -0.168349 -1.498879
10 7.110240 0.000000 0.000000 6.207071 -0.005560 -1.566109
11 0.000005 3.345127 -2.981901 1.612121 0.290256 1.429135
12 4.018332 0.000000 0.000000 -0.024658 0.013665 0.226057
13 3.518567 0.000000 0.000000 -0.028691 0.058160 0.245143
14 8.942634 0.000000 0.000000 0.015396 0.055066 0.233786
15 3.307272 0.000000 0.000000 3.141590 -0.000000 0.400478
16 3.593713 0.000000 0.000000 0.101088 -0.087465 0.405057
17 2.033351 1.000771 1.100821 -1.293378 -1.729723 -0.453208
18 6.811800 0.000000 0.000000 -1.699590 -0.190250 -0.521562
19 12.394105 0.000000 0.000000 0.000000 0.000000 -2.066056
20 9.334690 0.000001 -0.000032 -0.889224 0.129681 0.443534
21 4.610123 -0.122605 -1.406946 -0.453661 0.191064 -0.842444
22 1.191884 0.000000 0.000000 -0.065360 0.190537 -1.000731
23 0.945939 0.000000 0.000000 -0.015409 0.082975 -0.457312
24 4.605128 0.071046 -0.574018 -0.157421 -0.004556 -0.810738
25 1.430263 0.000000 0.000000 -0.023657 0.057261 -1.091732
26 1.155766 0.000000 0.000000 0.000979 0.008951 -0.168340
27 4.454865 -0.071046 0.574018 0.096295 -0.007833 -0.804105
28 1.426183 0.000000 0.000000 0.023873 -0.079632 -1.125969
29 1.324319 0.000000 0.000000 0.009317 -0.033630 -0.575091
30 4.479185 -0.026371 1.583719 0.476661 -0.055423 -1.136103
31 1.341888 0.000000 0.000000 0.023475 -0.208313 -0.755745
32 1.225941 0.000000 0.000000 0.026045 -0.124622 -0.538683
33 2.631852 -0.344645 1.908319 -0.354021 -0.915169 -1.788213
34 1.058429 0.000000 0.000000 0.000554 0.000002 -0.000004
35 0.778706 0.000000 0.000000 -0.000472 0.006935 -0.135957
36 2.033354 1.000773 -1.100771 0.384453 1.850697 -1.284760
37 6.811801 0.000000 0.000000 1.099431 0.709686 -0.899428
38 12.394103 0.000000 0.000000 0.000000 0.000000 -1.860084
39 9.334718 0.000000 0.000000 -1.039960 -0.403980 0.239013
40 4.610092 -0.109559 1.408022 0.215959 0.006794 -0.915272
41 1.191885 0.000000 0.000000 0.044560 -0.180938 -0.876601
42 0.945938 0.000000 0.000000 0.155228 -0.190276 -1.393021
43 4.605097 0.076364 0.573335 0.139630 -0.069408 -0.865173
44 1.430257 0.000000 0.000000 0.049426 -0.072767 -1.413300
45 1.155767 0.000000 0.000000 0.018371 -0.045481 -0.841346
46 4.454831 -0.076364 -0.573335 0.047705 -0.153456 -0.767483
47 1.426188 0.000000 0.000000 -0.053883 0.078891 -1.553286
48 1.324319 0.000000 0.000000 -0.013612 0.036969 -0.732283
49 4.479149 -0.041050 -1.583407 -0.332118 -0.154805 0.170762
50 1.341885 0.000000 0.000000 -0.042633 0.220746 -0.851609
51 1.225945 0.000000 0.000000 0.008155 -0.000001 0.000001
52 2.631822 -0.362328 -1.905043 0.415059 0.423435 -0.720789
53 1.058428 0.000000 0.000000 0.015106 0.038913 0.767157
54 0.778706 0.000000 0.000000 0.004785 0.022541 0.418310
55 4.041916 5.169765 -8.467939 0.000000 -0.392699 0.000000
56 -0.044717 2.529041 4.661499 -0.039270 0.000000 0.000000
time 7
1 -2.002194 -37.617996 34.370621 1.453172 0.106141 0.239880
2 0.000000 0.000000 0.000000 -0.000002 -0.000000 -0.225511
3 3.890452 -0.000007 -0.000003 -1.722772 -0.847291 -1.375563
4 17.848179 0.000000 0.000000 0.000000 0.000000 1.635654
5 15.637959 0.000000 0.000000 -9.584899 -3.431054 8.120339
6 7.110240 0.000000 0.000000 6.275466 -0.002073 -0.434618
7 -3.890452 0.000003 0.000008 -1.135740 0.105469 -1.379555
8 17.848181 0.000000 0.000000 0.000000 0.000000 0.675214
9 15.637958 0.000000 0.000000 0.041357 -0.158548 -1.549650
10 7.110240 0.000000 0.000000 6.207071 -0.005560 -1.566109
11 0.000005 3.345127 -2.981901 1.611038 0.290413 1.441944
12 4.018332 0.000000 0.000000 -0.010107 0.016373 0.225954
13 3.518567 0.000000 0.000000 -0.014199 0.063909 0.248939
14 8.942634 0.000000 0.000000 0.016893 0.065275 0.243138
15 3.307272 0.000000 0.000000 3.141590 -0.000000 0.400478
16 3.593713 0.000000 0.000000 0.096421 -0.100462 0.408951
17 2.033351 1.000771 1.100821 -1.293379 -1.729723 -0.453206
18 6.811800 0.000000 0.000000 -1.734078 -0.161542 -0.492614
19 12.394105 0.000000 0.000000 0.000000 0.000000 -2.167629
20 9.334690 0.000001 -0.000032 -0.938929 0.153270 0.587653
21 4.610123 -0.122605 -1.406946 -0.453661 0.191064 -0.842444
22 1.191884 0.000000 0.000000 -0.065360 0.190537 -1.000731
23 0.945939 0.000000 0.000000 -0.015409 0.082975 -0.457312
24 4.605128 0.071046 -0.574018 -0.157421 -0.004556 -0.810738
25 1.430263 0.000000 0.000000 -0.023657 0.057261 -1.091732
26 1.155766 0.000000 0.000000 0.000979 0.008951 -0.168340
27 4.454865 -0.071046 0.574018 0.096295 -0.007833 -0.804105
28 1.426183 0.000000 0.000000 0.023873 -0.079632 -1.125969
29 1.324319 0.000000 0.000000 0.009317 -0.033630 -0.575091
30 4.479185 -0.026371 1.583719 0.476661 -0.055423 -1.136103
31 1.341888 0.000000 0.000000 0.023475 -0.208313 -0.755745
32 1.225941 0.000000 0.000000 0.026045 -0.124622 -0.538683
33 2.631852 -0.344645 1.908319 -0.354021 -0.915168 -1.788213
34 1.058429 0.000000 0.000000 0.000554 0.000002 -0.000004
35 0.778706 0.000000 0.000000 -0.000472 0.006935 -0.135957
36 2.033354 1.000773 -1.100771 0.320723 1.868818 -1.349600
37 6.811801 0.000000 0.000000 1.145379 0.751270 -0.808678
38 12.394103 0.000000 0.000000 0.000000 0.000000 -1.913006
39 9.334718 0.000000 0.000000 -0.907692 -0.424860 0.254696
40 4.610092 -0.109559 1.408022 0.215959 0.006794 -0.915272
41 1.191885 0.000000 0.000000 0.044560 -0.180938 -0.876601
42 0.945938 0.000000 0.000000 0.155228 -0.190276 -1.393021
43 4.605097 0.076364 0.573335 0.139630 -0.069408 -0.865173
44 1.430257 0.000000 0.000000 0.049426 -0.072767 -1.413300
45 1.155767 0.000000 0.000000 0.018371 -0.045481 -0.841346
46 4.454831 -0.076364 -0.573335 0.047705 -0.153456 -0.767483
47 1.426188 0.000000 0.000000 -0.053883 0.078891 -1.553286
48 1.324319 0.000000 0.000000 -0.013612 0.036969 -0.732283
49 4.479149 -0.041050 -1.583407 -0.332118 -0.154805 0.170762
50 1.341885 0.000000 0.000000 -0.042633 0.220746 -0.851609
51 1.225945 0.000000 0.000000 0.008155 -0.000000 0.000001
52 2.631822 -0.362328 -1.905043 0.415059 0.423435 -0.720789
53 1.058428 0.000000 0.000000 0.015106 0.038913 0.767157
54 0.778706 0.000000 0.000000 0.004785 0.022541 0.418310
55 4.041916 5.169765 -8.467939 0.000000 -0.392699 0.000000
56 -0.044717 2.529041 4.661499 -0.039270 0.000000 0.000000
time 8
1 -1.754419 -42.569138 34.554604 1.464709 0.169389 0.233080
2 0.000000 0.000000 0.000000 -0.000002 -0.000000 -0.151286
3 3.890452 -0.000007 -0.000003 -1.777799 -0.836593 -1.471082
4 17.848179 0.000000 0.000000 0.000000 0.000000 1.188406
5 15.637959 0.000000 0.000000 -9.590910 -3.522669 8.174508
6 7.110240 0.000000 0.000000 6.275466 -0.002073 -0.434618
7 -3.890452 0.000003 0.000008 -1.188867 0.055916 -1.475011
8 17.848181 0.000000 0.000000 0.000000 0.000000 0.992264
9 15.637958 0.000000 0.000000 0.166121 -0.274907 -1.355372
10 7.110240 0.000000 0.000000 6.207071 -0.005560 -1.566109
11 0.000005 3.345127 -2.981901 1.609528 0.290659 1.461775
12 4.018332 0.000000 0.000000 -0.006135 0.021202 0.227368
13 3.518567 0.000000 0.000000 -0.010274 0.071809 0.253112
14 8.942634 0.000000 0.000000 0.018364 0.074939 0.250445
15 3.307272 0.000000 0.000000 3.141590 -0.000000 0.400478
16 3.593713 0.000000 0.000000 0.110994 -0.100329 0.410692
17 2.033351 1.000771 1.100821 -1.293378 -1.729723 -0.453207
18 6.811800 0.000000 0.000000 -1.700031 -0.165307 -0.546206
19 12.394105 0.000000 0.000000 0.000000 0.000000 -2.206239
20 9.334690 0.000001 -0.000032 -0.921596 0.132518 0.654301
21 4.610123 -0.122605 -1.406946 -0.453661 0.191064 -0.842444
22 1.191884 0.000000 0.000000 -0.065360 0.190537 -1.000731
23 0.945939 0.000000 0.000000 -0.015409 0.082975 -0.457312
24 4.605128 0.071046 -0.574018 -0.157420 -0.004556 -0.810738
25 1.430263 0.000000 0.000000 -0.023657 0.057261 -1.091732
26 1.155766 0.000000 0.000000 0.000979 0.008951 -0.168340
27 4.454865 -0.071046 0.574018 0.096296 -0.007833 -0.804105
28 1.426183 0.000000 0.000000 0.023873 -0.079632 -1.125969
29 1.324319 0.000000 0.000000 0.009317 -0.033630 -0.575091
30 4.479185 -0.026371 1.583719 0.476661 -0.055423 -1.136103
31 1.341888 0.000000 0.000000 0.023475 -0.208313 -0.755745
32 1.225941 0.000000 0.000000 0.026045 -0.124622 -0.538683
33 2.631852 -0.344645 1.908319 -0.354021 -0.915168 -1.788213
34 1.058429 0.000000 0.000000 0.000554 0.000002 -0.000004
35 0.778706 0.000000 0.000000 -0.000472 0.006935 -0.135957
36 2.033354 1.000773 -1.100771 0.300987 1.874039 -1.369853
37 6.811801 0.000000 0.000000 1.188120 0.732661 -0.717813
38 12.394103 0.000000 0.000000 0.000000 0.000000 -1.954662
39 9.334718 0.000000 0.000000 -0.837262 -0.434505 0.247042
40 4.610092 -0.109559 1.408022 0.215959 0.006794 -0.915272
41 1.191885 0.000000 0.000000 0.044560 -0.180938 -0.876601
42 0.945938 0.000000 0.000000 0.155228 -0.190276 -1.393021
43 4.605097 0.076364 0.573335 0.139630 -0.069408 -0.865173
44 1.430257 0.000000 0.000000 0.049426 -0.072767 -1.413300
45 1.155767 0.000000 0.000000 0.018371 -0.045481 -0.841346
46 4.454831 -0.076364 -0.573335 0.047705 -0.153456 -0.767483
47 1.426188 0.000000 0.000000 -0.053883 0.078891 -1.553286
48 1.324319 0.000000 0.000000 -0.013612 0.036969 -0.732283
49 4.479149 -0.041050 -1.583407 -0.332118 -0.154805 0.170762
50 1.341885 0.000000 0.000000 -0.042634 0.220746 -0.851609
51 1.225945 0.000000 0.000000 0.008155 -0.000000 0.000001
52 2.631822 -0.362328 -1.905043 0.415059 0.423435 -0.720789
53 1.058428 0.000000 0.000000 0.015106 0.038913 0.767157
54 0.778706 0.000000 0.000000 0.004785 0.022541 0.418310
55 4.041916 5.169765 -8.467939 0.000000 -0.392699 0.000000
56 -0.044717 2.529041 4.661499 -0.039270 0.000000 0.000000
time 9
1 -1.330552 -47.569241 34.432999 1.469709 0.237227 0.234357
2 0.000000 0.000000 0.000000 -0.000002 -0.000000 -0.050214
3 3.890452 -0.000007 -0.000003 -1.610245 -0.686072 -1.677004
4 17.848179 0.000000 0.000000 0.000000 0.000000 0.594934
5 15.637959 0.000000 0.000000 -9.722892 -3.488505 8.251719
6 7.110240 0.000000 0.000000 6.275466 -0.002073 -0.434618
7 -3.890452 0.000003 0.000008 -1.233617 -0.037353 -1.622015
8 17.848181 0.000000 0.000000 0.000000 0.000000 1.387712
9 15.637958 0.000000 0.000000 0.198086 -0.422644 -1.157676
10 7.110240 0.000000 0.000000 6.207071 -0.005560 -1.566109
11 0.000005 3.345127 -2.981901 1.607996 0.290945 1.484152
12 4.018332 0.000000 0.000000 -0.013512 0.029214 0.233795
13 3.518567 0.000000 0.000000 -0.018001 0.082809 0.260401
14 8.942634 0.000000 0.000000 0.019211 0.083347 0.253856
15 3.307272 0.000000 0.000000 3.141590 -0.000000 0.400478
16 3.593713 0.000000 0.000000 0.142977 -0.087931 0.414844
17 2.033351 1.000771 1.100821 -1.293379 -1.729723 -0.453206
18 6.811800 0.000000 0.000000 -1.622430 -0.193205 -0.678016
19 12.394105 0.000000 0.000000 0.000000 0.000000 -2.178765
20 9.334690 0.000001 -0.000032 -0.834406 0.084650 0.637118
21 4.610123 -0.122605 -1.406946 -0.453661 0.191064 -0.842444
22 1.191884 0.000000 0.000000 -0.065360 0.190537 -1.000731
23 0.945939 0.000000 0.000000 -0.015409 0.082976 -0.457312
24 4.605128 0.071046 -0.574018 -0.157420 -0.004556 -0.810738
25 1.430263 0.000000 0.000000 -0.023657 0.057261 -1.091732
26 1.155766 0.000000 0.000000 0.000979 0.008951 -0.168340
27 4.454865 -0.071046 0.574018 0.096295 -0.007833 -0.804105
28 1.426183 0.000000 0.000000 0.023873 -0.079632 -1.125969
29 1.324319 0.000000 0.000000 0.009317 -0.033630 -0.575091
30 4.479185 -0.026371 1.583719 0.476661 -0.055423 -1.136103
31 1.341888 0.000000 0.000000 0.023475 -0.208313 -0.755745
32 1.225941 0.000000 0.000000 0.026045 -0.124622 -0.538683
33 2.631852 -0.344645 1.908319 -0.354021 -0.915168 -1.788213
34 1.058429 0.000000 0.000000 0.000554 0.000002 -0.000004
35 0.778706 0.000000 0.000000 -0.000472 0.006935 -0.135957
36 2.033354 1.000773 -1.100771 0.318685 1.866385 -1.351882
37 6.811801 0.000000 0.000000 1.217232 0.668574 -0.640569
38 12.394103 0.000000 0.000000 0.000000 0.000000 -1.979442
39 9.334718 0.000000 0.000000 -0.828651 -0.434003 0.218338
40 4.610092 -0.109559 1.408022 0.215959 0.006794 -0.915272
41 1.191885 0.000000 0.000000 0.044560 -0.180938 -0.876601
42 0.945938 0.000000 0.000000 0.155228 -0.190276 -1.393021
43 4.605097 0.076364 0.573335 0.139630 -0.069408 -0.865173
44 1.430257 0.000000 0.000000 0.049426 -0.072767 -1.413300
45 1.155767 0.000000 0.000000 0.018371 -0.045481 -0.841346
46 4.454831 -0.076364 -0.573335 0.047705 -0.153456 -0.767483
47 1.426188 0.000000 0.000000 -0.053883 0.078891 -1.553286
48 1.324319 0.000000 0.000000 -0.013612 0.036969 -0.732282
49 4.479149 -0.041050 -1.583407 -0.332118 -0.154805 0.170762
50 1.341885 0.000000 0.000000 -0.042633 0.220746 -0.851609
51 1.225945 0.000000 0.000000 0.008155 -0.000000 0.000001
52 2.631822 -0.362328 -1.905043 0.415059 0.423435 -0.720789
53 1.058428 0.000000 0.000000 0.015106 0.038913 0.767157
54 0.778706 0.000000 0.000000 0.004785 0.022541 0.418310
55 4.041916 5.169765 -8.467939 0.000000 -0.392699 0.000000
56 -0.044717 2.529041 4.661499 -0.039270 0.000000 0.000000
time 10
1 -0.835726 -52.720978 33.871300 1.465566 0.299073 0.253117
2 0.000000 0.000000 0.000000 -0.000000 -0.000000 -0.000000
3 3.890452 -0.000007 -0.000003 -1.693067 -0.664447 -1.702113
4 17.848179 0.000000 0.000000 0.000000 0.000000 0.476278
5 15.637959 0.000000 0.000000 -9.741441 -3.533432 8.220583
6 7.110240 0.000000 0.000000 6.275466 -0.002073 -0.434618
7 -3.890452 0.000003 0.000008 -1.232210 -0.065547 -1.683794
8 17.848181 0.000000 0.000000 0.000000 0.000000 1.607817
9 15.637958 0.000000 0.000000 0.101777 -0.180625 -1.170560
10 7.110240 0.000000 0.000000 6.207071 -0.005560 -1.566109
11 0.000005 3.345127 -2.981901 1.606681 0.291222 1.505128
12 4.018332 0.000000 0.000000 -0.031068 0.040778 0.247265
13 3.518567 0.000000 0.000000 -0.036477 0.097065 0.272625
14 8.942634 0.000000 0.000000 0.018804 0.090027 0.252795
15 3.307272 0.000000 0.000000 3.141591 0.000000 0.400478
16 3.593713 0.000000 0.000000 0.186502 -0.066157 0.429152
17 2.033351 1.000771 1.100821 -1.293378 -1.729723 -0.453207
18 6.811800 0.000000 0.000000 -1.543116 -0.202247 -0.826117
19 12.394105 0.000000 0.000000 0.000000 0.000000 -2.110189
20 9.334690 0.000001 -0.000032 -0.734882 0.039816 0.547653
21 4.610123 -0.122605 -1.406946 -0.453661 0.191064 -0.842444
22 1.191884 0.000000 0.000000 -0.065360 0.190537 -1.000731
23 0.945939 0.000000 0.000000 -0.015409 0.082975 -0.457312
24 4.605128 0.071046 -0.574018 -0.157420 -0.004556 -0.810738
25 1.430263 0.000000 0.000000 -0.023657 0.057261 -1.091732
26 1.155766 0.000000 0.000000 0.000979 0.008951 -0.168340
27 4.454865 -0.071046 0.574018 0.096295 -0.007833 -0.804105
28 1.426183 0.000000 0.000000 0.023873 -0.079632 -1.125969
29 1.324319 0.000000 0.000000 0.009317 -0.033630 -0.575091
30 4.479185 -0.026371 1.583719 0.476661 -0.055423 -1.136103
31 1.341888 0.000000 0.000000 0.023475 -0.208313 -0.755745
32 1.225941 0.000000 0.000000 0.026045 -0.124622 -0.538683
33 2.631852 -0.344645 1.908319 -0.354021 -0.915168 -1.788213
34 1.058429 0.000000 0.000000 0.000554 0.000002 -0.000004
35 0.778706 0.000000 0.000000 -0.000472 0.006935 -0.135957
36 2.033354 1.000773 -1.100771 0.355842 1.852423 -1.314244
37 6.811801 0.000000 0.000000 1.225011 0.601113 -0.588527
38 12.394103 0.000000 0.000000 0.000000 0.000000 -1.986354
39 9.334718 0.000000 0.000000 -0.858420 -0.432077 0.188246
40 4.610092 -0.109559 1.408022 0.215959 0.006794 -0.915272
41 1.191885 0.000000 0.000000 0.044560 -0.180938 -0.876601
42 0.945938 0.000000 0.000000 0.155228 -0.190276 -1.393021
43 4.605097 0.076364 0.573335 0.139630 -0.069408 -0.865173
44 1.430257 0.000000 0.000000 0.049426 -0.072767 -1.413300
45 1.155767 0.000000 0.000000 0.018371 -0.045481 -0.841346
46 4.454831 -0.076364 -0.573335 0.047705 -0.153456 -0.767483
47 1.426188 0.000000 0.000000 -0.053883 0.078891 -1.553286
48 1.324319 0.000000 0.000000 -0.013612 0.036969 -0.732283
49 4.479149 -0.041050 -1.583407 -0.332118 -0.154805 0.170762
50 1.341885 0.000000 0.000000 -0.042633 0.220746 -0.851609
51 1.225945 0.000000 0.000000 0.008155 -0.000000 0.000001
52 2.631822 -0.362328 -1.905043 0.415059 0.423435 -0.720789
53 1.058428 0.000000 0.000000 0.015106 0.038913 0.767157
54 0.778706 0.000000 0.000000 0.004785 0.022541 0.418310
55 4.041916 5.169765 -8.467939 0.000000 -0.392699 0.000000
56 -0.044717 2.529041 4.661499 -0.039270 0.000000 0.000000
time 11
1 -0.434914 -57.853977 32.892498 1.459283 0.349513 0.294693
2 0.000000 0.000000 0.000000 0.000000 -0.000000 -0.000000
3 3.890452 -0.000007 -0.000003 -1.742613 -0.629526 -1.698199
4 17.848179 0.000000 0.000000 0.000000 0.000000 0.481050
5 15.637959 0.000000 0.000000 -9.647041 -3.470909 8.317271
6 7.110240 0.000000 0.000000 6.275466 -0.002073 -0.434618
7 -3.890452 0.000003 0.000008 -1.224596 -0.144667 -1.703313
8 17.848181 0.000000 0.000000 0.000000 0.000000 1.813891
9 15.637958 0.000000 0.000000 0.053493 0.095449 -1.239652
10 7.110240 0.000000 0.000000 6.207071 -0.005560 -1.566109
11 0.000005 3.345127 -2.981901 1.605658 0.291462 1.522606
12 4.018332 0.000000 0.000000 -0.055932 0.055519 0.267031
13 3.518567 0.000000 0.000000 -0.062958 0.113855 0.289273
14 8.942634 0.000000 0.000000 0.016760 0.094546 0.247590
15 3.307272 0.000000 0.000000 3.141590 -0.000000 0.400478
16 3.593713 0.000000 0.000000 0.236428 -0.039290 0.456601
17 2.033351 1.000771 1.100821 -1.293379 -1.729723 -0.453206
18 6.811800 0.000000 0.000000 -1.479027 -0.200868 -0.964913
19 12.394105 0.000000 0.000000 0.000000 0.000000 -2.010772
20 9.334690 0.000001 -0.000032 -0.640201 0.011573 0.405397
21 4.610123 -0.122605 -1.406946 -0.453661 0.191064 -0.842444
22 1.191884 0.000000 0.000000 -0.065360 0.190537 -1.000731
23 0.945939 0.000000 0.000000 -0.015409 0.082975 -0.457312
24 4.605128 0.071046 -0.574018 -0.157421 -0.004556 -0.810738
25 1.430263 0.000000 0.000000 -0.023657 0.057261 -1.091732
26 1.155766 0.000000 0.000000 0.000979 0.008951 -0.168340
27 4.454865 -0.071046 0.574018 0.096295 -0.007833 -0.804105
28 1.426183 0.000000 0.000000 0.023873 -0.079632 -1.125969
29 1.324319 0.000000 0.000000 0.009317 -0.033630 -0.575091
30 4.479185 -0.026371 1.583719 0.476661 -0.055423 -1.136103
31 1.341888 0.000000 0.000000 0.023475 -0.208313 -0.755745
32 1.225941 0.000000 0.000000 0.026045 -0.124622 -0.538684
33 2.631852 -0.344645 1.908319 -0.354021 -0.915169 -1.788213
34 1.058429 0.000000 0.000000 0.000554 0.000002 -0.000004
35 0.778706 0.000000 0.000000 -0.000472 0.006935 -0.135957
36 2.033354 1.000773 -1.100771 0.412009 1.834508 -1.257604
37 6.811801 0.000000 0.000000 1.223089 0.540344 -0.555170
38 12.394103 0.000000 0.000000 0.000000 0.000000 -1.981028
39 9.334718 0.000000 0.000000 -0.918810 -0.430371 0.163094
40 4.610092 -0.109559 1.408022 0.215959 0.006794 -0.915272
41 1.191885 0.000000 0.000000 0.044560 -0.180938 -0.876601
42 0.945938 0.000000 0.000000 0.155228 -0.190276 -1.393021
43 4.605097 0.076364 0.573335 0.139630 -0.069408 -0.865173
44 1.430257 0.000000 0.000000 0.049426 -0.072767 -1.413300
45 1.155767 0.000000 0.000000 0.018371 -0.045481 -0.841346
46 4.454831 -0.076364 -0.573335 0.047705 -0.153456 -0.767483
47 1.426188 0.000000 0.000000 -0.053883 0.078891 -1.553286
48 1.324319 0.000000 0.000000 -0.013612 0.036969 -0.732283
49 4.479149 -0.041050 -1.583407 -0.332118 -0.154805 0.170762
50 1.341885 0.000000 0.000000 -0.042633 0.220746 -0.851609
51 1.225945 0.000000 0.000000 0.008155 -0.000001 0.000001
52 2.631822 -0.362328 -1.905043 0.415059 0.423435 -0.720789
53 1.058428 0.000000 0.000000 0.015106 0.038913 0.767157
54 0.778706 0.000000 0.000000 0.004785 0.022541 0.418310
55 4.041916 5.169765 -8.467939 0.000000 -0.392699 0.000000
56 -0.044717 2.529041 4.661499 -0.039270 0.000000 0.000000
time 12
1 -0.183347 -62.601635 31.700842 1.460781 0.386517 0.357888
2 0.000000 0.000000 0.000000 -0.000000 -0.000000 -0.000000
3 3.890452 -0.000007 -0.000003 -1.711603 -0.639395 -1.727949
4 17.848179 0.000000 0.000000 0.000000 0.000000 0.653859
5 15.637959 0.000000 0.000000 -9.404119 -3.257906 8.421811
6 7.110240 0.000000 0.000000 6.275466 -0.002073 -0.434618
7 -3.890452 0.000003 0.000008 -1.222296 -0.320589 -1.745221
8 17.848181 0.000000 0.000000 0.000000 0.000000 1.991142
9 15.637958 0.000000 0.000000 0.062061 0.240922 -1.258263
10 7.110240 0.000000 0.000000 6.207071 -0.005560 -1.566109
11 0.000005 3.345127 -2.981901 1.604925 0.291649 1.536019
12 4.018332 0.000000 0.000000 -0.084179 0.072506 0.290567
13 3.518567 0.000000 0.000000 -0.093495 0.131893 0.308511
14 8.942634 0.000000 0.000000 0.013020 0.096548 0.239544
15 3.307272 0.000000 0.000000 3.141590 -0.000000 0.400478
16 3.593713 0.000000 0.000000 0.288920 -0.011603 0.493503
17 2.033351 1.000771 1.100821 -1.293379 -1.729723 -0.453207
18 6.811800 0.000000 0.000000 -1.432103 -0.206336 -1.097665
19 12.394105 0.000000 0.000000 0.000000 0.000000 -1.893772
20 9.334690 0.000001 -0.000032 -0.546278 0.006694 0.243883
21 4.610123 -0.122605 -1.406946 -0.453661 0.191064 -0.842444
22 1.191884 0.000000 0.000000 -0.065360 0.190537 -1.000731
23 0.945939 0.000000 0.000000 -0.015409 0.082975 -0.457312
24 4.605128 0.071046 -0.574018 -0.157421 -0.004556 -0.810738
25 1.430263 0.000000 0.000000 -0.023657 0.057261 -1.091732
26 1.155766 0.000000 0.000000 0.000979 0.008951 -0.168340
27 4.454865 -0.071046 0.574018 0.096295 -0.007833 -0.804105
28 1.426183 0.000000 0.000000 0.023873 -0.079632 -1.125969
29 1.324319 0.000000 0.000000 0.009317 -0.033630 -0.575091
30 4.479185 -0.026371 1.583719 0.476661 -0.055423 -1.136103
31 1.341888 0.000000 0.000000 0.023475 -0.208313 -0.755745
32 1.225941 0.000000 0.000000 0.026045 -0.124622 -0.538683
33 2.631852 -0.344645 1.908319 -0.354021 -0.915168 -1.788213
34 1.058429 0.000000 0.000000 0.000554 0.000002 -0.000004
35 0.778706 0.000000 0.000000 -0.000472 0.006935 -0.135957
36 2.033354 1.000773 -1.100771 0.486831 1.815060 -1.182502
37 6.811801 0.000000 0.000000 1.226674 0.481244 -0.525131
38 12.394103 0.000000 0.000000 0.000000 0.000000 -1.971252
39 9.334718 0.000000 0.000000 -0.992918 -0.428411 0.133877
40 4.610092 -0.109559 1.408022 0.215959 0.006794 -0.915272
41 1.191885 0.000000 0.000000 0.044560 -0.180938 -0.876601
42 0.945938 0.000000 0.000000 0.155228 -0.190276 -1.393021
43 4.605097 0.076364 0.573335 0.139630 -0.069408 -0.865173
44 1.430257 0.000000 0.000000 0.049426 -0.072767 -1.413300
45 1.155767 0.000000 0.000000 0.018371 -0.045481 -0.841346
46 4.454831 -0.076364 -0.573335 0.047705 -0.153456 -0.767483
47 1.426188 0.000000 0.000000 -0.053883 0.078891 -1.553286
48 1.324319 0.000000 0.000000 -0.013612 0.036969 -0.732283
49 4.479149 -0.041050 -1.583407 -0.332118 -0.154805 0.170762
50 1.341885 0.000000 0.000000 -0.042633 0.220746 -0.851609
51 1.225945 0.000000 0.000000 0.008155 -0.000001 0.000001
52 2.631822 -0.362328 -1.905043 0.415059 0.423435 -0.720789
53 1.058428 0.000000 0.000000 0.015106 0.038913 0.767157
54 0.778706 0.000000 0.000000 0.004785 0.022541 0.418310
55 4.041916 5.169765 -8.467939 0.000000 -0.392699 0.000000
56 -0.044717 2.529041 4.661499 -0.039270 0.000000 0.000000
time 13
1 0.115186 -66.626114 30.639849 1.474648 0.406485 0.434650
2 0.000000 0.000000 0.000000 0.000000 -0.000000 -0.000000
3 3.890452 -0.000007 -0.000003 -1.902785 -0.665707 -1.643307
4 17.848179 0.000000 0.000000 0.000000 0.000000 0.949012
5 15.637959 0.000000 0.000000 -8.942277 -3.185535 8.260543
6 7.110240 0.000000 0.000000 6.275549 -0.002259 -0.473015
7 -3.890452 0.000003 0.000008 -1.185436 -0.586619 -1.829647
8 17.848181 0.000000 0.000000 0.000000 0.000000 2.064863
9 15.637958 0.000000 0.000000 0.052578 0.294713 -1.192356
10 7.110240 0.000000 0.000000 6.207071 -0.005560 -1.566109
11 0.000005 3.345127 -2.981901 1.604425 0.291784 1.545621
12 4.018332 0.000000 0.000000 -0.111948 0.090338 0.314959
13 3.518567 0.000000 0.000000 -0.124090 0.149570 0.328247
14 8.942634 0.000000 0.000000 0.007771 0.095806 0.230216
15 3.307272 0.000000 0.000000 3.141591 0.000000 0.400478
16 3.593713 0.000000 0.000000 0.340201 0.013817 0.531987
17 2.033351 1.000771 1.100821 -1.293379 -1.729723 -0.453207
18 6.811800 0.000000 0.000000 -1.400391 -0.223009 -1.216797
19 12.394105 0.000000 0.000000 0.000000 0.000000 -1.767839
20 9.334690 0.000001 -0.000032 -0.462298 0.024846 0.080866
21 4.610123 -0.122605 -1.406946 -0.453661 0.191064 -0.842444
22 1.191884 0.000000 0.000000 -0.065360 0.190537 -1.000731
23 0.945939 0.000000 0.000000 -0.015409 0.082975 -0.457313
24 4.605128 0.071046 -0.574018 -0.157421 -0.004556 -0.810738
25 1.430263 0.000000 0.000000 -0.023657 0.057261 -1.091732
26 1.155766 0.000000 0.000000 0.000979 0.008951 -0.168340
27 4.454865 -0.071046 0.574018 0.096295 -0.007833 -0.804105
28 1.426183 0.000000 0.000000 0.023873 -0.079632 -1.125969
29 1.324319 0.000000 0.000000 0.009317 -0.033630 -0.575091
30 4.479185 -0.026371 1.583719 0.476661 -0.055423 -1.136103
31 1.341888 0.000000 0.000000 0.023475 -0.208313 -0.755745
32 1.225941 0.000000 0.000000 0.026045 -0.124622 -0.538683
33 2.631852 -0.344645 1.908319 -0.354021 -0.915168 -1.788213
34 1.058429 0.000000 0.000000 0.000554 0.000002 -0.000004
35 0.778706 0.000000 0.000000 -0.000472 0.006935 -0.135957
36 2.033354 1.000773 -1.100771 0.578206 1.796374 -1.091145
37 6.811801 0.000000 0.000000 1.237325 0.425927 -0.501884
38 12.394103 0.000000 0.000000 0.000000 0.000000 -1.958054
39 9.334718 0.000000 0.000000 -1.073456 -0.426852 0.101953
40 4.610092 -0.109559 1.408022 0.215959 0.006794 -0.915272
41 1.191885 0.000000 0.000000 0.044560 -0.180938 -0.876601
42 0.945938 0.000000 0.000000 0.155228 -0.190276 -1.393021
43 4.605097 0.076364 0.573335 0.139630 -0.069408 -0.865173
44 1.430257 0.000000 0.000000 0.049426 -0.072767 -1.413300
45 1.155767 0.000000 0.000000 0.018371 -0.045481 -0.841346
46 4.454831 -0.076364 -0.573335 0.047705 -0.153456 -0.767483
47 1.426188 0.000000 0.000000 -0.053883 0.078891 -1.553286
48 1.324319 0.000000 0.000000 -0.013612 0.036969 -0.732283
49 4.479149 -0.041050 -1.583407 -0.332118 -0.154805 0.170762
50 1.341885 0.000000 0.000000 -0.042633 0.220746 -0.851609
51 1.225945 0.000000 0.000000 0.008155 -0.000000 0.000001
52 2.631822 -0.362328 -1.905043 0.415059 0.423435 -0.720789
53 1.058428 0.000000 0.000000 0.015106 0.038913 0.767157
54 0.778706 0.000000 0.000000 0.004785 0.022541 0.418310
55 4.041916 5.169765 -8.467939 0.000000 -0.392699 0.000000
56 -0.044717 2.529041 4.661499 -0.039270 0.000000 0.000000
time 14
1 0.777824 -70.070068 30.008280 1.496276 0.408888 0.513437
2 0.000000 0.000000 0.000000 0.000000 -0.000000 -0.000000
3 3.890452 -0.000007 -0.000003 -2.076993 -0.579170 -1.559339
4 17.848179 0.000000 0.000000 0.000000 0.000000 1.074468
5 15.637959 0.000000 0.000000 -8.587120 -3.188141 8.128520
6 7.110240 0.000000 0.000000 6.275639 -0.002441 -0.511412
7 -3.890452 0.000003 0.000008 -1.141292 -0.776969 -1.939219
8 17.848181 0.000000 0.000000 0.000000 0.000000 1.936467
9 15.637958 0.000000 0.000000 0.132059 0.211171 -1.306630
10 7.110240 0.000000 0.000000 6.207071 -0.005560 -1.566109
11 0.000005 3.345127 -2.981901 1.604102 0.291875 1.552171
12 4.018332 0.000000 0.000000 -0.136163 0.107361 0.338184
13 3.518567 0.000000 0.000000 -0.151487 0.165232 0.347134
14 8.942634 0.000000 0.000000 0.001257 0.092326 0.220833
15 3.307272 0.000000 0.000000 3.141591 -0.000000 0.400478
16 3.593713 0.000000 0.000000 0.385495 0.035158 0.566225
17 2.033351 1.000771 1.100821 -1.293378 -1.729723 -0.453207
18 6.811800 0.000000 0.000000 -1.379258 -0.250292 -1.316662
19 12.394105 0.000000 0.000000 0.000000 0.000000 -1.644684
20 9.334690 0.000001 -0.000032 -0.393687 0.058970 -0.067541
21 4.610123 -0.122605 -1.406946 -0.453661 0.191064 -0.842444
22 1.191884 0.000000 0.000000 -0.065360 0.190537 -1.000731
23 0.945939 0.000000 0.000000 -0.015409 0.082975 -0.457312
24 4.605128 0.071046 -0.574018 -0.157420 -0.004556 -0.810738
25 1.430263 0.000000 0.000000 -0.023657 0.057261 -1.091732
26 1.155766 0.000000 0.000000 0.000979 0.008951 -0.168340
27 4.454865 -0.071046 0.574018 0.096296 -0.007833 -0.804105
28 1.426183 0.000000 0.000000 0.023873 -0.079632 -1.125969
29 1.324319 0.000000 0.000000 0.009317 -0.033630 -0.575091
30 4.479185 -0.026371 1.583719 0.476661 -0.055423 -1.136103
31 1.341888 0.000000 0.000000 0.023475 -0.208313 -0.755745
32 1.225941 0.000000 0.000000 0.026045 -0.124622 -0.538683
33 2.631852 -0.344645 1.908319 -0.354021 -0.915168 -1.788213
34 1.058429 0.000000 0.000000 0.000554 0.000002 -0.000004
35 0.778706 0.000000 0.000000 -0.000472 0.006935 -0.135957
36 2.033354 1.000773 -1.100771 0.680105 1.780337 -0.989571
37 6.811801 0.000000 0.000000 1.254187 0.376982 -0.488842
38 12.394103 0.000000 0.000000 0.000000 0.000000 -1.942458
39 9.334718 0.000000 0.000000 -1.153140 -0.425824 0.068725
40 4.610092 -0.109559 1.408022 0.215959 0.006794 -0.915272
41 1.191885 0.000000 0.000000 0.044560 -0.180938 -0.876601
42 0.945938 0.000000 0.000000 0.155228 -0.190276 -1.393021
43 4.605097 0.076364 0.573335 0.139630 -0.069408 -0.865173
44 1.430257 0.000000 0.000000 0.049426 -0.072767 -1.413300
45 1.155767 0.000000 0.000000 0.018371 -0.045481 -0.841346
46 4.454831 -0.076364 -0.573335 0.047705 -0.153456 -0.767483
47 1.426188 0.000000 0.000000 -0.053883 0.078891 -1.553286
48 1.324319 0.000000 0.000000 -0.013612 0.036969 -0.732283
49 4.479149 -0.041050 -1.583407 -0.332118 -0.154805 0.170762
50 1.341885 0.000000 0.000000 -0.042633 0.220746 -0.851609
51 1.225945 0.000000 0.000000 0.008155 -0.000000 0.000001
52 2.631822 -0.362328 -1.905043 0.415059 0.423435 -0.720789
53 1.058428 0.000000 0.000000 0.015106 0.038913 0.767157
54 0.778706 0.000000 0.000000 0.004785 0.022541 0.418310
55 4.041916 5.169765 -8.467939 0.000000 -0.392699 0.000000
56 -0.044717 2.529041 4.661499 -0.039270 0.000000 0.000000
time 15
1 1.897177 -73.300858 29.745373 1.518167 0.396078 0.589449
2 0.000000 0.000000 0.000000 0.000000 -0.000000 -0.000000
3 3.890452 -0.000007 -0.000003 -2.043116 -0.502855 -1.561151
4 17.848179 0.000000 0.000000 0.000000 0.000000 1.188928
5 15.637959 0.000000 0.000000 -8.588232 -3.265649 7.975869
6 7.110240 0.000000 0.000000 6.275466 -0.002073 -0.434618
7 -3.890452 0.000003 0.000008 -1.099336 -0.797838 -2.017763
8 17.848181 0.000000 0.000000 0.000000 0.000000 1.554174
9 15.637958 0.000000 0.000000 0.210672 0.083605 -1.458778
10 7.110240 0.000000 0.000000 6.207071 -0.005560 -1.566109
11 0.000005 3.345127 -2.981901 1.603898 0.291935 1.556437
12 4.018332 0.000000 0.000000 -0.154835 0.122094 0.359505
13 3.518567 0.000000 0.000000 -0.173554 0.177536 0.364743
14 8.942634 0.000000 0.000000 -0.006356 0.086324 0.211835
15 3.307272 0.000000 0.000000 3.141591 -0.000000 0.400478
16 3.593713 0.000000 0.000000 0.420810 0.050842 0.595400
17 2.033351 1.000771 1.100821 -1.293379 -1.729723 -0.453207
18 6.811800 0.000000 0.000000 -1.365336 -0.283598 -1.392112
19 12.394105 0.000000 0.000000 0.000000 0.000000 -1.540006
20 9.334690 0.000001 -0.000032 -0.341434 0.098930 -0.186895
21 4.610123 -0.122605 -1.406946 -0.453661 0.191064 -0.842444
22 1.191884 0.000000 0.000000 -0.065360 0.190537 -1.000731
23 0.945939 0.000000 0.000000 -0.015409 0.082975 -0.457313
24 4.605128 0.071046 -0.574018 -0.157421 -0.004556 -0.810738
25 1.430263 0.000000 0.000000 -0.023657 0.057261 -1.091732
26 1.155766 0.000000 0.000000 0.000979 0.008951 -0.168340
27 4.454865 -0.071046 0.574018 0.096295 -0.007833 -0.804105
28 1.426183 0.000000 0.000000 0.023873 -0.079632 -1.125969
29 1.324319 0.000000 0.000000 0.009317 -0.033630 -0.575091
30 4.479185 -0.026371 1.583719 0.476661 -0.055423 -1.136103
31 1.341888 0.000000 0.000000 0.023475 -0.208313 -0.755745
32 1.225941 0.000000 0.000000 0.026045 -0.124622 -0.538684
33 2.631852 -0.344645 1.908319 -0.354021 -0.915168 -1.788213
34 1.058429 0.000000 0.000000 0.000554 0.000002 -0.000004
35 0.778706 0.000000 0.000000 -0.000472 0.006935 -0.135957
36 2.033354 1.000773 -1.100771 0.780932 1.768088 -0.889283
37 6.811801 0.000000 0.000000 1.274633 0.338830 -0.487927
38 12.394103 0.000000 0.000000 0.000000 0.000000 -1.925490
39 9.334718 0.000000 0.000000 -1.224699 -0.424848 0.035590
40 4.610092 -0.109559 1.408022 0.215959 0.006794 -0.915272
41 1.191885 0.000000 0.000000 0.044560 -0.180938 -0.876601
42 0.945938 0.000000 0.000000 0.155228 -0.190276 -1.393021
43 4.605097 0.076364 0.573335 0.139630 -0.069408 -0.865173
44 1.430257 0.000000 0.000000 0.049426 -0.072767 -1.413300
45 1.155767 0.000000 0.000000 0.018371 -0.045481 -0.841346
46 4.454831 -0.076364 -0.573335 0.047705 -0.153456 -0.767483
47 1.426188 0.000000 0.000000 -0.053883 0.078891 -1.553286
48 1.324319 0.000000 0.000000 -0.013612 0.036969 -0.732283
49 4.479149 -0.041050 -1.583407 -0.332118 -0.154805 0.170762
50 1.341885 0.000000 0.000000 -0.042633 0.220746 -0.851609
51 1.225945 0.000000 0.000000 0.008155 -0.000000 0.000001
52 2.631822 -0.362328 -1.905043 0.415059 0.423435 -0.720789
53 1.058428 0.000000 0.000000 0.015106 0.038913 0.767157
54 0.778706 0.000000 0.000000 0.004785 0.022541 0.418310
55 4.041916 5.169765 -8.467939 0.000000 -0.392699 0.000000
56 -0.044717 2.529041 4.661499 -0.039270 0.000000 0.000000
time 16
1 3.318331 -76.551788 29.605183 1.533562 0.372284 0.663421
2 0.000000 0.000000 0.000000 -0.000000 -0.000000 -0.000000
3 3.890452 -0.000007 -0.000003 -2.005785 -0.380185 -1.572495
4 17.848179 0.000000 0.000000 0.000000 0.000000 1.231367
5 15.637959 0.000000 0.000000 -8.597792 -3.353771 7.851203
6 7.110240 0.000000 0.000000 6.275466 -0.002073 -0.434618
7 -3.890452 0.000003 0.000008 -1.030467 -0.705289 -2.064163
8 17.848181 0.000000 0.000000 0.000000 0.000000 1.093131
9 15.637958 0.000000 0.000000 0.242768 -0.104982 -1.429169
10 7.110240 0.000000 0.000000 6.207071 -0.005560 -1.566109
11 0.000005 3.345127 -2.981901 1.603775 0.291972 1.559127
12 4.018332 0.000000 0.000000 -0.166806 0.133482 0.379010
13 3.518567 0.000000 0.000000 -0.189045 0.185642 0.381197
14 8.942634 0.000000 0.000000 -0.014925 0.078186 0.203151
15 3.307272 0.000000 0.000000 3.141591 0.000000 0.400478
16 3.593713 0.000000 0.000000 0.444534 0.059914 0.621682
17 2.033351 1.000771 1.100821 -1.293378 -1.729723 -0.453207
18 6.811800 0.000000 0.000000 -1.357843 -0.317328 -1.437902
19 12.394105 0.000000 0.000000 0.000000 0.000000 -1.472400
20 9.334690 0.000001 -0.000032 -0.303430 0.134570 -0.263341
21 4.610123 -0.122605 -1.406946 -0.453661 0.191064 -0.842444
22 1.191884 0.000000 0.000000 -0.065360 0.190537 -1.000731
23 0.945939 0.000000 0.000000 -0.015409 0.082975 -0.457312
24 4.605128 0.071046 -0.574018 -0.157420 -0.004556 -0.810738
25 1.430263 0.000000 0.000000 -0.023657 0.057261 -1.091732
26 1.155766 0.000000 0.000000 0.000979 0.008951 -0.168340
27 4.454865 -0.071046 0.574018 0.096295 -0.007833 -0.804105
28 1.426183 0.000000 0.000000 0.023873 -0.079632 -1.125970
29 1.324319 0.000000 0.000000 0.009317 -0.033630 -0.575091
30 4.479185 -0.026371 1.583719 0.476661 -0.055423 -1.136103
31 1.341888 0.000000 0.000000 0.023475 -0.208313 -0.755745
32 1.225941 0.000000 0.000000 0.026045 -0.124622 -0.538683
33 2.631852 -0.344645 1.908319 -0.354021 -0.915168 -1.788213
34 1.058429 0.000000 0.000000 0.000554 0.000002 -0.000004
35 0.778706 0.000000 0.000000 -0.000472 0.006935 -0.135957
36 2.033354 1.000773 -1.100771 0.864007 1.759817 -0.806798
37 6.811801 0.000000 0.000000 1.295485 0.317513 -0.498612
38 12.394103 0.000000 0.000000 0.000000 0.000000 -1.908175
39 9.334718 0.000000 0.000000 -1.280882 -0.422844 0.003903
40 4.610092 -0.109559 1.408022 0.215959 0.006794 -0.915272
41 1.191885 0.000000 0.000000 0.044560 -0.180938 -0.876601
42 0.945938 0.000000 0.000000 0.155228 -0.190276 -1.393021
43 4.605097 0.076364 0.573335 0.139630 -0.069408 -0.865173
44 1.430257 0.000000 0.000000 0.049426 -0.072767 -1.413300
45 1.155767 0.000000 0.000000 0.018371 -0.045481 -0.841346
46 4.454831 -0.076364 -0.573335 0.047705 -0.153456 -0.767483
47 1.426188 0.000000 0.000000 -0.053883 0.078891 -1.553286
48 1.324319 0.000000 0.000000 -0.013612 0.036969 -0.732283
49 4.479149 -0.041050 -1.583407 -0.332118 -0.154805 0.170762
50 1.341885 0.000000 0.000000 -0.042633 0.220746 -0.851609
51 1.225945 0.000000 0.000000 0.008155 -0.000000 0.000001
52 2.631822 -0.362328 -1.905043 0.415059 0.423435 -0.720789
53 1.058428 0.000000 0.000000 0.015106 0.038913 0.767157
54 0.778706 0.000000 0.000000 0.004785 0.022541 0.418310
55 4.041916 5.169765 -8.467939 0.000000 -0.392699 0.000000
56 -0.044717 2.529041 4.661499 -0.039270 0.000000 0.000000
time 17
1 4.768106 -79.934433 29.338083 1.539630 0.343753 0.735630
2 0.000000 0.000000 0.000000 -0.000000 -0.000000 -0.000000
3 3.890452 -0.000007 -0.000003 -2.011666 -0.502092 -1.523405
4 17.848179 0.000000 0.000000 0.000000 0.000000 1.589626
5 15.637959 0.000000 0.000000 -8.778784 -3.224368 8.182988
6 7.110240 0.000000 0.000000 6.275466 -0.002073 -0.434618
7 -3.890452 0.000003 0.000008 -1.064742 -0.605389 -2.059805
8 17.848181 0.000000 0.000000 0.000000 0.000000 0.799157
9 15.637958 0.000000 0.000000 0.360620 -0.272757 -1.309293
10 7.110240 0.000000 0.000000 6.207071 -0.005560 -1.566109
11 0.000005 3.345127 -2.981901 1.603700 0.291995 1.560764
12 4.018332 0.000000 0.000000 -0.171604 0.140996 0.396694
13 3.518567 0.000000 0.000000 -0.197416 0.189251 0.396380
14 8.942634 0.000000 0.000000 -0.024172 0.068371 0.194586
15 3.307272 0.000000 0.000000 3.141591 0.000000 0.400478
16 3.593713 0.000000 0.000000 0.458354 0.063905 0.646408
17 2.033351 1.000771 1.100821 -1.293379 -1.729723 -0.453206
18 6.811800 0.000000 0.000000 -1.358853 -0.346904 -1.448873
19 12.394105 0.000000 0.000000 0.000000 0.000000 -1.459814
20 9.334690 0.000001 -0.000032 -0.276743 0.157428 -0.283815
21 4.610123 -0.122605 -1.406946 -0.453661 0.191064 -0.842444
22 1.191884 0.000000 0.000000 -0.065360 0.190537 -1.000731
23 0.945939 0.000000 0.000000 -0.015409 0.082975 -0.457312
24 4.605128 0.071046 -0.574018 -0.157420 -0.004556 -0.810738
25 1.430263 0.000000 0.000000 -0.023657 0.057261 -1.091732
26 1.155766 0.000000 0.000000 0.000979 0.008951 -0.168340
27 4.454865 -0.071046 0.574018 0.096295 -0.007833 -0.804105
28 1.426183 0.000000 0.000000 0.023873 -0.079632 -1.125969
29 1.324319 0.000000 0.000000 0.009317 -0.033630 -0.575091
30 4.479185 -0.026371 1.583719 0.476661 -0.055423 -1.136103
31 1.341888 0.000000 0.000000 0.023475 -0.208313 -0.755745
32 1.225941 0.000000 0.000000 0.026045 -0.124622 -0.538684
33 2.631852 -0.344645 1.908319 -0.354021 -0.915168 -1.788213
34 1.058429 0.000000 0.000000 0.000554 0.000002 -0.000004
35 0.778706 0.000000 0.000000 -0.000472 0.006935 -0.135957
36 2.033354 1.000773 -1.100771 0.910461 1.755024 -0.760792
37 6.811801 0.000000 0.000000 1.313490 0.319646 -0.517754
38 12.394103 0.000000 0.000000 0.000000 0.000000 -1.891539
39 9.334718 0.000000 0.000000 -1.314505 -0.418249 -0.024948
40 4.610092 -0.109559 1.408022 0.215959 0.006794 -0.915272
41 1.191885 0.000000 0.000000 0.044560 -0.180938 -0.876601
42 0.945938 0.000000 0.000000 0.155228 -0.190276 -1.393021
43 4.605097 0.076364 0.573335 0.139630 -0.069408 -0.865173
44 1.430257 0.000000 0.000000 0.049426 -0.072767 -1.413300
45 1.155767 0.000000 0.000000 0.018371 -0.045481 -0.841346
46 4.454831 -0.076364 -0.573335 0.047705 -0.153456 -0.767483
47 1.426188 0.000000 0.000000 -0.053883 0.078891 -1.553286
48 1.324319 0.000000 0.000000 -0.013612 0.036969 -0.732283
49 4.479149 -0.041050 -1.583407 -0.332118 -0.154805 0.170762
50 1.341885 0.000000 0.000000 -0.042633 0.220746 -0.851609
51 1.225945 0.000000 0.000000 0.008155 -0.000000 0.000001
52 2.631822 -0.362328 -1.905043 0.415059 0.423435 -0.720789
53 1.058428 0.000000 0.000000 0.015106 0.038913 0.767157
54 0.778706 0.000000 0.000000 0.004785 0.022541 0.418310
55 4.041916 5.169765 -8.467939 0.000000 -0.392699 0.000000
56 -0.044717 2.529041 4.661499 -0.039270 0.000000 0.000000
time 18
1 6.066827 -83.354950 28.783440 1.538756 0.316208 0.803502
2 0.000000 0.000000 0.000000 -0.000000 -0.000000 -0.000000
3 3.890452 -0.000007 -0.000003 -2.015535 -0.608900 -1.443201
4 17.848179 0.000000 0.000000 0.000000 0.000000 1.812047
5 15.637959 0.000000 0.000000 -9.046810 -3.303221 8.641101
6 7.110240 0.000000 0.000000 6.275466 -0.002073 -0.434618
7 -3.890452 0.000003 0.000008 -1.131743 -0.555306 -2.076410
8 17.848181 0.000000 0.000000 0.000000 0.000000 0.829920
9 15.637958 0.000000 0.000000 0.412585 -0.338208 -1.203726
10 7.110240 0.000000 0.000000 6.207071 -0.005560 -1.566109
11 0.000005 3.345127 -2.981901 1.603651 0.292008 1.561728
12 4.018332 0.000000 0.000000 -0.169587 0.144340 0.411732
13 3.518567 0.000000 0.000000 -0.198857 0.188388 0.409405
14 8.942634 0.000000 0.000000 -0.033530 0.057578 0.186363
15 3.307272 0.000000 0.000000 3.141591 -0.000000 0.400478
16 3.593713 0.000000 0.000000 0.465311 0.065932 0.670120
17 2.033351 1.000771 1.100821 -1.293379 -1.729723 -0.453206
18 6.811800 0.000000 0.000000 -1.374265 -0.371784 -1.421016
19 12.394105 0.000000 0.000000 0.000000 0.000000 -1.511074
20 9.334690 0.000001 -0.000032 -0.258220 0.161556 -0.246653
21 4.610123 -0.122605 -1.406946 -0.453661 0.191064 -0.842445
22 1.191884 0.000000 0.000000 -0.065360 0.190537 -1.000731
23 0.945939 0.000000 0.000000 -0.015409 0.082975 -0.457312
24 4.605128 0.071046 -0.574018 -0.157421 -0.004556 -0.810738
25 1.430263 0.000000 0.000000 -0.023657 0.057261 -1.091732
26 1.155766 0.000000 0.000000 0.000979 0.008951 -0.168340
27 4.454865 -0.071046 0.574018 0.096295 -0.007833 -0.804105
28 1.426183 0.000000 0.000000 0.023873 -0.079632 -1.125969
29 1.324319 0.000000 0.000000 0.009317 -0.033630 -0.575091
30 4.479185 -0.026371 1.583719 0.476661 -0.055423 -1.136103
31 1.341888 0.000000 0.000000 0.023475 -0.208313 -0.755745
32 1.225941 0.000000 0.000000 0.026045 -0.124622 -0.538683
33 2.631852 -0.344645 1.908319 -0.354021 -0.915168 -1.788213
34 1.058429 0.000000 0.000000 0.000554 0.000002 -0.000004
35 0.778706 0.000000 0.000000 -0.000472 0.006935 -0.135957
36 2.033354 1.000773 -1.100771 0.910621 1.753031 -0.760816
37 6.811801 0.000000 0.000000 1.326654 0.353845 -0.540920
38 12.394103 0.000000 0.000000 0.000000 0.000000 -1.873470
39 9.334718 0.000000 0.000000 -1.325107 -0.409046 -0.052962
40 4.610092 -0.109559 1.408022 0.215959 0.006794 -0.915272
41 1.191885 0.000000 0.000000 0.044560 -0.180938 -0.876601
42 0.945938 0.000000 0.000000 0.155228 -0.190276 -1.393021
43 4.605097 0.076364 0.573335 0.139630 -0.069408 -0.865173
44 1.430257 0.000000 0.000000 0.049426 -0.072767 -1.413300
45 1.155767 0.000000 0.000000 0.018371 -0.045481 -0.841346
46 4.454831 -0.076364 -0.573335 0.047705 -0.153456 -0.767483
47 1.426188 0.000000 0.000000 -0.053883 0.078891 -1.553286
48 1.324319 0.000000 0.000000 -0.013612 0.036969 -0.732283
49 4.479149 -0.041050 -1.583407 -0.332118 -0.154805 0.170762
50 1.341885 0.000000 0.000000 -0.042633 0.220746 -0.851609
51 1.225945 0.000000 0.000000 0.008155 -0.000001 0.000001
52 2.631822 -0.362328 -1.905043 0.415059 0.423435 -0.720789
53 1.058428 0.000000 0.000000 0.015106 0.038913 0.767157
54 0.778706 0.000000 0.000000 0.004785 0.022541 0.418310
55 4.041916 5.169765 -8.467939 0.000000 -0.392699 0.000000
56 -0.044717 2.529041 4.661499 -0.039270 0.000000 0.000000
time 19
1 7.326962 -86.564957 28.085358 1.537161 0.292675 0.862947
2 0.000000 0.000000 0.000000 -0.000000 -0.000000 -0.000000
3 3.890452 -0.000007 -0.000003 -2.061078 -0.719095 -1.350900
4 17.848179 0.000000 0.000000 0.000000 0.000000 1.947529
5 15.637959 0.000000 0.000000 -9.224435 -3.492628 8.550745
6 7.110240 0.000000 0.000000 6.275466 -0.002073 -0.434618
7 -3.890452 0.000003 0.000008 -1.185616 -0.511850 -2.102825
8 17.848181 0.000000 0.000000 0.000000 0.000000 0.937265
9 15.637958 0.000000 0.000000 0.434000 -0.397937 -1.150062
10 7.110240 0.000000 0.000000 6.207071 -0.005560 -1.566109
11 0.000005 3.345127 -2.981901 1.603605 0.292016 1.562246
12 4.018332 0.000000 0.000000 -0.161925 0.143285 0.422324
13 3.518567 0.000000 0.000000 -0.194276 0.183195 0.418512
14 8.942634 0.000000 0.000000 -0.042286 0.046685 0.179142
15 3.307272 0.000000 0.000000 3.141591 0.000000 0.400478
16 3.593713 0.000000 0.000000 0.467794 0.067727 0.693097
17 2.033351 1.000771 1.100821 -1.293379 -1.729723 -0.453206
18 6.811800 0.000000 0.000000 -1.406202 -0.397034 -1.360832
19 12.394105 0.000000 0.000000 0.000000 0.000000 -1.605947
20 9.334690 0.000001 -0.000032 -0.246644 0.151469 -0.167665
21 4.610123 -0.122605 -1.406946 -0.453661 0.191064 -0.842444
22 1.191884 0.000000 0.000000 -0.065360 0.190537 -1.000731
23 0.945939 0.000000 0.000000 -0.015409 0.082975 -0.457312
24 4.605128 0.071046 -0.574018 -0.157420 -0.004556 -0.810738
25 1.430263 0.000000 0.000000 -0.023657 0.057261 -1.091732
26 1.155766 0.000000 0.000000 0.000979 0.008951 -0.168340
27 4.454865 -0.071046 0.574018 0.096295 -0.007833 -0.804105
28 1.426183 0.000000 0.000000 0.023873 -0.079632 -1.125969
29 1.324319 0.000000 0.000000 0.009317 -0.033630 -0.575091
30 4.479185 -0.026371 1.583719 0.476661 -0.055423 -1.136103
31 1.341888 0.000000 0.000000 0.023475 -0.208313 -0.755745
32 1.225941 0.000000 0.000000 0.026045 -0.124622 -0.538683
33 2.631852 -0.344645 1.908319 -0.354021 -0.915168 -1.788213
34 1.058429 0.000000 0.000000 0.000554 0.000002 -0.000004
35 0.778706 0.000000 0.000000 -0.000472 0.006935 -0.135957
36 2.033354 1.000773 -1.100771 0.872520 1.753268 -0.798893
37 6.811801 0.000000 0.000000 1.335183 0.414433 -0.565908
38 12.394103 0.000000 0.000000 0.000000 0.000000 -1.851885
39 9.334718 0.000000 0.000000 -1.319683 -0.394727 -0.082284
40 4.610092 -0.109559 1.408022 0.215959 0.006794 -0.915272
41 1.191885 0.000000 0.000000 0.044560 -0.180938 -0.876601
42 0.945938 0.000000 0.000000 0.155228 -0.190276 -1.393021
43 4.605097 0.076364 0.573335 0.139630 -0.069408 -0.865173
44 1.430257 0.000000 0.000000 0.049426 -0.072767 -1.413300
45 1.155767 0.000000 0.000000 0.018371 -0.045481 -0.841346
46 4.454831 -0.076364 -0.573335 0.047705 -0.153456 -0.767483
47 1.426188 0.000000 0.000000 -0.053883 0.078891 -1.553286
48 1.324319 0.000000 0.000000 -0.013612 0.036969 -0.732282
49 4.479149 -0.041050 -1.583407 -0.332118 -0.154805 0.170762
50 1.341885 0.000000 0.000000 -0.042633 0.220746 -0.851609
51 1.225945 0.000000 0.000000 0.008155 -0.000001 0.000001
52 2.631822 -0.362328 -1.905043 0.415059 0.423435 -0.720789
53 1.058428 0.000000 0.000000 0.015106 0.038913 0.767157
54 0.778706 0.000000 0.000000 0.004785 0.022541 0.418310
55 4.041916 5.169765 -8.467939 0.000000 -0.392699 0.000000
56 -0.044717 2.529041 4.661499 -0.039270 0.000000 0.000000
time 20
1 8.781137 -89.423523 27.605240 1.543347 0.274031 0.912626
2 0.000000 0.000000 0.000000 -0.000000 -0.000000 -0.000000
3 3.890452 -0.000007 -0.000003 -2.144990 -0.829986 -1.246050
4 17.848179 0.000000 0.000000 0.000000 0.000000 2.041383
5 15.637959 0.000000 0.000000 -9.421546 -3.608908 8.318477
6 7.110240 0.000000 0.000000 6.275466 -0.002073 -0.434618
7 -3.890452 0.000003 0.000008 -1.144450 -0.452081 -2.146646
8 17.848181 0.000000 0.000000 0.000000 0.000000 1.116270
9 15.637958 0.000000 0.000000 0.439554 -0.412357 -1.355663
10 7.110240 0.000000 0.000000 6.207071 -0.005560 -1.566109
11 0.000005 3.345127 -2.981901 1.603538 0.292020 1.562447
12 4.018332 0.000000 0.000000 -0.150401 0.137660 0.426140
13 3.518567 0.000000 0.000000 -0.185165 0.173891 0.421502
14 8.942634 0.000000 0.000000 -0.049826 0.036729 0.173826
15 3.307272 0.000000 0.000000 3.141591 -0.000000 0.400478
16 3.593713 0.000000 0.000000 0.466474 0.067915 0.714404
17 2.033351 1.000771 1.100821 -1.293379 -1.729723 -0.453206
18 6.811800 0.000000 0.000000 -1.455206 -0.424629 -1.279356
19 12.394105 0.000000 0.000000 0.000000 0.000000 -1.718374
20 9.334690 0.000001 -0.000032 -0.242798 0.138005 -0.060668
21 4.610123 -0.122605 -1.406946 -0.453661 0.191064 -0.842444
22 1.191884 0.000000 0.000000 -0.065360 0.190537 -1.000731
23 0.945939 0.000000 0.000000 -0.015409 0.082975 -0.457312
24 4.605128 0.071046 -0.574018 -0.157420 -0.004556 -0.810738
25 1.430263 0.000000 0.000000 -0.023657 0.057261 -1.091732
26 1.155766 0.000000 0.000000 0.000979 0.008951 -0.168340
27 4.454865 -0.071046 0.574018 0.096296 -0.007833 -0.804105
28 1.426183 0.000000 0.000000 0.023873 -0.079632 -1.125969
29 1.324319 0.000000 0.000000 0.009317 -0.033630 -0.575091
30 4.479185 -0.026371 1.583719 0.476661 -0.055423 -1.136103
31 1.341888 0.000000 0.000000 0.023475 -0.208313 -0.755745
32 1.225941 0.000000 0.000000 0.026045 -0.124622 -0.538683
33 2.631852 -0.344645 1.908319 -0.354021 -0.915168 -1.788213
34 1.058429 0.000000 0.000000 0.000554 0.000002 -0.000004
35 0.778706 0.000000 0.000000 -0.000472 0.006935 -0.135957
36 2.033354 1.000773 -1.100771 0.806249 1.755744 -0.865051
37 6.811801 0.000000 0.000000 1.338515 0.487313 -0.592003
38 12.394103 0.000000 0.000000 0.000000 0.000000 -1.827852
39 9.334718 0.000000 0.000000 -1.302323 -0.375843 -0.111561
40 4.610092 -0.109559 1.408022 0.215959 0.006794 -0.915272
41 1.191885 0.000000 0.000000 0.044560 -0.180938 -0.876601
42 0.945938 0.000000 0.000000 0.155228 -0.190276 -1.393021
43 4.605097 0.076364 0.573335 0.139630 -0.069408 -0.865173
44 1.430257 0.000000 0.000000 0.049426 -0.072767 -1.413300
45 1.155767 0.000000 0.000000 0.018371 -0.045481 -0.841346
46 4.454831 -0.076364 -0.573335 0.047705 -0.153456 -0.767483
47 1.426188 0.000000 0.000000 -0.053883 0.078891 -1.553286
48 1.324319 0.000000 0.000000 -0.013612 0.036969 -0.732282
49 4.479149 -0.041050 -1.583407 -0.332118 -0.154805 0.170762
50 1.341885 0.000000 0.000000 -0.042633 0.220746 -0.851609
51 1.225945 0.000000 0.000000 0.008155 -0.000000 0.000001
52 2.631822 -0.362328 -1.905043 0.415059 0.423435 -0.720789
53 1.058428 0.000000 0.000000 0.015106 0.038913 0.767157
54 0.778706 0.000000 0.000000 0.004785 0.022541 0.418310
55 4.041916 5.169765 -8.467939 0.000000 -0.392699 0.000000
56 -0.044717 2.529041 4.661499 -0.039270 0.000000 0.000000
time 21
1 10.577135 -91.979874 27.509605 1.564063 0.260162 0.956205
2 0.000000 0.000000 0.000000 -0.000000 -0.000000 -0.000000
3 3.890452 -0.000007 -0.000003 -2.326308 -0.949791 -1.135640
4 17.848179 0.000000 0.000000 0.000000 0.000000 2.013862
5 15.637959 0.000000 0.000000 -9.483689 -3.503876 8.130842
6 7.110240 0.000000 0.000000 6.275466 -0.002073 -0.434618
7 -3.890452 0.000003 0.000008 -1.116981 -0.348374 -2.156423
8 17.848181 0.000000 0.000000 0.000000 0.000000 1.171409
9 15.637958 0.000000 0.000000 0.453514 -0.429007 -1.505068
10 7.110240 0.000000 0.000000 6.207071 -0.005560 -1.566109
11 0.000005 3.345127 -2.981901 1.603403 0.292023 1.562336
12 4.018332 0.000000 0.000000 -0.137015 0.127444 0.421231
13 3.518567 0.000000 0.000000 -0.173284 0.160784 0.416575
14 8.942634 0.000000 0.000000 -0.055812 0.028712 0.171187
15 3.307272 0.000000 0.000000 3.141591 -0.000000 0.400478
16 3.593713 0.000000 0.000000 0.459858 0.063135 0.732755
17 2.033351 1.000771 1.100821 -1.293379 -1.729723 -0.453206
18 6.811800 0.000000 0.000000 -1.520520 -0.453299 -1.187044
19 12.394105 0.000000 0.000000 0.000000 0.000000 -1.829099
20 9.334690 0.000001 -0.000032 -0.246107 0.132431 0.063143
21 4.610123 -0.122605 -1.406946 -0.453661 0.191064 -0.842444
22 1.191884 0.000000 0.000000 -0.065360 0.190537 -1.000731
23 0.945939 0.000000 0.000000 -0.015409 0.082975 -0.457313
24 4.605128 0.071046 -0.574018 -0.157420 -0.004556 -0.810738
25 1.430263 0.000000 0.000000 -0.023657 0.057261 -1.091732
26 1.155766 0.000000 0.000000 0.000979 0.008951 -0.168340
27 4.454865 -0.071046 0.574018 0.096295 -0.007833 -0.804105
28 1.426183 0.000000 0.000000 0.023873 -0.079632 -1.125969
29 1.324319 0.000000 0.000000 0.009317 -0.033630 -0.575091
30 4.479185 -0.026371 1.583719 0.476661 -0.055423 -1.136103
31 1.341888 0.000000 0.000000 0.023475 -0.208312 -0.755745
32 1.225941 0.000000 0.000000 0.026045 -0.124622 -0.538683
33 2.631852 -0.344645 1.908319 -0.354021 -0.915169 -1.788213
34 1.058429 0.000000 0.000000 0.000554 0.000002 -0.000004
35 0.778706 0.000000 0.000000 -0.000472 0.006935 -0.135957
36 2.033354 1.000773 -1.100771 0.723300 1.760557 -0.947921
37 6.811801 0.000000 0.000000 1.334864 0.559903 -0.621033
38 12.394103 0.000000 0.000000 0.000000 0.000000 -1.802439
39 9.334718 0.000000 0.000000 -1.277021 -0.353162 -0.139494
40 4.610092 -0.109559 1.408022 0.215959 0.006794 -0.915272
41 1.191885 0.000000 0.000000 0.044560 -0.180938 -0.876601
42 0.945938 0.000000 0.000000 0.155228 -0.190276 -1.393021
43 4.605097 0.076364 0.573335 0.139630 -0.069408 -0.865173
44 1.430257 0.000000 0.000000 0.049426 -0.072767 -1.413300
45 1.155767 0.000000 0.000000 0.018371 -0.045481 -0.841346
46 4.454831 -0.076364 -0.573335 0.047705 -0.153456 -0.767483
47 1.426188 0.000000 0.000000 -0.053883 0.078891 -1.553286
48 1.324319 0.000000 0.000000 -0.013612 0.036969 -0.732282
49 4.479149 -0.041050 -1.583407 -0.332118 -0.154805 0.170762
50 1.341885 0.000000 0.000000 -0.042633 0.220746 -0.851609
51 1.225945 0.000000 0.000000 0.008155 -0.000000 0.000001
52 2.631822 -0.362328 -1.905043 0.415059 0.423435 -0.720789
53 1.058428 0.000000 0.000000 0.015106 0.038913 0.767157
54 0.778706 0.000000 0.000000 0.004785 0.022541 0.418310
55 4.041916 5.169765 -8.467939 0.000000 -0.392699 0.000000
56 -0.044717 2.529041 4.661499 -0.039270 0.000000 0.000000
time 22
1 12.814319 -94.351059 27.826149 1.601533 0.250815 1.000080
2 0.000000 0.000000 0.000000 -0.000000 -0.000000 -0.000000
3 3.890452 -0.000007 -0.000003 -2.477145 -1.045978 -1.036203
4 17.848179 0.000000 0.000000 0.000000 0.000000 1.871333
5 15.637959 0.000000 0.000000 -9.656334 -3.505221 8.005527
6 7.110240 0.000000 0.000000 6.275466 -0.002073 -0.434618
7 -3.890452 0.000003 0.000008 -1.127448 -0.243410 -2.152550
8 17.848181 0.000000 0.000000 0.000000 0.000000 1.194455
9 15.637958 0.000000 0.000000 0.640401 -0.570933 -1.527878
10 7.110240 0.000000 0.000000 6.207988 -0.005356 -1.733663
11 0.000005 3.345127 -2.981901 1.603186 0.292024 1.561948
12 4.018332 0.000000 0.000000 -0.123709 0.112885 0.406914
13 3.518567 0.000000 0.000000 -0.160425 0.144349 0.403143
14 8.942634 0.000000 0.000000 -0.060144 0.023450 0.171669
15 3.307272 0.000000 0.000000 3.141590 -0.000000 0.400478
16 3.593713 0.000000 0.000000 0.444948 0.050096 0.747409
17 2.033351 1.000771 1.100821 -1.293378 -1.729723 -0.453207
18 6.811800 0.000000 0.000000 -1.597730 -0.481685 -1.093776
19 12.394105 0.000000 0.000000 0.000000 0.000000 -1.924805
20 9.334690 0.000001 -0.000032 -0.253241 0.144363 0.194299
21 4.610123 -0.122605 -1.406946 -0.453661 0.191064 -0.842444
22 1.191884 0.000000 0.000000 -0.065360 0.190537 -1.000731
23 0.945939 0.000000 0.000000 -0.015409 0.082975 -0.457312
24 4.605128 0.071046 -0.574018 -0.157420 -0.004556 -0.810738
25 1.430263 0.000000 0.000000 -0.023657 0.057261 -1.091732
26 1.155766 0.000000 0.000000 0.000979 0.008951 -0.168340
27 4.454865 -0.071046 0.574018 0.096295 -0.007833 -0.804105
28 1.426183 0.000000 0.000000 0.023873 -0.079632 -1.125969
29 1.324319 0.000000 0.000000 0.009317 -0.033630 -0.575091
30 4.479185 -0.026371 1.583719 0.476661 -0.055423 -1.136103
31 1.341888 0.000000 0.000000 0.023475 -0.208313 -0.755745
32 1.225941 0.000000 0.000000 0.026045 -0.124622 -0.538683
33 2.631852 -0.344645 1.908319 -0.354021 -0.915168 -1.788213
34 1.058429 0.000000 0.000000 0.000554 0.000002 -0.000004
35 0.778706 0.000000 0.000000 -0.000472 0.006935 -0.135957
36 2.033354 1.000773 -1.100771 0.634873 1.767472 -1.036414
37 6.811801 0.000000 0.000000 1.321950 0.621792 -0.657101
38 12.394103 0.000000 0.000000 0.000000 0.000000 -1.776711
39 9.334718 0.000000 0.000000 -1.247596 -0.327711 -0.164965
40 4.610092 -0.109559 1.408022 0.215959 0.006794 -0.915272
41 1.191885 0.000000 0.000000 0.044560 -0.180938 -0.876601
42 0.945938 0.000000 0.000000 0.155228 -0.190276 -1.393021
43 4.605097 0.076364 0.573335 0.139630 -0.069408 -0.865173
44 1.430257 0.000000 0.000000 0.049426 -0.072767 -1.413300
45 1.155767 0.000000 0.000000 0.018371 -0.045481 -0.841346
46 4.454831 -0.076364 -0.573335 0.047705 -0.153456 -0.767483
47 1.426188 0.000000 0.000000 -0.053883 0.078891 -1.553286
48 1.324319 0.000000 0.000000 -0.013612 0.036969 -0.732283
49 4.479149 -0.041050 -1.583407 -0.332118 -0.154805 0.170762
50 1.341885 0.000000 0.000000 -0.042633 0.220746 -0.851609
51 1.225945 0.000000 0.000000 0.008155 -0.000000 0.000001
52 2.631822 -0.362328 -1.905043 0.415059 0.423435 -0.720789
53 1.058428 0.000000 0.000000 0.015106 0.038913 0.767157
54 0.778706 0.000000 0.000000 0.004785 0.022541 0.418310
55 4.041916 5.169765 -8.467939 0.000000 -0.392699 0.000000
56 -0.044717 2.529041 4.661499 -0.039270 0.000000 0.000000
time 23
1 15.575905 -96.665802 28.526230 1.654107 0.243996 1.049662
2 0.000000 0.000000 0.000000 -0.000000 -0.000000 -0.000000
3 3.890452 -0.000007 -0.000003 -2.547672 -1.104198 -0.985508
4 17.848179 0.000000 0.000000 0.000000 0.000000 1.648213
5 15.637959 0.000000 0.000000 -9.930964 -3.621046 7.910051
6 7.110240 0.000000 0.000000 6.275466 -0.002073 -0.434618
7 -3.890452 0.000003 0.000008 -1.142030 -0.095447 -2.086644
8 17.848181 0.000000 0.000000 0.000000 0.000000 1.058934
9 15.637958 0.000000 0.000000 0.715484 -0.507464 -1.591491
10 7.110240 0.000000 0.000000 6.207071 -0.005560 -1.566109
11 0.000005 3.345127 -2.981901 1.602825 0.292024 1.561178
12 4.018332 0.000000 0.000000 -0.112338 0.094502 0.384250
13 3.518567 0.000000 0.000000 -0.148351 0.125230 0.382245
14 8.942634 0.000000 0.000000 -0.062739 0.021459 0.175263
15 3.307272 0.000000 0.000000 3.141591 0.000000 0.400478
16 3.593713 0.000000 0.000000 0.419489 0.027393 0.757315
17 2.033351 1.000771 1.100821 -1.293378 -1.729723 -0.453207
18 6.811800 0.000000 0.000000 -1.678453 -0.510192 -1.008925
19 12.394105 0.000000 0.000000 0.000000 0.000000 -1.996210
20 9.334690 0.000001 -0.000032 -0.257549 0.179540 0.323906
21 4.610123 -0.122605 -1.406946 -0.453661 0.191064 -0.842444
22 1.191884 0.000000 0.000000 -0.065360 0.190537 -1.000731
23 0.945939 0.000000 0.000000 -0.015409 0.082975 -0.457312
24 4.605128 0.071046 -0.574018 -0.157421 -0.004556 -0.810738
25 1.430263 0.000000 0.000000 -0.023657 0.057261 -1.091732
26 1.155766 0.000000 0.000000 0.000979 0.008951 -0.168340
27 4.454865 -0.071046 0.574018 0.096295 -0.007833 -0.804105
28 1.426183 0.000000 0.000000 0.023873 -0.079632 -1.125969
29 1.324319 0.000000 0.000000 0.009317 -0.033630 -0.575091
30 4.479185 -0.026371 1.583719 0.476661 -0.055423 -1.136103
31 1.341888 0.000000 0.000000 0.023475 -0.208313 -0.755745
32 1.225941 0.000000 0.000000 0.026045 -0.124622 -0.538683
33 2.631852 -0.344645 1.908319 -0.354021 -0.915168 -1.788213
34 1.058429 0.000000 0.000000 0.000554 0.000002 -0.000004
35 0.778706 0.000000 0.000000 -0.000472 0.006935 -0.135957
36 2.033354 1.000773 -1.100771 0.550137 1.775729 -1.121423
37 6.811801 0.000000 0.000000 1.298213 0.664769 -0.704890
38 12.394103 0.000000 0.000000 0.000000 0.000000 -1.751738
39 9.334718 0.000000 0.000000 -1.217657 -0.300769 -0.187126
40 4.610092 -0.109559 1.408022 0.215959 0.006794 -0.915272
41 1.191885 0.000000 0.000000 0.044560 -0.180938 -0.876601
42 0.945938 0.000000 0.000000 0.155228 -0.190276 -1.393021
43 4.605097 0.076364 0.573335 0.139630 -0.069408 -0.865173
44 1.430257 0.000000 0.000000 0.049426 -0.072767 -1.413300
45 1.155767 0.000000 0.000000 0.018371 -0.045481 -0.841346
46 4.454831 -0.076364 -0.573335 0.047705 -0.153456 -0.767483
47 1.426188 0.000000 0.000000 -0.053883 0.078891 -1.553286
48 1.324319 0.000000 0.000000 -0.013612 0.036969 -0.732283
49 4.479149 -0.041050 -1.583407 -0.332118 -0.154805 0.170762
50 1.341885 0.000000 0.000000 -0.042633 0.220746 -0.851609
51 1.225945 0.000000 0.000000 0.008155 -0.000000 0.000001
52 2.631822 -0.362328 -1.905043 0.415059 0.423435 -0.720789
53 1.058428 0.000000 0.000000 0.015106 0.038913 0.767157
54 0.778706 0.000000 0.000000 0.004785 0.022541 0.418310
55 4.041916 5.169765 -8.467939 0.000000 -0.392699 0.000000
56 -0.044717 2.529041 4.661499 -0.039270 0.000000 0.000000
time 24
1 18.880051 -98.959045 29.457891 1.716587 0.237270 1.107196
2 0.000000 0.000000 0.000000 -0.000000 -0.000000 -0.000000
3 3.890452 -0.000007 -0.000003 -2.575177 -1.135042 -0.987866
4 17.848179 0.000000 0.000000 0.000000 0.000000 1.427615
5 15.637959 0.000000 0.000000 -10.031130 -3.706625 7.896227
6 7.110240 0.000000 0.000000 6.275466 -0.002073 -0.434618
7 -3.890452 0.000003 0.000008 -1.108536 0.062540 -2.016144
8 17.848181 0.000000 0.000000 0.000000 0.000000 0.868354
9 15.637958 0.000000 0.000000 0.682856 -0.517337 -1.416303
10 7.110240 0.000000 0.000000 6.207071 -0.005560 -1.566109
11 0.000005 3.345127 -2.981901 1.602419 0.292024 1.560273
12 4.018332 0.000000 0.000000 -0.104753 0.073132 0.356075
13 3.518567 0.000000 0.000000 -0.138859 0.104305 0.356498
14 8.942634 0.000000 0.000000 -0.063343 0.022926 0.181418
15 3.307272 0.000000 0.000000 3.141591 0.000000 0.400478
16 3.593713 0.000000 0.000000 0.436591 -0.015758 0.771209
17 2.033351 1.000771 1.100821 -1.293378 -1.729723 -0.453207
18 6.811800 0.000000 0.000000 -1.749522 -0.540247 -0.942368
19 12.394105 0.000000 0.000000 0.000000 0.000000 -2.035655
20 9.334690 0.000001 -0.000032 -0.250539 0.236520 0.441617
21 4.610123 -0.122605 -1.406946 -0.453661 0.191064 -0.842444
22 1.191884 0.000000 0.000000 -0.065360 0.190537 -1.000731
23 0.945939 0.000000 0.000000 -0.015409 0.082975 -0.457313
24 4.605128 0.071046 -0.574018 -0.157421 -0.004556 -0.810738
25 1.430263 0.000000 0.000000 -0.023657 0.057261 -1.091732
26 1.155766 0.000000 0.000000 0.000979 0.008951 -0.168340
27 4.454865 -0.071046 0.574018 0.096295 -0.007833 -0.804105
28 1.426183 0.000000 0.000000 0.023873 -0.079632 -1.125969
29 1.324319 0.000000 0.000000 0.009317 -0.033630 -0.575091
30 4.479185 -0.026371 1.583719 0.476661 -0.055423 -1.136103
31 1.341888 0.000000 0.000000 0.023475 -0.208313 -0.755745
32 1.225941 0.000000 0.000000 0.026045 -0.124622 -0.538683
33 2.631852 -0.344645 1.908319 -0.354021 -0.915168 -1.788213
34 1.058429 0.000000 0.000000 0.000554 0.000002 -0.000004
35 0.778706 0.000000 0.000000 -0.000472 0.006935 -0.135957
36 2.033354 1.000773 -1.100771 0.475289 1.784078 -1.196761
37 6.811801 0.000000 0.000000 1.265029 0.681958 -0.765947
38 12.394103 0.000000 0.000000 0.000000 0.000000 -1.728587
39 9.334718 0.000000 0.000000 -1.190612 -0.273822 -0.205437
40 4.610092 -0.109559 1.408022 0.215959 0.006794 -0.915272
41 1.191885 0.000000 0.000000 0.044560 -0.180938 -0.876601
42 0.945938 0.000000 0.000000 0.155228 -0.190276 -1.393021
43 4.605097 0.076364 0.573335 0.139630 -0.069408 -0.865173
44 1.430257 0.000000 0.000000 0.049426 -0.072767 -1.413300
45 1.155767 0.000000 0.000000 0.018371 -0.045481 -0.841346
46 4.454831 -0.076364 -0.573335 0.047705 -0.153456 -0.767483
47 1.426188 0.000000 0.000000 -0.053883 0.078891 -1.553286
48 1.324319 0.000000 0.000000 -0.013612 0.036969 -0.732283
49 4.479149 -0.041050 -1.583407 -0.332118 -0.154805 0.170762
50 1.341885 0.000000 0.000000 -0.042633 0.220746 -0.851609
51 1.225945 0.000000 0.000000 0.008155 -0.000000 0.000001
52 2.631822 -0.362328 -1.905043 0.415059 0.423435 -0.720789
53 1.058428 0.000000 0.000000 0.015106 0.038913 0.767157
54 0.778706 0.000000 0.000000 0.004785 0.022541 0.418310
55 4.041916 5.169765 -8.467939 0.000000 -0.392699 0.000000
56 -0.044717 2.529041 4.661499 -0.039270 0.000000 0.000000
time 25
1 22.642174 -101.121948 30.388992 1.781130 0.225662 1.172906
2 0.000000 0.000000 0.000000 0.000000 -0.000000 -0.000000
3 3.890452 -0.000007 -0.000003 -2.539326 -1.137730 -1.061366
4 17.848179 0.000000 0.000000 0.000000 0.000000 1.265738
5 15.637959 0.000000 0.000000 -10.009889 -3.766737 7.936952
6 7.110240 0.000000 0.000000 6.275466 -0.002073 -0.434618
7 -3.890452 0.000003 0.000008 -1.059429 0.171164 -1.946528
8 17.848181 0.000000 0.000000 0.000000 0.000000 0.731850
9 15.637958 0.000000 0.000000 0.613065 -0.385435 -1.229288
10 7.110240 0.000000 0.000000 6.207071 -0.005560 -1.566109
11 0.000005 3.345127 -2.981901 1.601899 0.292024 1.559082
12 4.018332 0.000000 0.000000 -0.102740 0.049937 0.326363
13 3.518567 0.000000 0.000000 -0.133746 0.082748 0.329464
14 8.942634 0.000000 0.000000 -0.061593 0.027797 0.189088
15 3.307272 0.000000 0.000000 3.141591 0.000000 0.400478
16 3.593713 0.000000 0.000000 0.469492 -0.063355 0.787490
17 2.033351 1.000771 1.100821 -1.293378 -1.729723 -0.453207
18 6.811800 0.000000 0.000000 -1.792619 -0.569549 -0.903772
19 12.394105 0.000000 0.000000 0.000000 0.000000 -2.037947
20 9.334690 0.000001 -0.000032 -0.227712 0.304019 0.535494
21 4.610123 -0.122605 -1.406946 -0.453661 0.191064 -0.842444
22 1.191884 0.000000 0.000000 -0.065360 0.190537 -1.000731
23 0.945939 0.000000 0.000000 -0.015409 0.082975 -0.457312
24 4.605128 0.071046 -0.574018 -0.157420 -0.004556 -0.810738
25 1.430263 0.000000 0.000000 -0.023657 0.057261 -1.091732
26 1.155766 0.000000 0.000000 0.000979 0.008951 -0.168340
27 4.454865 -0.071046 0.574018 0.096295 -0.007833 -0.804105
28 1.426183 0.000000 0.000000 0.023873 -0.079632 -1.125969
29 1.324319 0.000000 0.000000 0.009317 -0.033630 -0.575091
30 4.479185 -0.026371 1.583719 0.476661 -0.055423 -1.136103
31 1.341888 0.000000 0.000000 0.023475 -0.208313 -0.755745
32 1.225941 0.000000 0.000000 0.026045 -0.124622 -0.538684
33 2.631852 -0.344645 1.908319 -0.354021 -0.915169 -1.788213
34 1.058429 0.000000 0.000000 0.000554 0.000002 -0.000004
35 0.778706 0.000000 0.000000 -0.000472 0.006935 -0.135957
36 2.033354 1.000773 -1.100771 0.413817 1.790940 -1.258897
37 6.811801 0.000000 0.000000 1.226754 0.666759 -0.837182
38 12.394103 0.000000 0.000000 0.000000 0.000000 -1.708325
39 9.334718 0.000000 0.000000 -1.169715 -0.248489 -0.219648
40 4.610092 -0.109559 1.408022 0.215959 0.006794 -0.915272
41 1.191885 0.000000 0.000000 0.044560 -0.180938 -0.876601
42 0.945938 0.000000 0.000000 0.155228 -0.190276 -1.393021
43 4.605097 0.076364 0.573335 0.139630 -0.069408 -0.865173
44 1.430257 0.000000 0.000000 0.049426 -0.072767 -1.413300
45 1.155767 0.000000 0.000000 0.018371 -0.045481 -0.841346
46 4.454831 -0.076364 -0.573335 0.047705 -0.153456 -0.767483
47 1.426188 0.000000 0.000000 -0.053883 0.078891 -1.553286
48 1.324319 0.000000 0.000000 -0.013612 0.036969 -0.732283
49 4.479149 -0.041050 -1.583407 -0.332118 -0.154805 0.170762
50 1.341885 0.000000 0.000000 -0.042633 0.220746 -0.851609
51 1.225945 0.000000 0.000000 0.008155 -0.000000 0.000001
52 2.631822 -0.362328 -1.905043 0.415059 0.423435 -0.720789
53 1.058428 0.000000 0.000000 0.015106 0.038913 0.767157
54 0.778706 0.000000 0.000000 0.004785 0.022541 0.418310
55 4.041916 5.169765 -8.467939 0.000000 -0.392699 0.000000
56 -0.044717 2.529041 4.661499 -0.039270 0.000000 0.000000
time 26
1 26.707914 -103.097137 31.147379 1.837912 0.210035 1.244960
2 0.000000 0.000000 0.000000 -0.000000 -0.000000 -0.000000
3 3.890452 -0.000007 -0.000003 -2.392016 -1.112676 -1.215985
4 17.848179 0.000000 0.000000 0.000000 0.000000 1.188302
5 15.637959 0.000000 0.000000 -9.953823 -3.772423 7.970113
6 7.110240 0.000000 0.000000 6.275466 -0.002073 -0.434618
7 -3.890452 0.000003 0.000008 -1.103791 0.198791 -1.870178
8 17.848181 0.000000 0.000000 0.000000 0.000000 0.716577
9 15.637958 0.000000 0.000000 0.445319 -0.336439 -0.909317
10 7.110240 0.000000 0.000000 6.207071 -0.005560 -1.566109
11 0.000005 3.345127 -2.981901 1.601439 0.292027 1.557989
12 4.018332 0.000000 0.000000 -0.107581 0.026497 0.299048
13 3.518567 0.000000 0.000000 -0.134452 0.062075 0.304574
14 8.942634 0.000000 0.000000 -0.057303 0.035688 0.197043
15 3.307272 0.000000 0.000000 3.141590 -0.000000 0.400478
16 3.593713 0.000000 0.000000 0.503618 -0.108562 0.801637
17 2.033351 1.000771 1.100821 -1.293379 -1.729723 -0.453206
18 6.811800 0.000000 0.000000 -1.775376 -0.599666 -0.908226
19 12.394105 0.000000 0.000000 0.000000 0.000000 -1.967970
20 9.334690 0.000001 -0.000032 -0.192956 0.377204 0.586227
21 4.610123 -0.122605 -1.406946 -0.453661 0.191064 -0.842444
22 1.191884 0.000000 0.000000 -0.065360 0.190537 -1.000731
23 0.945939 0.000000 0.000000 -0.015409 0.082975 -0.457312
24 4.605128 0.071046 -0.574018 -0.157420 -0.004556 -0.810738
25 1.430263 0.000000 0.000000 -0.023657 0.057261 -1.091732
26 1.155766 0.000000 0.000000 0.000979 0.008951 -0.168340
27 4.454865 -0.071046 0.574018 0.096296 -0.007833 -0.804105
28 1.426183 0.000000 0.000000 0.023873 -0.079632 -1.125969
29 1.324319 0.000000 0.000000 0.009317 -0.033630 -0.575091
30 4.479185 -0.026371 1.583719 0.476661 -0.055423 -1.136103
31 1.341888 0.000000 0.000000 0.023475 -0.208313 -0.755745
32 1.225941 0.000000 0.000000 0.026045 -0.124622 -0.538683
33 2.631852 -0.344645 1.908319 -0.354021 -0.915169 -1.788213
34 1.058429 0.000000 0.000000 0.000554 0.000002 -0.000004
35 0.778706 0.000000 0.000000 -0.000472 0.006935 -0.135957
36 2.033354 1.000773 -1.100771 0.351511 1.796684 -1.322200
37 6.811801 0.000000 0.000000 1.190311 0.597619 -0.914968
38 12.394103 0.000000 0.000000 0.000000 0.000000 -1.686541
39 9.334718 0.000000 0.000000 -1.148513 -0.218741 -0.226912
40 4.610092 -0.109559 1.408022 0.215959 0.006794 -0.915272
41 1.191885 0.000000 0.000000 0.044560 -0.180938 -0.876601
42 0.945938 0.000000 0.000000 0.155228 -0.190276 -1.393021
43 4.605097 0.076364 0.573335 0.139630 -0.069408 -0.865173
44 1.430257 0.000000 0.000000 0.049426 -0.072767 -1.413300
45 1.155767 0.000000 0.000000 0.018371 -0.045481 -0.841346
46 4.454831 -0.076364 -0.573335 0.047705 -0.153456 -0.767483
47 1.426188 0.000000 0.000000 -0.053883 0.078891 -1.553286
48 1.324319 0.000000 0.000000 -0.013612 0.036969 -0.732283
49 4.479149 -0.041050 -1.583407 -0.332118 -0.154805 0.170762
50 1.341885 0.000000 0.000000 -0.042633 0.220746 -0.851609
51 1.225945 0.000000 0.000000 0.008155 -0.000001 0.000001
52 2.631822 -0.362328 -1.905043 0.415059 0.423435 -0.720789
53 1.058428 0.000000 0.000000 0.015106 0.038913 0.767157
54 0.778706 0.000000 0.000000 0.004785 0.022541 0.418310
55 4.041916 5.169765 -8.467939 0.000000 -0.392699 0.000000
56 -0.044717 2.529041 4.661499 -0.039270 0.000000 0.000000
time 27
1 30.905291 -105.018173 31.683462 1.879853 0.187451 1.321038
2 0.000000 0.000000 0.000000 -0.000002 -0.000000 -0.025122
3 3.890452 -0.000007 -0.000003 -2.207624 -1.042251 -1.359128
4 17.848179 0.000000 0.000000 0.000000 0.000000 1.174438
5 15.637959 0.000000 0.000000 -9.701488 -3.678816 8.032463
6 7.110240 0.000000 0.000000 6.275466 -0.002073 -0.434618
7 -3.890452 0.000003 0.000008 -1.197543 0.165024 -1.736082
8 17.848181 0.000000 0.000000 0.000000 0.000000 0.759896
9 15.637958 0.000000 0.000000 0.298021 -0.329457 -0.614283
10 7.110240 0.000000 0.000000 6.207071 -0.005560 -1.566109
11 0.000005 3.345127 -2.981901 1.600695 0.292037 1.556175
12 4.018332 0.000000 0.000000 -0.119518 0.004840 0.276739
13 3.518567 0.000000 0.000000 -0.141595 0.044105 0.284042
14 8.942634 0.000000 0.000000 -0.050807 0.045843 0.204353
15 3.307272 0.000000 0.000000 3.141590 0.000000 0.400478
16 3.593713 0.000000 0.000000 0.525099 -0.141808 0.807438
17 2.033351 1.000771 1.100821 -1.293378 -1.729723 -0.453207
18 6.811800 0.000000 0.000000 -1.704155 -0.612723 -0.944544
19 12.394105 0.000000 0.000000 0.000000 0.000000 -1.833683
20 9.334690 0.000001 -0.000032 -0.168086 0.447863 0.585260
21 4.610123 -0.122605 -1.406946 -0.453661 0.191064 -0.842444
22 1.191884 0.000000 0.000000 -0.065360 0.190537 -1.000731
23 0.945939 0.000000 0.000000 -0.015409 0.082975 -0.457312
24 4.605128 0.071046 -0.574018 -0.157420 -0.004556 -0.810738
25 1.430263 0.000000 0.000000 -0.023657 0.057261 -1.091732
26 1.155766 0.000000 0.000000 0.000979 0.008951 -0.168340
27 4.454865 -0.071046 0.574018 0.096296 -0.007833 -0.804105
28 1.426183 0.000000 0.000000 0.023873 -0.079632 -1.125969
29 1.324319 0.000000 0.000000 0.009317 -0.033630 -0.575091
30 4.479185 -0.026371 1.583719 0.476661 -0.055423 -1.136103
31 1.341888 0.000000 0.000000 0.023475 -0.208313 -0.755745
32 1.225941 0.000000 0.000000 0.026045 -0.124622 -0.538684
33 2.631852 -0.344645 1.908319 -0.354021 -0.915168 -1.788213
34 1.058429 0.000000 0.000000 0.000554 0.000002 -0.000004
35 0.778706 0.000000 0.000000 -0.000472 0.006935 -0.135957
36 2.033354 1.000773 -1.100771 0.281606 1.802795 -1.393519
37 6.811801 0.000000 0.000000 1.157021 0.481924 -0.995990
38 12.394103 0.000000 0.000000 0.000000 0.000000 -1.662617
39 9.334718 0.000000 0.000000 -1.127978 -0.184456 -0.221227
40 4.610092 -0.109559 1.408022 0.215959 0.006794 -0.915272
41 1.191885 0.000000 0.000000 0.044560 -0.180938 -0.876601
42 0.945938 0.000000 0.000000 0.155228 -0.190276 -1.393021
43 4.605097 0.076364 0.573335 0.139630 -0.069408 -0.865173
44 1.430257 0.000000 0.000000 0.049426 -0.072767 -1.413300
45 1.155767 0.000000 0.000000 0.018371 -0.045481 -0.841346
46 4.454831 -0.076364 -0.573335 0.047705 -0.153456 -0.767483
47 1.426188 0.000000 0.000000 -0.053883 0.078891 -1.553286
48 1.324319 0.000000 0.000000 -0.013612 0.036969 -0.732282
49 4.479149 -0.041050 -1.583407 -0.332118 -0.154805 0.170762
50 1.341885 0.000000 0.000000 -0.042633 0.220746 -0.851609
51 1.225945 0.000000 0.000000 0.008155 -0.000000 0.000001
52 2.631822 -0.362328 -1.905043 0.415059 0.423435 -0.720789
53 1.058428 0.000000 0.000000 0.015106 0.038913 0.767157
54 0.778706 0.000000 0.000000 0.004785 0.022541 0.418310
55 4.041916 5.169765 -8.467939 0.000000 -0.392699 0.000000
56 -0.044717 2.529041 4.661499 -0.039270 0.000000 0.000000
time 28
1 35.090103 -106.953033 32.030525 1.905273 0.165898 1.396202
2 0.000000 0.000000 0.000000 -0.000002 -0.000000 -0.001782
3 3.890452 -0.000007 -0.000003 -2.070100 -0.917904 -1.511631
4 17.848179 0.000000 0.000000 0.000000 0.000000 1.171465
5 15.637959 0.000000 0.000000 -8.906565 -3.216861 7.898113
6 7.110240 0.000000 0.000000 6.275466 -0.002073 -0.434618
7 -3.890452 0.000003 0.000008 -1.148530 0.088974 -1.728419
8 17.848181 0.000000 0.000000 0.000000 0.000000 1.014538
9 15.637958 0.000000 0.000000 0.169921 -0.289300 -0.577080
10 7.110240 0.000000 0.000000 6.207071 -0.005560 -1.566109
11 0.000005 3.345127 -2.981901 1.599548 0.292058 1.553299
12 4.018332 0.000000 0.000000 -0.137362 -0.012644 0.259933
13 3.518567 0.000000 0.000000 -0.154567 0.030788 0.268279
14 8.942634 0.000000 0.000000 -0.042961 0.056962 0.210793
15 3.307272 0.000000 0.000000 3.141591 0.000000 0.400478
16 3.593713 0.000000 0.000000 0.525663 -0.159551 0.809777
17 2.033351 1.000771 1.100821 -1.293379 -1.729723 -0.453206
18 6.811800 0.000000 0.000000 -1.601287 -0.608170 -1.020386
19 12.394105 0.000000 0.000000 0.000000 0.000000 -1.683292
20 9.334690 0.000001 -0.000032 -0.139571 0.498100 0.564240
21 4.610123 -0.122605 -1.406946 -0.453661 0.191064 -0.842444
22 1.191884 0.000000 0.000000 -0.065360 0.190537 -1.000731
23 0.945939 0.000000 0.000000 -0.015409 0.082976 -0.457312
24 4.605128 0.071046 -0.574018 -0.157421 -0.004556 -0.810738
25 1.430263 0.000000 0.000000 -0.023657 0.057261 -1.091732
26 1.155766 0.000000 0.000000 0.000979 0.008951 -0.168340
27 4.454865 -0.071046 0.574018 0.096295 -0.007833 -0.804105
28 1.426183 0.000000 0.000000 0.023873 -0.079632 -1.125969
29 1.324319 0.000000 0.000000 0.009317 -0.033630 -0.575091
30 4.479185 -0.026371 1.583719 0.476661 -0.055423 -1.136103
31 1.341888 0.000000 0.000000 0.023475 -0.208313 -0.755745
32 1.225941 0.000000 0.000000 0.026045 -0.124622 -0.538684
33 2.631852 -0.344645 1.908319 -0.354022 -0.915168 -1.788213
34 1.058429 0.000000 0.000000 0.000554 0.000002 -0.000004
35 0.778706 0.000000 0.000000 -0.000472 0.006935 -0.135957
36 2.033354 1.000773 -1.100771 0.215859 1.808690 -1.460847
37 6.811801 0.000000 0.000000 1.137436 0.348464 -1.045358
38 12.394103 0.000000 0.000000 0.000000 0.000000 -1.644399
39 9.334718 0.000000 0.000000 -1.097882 -0.149282 -0.217296
40 4.610092 -0.109559 1.408022 0.215959 0.006794 -0.915272
41 1.191885 0.000000 0.000000 0.044560 -0.180938 -0.876601
42 0.945938 0.000000 0.000000 0.155228 -0.190276 -1.393021
43 4.605097 0.076364 0.573335 0.139630 -0.069408 -0.865173
44 1.430257 0.000000 0.000000 0.049426 -0.072767 -1.413300
45 1.155767 0.000000 0.000000 0.018371 -0.045481 -0.841346
46 4.454831 -0.076364 -0.573335 0.047705 -0.153456 -0.767483
47 1.426188 0.000000 0.000000 -0.053883 0.078891 -1.553286
48 1.324319 0.000000 0.000000 -0.013612 0.036969 -0.732282
49 4.479149 -0.041050 -1.583407 -0.332118 -0.154805 0.170762
50 1.341885 0.000000 0.000000 -0.042633 0.220746 -0.851609
51 1.225945 0.000000 0.000000 0.008155 -0.000000 0.000001
52 2.631822 -0.362328 -1.905043 0.415059 0.423435 -0.720789
53 1.058428 0.000000 0.000000 0.015106 0.038913 0.767157
54 0.778706 0.000000 0.000000 0.004785 0.022541 0.418310
55 4.041916 5.169765 -8.467939 0.000000 -0.392699 0.000000
56 -0.044717 2.529041 4.661499 -0.039270 0.000000 0.000000
time 29
1 39.155846 -108.765518 32.253544 1.917494 0.142631 1.464318
2 0.000000 0.000000 0.000000 -0.000000 -0.000000 -0.000000
3 3.890452 -0.000007 -0.000003 -1.977701 -0.779922 -1.538117
4 17.848179 0.000000 0.000000 0.000000 0.000000 1.182876
5 15.637959 0.000000 0.000000 -8.969465 -3.293657 7.767090
6 7.110240 0.000000 0.000000 6.275466 -0.002073 -0.434618
7 -3.890452 0.000003 0.000008 -1.138201 -0.059212 -1.707331
8 17.848181 0.000000 0.000000 0.000000 0.000000 1.355616
9 15.637958 0.000000 0.000000 0.238040 -0.143467 -0.693383
10 7.110240 0.000000 0.000000 6.207071 -0.005560 -1.566109
11 0.000005 3.345127 -2.981901 1.597355 0.292087 1.547805
12 4.018332 0.000000 0.000000 -0.158728 -0.023714 0.247228
13 3.518567 0.000000 0.000000 -0.171637 0.023777 0.256145
14 8.942634 0.000000 0.000000 -0.034860 0.067424 0.216839
15 3.307272 0.000000 0.000000 3.141590 0.000000 0.400478
16 3.593713 0.000000 0.000000 0.514302 -0.164856 0.814571
17 2.033351 1.000771 1.100821 -1.293379 -1.729723 -0.453206
18 6.811800 0.000000 0.000000 -1.520066 -0.571623 -1.092594
19 12.394105 0.000000 0.000000 0.000000 0.000000 -1.572367
20 9.334690 0.000001 -0.000032 -0.123603 0.530573 0.535204
21 4.610123 -0.122605 -1.406946 -0.453661 0.191064 -0.842444
22 1.191884 0.000000 0.000000 -0.065360 0.190537 -1.000731
23 0.945939 0.000000 0.000000 -0.015409 0.082975 -0.457312
24 4.605128 0.071046 -0.574018 -0.157420 -0.004556 -0.810738
25 1.430263 0.000000 0.000000 -0.023657 0.057261 -1.091732
26 1.155766 0.000000 0.000000 0.000979 0.008951 -0.168340
27 4.454865 -0.071046 0.574018 0.096296 -0.007833 -0.804105
28 1.426183 0.000000 0.000000 0.023873 -0.079632 -1.125969
29 1.324319 0.000000 0.000000 0.009317 -0.033630 -0.575091
30 4.479185 -0.026371 1.583719 0.476661 -0.055423 -1.136103
31 1.341888 0.000000 0.000000 0.023475 -0.208313 -0.755745
32 1.225941 0.000000 0.000000 0.026045 -0.124622 -0.538683
33 2.631852 -0.344645 1.908319 -0.354021 -0.915168 -1.788213
34 1.058429 0.000000 0.000000 0.000554 0.000002 -0.000004
35 0.778706 0.000000 0.000000 -0.000472 0.006935 -0.135957
36 2.033354 1.000773 -1.100771 0.163922 1.813104 -1.514207
37 6.811801 0.000000 0.000000 1.116320 0.229670 -1.077983
38 12.394103 0.000000 0.000000 0.000000 0.000000 -1.638238
39 9.334718 0.000000 0.000000 -1.079640 -0.125599 -0.206053
40 4.610092 -0.109559 1.408022 0.215959 0.006794 -0.915272
41 1.191885 0.000000 0.000000 0.044560 -0.180938 -0.876601
42 0.945938 0.000000 0.000000 0.155228 -0.190276 -1.393021
43 4.605097 0.076364 0.573335 0.139630 -0.069408 -0.865173
44 1.430257 0.000000 0.000000 0.049426 -0.072767 -1.413300
45 1.155767 0.000000 0.000000 0.018371 -0.045481 -0.841346
46 4.454831 -0.076364 -0.573335 0.047705 -0.153456 -0.767483
47 1.426188 0.000000 0.000000 -0.053883 0.078891 -1.553286
48 1.324319 0.000000 0.000000 -0.013612 0.036969 -0.732283
49 4.479149 -0.041050 -1.583407 -0.332118 -0.154805 0.170762
50 1.341885 0.000000 0.000000 -0.042633 0.220746 -0.851609
51 1.225945 0.000000 0.000000 0.008155 -0.000000 0.000001
52 2.631822 -0.362328 -1.905043 0.415059 0.423435 -0.720789
53 1.058428 0.000000 0.000000 0.015106 0.038913 0.767157
54 0.778706 0.000000 0.000000 0.004786 0.022541 0.418310
55 4.041916 5.169765 -8.467939 0.000000 -0.392699 0.000000
56 -0.044717 2.529041 4.661499 -0.039270 0.000000 0.000000
time 30
1 43.188919 -110.299606 32.436092 1.921404 0.123545 1.519346
2 0.000000 0.000000 0.000000 -0.000000 -0.000000 -0.000000
3 3.890452 -0.000007 -0.000003 -1.903437 -0.613338 -1.546546
4 17.848179 0.000000 0.000000 0.000000 0.000000 1.123999
5 15.637959 0.000000 0.000000 -9.036785 -3.355766 7.670857
6 7.110240 0.000000 0.000000 6.275466 -0.002073 -0.434618
7 -3.890452 0.000003 0.000008 -1.181079 -0.288470 -1.676512
8 17.848181 0.000000 0.000000 0.000000 0.000000 1.689461
9 15.637958 0.000000 0.000000 0.277446 0.002018 -0.823245
10 7.110240 0.000000 0.000000 6.207071 -0.005560 -1.566109
11 0.000005 3.345127 -2.981901 1.593990 0.292118 1.539325
12 4.018332 0.000000 0.000000 -0.180598 -0.026944 0.236213
13 3.518567 0.000000 0.000000 -0.190343 0.023912 0.245765
14 8.942634 0.000000 0.000000 -0.027502 0.075582 0.223405
15 3.307272 0.000000 0.000000 3.141590 -0.000000 0.400478
16 3.593713 0.000000 0.000000 0.500209 -0.155384 0.816413
17 2.033351 1.000771 1.100821 -1.293377 -1.729723 -0.453208
18 6.811800 0.000000 0.000000 -1.486796 -0.509062 -1.142022
19 12.394105 0.000000 0.000000 0.000000 0.000000 -1.555196
20 9.334690 0.000001 -0.000032 -0.110969 0.536437 0.531748
21 4.610123 -0.122605 -1.406946 -0.453661 0.191064 -0.842444
22 1.191884 0.000000 0.000000 -0.065360 0.190537 -1.000731
23 0.945939 0.000000 0.000000 -0.015409 0.082975 -0.457312
24 4.605128 0.071046 -0.574018 -0.157421 -0.004556 -0.810738
25 1.430263 0.000000 0.000000 -0.023657 0.057261 -1.091732
26 1.155766 0.000000 0.000000 0.000979 0.008951 -0.168340
27 4.454865 -0.071046 0.574018 0.096295 -0.007833 -0.804105
28 1.426183 0.000000 0.000000 0.023873 -0.079632 -1.125969
29 1.324319 0.000000 0.000000 0.009317 -0.033630 -0.575091
30 4.479185 -0.026371 1.583719 0.476661 -0.055423 -1.136103
31 1.341888 0.000000 0.000000 0.023475 -0.208312 -0.755745
32 1.225941 0.000000 0.000000 0.026045 -0.124622 -0.538683
33 2.631852 -0.344645 1.908319 -0.354021 -0.915169 -1.788213
34 1.058429 0.000000 0.000000 0.000554 0.000002 -0.000004
35 0.778706 0.000000 0.000000 -0.000472 0.006935 -0.135957
36 2.033354 1.000773 -1.100771 0.134014 1.814341 -1.545004
37 6.811801 0.000000 0.000000 1.092075 0.153485 -1.085629
38 12.394103 0.000000 0.000000 0.000000 0.000000 -1.651535
39 9.334718 0.000000 0.000000 -1.075366 -0.119889 -0.194150
40 4.610092 -0.109559 1.408022 0.215959 0.006794 -0.915272
41 1.191885 0.000000 0.000000 0.044560 -0.180938 -0.876601
42 0.945938 0.000000 0.000000 0.155228 -0.190276 -1.393021
43 4.605097 0.076364 0.573335 0.139630 -0.069408 -0.865173
44 1.430257 0.000000 0.000000 0.049426 -0.072767 -1.413300
45 1.155767 0.000000 0.000000 0.018371 -0.045481 -0.841346
46 4.454831 -0.076364 -0.573335 0.047705 -0.153456 -0.767483
47 1.426188 0.000000 0.000000 -0.053883 0.078891 -1.553286
48 1.324319 0.000000 0.000000 -0.013612 0.036969 -0.732283
49 4.479149 -0.041050 -1.583407 -0.332118 -0.154805 0.170762
50 1.341885 0.000000 0.000000 -0.042634 0.220746 -0.851609
51 1.225945 0.000000 0.000000 0.008155 -0.000001 0.000001
52 2.631822 -0.362328 -1.905043 0.415059 0.423435 -0.720789
53 1.058428 0.000000 0.000000 0.015106 0.038913 0.767157
54 0.778706 0.000000 0.000000 0.004785 0.022541 0.418310
55 4.041916 5.169765 -8.467939 0.000000 -0.392699 0.000000
56 -0.044717 2.529041 4.661499 -0.039270 0.000000 0.000000
time 31
1 47.409729 -111.594498 32.689213 1.920075 0.108726 1.558289
2 0.000000 0.000000 0.000000 -0.000000 -0.000000 -0.000000
3 3.890452 -0.000007 -0.000003 -1.855432 -0.405227 -1.544415
4 17.848179 0.000000 0.000000 0.000000 0.000000 0.967997
5 15.637959 0.000000 0.000000 -9.103897 -3.409196 7.623957
6 7.110240 0.000000 0.000000 6.275466 -0.002073 -0.434618
7 -3.890452 0.000003 0.000008 -1.230930 -0.562559 -1.664705
8 17.848181 0.000000 0.000000 0.000000 0.000000 1.941155
9 15.637958 0.000000 0.000000 0.220139 0.095486 -0.958499
10 7.110240 0.000000 0.000000 6.207071 -0.005560 -1.566109
11 0.000005 3.345127 -2.981901 1.589482 0.292120 1.527899
12 4.018332 0.000000 0.000000 -0.200095 -0.022339 0.224607
13 3.518567 0.000000 0.000000 -0.208127 0.030762 0.235396
14 8.942634 0.000000 0.000000 -0.021645 0.080192 0.231274
15 3.307272 0.000000 0.000000 3.141590 0.000000 0.400478
16 3.593713 0.000000 0.000000 0.491862 -0.130926 0.810136
17 2.033351 1.000771 1.100821 -1.293378 -1.729723 -0.453207
18 6.811800 0.000000 0.000000 -1.494700 -0.428910 -1.166891
19 12.394105 0.000000 0.000000 0.000000 0.000000 -1.643568
20 9.334690 0.000001 -0.000032 -0.098502 0.515514 0.567282
21 4.610123 -0.122605 -1.406946 -0.453661 0.191064 -0.842444
22 1.191884 0.000000 0.000000 -0.065360 0.190537 -1.000731
23 0.945939 0.000000 0.000000 -0.015409 0.082975 -0.457313
24 4.605128 0.071046 -0.574018 -0.157421 -0.004556 -0.810738
25 1.430263 0.000000 0.000000 -0.023657 0.057261 -1.091732
26 1.155766 0.000000 0.000000 0.000979 0.008951 -0.168340
27 4.454865 -0.071046 0.574018 0.096295 -0.007833 -0.804105
28 1.426183 0.000000 0.000000 0.023873 -0.079632 -1.125969
29 1.324319 0.000000 0.000000 0.009317 -0.033630 -0.575091
30 4.479185 -0.026371 1.583719 0.476661 -0.055423 -1.136103
31 1.341888 0.000000 0.000000 0.023475 -0.208313 -0.755745
32 1.225941 0.000000 0.000000 0.026045 -0.124622 -0.538684
33 2.631852 -0.344645 1.908319 -0.354022 -0.915169 -1.788213
34 1.058429 0.000000 0.000000 0.000554 0.000002 -0.000004
35 0.778706 0.000000 0.000000 -0.000472 0.006935 -0.135957
36 2.033354 1.000773 -1.100771 0.125805 1.811634 -1.553474
37 6.811801 0.000000 0.000000 1.066398 0.118632 -1.072745
38 12.394103 0.000000 0.000000 0.000000 0.000000 -1.691557
39 9.334718 0.000000 0.000000 -1.085788 -0.133166 -0.181891
40 4.610092 -0.109559 1.408022 0.215959 0.006794 -0.915272
41 1.191885 0.000000 0.000000 0.044560 -0.180938 -0.876601
42 0.945938 0.000000 0.000000 0.155228 -0.190276 -1.393021
43 4.605097 0.076364 0.573335 0.139630 -0.069408 -0.865173
44 1.430257 0.000000 0.000000 0.049426 -0.072767 -1.413300
45 1.155767 0.000000 0.000000 0.018371 -0.045481 -0.841346
46 4.454831 -0.076364 -0.573335 0.047705 -0.153456 -0.767483
47 1.426188 0.000000 0.000000 -0.053883 0.078891 -1.553286
48 1.324319 0.000000 0.000000 -0.013612 0.036969 -0.732283
49 4.479149 -0.041050 -1.583407 -0.332118 -0.154805 0.170762
50 1.341885 0.000000 0.000000 -0.042634 0.220746 -0.851609
51 1.225945 0.000000 0.000000 0.008155 -0.000000 0.000001
52 2.631822 -0.362328 -1.905043 0.415059 0.423435 -0.720789
53 1.058428 0.000000 0.000000 0.015106 0.038913 0.767157
54 0.778706 0.000000 0.000000 0.004785 0.022541 0.418310
55 4.041916 5.169765 -8.467939 0.000000 -0.392699 0.000000
56 -0.044717 2.529041 4.661499 -0.039270 0.000000 0.000000
time 32
1 52.018616 -112.690781 33.100468 1.914940 0.096660 1.579992
2 0.000000 0.000000 0.000000 -0.000002 -0.000000 -0.014849
3 3.890452 -0.000007 -0.000003 -1.796915 -0.263734 -1.528794
4 17.848179 0.000000 0.000000 0.000000 0.000000 0.969436
5 15.637959 0.000000 0.000000 -9.250481 -3.454555 7.832209
6 7.110240 0.000000 0.000000 6.275644 -0.002449 -0.513158
7 -3.890452 0.000003 0.000008 -1.288583 -0.834486 -1.658726
8 17.848181 0.000000 0.000000 0.000000 0.000000 2.038812
9 15.637958 0.000000 0.000000 0.153740 0.138048 -1.089464
10 7.110240 0.000000 0.000000 6.207071 -0.005560 -1.566109
11 0.000005 3.345127 -2.981901 1.584505 0.292067 1.515087
12 4.018332 0.000000 0.000000 -0.214981 -0.011458 0.211150
13 3.518567 0.000000 0.000000 -0.222762 0.042578 0.224114
14 8.942634 0.000000 0.000000 -0.017811 0.080750 0.240720
15 3.307272 0.000000 0.000000 3.141590 0.000000 0.400478
16 3.593713 0.000000 0.000000 0.497022 -0.092563 0.791634
17 2.033351 1.000771 1.100821 -1.293379 -1.729723 -0.453207
18 6.811800 0.000000 0.000000 -1.513952 -0.344604 -1.183329
19 12.394105 0.000000 0.000000 0.000000 0.000000 -1.781424
20 9.334690 0.000001 -0.000032 -0.089425 0.479765 0.615149
21 4.610123 -0.122605 -1.406946 -0.453661 0.191064 -0.842444
22 1.191884 0.000000 0.000000 -0.065360 0.190537 -1.000731
23 0.945939 0.000000 0.000000 -0.015409 0.082975 -0.457312
24 4.605128 0.071046 -0.574018 -0.157421 -0.004556 -0.810738
25 1.430263 0.000000 0.000000 -0.023657 0.057261 -1.091732
26 1.155766 0.000000 0.000000 0.000979 0.008951 -0.168340
27 4.454865 -0.071046 0.574018 0.096295 -0.007833 -0.804105
28 1.426183 0.000000 0.000000 0.023873 -0.079632 -1.125969
29 1.324319 0.000000 0.000000 0.009317 -0.033630 -0.575091
30 4.479185 -0.026371 1.583719 0.476661 -0.055423 -1.136103
31 1.341888 0.000000 0.000000 0.023475 -0.208312 -0.755745
32 1.225941 0.000000 0.000000 0.026045 -0.124622 -0.538684
33 2.631852 -0.344645 1.908319 -0.354021 -0.915169 -1.788213
34 1.058429 0.000000 0.000000 0.000554 0.000002 -0.000004
35 0.778706 0.000000 0.000000 -0.000472 0.006935 -0.135957
36 2.033354 1.000773 -1.100771 0.131065 1.805969 -1.548090
37 6.811801 0.000000 0.000000 1.046133 0.098988 -1.051577
38 12.394103 0.000000 0.000000 0.000000 0.000000 -1.753613
39 9.334718 0.000000 0.000000 -1.109794 -0.159987 -0.164803
40 4.610092 -0.109559 1.408022 0.215959 0.006794 -0.915272
41 1.191885 0.000000 0.000000 0.044560 -0.180938 -0.876601
42 0.945938 0.000000 0.000000 0.155228 -0.190276 -1.393021
43 4.605097 0.076364 0.573335 0.139630 -0.069408 -0.865173
44 1.430257 0.000000 0.000000 0.049426 -0.072767 -1.413300
45 1.155767 0.000000 0.000000 0.018371 -0.045481 -0.841346
46 4.454831 -0.076364 -0.573335 0.047705 -0.153456 -0.767483
47 1.426188 0.000000 0.000000 -0.053883 0.078891 -1.553286
48 1.324319 0.000000 0.000000 -0.013612 0.036969 -0.732283
49 4.479149 -0.041050 -1.583407 -0.332118 -0.154805 0.170762
50 1.341885 0.000000 0.000000 -0.042633 0.220746 -0.851609
51 1.225945 0.000000 0.000000 0.008155 -0.000000 0.000001
52 2.631822 -0.362328 -1.905043 0.415059 0.423435 -0.720789
53 1.058428 0.000000 0.000000 0.015106 0.038913 0.767157
54 0.778706 0.000000 0.000000 0.004785 0.022541 0.418310
55 4.041916 5.169765 -8.467939 0.000000 -0.392699 0.000000
56 -0.044717 2.529041 4.661499 -0.039270 0.000000 0.000000
time 33
1 57.101479 -113.549194 33.699318 1.908007 0.084826 1.585223
2 0.000000 0.000000 0.000000 -0.000002 -0.000000 -0.057592
3 3.890452 -0.000007 -0.000003 -1.728081 -0.137228 -1.487081
4 17.848179 0.000000 0.000000 0.000000 0.000000 0.977469
5 15.637959 0.000000 0.000000 -9.359139 -3.513038 8.096212
6 7.110240 0.000000 0.000000 6.275850 -0.002811 -0.591697
7 -3.890452 0.000003 0.000008 -1.341525 -1.037512 -1.652021
8 17.848181 0.000000 0.000000 0.000000 0.000000 1.948623
9 15.637958 0.000000 0.000000 0.133090 0.106558 -1.193447
10 7.110240 0.000000 0.000000 6.207071 -0.005560 -1.566109
11 0.000005 3.345127 -2.981901 1.579990 0.291958 1.503091
12 4.018332 0.000000 0.000000 -0.223856 0.003141 0.195931
13 3.518567 0.000000 0.000000 -0.232608 0.056807 0.211970
14 8.942634 0.000000 0.000000 -0.016248 0.077493 0.251237
15 3.307272 0.000000 0.000000 3.141591 0.000000 0.400478
16 3.593713 0.000000 0.000000 0.508554 -0.043756 0.762994
17 2.033351 1.000771 1.100821 -1.293379 -1.729723 -0.453206
18 6.811800 0.000000 0.000000 -1.532328 -0.262984 -1.190738
19 12.394105 0.000000 0.000000 0.000000 0.000000 -1.930692
20 9.334690 0.000001 -0.000032 -0.092759 0.436181 0.648815
21 4.610123 -0.122605 -1.406946 -0.453661 0.191064 -0.842444
22 1.191884 0.000000 0.000000 -0.065360 0.190537 -1.000731
23 0.945939 0.000000 0.000000 -0.015409 0.082975 -0.457313
24 4.605128 0.071046 -0.574018 -0.157421 -0.004556 -0.810738
25 1.430263 0.000000 0.000000 -0.023657 0.057261 -1.091732
26 1.155766 0.000000 0.000000 0.000979 0.008951 -0.168340
27 4.454865 -0.071046 0.574018 0.096295 -0.007833 -0.804105
28 1.426183 0.000000 0.000000 0.023873 -0.079632 -1.125969
29 1.324319 0.000000 0.000000 0.009317 -0.033630 -0.575091
30 4.479185 -0.026371 1.583719 0.476661 -0.055423 -1.136103
31 1.341888 0.000000 0.000000 0.023475 -0.208313 -0.755745
32 1.225941 0.000000 0.000000 0.026045 -0.124622 -0.538684
33 2.631852 -0.344645 1.908319 -0.354021 -0.915168 -1.788213
34 1.058429 0.000000 0.000000 0.000554 0.000002 -0.000004
35 0.778706 0.000000 0.000000 -0.000472 0.006935 -0.135957
36 2.033354 1.000773 -1.100771 0.146605 1.798282 -1.532181
37 6.811801 0.000000 0.000000 1.034404 0.086887 -1.033448
38 12.394103 0.000000 0.000000 0.000000 0.000000 -1.826083
39 9.334718 0.000000 0.000000 -1.149294 -0.198509 -0.140384
40 4.610092 -0.109559 1.408022 0.215959 0.006794 -0.915272
41 1.191885 0.000000 0.000000 0.044560 -0.180938 -0.876601
42 0.945938 0.000000 0.000000 0.155228 -0.190276 -1.393021
43 4.605097 0.076364 0.573335 0.139630 -0.069408 -0.865173
44 1.430257 0.000000 0.000000 0.049426 -0.072767 -1.413300
45 1.155767 0.000000 0.000000 0.018371 -0.045481 -0.841346
46 4.454831 -0.076364 -0.573335 0.047705 -0.153456 -0.767483
47 1.426188 0.000000 0.000000 -0.053883 0.078891 -1.553286
48 1.324319 0.000000 0.000000 -0.013612 0.036969 -0.732283
49 4.479149 -0.041050 -1.583407 -0.332118 -0.154805 0.170762
50 1.341885 0.000000 0.000000 -0.042633 0.220746 -0.851609
51 1.225945 0.000000 0.000000 0.008155 -0.000001 0.000001
52 2.631822 -0.362328 -1.905043 0.415059 0.423435 -0.720789
53 1.058428 0.000000 0.000000 0.015106 0.038913 0.767157
54 0.778706 0.000000 0.000000 0.004785 0.022541 0.418310
55 4.041916 5.169765 -8.467939 0.000000 -0.392699 0.000000
56 -0.044717 2.529041 4.661499 -0.039270 0.000000 0.000000
time 34
1 62.539185 -114.166519 34.377895 1.900290 0.073543 1.577688
2 0.000000 0.000000 0.000000 -0.000002 -0.000000 -0.104051
3 3.890452 -0.000007 -0.000003 -1.615871 -0.005991 -1.488036
4 17.848179 0.000000 0.000000 0.000000 0.000000 0.822518
5 15.637959 0.000000 0.000000 -9.362789 -3.285245 8.440536
6 7.110240 0.000000 0.000000 6.276215 -0.003323 -0.710379
7 -3.890452 0.000003 0.000008 -1.326134 -1.134319 -1.660801
8 17.848181 0.000000 0.000000 0.000000 0.000000 1.688855
9 15.637958 0.000000 0.000000 0.141595 0.043134 -1.312724
10 7.110240 0.000000 0.000000 6.207071 -0.005560 -1.566109
11 0.000005 3.345127 -2.981901 1.576846 0.291829 1.493851
12 4.018332 0.000000 0.000000 -0.225982 0.018968 0.180658
13 3.518567 0.000000 0.000000 -0.236573 0.071130 0.200264
14 8.942634 0.000000 0.000000 -0.016913 0.071330 0.261541
15 3.307272 0.000000 0.000000 3.141591 0.000000 0.400478
16 3.593713 0.000000 0.000000 0.511200 0.009925 0.730204
17 2.033351 1.000771 1.100821 -1.293379 -1.729723 -0.453207
18 6.811800 0.000000 0.000000 -1.538722 -0.193494 -1.194500
19 12.394105 0.000000 0.000000 0.000000 0.000000 -2.056405
20 9.334690 0.000001 -0.000032 -0.106274 0.387103 0.653429
21 4.610123 -0.122605 -1.406946 -0.453661 0.191064 -0.842444
22 1.191884 0.000000 0.000000 -0.065360 0.190537 -1.000731
23 0.945939 0.000000 0.000000 -0.015409 0.082975 -0.457313
24 4.605128 0.071046 -0.574018 -0.157420 -0.004556 -0.810738
25 1.430263 0.000000 0.000000 -0.023657 0.057261 -1.091732
26 1.155766 0.000000 0.000000 0.000979 0.008951 -0.168340
27 4.454865 -0.071046 0.574018 0.096296 -0.007833 -0.804105
28 1.426183 0.000000 0.000000 0.023873 -0.079632 -1.125969
29 1.324319 0.000000 0.000000 0.009317 -0.033630 -0.575091
30 4.479185 -0.026371 1.583719 0.476661 -0.055423 -1.136103
31 1.341888 0.000000 0.000000 0.023475 -0.208313 -0.755745
32 1.225941 0.000000 0.000000 0.026045 -0.124622 -0.538683
33 2.631852 -0.344645 1.908319 -0.354021 -0.915168 -1.788213
34 1.058429 0.000000 0.000000 0.000554 0.000002 -0.000004
35 0.778706 0.000000 0.000000 -0.000472 0.006935 -0.135957
36 2.033354 1.000773 -1.100771 0.169265 1.789548 -1.509046
37 6.811801 0.000000 0.000000 1.034823 0.078310 -1.017865
38 12.394103 0.000000 0.000000 0.000000 0.000000 -1.896591
39 9.334718 0.000000 0.000000 -1.196284 -0.243545 -0.112283
40 4.610092 -0.109559 1.408022 0.215959 0.006794 -0.915272
41 1.191885 0.000000 0.000000 0.044560 -0.180938 -0.876601
42 0.945938 0.000000 0.000000 0.155228 -0.190276 -1.393021
43 4.605097 0.076364 0.573335 0.139630 -0.069408 -0.865173
44 1.430257 0.000000 0.000000 0.049426 -0.072767 -1.413300
45 1.155767 0.000000 0.000000 0.018371 -0.045481 -0.841346
46 4.454831 -0.076364 -0.573335 0.047705 -0.153456 -0.767483
47 1.426188 0.000000 0.000000 -0.053883 0.078891 -1.553286
48 1.324319 0.000000 0.000000 -0.013612 0.036969 -0.732283
49 4.479149 -0.041050 -1.583407 -0.332118 -0.154805 0.170762
50 1.341885 0.000000 0.000000 -0.042633 0.220746 -0.851609
51 1.225945 0.000000 0.000000 0.008155 -0.000000 0.000001
52 2.631822 -0.362328 -1.905043 0.415059 0.423435 -0.720789
53 1.058428 0.000000 0.000000 0.015106 0.038913 0.767157
54 0.778706 0.000000 0.000000 0.004785 0.022541 0.418310
55 4.041916 5.169765 -8.467939 0.000000 -0.392699 0.000000
56 -0.044717 2.529041 4.661499 -0.039270 0.000000 0.000000
time 35
1 68.046638 -114.619415 34.888378 1.890835 0.063572 1.563921
2 0.000000 0.000000 0.000000 -0.000002 -0.000000 -0.121697
3 3.890452 -0.000007 -0.000003 -1.653383 0.138408 -1.453505
4 17.848179 0.000000 0.000000 0.000000 0.000000 0.642367
5 15.637959 0.000000 0.000000 -9.458948 -3.429739 8.791208
6 7.110240 0.000000 0.000000 6.275466 -0.002073 -0.434618
7 -3.890452 0.000003 0.000008 -1.308289 -1.160083 -1.672620
8 17.848181 0.000000 0.000000 0.000000 0.000000 1.396193
9 15.637958 0.000000 0.000000 0.151413 0.003701 -1.402059
10 7.110240 0.000000 0.000000 6.207071 -0.005560 -1.566109
11 0.000005 3.345127 -2.981901 1.575594 0.291724 1.488649
12 4.018332 0.000000 0.000000 -0.221314 0.033958 0.167275
13 3.518567 0.000000 0.000000 -0.234263 0.083681 0.190384
14 8.942634 0.000000 0.000000 -0.019479 0.063289 0.270189
15 3.307272 0.000000 0.000000 3.141591 0.000000 0.400478
16 3.593713 0.000000 0.000000 0.502457 0.063275 0.694109
17 2.033351 1.000771 1.100821 -1.293377 -1.729723 -0.453208
18 6.811800 0.000000 0.000000 -1.526698 -0.146415 -1.204357
19 12.394105 0.000000 0.000000 0.000000 0.000000 -2.129909
20 9.334690 0.000001 -0.000032 -0.120179 0.337575 0.624487
21 4.610123 -0.122605 -1.406946 -0.453661 0.191064 -0.842444
22 1.191884 0.000000 0.000000 -0.065360 0.190537 -1.000731
23 0.945939 0.000000 0.000000 -0.015409 0.082975 -0.457312
24 4.605128 0.071046 -0.574018 -0.157420 -0.004556 -0.810738
25 1.430263 0.000000 0.000000 -0.023657 0.057261 -1.091732
26 1.155766 0.000000 0.000000 0.000979 0.008951 -0.168340
27 4.454865 -0.071046 0.574018 0.096296 -0.007833 -0.804105
28 1.426183 0.000000 0.000000 0.023873 -0.079632 -1.125969
29 1.324319 0.000000 0.000000 0.009317 -0.033630 -0.575091
30 4.479185 -0.026371 1.583719 0.476661 -0.055423 -1.136103
31 1.341888 0.000000 0.000000 0.023475 -0.208313 -0.755745
32 1.225941 0.000000 0.000000 0.026045 -0.124622 -0.538683
33 2.631852 -0.344645 1.908319 -0.354021 -0.915169 -1.788213
34 1.058429 0.000000 0.000000 0.000554 0.000002 -0.000004
35 0.778706 0.000000 0.000000 -0.000472 0.006935 -0.135957
36 2.033354 1.000773 -1.100771 0.195266 1.780702 -1.482587
37 6.811801 0.000000 0.000000 1.049536 0.071423 -0.997875
38 12.394103 0.000000 0.000000 0.000000 0.000000 -1.954572
39 9.334718 0.000000 0.000000 -1.237884 -0.286029 -0.086274
40 4.610092 -0.109559 1.408022 0.215959 0.006794 -0.915272
41 1.191885 0.000000 0.000000 0.044560 -0.180938 -0.876601
42 0.945938 0.000000 0.000000 0.155228 -0.190276 -1.393021
43 4.605097 0.076364 0.573335 0.139630 -0.069408 -0.865173
44 1.430257 0.000000 0.000000 0.049426 -0.072767 -1.413300
45 1.155767 0.000000 0.000000 0.018371 -0.045481 -0.841346
46 4.454831 -0.076364 -0.573335 0.047705 -0.153456 -0.767483
47 1.426188 0.000000 0.000000 -0.053883 0.078891 -1.553286
48 1.324319 0.000000 0.000000 -0.013612 0.036969 -0.732282
49 4.479149 -0.041050 -1.583407 -0.332118 -0.154805 0.170762
50 1.341885 0.000000 0.000000 -0.042634 0.220746 -0.851609
51 1.225945 0.000000 0.000000 0.008155 -0.000000 0.000001
52 2.631822 -0.362328 -1.905043 0.415059 0.423435 -0.720789
53 1.058428 0.000000 0.000000 0.015106 0.038913 0.767157
54 0.778706 0.000000 0.000000 0.004785 0.022541 0.418310
55 4.041916 5.169765 -8.467939 0.000000 -0.392699 0.000000
56 -0.044717 2.529041 4.661499 -0.039270 0.000000 0.000000
time 36
1 73.444183 -115.062683 35.086731 1.801886 0.054633 1.555234
2 0.000000 0.000000 0.000000 -0.000002 0.000000 -0.097868
3 3.890452 -0.000007 -0.000003 -1.667181 0.224967 -1.487232
4 17.848179 0.000000 0.000000 0.000000 0.000000 0.650699
5 15.637959 0.000000 0.000000 -9.594124 -3.558220 8.862627
6 7.110240 0.000000 0.000000 6.275466 -0.002073 -0.434618
7 -3.890452 0.000003 0.000008 -1.370822 -1.051531 -1.593746
8 17.848181 0.000000 0.000000 0.000000 0.000000 1.074068
9 15.637958 0.000000 0.000000 0.068141 0.004475 -1.401421
10 7.110240 0.000000 0.000000 6.207145 -0.005550 -1.579363
11 0.000005 3.345127 -2.981901 1.580454 0.245737 1.502006
12 4.018332 0.000000 0.000000 -0.222042 0.029855 0.180178
13 3.518567 0.000000 0.000000 -0.231068 0.080182 0.225803
14 8.942634 0.000000 0.000000 -0.016540 0.060089 0.267097
15 3.307272 0.000000 0.000000 3.141590 -0.000000 0.400478
16 3.593713 0.000000 0.000000 0.509548 0.063725 0.743109
17 2.033351 1.000771 1.100821 -1.293379 -1.729723 -0.453206
18 6.811800 0.000000 0.000000 -1.555602 -0.212397 -1.164784
19 12.394105 0.000000 0.000000 0.000000 0.000000 -2.205373
20 9.334690 0.000001 -0.000032 -0.136637 0.306777 0.642512
21 4.610123 -0.122605 -1.406946 -0.453661 0.191064 -0.842444
22 1.191884 0.000000 0.000000 -0.065360 0.190537 -1.000731
23 0.945939 0.000000 0.000000 -0.015409 0.082975 -0.457312
24 4.605128 0.071046 -0.574018 -0.157421 -0.004556 -0.810738
25 1.430263 0.000000 0.000000 -0.023657 0.057261 -1.091732
26 1.155766 0.000000 0.000000 0.000979 0.008951 -0.168340
27 4.454865 -0.071046 0.574018 0.096295 -0.007833 -0.804105
28 1.426183 0.000000 0.000000 0.023873 -0.079632 -1.125969
29 1.324319 0.000000 0.000000 0.009317 -0.033630 -0.575091
30 4.479185 -0.026371 1.583719 0.476661 -0.055423 -1.136103
31 1.341888 0.000000 0.000000 0.023475 -0.208313 -0.755745
32 1.225941 0.000000 0.000000 0.026045 -0.124622 -0.538683
33 2.631852 -0.344645 1.908319 -0.354021 -0.915168 -1.788213
34 1.058429 0.000000 0.000000 0.000554 0.000002 -0.000004
35 0.778706 0.000000 0.000000 -0.000472 0.006935 -0.135957
36 2.033354 1.000773 -1.100771 0.219765 1.772589 -1.457740
37 6.811801 0.000000 0.000000 1.095728 0.160664 -0.992609
38 12.394103 0.000000 0.000000 0.000000 0.000000 -1.989198
39 9.334718 0.000000 0.000000 -1.265196 -0.317698 -0.067214
40 4.610092 -0.109559 1.408022 0.215959 0.006794 -0.915272
41 1.191885 0.000000 0.000000 0.044560 -0.180938 -0.876601
42 0.945938 0.000000 0.000000 0.155228 -0.190276 -1.393021
43 4.605097 0.076364 0.573335 0.139630 -0.069408 -0.865173
44 1.430257 0.000000 0.000000 0.049426 -0.072767 -1.413300
45 1.155767 0.000000 0.000000 0.018371 -0.045481 -0.841346
46 4.454831 -0.076364 -0.573335 0.047705 -0.153456 -0.767483
47 1.426188 0.000000 0.000000 -0.053883 0.078891 -1.553286
48 1.324319 0.000000 0.000000 -0.013612 0.036969 -0.732283
49 4.479149 -0.041050 -1.583407 -0.332118 -0.154805 0.170762
50 1.341885 0.000000 0.000000 -0.042633 0.220746 -0.851609
51 1.225945 0.000000 0.000000 0.008155 -0.000000 0.000001
52 2.631822 -0.362328 -1.905043 0.415059 0.423435 -0.720789
53 1.058428 0.000000 0.000000 0.015106 0.038913 0.767157
54 0.778706 0.000000 0.000000 0.004785 0.022541 0.418310
55 4.041916 5.169765 -8.467939 0.000000 -0.392699 0.000000
56 -0.044717 2.529041 4.661499 -0.039270 0.000000 0.000000
time 37
1 78.739685 -115.634109 35.030266 1.704738 0.045093 1.547926
2 0.000000 0.000000 0.000000 -0.000002 -0.000000 -0.061557
3 3.890452 -0.000007 -0.000003 -1.642964 0.316260 -1.562996
4 17.848179 0.000000 0.000000 0.000000 0.000000 0.662615
5 15.637959 0.000000 0.000000 -9.715886 -3.593267 8.896846
6 7.110240 0.000000 0.000000 6.275466 -0.002073 -0.434618
7 -3.890452 0.000003 0.000008 -1.401584 -0.884005 -1.539195
8 17.848181 0.000000 0.000000 0.000000 0.000000 0.796548
9 15.637958 0.000000 0.000000 -0.046484 -0.012244 -1.359345
10 7.110240 0.000000 0.000000 6.207218 -0.005538 -1.592617
11 0.000005 3.345127 -2.981901 1.585130 0.194882 1.516933
12 4.018332 0.000000 0.000000 -0.223414 0.023771 0.195831
13 3.518567 0.000000 0.000000 -0.227971 0.074931 0.265911
14 8.942634 0.000000 0.000000 -0.013009 0.057406 0.262769
15 3.307272 0.000000 0.000000 3.141591 -0.000000 0.400478
16 3.593713 0.000000 0.000000 0.517062 0.060514 0.799323
17 2.033351 1.000771 1.100821 -1.293379 -1.729723 -0.453207
18 6.811800 0.000000 0.000000 -1.579371 -0.287859 -1.129453
19 12.394105 0.000000 0.000000 0.000000 0.000000 -2.184855
20 9.334690 0.000001 -0.000032 -0.171982 0.288130 0.577517
21 4.610123 -0.122605 -1.406946 -0.453661 0.191064 -0.842444
22 1.191884 0.000000 0.000000 -0.065360 0.190537 -1.000731
23 0.945939 0.000000 0.000000 -0.015409 0.082975 -0.457312
24 4.605128 0.071046 -0.574018 -0.157421 -0.004556 -0.810738
25 1.430263 0.000000 0.000000 -0.023657 0.057261 -1.091732
26 1.155766 0.000000 0.000000 0.000979 0.008951 -0.168340
27 4.454865 -0.071046 0.574018 0.096296 -0.007833 -0.804105
28 1.426183 0.000000 0.000000 0.023873 -0.079632 -1.125969
29 1.324319 0.000000 0.000000 0.009317 -0.033630 -0.575091
30 4.479185 -0.026371 1.583719 0.476661 -0.055423 -1.136103
31 1.341888 0.000000 0.000000 0.023475 -0.208313 -0.755746
32 1.225941 0.000000 0.000000 0.026045 -0.124622 -0.538683
33 2.631852 -0.344645 1.908319 -0.354021 -0.915169 -1.788213
34 1.058429 0.000000 0.000000 0.000554 0.000002 -0.000004
35 0.778706 0.000000 0.000000 -0.000472 0.006935 -0.135957
36 2.033354 1.000773 -1.100771 0.245580 1.764715 -1.431623
37 6.811801 0.000000 0.000000 1.149770 0.259204 -0.980837
38 12.394103 0.000000 0.000000 0.000000 0.000000 -1.982567
39 9.334718 0.000000 0.000000 -1.289103 -0.343826 -0.050877
40 4.610092 -0.109559 1.408022 0.215959 0.006794 -0.915272
41 1.191885 0.000000 0.000000 0.044560 -0.180938 -0.876601
42 0.945938 0.000000 0.000000 0.155228 -0.190276 -1.393021
43 4.605097 0.076364 0.573335 0.139630 -0.069408 -0.865173
44 1.430257 0.000000 0.000000 0.049426 -0.072767 -1.413300
45 1.155767 0.000000 0.000000 0.018371 -0.045481 -0.841346
46 4.454831 -0.076364 -0.573335 0.047705 -0.153456 -0.767483
47 1.426188 0.000000 0.000000 -0.053883 0.078891 -1.553286
48 1.324319 0.000000 0.000000 -0.013612 0.036969 -0.732282
49 4.479149 -0.041050 -1.583407 -0.332118 -0.154805 0.170762
50 1.341885 0.000000 0.000000 -0.042633 0.220746 -0.851609
51 1.225945 0.000000 0.000000 0.008155 -0.000001 0.000001
52 2.631822 -0.362328 -1.905043 0.415059 0.423435 -0.720789
53 1.058428 0.000000 0.000000 0.015106 0.038913 0.767157
54 0.778706 0.000000 0.000000 0.004786 0.022541 0.418310
55 4.041916 5.169765 -8.467939 0.000000 -0.392699 0.000000
56 -0.044717 2.529041 4.661499 -0.039270 0.000000 0.000000
time 38
1 83.917618 -116.378464 34.753071 1.602946 0.034972 1.541917
2 0.000000 0.000000 0.000000 -0.000002 -0.000000 -0.047644
3 3.890452 -0.000007 -0.000003 -1.703855 0.245155 -1.537128
4 17.848179 0.000000 0.000000 0.000000 0.000000 0.941612
5 15.637959 0.000000 0.000000 -9.490281 -3.436010 8.887048
6 7.110240 0.000000 0.000000 6.275466 -0.002073 -0.434618
7 -3.890452 0.000003 0.000008 -1.371127 -0.669665 -1.530131
8 17.848181 0.000000 0.000000 0.000000 0.000000 0.757727
9 15.637958 0.000000 0.000000 -0.125759 -0.040303 -1.278670
10 7.110240 0.000000 0.000000 6.207340 -0.005517 -1.614707
11 0.000005 3.345127 -2.981901 1.589225 0.141212 1.532616
12 4.018332 0.000000 0.000000 -0.225237 0.016572 0.213062
13 3.518567 0.000000 0.000000 -0.225091 0.068652 0.308667
14 8.942634 0.000000 0.000000 -0.009131 0.055029 0.257731
15 3.307272 0.000000 0.000000 3.141591 -0.000000 0.400478
16 3.593713 0.000000 0.000000 0.522349 0.055163 0.860642
17 2.033351 1.000771 1.100821 -1.293379 -1.729723 -0.453206
18 6.811800 0.000000 0.000000 -1.599129 -0.365466 -1.087429
19 12.394105 0.000000 0.000000 0.000000 0.000000 -2.082533
20 9.334690 0.000001 -0.000032 -0.236386 0.271779 0.432034
21 4.610123 -0.122605 -1.406946 -0.453661 0.191064 -0.842444
22 1.191884 0.000000 0.000000 -0.065360 0.190537 -1.000731
23 0.945939 0.000000 0.000000 -0.015409 0.082975 -0.457313
24 4.605128 0.071046 -0.574018 -0.157420 -0.004556 -0.810738
25 1.430263 0.000000 0.000000 -0.023657 0.057261 -1.091732
26 1.155766 0.000000 0.000000 0.000979 0.008951 -0.168340
27 4.454865 -0.071046 0.574018 0.096295 -0.007833 -0.804105
28 1.426183 0.000000 0.000000 0.023873 -0.079632 -1.125969
29 1.324319 0.000000 0.000000 0.009317 -0.033630 -0.575091
30 4.479185 -0.026371 1.583719 0.476661 -0.055423 -1.136103
31 1.341888 0.000000 0.000000 0.023475 -0.208313 -0.755745
32 1.225941 0.000000 0.000000 0.026045 -0.124622 -0.538683
33 2.631852 -0.344645 1.908319 -0.354021 -0.915168 -1.788213
34 1.058429 0.000000 0.000000 0.000554 0.000002 -0.000004
35 0.778706 0.000000 0.000000 -0.000472 0.006935 -0.135957
36 2.033354 1.000773 -1.100771 0.278397 1.756390 -1.398480
37 6.811801 0.000000 0.000000 1.207643 0.365221 -0.972372
38 12.394103 0.000000 0.000000 0.000000 0.000000 -1.940164
39 9.334718 0.000000 0.000000 -1.324912 -0.374112 -0.027519
40 4.610092 -0.109559 1.408022 0.215959 0.006794 -0.915272
41 1.191885 0.000000 0.000000 0.044560 -0.180938 -0.876601
42 0.945938 0.000000 0.000000 0.155228 -0.190276 -1.393021
43 4.605097 0.076364 0.573335 0.139630 -0.069408 -0.865173
44 1.430257 0.000000 0.000000 0.049426 -0.072767 -1.413300
45 1.155767 0.000000 0.000000 0.018371 -0.045481 -0.841346
46 4.454831 -0.076364 -0.573335 0.047705 -0.153456 -0.767483
47 1.426188 0.000000 0.000000 -0.053883 0.078891 -1.553286
48 1.324319 0.000000 0.000000 -0.013612 0.036969 -0.732283
49 4.479149 -0.041050 -1.583407 -0.332118 -0.154805 0.170762
50 1.341885 0.000000 0.000000 -0.042634 0.220746 -0.851609
51 1.225945 0.000000 0.000000 0.008155 -0.000000 0.000001
52 2.631822 -0.362328 -1.905043 0.415059 0.423435 -0.720789
53 1.058428 0.000000 0.000000 0.015106 0.038913 0.767157
54 0.778706 0.000000 0.000000 0.004785 0.022541 0.418310
55 4.041916 5.169765 -8.467939 0.000000 -0.392699 0.000000
56 -0.044717 2.529041 4.661499 -0.039270 0.000000 0.000000
time 39
1 88.795319 -117.193153 35.646168 1.500058 0.024317 1.537060
2 0.000000 0.000000 0.000000 -0.000002 -0.000000 -0.037930
3 3.890452 -0.000007 -0.000003 -1.785462 0.133792 -1.484462
4 17.848179 0.000000 0.000000 0.000000 0.000000 1.300396
5 15.637959 0.000000 0.000000 -9.248170 -3.183417 8.766054
6 7.110240 0.000000 0.000000 6.275466 -0.002073 -0.434618
7 -3.890452 0.000003 0.000008 -1.332913 -0.404919 -1.523039
8 17.848181 0.000000 0.000000 0.000000 0.000000 0.728212
9 15.637958 0.000000 0.000000 -0.196870 -0.049965 -1.184103
10 7.110240 0.000000 0.000000 6.207462 -0.005493 -1.636796
11 0.000005 3.345127 -2.981901 1.592492 0.086795 1.548320
12 4.018332 0.000000 0.000000 -0.227277 0.009120 0.230700
13 3.518567 0.000000 0.000000 -0.222476 0.062077 0.352045
14 8.942634 0.000000 0.000000 -0.005154 0.052744 0.252510
15 3.307272 0.000000 0.000000 3.141591 0.000000 0.400478
16 3.593713 0.000000 0.000000 0.523285 0.049069 0.924777
17 2.033351 1.000771 1.100821 -1.293379 -1.729723 -0.453207
18 6.811800 0.000000 0.000000 -1.614657 -0.462133 -1.045614
19 12.394105 0.000000 0.000000 0.000000 0.000000 -1.939816
20 9.334690 0.000001 -0.000032 -0.305526 0.253259 0.269847
21 4.610123 -0.122605 -1.406946 -0.453661 0.191064 -0.842444
22 1.191884 0.000000 0.000000 -0.065360 0.190537 -1.000731
23 0.945939 0.000000 0.000000 -0.015409 0.082975 -0.457313
24 4.605128 0.071046 -0.574018 -0.157421 -0.004556 -0.810738
25 1.430263 0.000000 0.000000 -0.023657 0.057261 -1.091732
26 1.155766 0.000000 0.000000 0.000979 0.008951 -0.168340
27 4.454865 -0.071046 0.574018 0.096295 -0.007833 -0.804105
28 1.426183 0.000000 0.000000 0.023873 -0.079632 -1.125969
29 1.324319 0.000000 0.000000 0.009317 -0.033630 -0.575091
30 4.479185 -0.026371 1.583719 0.476661 -0.055423 -1.136103
31 1.341888 0.000000 0.000000 0.023475 -0.208313 -0.755745
32 1.225941 0.000000 0.000000 0.026045 -0.124622 -0.538683
33 2.631852 -0.344645 1.908319 -0.354022 -0.915169 -1.788213
34 1.058429 0.000000 0.000000 0.000554 0.000002 -0.000004
35 0.778706 0.000000 0.000000 -0.000472 0.006935 -0.135957
36 2.033354 1.000773 -1.100771 0.316369 1.748064 -1.360205
37 6.811801 0.000000 0.000000 1.270469 0.472619 -0.959978
38 12.394103 0.000000 0.000000 0.000000 0.000000 -1.883431
39 9.334718 0.000000 0.000000 -1.364897 -0.405022 -0.001020
40 4.610092 -0.109559 1.408022 0.215959 0.006794 -0.915272
41 1.191885 0.000000 0.000000 0.044560 -0.180938 -0.876601
42 0.945938 0.000000 0.000000 0.155228 -0.190276 -1.393021
43 4.605097 0.076364 0.573335 0.139630 -0.069408 -0.865173
44 1.430257 0.000000 0.000000 0.049426 -0.072767 -1.413300
45 1.155767 0.000000 0.000000 0.018371 -0.045481 -0.841346
46 4.454831 -0.076364 -0.573335 0.047705 -0.153456 -0.767483
47 1.426188 0.000000 0.000000 -0.053883 0.078891 -1.553286
48 1.324319 0.000000 0.000000 -0.013612 0.036969 -0.732283
49 4.479149 -0.041050 -1.583407 -0.332118 -0.154805 0.170762
50 1.341885 0.000000 0.000000 -0.042633 0.220746 -0.851609
51 1.225945 0.000000 0.000000 0.008155 -0.000000 0.000001
52 2.631822 -0.362328 -1.905043 0.415059 0.423435 -0.720789
53 1.058428 0.000000 0.000000 0.015106 0.038913 0.767157
54 0.778706 0.000000 0.000000 0.004785 0.022541 0.418310
55 4.041916 5.169765 -8.467939 0.000000 -0.392699 0.000000
56 -0.044717 2.529041 4.661499 -0.039270 0.000000 0.000000
end
