// Created by Crowbar 0.71
version 1
nodes
  0 "ValveBiped.Bip01" -1
  1 "ValveBiped.Bip01_Pelvis" 0
  2 "ValveBiped.Bip01_L_Thigh" 1
  3 "ValveBiped.Bip01_L_Calf" 2
  4 "ValveBiped.Bip01_L_Foot" 3
  5 "ValveBiped.Bip01_L_Toe0" 4
  6 "ValveBiped.Bip01_R_Thigh" 1
  7 "ValveBiped.Bip01_R_Calf" 6
  8 "ValveBiped.Bip01_R_Foot" 7
  9 "ValveBiped.Bip01_R_Toe0" 8
  10 "ValveBiped.Bip01_Spine" 0
  11 "ValveBiped.Bip01_Spine1" 10
  12 "ValveBiped.Bip01_Spine2" 11
  13 "ValveBiped.Bip01_Spine4" 12
  14 "ValveBiped.Bip01_Neck1" 13
  15 "ValveBiped.Bip01_Head1" 14
  16 "ValveBiped.Bip01_L_Clavicle" 13
  17 "ValveBiped.Bip01_L_UpperArm" 16
  18 "ValveBiped.Bip01_L_Forearm" 17
  19 "ValveBiped.Bip01_L_Hand" 18
  20 "ValveBiped.Bip01_L_Finger4" 19
  21 "ValveBiped.Bip01_L_Finger41" 20
  22 "ValveBiped.Bip01_L_Finger42" 21
  23 "ValveBiped.Bip01_L_Finger3" 19
  24 "ValveBiped.Bip01_L_Finger31" 23
  25 "ValveBiped.Bip01_L_Finger32" 24
  26 "ValveBiped.Bip01_L_Finger2" 19
  27 "ValveBiped.Bip01_L_Finger21" 26
  28 "ValveBiped.Bip01_L_Finger22" 27
  29 "ValveBiped.Bip01_L_Finger1" 19
  30 "ValveBiped.Bip01_L_Finger11" 29
  31 "ValveBiped.Bip01_L_Finger12" 30
  32 "ValveBiped.Bip01_L_Finger0" 19
  33 "ValveBiped.Bip01_L_Finger01" 32
  34 "ValveBiped.Bip01_L_Finger02" 33
  35 "ValveBiped.Bip01_R_Clavicle" 13
  36 "ValveBiped.Bip01_R_UpperArm" 35
  37 "ValveBiped.Bip01_R_Forearm" 36
  38 "ValveBiped.Bip01_R_Hand" 37
  39 "ValveBiped.Bip01_R_Finger4" 38
  40 "ValveBiped.Bip01_R_Finger41" 39
  41 "ValveBiped.Bip01_R_Finger42" 40
  42 "ValveBiped.Bip01_R_Finger3" 38
  43 "ValveBiped.Bip01_R_Finger31" 42
  44 "ValveBiped.Bip01_R_Finger32" 43
  45 "ValveBiped.Bip01_R_Finger2" 38
  46 "ValveBiped.Bip01_R_Finger21" 45
  47 "ValveBiped.Bip01_R_Finger22" 46
  48 "ValveBiped.Bip01_R_Finger1" 38
  49 "ValveBiped.Bip01_R_Finger11" 48
  50 "ValveBiped.Bip01_R_Finger12" 49
  51 "ValveBiped.Bip01_R_Finger0" 38
  52 "ValveBiped.Bip01_R_Finger01" 51
  53 "ValveBiped.Bip01_R_Finger02" 52
  54 "ValveBiped.Bip01_L_Trapezius" 16
  55 "ValveBiped.Bip01_L_Ulna" 18
  56 "ValveBiped.Bip01_R_Ulna" 37
  57 "ValveBiped.Bip01_L_Wrist" 18
  58 "ValveBiped.Bip01_L_Bicep" 17
  59 "ValveBiped.Bip01_L_Latt" 12
  60 "ValveBiped.Bip01_L_Pectoral" 12
  61 "ValveBiped.Bip01_R_Elbow" 36
  62 "ValveBiped.Bip01_R_Pectoral" 12
  63 "ValveBiped.Bip01_R_Latt" 12
  64 "ValveBiped.Bip01_L_Shoulder" 17
  65 "ValveBiped.Bip01_R_Wrist" 37
  66 "ValveBiped.Bip01_L_Elbow" 17
  67 "ValveBiped.Bip01_R_Trapezius" 35
  68 "ValveBiped.Bip01_R_Shoulder" 36
  69 "ValveBiped.Bip01_R_Bicep" 36
end
skeleton
  time 0
    0 0.000000 0.000000 0.000000 0.000000 0.000000 -1.570796
    1 0.000000 0.000000 0.000000 0.000000 0.000000 0.000000
    2 3.982422 -0.000004 -0.000003 -1.570794 0.051770 -1.611079
    3 15.937500 0.000000 0.000000 0.000000 0.000000 0.051653
    4 17.703125 0.000000 0.000000 0.017106 -0.070055 -1.175214
    5 6.203125 0.000001 0.000000 -0.011145 0.000933 -0.500513
    6 -3.982422 0.000007 0.000007 -1.570792 0.051771 -1.530509
    7 15.937500 0.000000 0.000000 0.000000 0.000000 0.051653
    8 17.703125 0.000000 0.000000 -0.006397 0.070029 -1.178166
    9 6.203125 0.000000 0.000000 -0.078650 -0.006185 -0.498943
    10 0.000000 0.000000 0.000000 0.000000 0.000000 0.000000
    11 0.000000 0.000000 0.000000 0.000000 0.000000 0.000000
    12 0.000000 0.000000 0.000000 0.000000 0.000000 0.000000
    13 0.000000 0.000000 0.000000 0.000000 0.000000 0.000000
    14 0.000000 0.000000 0.000000 0.000000 0.000000 0.000000
    15 0.000000 0.000000 0.000000 0.000000 0.000000 0.000000
    16 0.000000 0.000000 0.000000 0.000000 0.000000 0.000000
    17 0.000000 0.000000 0.000000 0.000000 0.000000 0.000000
    18 0.000000 0.000000 0.000000 0.000000 0.000000 0.000000
    19 11.203125 -0.000001 0.000002 0.557778 0.364985 -0.352218
    20 3.548828 0.198730 -1.489258 -0.472246 0.063925 -0.818719
    21 1.218750 0.000001 0.000003 -0.004612 0.097481 -1.230554
    22 0.679688 0.000000 0.000000 0.011364 0.086977 -1.036816
    23 3.697266 0.267334 -0.728516 -0.164776 0.147479 -0.995499
    24 1.748047 0.000000 0.000001 0.000213 0.027092 -1.054100
    25 0.959961 -0.000001 0.000000 0.002325 0.039401 -1.101803
    26 3.767578 0.152466 0.071350 0.074637 0.103122 -0.865115
    27 2.037109 -0.000001 -0.000002 0.001515 -0.004364 -1.439416
    28 1.066406 0.000000 0.000001 -0.001244 -0.005671 -0.962931
    29 3.783203 -0.017258 0.794434 0.348232 0.068438 -0.758273
    30 1.628906 -0.000001 0.000002 0.018830 -0.066667 -1.332708
    31 0.955566 0.000001 0.000001 -0.000001 -0.069718 -1.033963
    32 1.258789 -0.297852 1.251953 -1.245151 -0.163241 -0.922789
    33 1.392578 0.000000 -0.000002 0.000001 0.002024 0.349108
    34 1.099609 0.000000 -0.000001 0.000001 0.013128 0.596757
    35 0.000000 0.000000 0.000000 0.000000 0.000000 0.000000
    36 0.000000 0.000000 0.000000 0.000000 0.000000 0.000000
    37 0.000000 0.000000 0.000000 0.000000 0.000000 0.000000
    38 11.203125 0.000000 0.000002 -1.049277 -0.434038 -0.008364
    39 3.548828 0.211304 1.487305 0.492427 0.054648 -1.044090
    40 1.218750 0.000000 0.000000 0.004612 -0.097480 -1.485808
    41 0.679688 -0.000002 0.000001 -0.011363 -0.086976 -1.292069
    42 3.697266 0.273682 0.726563 0.167567 -0.105308 -1.247601
    43 1.748047 0.000001 0.000000 -0.000213 -0.027092 -1.309354
    44 0.959961 -0.000001 -0.000001 -0.002324 -0.039401 -1.357058
    45 3.767578 0.151855 -0.072693 -0.059050 -0.120242 -1.121067
    46 2.037109 -0.000001 -0.000002 -0.001514 0.004365 -1.694671
    47 1.066406 0.000002 -0.000003 0.001244 0.005670 -1.218185
    48 3.783203 -0.023941 -0.794434 -0.321316 -0.152718 -1.000774
    49 1.628906 -0.000001 -0.000004 -0.018830 0.066667 -1.587963
    50 0.955566 -0.000001 0.000001 -0.000001 0.069718 -1.289218
    51 1.258789 -0.308350 -1.250000 1.322030 0.226765 -0.566100
    52 1.392578 -0.000002 0.000000 0.000000 -0.002024 0.427650
    53 1.099609 0.000000 0.000001 -0.000001 -0.013127 0.125518
    54 0.000000 0.000000 0.000000 0.000000 0.000000 0.000000
    55 0.000000 0.000000 0.000000 0.000000 0.000000 0.000000
    56 0.000000 0.000000 0.000000 0.000000 0.000000 0.000000
    57 0.000000 0.000000 0.000000 0.000000 0.000000 0.000000
    58 0.000000 0.000000 0.000000 0.000000 0.000000 0.000000
    59 0.000000 0.000000 0.000000 0.000000 0.000000 0.000000
    60 0.000000 0.000000 0.000000 0.000000 0.000000 0.000000
    61 0.000000 0.000000 0.000000 0.000000 0.000000 0.000000
    62 0.000000 0.000000 0.000000 0.000000 0.000000 0.000000
    63 0.000000 0.000000 0.000000 0.000000 0.000000 0.000000
    64 0.000000 0.000000 0.000000 0.000000 0.000000 0.000000
    65 0.000000 0.000000 0.000000 0.000000 0.000000 0.000000
    66 0.000000 0.000000 0.000000 0.000000 0.000000 0.000000
    67 0.000000 0.000000 0.000000 0.000000 0.000000 0.000000
    68 0.000000 0.000000 0.000000 0.000000 0.000000 0.000000
    69 0.000000 0.000000 0.000000 0.000000 0.000000 0.000000
  time 1
    0 0.000000 0.000000 0.000000 0.000000 0.000000 -1.570796
    1 0.000000 0.000000 0.000000 0.000000 0.000000 0.000000
    2 3.982422 -0.000004 -0.000003 -1.570794 0.051770 -1.611079
    3 15.937500 0.000000 0.000000 0.000000 0.000000 0.051653
    4 17.703125 0.000000 0.000000 0.017106 -0.070055 -1.175214
    5 6.203125 0.000001 0.000000 -0.011145 0.000933 -0.500513
    6 -3.982422 0.000007 0.000007 -1.570792 0.051771 -1.530509
    7 15.937500 0.000000 0.000000 0.000000 0.000000 0.051653
    8 17.703125 0.000000 0.000000 -0.006397 0.070029 -1.178166
    9 6.203125 0.000000 0.000000 -0.078650 -0.006185 -0.498943
    10 0.000000 0.000000 0.000000 0.000000 0.000000 0.000000
    11 0.000000 0.000000 0.000000 0.000000 0.000000 0.000000
    12 0.000000 0.000000 0.000000 0.000000 0.000000 0.000000
    13 0.000000 0.000000 0.000000 0.000000 0.000000 0.000000
    14 0.000000 0.000000 0.000000 0.000000 0.000000 0.000000
    15 0.000000 0.000000 0.000000 0.000000 0.000000 0.000000
    16 0.000000 0.000000 0.000000 0.000000 0.000000 0.000000
    17 0.000000 0.000000 0.000000 0.000000 -0.000544 -0.000227
    18 0.000000 0.000000 0.000000 0.000000 0.000000 0.000221
    19 11.203125 -0.000001 0.000002 0.557778 0.364985 -0.352218
    20 3.548828 0.198730 -1.489258 -0.472246 0.063925 -0.818719
    21 1.218750 0.000001 0.000003 -0.004612 0.097481 -1.230554
    22 0.679688 0.000000 0.000000 0.011364 0.086977 -1.036816
    23 3.697266 0.267334 -0.728516 -0.164776 0.147479 -0.995499
    24 1.748047 0.000000 0.000001 0.000213 0.027092 -1.054100
    25 0.959961 -0.000001 0.000000 0.002325 0.039401 -1.101803
    26 3.767578 0.152466 0.071350 0.074637 0.103122 -0.865115
    27 2.037109 -0.000001 -0.000002 0.001515 -0.004364 -1.439416
    28 1.066406 0.000000 0.000001 -0.001244 -0.005671 -0.962931
    29 3.783203 -0.017258 0.794434 0.348232 0.068438 -0.758273
    30 1.628906 -0.000001 0.000002 0.018830 -0.066667 -1.332708
    31 0.955566 0.000001 0.000001 -0.000001 -0.069718 -1.033963
    32 1.258789 -0.297852 1.251953 -1.245151 -0.163241 -0.922789
    33 1.392578 0.000000 -0.000002 0.000001 0.002024 0.349108
    34 1.099609 0.000000 -0.000001 0.000001 0.013128 0.596757
    35 0.000000 0.000000 0.000000 0.000000 0.000000 0.000000
    36 0.000000 0.000000 0.000000 -0.000218 0.000346 -0.000208
    37 0.000000 0.000000 0.000000 0.000000 0.000000 -0.000763
    38 11.203125 0.000000 0.000002 -1.049277 -0.434038 -0.008364
    39 3.548828 0.211304 1.487305 0.492427 0.054648 -1.044090
    40 1.218750 0.000000 0.000000 0.004612 -0.097480 -1.485808
    41 0.679688 -0.000002 0.000001 -0.011363 -0.086976 -1.292069
    42 3.697266 0.273682 0.726563 0.167567 -0.105308 -1.247601
    43 1.748047 0.000001 0.000000 -0.000213 -0.027092 -1.309354
    44 0.959961 -0.000001 -0.000001 -0.002324 -0.039401 -1.357058
    45 3.767578 0.151855 -0.072693 -0.059050 -0.120242 -1.121067
    46 2.037109 -0.000001 -0.000002 -0.001514 0.004365 -1.694671
    47 1.066406 0.000002 -0.000003 0.001244 0.005670 -1.218185
    48 3.783203 -0.023941 -0.794434 -0.321316 -0.152718 -1.000774
    49 1.628906 -0.000001 -0.000004 -0.018830 0.066667 -1.587963
    50 0.955566 -0.000001 0.000001 -0.000001 0.069718 -1.289218
    51 1.258789 -0.308350 -1.250000 1.322030 0.226765 -0.566100
    52 1.392578 -0.000002 0.000000 0.000000 -0.002024 0.427650
    53 1.099609 0.000000 0.000001 -0.000001 -0.013127 0.125518
    54 0.000000 0.000000 0.000000 0.000000 0.000000 0.000000
    55 0.000000 0.000000 0.000000 0.000000 0.000000 0.000000
    56 0.000000 0.000000 0.000000 0.000000 0.000000 0.000000
    57 0.000000 0.000000 0.000000 0.000000 0.000000 0.000000
    58 0.000000 0.000000 0.000000 0.000000 0.000000 0.000000
    59 0.000000 0.000000 0.000000 0.000000 0.000000 0.000000
    60 0.000000 0.000000 0.000000 0.000000 0.000000 0.000000
    61 0.000000 0.000000 0.000000 0.000000 0.000000 0.000000
    62 0.000000 0.000000 0.000000 0.000000 0.000000 0.000000
    63 0.000000 0.000000 0.000000 0.000000 0.000000 0.000000
    64 0.000000 0.000000 0.000000 0.000000 0.000000 0.000000
    65 0.000000 0.000000 0.000000 0.000000 0.000000 0.000000
    66 0.000000 0.000000 0.000000 0.000000 0.000000 0.000000
    67 0.000000 0.000000 0.000000 0.000000 0.000000 0.000000
    68 0.000000 0.000000 0.000000 0.000000 0.000000 0.000000
    69 0.000000 0.000000 0.000000 0.000000 0.000000 0.000000
  time 2
    0 0.000000 0.000000 0.000000 0.000000 0.000000 -1.570796
    1 0.000000 0.000000 0.000000 0.000000 0.000000 0.000000
    2 3.982422 -0.000004 -0.000003 -1.570794 0.051770 -1.611079
    3 15.937500 0.000000 0.000000 0.000000 0.000000 0.051653
    4 17.703125 0.000000 0.000000 0.017106 -0.070055 -1.175214
    5 6.203125 0.000001 0.000000 -0.011145 0.000933 -0.500513
    6 -3.982422 0.000007 0.000007 -1.570792 0.051771 -1.530509
    7 15.937500 0.000000 0.000000 0.000000 0.000000 0.051653
    8 17.703125 0.000000 0.000000 -0.006397 0.070029 -1.178166
    9 6.203125 0.000000 0.000000 -0.078650 -0.006185 -0.498943
    10 0.000000 0.000000 0.000000 0.000000 0.000000 0.000000
    11 0.000000 0.000000 0.000000 0.000000 0.000000 0.000000
    12 0.000000 0.000000 0.000000 0.000000 0.000000 0.000000
    13 0.000000 0.000000 0.000000 0.000000 0.000000 0.000000
    14 0.000000 0.000000 0.000000 0.000000 0.000000 0.000000
    15 0.000000 0.000000 0.000000 0.000000 0.000000 0.000000
    16 0.000000 0.000000 0.000000 0.000000 0.000000 0.000000
    17 0.000000 0.000000 0.000000 0.000141 -0.002149 -0.000908
    18 0.000000 0.000000 0.000000 0.000000 0.000000 0.001032
    19 11.203125 -0.000001 0.000002 0.557778 0.364985 -0.352218
    20 3.548828 0.198730 -1.489258 -0.472246 0.063925 -0.818719
    21 1.218750 0.000001 0.000003 -0.004612 0.097481 -1.230554
    22 0.679688 0.000000 0.000000 0.011364 0.086977 -1.036816
    23 3.697266 0.267334 -0.728516 -0.164776 0.147479 -0.995499
    24 1.748047 0.000000 0.000001 0.000213 0.027092 -1.054100
    25 0.959961 -0.000001 0.000000 0.002325 0.039401 -1.101803
    26 3.767578 0.152466 0.071350 0.074637 0.103122 -0.865115
    27 2.037109 -0.000001 -0.000002 0.001515 -0.004364 -1.439416
    28 1.066406 0.000000 0.000001 -0.001244 -0.005671 -0.962931
    29 3.783203 -0.017258 0.794434 0.348232 0.068438 -0.758273
    30 1.628906 -0.000001 0.000002 0.018830 -0.066667 -1.332708
    31 0.955566 0.000001 0.000001 -0.000001 -0.069718 -1.033963
    32 1.258789 -0.297852 1.251953 -1.245151 -0.163241 -0.922789
    33 1.392578 0.000000 -0.000002 0.000001 0.002024 0.349108
    34 1.099609 0.000000 -0.000001 0.000001 0.013128 0.596757
    35 0.000000 0.000000 0.000000 0.000000 0.000000 0.000000
    36 0.000000 0.000000 0.000000 -0.001088 0.001419 -0.000874
    37 0.000000 0.000000 0.000000 0.000000 0.000000 -0.003050
    38 11.203125 0.000000 0.000002 -1.049277 -0.434038 -0.008364
    39 3.548828 0.211304 1.487305 0.492427 0.054648 -1.044090
    40 1.218750 0.000000 0.000000 0.004612 -0.097480 -1.485808
    41 0.679688 -0.000002 0.000001 -0.011363 -0.086976 -1.292069
    42 3.697266 0.273682 0.726563 0.167567 -0.105308 -1.247601
    43 1.748047 0.000001 0.000000 -0.000213 -0.027092 -1.309354
    44 0.959961 -0.000001 -0.000001 -0.002324 -0.039401 -1.357058
    45 3.767578 0.151855 -0.072693 -0.059050 -0.120242 -1.121067
    46 2.037109 -0.000001 -0.000002 -0.001514 0.004365 -1.694671
    47 1.066406 0.000002 -0.000003 0.001244 0.005670 -1.218185
    48 3.783203 -0.023941 -0.794434 -0.321316 -0.152718 -1.000774
    49 1.628906 -0.000001 -0.000004 -0.018830 0.066667 -1.587963
    50 0.955566 -0.000001 0.000001 -0.000001 0.069718 -1.289218
    51 1.258789 -0.308350 -1.250000 1.322030 0.226765 -0.566100
    52 1.392578 -0.000002 0.000000 0.000000 -0.002024 0.427650
    53 1.099609 0.000000 0.000001 -0.000001 -0.013127 0.125518
    54 0.000000 0.000000 0.000000 0.000000 0.000000 0.000000
    55 0.000000 0.000000 0.000000 0.000000 0.000000 0.000000
    56 0.000000 0.000000 0.000000 0.000000 0.000000 0.000000
    57 0.000000 0.000000 0.000000 0.000000 0.000000 0.000000
    58 0.000000 0.000000 0.000000 0.000000 0.000000 0.000000
    59 0.000000 0.000000 0.000000 0.000000 0.000000 0.000000
    60 0.000000 0.000000 0.000000 0.000000 0.000000 0.000000
    61 0.000000 0.000000 0.000000 0.000000 0.000000 0.000000
    62 0.000000 0.000000 0.000000 0.000000 0.000000 0.000000
    63 0.000000 0.000000 0.000000 0.000000 0.000000 0.000000
    64 0.000000 0.000000 0.000000 0.000000 0.000000 0.000000
    65 0.000000 0.000000 0.000000 0.000000 0.000000 0.000000
    66 0.000000 0.000000 0.000000 0.000000 0.000000 0.000000
    67 0.000000 0.000000 0.000000 0.000000 0.000000 0.000000
    68 0.000000 0.000000 0.000000 0.000000 0.000000 0.000000
    69 0.000000 0.000000 0.000000 0.000000 0.000000 0.000000
  time 3
    0 0.000000 0.000000 0.000000 0.000000 0.000000 -1.570796
    1 0.000000 0.000000 0.000000 0.000000 0.000000 0.000000
    2 3.982422 -0.000004 -0.000003 -1.570794 0.051770 -1.611079
    3 15.937500 0.000000 0.000000 0.000000 0.000000 0.051653
    4 17.703125 0.000000 0.000000 0.017106 -0.070055 -1.175214
    5 6.203125 0.000001 0.000000 -0.011145 0.000933 -0.500513
    6 -3.982422 0.000007 0.000007 -1.570792 0.051771 -1.530509
    7 15.937500 0.000000 0.000000 0.000000 0.000000 0.051653
    8 17.703125 0.000000 0.000000 -0.006397 0.070029 -1.178166
    9 6.203125 0.000000 0.000000 -0.078650 -0.006185 -0.498943
    10 0.000000 0.000000 0.000000 0.000000 0.000000 0.000000
    11 0.000000 0.000000 0.000000 0.000000 0.000000 0.000000
    12 0.000000 0.000000 0.000000 0.000000 0.000000 0.000000
    13 0.000000 0.000000 0.000000 0.000000 0.000000 0.000000
    14 0.000000 0.000000 0.000000 0.000000 0.000000 0.000000
    15 0.000000 0.000000 0.000000 0.000000 0.000000 0.000000
    16 0.000000 0.000000 0.000000 0.000000 0.000000 0.000000
    17 0.000000 0.000000 0.000000 0.000424 -0.004728 -0.001967
    18 0.000000 0.000000 0.000000 0.000000 0.000000 0.002360
    19 11.203125 -0.000001 0.000002 0.557778 0.364985 -0.352218
    20 3.548828 0.198730 -1.489258 -0.472246 0.063925 -0.818719
    21 1.218750 0.000001 0.000003 -0.004612 0.097481 -1.230554
    22 0.679688 0.000000 0.000000 0.011364 0.086977 -1.036816
    23 3.697266 0.267334 -0.728516 -0.164776 0.147479 -0.995499
    24 1.748047 0.000000 0.000001 0.000213 0.027092 -1.054100
    25 0.959961 -0.000001 0.000000 0.002325 0.039401 -1.101803
    26 3.767578 0.152466 0.071350 0.074637 0.103122 -0.865115
    27 2.037109 -0.000001 -0.000002 0.001515 -0.004364 -1.439416
    28 1.066406 0.000000 0.000001 -0.001244 -0.005671 -0.962931
    29 3.783203 -0.017258 0.794434 0.348232 0.068438 -0.758273
    30 1.628906 -0.000001 0.000002 0.018830 -0.066667 -1.332708
    31 0.955566 0.000001 0.000001 -0.000001 -0.069718 -1.033963
    32 1.258789 -0.297852 1.251953 -1.245151 -0.163241 -0.922789
    33 1.392578 0.000000 -0.000002 0.000001 0.002024 0.349108
    34 1.099609 0.000000 -0.000001 0.000001 0.013128 0.596757
    35 0.000000 0.000000 0.000000 0.000000 0.000000 0.000000
    36 0.000000 0.000000 0.000000 -0.002540 0.003219 -0.001997
    37 0.000000 0.000000 0.000000 0.000000 0.000000 -0.006736
    38 11.203125 0.000000 0.000002 -1.049277 -0.434038 -0.008364
    39 3.548828 0.211304 1.487305 0.492427 0.054648 -1.044090
    40 1.218750 0.000000 0.000000 0.004612 -0.097480 -1.485808
    41 0.679688 -0.000002 0.000001 -0.011363 -0.086976 -1.292069
    42 3.697266 0.273682 0.726563 0.167567 -0.105308 -1.247601
    43 1.748047 0.000001 0.000000 -0.000213 -0.027092 -1.309354
    44 0.959961 -0.000001 -0.000001 -0.002324 -0.039401 -1.357058
    45 3.767578 0.151855 -0.072693 -0.059050 -0.120242 -1.121067
    46 2.037109 -0.000001 -0.000002 -0.001514 0.004365 -1.694671
    47 1.066406 0.000002 -0.000003 0.001244 0.005670 -1.218185
    48 3.783203 -0.023941 -0.794434 -0.321316 -0.152718 -1.000774
    49 1.628906 -0.000001 -0.000004 -0.018830 0.066667 -1.587963
    50 0.955566 -0.000001 0.000001 -0.000001 0.069718 -1.289218
    51 1.258789 -0.308350 -1.250000 1.322030 0.226765 -0.566100
    52 1.392578 -0.000002 0.000000 0.000000 -0.002024 0.427650
    53 1.099609 0.000000 0.000001 -0.000001 -0.013127 0.125518
    54 0.000000 0.000000 0.000000 0.000000 0.000000 0.000000
    55 0.000000 0.000000 0.000000 0.000000 0.000000 0.000000
    56 0.000000 0.000000 0.000000 0.000000 0.000000 0.000000
    57 0.000000 0.000000 0.000000 0.000000 0.000000 0.000000
    58 0.000000 0.000000 0.000000 0.000000 0.000000 0.000000
    59 0.000000 0.000000 0.000000 0.000000 0.000000 0.000000
    60 0.000000 0.000000 0.000000 0.000000 0.000000 0.000000
    61 0.000000 0.000000 0.000000 0.000000 0.000000 0.000000
    62 0.000000 0.000000 0.000000 0.000000 0.000000 0.000000
    63 0.000000 0.000000 0.000000 0.000000 0.000000 0.000000
    64 0.000000 0.000000 0.000000 0.000000 0.000000 0.000000
    65 0.000000 0.000000 0.000000 0.000000 0.000000 0.000000
    66 0.000000 0.000000 0.000000 0.000000 0.000000 0.000000
    67 0.000000 0.000000 0.000000 0.000000 0.000000 0.000000
    68 0.000000 0.000000 0.000000 0.000000 0.000000 0.000000
    69 0.000000 0.000000 0.000000 0.000000 0.000000 0.000000
  time 4
    0 0.000000 0.000000 0.000000 0.000000 0.000000 -1.570796
    1 0.000000 0.000000 0.000000 0.000000 0.000000 0.000000
    2 3.982422 -0.000004 -0.000003 -1.570794 0.051770 -1.611079
    3 15.937500 0.000000 0.000000 0.000000 0.000000 0.051653
    4 17.703125 0.000000 0.000000 0.017106 -0.070055 -1.175214
    5 6.203125 0.000001 0.000000 -0.011145 0.000933 -0.500513
    6 -3.982422 0.000007 0.000007 -1.570792 0.051771 -1.530509
    7 15.937500 0.000000 0.000000 0.000000 0.000000 0.051653
    8 17.703125 0.000000 0.000000 -0.006397 0.070029 -1.178166
    9 6.203125 0.000000 0.000000 -0.078650 -0.006185 -0.498943
    10 0.000000 0.000000 0.000000 0.000000 0.000000 0.000000
    11 0.000000 0.000000 0.000000 0.000000 0.000000 0.000000
    12 0.000000 0.000000 0.000000 0.000000 0.000000 0.000000
    13 0.000000 0.000000 0.000000 0.000000 0.000000 0.000000
    14 0.000000 0.000000 0.000000 0.000000 0.000000 0.000000
    15 0.000000 0.000000 0.000000 0.000000 0.000000 0.000000
    16 0.000000 0.000000 0.000000 0.000000 0.000000 0.000000
    17 0.000000 0.000000 0.000000 0.000777 -0.008109 -0.003404
    18 0.000000 0.000000 0.000000 0.000000 0.000000 0.004055
    19 11.203125 -0.000001 0.000002 0.557778 0.364985 -0.352218
    20 3.548828 0.198730 -1.489258 -0.472246 0.063925 -0.818719
    21 1.218750 0.000001 0.000003 -0.004612 0.097481 -1.230554
    22 0.679688 0.000000 0.000000 0.011364 0.086977 -1.036816
    23 3.697266 0.267334 -0.728516 -0.164776 0.147479 -0.995499
    24 1.748047 0.000000 0.000001 0.000213 0.027092 -1.054100
    25 0.959961 -0.000001 0.000000 0.002325 0.039401 -1.101803
    26 3.767578 0.152466 0.071350 0.074637 0.103122 -0.865115
    27 2.037109 -0.000001 -0.000002 0.001515 -0.004364 -1.439416
    28 1.066406 0.000000 0.000001 -0.001244 -0.005671 -0.962931
    29 3.783203 -0.017258 0.794434 0.348232 0.068438 -0.758273
    30 1.628906 -0.000001 0.000002 0.018830 -0.066667 -1.332708
    31 0.955566 0.000001 0.000001 -0.000001 -0.069718 -1.033963
    32 1.258789 -0.297852 1.251953 -1.245151 -0.163241 -0.922789
    33 1.392578 0.000000 -0.000002 0.000001 0.002024 0.349108
    34 1.099609 0.000000 -0.000001 0.000001 0.013128 0.596757
    35 0.000000 0.000000 0.000000 0.000000 0.000000 0.000000
    36 0.000000 0.000000 0.000000 -0.004427 0.005712 -0.003577
    37 0.000000 0.000000 0.000000 0.000000 0.000000 -0.011756
    38 11.203125 0.000000 0.000002 -1.049277 -0.434038 -0.008364
    39 3.548828 0.211304 1.487305 0.492427 0.054648 -1.044090
    40 1.218750 0.000000 0.000000 0.004612 -0.097480 -1.485808
    41 0.679688 -0.000002 0.000001 -0.011363 -0.086976 -1.292069
    42 3.697266 0.273682 0.726563 0.167567 -0.105308 -1.247601
    43 1.748047 0.000001 0.000000 -0.000213 -0.027092 -1.309354
    44 0.959961 -0.000001 -0.000001 -0.002324 -0.039401 -1.357058
    45 3.767578 0.151855 -0.072693 -0.059050 -0.120242 -1.121067
    46 2.037109 -0.000001 -0.000002 -0.001514 0.004365 -1.694671
    47 1.066406 0.000002 -0.000003 0.001244 0.005670 -1.218185
    48 3.783203 -0.023941 -0.794434 -0.321316 -0.152718 -1.000774
    49 1.628906 -0.000001 -0.000004 -0.018830 0.066667 -1.587963
    50 0.955566 -0.000001 0.000001 -0.000001 0.069718 -1.289218
    51 1.258789 -0.308350 -1.250000 1.322030 0.226765 -0.566100
    52 1.392578 -0.000002 0.000000 0.000000 -0.002024 0.427650
    53 1.099609 0.000000 0.000001 -0.000001 -0.013127 0.125518
    54 0.000000 0.000000 0.000000 0.000000 0.000000 0.000000
    55 0.000000 0.000000 0.000000 0.000000 0.000000 0.000000
    56 0.000000 0.000000 0.000000 0.000000 0.000000 0.000000
    57 0.000000 0.000000 0.000000 0.000000 0.000000 0.000000
    58 0.000000 0.000000 0.000000 0.000000 0.000000 0.000000
    59 0.000000 0.000000 0.000000 0.000000 0.000000 0.000000
    60 0.000000 0.000000 0.000000 0.000000 0.000000 0.000000
    61 0.000000 0.000000 0.000000 0.000000 0.000000 0.000000
    62 0.000000 0.000000 0.000000 0.000000 0.000000 0.000000
    63 0.000000 0.000000 0.000000 0.000000 0.000000 0.000000
    64 0.000000 0.000000 0.000000 0.000000 0.000000 0.000000
    65 0.000000 0.000000 0.000000 0.000000 0.000000 0.000000
    66 0.000000 0.000000 0.000000 0.000000 0.000000 0.000000
    67 0.000000 0.000000 0.000000 0.000000 0.000000 0.000000
    68 0.000000 0.000000 0.000000 0.000000 0.000000 0.000000
    69 0.000000 0.000000 0.000000 0.000000 0.000000 0.000000
  time 5
    0 0.000000 0.000000 0.000000 0.000000 0.000000 -1.570796
    1 0.000000 0.000000 0.000000 0.000000 0.000000 0.000000
    2 3.982422 -0.000004 -0.000003 -1.570794 0.051770 -1.611079
    3 15.937500 0.000000 0.000000 0.000000 0.000000 0.051653
    4 17.703125 0.000000 0.000000 0.017106 -0.070055 -1.175214
    5 6.203125 0.000001 0.000000 -0.011145 0.000933 -0.500513
    6 -3.982422 0.000007 0.000007 -1.570792 0.051771 -1.530509
    7 15.937500 0.000000 0.000000 0.000000 0.000000 0.051653
    8 17.703125 0.000000 0.000000 -0.006397 0.070029 -1.178166
    9 6.203125 0.000000 0.000000 -0.078650 -0.006185 -0.498943
    10 0.000000 0.000000 0.000000 0.000000 0.000000 0.000000
    11 0.000000 0.000000 0.000000 0.000000 0.000000 0.000000
    12 0.000000 0.000000 0.000000 0.000000 0.000000 0.000000
    13 0.000000 0.000000 0.000000 0.000000 0.000000 0.000000
    14 0.000000 0.000000 0.000000 0.000000 0.000000 0.000000
    15 0.000000 0.000000 0.000000 0.000000 0.000000 0.000000
    16 0.000000 0.000000 0.000000 0.000000 0.000000 0.000000
    17 0.000000 0.000000 0.000000 0.001201 -0.012207 -0.005181
    18 0.000000 0.000000 0.000000 0.000000 0.000000 0.006120
    19 11.203125 -0.000001 0.000002 0.557778 0.364985 -0.352218
    20 3.548828 0.198730 -1.489258 -0.472246 0.063925 -0.818719
    21 1.218750 0.000001 0.000003 -0.004612 0.097481 -1.230554
    22 0.679688 0.000000 0.000000 0.011364 0.086977 -1.036816
    23 3.697266 0.267334 -0.728516 -0.164776 0.147479 -0.995499
    24 1.748047 0.000000 0.000001 0.000213 0.027092 -1.054100
    25 0.959961 -0.000001 0.000000 0.002325 0.039401 -1.101803
    26 3.767578 0.152466 0.071350 0.074637 0.103122 -0.865115
    27 2.037109 -0.000001 -0.000002 0.001515 -0.004364 -1.439416
    28 1.066406 0.000000 0.000001 -0.001244 -0.005671 -0.962931
    29 3.783203 -0.017258 0.794434 0.348232 0.068438 -0.758273
    30 1.628906 -0.000001 0.000002 0.018830 -0.066667 -1.332708
    31 0.955566 0.000001 0.000001 -0.000001 -0.069718 -1.033963
    32 1.258789 -0.297852 1.251953 -1.245151 -0.163241 -0.922789
    33 1.392578 0.000000 -0.000002 0.000001 0.002024 0.349108
    34 1.099609 0.000000 -0.000001 0.000001 0.013128 0.596757
    35 0.000000 0.000000 0.000000 0.000000 0.000000 0.000000
    36 0.000000 0.000000 0.000000 -0.006749 0.008896 -0.005740
    37 0.000000 0.000000 0.000000 0.000000 0.000000 -0.017920
    38 11.203125 0.000000 0.000002 -1.049277 -0.434038 -0.008364
    39 3.548828 0.211304 1.487305 0.492427 0.054648 -1.044090
    40 1.218750 0.000000 0.000000 0.004612 -0.097480 -1.485808
    41 0.679688 -0.000002 0.000001 -0.011363 -0.086976 -1.292069
    42 3.697266 0.273682 0.726563 0.167567 -0.105308 -1.247601
    43 1.748047 0.000001 0.000000 -0.000213 -0.027092 -1.309354
    44 0.959961 -0.000001 -0.000001 -0.002324 -0.039401 -1.357058
    45 3.767578 0.151855 -0.072693 -0.059050 -0.120242 -1.121067
    46 2.037109 -0.000001 -0.000002 -0.001514 0.004365 -1.694671
    47 1.066406 0.000002 -0.000003 0.001244 0.005670 -1.218185
    48 3.783203 -0.023941 -0.794434 -0.321316 -0.152718 -1.000774
    49 1.628906 -0.000001 -0.000004 -0.018830 0.066667 -1.587963
    50 0.955566 -0.000001 0.000001 -0.000001 0.069718 -1.289218
    51 1.258789 -0.308350 -1.250000 1.322030 0.226765 -0.566100
    52 1.392578 -0.000002 0.000000 0.000000 -0.002024 0.427650
    53 1.099609 0.000000 0.000001 -0.000001 -0.013127 0.125518
    54 0.000000 0.000000 0.000000 0.000000 0.000000 0.000000
    55 0.000000 0.000000 0.000000 0.000000 0.000000 0.000000
    56 0.000000 0.000000 0.000000 0.000000 0.000000 0.000000
    57 0.000000 0.000000 0.000000 0.000000 0.000000 0.000000
    58 0.000000 0.000000 0.000000 0.000000 0.000000 0.000000
    59 0.000000 0.000000 0.000000 0.000000 0.000000 0.000000
    60 0.000000 0.000000 0.000000 0.000000 0.000000 0.000000
    61 0.000000 0.000000 0.000000 0.000000 0.000000 0.000000
    62 0.000000 0.000000 0.000000 0.000000 0.000000 0.000000
    63 0.000000 0.000000 0.000000 0.000000 0.000000 0.000000
    64 0.000000 0.000000 0.000000 0.000000 0.000000 0.000000
    65 0.000000 0.000000 0.000000 0.000000 0.000000 0.000000
    66 0.000000 0.000000 0.000000 0.000000 0.000000 0.000000
    67 0.000000 0.000000 0.000000 0.000000 0.000000 0.000000
    68 0.000000 0.000000 0.000000 0.000000 0.000000 0.000000
    69 0.000000 0.000000 0.000000 0.000000 0.000000 0.000000
  time 6
    0 0.000000 0.000000 0.000000 0.000000 0.000000 -1.570796
    1 0.000000 0.000000 0.000000 0.000000 0.000000 0.000000
    2 3.982422 -0.000004 -0.000003 -1.570794 0.051770 -1.611079
    3 15.937500 0.000000 0.000000 0.000000 0.000000 0.051653
    4 17.703125 0.000000 0.000000 0.017106 -0.070055 -1.175214
    5 6.203125 0.000001 0.000000 -0.011145 0.000933 -0.500513
    6 -3.982422 0.000007 0.000007 -1.570792 0.051771 -1.530509
    7 15.937500 0.000000 0.000000 0.000000 0.000000 0.051653
    8 17.703125 0.000000 0.000000 -0.006397 0.070029 -1.178166
    9 6.203125 0.000000 0.000000 -0.078650 -0.006185 -0.498943
    10 0.000000 0.000000 0.000000 0.000000 0.000000 0.000000
    11 0.000000 0.000000 0.000000 0.000000 0.000000 0.000000
    12 0.000000 0.000000 0.000000 0.000000 0.000000 0.000000
    13 0.000000 0.000000 0.000000 0.000000 0.000000 0.000000
    14 0.000000 0.000000 0.000000 0.000000 0.000000 0.000000
    15 0.000000 0.000000 0.000000 0.000000 0.000000 0.000000
    16 0.000000 0.000000 0.000000 0.000000 0.000000 0.000000
    17 0.000000 0.000000 0.000000 0.001766 -0.016935 -0.007224
    18 0.000000 0.000000 0.000000 0.000000 0.000000 0.008406
    19 11.203125 -0.000001 0.000002 0.557778 0.364985 -0.352218
    20 3.548828 0.198730 -1.489258 -0.472246 0.063925 -0.818719
    21 1.218750 0.000001 0.000003 -0.004612 0.097481 -1.230554
    22 0.679688 0.000000 0.000000 0.011364 0.086977 -1.036816
    23 3.697266 0.267334 -0.728516 -0.164776 0.147479 -0.995499
    24 1.748047 0.000000 0.000001 0.000213 0.027092 -1.054100
    25 0.959961 -0.000001 0.000000 0.002325 0.039401 -1.101803
    26 3.767578 0.152466 0.071350 0.074637 0.103122 -0.865115
    27 2.037109 -0.000001 -0.000002 0.001515 -0.004364 -1.439416
    28 1.066406 0.000000 0.000001 -0.001244 -0.005671 -0.962931
    29 3.783203 -0.017258 0.794434 0.348232 0.068438 -0.758273
    30 1.628906 -0.000001 0.000002 0.018830 -0.066667 -1.332708
    31 0.955566 0.000001 0.000001 -0.000001 -0.069718 -1.033963
    32 1.258789 -0.297852 1.251953 -1.245151 -0.163241 -0.922789
    33 1.392578 0.000000 -0.000002 0.000001 0.002024 0.349108
    34 1.099609 0.000000 -0.000001 0.000001 0.013128 0.596757
    35 0.000000 0.000000 0.000000 0.000000 0.000000 0.000000
    36 0.000000 0.000000 0.000000 -0.009434 0.012738 -0.008403
    37 0.000000 0.000000 0.000000 0.000000 0.000000 -0.025037
    38 11.203125 0.000000 0.000002 -1.049277 -0.434038 -0.008364
    39 3.548828 0.211304 1.487305 0.492427 0.054648 -1.044090
    40 1.218750 0.000000 0.000000 0.004612 -0.097480 -1.485808
    41 0.679688 -0.000002 0.000001 -0.011363 -0.086976 -1.292069
    42 3.697266 0.273682 0.726563 0.167567 -0.105308 -1.247601
    43 1.748047 0.000001 0.000000 -0.000213 -0.027092 -1.309354
    44 0.959961 -0.000001 -0.000001 -0.002324 -0.039401 -1.357058
    45 3.767578 0.151855 -0.072693 -0.059050 -0.120242 -1.121067
    46 2.037109 -0.000001 -0.000002 -0.001514 0.004365 -1.694671
    47 1.066406 0.000002 -0.000003 0.001244 0.005670 -1.218185
    48 3.783203 -0.023941 -0.794434 -0.321316 -0.152718 -1.000774
    49 1.628906 -0.000001 -0.000004 -0.018830 0.066667 -1.587963
    50 0.955566 -0.000001 0.000001 -0.000001 0.069718 -1.289218
    51 1.258789 -0.308350 -1.250000 1.322030 0.226765 -0.566100
    52 1.392578 -0.000002 0.000000 0.000000 -0.002024 0.427650
    53 1.099609 0.000000 0.000001 -0.000001 -0.013127 0.125518
    54 0.000000 0.000000 0.000000 0.000000 0.000000 0.000000
    55 0.000000 0.000000 0.000000 0.000000 0.000000 0.000000
    56 0.000000 0.000000 0.000000 0.000000 0.000000 0.000000
    57 0.000000 0.000000 0.000000 0.000000 0.000000 0.000000
    58 0.000000 0.000000 0.000000 0.000000 0.000000 0.000000
    59 0.000000 0.000000 0.000000 0.000000 0.000000 0.000000
    60 0.000000 0.000000 0.000000 0.000000 0.000000 0.000000
    61 0.000000 0.000000 0.000000 0.000000 0.000000 0.000000
    62 0.000000 0.000000 0.000000 0.000000 0.000000 0.000000
    63 0.000000 0.000000 0.000000 0.000000 0.000000 0.000000
    64 0.000000 0.000000 0.000000 0.000000 0.000000 0.000000
    65 0.000000 0.000000 0.000000 0.000000 0.000000 0.000000
    66 0.000000 0.000000 0.000000 0.000000 0.000000 0.000000
    67 0.000000 0.000000 0.000000 0.000000 0.000000 0.000000
    68 0.000000 0.000000 0.000000 0.000000 0.000000 0.000000
    69 0.000000 0.000000 0.000000 0.000000 0.000000 0.000000
  time 7
    0 0.000000 0.000000 0.000000 0.000000 0.000000 -1.570796
    1 0.000000 0.000000 0.000000 0.000000 0.000000 0.000000
    2 3.982422 -0.000004 -0.000003 -1.570794 0.051770 -1.611079
    3 15.937500 0.000000 0.000000 0.000000 0.000000 0.051653
    4 17.703125 0.000000 0.000000 0.017106 -0.070055 -1.175214
    5 6.203125 0.000001 0.000000 -0.011145 0.000933 -0.500513
    6 -3.982422 0.000007 0.000007 -1.570792 0.051771 -1.530509
    7 15.937500 0.000000 0.000000 0.000000 0.000000 0.051653
    8 17.703125 0.000000 0.000000 -0.006397 0.070029 -1.178166
    9 6.203125 0.000000 0.000000 -0.078650 -0.006185 -0.498943
    10 0.000000 0.000000 0.000000 0.000000 0.000000 0.000000
    11 0.000000 0.000000 0.000000 0.000000 0.000000 0.000000
    12 0.000000 0.000000 0.000000 0.000000 0.000000 0.000000
    13 0.000000 0.000000 0.000000 0.000000 0.000000 0.000000
    14 0.000000 0.000000 0.000000 0.000000 0.000000 0.000000
    15 0.000000 0.000000 0.000000 0.000000 0.000000 0.000000
    16 0.000000 0.000000 0.000000 0.000000 0.000000 0.000000
    17 0.000000 0.000000 0.000000 0.002402 -0.022150 -0.009493
    18 0.000000 0.000000 0.000000 0.000000 0.000000 0.010839
    19 11.203125 -0.000001 0.000002 0.557778 0.364985 -0.352218
    20 3.548828 0.198730 -1.489258 -0.472246 0.063925 -0.818719
    21 1.218750 0.000001 0.000003 -0.004612 0.097481 -1.230554
    22 0.679688 0.000000 0.000000 0.011364 0.086977 -1.036816
    23 3.697266 0.267334 -0.728516 -0.164776 0.147479 -0.995499
    24 1.748047 0.000000 0.000001 0.000213 0.027092 -1.054100
    25 0.959961 -0.000001 0.000000 0.002325 0.039401 -1.101803
    26 3.767578 0.152466 0.071350 0.074637 0.103122 -0.865115
    27 2.037109 -0.000001 -0.000002 0.001515 -0.004364 -1.439416
    28 1.066406 0.000000 0.000001 -0.001244 -0.005671 -0.962931
    29 3.783203 -0.017258 0.794434 0.348232 0.068438 -0.758273
    30 1.628906 -0.000001 0.000002 0.018830 -0.066667 -1.332708
    31 0.955566 0.000001 0.000001 -0.000001 -0.069718 -1.033963
    32 1.258789 -0.297852 1.251953 -1.245151 -0.163241 -0.922789
    33 1.392578 0.000000 -0.000002 0.000001 0.002024 0.349108
    34 1.099609 0.000000 -0.000001 0.000001 0.013128 0.596757
    35 0.000000 0.000000 0.000000 0.000000 0.000000 0.000000
    36 0.000000 0.000000 0.000000 -0.012554 0.017204 -0.011689
    37 0.000000 0.000000 0.000000 0.000000 0.000000 -0.032853
    38 11.203125 0.000000 0.000002 -1.049277 -0.434038 -0.008364
    39 3.548828 0.211304 1.487305 0.492427 0.054648 -1.044090
    40 1.218750 0.000000 0.000000 0.004612 -0.097480 -1.485808
    41 0.679688 -0.000002 0.000001 -0.011363 -0.086976 -1.292069
    42 3.697266 0.273682 0.726563 0.167567 -0.105308 -1.247601
    43 1.748047 0.000001 0.000000 -0.000213 -0.027092 -1.309354
    44 0.959961 -0.000001 -0.000001 -0.002324 -0.039401 -1.357058
    45 3.767578 0.151855 -0.072693 -0.059050 -0.120242 -1.121067
    46 2.037109 -0.000001 -0.000002 -0.001514 0.004365 -1.694671
    47 1.066406 0.000002 -0.000003 0.001244 0.005670 -1.218185
    48 3.783203 -0.023941 -0.794434 -0.321316 -0.152718 -1.000774
    49 1.628906 -0.000001 -0.000004 -0.018830 0.066667 -1.587963
    50 0.955566 -0.000001 0.000001 -0.000001 0.069718 -1.289218
    51 1.258789 -0.308350 -1.250000 1.322030 0.226765 -0.566100
    52 1.392578 -0.000002 0.000000 0.000000 -0.002024 0.427650
    53 1.099609 0.000000 0.000001 -0.000001 -0.013127 0.125518
    54 0.000000 0.000000 0.000000 0.000000 0.000000 0.000000
    55 0.000000 0.000000 0.000000 0.000000 0.000000 0.000000
    56 0.000000 0.000000 0.000000 0.000000 0.000000 0.000000
    57 0.000000 0.000000 0.000000 0.000000 0.000000 0.000000
    58 0.000000 0.000000 0.000000 0.000000 0.000000 0.000000
    59 0.000000 0.000000 0.000000 0.000000 0.000000 0.000000
    60 0.000000 0.000000 0.000000 0.000000 0.000000 0.000000
    61 0.000000 0.000000 0.000000 0.000000 0.000000 0.000000
    62 0.000000 0.000000 0.000000 0.000000 0.000000 0.000000
    63 0.000000 0.000000 0.000000 0.000000 0.000000 0.000000
    64 0.000000 0.000000 0.000000 0.000000 0.000000 0.000000
    65 0.000000 0.000000 0.000000 0.000000 0.000000 0.000000
    66 0.000000 0.000000 0.000000 0.000000 0.000000 0.000000
    67 0.000000 0.000000 0.000000 0.000000 0.000000 0.000000
    68 0.000000 0.000000 0.000000 0.000000 0.000000 0.000000
    69 0.000000 0.000000 0.000000 0.000000 0.000000 0.000000
  time 8
    0 0.000000 0.000000 0.000000 0.000000 0.000000 -1.570796
    1 0.000000 0.000000 0.000000 0.000000 0.000000 0.000000
    2 3.982422 -0.000004 -0.000003 -1.570794 0.051770 -1.611079
    3 15.937500 0.000000 0.000000 0.000000 0.000000 0.051653
    4 17.703125 0.000000 0.000000 0.017106 -0.070055 -1.175214
    5 6.203125 0.000001 0.000000 -0.011145 0.000933 -0.500513
    6 -3.982422 0.000007 0.000007 -1.570792 0.051771 -1.530509
    7 15.937500 0.000000 0.000000 0.000000 0.000000 0.051653
    8 17.703125 0.000000 0.000000 -0.006397 0.070029 -1.178166
    9 6.203125 0.000000 0.000000 -0.078650 -0.006185 -0.498943
    10 0.000000 0.000000 0.000000 0.000000 0.000000 0.000000
    11 0.000000 0.000000 0.000000 0.000000 0.000000 0.000000
    12 0.000000 0.000000 0.000000 0.000000 0.000000 0.000000
    13 0.000000 0.000000 0.000000 0.000000 0.000000 0.000000
    14 0.000000 0.000000 0.000000 0.000000 0.000000 0.000000
    15 0.000000 0.000000 0.000000 0.000000 0.000000 0.000000
    16 0.000000 0.000000 0.000000 0.000000 0.000000 0.000000
    17 0.000000 0.000000 0.000000 0.003108 -0.027767 -0.011989
    18 0.000000 0.000000 0.000000 0.000000 0.000000 0.013420
    19 11.203125 -0.000001 0.000002 0.557778 0.364985 -0.352218
    20 3.548828 0.198730 -1.489258 -0.472246 0.063925 -0.818719
    21 1.218750 0.000001 0.000003 -0.004612 0.097481 -1.230554
    22 0.679688 0.000000 0.000000 0.011364 0.086977 -1.036816
    23 3.697266 0.267334 -0.728516 -0.164776 0.147479 -0.995499
    24 1.748047 0.000000 0.000001 0.000213 0.027092 -1.054100
    25 0.959961 -0.000001 0.000000 0.002325 0.039401 -1.101803
    26 3.767578 0.152466 0.071350 0.074637 0.103122 -0.865115
    27 2.037109 -0.000001 -0.000002 0.001515 -0.004364 -1.439416
    28 1.066406 0.000000 0.000001 -0.001244 -0.005671 -0.962931
    29 3.783203 -0.017258 0.794434 0.348232 0.068438 -0.758273
    30 1.628906 -0.000001 0.000002 0.018830 -0.066667 -1.332708
    31 0.955566 0.000001 0.000001 -0.000001 -0.069718 -1.033963
    32 1.258789 -0.297852 1.251953 -1.245151 -0.163241 -0.922789
    33 1.392578 0.000000 -0.000002 0.000001 0.002024 0.349108
    34 1.099609 0.000000 -0.000001 0.000001 0.013128 0.596757
    35 0.000000 0.000000 0.000000 0.000000 0.000000 0.000000
    36 0.000000 0.000000 0.000000 -0.016037 0.022258 -0.015641
    37 0.000000 0.000000 0.000000 0.000000 0.000000 -0.041114
    38 11.203125 0.000000 0.000002 -1.049277 -0.434038 -0.008364
    39 3.548828 0.211304 1.487305 0.492427 0.054648 -1.044090
    40 1.218750 0.000000 0.000000 0.004612 -0.097480 -1.485808
    41 0.679688 -0.000002 0.000001 -0.011363 -0.086976 -1.292069
    42 3.697266 0.273682 0.726563 0.167567 -0.105308 -1.247601
    43 1.748047 0.000001 0.000000 -0.000213 -0.027092 -1.309354
    44 0.959961 -0.000001 -0.000001 -0.002324 -0.039401 -1.357058
    45 3.767578 0.151855 -0.072693 -0.059050 -0.120242 -1.121067
    46 2.037109 -0.000001 -0.000002 -0.001514 0.004365 -1.694671
    47 1.066406 0.000002 -0.000003 0.001244 0.005670 -1.218185
    48 3.783203 -0.023941 -0.794434 -0.321316 -0.152718 -1.000774
    49 1.628906 -0.000001 -0.000004 -0.018830 0.066667 -1.587963
    50 0.955566 -0.000001 0.000001 -0.000001 0.069718 -1.289218
    51 1.258789 -0.308350 -1.250000 1.322030 0.226765 -0.566100
    52 1.392578 -0.000002 0.000000 0.000000 -0.002024 0.427650
    53 1.099609 0.000000 0.000001 -0.000001 -0.013127 0.125518
    54 0.000000 0.000000 0.000000 0.000000 0.000000 0.000000
    55 0.000000 0.000000 0.000000 0.000000 0.000000 0.000000
    56 0.000000 0.000000 0.000000 0.000000 0.000000 0.000000
    57 0.000000 0.000000 0.000000 0.000000 0.000000 0.000000
    58 0.000000 0.000000 0.000000 0.000000 0.000000 0.000000
    59 0.000000 0.000000 0.000000 0.000000 0.000000 0.000000
    60 0.000000 0.000000 0.000000 0.000000 0.000000 0.000000
    61 0.000000 0.000000 0.000000 0.000000 0.000000 0.000000
    62 0.000000 0.000000 0.000000 0.000000 0.000000 0.000000
    63 0.000000 0.000000 0.000000 0.000000 0.000000 0.000000
    64 0.000000 0.000000 0.000000 0.000000 0.000000 0.000000
    65 0.000000 0.000000 0.000000 0.000000 0.000000 0.000000
    66 0.000000 0.000000 0.000000 0.000000 0.000000 0.000000
    67 0.000000 0.000000 0.000000 0.000000 0.000000 0.000000
    68 0.000000 0.000000 0.000000 0.000000 0.000000 0.000000
    69 0.000000 0.000000 0.000000 0.000000 0.000000 0.000000
  time 9
    0 0.000000 0.000000 0.000000 0.000000 0.000000 -1.570796
    1 0.000000 0.000000 0.000000 0.000000 0.000000 0.000000
    2 3.982422 -0.000004 -0.000003 -1.570794 0.051770 -1.611079
    3 15.937500 0.000000 0.000000 0.000000 0.000000 0.051653
    4 17.703125 0.000000 0.000000 0.017106 -0.070055 -1.175214
    5 6.203125 0.000001 0.000000 -0.011145 0.000933 -0.500513
    6 -3.982422 0.000007 0.000007 -1.570792 0.051771 -1.530509
    7 15.937500 0.000000 0.000000 0.000000 0.000000 0.051653
    8 17.703125 0.000000 0.000000 -0.006397 0.070029 -1.178166
    9 6.203125 0.000000 0.000000 -0.078650 -0.006185 -0.498943
    10 0.000000 0.000000 0.000000 0.000000 0.000000 0.000000
    11 0.000000 0.000000 0.000000 0.000000 0.000000 0.000000
    12 0.000000 0.000000 0.000000 0.000000 0.000000 0.000000
    13 0.000000 0.000000 0.000000 0.000000 0.000000 0.000000
    14 0.000000 0.000000 0.000000 0.000000 0.000000 0.000000
    15 0.000000 0.000000 0.000000 0.000000 0.000000 0.000000
    16 0.000000 0.000000 0.000000 0.000000 0.000000 0.000000
    17 0.000000 0.000000 0.000000 0.003885 -0.033669 -0.014675
    18 0.000000 0.000000 0.000000 0.000000 0.000000 0.016074
    19 11.203125 -0.000001 0.000002 0.557778 0.364985 -0.352218
    20 3.548828 0.198730 -1.489258 -0.472246 0.063925 -0.818719
    21 1.218750 0.000001 0.000003 -0.004612 0.097481 -1.230554
    22 0.679688 0.000000 0.000000 0.011364 0.086977 -1.036816
    23 3.697266 0.267334 -0.728516 -0.164776 0.147479 -0.995499
    24 1.748047 0.000000 0.000001 0.000213 0.027092 -1.054100
    25 0.959961 -0.000001 0.000000 0.002325 0.039401 -1.101803
    26 3.767578 0.152466 0.071350 0.074637 0.103122 -0.865115
    27 2.037109 -0.000001 -0.000002 0.001515 -0.004364 -1.439416
    28 1.066406 0.000000 0.000001 -0.001244 -0.005671 -0.962931
    29 3.783203 -0.017258 0.794434 0.348232 0.068438 -0.758273
    30 1.628906 -0.000001 0.000002 0.018830 -0.066667 -1.332708
    31 0.955566 0.000001 0.000001 -0.000001 -0.069718 -1.033963
    32 1.258789 -0.297852 1.251953 -1.245151 -0.163241 -0.922789
    33 1.392578 0.000000 -0.000002 0.000001 0.002024 0.349108
    34 1.099609 0.000000 -0.000001 0.000001 0.013128 0.596757
    35 0.000000 0.000000 0.000000 0.000000 0.000000 0.000000
    36 0.000000 0.000000 0.000000 -0.019883 0.027831 -0.020258
    37 0.000000 0.000000 0.000000 0.000000 0.000000 -0.049502
    38 11.203125 0.000000 0.000002 -1.049277 -0.434038 -0.008364
    39 3.548828 0.211304 1.487305 0.492427 0.054648 -1.044090
    40 1.218750 0.000000 0.000000 0.004612 -0.097480 -1.485808
    41 0.679688 -0.000002 0.000001 -0.011363 -0.086976 -1.292069
    42 3.697266 0.273682 0.726563 0.167567 -0.105308 -1.247601
    43 1.748047 0.000001 0.000000 -0.000213 -0.027092 -1.309354
    44 0.959961 -0.000001 -0.000001 -0.002324 -0.039401 -1.357058
    45 3.767578 0.151855 -0.072693 -0.059050 -0.120242 -1.121067
    46 2.037109 -0.000001 -0.000002 -0.001514 0.004365 -1.694671
    47 1.066406 0.000002 -0.000003 0.001244 0.005670 -1.218185
    48 3.783203 -0.023941 -0.794434 -0.321316 -0.152718 -1.000774
    49 1.628906 -0.000001 -0.000004 -0.018830 0.066667 -1.587963
    50 0.955566 -0.000001 0.000001 -0.000001 0.069718 -1.289218
    51 1.258789 -0.308350 -1.250000 1.322030 0.226765 -0.566100
    52 1.392578 -0.000002 0.000000 0.000000 -0.002024 0.427650
    53 1.099609 0.000000 0.000001 -0.000001 -0.013127 0.125518
    54 0.000000 0.000000 0.000000 0.000000 0.000000 0.000000
    55 0.000000 0.000000 0.000000 0.000000 0.000000 0.000000
    56 0.000000 0.000000 0.000000 0.000000 0.000000 0.000000
    57 0.000000 0.000000 0.000000 0.000000 0.000000 0.000000
    58 0.000000 0.000000 0.000000 0.000000 0.000000 0.000000
    59 0.000000 0.000000 0.000000 0.000000 0.000000 0.000000
    60 0.000000 0.000000 0.000000 0.000000 0.000000 0.000000
    61 0.000000 0.000000 0.000000 0.000000 0.000000 0.000000
    62 0.000000 0.000000 0.000000 0.000000 0.000000 0.000000
    63 0.000000 0.000000 0.000000 0.000000 0.000000 0.000000
    64 0.000000 0.000000 0.000000 0.000000 0.000000 0.000000
    65 0.000000 0.000000 0.000000 0.000000 0.000000 0.000000
    66 0.000000 0.000000 0.000000 0.000000 0.000000 0.000000
    67 0.000000 0.000000 0.000000 0.000000 0.000000 0.000000
    68 0.000000 0.000000 0.000000 0.000000 0.000000 0.000000
    69 0.000000 0.000000 0.000000 0.000000 0.000000 0.000000
  time 10
    0 0.000000 0.000000 0.000000 0.000000 0.000000 -1.570796
    1 0.000000 0.000000 0.000000 0.000000 0.000000 0.000000
    2 3.982422 -0.000004 -0.000003 -1.570794 0.051770 -1.611079
    3 15.937500 0.000000 0.000000 0.000000 0.000000 0.051653
    4 17.703125 0.000000 0.000000 0.017106 -0.070055 -1.175214
    5 6.203125 0.000001 0.000000 -0.011145 0.000933 -0.500513
    6 -3.982422 0.000007 0.000007 -1.570792 0.051771 -1.530509
    7 15.937500 0.000000 0.000000 0.000000 0.000000 0.051653
    8 17.703125 0.000000 0.000000 -0.006397 0.070029 -1.178166
    9 6.203125 0.000000 0.000000 -0.078650 -0.006185 -0.498943
    10 0.000000 0.000000 0.000000 0.000000 0.000000 0.000000
    11 0.000000 0.000000 0.000000 0.000000 0.000000 0.000000
    12 0.000000 0.000000 0.000000 0.000000 0.000000 0.000000
    13 0.000000 0.000000 0.000000 0.000000 0.000000 0.000000
    14 0.000000 0.000000 0.000000 0.000000 0.000000 0.000000
    15 0.000000 0.000000 0.000000 0.000000 0.000000 0.000000
    16 0.000000 0.000000 0.000000 0.000000 0.000000 0.000000
    17 0.000000 0.000000 0.000000 0.004733 -0.039744 -0.017436
    18 0.000000 0.000000 0.000000 0.000000 0.000000 0.018655
    19 11.203125 -0.000001 0.000002 0.557778 0.364985 -0.352218
    20 3.548828 0.198730 -1.489258 -0.472246 0.063925 -0.818719
    21 1.218750 0.000001 0.000003 -0.004612 0.097481 -1.230554
    22 0.679688 0.000000 0.000000 0.011364 0.086977 -1.036816
    23 3.697266 0.267334 -0.728516 -0.164776 0.147479 -0.995499
    24 1.748047 0.000000 0.000001 0.000213 0.027092 -1.054100
    25 0.959961 -0.000001 0.000000 0.002325 0.039401 -1.101803
    26 3.767578 0.152466 0.071350 0.074637 0.103122 -0.865115
    27 2.037109 -0.000001 -0.000002 0.001515 -0.004364 -1.439416
    28 1.066406 0.000000 0.000001 -0.001244 -0.005671 -0.962931
    29 3.783203 -0.017258 0.794434 0.348232 0.068438 -0.758273
    30 1.628906 -0.000001 0.000002 0.018830 -0.066667 -1.332708
    31 0.955566 0.000001 0.000001 -0.000001 -0.069718 -1.033963
    32 1.258789 -0.297852 1.251953 -1.245151 -0.163241 -0.922789
    33 1.392578 0.000000 -0.000002 0.000001 0.002024 0.349108
    34 1.099609 0.000000 -0.000001 0.000001 0.013128 0.596757
    35 0.000000 0.000000 0.000000 0.000000 0.000000 0.000000
    36 0.000000 0.000000 0.000000 -0.024019 0.033854 -0.025582
    37 0.000000 0.000000 0.000000 0.000000 0.000000 -0.057762
    38 11.203125 0.000000 0.000002 -1.049277 -0.434038 -0.008364
    39 3.548828 0.211304 1.487305 0.492427 0.054648 -1.044090
    40 1.218750 0.000000 0.000000 0.004612 -0.097480 -1.485808
    41 0.679688 -0.000002 0.000001 -0.011363 -0.086976 -1.292069
    42 3.697266 0.273682 0.726563 0.167567 -0.105308 -1.247601
    43 1.748047 0.000001 0.000000 -0.000213 -0.027092 -1.309354
    44 0.959961 -0.000001 -0.000001 -0.002324 -0.039401 -1.357058
    45 3.767578 0.151855 -0.072693 -0.059050 -0.120242 -1.121067
    46 2.037109 -0.000001 -0.000002 -0.001514 0.004365 -1.694671
    47 1.066406 0.000002 -0.000003 0.001244 0.005670 -1.218185
    48 3.783203 -0.023941 -0.794434 -0.321316 -0.152718 -1.000774
    49 1.628906 -0.000001 -0.000004 -0.018830 0.066667 -1.587963
    50 0.955566 -0.000001 0.000001 -0.000001 0.069718 -1.289218
    51 1.258789 -0.308350 -1.250000 1.322030 0.226765 -0.566100
    52 1.392578 -0.000002 0.000000 0.000000 -0.002024 0.427650
    53 1.099609 0.000000 0.000001 -0.000001 -0.013127 0.125518
    54 0.000000 0.000000 0.000000 0.000000 0.000000 0.000000
    55 0.000000 0.000000 0.000000 0.000000 0.000000 0.000000
    56 0.000000 0.000000 0.000000 0.000000 0.000000 0.000000
    57 0.000000 0.000000 0.000000 0.000000 0.000000 0.000000
    58 0.000000 0.000000 0.000000 0.000000 0.000000 0.000000
    59 0.000000 0.000000 0.000000 0.000000 0.000000 0.000000
    60 0.000000 0.000000 0.000000 0.000000 0.000000 0.000000
    61 0.000000 0.000000 0.000000 0.000000 0.000000 0.000000
    62 0.000000 0.000000 0.000000 0.000000 0.000000 0.000000
    63 0.000000 0.000000 0.000000 0.000000 0.000000 0.000000
    64 0.000000 0.000000 0.000000 0.000000 0.000000 0.000000
    65 0.000000 0.000000 0.000000 0.000000 0.000000 0.000000
    66 0.000000 0.000000 0.000000 0.000000 0.000000 0.000000
    67 0.000000 0.000000 0.000000 0.000000 0.000000 0.000000
    68 0.000000 0.000000 0.000000 0.000000 0.000000 0.000000
    69 0.000000 0.000000 0.000000 0.000000 0.000000 0.000000
  time 11
    0 0.000000 0.000000 0.000000 0.000000 0.000000 -1.570796
    1 0.000000 0.000000 0.000000 0.000000 0.000000 0.000000
    2 3.982422 -0.000004 -0.000003 -1.570794 0.051770 -1.611079
    3 15.937500 0.000000 0.000000 0.000000 0.000000 0.051653
    4 17.703125 0.000000 0.000000 0.017106 -0.070055 -1.175214
    5 6.203125 0.000001 0.000000 -0.011145 0.000933 -0.500513
    6 -3.982422 0.000007 0.000007 -1.570792 0.051771 -1.530509
    7 15.937500 0.000000 0.000000 0.000000 0.000000 0.051653
    8 17.703125 0.000000 0.000000 -0.006397 0.070029 -1.178166
    9 6.203125 0.000000 0.000000 -0.078650 -0.006185 -0.498943
    10 0.000000 0.000000 0.000000 0.000000 0.000000 0.000000
    11 0.000000 0.000000 0.000000 0.000000 0.000000 0.000000
    12 0.000000 0.000000 0.000000 0.000000 0.000000 0.000000
    13 0.000000 0.000000 0.000000 0.000000 0.000000 0.000000
    14 0.000000 0.000000 0.000000 0.000000 0.000000 0.000000
    15 0.000000 0.000000 0.000000 0.000000 0.000000 0.000000
    16 0.000000 0.000000 0.000000 0.000000 0.000000 0.000000
    17 0.000000 0.000000 0.000000 0.005580 -0.045934 -0.020348
    18 0.000000 0.000000 0.000000 0.000000 0.000000 0.021089
    19 11.203125 -0.000001 0.000002 0.557778 0.364985 -0.352218
    20 3.548828 0.198730 -1.489258 -0.472246 0.063925 -0.818719
    21 1.218750 0.000001 0.000003 -0.004612 0.097481 -1.230554
    22 0.679688 0.000000 0.000000 0.011364 0.086977 -1.036816
    23 3.697266 0.267334 -0.728516 -0.164776 0.147479 -0.995499
    24 1.748047 0.000000 0.000001 0.000213 0.027092 -1.054100
    25 0.959961 -0.000001 0.000000 0.002325 0.039401 -1.101803
    26 3.767578 0.152466 0.071350 0.074637 0.103122 -0.865115
    27 2.037109 -0.000001 -0.000002 0.001515 -0.004364 -1.439416
    28 1.066406 0.000000 0.000001 -0.001244 -0.005671 -0.962931
    29 3.783203 -0.017258 0.794434 0.348232 0.068438 -0.758273
    30 1.628906 -0.000001 0.000002 0.018830 -0.066667 -1.332708
    31 0.955566 0.000001 0.000001 -0.000001 -0.069718 -1.033963
    32 1.258789 -0.297852 1.251953 -1.245151 -0.163241 -0.922789
    33 1.392578 0.000000 -0.000002 0.000001 0.002024 0.349108
    34 1.099609 0.000000 -0.000001 0.000001 0.013128 0.596757
    35 0.000000 0.000000 0.000000 0.000000 0.000000 0.000000
    36 0.000000 0.000000 0.000000 -0.028518 0.040258 -0.031572
    37 0.000000 0.000000 0.000000 0.000000 0.000000 -0.065642
    38 11.203125 0.000000 0.000002 -1.049277 -0.434038 -0.008364
    39 3.548828 0.211304 1.487305 0.492427 0.054648 -1.044090
    40 1.218750 0.000000 0.000000 0.004612 -0.097480 -1.485808
    41 0.679688 -0.000002 0.000001 -0.011363 -0.086976 -1.292069
    42 3.697266 0.273682 0.726563 0.167567 -0.105308 -1.247601
    43 1.748047 0.000001 0.000000 -0.000213 -0.027092 -1.309354
    44 0.959961 -0.000001 -0.000001 -0.002324 -0.039401 -1.357058
    45 3.767578 0.151855 -0.072693 -0.059050 -0.120242 -1.121067
    46 2.037109 -0.000001 -0.000002 -0.001514 0.004365 -1.694671
    47 1.066406 0.000002 -0.000003 0.001244 0.005670 -1.218185
    48 3.783203 -0.023941 -0.794434 -0.321316 -0.152718 -1.000774
    49 1.628906 -0.000001 -0.000004 -0.018830 0.066667 -1.587963
    50 0.955566 -0.000001 0.000001 -0.000001 0.069718 -1.289218
    51 1.258789 -0.308350 -1.250000 1.322030 0.226765 -0.566100
    52 1.392578 -0.000002 0.000000 0.000000 -0.002024 0.427650
    53 1.099609 0.000000 0.000001 -0.000001 -0.013127 0.125518
    54 0.000000 0.000000 0.000000 0.000000 0.000000 0.000000
    55 0.000000 0.000000 0.000000 0.000000 0.000000 0.000000
    56 0.000000 0.000000 0.000000 0.000000 0.000000 0.000000
    57 0.000000 0.000000 0.000000 0.000000 0.000000 0.000000
    58 0.000000 0.000000 0.000000 0.000000 0.000000 0.000000
    59 0.000000 0.000000 0.000000 0.000000 0.000000 0.000000
    60 0.000000 0.000000 0.000000 0.000000 0.000000 0.000000
    61 0.000000 0.000000 0.000000 0.000000 0.000000 0.000000
    62 0.000000 0.000000 0.000000 0.000000 0.000000 0.000000
    63 0.000000 0.000000 0.000000 0.000000 0.000000 0.000000
    64 0.000000 0.000000 0.000000 0.000000 0.000000 0.000000
    65 0.000000 0.000000 0.000000 0.000000 0.000000 0.000000
    66 0.000000 0.000000 0.000000 0.000000 0.000000 0.000000
    67 0.000000 0.000000 0.000000 0.000000 0.000000 0.000000
    68 0.000000 0.000000 0.000000 0.000000 0.000000 0.000000
    69 0.000000 0.000000 0.000000 0.000000 0.000000 0.000000
  time 12
    0 0.000000 0.000000 0.000000 0.000000 0.000000 -1.570796
    1 0.000000 0.000000 0.000000 0.000000 0.000000 0.000000
    2 3.982422 -0.000004 -0.000003 -1.570794 0.051770 -1.611079
    3 15.937500 0.000000 0.000000 0.000000 0.000000 0.051653
    4 17.703125 0.000000 0.000000 0.017106 -0.070055 -1.175214
    5 6.203125 0.000001 0.000000 -0.011145 0.000933 -0.500513
    6 -3.982422 0.000007 0.000007 -1.570792 0.051771 -1.530509
    7 15.937500 0.000000 0.000000 0.000000 0.000000 0.051653
    8 17.703125 0.000000 0.000000 -0.006397 0.070029 -1.178166
    9 6.203125 0.000000 0.000000 -0.078650 -0.006185 -0.498943
    10 0.000000 0.000000 0.000000 0.000000 0.000000 0.000000
    11 0.000000 0.000000 0.000000 0.000000 0.000000 0.000000
    12 0.000000 0.000000 0.000000 0.000000 0.000000 0.000000
    13 0.000000 0.000000 0.000000 0.000000 0.000000 0.000000
    14 0.000000 0.000000 0.000000 0.000000 0.000000 0.000000
    15 0.000000 0.000000 0.000000 0.000000 0.000000 0.000000
    16 0.000000 0.000000 0.000000 0.000000 0.000000 0.000000
    17 0.000000 0.000000 0.000000 0.006569 -0.052095 -0.023260
    18 0.000000 0.000000 0.000000 0.000000 0.000000 0.023374
    19 11.203125 -0.000001 0.000002 0.557778 0.364985 -0.352218
    20 3.548828 0.198730 -1.489258 -0.472246 0.063925 -0.818719
    21 1.218750 0.000001 0.000003 -0.004612 0.097481 -1.230554
    22 0.679688 0.000000 0.000000 0.011364 0.086977 -1.036816
    23 3.697266 0.267334 -0.728516 -0.164776 0.147479 -0.995499
    24 1.748047 0.000000 0.000001 0.000213 0.027092 -1.054100
    25 0.959961 -0.000001 0.000000 0.002325 0.039401 -1.101803
    26 3.767578 0.152466 0.071350 0.074637 0.103122 -0.865115
    27 2.037109 -0.000001 -0.000002 0.001515 -0.004364 -1.439416
    28 1.066406 0.000000 0.000001 -0.001244 -0.005671 -0.962931
    29 3.783203 -0.017258 0.794434 0.348232 0.068438 -0.758273
    30 1.628906 -0.000001 0.000002 0.018830 -0.066667 -1.332708
    31 0.955566 0.000001 0.000001 -0.000001 -0.069718 -1.033963
    32 1.258789 -0.297852 1.251953 -1.245151 -0.163241 -0.922789
    33 1.392578 0.000000 -0.000002 0.000001 0.002024 0.349108
    34 1.099609 0.000000 -0.000001 0.000001 0.013128 0.596757
    35 0.000000 0.000000 0.000000 0.000000 0.000000 0.000000
    36 0.000000 0.000000 0.000000 -0.033308 0.047008 -0.038269
    37 0.000000 0.000000 0.000000 0.000000 0.000000 -0.072886
    38 11.203125 0.000000 0.000002 -1.049277 -0.434038 -0.008364
    39 3.548828 0.211304 1.487305 0.492427 0.054648 -1.044090
    40 1.218750 0.000000 0.000000 0.004612 -0.097480 -1.485808
    41 0.679688 -0.000002 0.000001 -0.011363 -0.086976 -1.292069
    42 3.697266 0.273682 0.726563 0.167567 -0.105308 -1.247601
    43 1.748047 0.000001 0.000000 -0.000213 -0.027092 -1.309354
    44 0.959961 -0.000001 -0.000001 -0.002324 -0.039401 -1.357058
    45 3.767578 0.151855 -0.072693 -0.059050 -0.120242 -1.121067
    46 2.037109 -0.000001 -0.000002 -0.001514 0.004365 -1.694671
    47 1.066406 0.000002 -0.000003 0.001244 0.005670 -1.218185
    48 3.783203 -0.023941 -0.794434 -0.321316 -0.152718 -1.000774
    49 1.628906 -0.000001 -0.000004 -0.018830 0.066667 -1.587963
    50 0.955566 -0.000001 0.000001 -0.000001 0.069718 -1.289218
    51 1.258789 -0.308350 -1.250000 1.322030 0.226765 -0.566100
    52 1.392578 -0.000002 0.000000 0.000000 -0.002024 0.427650
    53 1.099609 0.000000 0.000001 -0.000001 -0.013127 0.125518
    54 0.000000 0.000000 0.000000 0.000000 0.000000 0.000000
    55 0.000000 0.000000 0.000000 0.000000 0.000000 0.000000
    56 0.000000 0.000000 0.000000 0.000000 0.000000 0.000000
    57 0.000000 0.000000 0.000000 0.000000 0.000000 0.000000
    58 0.000000 0.000000 0.000000 0.000000 0.000000 0.000000
    59 0.000000 0.000000 0.000000 0.000000 0.000000 0.000000
    60 0.000000 0.000000 0.000000 0.000000 0.000000 0.000000
    61 0.000000 0.000000 0.000000 0.000000 0.000000 0.000000
    62 0.000000 0.000000 0.000000 0.000000 0.000000 0.000000
    63 0.000000 0.000000 0.000000 0.000000 0.000000 0.000000
    64 0.000000 0.000000 0.000000 0.000000 0.000000 0.000000
    65 0.000000 0.000000 0.000000 0.000000 0.000000 0.000000
    66 0.000000 0.000000 0.000000 0.000000 0.000000 0.000000
    67 0.000000 0.000000 0.000000 0.000000 0.000000 0.000000
    68 0.000000 0.000000 0.000000 0.000000 0.000000 0.000000
    69 0.000000 0.000000 0.000000 0.000000 0.000000 0.000000
  time 13
    0 0.000000 0.000000 0.000000 0.000000 0.000000 -1.570796
    1 0.000000 0.000000 0.000000 0.000000 0.000000 0.000000
    2 3.982422 -0.000004 -0.000003 -1.570794 0.051770 -1.611079
    3 15.937500 0.000000 0.000000 0.000000 0.000000 0.051653
    4 17.703125 0.000000 0.000000 0.017106 -0.070055 -1.175214
    5 6.203125 0.000001 0.000000 -0.011145 0.000933 -0.500513
    6 -3.982422 0.000007 0.000007 -1.570792 0.051771 -1.530509
    7 15.937500 0.000000 0.000000 0.000000 0.000000 0.051653
    8 17.703125 0.000000 0.000000 -0.006397 0.070029 -1.178166
    9 6.203125 0.000000 0.000000 -0.078650 -0.006185 -0.498943
    10 0.000000 0.000000 0.000000 0.000000 0.000000 0.000000
    11 0.000000 0.000000 0.000000 0.000000 0.000000 0.000000
    12 0.000000 0.000000 0.000000 0.000000 0.000000 0.000000
    13 0.000000 0.000000 0.000000 0.000000 0.000000 0.000000
    14 0.000000 0.000000 0.000000 0.000000 0.000000 0.000000
    15 0.000000 0.000000 0.000000 0.000000 0.000000 0.000000
    16 0.000000 0.000000 0.000000 0.000000 0.000000 0.000000
    17 0.000000 0.000000 0.000000 0.007488 -0.058169 -0.026248
    18 0.000000 0.000000 0.000000 0.000000 0.000000 0.025439
    19 11.203125 -0.000001 0.000002 0.557778 0.364985 -0.352218
    20 3.548828 0.198730 -1.489258 -0.472246 0.063925 -0.818719
    21 1.218750 0.000001 0.000003 -0.004612 0.097481 -1.230554
    22 0.679688 0.000000 0.000000 0.011364 0.086977 -1.036816
    23 3.697266 0.267334 -0.728516 -0.164776 0.147479 -0.995499
    24 1.748047 0.000000 0.000001 0.000213 0.027092 -1.054100
    25 0.959961 -0.000001 0.000000 0.002325 0.039401 -1.101803
    26 3.767578 0.152466 0.071350 0.074637 0.103122 -0.865115
    27 2.037109 -0.000001 -0.000002 0.001515 -0.004364 -1.439416
    28 1.066406 0.000000 0.000001 -0.001244 -0.005671 -0.962931
    29 3.783203 -0.017258 0.794434 0.348232 0.068438 -0.758273
    30 1.628906 -0.000001 0.000002 0.018830 -0.066667 -1.332708
    31 0.955566 0.000001 0.000001 -0.000001 -0.069718 -1.033963
    32 1.258789 -0.297852 1.251953 -1.245151 -0.163241 -0.922789
    33 1.392578 0.000000 -0.000002 0.000001 0.002024 0.349108
    34 1.099609 0.000000 -0.000001 0.000001 0.013128 0.596757
    35 0.000000 0.000000 0.000000 0.000000 0.000000 0.000000
    36 0.000000 0.000000 0.000000 -0.038387 0.053931 -0.045632
    37 0.000000 0.000000 0.000000 0.000000 0.000000 -0.079304
    38 11.203125 0.000000 0.000002 -1.049277 -0.434038 -0.008364
    39 3.548828 0.211304 1.487305 0.492427 0.054648 -1.044090
    40 1.218750 0.000000 0.000000 0.004612 -0.097480 -1.485808
    41 0.679688 -0.000002 0.000001 -0.011363 -0.086976 -1.292069
    42 3.697266 0.273682 0.726563 0.167567 -0.105308 -1.247601
    43 1.748047 0.000001 0.000000 -0.000213 -0.027092 -1.309354
    44 0.959961 -0.000001 -0.000001 -0.002324 -0.039401 -1.357058
    45 3.767578 0.151855 -0.072693 -0.059050 -0.120242 -1.121067
    46 2.037109 -0.000001 -0.000002 -0.001514 0.004365 -1.694671
    47 1.066406 0.000002 -0.000003 0.001244 0.005670 -1.218185
    48 3.783203 -0.023941 -0.794434 -0.321316 -0.152718 -1.000774
    49 1.628906 -0.000001 -0.000004 -0.018830 0.066667 -1.587963
    50 0.955566 -0.000001 0.000001 -0.000001 0.069718 -1.289218
    51 1.258789 -0.308350 -1.250000 1.322030 0.226765 -0.566100
    52 1.392578 -0.000002 0.000000 0.000000 -0.002024 0.427650
    53 1.099609 0.000000 0.000001 -0.000001 -0.013127 0.125518
    54 0.000000 0.000000 0.000000 0.000000 0.000000 0.000000
    55 0.000000 0.000000 0.000000 0.000000 0.000000 0.000000
    56 0.000000 0.000000 0.000000 0.000000 0.000000 0.000000
    57 0.000000 0.000000 0.000000 0.000000 0.000000 0.000000
    58 0.000000 0.000000 0.000000 0.000000 0.000000 0.000000
    59 0.000000 0.000000 0.000000 0.000000 0.000000 0.000000
    60 0.000000 0.000000 0.000000 0.000000 0.000000 0.000000
    61 0.000000 0.000000 0.000000 0.000000 0.000000 0.000000
    62 0.000000 0.000000 0.000000 0.000000 0.000000 0.000000
    63 0.000000 0.000000 0.000000 0.000000 0.000000 0.000000
    64 0.000000 0.000000 0.000000 0.000000 0.000000 0.000000
    65 0.000000 0.000000 0.000000 0.000000 0.000000 0.000000
    66 0.000000 0.000000 0.000000 0.000000 0.000000 0.000000
    67 0.000000 0.000000 0.000000 0.000000 0.000000 0.000000
    68 0.000000 0.000000 0.000000 0.000000 0.000000 0.000000
    69 0.000000 0.000000 0.000000 0.000000 0.000000 0.000000
  time 14
    0 0.000000 0.000000 0.000000 0.000000 0.000000 -1.570796
    1 0.000000 0.000000 0.000000 0.000000 0.000000 0.000000
    2 3.982422 -0.000004 -0.000003 -1.570794 0.051770 -1.611079
    3 15.937500 0.000000 0.000000 0.000000 0.000000 0.051653
    4 17.703125 0.000000 0.000000 0.017106 -0.070055 -1.175214
    5 6.203125 0.000001 0.000000 -0.011145 0.000933 -0.500513
    6 -3.982422 0.000007 0.000007 -1.570792 0.051771 -1.530509
    7 15.937500 0.000000 0.000000 0.000000 0.000000 0.051653
    8 17.703125 0.000000 0.000000 -0.006397 0.070029 -1.178166
    9 6.203125 0.000000 0.000000 -0.078650 -0.006185 -0.498943
    10 0.000000 0.000000 0.000000 0.000000 0.000000 0.000000
    11 0.000000 0.000000 0.000000 0.000000 0.000000 0.000000
    12 0.000000 0.000000 0.000000 0.000000 0.000000 0.000000
    13 0.000000 0.000000 0.000000 0.000000 0.000000 0.000000
    14 0.000000 0.000000 0.000000 0.000000 0.000000 0.000000
    15 0.000000 0.000000 0.000000 0.000000 0.000000 0.000000
    16 0.000000 0.000000 0.000000 0.000000 0.000000 0.000000
    17 0.000000 0.000000 0.000000 0.008477 -0.064015 -0.029198
    18 0.000000 0.000000 0.000000 0.000000 0.000000 0.027061
    19 11.203125 -0.000001 0.000002 0.557778 0.364985 -0.352218
    20 3.548828 0.198730 -1.489258 -0.472246 0.063925 -0.818719
    21 1.218750 0.000001 0.000003 -0.004612 0.097481 -1.230554
    22 0.679688 0.000000 0.000000 0.011364 0.086977 -1.036816
    23 3.697266 0.267334 -0.728516 -0.164776 0.147479 -0.995499
    24 1.748047 0.000000 0.000001 0.000213 0.027092 -1.054100
    25 0.959961 -0.000001 0.000000 0.002325 0.039401 -1.101803
    26 3.767578 0.152466 0.071350 0.074637 0.103122 -0.865115
    27 2.037109 -0.000001 -0.000002 0.001515 -0.004364 -1.439416
    28 1.066406 0.000000 0.000001 -0.001244 -0.005671 -0.962931
    29 3.783203 -0.017258 0.794434 0.348232 0.068438 -0.758273
    30 1.628906 -0.000001 0.000002 0.018830 -0.066667 -1.332708
    31 0.955566 0.000001 0.000001 -0.000001 -0.069718 -1.033963
    32 1.258789 -0.297852 1.251953 -1.245151 -0.163241 -0.922789
    33 1.392578 0.000000 -0.000002 0.000001 0.002024 0.349108
    34 1.099609 0.000000 -0.000001 0.000001 0.013128 0.596757
    35 0.000000 0.000000 0.000000 0.000000 0.000000 0.000000
    36 0.000000 0.000000 0.000000 -0.043757 0.061027 -0.053619
    37 0.000000 0.000000 0.000000 0.000000 0.000000 -0.084706
    38 11.203125 0.000000 0.000002 -1.049277 -0.434038 -0.008364
    39 3.548828 0.211304 1.487305 0.492427 0.054648 -1.044090
    40 1.218750 0.000000 0.000000 0.004612 -0.097480 -1.485808
    41 0.679688 -0.000002 0.000001 -0.011363 -0.086976 -1.292069
    42 3.697266 0.273682 0.726563 0.167567 -0.105308 -1.247601
    43 1.748047 0.000001 0.000000 -0.000213 -0.027092 -1.309354
    44 0.959961 -0.000001 -0.000001 -0.002324 -0.039401 -1.357058
    45 3.767578 0.151855 -0.072693 -0.059050 -0.120242 -1.121067
    46 2.037109 -0.000001 -0.000002 -0.001514 0.004365 -1.694671
    47 1.066406 0.000002 -0.000003 0.001244 0.005670 -1.218185
    48 3.783203 -0.023941 -0.794434 -0.321316 -0.152718 -1.000774
    49 1.628906 -0.000001 -0.000004 -0.018830 0.066667 -1.587963
    50 0.955566 -0.000001 0.000001 -0.000001 0.069718 -1.289218
    51 1.258789 -0.308350 -1.250000 1.322030 0.226765 -0.566100
    52 1.392578 -0.000002 0.000000 0.000000 -0.002024 0.427650
    53 1.099609 0.000000 0.000001 -0.000001 -0.013127 0.125518
    54 0.000000 0.000000 0.000000 0.000000 0.000000 0.000000
    55 0.000000 0.000000 0.000000 0.000000 0.000000 0.000000
    56 0.000000 0.000000 0.000000 0.000000 0.000000 0.000000
    57 0.000000 0.000000 0.000000 0.000000 0.000000 0.000000
    58 0.000000 0.000000 0.000000 0.000000 0.000000 0.000000
    59 0.000000 0.000000 0.000000 0.000000 0.000000 0.000000
    60 0.000000 0.000000 0.000000 0.000000 0.000000 0.000000
    61 0.000000 0.000000 0.000000 0.000000 0.000000 0.000000
    62 0.000000 0.000000 0.000000 0.000000 0.000000 0.000000
    63 0.000000 0.000000 0.000000 0.000000 0.000000 0.000000
    64 0.000000 0.000000 0.000000 0.000000 0.000000 0.000000
    65 0.000000 0.000000 0.000000 0.000000 0.000000 0.000000
    66 0.000000 0.000000 0.000000 0.000000 0.000000 0.000000
    67 0.000000 0.000000 0.000000 0.000000 0.000000 0.000000
    68 0.000000 0.000000 0.000000 0.000000 0.000000 0.000000
    69 0.000000 0.000000 0.000000 0.000000 0.000000 0.000000
  time 15
    0 0.000000 0.000000 0.000000 0.000000 0.000000 -1.570796
    1 0.000000 0.000000 0.000000 0.000000 0.000000 0.000000
    2 3.982422 -0.000004 -0.000003 -1.570794 0.051770 -1.611079
    3 15.937500 0.000000 0.000000 0.000000 0.000000 0.051653
    4 17.703125 0.000000 0.000000 0.017106 -0.070055 -1.175214
    5 6.203125 0.000001 0.000000 -0.011145 0.000933 -0.500513
    6 -3.982422 0.000007 0.000007 -1.570792 0.051771 -1.530509
    7 15.937500 0.000000 0.000000 0.000000 0.000000 0.051653
    8 17.703125 0.000000 0.000000 -0.006397 0.070029 -1.178166
    9 6.203125 0.000000 0.000000 -0.078650 -0.006185 -0.498943
    10 0.000000 0.000000 0.000000 0.000000 0.000000 0.000000
    11 0.000000 0.000000 0.000000 0.000000 0.000000 0.000000
    12 0.000000 0.000000 0.000000 0.000000 0.000000 0.000000
    13 0.000000 0.000000 0.000000 0.000000 0.000000 0.000000
    14 0.000000 0.000000 0.000000 0.000000 0.000000 0.000000
    15 0.000000 0.000000 0.000000 0.000000 0.000000 0.000000
    16 0.000000 0.000000 0.000000 0.000000 0.000000 0.000000
    17 0.000000 0.000000 0.000000 0.009466 -0.069603 -0.032110
    18 0.000000 0.000000 0.000000 0.000000 0.000000 0.028388
    19 11.203125 -0.000001 0.000002 0.557778 0.364985 -0.352218
    20 3.548828 0.198730 -1.489258 -0.472246 0.063925 -0.818719
    21 1.218750 0.000001 0.000003 -0.004612 0.097481 -1.230554
    22 0.679688 0.000000 0.000000 0.011364 0.086977 -1.036816
    23 3.697266 0.267334 -0.728516 -0.164776 0.147479 -0.995499
    24 1.748047 0.000000 0.000001 0.000213 0.027092 -1.054100
    25 0.959961 -0.000001 0.000000 0.002325 0.039401 -1.101803
    26 3.767578 0.152466 0.071350 0.074637 0.103122 -0.865115
    27 2.037109 -0.000001 -0.000002 0.001515 -0.004364 -1.439416
    28 1.066406 0.000000 0.000001 -0.001244 -0.005671 -0.962931
    29 3.783203 -0.017258 0.794434 0.348232 0.068438 -0.758273
    30 1.628906 -0.000001 0.000002 0.018830 -0.066667 -1.332708
    31 0.955566 0.000001 0.000001 -0.000001 -0.069718 -1.033963
    32 1.258789 -0.297852 1.251953 -1.245151 -0.163241 -0.922789
    33 1.392578 0.000000 -0.000002 0.000001 0.002024 0.349108
    34 1.099609 0.000000 -0.000001 0.000001 0.013128 0.596757
    35 0.000000 0.000000 0.000000 0.000000 0.000000 0.000000
    36 0.000000 0.000000 0.000000 -0.049345 0.068123 -0.062188
    37 0.000000 0.000000 0.000000 0.000000 0.000000 -0.088963
    38 11.203125 0.000000 0.000002 -1.049277 -0.434038 -0.008364
    39 3.548828 0.211304 1.487305 0.492427 0.054648 -1.044090
    40 1.218750 0.000000 0.000000 0.004612 -0.097480 -1.485808
    41 0.679688 -0.000002 0.000001 -0.011363 -0.086976 -1.292069
    42 3.697266 0.273682 0.726563 0.167567 -0.105308 -1.247601
    43 1.748047 0.000001 0.000000 -0.000213 -0.027092 -1.309354
    44 0.959961 -0.000001 -0.000001 -0.002324 -0.039401 -1.357058
    45 3.767578 0.151855 -0.072693 -0.059050 -0.120242 -1.121067
    46 2.037109 -0.000001 -0.000002 -0.001514 0.004365 -1.694671
    47 1.066406 0.000002 -0.000003 0.001244 0.005670 -1.218185
    48 3.783203 -0.023941 -0.794434 -0.321316 -0.152718 -1.000774
    49 1.628906 -0.000001 -0.000004 -0.018830 0.066667 -1.587963
    50 0.955566 -0.000001 0.000001 -0.000001 0.069718 -1.289218
    51 1.258789 -0.308350 -1.250000 1.322030 0.226765 -0.566100
    52 1.392578 -0.000002 0.000000 0.000000 -0.002024 0.427650
    53 1.099609 0.000000 0.000001 -0.000001 -0.013127 0.125518
    54 0.000000 0.000000 0.000000 0.000000 0.000000 0.000000
    55 0.000000 0.000000 0.000000 0.000000 0.000000 0.000000
    56 0.000000 0.000000 0.000000 0.000000 0.000000 0.000000
    57 0.000000 0.000000 0.000000 0.000000 0.000000 0.000000
    58 0.000000 0.000000 0.000000 0.000000 0.000000 0.000000
    59 0.000000 0.000000 0.000000 0.000000 0.000000 0.000000
    60 0.000000 0.000000 0.000000 0.000000 0.000000 0.000000
    61 0.000000 0.000000 0.000000 0.000000 0.000000 0.000000
    62 0.000000 0.000000 0.000000 0.000000 0.000000 0.000000
    63 0.000000 0.000000 0.000000 0.000000 0.000000 0.000000
    64 0.000000 0.000000 0.000000 0.000000 0.000000 0.000000
    65 0.000000 0.000000 0.000000 0.000000 0.000000 0.000000
    66 0.000000 0.000000 0.000000 0.000000 0.000000 0.000000
    67 0.000000 0.000000 0.000000 0.000000 0.000000 0.000000
    68 0.000000 0.000000 0.000000 0.000000 0.000000 0.000000
    69 0.000000 0.000000 0.000000 0.000000 0.000000 0.000000
  time 16
    0 0.000000 0.000000 0.000000 0.000000 0.000000 -1.570796
    1 0.000000 0.000000 0.000000 0.000000 0.000000 0.000000
    2 3.982422 -0.000004 -0.000003 -1.570794 0.051770 -1.611079
    3 15.937500 0.000000 0.000000 0.000000 0.000000 0.051653
    4 17.703125 0.000000 0.000000 0.017106 -0.070055 -1.175214
    5 6.203125 0.000001 0.000000 -0.011145 0.000933 -0.500513
    6 -3.982422 0.000007 0.000007 -1.570792 0.051771 -1.530509
    7 15.937500 0.000000 0.000000 0.000000 0.000000 0.051653
    8 17.703125 0.000000 0.000000 -0.006397 0.070029 -1.178166
    9 6.203125 0.000000 0.000000 -0.078650 -0.006185 -0.498943
    10 0.000000 0.000000 0.000000 0.000000 0.000000 0.000000
    11 0.000000 0.000000 0.000000 0.000000 0.000000 0.000000
    12 0.000000 0.000000 0.000000 0.000000 0.000000 0.000000
    13 0.000000 0.000000 0.000000 0.000000 0.000000 0.000000
    14 0.000000 0.000000 0.000000 0.000000 0.000000 0.000000
    15 0.000000 0.000000 0.000000 0.000000 0.000000 0.000000
    16 0.000000 0.000000 0.000000 0.000000 0.000000 0.000000
    17 0.000000 0.000000 0.000000 0.010454 -0.074904 -0.035438
    18 0.000000 0.000000 0.000000 0.000000 0.000000 0.028610
    19 11.203125 -0.000001 0.000002 0.557778 0.364985 -0.352218
    20 3.548828 0.198730 -1.489258 -0.472246 0.063925 -0.818719
    21 1.218750 0.000001 0.000003 -0.004612 0.097481 -1.230554
    22 0.679688 0.000000 0.000000 0.011364 0.086977 -1.036816
    23 3.697266 0.267334 -0.728516 -0.164776 0.147479 -0.995499
    24 1.748047 0.000000 0.000001 0.000213 0.027092 -1.054100
    25 0.959961 -0.000001 0.000000 0.002325 0.039401 -1.101803
    26 3.767578 0.152466 0.071350 0.074637 0.103122 -0.865115
    27 2.037109 -0.000001 -0.000002 0.001515 -0.004364 -1.439416
    28 1.066406 0.000000 0.000001 -0.001244 -0.005671 -0.962931
    29 3.783203 -0.017258 0.794434 0.348232 0.068438 -0.758273
    30 1.628906 -0.000001 0.000002 0.018830 -0.066667 -1.332708
    31 0.955566 0.000001 0.000001 -0.000001 -0.069718 -1.033963
    32 1.258789 -0.297852 1.251953 -1.245151 -0.163241 -0.922789
    33 1.392578 0.000000 -0.000002 0.000001 0.002024 0.349108
    34 1.099609 0.000000 -0.000001 0.000001 0.013128 0.596757
    35 0.000000 0.000000 0.000000 0.000000 0.000000 0.000000
    36 0.000000 0.000000 0.000000 -0.055077 0.075219 -0.071256
    37 0.000000 0.000000 0.000000 0.000000 0.000000 -0.092013
    38 11.203125 0.000000 0.000002 -1.049277 -0.434038 -0.008364
    39 3.548828 0.211304 1.487305 0.492427 0.054648 -1.044090
    40 1.218750 0.000000 0.000000 0.004612 -0.097480 -1.485808
    41 0.679688 -0.000002 0.000001 -0.011363 -0.086976 -1.292069
    42 3.697266 0.273682 0.726563 0.167567 -0.105308 -1.247601
    43 1.748047 0.000001 0.000000 -0.000213 -0.027092 -1.309354
    44 0.959961 -0.000001 -0.000001 -0.002324 -0.039401 -1.357058
    45 3.767578 0.151855 -0.072693 -0.059050 -0.120242 -1.121067
    46 2.037109 -0.000001 -0.000002 -0.001514 0.004365 -1.694671
    47 1.066406 0.000002 -0.000003 0.001244 0.005670 -1.218185
    48 3.783203 -0.023941 -0.794434 -0.321316 -0.152718 -1.000774
    49 1.628906 -0.000001 -0.000004 -0.018830 0.066667 -1.587963
    50 0.955566 -0.000001 0.000001 -0.000001 0.069718 -1.289218
    51 1.258789 -0.308350 -1.250000 1.322030 0.226765 -0.566100
    52 1.392578 -0.000002 0.000000 0.000000 -0.002024 0.427650
    53 1.099609 0.000000 0.000001 -0.000001 -0.013127 0.125518
    54 0.000000 0.000000 0.000000 0.000000 0.000000 0.000000
    55 0.000000 0.000000 0.000000 0.000000 0.000000 0.000000
    56 0.000000 0.000000 0.000000 0.000000 0.000000 0.000000
    57 0.000000 0.000000 0.000000 0.000000 0.000000 0.000000
    58 0.000000 0.000000 0.000000 0.000000 0.000000 0.000000
    59 0.000000 0.000000 0.000000 0.000000 0.000000 0.000000
    60 0.000000 0.000000 0.000000 0.000000 0.000000 0.000000
    61 0.000000 0.000000 0.000000 0.000000 0.000000 0.000000
    62 0.000000 0.000000 0.000000 0.000000 0.000000 0.000000
    63 0.000000 0.000000 0.000000 0.000000 0.000000 0.000000
    64 0.000000 0.000000 0.000000 0.000000 0.000000 0.000000
    65 0.000000 0.000000 0.000000 0.000000 0.000000 0.000000
    66 0.000000 0.000000 0.000000 0.000000 0.000000 0.000000
    67 0.000000 0.000000 0.000000 0.000000 0.000000 0.000000
    68 0.000000 0.000000 0.000000 0.000000 0.000000 0.000000
    69 0.000000 0.000000 0.000000 0.000000 0.000000 0.000000
  time 17
    0 0.000000 0.000000 0.000000 0.000000 0.000000 -1.570796
    1 0.000000 0.000000 0.000000 0.000000 0.000000 0.000000
    2 3.982422 -0.000004 -0.000003 -1.570794 0.051770 -1.611079
    3 15.937500 0.000000 0.000000 0.000000 0.000000 0.051653
    4 17.703125 0.000000 0.000000 0.017106 -0.070055 -1.175214
    5 6.203125 0.000001 0.000000 -0.011145 0.000933 -0.500513
    6 -3.982422 0.000007 0.000007 -1.570792 0.051771 -1.530509
    7 15.937500 0.000000 0.000000 0.000000 0.000000 0.051653
    8 17.703125 0.000000 0.000000 -0.006397 0.070029 -1.178166
    9 6.203125 0.000000 0.000000 -0.078650 -0.006185 -0.498943
    10 0.000000 0.000000 0.000000 0.000000 0.000000 0.000000
    11 0.000000 0.000000 0.000000 0.000000 0.000000 0.000000
    12 0.000000 0.000000 0.000000 0.000000 0.000000 0.000000
    13 0.000000 0.000000 0.000000 0.000000 0.000000 0.000000
    14 0.000000 0.000000 0.000000 0.000000 0.000000 0.000000
    15 0.000000 0.000000 0.000000 0.000000 0.000000 0.000000
    16 0.000000 0.000000 0.000000 0.000000 0.000000 0.000000
    17 0.000000 0.000000 0.000000 0.011373 -0.080033 -0.039523
    18 0.000000 0.000000 0.000000 0.000000 0.000000 0.027651
    19 11.203125 -0.000001 0.000002 0.557778 0.364985 -0.352218
    20 3.548828 0.198730 -1.489258 -0.472246 0.063925 -0.818719
    21 1.218750 0.000001 0.000003 -0.004612 0.097481 -1.230554
    22 0.679688 0.000000 0.000000 0.011364 0.086977 -1.036816
    23 3.697266 0.267334 -0.728516 -0.164776 0.147479 -0.995499
    24 1.748047 0.000000 0.000001 0.000213 0.027092 -1.054100
    25 0.959961 -0.000001 0.000000 0.002325 0.039401 -1.101803
    26 3.767578 0.152466 0.071350 0.074637 0.103122 -0.865115
    27 2.037109 -0.000001 -0.000002 0.001515 -0.004364 -1.439416
    28 1.066406 0.000000 0.000001 -0.001244 -0.005671 -0.962931
    29 3.783203 -0.017258 0.794434 0.348232 0.068438 -0.758273
    30 1.628906 -0.000001 0.000002 0.018830 -0.066667 -1.332708
    31 0.955566 0.000001 0.000001 -0.000001 -0.069718 -1.033963
    32 1.258789 -0.297852 1.251953 -1.245151 -0.163241 -0.922789
    33 1.392578 0.000000 -0.000002 0.000001 0.002024 0.349108
    34 1.099609 0.000000 -0.000001 0.000001 0.013128 0.596757
    35 0.000000 0.000000 0.000000 0.000000 0.000000 0.000000
    36 0.000000 0.000000 0.000000 -0.060883 0.082142 -0.080823
    37 0.000000 0.000000 0.000000 0.000000 0.000000 -0.093665
    38 11.203125 0.000000 0.000002 -1.049277 -0.434038 -0.008364
    39 3.548828 0.211304 1.487305 0.492427 0.054648 -1.044090
    40 1.218750 0.000000 0.000000 0.004612 -0.097480 -1.485808
    41 0.679688 -0.000002 0.000001 -0.011363 -0.086976 -1.292069
    42 3.697266 0.273682 0.726563 0.167567 -0.105308 -1.247601
    43 1.748047 0.000001 0.000000 -0.000213 -0.027092 -1.309354
    44 0.959961 -0.000001 -0.000001 -0.002324 -0.039401 -1.357058
    45 3.767578 0.151855 -0.072693 -0.059050 -0.120242 -1.121067
    46 2.037109 -0.000001 -0.000002 -0.001514 0.004365 -1.694671
    47 1.066406 0.000002 -0.000003 0.001244 0.005670 -1.218185
    48 3.783203 -0.023941 -0.794434 -0.321316 -0.152718 -1.000774
    49 1.628906 -0.000001 -0.000004 -0.018830 0.066667 -1.587963
    50 0.955566 -0.000001 0.000001 -0.000001 0.069718 -1.289218
    51 1.258789 -0.308350 -1.250000 1.322030 0.226765 -0.566100
    52 1.392578 -0.000002 0.000000 0.000000 -0.002024 0.427650
    53 1.099609 0.000000 0.000001 -0.000001 -0.013127 0.125518
    54 0.000000 0.000000 0.000000 0.000000 0.000000 0.000000
    55 0.000000 0.000000 0.000000 0.000000 0.000000 0.000000
    56 0.000000 0.000000 0.000000 0.000000 0.000000 0.000000
    57 0.000000 0.000000 0.000000 0.000000 0.000000 0.000000
    58 0.000000 0.000000 0.000000 0.000000 0.000000 0.000000
    59 0.000000 0.000000 0.000000 0.000000 0.000000 0.000000
    60 0.000000 0.000000 0.000000 0.000000 0.000000 0.000000
    61 0.000000 0.000000 0.000000 0.000000 0.000000 0.000000
    62 0.000000 0.000000 0.000000 0.000000 0.000000 0.000000
    63 0.000000 0.000000 0.000000 0.000000 0.000000 0.000000
    64 0.000000 0.000000 0.000000 0.000000 0.000000 0.000000
    65 0.000000 0.000000 0.000000 0.000000 0.000000 0.000000
    66 0.000000 0.000000 0.000000 0.000000 0.000000 0.000000
    67 0.000000 0.000000 0.000000 0.000000 0.000000 0.000000
    68 0.000000 0.000000 0.000000 0.000000 0.000000 0.000000
    69 0.000000 0.000000 0.000000 0.000000 0.000000 0.000000
  time 18
    0 0.000000 0.000000 0.000000 0.000000 0.000000 -1.570796
    1 0.000000 0.000000 0.000000 0.000000 0.000000 0.000000
    2 3.982422 -0.000004 -0.000003 -1.570794 0.051770 -1.611079
    3 15.937500 0.000000 0.000000 0.000000 0.000000 0.051653
    4 17.703125 0.000000 0.000000 0.017106 -0.070055 -1.175214
    5 6.203125 0.000001 0.000000 -0.011145 0.000933 -0.500513
    6 -3.982422 0.000007 0.000007 -1.570792 0.051771 -1.530509
    7 15.937500 0.000000 0.000000 0.000000 0.000000 0.051653
    8 17.703125 0.000000 0.000000 -0.006397 0.070029 -1.178166
    9 6.203125 0.000000 0.000000 -0.078650 -0.006185 -0.498943
    10 0.000000 0.000000 0.000000 0.000000 0.000000 0.000000
    11 0.000000 0.000000 0.000000 0.000000 0.000000 0.000000
    12 0.000000 0.000000 0.000000 0.000000 0.000000 0.000000
    13 0.000000 0.000000 0.000000 0.000000 0.000000 0.000000
    14 0.000000 0.000000 0.000000 0.000000 0.000000 0.000000
    15 0.000000 0.000000 0.000000 0.000000 0.000000 0.000000
    16 0.000000 0.000000 0.000000 0.000000 0.000000 0.000000
    17 0.000000 0.000000 0.000000 0.012079 -0.085105 -0.044251
    18 0.000000 0.000000 0.000000 0.000000 0.000000 0.025955
    19 11.203125 -0.000001 0.000002 0.557778 0.364985 -0.352218
    20 3.548828 0.198730 -1.489258 -0.472246 0.063925 -0.818719
    21 1.218750 0.000001 0.000003 -0.004612 0.097481 -1.230554
    22 0.679688 0.000000 0.000000 0.011364 0.086977 -1.036816
    23 3.697266 0.267334 -0.728516 -0.164776 0.147479 -0.995499
    24 1.748047 0.000000 0.000001 0.000213 0.027092 -1.054100
    25 0.959961 -0.000001 0.000000 0.002325 0.039401 -1.101803
    26 3.767578 0.152466 0.071350 0.074637 0.103122 -0.865115
    27 2.037109 -0.000001 -0.000002 0.001515 -0.004364 -1.439416
    28 1.066406 0.000000 0.000001 -0.001244 -0.005671 -0.962931
    29 3.783203 -0.017258 0.794434 0.348232 0.068438 -0.758273
    30 1.628906 -0.000001 0.000002 0.018830 -0.066667 -1.332708
    31 0.955566 0.000001 0.000001 -0.000001 -0.069718 -1.033963
    32 1.258789 -0.297852 1.251953 -1.245151 -0.163241 -0.922789
    33 1.392578 0.000000 -0.000002 0.000001 0.002024 0.349108
    34 1.099609 0.000000 -0.000001 0.000001 0.013128 0.596757
    35 0.000000 0.000000 0.000000 0.000000 0.000000 0.000000
    36 0.000000 0.000000 0.000000 -0.066688 0.088857 -0.090848
    37 0.000000 0.000000 0.000000 0.000000 0.000000 -0.093983
    38 11.203125 0.000000 0.000002 -1.049277 -0.434038 -0.008364
    39 3.548828 0.211304 1.487305 0.492427 0.054648 -1.044090
    40 1.218750 0.000000 0.000000 0.004612 -0.097480 -1.485808
    41 0.679688 -0.000002 0.000001 -0.011363 -0.086976 -1.292069
    42 3.697266 0.273682 0.726563 0.167567 -0.105308 -1.247601
    43 1.748047 0.000001 0.000000 -0.000213 -0.027092 -1.309354
    44 0.959961 -0.000001 -0.000001 -0.002324 -0.039401 -1.357058
    45 3.767578 0.151855 -0.072693 -0.059050 -0.120242 -1.121067
    46 2.037109 -0.000001 -0.000002 -0.001514 0.004365 -1.694671
    47 1.066406 0.000002 -0.000003 0.001244 0.005670 -1.218185
    48 3.783203 -0.023941 -0.794434 -0.321316 -0.152718 -1.000774
    49 1.628906 -0.000001 -0.000004 -0.018830 0.066667 -1.587963
    50 0.955566 -0.000001 0.000001 -0.000001 0.069718 -1.289218
    51 1.258789 -0.308350 -1.250000 1.322030 0.226765 -0.566100
    52 1.392578 -0.000002 0.000000 0.000000 -0.002024 0.427650
    53 1.099609 0.000000 0.000001 -0.000001 -0.013127 0.125518
    54 0.000000 0.000000 0.000000 0.000000 0.000000 0.000000
    55 0.000000 0.000000 0.000000 0.000000 0.000000 0.000000
    56 0.000000 0.000000 0.000000 0.000000 0.000000 0.000000
    57 0.000000 0.000000 0.000000 0.000000 0.000000 0.000000
    58 0.000000 0.000000 0.000000 0.000000 0.000000 0.000000
    59 0.000000 0.000000 0.000000 0.000000 0.000000 0.000000
    60 0.000000 0.000000 0.000000 0.000000 0.000000 0.000000
    61 0.000000 0.000000 0.000000 0.000000 0.000000 0.000000
    62 0.000000 0.000000 0.000000 0.000000 0.000000 0.000000
    63 0.000000 0.000000 0.000000 0.000000 0.000000 0.000000
    64 0.000000 0.000000 0.000000 0.000000 0.000000 0.000000
    65 0.000000 0.000000 0.000000 0.000000 0.000000 0.000000
    66 0.000000 0.000000 0.000000 0.000000 0.000000 0.000000
    67 0.000000 0.000000 0.000000 0.000000 0.000000 0.000000
    68 0.000000 0.000000 0.000000 0.000000 0.000000 0.000000
    69 0.000000 0.000000 0.000000 0.000000 0.000000 0.000000
  time 19
    0 0.000000 0.000000 0.000000 0.000000 0.000000 -1.570796
    1 0.000000 0.000000 0.000000 0.000000 0.000000 0.000000
    2 3.982422 -0.000004 -0.000003 -1.570794 0.051770 -1.611079
    3 15.937500 0.000000 0.000000 0.000000 0.000000 0.051653
    4 17.703125 0.000000 0.000000 0.017106 -0.070055 -1.175214
    5 6.203125 0.000001 0.000000 -0.011145 0.000933 -0.500513
    6 -3.982422 0.000007 0.000007 -1.570792 0.051771 -1.530509
    7 15.937500 0.000000 0.000000 0.000000 0.000000 0.051653
    8 17.703125 0.000000 0.000000 -0.006397 0.070029 -1.178166
    9 6.203125 0.000000 0.000000 -0.078650 -0.006185 -0.498943
    10 0.000000 0.000000 0.000000 0.000000 0.000000 0.000000
    11 0.000000 0.000000 0.000000 0.000000 0.000000 0.000000
    12 0.000000 0.000000 0.000000 0.000000 0.000000 0.000000
    13 0.000000 0.000000 0.000000 0.000000 0.000000 0.000000
    14 0.000000 0.000000 0.000000 0.000000 0.000000 0.000000
    15 0.000000 0.000000 0.000000 0.000000 0.000000 0.000000
    16 0.000000 0.000000 0.000000 0.000000 0.000000 0.000000
    17 0.000000 0.000000 0.000000 0.012503 -0.090234 -0.049508
    18 0.000000 0.000000 0.000000 0.000000 0.000000 0.024112
    19 11.203125 -0.000001 0.000002 0.557778 0.364985 -0.352218
    20 3.548828 0.198730 -1.489258 -0.472246 0.063925 -0.818719
    21 1.218750 0.000001 0.000003 -0.004612 0.097481 -1.230554
    22 0.679688 0.000000 0.000000 0.011364 0.086977 -1.036816
    23 3.697266 0.267334 -0.728516 -0.164776 0.147479 -0.995499
    24 1.748047 0.000000 0.000001 0.000213 0.027092 -1.054100
    25 0.959961 -0.000001 0.000000 0.002325 0.039401 -1.101803
    26 3.767578 0.152466 0.071350 0.074637 0.103122 -0.865115
    27 2.037109 -0.000001 -0.000002 0.001515 -0.004364 -1.439416
    28 1.066406 0.000000 0.000001 -0.001244 -0.005671 -0.962931
    29 3.783203 -0.017258 0.794434 0.348232 0.068438 -0.758273
    30 1.628906 -0.000001 0.000002 0.018830 -0.066667 -1.332708
    31 0.955566 0.000001 0.000001 -0.000001 -0.069718 -1.033963
    32 1.258789 -0.297852 1.251953 -1.245151 -0.163241 -0.922789
    33 1.392578 0.000000 -0.000002 0.000001 0.002024 0.349108
    34 1.099609 0.000000 -0.000001 0.000001 0.013128 0.596757
    35 0.000000 0.000000 0.000000 0.000000 0.000000 0.000000
    36 0.000000 0.000000 0.000000 -0.072421 0.095227 -0.101164
    37 0.000000 0.000000 0.000000 0.000000 0.000000 -0.092966
    38 11.203125 0.000000 0.000002 -1.049277 -0.434038 -0.008364
    39 3.548828 0.211304 1.487305 0.492427 0.054648 -1.044090
    40 1.218750 0.000000 0.000000 0.004612 -0.097480 -1.485808
    41 0.679688 -0.000002 0.000001 -0.011363 -0.086976 -1.292069
    42 3.697266 0.273682 0.726563 0.167567 -0.105308 -1.247601
    43 1.748047 0.000001 0.000000 -0.000213 -0.027092 -1.309354
    44 0.959961 -0.000001 -0.000001 -0.002324 -0.039401 -1.357058
    45 3.767578 0.151855 -0.072693 -0.059050 -0.120242 -1.121067
    46 2.037109 -0.000001 -0.000002 -0.001514 0.004365 -1.694671
    47 1.066406 0.000002 -0.000003 0.001244 0.005670 -1.218185
    48 3.783203 -0.023941 -0.794434 -0.321316 -0.152718 -1.000774
    49 1.628906 -0.000001 -0.000004 -0.018830 0.066667 -1.587963
    50 0.955566 -0.000001 0.000001 -0.000001 0.069718 -1.289218
    51 1.258789 -0.308350 -1.250000 1.322030 0.226765 -0.566100
    52 1.392578 -0.000002 0.000000 0.000000 -0.002024 0.427650
    53 1.099609 0.000000 0.000001 -0.000001 -0.013127 0.125518
    54 0.000000 0.000000 0.000000 0.000000 0.000000 0.000000
    55 0.000000 0.000000 0.000000 0.000000 0.000000 0.000000
    56 0.000000 0.000000 0.000000 0.000000 0.000000 0.000000
    57 0.000000 0.000000 0.000000 0.000000 0.000000 0.000000
    58 0.000000 0.000000 0.000000 0.000000 0.000000 0.000000
    59 0.000000 0.000000 0.000000 0.000000 0.000000 0.000000
    60 0.000000 0.000000 0.000000 0.000000 0.000000 0.000000
    61 0.000000 0.000000 0.000000 0.000000 0.000000 0.000000
    62 0.000000 0.000000 0.000000 0.000000 0.000000 0.000000
    63 0.000000 0.000000 0.000000 0.000000 0.000000 0.000000
    64 0.000000 0.000000 0.000000 0.000000 0.000000 0.000000
    65 0.000000 0.000000 0.000000 0.000000 0.000000 0.000000
    66 0.000000 0.000000 0.000000 0.000000 0.000000 0.000000
    67 0.000000 0.000000 0.000000 0.000000 0.000000 0.000000
    68 0.000000 0.000000 0.000000 0.000000 0.000000 0.000000
    69 0.000000 0.000000 0.000000 0.000000 0.000000 0.000000
  time 20
    0 0.000000 0.000000 0.000000 0.000000 0.000000 -1.570796
    1 0.000000 0.000000 0.000000 0.000000 0.000000 0.000000
    2 3.982422 -0.000004 -0.000003 -1.570794 0.051770 -1.611079
    3 15.937500 0.000000 0.000000 0.000000 0.000000 0.051653
    4 17.703125 0.000000 0.000000 0.017106 -0.070055 -1.175214
    5 6.203125 0.000001 0.000000 -0.011145 0.000933 -0.500513
    6 -3.982422 0.000007 0.000007 -1.570792 0.051771 -1.530509
    7 15.937500 0.000000 0.000000 0.000000 0.000000 0.051653
    8 17.703125 0.000000 0.000000 -0.006397 0.070029 -1.178166
    9 6.203125 0.000000 0.000000 -0.078650 -0.006185 -0.498943
    10 0.000000 0.000000 0.000000 0.000000 0.000000 0.000000
    11 0.000000 0.000000 0.000000 0.000000 0.000000 0.000000
    12 0.000000 0.000000 0.000000 0.000000 0.000000 0.000000
    13 0.000000 0.000000 0.000000 0.000000 0.000000 0.000000
    14 0.000000 0.000000 0.000000 0.000000 0.000000 0.000000
    15 0.000000 0.000000 0.000000 0.000000 0.000000 0.000000
    16 0.000000 0.000000 0.000000 0.000000 0.000000 0.000000
    17 0.000000 0.000000 0.000000 0.012574 -0.095535 -0.055105
    18 0.000000 0.000000 0.000000 0.000000 0.000000 0.022489
    19 11.203125 -0.000001 0.000002 0.557778 0.364985 -0.352218
    20 3.548828 0.198730 -1.489258 -0.472246 0.063925 -0.818719
    21 1.218750 0.000001 0.000003 -0.004612 0.097481 -1.230554
    22 0.679688 0.000000 0.000000 0.011364 0.086977 -1.036816
    23 3.697266 0.267334 -0.728516 -0.164776 0.147479 -0.995499
    24 1.748047 0.000000 0.000001 0.000213 0.027092 -1.054100
    25 0.959961 -0.000001 0.000000 0.002325 0.039401 -1.101803
    26 3.767578 0.152466 0.071350 0.074637 0.103122 -0.865115
    27 2.037109 -0.000001 -0.000002 0.001515 -0.004364 -1.439416
    28 1.066406 0.000000 0.000001 -0.001244 -0.005671 -0.962931
    29 3.783203 -0.017258 0.794434 0.348232 0.068438 -0.758273
    30 1.628906 -0.000001 0.000002 0.018830 -0.066667 -1.332708
    31 0.955566 0.000001 0.000001 -0.000001 -0.069718 -1.033963
    32 1.258789 -0.297852 1.251953 -1.245151 -0.163241 -0.922789
    33 1.392578 0.000000 -0.000002 0.000001 0.002024 0.349108
    34 1.099609 0.000000 -0.000001 0.000001 0.013128 0.596757
    35 0.000000 0.000000 0.000000 0.000000 0.000000 0.000000
    36 0.000000 0.000000 0.000000 -0.077936 0.101180 -0.111813
    37 0.000000 0.000000 0.000000 0.000000 0.000000 -0.090425
    38 11.203125 0.000000 0.000002 -1.049277 -0.434038 -0.008364
    39 3.548828 0.211304 1.487305 0.492427 0.054648 -1.044090
    40 1.218750 0.000000 0.000000 0.004612 -0.097480 -1.485808
    41 0.679688 -0.000002 0.000001 -0.011363 -0.086976 -1.292069
    42 3.697266 0.273682 0.726563 0.167567 -0.105308 -1.247601
    43 1.748047 0.000001 0.000000 -0.000213 -0.027092 -1.309354
    44 0.959961 -0.000001 -0.000001 -0.002324 -0.039401 -1.357058
    45 3.767578 0.151855 -0.072693 -0.059050 -0.120242 -1.121067
    46 2.037109 -0.000001 -0.000002 -0.001514 0.004365 -1.694671
    47 1.066406 0.000002 -0.000003 0.001244 0.005670 -1.218185
    48 3.783203 -0.023941 -0.794434 -0.321316 -0.152718 -1.000774
    49 1.628906 -0.000001 -0.000004 -0.018830 0.066667 -1.587963
    50 0.955566 -0.000001 0.000001 -0.000001 0.069718 -1.289218
    51 1.258789 -0.308350 -1.250000 1.322030 0.226765 -0.566100
    52 1.392578 -0.000002 0.000000 0.000000 -0.002024 0.427650
    53 1.099609 0.000000 0.000001 -0.000001 -0.013127 0.125518
    54 0.000000 0.000000 0.000000 0.000000 0.000000 0.000000
    55 0.000000 0.000000 0.000000 0.000000 0.000000 0.000000
    56 0.000000 0.000000 0.000000 0.000000 0.000000 0.000000
    57 0.000000 0.000000 0.000000 0.000000 0.000000 0.000000
    58 0.000000 0.000000 0.000000 0.000000 0.000000 0.000000
    59 0.000000 0.000000 0.000000 0.000000 0.000000 0.000000
    60 0.000000 0.000000 0.000000 0.000000 0.000000 0.000000
    61 0.000000 0.000000 0.000000 0.000000 0.000000 0.000000
    62 0.000000 0.000000 0.000000 0.000000 0.000000 0.000000
    63 0.000000 0.000000 0.000000 0.000000 0.000000 0.000000
    64 0.000000 0.000000 0.000000 0.000000 0.000000 0.000000
    65 0.000000 0.000000 0.000000 0.000000 0.000000 0.000000
    66 0.000000 0.000000 0.000000 0.000000 0.000000 0.000000
    67 0.000000 0.000000 0.000000 0.000000 0.000000 0.000000
    68 0.000000 0.000000 0.000000 0.000000 0.000000 0.000000
    69 0.000000 0.000000 0.000000 0.000000 0.000000 0.000000
  time 21
    0 0.000000 0.000000 0.000000 0.000000 0.000000 -1.570796
    1 0.000000 0.000000 0.000000 0.000000 0.000000 0.000000
    2 3.982422 -0.000004 -0.000003 -1.570794 0.051770 -1.611079
    3 15.937500 0.000000 0.000000 0.000000 0.000000 0.051653
    4 17.703125 0.000000 0.000000 0.017106 -0.070055 -1.175214
    5 6.203125 0.000001 0.000000 -0.011145 0.000933 -0.500513
    6 -3.982422 0.000007 0.000007 -1.570792 0.051771 -1.530509
    7 15.937500 0.000000 0.000000 0.000000 0.000000 0.051653
    8 17.703125 0.000000 0.000000 -0.006397 0.070029 -1.178166
    9 6.203125 0.000000 0.000000 -0.078650 -0.006185 -0.498943
    10 0.000000 0.000000 0.000000 0.000000 0.000000 0.000000
    11 0.000000 0.000000 0.000000 0.000000 0.000000 0.000000
    12 0.000000 0.000000 0.000000 0.000000 0.000000 0.000000
    13 0.000000 0.000000 0.000000 0.000000 0.000000 0.000000
    14 0.000000 0.000000 0.000000 0.000000 0.000000 0.000000
    15 0.000000 0.000000 0.000000 0.000000 0.000000 0.000000
    16 0.000000 0.000000 0.000000 0.000000 0.000000 0.000000
    17 0.000000 0.000000 0.000000 0.012220 -0.100922 -0.060703
    18 0.000000 0.000000 0.000000 0.000000 0.000000 0.021752
    19 11.203125 -0.000001 0.000002 0.557778 0.364985 -0.352218
    20 3.548828 0.198730 -1.489258 -0.472246 0.063925 -0.818719
    21 1.218750 0.000001 0.000003 -0.004612 0.097481 -1.230554
    22 0.679688 0.000000 0.000000 0.011364 0.086977 -1.036816
    23 3.697266 0.267334 -0.728516 -0.164776 0.147479 -0.995499
    24 1.748047 0.000000 0.000001 0.000213 0.027092 -1.054100
    25 0.959961 -0.000001 0.000000 0.002325 0.039401 -1.101803
    26 3.767578 0.152466 0.071350 0.074637 0.103122 -0.865115
    27 2.037109 -0.000001 -0.000002 0.001515 -0.004364 -1.439416
    28 1.066406 0.000000 0.000001 -0.001244 -0.005671 -0.962931
    29 3.783203 -0.017258 0.794434 0.348232 0.068438 -0.758273
    30 1.628906 -0.000001 0.000002 0.018830 -0.066667 -1.332708
    31 0.955566 0.000001 0.000001 -0.000001 -0.069718 -1.033963
    32 1.258789 -0.297852 1.251953 -1.245151 -0.163241 -0.922789
    33 1.392578 0.000000 -0.000002 0.000001 0.002024 0.349108
    34 1.099609 0.000000 -0.000001 0.000001 0.013128 0.596757
    35 0.000000 0.000000 0.000000 0.000000 0.000000 0.000000
    36 0.000000 0.000000 0.000000 -0.083088 0.106546 -0.122711
    37 0.000000 0.000000 0.000000 0.000000 0.000000 -0.086485
    38 11.203125 0.000000 0.000002 -1.049277 -0.434038 -0.008364
    39 3.548828 0.211304 1.487305 0.492427 0.054648 -1.044090
    40 1.218750 0.000000 0.000000 0.004612 -0.097480 -1.485808
    41 0.679688 -0.000002 0.000001 -0.011363 -0.086976 -1.292069
    42 3.697266 0.273682 0.726563 0.167567 -0.105308 -1.247601
    43 1.748047 0.000001 0.000000 -0.000213 -0.027092 -1.309354
    44 0.959961 -0.000001 -0.000001 -0.002324 -0.039401 -1.357058
    45 3.767578 0.151855 -0.072693 -0.059050 -0.120242 -1.121067
    46 2.037109 -0.000001 -0.000002 -0.001514 0.004365 -1.694671
    47 1.066406 0.000002 -0.000003 0.001244 0.005670 -1.218185
    48 3.783203 -0.023941 -0.794434 -0.321316 -0.152718 -1.000774
    49 1.628906 -0.000001 -0.000004 -0.018830 0.066667 -1.587963
    50 0.955566 -0.000001 0.000001 -0.000001 0.069718 -1.289218
    51 1.258789 -0.308350 -1.250000 1.322030 0.226765 -0.566100
    52 1.392578 -0.000002 0.000000 0.000000 -0.002024 0.427650
    53 1.099609 0.000000 0.000001 -0.000001 -0.013127 0.125518
    54 0.000000 0.000000 0.000000 0.000000 0.000000 0.000000
    55 0.000000 0.000000 0.000000 0.000000 0.000000 0.000000
    56 0.000000 0.000000 0.000000 0.000000 0.000000 0.000000
    57 0.000000 0.000000 0.000000 0.000000 0.000000 0.000000
    58 0.000000 0.000000 0.000000 0.000000 0.000000 0.000000
    59 0.000000 0.000000 0.000000 0.000000 0.000000 0.000000
    60 0.000000 0.000000 0.000000 0.000000 0.000000 0.000000
    61 0.000000 0.000000 0.000000 0.000000 0.000000 0.000000
    62 0.000000 0.000000 0.000000 0.000000 0.000000 0.000000
    63 0.000000 0.000000 0.000000 0.000000 0.000000 0.000000
    64 0.000000 0.000000 0.000000 0.000000 0.000000 0.000000
    65 0.000000 0.000000 0.000000 0.000000 0.000000 0.000000
    66 0.000000 0.000000 0.000000 0.000000 0.000000 0.000000
    67 0.000000 0.000000 0.000000 0.000000 0.000000 0.000000
    68 0.000000 0.000000 0.000000 0.000000 0.000000 0.000000
    69 0.000000 0.000000 0.000000 0.000000 0.000000 0.000000
  time 22
    0 0.000000 0.000000 0.000000 0.000000 0.000000 -1.570796
    1 0.000000 0.000000 0.000000 0.000000 0.000000 0.000000
    2 3.982422 -0.000004 -0.000003 -1.570794 0.051770 -1.611079
    3 15.937500 0.000000 0.000000 0.000000 0.000000 0.051653
    4 17.703125 0.000000 0.000000 0.017106 -0.070055 -1.175214
    5 6.203125 0.000001 0.000000 -0.011145 0.000933 -0.500513
    6 -3.982422 0.000007 0.000007 -1.570792 0.051771 -1.530509
    7 15.937500 0.000000 0.000000 0.000000 0.000000 0.051653
    8 17.703125 0.000000 0.000000 -0.006397 0.070029 -1.178166
    9 6.203125 0.000000 0.000000 -0.078650 -0.006185 -0.498943
    10 0.000000 0.000000 0.000000 0.000000 0.000000 0.000000
    11 0.000000 0.000000 0.000000 0.000000 0.000000 0.000000
    12 0.000000 0.000000 0.000000 0.000000 0.000000 0.000000
    13 0.000000 0.000000 0.000000 0.000000 0.000000 0.000000
    14 0.000000 0.000000 0.000000 0.000000 0.000000 0.000000
    15 0.000000 0.000000 0.000000 0.000000 0.000000 0.000000
    16 0.000000 0.000000 0.000000 0.000000 0.000000 0.000000
    17 0.000000 0.000000 0.000000 0.011443 -0.105937 -0.065620
    18 0.000000 0.000000 0.000000 0.000000 0.000000 0.022489
    19 11.203125 -0.000001 0.000002 0.557778 0.364985 -0.352218
    20 3.548828 0.198730 -1.489258 -0.472246 0.063925 -0.818719
    21 1.218750 0.000001 0.000003 -0.004612 0.097481 -1.230554
    22 0.679688 0.000000 0.000000 0.011364 0.086977 -1.036816
    23 3.697266 0.267334 -0.728516 -0.164776 0.147479 -0.995499
    24 1.748047 0.000000 0.000001 0.000213 0.027092 -1.054100
    25 0.959961 -0.000001 0.000000 0.002325 0.039401 -1.101803
    26 3.767578 0.152466 0.071350 0.074637 0.103122 -0.865115
    27 2.037109 -0.000001 -0.000002 0.001515 -0.004364 -1.439416
    28 1.066406 0.000000 0.000001 -0.001244 -0.005671 -0.962931
    29 3.783203 -0.017258 0.794434 0.348232 0.068438 -0.758273
    30 1.628906 -0.000001 0.000002 0.018830 -0.066667 -1.332708
    31 0.955566 0.000001 0.000001 -0.000001 -0.069718 -1.033963
    32 1.258789 -0.297852 1.251953 -1.245151 -0.163241 -0.922789
    33 1.392578 0.000000 -0.000002 0.000001 0.002024 0.349108
    34 1.099609 0.000000 -0.000001 0.000001 0.013128 0.596757
    35 0.000000 0.000000 0.000000 0.000000 0.000000 0.000000
    36 0.000000 0.000000 0.000000 -0.087877 0.111254 -0.133776
    37 0.000000 0.000000 0.000000 0.000000 0.000000 -0.081147
    38 11.203125 0.000000 0.000002 -1.049277 -0.434038 -0.008364
    39 3.548828 0.211304 1.487305 0.492427 0.054648 -1.044090
    40 1.218750 0.000000 0.000000 0.004612 -0.097480 -1.485808
    41 0.679688 -0.000002 0.000001 -0.011363 -0.086976 -1.292069
    42 3.697266 0.273682 0.726563 0.167567 -0.105308 -1.247601
    43 1.748047 0.000001 0.000000 -0.000213 -0.027092 -1.309354
    44 0.959961 -0.000001 -0.000001 -0.002324 -0.039401 -1.357058
    45 3.767578 0.151855 -0.072693 -0.059050 -0.120242 -1.121067
    46 2.037109 -0.000001 -0.000002 -0.001514 0.004365 -1.694671
    47 1.066406 0.000002 -0.000003 0.001244 0.005670 -1.218185
    48 3.783203 -0.023941 -0.794434 -0.321316 -0.152718 -1.000774
    49 1.628906 -0.000001 -0.000004 -0.018830 0.066667 -1.587963
    50 0.955566 -0.000001 0.000001 -0.000001 0.069718 -1.289218
    51 1.258789 -0.308350 -1.250000 1.322030 0.226765 -0.566100
    52 1.392578 -0.000002 0.000000 0.000000 -0.002024 0.427650
    53 1.099609 0.000000 0.000001 -0.000001 -0.013127 0.125518
    54 0.000000 0.000000 0.000000 0.000000 0.000000 0.000000
    55 0.000000 0.000000 0.000000 0.000000 0.000000 0.000000
    56 0.000000 0.000000 0.000000 0.000000 0.000000 0.000000
    57 0.000000 0.000000 0.000000 0.000000 0.000000 0.000000
    58 0.000000 0.000000 0.000000 0.000000 0.000000 0.000000
    59 0.000000 0.000000 0.000000 0.000000 0.000000 0.000000
    60 0.000000 0.000000 0.000000 0.000000 0.000000 0.000000
    61 0.000000 0.000000 0.000000 0.000000 0.000000 0.000000
    62 0.000000 0.000000 0.000000 0.000000 0.000000 0.000000
    63 0.000000 0.000000 0.000000 0.000000 0.000000 0.000000
    64 0.000000 0.000000 0.000000 0.000000 0.000000 0.000000
    65 0.000000 0.000000 0.000000 0.000000 0.000000 0.000000
    66 0.000000 0.000000 0.000000 0.000000 0.000000 0.000000
    67 0.000000 0.000000 0.000000 0.000000 0.000000 0.000000
    68 0.000000 0.000000 0.000000 0.000000 0.000000 0.000000
    69 0.000000 0.000000 0.000000 0.000000 0.000000 0.000000
  time 23
    0 0.000000 0.000000 0.000000 0.000000 0.000000 -1.570796
    1 0.000000 0.000000 0.000000 0.000000 0.000000 0.000000
    2 3.982422 -0.000004 -0.000003 -1.570794 0.051770 -1.611079
    3 15.937500 0.000000 0.000000 0.000000 0.000000 0.051653
    4 17.703125 0.000000 0.000000 0.017106 -0.070055 -1.175214
    5 6.203125 0.000001 0.000000 -0.011145 0.000933 -0.500513
    6 -3.982422 0.000007 0.000007 -1.570792 0.051771 -1.530509
    7 15.937500 0.000000 0.000000 0.000000 0.000000 0.051653
    8 17.703125 0.000000 0.000000 -0.006397 0.070029 -1.178166
    9 6.203125 0.000000 0.000000 -0.078650 -0.006185 -0.498943
    10 0.000000 0.000000 0.000000 0.000000 0.000000 0.000000
    11 0.000000 0.000000 0.000000 0.000000 0.000000 0.000000
    12 0.000000 0.000000 0.000000 0.000000 0.000000 0.000000
    13 0.000000 0.000000 0.000000 0.000000 0.000000 0.000000
    14 0.000000 0.000000 0.000000 0.000000 0.000000 0.000000
    15 0.000000 0.000000 0.000000 0.000000 0.000000 0.000000
    16 0.000000 0.000000 0.000000 0.000000 0.000000 0.000000
    17 0.000000 0.000000 0.000000 0.010243 -0.110293 -0.069742
    18 0.000000 0.000000 0.000000 0.000000 0.000000 0.024775
    19 11.203125 -0.000001 0.000002 0.557778 0.364985 -0.352218
    20 3.548828 0.198730 -1.489258 -0.472246 0.063925 -0.818719
    21 1.218750 0.000001 0.000003 -0.004612 0.097481 -1.230554
    22 0.679688 0.000000 0.000000 0.011364 0.086977 -1.036816
    23 3.697266 0.267334 -0.728516 -0.164776 0.147479 -0.995499
    24 1.748047 0.000000 0.000001 0.000213 0.027092 -1.054100
    25 0.959961 -0.000001 0.000000 0.002325 0.039401 -1.101803
    26 3.767578 0.152466 0.071350 0.074637 0.103122 -0.865115
    27 2.037109 -0.000001 -0.000002 0.001515 -0.004364 -1.439416
    28 1.066406 0.000000 0.000001 -0.001244 -0.005671 -0.962931
    29 3.783203 -0.017258 0.794434 0.348232 0.068438 -0.758273
    30 1.628906 -0.000001 0.000002 0.018830 -0.066667 -1.332708
    31 0.955566 0.000001 0.000001 -0.000001 -0.069718 -1.033963
    32 1.258789 -0.297852 1.251953 -1.245151 -0.163241 -0.922789
    33 1.392578 0.000000 -0.000002 0.000001 0.002024 0.349108
    34 1.099609 0.000000 -0.000001 0.000001 0.013128 0.596757
    35 0.000000 0.000000 0.000000 0.000000 0.000000 0.000000
    36 0.000000 0.000000 0.000000 -0.092014 0.115200 -0.145008
    37 0.000000 0.000000 0.000000 0.000000 0.000000 -0.074411
    38 11.203125 0.000000 0.000002 -1.049277 -0.434038 -0.008364
    39 3.548828 0.211304 1.487305 0.492427 0.054648 -1.044090
    40 1.218750 0.000000 0.000000 0.004612 -0.097480 -1.485808
    41 0.679688 -0.000002 0.000001 -0.011363 -0.086976 -1.292069
    42 3.697266 0.273682 0.726563 0.167567 -0.105308 -1.247601
    43 1.748047 0.000001 0.000000 -0.000213 -0.027092 -1.309354
    44 0.959961 -0.000001 -0.000001 -0.002324 -0.039401 -1.357058
    45 3.767578 0.151855 -0.072693 -0.059050 -0.120242 -1.121067
    46 2.037109 -0.000001 -0.000002 -0.001514 0.004365 -1.694671
    47 1.066406 0.000002 -0.000003 0.001244 0.005670 -1.218185
    48 3.783203 -0.023941 -0.794434 -0.321316 -0.152718 -1.000774
    49 1.628906 -0.000001 -0.000004 -0.018830 0.066667 -1.587963
    50 0.955566 -0.000001 0.000001 -0.000001 0.069718 -1.289218
    51 1.258789 -0.308350 -1.250000 1.322030 0.226765 -0.566100
    52 1.392578 -0.000002 0.000000 0.000000 -0.002024 0.427650
    53 1.099609 0.000000 0.000001 -0.000001 -0.013127 0.125518
    54 0.000000 0.000000 0.000000 0.000000 0.000000 0.000000
    55 0.000000 0.000000 0.000000 0.000000 0.000000 0.000000
    56 0.000000 0.000000 0.000000 0.000000 0.000000 0.000000
    57 0.000000 0.000000 0.000000 0.000000 0.000000 0.000000
    58 0.000000 0.000000 0.000000 0.000000 0.000000 0.000000
    59 0.000000 0.000000 0.000000 0.000000 0.000000 0.000000
    60 0.000000 0.000000 0.000000 0.000000 0.000000 0.000000
    61 0.000000 0.000000 0.000000 0.000000 0.000000 0.000000
    62 0.000000 0.000000 0.000000 0.000000 0.000000 0.000000
    63 0.000000 0.000000 0.000000 0.000000 0.000000 0.000000
    64 0.000000 0.000000 0.000000 0.000000 0.000000 0.000000
    65 0.000000 0.000000 0.000000 0.000000 0.000000 0.000000
    66 0.000000 0.000000 0.000000 0.000000 0.000000 0.000000
    67 0.000000 0.000000 0.000000 0.000000 0.000000 0.000000
    68 0.000000 0.000000 0.000000 0.000000 0.000000 0.000000
    69 0.000000 0.000000 0.000000 0.000000 0.000000 0.000000
  time 24
    0 0.000000 0.000000 0.000000 0.000000 0.000000 -1.570796
    1 0.000000 0.000000 0.000000 0.000000 0.000000 0.000000
    2 3.982422 -0.000004 -0.000003 -1.570794 0.051770 -1.611079
    3 15.937500 0.000000 0.000000 0.000000 0.000000 0.051653
    4 17.703125 0.000000 0.000000 0.017106 -0.070055 -1.175214
    5 6.203125 0.000001 0.000000 -0.011145 0.000933 -0.500513
    6 -3.982422 0.000007 0.000007 -1.570792 0.051771 -1.530509
    7 15.937500 0.000000 0.000000 0.000000 0.000000 0.051653
    8 17.703125 0.000000 0.000000 -0.006397 0.070029 -1.178166
    9 6.203125 0.000000 0.000000 -0.078650 -0.006185 -0.498943
    10 0.000000 0.000000 0.000000 0.000000 0.000000 0.000000
    11 0.000000 0.000000 0.000000 0.000000 0.000000 0.000000
    12 0.000000 0.000000 0.000000 0.000000 0.000000 0.000000
    13 0.000000 0.000000 0.000000 0.000000 0.000000 0.000000
    14 0.000000 0.000000 0.000000 0.000000 0.000000 0.000000
    15 0.000000 0.000000 0.000000 0.000000 0.000000 0.000000
    16 0.000000 0.000000 0.000000 0.000000 0.000000 0.000000
    17 0.000000 0.000000 0.000000 0.008689 -0.114361 -0.073600
    18 0.000000 0.000000 0.000000 0.000000 0.000000 0.028167
    19 11.203125 -0.000001 0.000002 0.557778 0.364985 -0.352218
    20 3.548828 0.198730 -1.489258 -0.472246 0.063925 -0.818719
    21 1.218750 0.000001 0.000003 -0.004612 0.097481 -1.230554
    22 0.679688 0.000000 0.000000 0.011364 0.086977 -1.036816
    23 3.697266 0.267334 -0.728516 -0.164776 0.147479 -0.995499
    24 1.748047 0.000000 0.000001 0.000213 0.027092 -1.054100
    25 0.959961 -0.000001 0.000000 0.002325 0.039401 -1.101803
    26 3.767578 0.152466 0.071350 0.074637 0.103122 -0.865115
    27 2.037109 -0.000001 -0.000002 0.001515 -0.004364 -1.439416
    28 1.066406 0.000000 0.000001 -0.001244 -0.005671 -0.962931
    29 3.783203 -0.017258 0.794434 0.348232 0.068438 -0.758273
    30 1.628906 -0.000001 0.000002 0.018830 -0.066667 -1.332708
    31 0.955566 0.000001 0.000001 -0.000001 -0.069718 -1.033963
    32 1.258789 -0.297852 1.251953 -1.245151 -0.163241 -0.922789
    33 1.392578 0.000000 -0.000002 0.000001 0.002024 0.349108
    34 1.099609 0.000000 -0.000001 0.000001 0.013128 0.596757
    35 0.000000 0.000000 0.000000 0.000000 0.000000 0.000000
    36 0.000000 0.000000 0.000000 -0.094698 0.117242 -0.156197
    37 0.000000 0.000000 0.000000 0.000000 0.000000 -0.066214
    38 11.203125 0.000000 0.000002 -1.049277 -0.434038 -0.008364
    39 3.548828 0.211304 1.487305 0.492427 0.054648 -1.044090
    40 1.218750 0.000000 0.000000 0.004612 -0.097480 -1.485808
    41 0.679688 -0.000002 0.000001 -0.011363 -0.086976 -1.292069
    42 3.697266 0.273682 0.726563 0.167567 -0.105308 -1.247601
    43 1.748047 0.000001 0.000000 -0.000213 -0.027092 -1.309354
    44 0.959961 -0.000001 -0.000001 -0.002324 -0.039401 -1.357058
    45 3.767578 0.151855 -0.072693 -0.059050 -0.120242 -1.121067
    46 2.037109 -0.000001 -0.000002 -0.001514 0.004365 -1.694671
    47 1.066406 0.000002 -0.000003 0.001244 0.005670 -1.218185
    48 3.783203 -0.023941 -0.794434 -0.321316 -0.152718 -1.000774
    49 1.628906 -0.000001 -0.000004 -0.018830 0.066667 -1.587963
    50 0.955566 -0.000001 0.000001 -0.000001 0.069718 -1.289218
    51 1.258789 -0.308350 -1.250000 1.322030 0.226765 -0.566100
    52 1.392578 -0.000002 0.000000 0.000000 -0.002024 0.427650
    53 1.099609 0.000000 0.000001 -0.000001 -0.013127 0.125518
    54 0.000000 0.000000 0.000000 0.000000 0.000000 0.000000
    55 0.000000 0.000000 0.000000 0.000000 0.000000 0.000000
    56 0.000000 0.000000 0.000000 0.000000 0.000000 0.000000
    57 0.000000 0.000000 0.000000 0.000000 0.000000 0.000000
    58 0.000000 0.000000 0.000000 0.000000 0.000000 0.000000
    59 0.000000 0.000000 0.000000 0.000000 0.000000 0.000000
    60 0.000000 0.000000 0.000000 0.000000 0.000000 0.000000
    61 0.000000 0.000000 0.000000 0.000000 0.000000 0.000000
    62 0.000000 0.000000 0.000000 0.000000 0.000000 0.000000
    63 0.000000 0.000000 0.000000 0.000000 0.000000 0.000000
    64 0.000000 0.000000 0.000000 0.000000 0.000000 0.000000
    65 0.000000 0.000000 0.000000 0.000000 0.000000 0.000000
    66 0.000000 0.000000 0.000000 0.000000 0.000000 0.000000
    67 0.000000 0.000000 0.000000 0.000000 0.000000 0.000000
    68 0.000000 0.000000 0.000000 0.000000 0.000000 0.000000
    69 0.000000 0.000000 0.000000 0.000000 0.000000 0.000000
  time 25
    0 0.000000 0.000000 0.000000 0.000000 0.000000 -1.570796
    1 0.000000 0.000000 0.000000 0.000000 0.000000 0.000000
    2 3.982422 -0.000004 -0.000003 -1.570794 0.051770 -1.611079
    3 15.937500 0.000000 0.000000 0.000000 0.000000 0.051653
    4 17.703125 0.000000 0.000000 0.017106 -0.070055 -1.175214
    5 6.203125 0.000001 0.000000 -0.011145 0.000933 -0.500513
    6 -3.982422 0.000007 0.000007 -1.570792 0.051771 -1.530509
    7 15.937500 0.000000 0.000000 0.000000 0.000000 0.051653
    8 17.703125 0.000000 0.000000 -0.006397 0.070029 -1.178166
    9 6.203125 0.000000 0.000000 -0.078650 -0.006185 -0.498943
    10 0.000000 0.000000 0.000000 0.000000 0.000000 0.000000
    11 0.000000 0.000000 0.000000 0.000000 0.000000 0.000000
    12 0.000000 0.000000 0.000000 0.000000 0.000000 0.000000
    13 0.000000 0.000000 0.000000 0.000000 0.000000 0.000000
    14 0.000000 0.000000 0.000000 0.000000 0.000000 0.000000
    15 0.000000 0.000000 0.000000 0.000000 0.000000 0.000000
    16 0.000000 0.000000 0.000000 0.000000 0.000000 0.000000
    17 0.000000 0.000000 0.000000 0.006852 -0.117857 -0.076853
    18 0.000000 0.000000 0.000000 0.000000 0.000000 0.032518
    19 11.203125 -0.000001 0.000002 0.557778 0.364985 -0.352218
    20 3.548828 0.198730 -1.489258 -0.472246 0.063925 -0.818719
    21 1.218750 0.000001 0.000003 -0.004612 0.097481 -1.230554
    22 0.679688 0.000000 0.000000 0.011364 0.086977 -1.036816
    23 3.697266 0.267334 -0.728516 -0.164776 0.147479 -0.995499
    24 1.748047 0.000000 0.000001 0.000213 0.027092 -1.054100
    25 0.959961 -0.000001 0.000000 0.002325 0.039401 -1.101803
    26 3.767578 0.152466 0.071350 0.074637 0.103122 -0.865115
    27 2.037109 -0.000001 -0.000002 0.001515 -0.004364 -1.439416
    28 1.066406 0.000000 0.000001 -0.001244 -0.005671 -0.962931
    29 3.783203 -0.017258 0.794434 0.348232 0.068438 -0.758273
    30 1.628906 -0.000001 0.000002 0.018830 -0.066667 -1.332708
    31 0.955566 0.000001 0.000001 -0.000001 -0.069718 -1.033963
    32 1.258789 -0.297852 1.251953 -1.245151 -0.163241 -0.922789
    33 1.392578 0.000000 -0.000002 0.000001 0.002024 0.349108
    34 1.099609 0.000000 -0.000001 0.000001 0.013128 0.596757
    35 0.000000 0.000000 0.000000 0.000000 0.000000 0.000000
    36 0.000000 0.000000 0.000000 -0.095352 0.116930 -0.166929
    37 0.000000 0.000000 0.000000 0.000000 0.000000 -0.057318
    38 11.203125 0.000000 0.000002 -1.049277 -0.434038 -0.008364
    39 3.548828 0.211304 1.487305 0.492427 0.054648 -1.044090
    40 1.218750 0.000000 0.000000 0.004612 -0.097480 -1.485808
    41 0.679688 -0.000002 0.000001 -0.011363 -0.086976 -1.292069
    42 3.697266 0.273682 0.726563 0.167567 -0.105308 -1.247601
    43 1.748047 0.000001 0.000000 -0.000213 -0.027092 -1.309354
    44 0.959961 -0.000001 -0.000001 -0.002324 -0.039401 -1.357058
    45 3.767578 0.151855 -0.072693 -0.059050 -0.120242 -1.121067
    46 2.037109 -0.000001 -0.000002 -0.001514 0.004365 -1.694671
    47 1.066406 0.000002 -0.000003 0.001244 0.005670 -1.218185
    48 3.783203 -0.023941 -0.794434 -0.321316 -0.152718 -1.000774
    49 1.628906 -0.000001 -0.000004 -0.018830 0.066667 -1.587963
    50 0.955566 -0.000001 0.000001 -0.000001 0.069718 -1.289218
    51 1.258789 -0.308350 -1.250000 1.322030 0.226765 -0.566100
    52 1.392578 -0.000002 0.000000 0.000000 -0.002024 0.427650
    53 1.099609 0.000000 0.000001 -0.000001 -0.013127 0.125518
    54 0.000000 0.000000 0.000000 0.000000 0.000000 0.000000
    55 0.000000 0.000000 0.000000 0.000000 0.000000 0.000000
    56 0.000000 0.000000 0.000000 0.000000 0.000000 0.000000
    57 0.000000 0.000000 0.000000 0.000000 0.000000 0.000000
    58 0.000000 0.000000 0.000000 0.000000 0.000000 0.000000
    59 0.000000 0.000000 0.000000 0.000000 0.000000 0.000000
    60 0.000000 0.000000 0.000000 0.000000 0.000000 0.000000
    61 0.000000 0.000000 0.000000 0.000000 0.000000 0.000000
    62 0.000000 0.000000 0.000000 0.000000 0.000000 0.000000
    63 0.000000 0.000000 0.000000 0.000000 0.000000 0.000000
    64 0.000000 0.000000 0.000000 0.000000 0.000000 0.000000
    65 0.000000 0.000000 0.000000 0.000000 0.000000 0.000000
    66 0.000000 0.000000 0.000000 0.000000 0.000000 0.000000
    67 0.000000 0.000000 0.000000 0.000000 0.000000 0.000000
    68 0.000000 0.000000 0.000000 0.000000 0.000000 0.000000
    69 0.000000 0.000000 0.000000 0.000000 0.000000 0.000000
  time 26
    0 0.000000 0.000000 0.000000 0.000000 0.000000 -1.570796
    1 0.000000 0.000000 0.000000 0.000000 0.000000 0.000000
    2 3.982422 -0.000004 -0.000003 -1.570794 0.051770 -1.611079
    3 15.937500 0.000000 0.000000 0.000000 0.000000 0.051653
    4 17.703125 0.000000 0.000000 0.017106 -0.070055 -1.175214
    5 6.203125 0.000001 0.000000 -0.011145 0.000933 -0.500513
    6 -3.982422 0.000007 0.000007 -1.570792 0.051771 -1.530509
    7 15.937500 0.000000 0.000000 0.000000 0.000000 0.051653
    8 17.703125 0.000000 0.000000 -0.006397 0.070029 -1.178166
    9 6.203125 0.000000 0.000000 -0.078650 -0.006185 -0.498943
    10 0.000000 0.000000 0.000000 0.000000 0.000000 0.000000
    11 0.000000 0.000000 0.000000 0.000000 0.000000 0.000000
    12 0.000000 0.000000 0.000000 0.000000 0.000000 0.000000
    13 0.000000 0.000000 0.000000 0.000000 0.000000 0.000000
    14 0.000000 0.000000 0.000000 0.000000 0.000000 0.000000
    15 0.000000 0.000000 0.000000 0.000000 0.000000 0.000000
    16 0.000000 0.000000 0.000000 0.000000 0.000000 0.000000
    17 0.000000 0.000000 0.000000 0.004945 -0.120494 -0.079197
    18 0.000000 0.000000 0.000000 0.000000 0.000000 0.037679
    19 11.203125 -0.000001 0.000002 0.557778 0.364985 -0.352218
    20 3.548828 0.198730 -1.489258 -0.472246 0.063925 -0.818719
    21 1.218750 0.000001 0.000003 -0.004612 0.097481 -1.230554
    22 0.679688 0.000000 0.000000 0.011364 0.086977 -1.036816
    23 3.697266 0.267334 -0.728516 -0.164776 0.147479 -0.995499
    24 1.748047 0.000000 0.000001 0.000213 0.027092 -1.054100
    25 0.959961 -0.000001 0.000000 0.002325 0.039401 -1.101803
    26 3.767578 0.152466 0.071350 0.074637 0.103122 -0.865115
    27 2.037109 -0.000001 -0.000002 0.001515 -0.004364 -1.439416
    28 1.066406 0.000000 0.000001 -0.001244 -0.005671 -0.962931
    29 3.783203 -0.017258 0.794434 0.348232 0.068438 -0.758273
    30 1.628906 -0.000001 0.000002 0.018830 -0.066667 -1.332708
    31 0.955566 0.000001 0.000001 -0.000001 -0.069718 -1.033963
    32 1.258789 -0.297852 1.251953 -1.245151 -0.163241 -0.922789
    33 1.392578 0.000000 -0.000002 0.000001 0.002024 0.349108
    34 1.099609 0.000000 -0.000001 0.000001 0.013128 0.596757
    35 0.000000 0.000000 0.000000 0.000000 0.000000 0.000000
    36 0.000000 0.000000 0.000000 -0.094118 0.114715 -0.176954
    37 0.000000 0.000000 0.000000 0.000000 0.000000 -0.047722
    38 11.203125 0.000000 0.000002 -1.049277 -0.434038 -0.008364
    39 3.548828 0.211304 1.487305 0.492427 0.054648 -1.044090
    40 1.218750 0.000000 0.000000 0.004612 -0.097480 -1.485808
    41 0.679688 -0.000002 0.000001 -0.011363 -0.086976 -1.292069
    42 3.697266 0.273682 0.726563 0.167567 -0.105308 -1.247601
    43 1.748047 0.000001 0.000000 -0.000213 -0.027092 -1.309354
    44 0.959961 -0.000001 -0.000001 -0.002324 -0.039401 -1.357058
    45 3.767578 0.151855 -0.072693 -0.059050 -0.120242 -1.121067
    46 2.037109 -0.000001 -0.000002 -0.001514 0.004365 -1.694671
    47 1.066406 0.000002 -0.000003 0.001244 0.005670 -1.218185
    48 3.783203 -0.023941 -0.794434 -0.321316 -0.152718 -1.000774
    49 1.628906 -0.000001 -0.000004 -0.018830 0.066667 -1.587963
    50 0.955566 -0.000001 0.000001 -0.000001 0.069718 -1.289218
    51 1.258789 -0.308350 -1.250000 1.322030 0.226765 -0.566100
    52 1.392578 -0.000002 0.000000 0.000000 -0.002024 0.427650
    53 1.099609 0.000000 0.000001 -0.000001 -0.013127 0.125518
    54 0.000000 0.000000 0.000000 0.000000 0.000000 0.000000
    55 0.000000 0.000000 0.000000 0.000000 0.000000 0.000000
    56 0.000000 0.000000 0.000000 0.000000 0.000000 0.000000
    57 0.000000 0.000000 0.000000 0.000000 0.000000 0.000000
    58 0.000000 0.000000 0.000000 0.000000 0.000000 0.000000
    59 0.000000 0.000000 0.000000 0.000000 0.000000 0.000000
    60 0.000000 0.000000 0.000000 0.000000 0.000000 0.000000
    61 0.000000 0.000000 0.000000 0.000000 0.000000 0.000000
    62 0.000000 0.000000 0.000000 0.000000 0.000000 0.000000
    63 0.000000 0.000000 0.000000 0.000000 0.000000 0.000000
    64 0.000000 0.000000 0.000000 0.000000 0.000000 0.000000
    65 0.000000 0.000000 0.000000 0.000000 0.000000 0.000000
    66 0.000000 0.000000 0.000000 0.000000 0.000000 0.000000
    67 0.000000 0.000000 0.000000 0.000000 0.000000 0.000000
    68 0.000000 0.000000 0.000000 0.000000 0.000000 0.000000
    69 0.000000 0.000000 0.000000 0.000000 0.000000 0.000000
  time 27
    0 0.000000 0.000000 0.000000 0.000000 0.000000 -1.570796
    1 0.000000 0.000000 0.000000 0.000000 0.000000 0.000000
    2 3.982422 -0.000004 -0.000003 -1.570794 0.051770 -1.611079
    3 15.937500 0.000000 0.000000 0.000000 0.000000 0.051653
    4 17.703125 0.000000 0.000000 0.017106 -0.070055 -1.175214
    5 6.203125 0.000001 0.000000 -0.011145 0.000933 -0.500513
    6 -3.982422 0.000007 0.000007 -1.570792 0.051771 -1.530509
    7 15.937500 0.000000 0.000000 0.000000 0.000000 0.051653
    8 17.703125 0.000000 0.000000 -0.006397 0.070029 -1.178166
    9 6.203125 0.000000 0.000000 -0.078650 -0.006185 -0.498943
    10 0.000000 0.000000 0.000000 0.000000 0.000000 0.000000
    11 0.000000 0.000000 0.000000 0.000000 0.000000 0.000000
    12 0.000000 0.000000 0.000000 0.000000 0.000000 0.000000
    13 0.000000 0.000000 0.000000 0.000000 0.000000 0.000000
    14 0.000000 0.000000 0.000000 0.000000 0.000000 0.000000
    15 0.000000 0.000000 0.000000 0.000000 0.000000 0.000000
    16 0.000000 0.000000 0.000000 0.000000 0.000000 0.000000
    17 0.000000 0.000000 0.000000 0.003108 -0.121926 -0.080370
    18 0.000000 0.000000 0.000000 0.000000 0.000000 0.043504
    19 11.203125 -0.000001 0.000002 0.557778 0.364985 -0.352218
    20 3.548828 0.198730 -1.489258 -0.472246 0.063925 -0.818719
    21 1.218750 0.000001 0.000003 -0.004612 0.097481 -1.230554
    22 0.679688 0.000000 0.000000 0.011364 0.086977 -1.036816
    23 3.697266 0.267334 -0.728516 -0.164776 0.147479 -0.995499
    24 1.748047 0.000000 0.000001 0.000213 0.027092 -1.054100
    25 0.959961 -0.000001 0.000000 0.002325 0.039401 -1.101803
    26 3.767578 0.152466 0.071350 0.074637 0.103122 -0.865115
    27 2.037109 -0.000001 -0.000002 0.001515 -0.004364 -1.439416
    28 1.066406 0.000000 0.000001 -0.001244 -0.005671 -0.962931
    29 3.783203 -0.017258 0.794434 0.348232 0.068438 -0.758273
    30 1.628906 -0.000001 0.000002 0.018830 -0.066667 -1.332708
    31 0.955566 0.000001 0.000001 -0.000001 -0.069718 -1.033963
    32 1.258789 -0.297852 1.251953 -1.245151 -0.163241 -0.922789
    33 1.392578 0.000000 -0.000002 0.000001 0.002024 0.349108
    34 1.099609 0.000000 -0.000001 0.000001 0.013128 0.596757
    35 0.000000 0.000000 0.000000 0.000000 0.000000 0.000000
    36 0.000000 0.000000 0.000000 -0.091433 0.110907 -0.186438
    37 0.000000 0.000000 0.000000 0.000000 0.000000 -0.036729
    38 11.203125 0.000000 0.000002 -1.049277 -0.434038 -0.008364
    39 3.548828 0.211304 1.487305 0.492427 0.054648 -1.044090
    40 1.218750 0.000000 0.000000 0.004612 -0.097480 -1.485808
    41 0.679688 -0.000002 0.000001 -0.011363 -0.086976 -1.292069
    42 3.697266 0.273682 0.726563 0.167567 -0.105308 -1.247601
    43 1.748047 0.000001 0.000000 -0.000213 -0.027092 -1.309354
    44 0.959961 -0.000001 -0.000001 -0.002324 -0.039401 -1.357058
    45 3.767578 0.151855 -0.072693 -0.059050 -0.120242 -1.121067
    46 2.037109 -0.000001 -0.000002 -0.001514 0.004365 -1.694671
    47 1.066406 0.000002 -0.000003 0.001244 0.005670 -1.218185
    48 3.783203 -0.023941 -0.794434 -0.321316 -0.152718 -1.000774
    49 1.628906 -0.000001 -0.000004 -0.018830 0.066667 -1.587963
    50 0.955566 -0.000001 0.000001 -0.000001 0.069718 -1.289218
    51 1.258789 -0.308350 -1.250000 1.322030 0.226765 -0.566100
    52 1.392578 -0.000002 0.000000 0.000000 -0.002024 0.427650
    53 1.099609 0.000000 0.000001 -0.000001 -0.013127 0.125518
    54 0.000000 0.000000 0.000000 0.000000 0.000000 0.000000
    55 0.000000 0.000000 0.000000 0.000000 0.000000 0.000000
    56 0.000000 0.000000 0.000000 0.000000 0.000000 0.000000
    57 0.000000 0.000000 0.000000 0.000000 0.000000 0.000000
    58 0.000000 0.000000 0.000000 0.000000 0.000000 0.000000
    59 0.000000 0.000000 0.000000 0.000000 0.000000 0.000000
    60 0.000000 0.000000 0.000000 0.000000 0.000000 0.000000
    61 0.000000 0.000000 0.000000 0.000000 0.000000 0.000000
    62 0.000000 0.000000 0.000000 0.000000 0.000000 0.000000
    63 0.000000 0.000000 0.000000 0.000000 0.000000 0.000000
    64 0.000000 0.000000 0.000000 0.000000 0.000000 0.000000
    65 0.000000 0.000000 0.000000 0.000000 0.000000 0.000000
    66 0.000000 0.000000 0.000000 0.000000 0.000000 0.000000
    67 0.000000 0.000000 0.000000 0.000000 0.000000 0.000000
    68 0.000000 0.000000 0.000000 0.000000 0.000000 0.000000
    69 0.000000 0.000000 0.000000 0.000000 0.000000 0.000000
  time 28
    0 0.000000 0.000000 0.000000 0.000000 0.000000 -1.570796
    1 0.000000 0.000000 0.000000 0.000000 0.000000 0.000000
    2 3.982422 -0.000004 -0.000003 -1.570794 0.051770 -1.611079
    3 15.937500 0.000000 0.000000 0.000000 0.000000 0.051653
    4 17.703125 0.000000 0.000000 0.017106 -0.070055 -1.175214
    5 6.203125 0.000001 0.000000 -0.011145 0.000933 -0.500513
    6 -3.982422 0.000007 0.000007 -1.570792 0.051771 -1.530509
    7 15.937500 0.000000 0.000000 0.000000 0.000000 0.051653
    8 17.703125 0.000000 0.000000 -0.006397 0.070029 -1.178166
    9 6.203125 0.000000 0.000000 -0.078650 -0.006185 -0.498943
    10 0.000000 0.000000 0.000000 0.000000 0.000000 0.000000
    11 0.000000 0.000000 0.000000 0.000000 0.000000 0.000000
    12 0.000000 0.000000 0.000000 0.000000 0.000000 0.000000
    13 0.000000 0.000000 0.000000 0.000000 0.000000 0.000000
    14 0.000000 0.000000 0.000000 0.000000 0.000000 0.000000
    15 0.000000 0.000000 0.000000 0.000000 0.000000 0.000000
    16 0.000000 0.000000 0.000000 0.000000 0.000000 0.000000
    17 0.000000 0.000000 0.000000 0.001554 -0.121754 -0.079954
    18 0.000000 0.000000 0.000000 0.000000 0.000000 0.049993
    19 11.203125 -0.000001 0.000002 0.557778 0.364985 -0.352218
    20 3.548828 0.198730 -1.489258 -0.472246 0.063925 -0.818719
    21 1.218750 0.000001 0.000003 -0.004612 0.097481 -1.230554
    22 0.679688 0.000000 0.000000 0.011364 0.086977 -1.036816
    23 3.697266 0.267334 -0.728516 -0.164776 0.147479 -0.995499
    24 1.748047 0.000000 0.000001 0.000213 0.027092 -1.054100
    25 0.959961 -0.000001 0.000000 0.002325 0.039401 -1.101803
    26 3.767578 0.152466 0.071350 0.074637 0.103122 -0.865115
    27 2.037109 -0.000001 -0.000002 0.001515 -0.004364 -1.439416
    28 1.066406 0.000000 0.000001 -0.001244 -0.005671 -0.962931
    29 3.783203 -0.017258 0.794434 0.348232 0.068438 -0.758273
    30 1.628906 -0.000001 0.000002 0.018830 -0.066667 -1.332708
    31 0.955566 0.000001 0.000001 -0.000001 -0.069718 -1.033963
    32 1.258789 -0.297852 1.251953 -1.245151 -0.163241 -0.922789
    33 1.392578 0.000000 -0.000002 0.000001 0.002024 0.349108
    34 1.099609 0.000000 -0.000001 0.000001 0.013128 0.596757
    35 0.000000 0.000000 0.000000 0.000000 0.000000 0.000000
    36 0.000000 0.000000 0.000000 -0.087587 0.106200 -0.195631
    37 0.000000 0.000000 0.000000 0.000000 0.000000 -0.023448
    38 11.203125 0.000000 0.000002 -1.049277 -0.434038 -0.008364
    39 3.548828 0.211304 1.487305 0.492427 0.054648 -1.044090
    40 1.218750 0.000000 0.000000 0.004612 -0.097480 -1.485808
    41 0.679688 -0.000002 0.000001 -0.011363 -0.086976 -1.292069
    42 3.697266 0.273682 0.726563 0.167567 -0.105308 -1.247601
    43 1.748047 0.000001 0.000000 -0.000213 -0.027092 -1.309354
    44 0.959961 -0.000001 -0.000001 -0.002324 -0.039401 -1.357058
    45 3.767578 0.151855 -0.072693 -0.059050 -0.120242 -1.121067
    46 2.037109 -0.000001 -0.000002 -0.001514 0.004365 -1.694671
    47 1.066406 0.000002 -0.000003 0.001244 0.005670 -1.218185
    48 3.783203 -0.023941 -0.794434 -0.321316 -0.152718 -1.000774
    49 1.628906 -0.000001 -0.000004 -0.018830 0.066667 -1.587963
    50 0.955566 -0.000001 0.000001 -0.000001 0.069718 -1.289218
    51 1.258789 -0.308350 -1.250000 1.322030 0.226765 -0.566100
    52 1.392578 -0.000002 0.000000 0.000000 -0.002024 0.427650
    53 1.099609 0.000000 0.000001 -0.000001 -0.013127 0.125518
    54 0.000000 0.000000 0.000000 0.000000 0.000000 0.000000
    55 0.000000 0.000000 0.000000 0.000000 0.000000 0.000000
    56 0.000000 0.000000 0.000000 0.000000 0.000000 0.000000
    57 0.000000 0.000000 0.000000 0.000000 0.000000 0.000000
    58 0.000000 0.000000 0.000000 0.000000 0.000000 0.000000
    59 0.000000 0.000000 0.000000 0.000000 0.000000 0.000000
    60 0.000000 0.000000 0.000000 0.000000 0.000000 0.000000
    61 0.000000 0.000000 0.000000 0.000000 0.000000 0.000000
    62 0.000000 0.000000 0.000000 0.000000 0.000000 0.000000
    63 0.000000 0.000000 0.000000 0.000000 0.000000 0.000000
    64 0.000000 0.000000 0.000000 0.000000 0.000000 0.000000
    65 0.000000 0.000000 0.000000 0.000000 0.000000 0.000000
    66 0.000000 0.000000 0.000000 0.000000 0.000000 0.000000
    67 0.000000 0.000000 0.000000 0.000000 0.000000 0.000000
    68 0.000000 0.000000 0.000000 0.000000 0.000000 0.000000
    69 0.000000 0.000000 0.000000 0.000000 0.000000 0.000000
  time 29
    0 0.000000 0.000000 0.000000 0.000000 0.000000 -1.570796
    1 0.000000 0.000000 0.000000 0.000000 0.000000 0.000000
    2 3.982422 -0.000004 -0.000003 -1.570794 0.051770 -1.611079
    3 15.937500 0.000000 0.000000 0.000000 0.000000 0.051653
    4 17.703125 0.000000 0.000000 0.017106 -0.070055 -1.175214
    5 6.203125 0.000001 0.000000 -0.011145 0.000933 -0.500513
    6 -3.982422 0.000007 0.000007 -1.570792 0.051771 -1.530509
    7 15.937500 0.000000 0.000000 0.000000 0.000000 0.051653
    8 17.703125 0.000000 0.000000 -0.006397 0.070029 -1.178166
    9 6.203125 0.000000 0.000000 -0.078650 -0.006185 -0.498943
    10 0.000000 0.000000 0.000000 0.000000 0.000000 0.000000
    11 0.000000 0.000000 0.000000 0.000000 0.000000 0.000000
    12 0.000000 0.000000 0.000000 0.000000 0.000000 0.000000
    13 0.000000 0.000000 0.000000 0.000000 0.000000 0.000000
    14 0.000000 0.000000 0.000000 0.000000 0.000000 0.000000
    15 0.000000 0.000000 0.000000 0.000000 0.000000 0.000000
    16 0.000000 0.000000 0.000000 0.000000 0.000000 0.000000
    17 0.000000 0.000000 0.000000 0.000424 -0.119519 -0.077458
    18 0.000000 0.000000 0.000000 0.000000 0.000000 0.057072
    19 11.203125 -0.000001 0.000002 0.557778 0.364985 -0.352218
    20 3.548828 0.198730 -1.489258 -0.472246 0.063925 -0.818719
    21 1.218750 0.000001 0.000003 -0.004612 0.097481 -1.230554
    22 0.679688 0.000000 0.000000 0.011364 0.086977 -1.036816
    23 3.697266 0.267334 -0.728516 -0.164776 0.147479 -0.995499
    24 1.748047 0.000000 0.000001 0.000213 0.027092 -1.054100
    25 0.959961 -0.000001 0.000000 0.002325 0.039401 -1.101803
    26 3.767578 0.152466 0.071350 0.074637 0.103122 -0.865115
    27 2.037109 -0.000001 -0.000002 0.001515 -0.004364 -1.439416
    28 1.066406 0.000000 0.000001 -0.001244 -0.005671 -0.962931
    29 3.783203 -0.017258 0.794434 0.348232 0.068438 -0.758273
    30 1.628906 -0.000001 0.000002 0.018830 -0.066667 -1.332708
    31 0.955566 0.000001 0.000001 -0.000001 -0.069718 -1.033963
    32 1.258789 -0.297852 1.251953 -1.245151 -0.163241 -0.922789
    33 1.392578 0.000000 -0.000002 0.000001 0.002024 0.349108
    34 1.099609 0.000000 -0.000001 0.000001 0.013128 0.596757
    35 0.000000 0.000000 0.000000 0.000000 0.000000 0.000000
    36 0.000000 0.000000 0.000000 -0.083088 0.102046 -0.204907
    37 0.000000 0.000000 0.000000 0.000000 0.000000 -0.006736
    38 11.203125 0.000000 0.000002 -1.049277 -0.434038 -0.008364
    39 3.548828 0.211304 1.487305 0.492427 0.054648 -1.044090
    40 1.218750 0.000000 0.000000 0.004612 -0.097480 -1.485808
    41 0.679688 -0.000002 0.000001 -0.011363 -0.086976 -1.292069
    42 3.697266 0.273682 0.726563 0.167567 -0.105308 -1.247601
    43 1.748047 0.000001 0.000000 -0.000213 -0.027092 -1.309354
    44 0.959961 -0.000001 -0.000001 -0.002324 -0.039401 -1.357058
    45 3.767578 0.151855 -0.072693 -0.059050 -0.120242 -1.121067
    46 2.037109 -0.000001 -0.000002 -0.001514 0.004365 -1.694671
    47 1.066406 0.000002 -0.000003 0.001244 0.005670 -1.218185
    48 3.783203 -0.023941 -0.794434 -0.321316 -0.152718 -1.000774
    49 1.628906 -0.000001 -0.000004 -0.018830 0.066667 -1.587963
    50 0.955566 -0.000001 0.000001 -0.000001 0.069718 -1.289218
    51 1.258789 -0.308350 -1.250000 1.322030 0.226765 -0.566100
    52 1.392578 -0.000002 0.000000 0.000000 -0.002024 0.427650
    53 1.099609 0.000000 0.000001 -0.000001 -0.013127 0.125518
    54 0.000000 0.000000 0.000000 0.000000 0.000000 0.000000
    55 0.000000 0.000000 0.000000 0.000000 0.000000 0.000000
    56 0.000000 0.000000 0.000000 0.000000 0.000000 0.000000
    57 0.000000 0.000000 0.000000 0.000000 0.000000 0.000000
    58 0.000000 0.000000 0.000000 0.000000 0.000000 0.000000
    59 0.000000 0.000000 0.000000 0.000000 0.000000 0.000000
    60 0.000000 0.000000 0.000000 0.000000 0.000000 0.000000
    61 0.000000 0.000000 0.000000 0.000000 0.000000 0.000000
    62 0.000000 0.000000 0.000000 0.000000 0.000000 0.000000
    63 0.000000 0.000000 0.000000 0.000000 0.000000 0.000000
    64 0.000000 0.000000 0.000000 0.000000 0.000000 0.000000
    65 0.000000 0.000000 0.000000 0.000000 0.000000 0.000000
    66 0.000000 0.000000 0.000000 0.000000 0.000000 0.000000
    67 0.000000 0.000000 0.000000 0.000000 0.000000 0.000000
    68 0.000000 0.000000 0.000000 0.000000 0.000000 0.000000
    69 0.000000 0.000000 0.000000 0.000000 0.000000 0.000000
  time 30
    0 0.000000 0.000000 0.000000 0.000000 0.000000 -1.570796
    1 0.000000 0.000000 0.000000 0.000000 0.000000 0.000000
    2 3.982422 -0.000004 -0.000003 -1.570794 0.051770 -1.611079
    3 15.937500 0.000000 0.000000 0.000000 0.000000 0.051653
    4 17.703125 0.000000 0.000000 0.017106 -0.070055 -1.175214
    5 6.203125 0.000001 0.000000 -0.011145 0.000933 -0.500513
    6 -3.982422 0.000007 0.000007 -1.570792 0.051771 -1.530509
    7 15.937500 0.000000 0.000000 0.000000 0.000000 0.051653
    8 17.703125 0.000000 0.000000 -0.006397 0.070029 -1.178166
    9 6.203125 0.000000 0.000000 -0.078650 -0.006185 -0.498943
    10 0.000000 0.000000 0.000000 0.000000 0.000000 0.000000
    11 0.000000 0.000000 0.000000 0.000000 0.000000 0.000000
    12 0.000000 0.000000 0.000000 0.000000 0.000000 0.000000
    13 0.000000 0.000000 0.000000 0.000000 0.000000 0.000000
    14 0.000000 0.000000 0.000000 0.000000 0.000000 0.000000
    15 0.000000 0.000000 0.000000 0.000000 0.000000 0.000000
    16 0.000000 0.000000 0.000000 0.000000 0.000000 0.000000
    17 0.000000 0.000000 0.000000 -0.000212 -0.116052 -0.074129
    18 0.000000 0.000000 0.000000 0.000000 0.000000 0.066067
    19 11.203125 -0.000001 0.000002 0.557778 0.364985 -0.352218
    20 3.548828 0.198730 -1.489258 -0.472246 0.063925 -0.818719
    21 1.218750 0.000001 0.000003 -0.004612 0.097481 -1.230554
    22 0.679688 0.000000 0.000000 0.011364 0.086977 -1.036816
    23 3.697266 0.267334 -0.728516 -0.164776 0.147479 -0.995499
    24 1.748047 0.000000 0.000001 0.000213 0.027092 -1.054100
    25 0.959961 -0.000001 0.000000 0.002325 0.039401 -1.101803
    26 3.767578 0.152466 0.071350 0.074637 0.103122 -0.865115
    27 2.037109 -0.000001 -0.000002 0.001515 -0.004364 -1.439416
    28 1.066406 0.000000 0.000001 -0.001244 -0.005671 -0.962931
    29 3.783203 -0.017258 0.794434 0.348232 0.068438 -0.758273
    30 1.628906 -0.000001 0.000002 0.018830 -0.066667 -1.332708
    31 0.955566 0.000001 0.000001 -0.000001 -0.069718 -1.033963
    32 1.258789 -0.297852 1.251953 -1.245151 -0.163241 -0.922789
    33 1.392578 0.000000 -0.000002 0.000001 0.002024 0.349108
    34 1.099609 0.000000 -0.000001 0.000001 0.013128 0.596757
    35 0.000000 0.000000 0.000000 0.000000 0.000000 0.000000
    36 0.000000 0.000000 0.000000 -0.078516 0.101146 -0.214433
    37 0.000000 0.000000 0.000000 0.000000 0.000000 0.014425
    38 11.203125 0.000000 0.000002 -1.049277 -0.434038 -0.008364
    39 3.548828 0.211304 1.487305 0.492427 0.054648 -1.044090
    40 1.218750 0.000000 0.000000 0.004612 -0.097480 -1.485808
    41 0.679688 -0.000002 0.000001 -0.011363 -0.086976 -1.292069
    42 3.697266 0.273682 0.726563 0.167567 -0.105308 -1.247601
    43 1.748047 0.000001 0.000000 -0.000213 -0.027092 -1.309354
    44 0.959961 -0.000001 -0.000001 -0.002324 -0.039401 -1.357058
    45 3.767578 0.151855 -0.072693 -0.059050 -0.120242 -1.121067
    46 2.037109 -0.000001 -0.000002 -0.001514 0.004365 -1.694671
    47 1.066406 0.000002 -0.000003 0.001244 0.005670 -1.218185
    48 3.783203 -0.023941 -0.794434 -0.321316 -0.152718 -1.000774
    49 1.628906 -0.000001 -0.000004 -0.018830 0.066667 -1.587963
    50 0.955566 -0.000001 0.000001 -0.000001 0.069718 -1.289218
    51 1.258789 -0.308350 -1.250000 1.322030 0.226765 -0.566100
    52 1.392578 -0.000002 0.000000 0.000000 -0.002024 0.427650
    53 1.099609 0.000000 0.000001 -0.000001 -0.013127 0.125518
    54 0.000000 0.000000 0.000000 0.000000 0.000000 0.000000
    55 0.000000 0.000000 0.000000 0.000000 0.000000 0.000000
    56 0.000000 0.000000 0.000000 0.000000 0.000000 0.000000
    57 0.000000 0.000000 0.000000 0.000000 0.000000 0.000000
    58 0.000000 0.000000 0.000000 0.000000 0.000000 0.000000
    59 0.000000 0.000000 0.000000 0.000000 0.000000 0.000000
    60 0.000000 0.000000 0.000000 0.000000 0.000000 0.000000
    61 0.000000 0.000000 0.000000 0.000000 0.000000 0.000000
    62 0.000000 0.000000 0.000000 0.000000 0.000000 0.000000
    63 0.000000 0.000000 0.000000 0.000000 0.000000 0.000000
    64 0.000000 0.000000 0.000000 0.000000 0.000000 0.000000
    65 0.000000 0.000000 0.000000 0.000000 0.000000 0.000000
    66 0.000000 0.000000 0.000000 0.000000 0.000000 0.000000
    67 0.000000 0.000000 0.000000 0.000000 0.000000 0.000000
    68 0.000000 0.000000 0.000000 0.000000 0.000000 0.000000
    69 0.000000 0.000000 0.000000 0.000000 0.000000 0.000000
  time 31
    0 0.000000 0.000000 0.000000 0.000000 0.000000 -1.570796
    1 0.000000 0.000000 0.000000 0.000000 0.000000 0.000000
    2 3.982422 -0.000004 -0.000003 -1.570794 0.051770 -1.611079
    3 15.937500 0.000000 0.000000 0.000000 0.000000 0.051653
    4 17.703125 0.000000 0.000000 0.017106 -0.070055 -1.175214
    5 6.203125 0.000001 0.000000 -0.011145 0.000933 -0.500513
    6 -3.982422 0.000007 0.000007 -1.570792 0.051771 -1.530509
    7 15.937500 0.000000 0.000000 0.000000 0.000000 0.051653
    8 17.703125 0.000000 0.000000 -0.006397 0.070029 -1.178166
    9 6.203125 0.000000 0.000000 -0.078650 -0.006185 -0.498943
    10 0.000000 0.000000 0.000000 0.000000 0.000000 0.000000
    11 0.000000 0.000000 0.000000 0.000000 0.000000 0.000000
    12 0.000000 0.000000 0.000000 0.000000 0.000000 0.000000
    13 0.000000 0.000000 0.000000 0.000000 0.000000 0.000000
    14 0.000000 0.000000 0.000000 0.000000 0.000000 0.000000
    15 0.000000 0.000000 0.000000 0.000000 0.000000 0.000000
    16 0.000000 0.000000 0.000000 0.000000 0.000000 0.000000
    17 0.000000 0.000000 0.000000 -0.000283 -0.110837 -0.069024
    18 0.000000 0.000000 0.000000 0.000000 0.000000 0.076538
    19 11.203125 -0.000001 0.000002 0.557778 0.364985 -0.352218
    20 3.548828 0.198730 -1.489258 -0.472246 0.063925 -0.818719
    21 1.218750 0.000001 0.000003 -0.004612 0.097481 -1.230554
    22 0.679688 0.000000 0.000000 0.011364 0.086977 -1.036816
    23 3.697266 0.267334 -0.728516 -0.164776 0.147479 -0.995499
    24 1.748047 0.000000 0.000001 0.000213 0.027092 -1.054100
    25 0.959961 -0.000001 0.000000 0.002325 0.039401 -1.101803
    26 3.767578 0.152466 0.071350 0.074637 0.103122 -0.865115
    27 2.037109 -0.000001 -0.000002 0.001515 -0.004364 -1.439416
    28 1.066406 0.000000 0.000001 -0.001244 -0.005671 -0.962931
    29 3.783203 -0.017258 0.794434 0.348232 0.068438 -0.758273
    30 1.628906 -0.000001 0.000002 0.018830 -0.066667 -1.332708
    31 0.955566 0.000001 0.000001 -0.000001 -0.069718 -1.033963
    32 1.258789 -0.297852 1.251953 -1.245151 -0.163241 -0.922789
    33 1.392578 0.000000 -0.000002 0.000001 0.002024 0.349108
    34 1.099609 0.000000 -0.000001 0.000001 0.013128 0.596757
    35 0.000000 0.000000 0.000000 0.000000 0.000000 0.000000
    36 0.000000 0.000000 0.000000 -0.073582 0.099138 -0.219799
    37 0.000000 0.000000 0.000000 0.000000 0.000000 0.037174
    38 11.203125 0.000000 0.000002 -1.049277 -0.434038 -0.008364
    39 3.548828 0.211304 1.487305 0.492427 0.054648 -1.044090
    40 1.218750 0.000000 0.000000 0.004612 -0.097480 -1.485808
    41 0.679688 -0.000002 0.000001 -0.011363 -0.086976 -1.292069
    42 3.697266 0.273682 0.726563 0.167567 -0.105308 -1.247601
    43 1.748047 0.000001 0.000000 -0.000213 -0.027092 -1.309354
    44 0.959961 -0.000001 -0.000001 -0.002324 -0.039401 -1.357058
    45 3.767578 0.151855 -0.072693 -0.059050 -0.120242 -1.121067
    46 2.037109 -0.000001 -0.000002 -0.001514 0.004365 -1.694671
    47 1.066406 0.000002 -0.000003 0.001244 0.005670 -1.218185
    48 3.783203 -0.023941 -0.794434 -0.321316 -0.152718 -1.000774
    49 1.628906 -0.000001 -0.000004 -0.018830 0.066667 -1.587963
    50 0.955566 -0.000001 0.000001 -0.000001 0.069718 -1.289218
    51 1.258789 -0.308350 -1.250000 1.322030 0.226765 -0.566100
    52 1.392578 -0.000002 0.000000 0.000000 -0.002024 0.427650
    53 1.099609 0.000000 0.000001 -0.000001 -0.013127 0.125518
    54 0.000000 0.000000 0.000000 0.000000 0.000000 0.000000
    55 0.000000 0.000000 0.000000 0.000000 0.000000 0.000000
    56 0.000000 0.000000 0.000000 0.000000 0.000000 0.000000
    57 0.000000 0.000000 0.000000 0.000000 0.000000 0.000000
    58 0.000000 0.000000 0.000000 0.000000 0.000000 0.000000
    59 0.000000 0.000000 0.000000 0.000000 0.000000 0.000000
    60 0.000000 0.000000 0.000000 0.000000 0.000000 0.000000
    61 0.000000 0.000000 0.000000 0.000000 0.000000 0.000000
    62 0.000000 0.000000 0.000000 0.000000 0.000000 0.000000
    63 0.000000 0.000000 0.000000 0.000000 0.000000 0.000000
    64 0.000000 0.000000 0.000000 0.000000 0.000000 0.000000
    65 0.000000 0.000000 0.000000 0.000000 0.000000 0.000000
    66 0.000000 0.000000 0.000000 0.000000 0.000000 0.000000
    67 0.000000 0.000000 0.000000 0.000000 0.000000 0.000000
    68 0.000000 0.000000 0.000000 0.000000 0.000000 0.000000
    69 0.000000 0.000000 0.000000 0.000000 0.000000 0.000000
  time 32
    0 0.000000 0.000000 0.000000 0.000000 0.000000 -1.570796
    1 0.000000 0.000000 0.000000 0.000000 0.000000 0.000000
    2 3.982422 -0.000004 -0.000003 -1.570794 0.051770 -1.611079
    3 15.937500 0.000000 0.000000 0.000000 0.000000 0.051653
    4 17.703125 0.000000 0.000000 0.017106 -0.070055 -1.175214
    5 6.203125 0.000001 0.000000 -0.011145 0.000933 -0.500513
    6 -3.982422 0.000007 0.000007 -1.570792 0.051771 -1.530509
    7 15.937500 0.000000 0.000000 0.000000 0.000000 0.051653
    8 17.703125 0.000000 0.000000 -0.006397 0.070029 -1.178166
    9 6.203125 0.000000 0.000000 -0.078650 -0.006185 -0.498943
    10 0.000000 0.000000 0.000000 0.000000 0.000000 0.000000
    11 0.000000 0.000000 0.000000 0.000000 0.000000 0.000000
    12 0.000000 0.000000 0.000000 0.000000 0.000000 0.000000
    13 0.000000 0.000000 0.000000 0.000000 0.000000 0.000000
    14 0.000000 0.000000 0.000000 0.000000 0.000000 0.000000
    15 0.000000 0.000000 0.000000 0.000000 0.000000 0.000000
    16 0.000000 0.000000 0.000000 0.000000 0.000000 0.000000
    17 0.000000 0.000000 0.000000 0.000636 -0.102412 -0.059379
    18 0.000000 0.000000 0.000000 0.000000 0.000000 0.085165
    19 11.203125 -0.000001 0.000002 0.557778 0.364985 -0.352218
    20 3.548828 0.198730 -1.489258 -0.472246 0.063925 -0.818719
    21 1.218750 0.000001 0.000003 -0.004612 0.097481 -1.230554
    22 0.679688 0.000000 0.000000 0.011364 0.086977 -1.036816
    23 3.697266 0.267334 -0.728516 -0.164776 0.147479 -0.995499
    24 1.748047 0.000000 0.000001 0.000213 0.027092 -1.054100
    25 0.959961 -0.000001 0.000000 0.002325 0.039401 -1.101803
    26 3.767578 0.152466 0.071350 0.074637 0.103122 -0.865115
    27 2.037109 -0.000001 -0.000002 0.001515 -0.004364 -1.439416
    28 1.066406 0.000000 0.000001 -0.001244 -0.005671 -0.962931
    29 3.783203 -0.017258 0.794434 0.348232 0.068438 -0.758273
    30 1.628906 -0.000001 0.000002 0.018830 -0.066667 -1.332708
    31 0.955566 0.000001 0.000001 -0.000001 -0.069718 -1.033963
    32 1.258789 -0.297852 1.251953 -1.245151 -0.163241 -0.922789
    33 1.392578 0.000000 -0.000002 0.000001 0.002024 0.349108
    34 1.099609 0.000000 -0.000001 0.000001 0.013128 0.596757
    35 0.000000 0.000000 0.000000 0.000000 0.000000 0.000000
    36 0.000000 0.000000 0.000000 -0.068938 0.098480 -0.220839
    37 0.000000 0.000000 0.000000 0.000000 0.000000 0.051090
    38 11.203125 0.000000 0.000002 -1.049277 -0.434038 -0.008364
    39 3.548828 0.211304 1.487305 0.492427 0.054648 -1.044090
    40 1.218750 0.000000 0.000000 0.004612 -0.097480 -1.485808
    41 0.679688 -0.000002 0.000001 -0.011363 -0.086976 -1.292069
    42 3.697266 0.273682 0.726563 0.167567 -0.105308 -1.247601
    43 1.748047 0.000001 0.000000 -0.000213 -0.027092 -1.309354
    44 0.959961 -0.000001 -0.000001 -0.002324 -0.039401 -1.357058
    45 3.767578 0.151855 -0.072693 -0.059050 -0.120242 -1.121067
    46 2.037109 -0.000001 -0.000002 -0.001514 0.004365 -1.694671
    47 1.066406 0.000002 -0.000003 0.001244 0.005670 -1.218185
    48 3.783203 -0.023941 -0.794434 -0.321316 -0.152718 -1.000774
    49 1.628906 -0.000001 -0.000004 -0.018830 0.066667 -1.587963
    50 0.955566 -0.000001 0.000001 -0.000001 0.069718 -1.289218
    51 1.258789 -0.308350 -1.250000 1.322030 0.226765 -0.566100
    52 1.392578 -0.000002 0.000000 0.000000 -0.002024 0.427650
    53 1.099609 0.000000 0.000001 -0.000001 -0.013127 0.125518
    54 0.000000 0.000000 0.000000 0.000000 0.000000 0.000000
    55 0.000000 0.000000 0.000000 0.000000 0.000000 0.000000
    56 0.000000 0.000000 0.000000 0.000000 0.000000 0.000000
    57 0.000000 0.000000 0.000000 0.000000 0.000000 0.000000
    58 0.000000 0.000000 0.000000 0.000000 0.000000 0.000000
    59 0.000000 0.000000 0.000000 0.000000 0.000000 0.000000
    60 0.000000 0.000000 0.000000 0.000000 0.000000 0.000000
    61 0.000000 0.000000 0.000000 0.000000 0.000000 0.000000
    62 0.000000 0.000000 0.000000 0.000000 0.000000 0.000000
    63 0.000000 0.000000 0.000000 0.000000 0.000000 0.000000
    64 0.000000 0.000000 0.000000 0.000000 0.000000 0.000000
    65 0.000000 0.000000 0.000000 0.000000 0.000000 0.000000
    66 0.000000 0.000000 0.000000 0.000000 0.000000 0.000000
    67 0.000000 0.000000 0.000000 0.000000 0.000000 0.000000
    68 0.000000 0.000000 0.000000 0.000000 0.000000 0.000000
    69 0.000000 0.000000 0.000000 0.000000 0.000000 0.000000
  time 33
    0 0.000000 0.000000 0.000000 0.000000 0.000000 -1.570796
    1 0.000000 0.000000 0.000000 0.000000 0.000000 0.000000
    2 3.982422 -0.000004 -0.000003 -1.570794 0.051770 -1.611079
    3 15.937500 0.000000 0.000000 0.000000 0.000000 0.051653
    4 17.703125 0.000000 0.000000 0.017106 -0.070055 -1.175214
    5 6.203125 0.000001 0.000000 -0.011145 0.000933 -0.500513
    6 -3.982422 0.000007 0.000007 -1.570792 0.051771 -1.530509
    7 15.937500 0.000000 0.000000 0.000000 0.000000 0.051653
    8 17.703125 0.000000 0.000000 -0.006397 0.070029 -1.178166
    9 6.203125 0.000000 0.000000 -0.078650 -0.006185 -0.498943
    10 0.000000 0.000000 0.000000 0.000000 0.000000 0.000000
    11 0.000000 0.000000 0.000000 0.000000 0.000000 0.000000
    12 0.000000 0.000000 0.000000 0.000000 0.000000 0.000000
    13 0.000000 0.000000 0.000000 0.000000 0.000000 0.000000
    14 0.000000 0.000000 0.000000 0.000000 0.000000 0.000000
    15 0.000000 0.000000 0.000000 0.000000 0.000000 0.000000
    16 0.000000 0.000000 0.000000 0.000000 0.000000 0.000000
    17 0.000000 0.000000 0.000000 0.001695 -0.094676 -0.049167
    18 0.000000 0.000000 0.000000 0.000000 0.000000 0.089810
    19 11.203125 -0.000001 0.000002 0.557778 0.364985 -0.352218
    20 3.548828 0.198730 -1.489258 -0.472246 0.063925 -0.818719
    21 1.218750 0.000001 0.000003 -0.004612 0.097481 -1.230554
    22 0.679688 0.000000 0.000000 0.011364 0.086977 -1.036816
    23 3.697266 0.267334 -0.728516 -0.164776 0.147479 -0.995499
    24 1.748047 0.000000 0.000001 0.000213 0.027092 -1.054100
    25 0.959961 -0.000001 0.000000 0.002325 0.039401 -1.101803
    26 3.767578 0.152466 0.071350 0.074637 0.103122 -0.865115
    27 2.037109 -0.000001 -0.000002 0.001515 -0.004364 -1.439416
    28 1.066406 0.000000 0.000001 -0.001244 -0.005671 -0.962931
    29 3.783203 -0.017258 0.794434 0.348232 0.068438 -0.758273
    30 1.628906 -0.000001 0.000002 0.018830 -0.066667 -1.332708
    31 0.955566 0.000001 0.000001 -0.000001 -0.069718 -1.033963
    32 1.258789 -0.297852 1.251953 -1.245151 -0.163241 -0.922789
    33 1.392578 0.000000 -0.000002 0.000001 0.002024 0.349108
    34 1.099609 0.000000 -0.000001 0.000001 0.013128 0.596757
    35 0.000000 0.000000 0.000000 0.000000 0.000000 0.000000
    36 0.000000 0.000000 0.000000 -0.065309 0.098896 -0.220340
    37 0.000000 0.000000 0.000000 0.000000 0.000000 0.058398
    38 11.203125 0.000000 0.000002 -1.049277 -0.434038 -0.008364
    39 3.548828 0.211304 1.487305 0.492427 0.054648 -1.044090
    40 1.218750 0.000000 0.000000 0.004612 -0.097480 -1.485808
    41 0.679688 -0.000002 0.000001 -0.011363 -0.086976 -1.292069
    42 3.697266 0.273682 0.726563 0.167567 -0.105308 -1.247601
    43 1.748047 0.000001 0.000000 -0.000213 -0.027092 -1.309354
    44 0.959961 -0.000001 -0.000001 -0.002324 -0.039401 -1.357058
    45 3.767578 0.151855 -0.072693 -0.059050 -0.120242 -1.121067
    46 2.037109 -0.000001 -0.000002 -0.001514 0.004365 -1.694671
    47 1.066406 0.000002 -0.000003 0.001244 0.005670 -1.218185
    48 3.783203 -0.023941 -0.794434 -0.321316 -0.152718 -1.000774
    49 1.628906 -0.000001 -0.000004 -0.018830 0.066667 -1.587963
    50 0.955566 -0.000001 0.000001 -0.000001 0.069718 -1.289218
    51 1.258789 -0.308350 -1.250000 1.322030 0.226765 -0.566100
    52 1.392578 -0.000002 0.000000 0.000000 -0.002024 0.427650
    53 1.099609 0.000000 0.000001 -0.000001 -0.013127 0.125518
    54 0.000000 0.000000 0.000000 0.000000 0.000000 0.000000
    55 0.000000 0.000000 0.000000 0.000000 0.000000 0.000000
    56 0.000000 0.000000 0.000000 0.000000 0.000000 0.000000
    57 0.000000 0.000000 0.000000 0.000000 0.000000 0.000000
    58 0.000000 0.000000 0.000000 0.000000 0.000000 0.000000
    59 0.000000 0.000000 0.000000 0.000000 0.000000 0.000000
    60 0.000000 0.000000 0.000000 0.000000 0.000000 0.000000
    61 0.000000 0.000000 0.000000 0.000000 0.000000 0.000000
    62 0.000000 0.000000 0.000000 0.000000 0.000000 0.000000
    63 0.000000 0.000000 0.000000 0.000000 0.000000 0.000000
    64 0.000000 0.000000 0.000000 0.000000 0.000000 0.000000
    65 0.000000 0.000000 0.000000 0.000000 0.000000 0.000000
    66 0.000000 0.000000 0.000000 0.000000 0.000000 0.000000
    67 0.000000 0.000000 0.000000 0.000000 0.000000 0.000000
    68 0.000000 0.000000 0.000000 0.000000 0.000000 0.000000
    69 0.000000 0.000000 0.000000 0.000000 0.000000 0.000000
  time 34
    0 0.000000 0.000000 0.000000 0.000000 0.000000 -1.570796
    1 0.000000 0.000000 0.000000 0.000000 0.000000 0.000000
    2 3.982422 -0.000004 -0.000003 -1.570794 0.051770 -1.611079
    3 15.937500 0.000000 0.000000 0.000000 0.000000 0.051653
    4 17.703125 0.000000 0.000000 0.017106 -0.070055 -1.175214
    5 6.203125 0.000001 0.000000 -0.011145 0.000933 -0.500513
    6 -3.982422 0.000007 0.000007 -1.570792 0.051771 -1.530509
    7 15.937500 0.000000 0.000000 0.000000 0.000000 0.051653
    8 17.703125 0.000000 0.000000 -0.006397 0.070029 -1.178166
    9 6.203125 0.000000 0.000000 -0.078650 -0.006185 -0.498943
    10 0.000000 0.000000 0.000000 0.000000 0.000000 0.000000
    11 0.000000 0.000000 0.000000 0.000000 0.000000 0.000000
    12 0.000000 0.000000 0.000000 0.000000 0.000000 0.000000
    13 0.000000 0.000000 0.000000 0.000000 0.000000 0.000000
    14 0.000000 0.000000 0.000000 0.000000 0.000000 0.000000
    15 0.000000 0.000000 0.000000 0.000000 0.000000 0.000000
    16 0.000000 0.000000 0.000000 0.000000 0.000000 0.000000
    17 0.000000 0.000000 0.000000 0.002402 -0.088887 -0.040809
    18 0.000000 0.000000 0.000000 0.000000 0.000000 0.092318
    19 11.203125 -0.000001 0.000002 0.557778 0.364985 -0.352218
    20 3.548828 0.198730 -1.489258 -0.472246 0.063925 -0.818719
    21 1.218750 0.000001 0.000003 -0.004612 0.097481 -1.230554
    22 0.679688 0.000000 0.000000 0.011364 0.086977 -1.036816
    23 3.697266 0.267334 -0.728516 -0.164776 0.147479 -0.995499
    24 1.748047 0.000000 0.000001 0.000213 0.027092 -1.054100
    25 0.959961 -0.000001 0.000000 0.002325 0.039401 -1.101803
    26 3.767578 0.152466 0.071350 0.074637 0.103122 -0.865115
    27 2.037109 -0.000001 -0.000002 0.001515 -0.004364 -1.439416
    28 1.066406 0.000000 0.000001 -0.001244 -0.005671 -0.962931
    29 3.783203 -0.017258 0.794434 0.348232 0.068438 -0.758273
    30 1.628906 -0.000001 0.000002 0.018830 -0.066667 -1.332708
    31 0.955566 0.000001 0.000001 -0.000001 -0.069718 -1.033963
    32 1.258789 -0.297852 1.251953 -1.245151 -0.163241 -0.922789
    33 1.392578 0.000000 -0.000002 0.000001 0.002024 0.349108
    34 1.099609 0.000000 -0.000001 0.000001 0.013128 0.596757
    35 0.000000 0.000000 0.000000 0.000000 0.000000 0.000000
    36 0.000000 0.000000 0.000000 -0.063205 0.101423 -0.219425
    37 0.000000 0.000000 0.000000 0.000000 0.000000 0.063418
    38 11.203125 0.000000 0.000002 -1.049277 -0.434038 -0.008364
    39 3.548828 0.211304 1.487305 0.492427 0.054648 -1.044090
    40 1.218750 0.000000 0.000000 0.004612 -0.097480 -1.485808
    41 0.679688 -0.000002 0.000001 -0.011363 -0.086976 -1.292069
    42 3.697266 0.273682 0.726563 0.167567 -0.105308 -1.247601
    43 1.748047 0.000001 0.000000 -0.000213 -0.027092 -1.309354
    44 0.959961 -0.000001 -0.000001 -0.002324 -0.039401 -1.357058
    45 3.767578 0.151855 -0.072693 -0.059050 -0.120242 -1.121067
    46 2.037109 -0.000001 -0.000002 -0.001514 0.004365 -1.694671
    47 1.066406 0.000002 -0.000003 0.001244 0.005670 -1.218185
    48 3.783203 -0.023941 -0.794434 -0.321316 -0.152718 -1.000774
    49 1.628906 -0.000001 -0.000004 -0.018830 0.066667 -1.587963
    50 0.955566 -0.000001 0.000001 -0.000001 0.069718 -1.289218
    51 1.258789 -0.308350 -1.250000 1.322030 0.226765 -0.566100
    52 1.392578 -0.000002 0.000000 0.000000 -0.002024 0.427650
    53 1.099609 0.000000 0.000001 -0.000001 -0.013127 0.125518
    54 0.000000 0.000000 0.000000 0.000000 0.000000 0.000000
    55 0.000000 0.000000 0.000000 0.000000 0.000000 0.000000
    56 0.000000 0.000000 0.000000 0.000000 0.000000 0.000000
    57 0.000000 0.000000 0.000000 0.000000 0.000000 0.000000
    58 0.000000 0.000000 0.000000 0.000000 0.000000 0.000000
    59 0.000000 0.000000 0.000000 0.000000 0.000000 0.000000
    60 0.000000 0.000000 0.000000 0.000000 0.000000 0.000000
    61 0.000000 0.000000 0.000000 0.000000 0.000000 0.000000
    62 0.000000 0.000000 0.000000 0.000000 0.000000 0.000000
    63 0.000000 0.000000 0.000000 0.000000 0.000000 0.000000
    64 0.000000 0.000000 0.000000 0.000000 0.000000 0.000000
    65 0.000000 0.000000 0.000000 0.000000 0.000000 0.000000
    66 0.000000 0.000000 0.000000 0.000000 0.000000 0.000000
    67 0.000000 0.000000 0.000000 0.000000 0.000000 0.000000
    68 0.000000 0.000000 0.000000 0.000000 0.000000 0.000000
    69 0.000000 0.000000 0.000000 0.000000 0.000000 0.000000
  time 35
    0 0.000000 0.000000 0.000000 0.000000 0.000000 -1.570796
    1 0.000000 0.000000 0.000000 0.000000 0.000000 0.000000
    2 3.982422 -0.000004 -0.000003 -1.570794 0.051770 -1.611079
    3 15.937500 0.000000 0.000000 0.000000 0.000000 0.051653
    4 17.703125 0.000000 0.000000 0.017106 -0.070055 -1.175214
    5 6.203125 0.000001 0.000000 -0.011145 0.000933 -0.500513
    6 -3.982422 0.000007 0.000007 -1.570792 0.051771 -1.530509
    7 15.937500 0.000000 0.000000 0.000000 0.000000 0.051653
    8 17.703125 0.000000 0.000000 -0.006397 0.070029 -1.178166
    9 6.203125 0.000000 0.000000 -0.078650 -0.006185 -0.498943
    10 0.000000 0.000000 0.000000 0.000000 0.000000 0.000000
    11 0.000000 0.000000 0.000000 0.000000 0.000000 0.000000
    12 0.000000 0.000000 0.000000 0.000000 0.000000 0.000000
    13 0.000000 0.000000 0.000000 0.000000 0.000000 0.000000
    14 0.000000 0.000000 0.000000 0.000000 0.000000 0.000000
    15 0.000000 0.000000 0.000000 0.000000 0.000000 0.000000
    16 0.000000 0.000000 0.000000 0.000000 0.000000 0.000000
    17 0.000000 0.000000 0.000000 0.002826 -0.084102 -0.033510
    18 0.000000 0.000000 0.000000 0.000000 0.000000 0.093350
    19 11.203125 -0.000001 0.000002 0.557778 0.364985 -0.352218
    20 3.548828 0.198730 -1.489258 -0.472246 0.063925 -0.818719
    21 1.218750 0.000001 0.000003 -0.004612 0.097481 -1.230554
    22 0.679688 0.000000 0.000000 0.011364 0.086977 -1.036816
    23 3.697266 0.267334 -0.728516 -0.164776 0.147479 -0.995499
    24 1.748047 0.000000 0.000001 0.000213 0.027092 -1.054100
    25 0.959961 -0.000001 0.000000 0.002325 0.039401 -1.101803
    26 3.767578 0.152466 0.071350 0.074637 0.103122 -0.865115
    27 2.037109 -0.000001 -0.000002 0.001515 -0.004364 -1.439416
    28 1.066406 0.000000 0.000001 -0.001244 -0.005671 -0.962931
    29 3.783203 -0.017258 0.794434 0.348232 0.068438 -0.758273
    30 1.628906 -0.000001 0.000002 0.018830 -0.066667 -1.332708
    31 0.955566 0.000001 0.000001 -0.000001 -0.069718 -1.033963
    32 1.258789 -0.297852 1.251953 -1.245151 -0.163241 -0.922789
    33 1.392578 0.000000 -0.000002 0.000001 0.002024 0.349108
    34 1.099609 0.000000 -0.000001 0.000001 0.013128 0.596757
    35 0.000000 0.000000 0.000000 0.000000 0.000000 0.000000
    36 0.000000 0.000000 0.000000 -0.061971 0.104642 -0.217886
    37 0.000000 0.000000 0.000000 0.000000 0.000000 0.066786
    38 11.203125 0.000000 0.000002 -1.049277 -0.434038 -0.008364
    39 3.548828 0.211304 1.487305 0.492427 0.054648 -1.044090
    40 1.218750 0.000000 0.000000 0.004612 -0.097480 -1.485808
    41 0.679688 -0.000002 0.000001 -0.011363 -0.086976 -1.292069
    42 3.697266 0.273682 0.726563 0.167567 -0.105308 -1.247601
    43 1.748047 0.000001 0.000000 -0.000213 -0.027092 -1.309354
    44 0.959961 -0.000001 -0.000001 -0.002324 -0.039401 -1.357058
    45 3.767578 0.151855 -0.072693 -0.059050 -0.120242 -1.121067
    46 2.037109 -0.000001 -0.000002 -0.001514 0.004365 -1.694671
    47 1.066406 0.000002 -0.000003 0.001244 0.005670 -1.218185
    48 3.783203 -0.023941 -0.794434 -0.321316 -0.152718 -1.000774
    49 1.628906 -0.000001 -0.000004 -0.018830 0.066667 -1.587963
    50 0.955566 -0.000001 0.000001 -0.000001 0.069718 -1.289218
    51 1.258789 -0.308350 -1.250000 1.322030 0.226765 -0.566100
    52 1.392578 -0.000002 0.000000 0.000000 -0.002024 0.427650
    53 1.099609 0.000000 0.000001 -0.000001 -0.013127 0.125518
    54 0.000000 0.000000 0.000000 0.000000 0.000000 0.000000
    55 0.000000 0.000000 0.000000 0.000000 0.000000 0.000000
    56 0.000000 0.000000 0.000000 0.000000 0.000000 0.000000
    57 0.000000 0.000000 0.000000 0.000000 0.000000 0.000000
    58 0.000000 0.000000 0.000000 0.000000 0.000000 0.000000
    59 0.000000 0.000000 0.000000 0.000000 0.000000 0.000000
    60 0.000000 0.000000 0.000000 0.000000 0.000000 0.000000
    61 0.000000 0.000000 0.000000 0.000000 0.000000 0.000000
    62 0.000000 0.000000 0.000000 0.000000 0.000000 0.000000
    63 0.000000 0.000000 0.000000 0.000000 0.000000 0.000000
    64 0.000000 0.000000 0.000000 0.000000 0.000000 0.000000
    65 0.000000 0.000000 0.000000 0.000000 0.000000 0.000000
    66 0.000000 0.000000 0.000000 0.000000 0.000000 0.000000
    67 0.000000 0.000000 0.000000 0.000000 0.000000 0.000000
    68 0.000000 0.000000 0.000000 0.000000 0.000000 0.000000
    69 0.000000 0.000000 0.000000 0.000000 0.000000 0.000000
  time 36
    0 0.000000 0.000000 0.000000 0.000000 0.000000 -1.570796
    1 0.000000 0.000000 0.000000 0.000000 0.000000 0.000000
    2 3.982422 -0.000004 -0.000003 -1.570794 0.051770 -1.611079
    3 15.937500 0.000000 0.000000 0.000000 0.000000 0.051653
    4 17.703125 0.000000 0.000000 0.017106 -0.070055 -1.175214
    5 6.203125 0.000001 0.000000 -0.011145 0.000933 -0.500513
    6 -3.982422 0.000007 0.000007 -1.570792 0.051771 -1.530509
    7 15.937500 0.000000 0.000000 0.000000 0.000000 0.051653
    8 17.703125 0.000000 0.000000 -0.006397 0.070029 -1.178166
    9 6.203125 0.000000 0.000000 -0.078650 -0.006185 -0.498943
    10 0.000000 0.000000 0.000000 0.000000 0.000000 0.000000
    11 0.000000 0.000000 0.000000 0.000000 0.000000 0.000000
    12 0.000000 0.000000 0.000000 0.000000 0.000000 0.000000
    13 0.000000 0.000000 0.000000 0.000000 0.000000 0.000000
    14 0.000000 0.000000 0.000000 0.000000 0.000000 0.000000
    15 0.000000 0.000000 0.000000 0.000000 0.000000 0.000000
    16 0.000000 0.000000 0.000000 0.000000 0.000000 0.000000
    17 0.000000 0.000000 0.000000 0.003037 -0.079947 -0.027193
    18 0.000000 0.000000 0.000000 0.000000 0.000000 0.093350
    19 11.203125 -0.000001 0.000002 0.557778 0.364985 -0.352218
    20 3.548828 0.198730 -1.489258 -0.472246 0.063925 -0.818719
    21 1.218750 0.000001 0.000003 -0.004612 0.097481 -1.230554
    22 0.679688 0.000000 0.000000 0.011364 0.086977 -1.036816
    23 3.697266 0.267334 -0.728516 -0.164776 0.147479 -0.995499
    24 1.748047 0.000000 0.000001 0.000213 0.027092 -1.054100
    25 0.959961 -0.000001 0.000000 0.002325 0.039401 -1.101803
    26 3.767578 0.152466 0.071350 0.074637 0.103122 -0.865115
    27 2.037109 -0.000001 -0.000002 0.001515 -0.004364 -1.439416
    28 1.066406 0.000000 0.000001 -0.001244 -0.005671 -0.962931
    29 3.783203 -0.017258 0.794434 0.348232 0.068438 -0.758273
    30 1.628906 -0.000001 0.000002 0.018830 -0.066667 -1.332708
    31 0.955566 0.000001 0.000001 -0.000001 -0.069718 -1.033963
    32 1.258789 -0.297852 1.251953 -1.245151 -0.163241 -0.922789
    33 1.392578 0.000000 -0.000002 0.000001 0.002024 0.349108
    34 1.099609 0.000000 -0.000001 0.000001 0.013128 0.596757
    35 0.000000 0.000000 0.000000 0.000000 0.000000 0.000000
    36 0.000000 0.000000 0.000000 -0.060738 0.107169 -0.215598
    37 0.000000 0.000000 0.000000 0.000000 0.000000 0.068756
    38 11.203125 0.000000 0.000002 -1.049277 -0.434038 -0.008364
    39 3.548828 0.211304 1.487305 0.492427 0.054648 -1.044090
    40 1.218750 0.000000 0.000000 0.004612 -0.097480 -1.485808
    41 0.679688 -0.000002 0.000001 -0.011363 -0.086976 -1.292069
    42 3.697266 0.273682 0.726563 0.167567 -0.105308 -1.247601
    43 1.748047 0.000001 0.000000 -0.000213 -0.027092 -1.309354
    44 0.959961 -0.000001 -0.000001 -0.002324 -0.039401 -1.357058
    45 3.767578 0.151855 -0.072693 -0.059050 -0.120242 -1.121067
    46 2.037109 -0.000001 -0.000002 -0.001514 0.004365 -1.694671
    47 1.066406 0.000002 -0.000003 0.001244 0.005670 -1.218185
    48 3.783203 -0.023941 -0.794434 -0.321316 -0.152718 -1.000774
    49 1.628906 -0.000001 -0.000004 -0.018830 0.066667 -1.587963
    50 0.955566 -0.000001 0.000001 -0.000001 0.069718 -1.289218
    51 1.258789 -0.308350 -1.250000 1.322030 0.226765 -0.566100
    52 1.392578 -0.000002 0.000000 0.000000 -0.002024 0.427650
    53 1.099609 0.000000 0.000001 -0.000001 -0.013127 0.125518
    54 0.000000 0.000000 0.000000 0.000000 0.000000 0.000000
    55 0.000000 0.000000 0.000000 0.000000 0.000000 0.000000
    56 0.000000 0.000000 0.000000 0.000000 0.000000 0.000000
    57 0.000000 0.000000 0.000000 0.000000 0.000000 0.000000
    58 0.000000 0.000000 0.000000 0.000000 0.000000 0.000000
    59 0.000000 0.000000 0.000000 0.000000 0.000000 0.000000
    60 0.000000 0.000000 0.000000 0.000000 0.000000 0.000000
    61 0.000000 0.000000 0.000000 0.000000 0.000000 0.000000
    62 0.000000 0.000000 0.000000 0.000000 0.000000 0.000000
    63 0.000000 0.000000 0.000000 0.000000 0.000000 0.000000
    64 0.000000 0.000000 0.000000 0.000000 0.000000 0.000000
    65 0.000000 0.000000 0.000000 0.000000 0.000000 0.000000
    66 0.000000 0.000000 0.000000 0.000000 0.000000 0.000000
    67 0.000000 0.000000 0.000000 0.000000 0.000000 0.000000
    68 0.000000 0.000000 0.000000 0.000000 0.000000 0.000000
    69 0.000000 0.000000 0.000000 0.000000 0.000000 0.000000
  time 37
    0 0.000000 0.000000 0.000000 0.000000 0.000000 -1.570796
    1 0.000000 0.000000 0.000000 0.000000 0.000000 0.000000
    2 3.982422 -0.000004 -0.000003 -1.570794 0.051770 -1.611079
    3 15.937500 0.000000 0.000000 0.000000 0.000000 0.051653
    4 17.703125 0.000000 0.000000 0.017106 -0.070055 -1.175214
    5 6.203125 0.000001 0.000000 -0.011145 0.000933 -0.500513
    6 -3.982422 0.000007 0.000007 -1.570792 0.051771 -1.530509
    7 15.937500 0.000000 0.000000 0.000000 0.000000 0.051653
    8 17.703125 0.000000 0.000000 -0.006397 0.070029 -1.178166
    9 6.203125 0.000000 0.000000 -0.078650 -0.006185 -0.498943
    10 0.000000 0.000000 0.000000 0.000000 0.000000 0.000000
    11 0.000000 0.000000 0.000000 0.000000 0.000000 0.000000
    12 0.000000 0.000000 0.000000 0.000000 0.000000 0.000000
    13 0.000000 0.000000 0.000000 0.000000 0.000000 0.000000
    14 0.000000 0.000000 0.000000 0.000000 0.000000 0.000000
    15 0.000000 0.000000 0.000000 0.000000 0.000000 0.000000
    16 0.000000 0.000000 0.000000 0.000000 0.000000 0.000000
    17 0.000000 0.000000 0.000000 0.003179 -0.076365 -0.021861
    18 0.000000 0.000000 0.000000 0.000000 0.000000 0.092981
    19 11.203125 -0.000001 0.000002 0.557778 0.364985 -0.352218
    20 3.548828 0.198730 -1.489258 -0.472246 0.063925 -0.818719
    21 1.218750 0.000001 0.000003 -0.004612 0.097481 -1.230554
    22 0.679688 0.000000 0.000000 0.011364 0.086977 -1.036816
    23 3.697266 0.267334 -0.728516 -0.164776 0.147479 -0.995499
    24 1.748047 0.000000 0.000001 0.000213 0.027092 -1.054100
    25 0.959961 -0.000001 0.000000 0.002325 0.039401 -1.101803
    26 3.767578 0.152466 0.071350 0.074637 0.103122 -0.865115
    27 2.037109 -0.000001 -0.000002 0.001515 -0.004364 -1.439416
    28 1.066406 0.000000 0.000001 -0.001244 -0.005671 -0.962931
    29 3.783203 -0.017258 0.794434 0.348232 0.068438 -0.758273
    30 1.628906 -0.000001 0.000002 0.018830 -0.066667 -1.332708
    31 0.955566 0.000001 0.000001 -0.000001 -0.069718 -1.033963
    32 1.258789 -0.297852 1.251953 -1.245151 -0.163241 -0.922789
    33 1.392578 0.000000 -0.000002 0.000001 0.002024 0.349108
    34 1.099609 0.000000 -0.000001 0.000001 0.013128 0.596757
    35 0.000000 0.000000 0.000000 0.000000 0.000000 0.000000
    36 0.000000 0.000000 0.000000 -0.059431 0.108900 -0.212603
    37 0.000000 0.000000 0.000000 0.000000 0.000000 0.069455
    38 11.203125 0.000000 0.000002 -1.049277 -0.434038 -0.008364
    39 3.548828 0.211304 1.487305 0.492427 0.054648 -1.044090
    40 1.218750 0.000000 0.000000 0.004612 -0.097480 -1.485808
    41 0.679688 -0.000002 0.000001 -0.011363 -0.086976 -1.292069
    42 3.697266 0.273682 0.726563 0.167567 -0.105308 -1.247601
    43 1.748047 0.000001 0.000000 -0.000213 -0.027092 -1.309354
    44 0.959961 -0.000001 -0.000001 -0.002324 -0.039401 -1.357058
    45 3.767578 0.151855 -0.072693 -0.059050 -0.120242 -1.121067
    46 2.037109 -0.000001 -0.000002 -0.001514 0.004365 -1.694671
    47 1.066406 0.000002 -0.000003 0.001244 0.005670 -1.218185
    48 3.783203 -0.023941 -0.794434 -0.321316 -0.152718 -1.000774
    49 1.628906 -0.000001 -0.000004 -0.018830 0.066667 -1.587963
    50 0.955566 -0.000001 0.000001 -0.000001 0.069718 -1.289218
    51 1.258789 -0.308350 -1.250000 1.322030 0.226765 -0.566100
    52 1.392578 -0.000002 0.000000 0.000000 -0.002024 0.427650
    53 1.099609 0.000000 0.000001 -0.000001 -0.013127 0.125518
    54 0.000000 0.000000 0.000000 0.000000 0.000000 0.000000
    55 0.000000 0.000000 0.000000 0.000000 0.000000 0.000000
    56 0.000000 0.000000 0.000000 0.000000 0.000000 0.000000
    57 0.000000 0.000000 0.000000 0.000000 0.000000 0.000000
    58 0.000000 0.000000 0.000000 0.000000 0.000000 0.000000
    59 0.000000 0.000000 0.000000 0.000000 0.000000 0.000000
    60 0.000000 0.000000 0.000000 0.000000 0.000000 0.000000
    61 0.000000 0.000000 0.000000 0.000000 0.000000 0.000000
    62 0.000000 0.000000 0.000000 0.000000 0.000000 0.000000
    63 0.000000 0.000000 0.000000 0.000000 0.000000 0.000000
    64 0.000000 0.000000 0.000000 0.000000 0.000000 0.000000
    65 0.000000 0.000000 0.000000 0.000000 0.000000 0.000000
    66 0.000000 0.000000 0.000000 0.000000 0.000000 0.000000
    67 0.000000 0.000000 0.000000 0.000000 0.000000 0.000000
    68 0.000000 0.000000 0.000000 0.000000 0.000000 0.000000
    69 0.000000 0.000000 0.000000 0.000000 0.000000 0.000000
  time 38
    0 0.000000 0.000000 0.000000 0.000000 0.000000 -1.570796
    1 0.000000 0.000000 0.000000 0.000000 0.000000 0.000000
    2 3.982422 -0.000004 -0.000003 -1.570794 0.051770 -1.611079
    3 15.937500 0.000000 0.000000 0.000000 0.000000 0.051653
    4 17.703125 0.000000 0.000000 0.017106 -0.070055 -1.175214
    5 6.203125 0.000001 0.000000 -0.011145 0.000933 -0.500513
    6 -3.982422 0.000007 0.000007 -1.570792 0.051771 -1.530509
    7 15.937500 0.000000 0.000000 0.000000 0.000000 0.051653
    8 17.703125 0.000000 0.000000 -0.006397 0.070029 -1.178166
    9 6.203125 0.000000 0.000000 -0.078650 -0.006185 -0.498943
    10 0.000000 0.000000 0.000000 0.000000 0.000000 0.000000
    11 0.000000 0.000000 0.000000 0.000000 0.000000 0.000000
    12 0.000000 0.000000 0.000000 0.000000 0.000000 0.000000
    13 0.000000 0.000000 0.000000 0.000000 0.000000 0.000000
    14 0.000000 0.000000 0.000000 0.000000 0.000000 0.000000
    15 0.000000 0.000000 0.000000 0.000000 0.000000 0.000000
    16 0.000000 0.000000 0.000000 0.000000 0.000000 0.000000
    17 0.000000 0.000000 0.000000 0.003108 -0.073414 -0.017738
    18 0.000000 0.000000 0.000000 0.000000 0.000000 0.092539
    19 11.203125 -0.000001 0.000002 0.557778 0.364985 -0.352218
    20 3.548828 0.198730 -1.489258 -0.472246 0.063925 -0.818719
    21 1.218750 0.000001 0.000003 -0.004612 0.097481 -1.230554
    22 0.679688 0.000000 0.000000 0.011364 0.086977 -1.036816
    23 3.697266 0.267334 -0.728516 -0.164776 0.147479 -0.995499
    24 1.748047 0.000000 0.000001 0.000213 0.027092 -1.054100
    25 0.959961 -0.000001 0.000000 0.002325 0.039401 -1.101803
    26 3.767578 0.152466 0.071350 0.074637 0.103122 -0.865115
    27 2.037109 -0.000001 -0.000002 0.001515 -0.004364 -1.439416
    28 1.066406 0.000000 0.000001 -0.001244 -0.005671 -0.962931
    29 3.783203 -0.017258 0.794434 0.348232 0.068438 -0.758273
    30 1.628906 -0.000001 0.000002 0.018830 -0.066667 -1.332708
    31 0.955566 0.000001 0.000001 -0.000001 -0.069718 -1.033963
    32 1.258789 -0.297852 1.251953 -1.245151 -0.163241 -0.922789
    33 1.392578 0.000000 -0.000002 0.000001 0.002024 0.349108
    34 1.099609 0.000000 -0.000001 0.000001 0.013128 0.596757
    35 0.000000 0.000000 0.000000 0.000000 0.000000 0.000000
    36 0.000000 0.000000 0.000000 -0.058125 0.109800 -0.208859
    37 0.000000 0.000000 0.000000 0.000000 0.000000 0.068883
    38 11.203125 0.000000 0.000002 -1.049277 -0.434038 -0.008364
    39 3.548828 0.211304 1.487305 0.492427 0.054648 -1.044090
    40 1.218750 0.000000 0.000000 0.004612 -0.097480 -1.485808
    41 0.679688 -0.000002 0.000001 -0.011363 -0.086976 -1.292069
    42 3.697266 0.273682 0.726563 0.167567 -0.105308 -1.247601
    43 1.748047 0.000001 0.000000 -0.000213 -0.027092 -1.309354
    44 0.959961 -0.000001 -0.000001 -0.002324 -0.039401 -1.357058
    45 3.767578 0.151855 -0.072693 -0.059050 -0.120242 -1.121067
    46 2.037109 -0.000001 -0.000002 -0.001514 0.004365 -1.694671
    47 1.066406 0.000002 -0.000003 0.001244 0.005670 -1.218185
    48 3.783203 -0.023941 -0.794434 -0.321316 -0.152718 -1.000774
    49 1.628906 -0.000001 -0.000004 -0.018830 0.066667 -1.587963
    50 0.955566 -0.000001 0.000001 -0.000001 0.069718 -1.289218
    51 1.258789 -0.308350 -1.250000 1.322030 0.226765 -0.566100
    52 1.392578 -0.000002 0.000000 0.000000 -0.002024 0.427650
    53 1.099609 0.000000 0.000001 -0.000001 -0.013127 0.125518
    54 0.000000 0.000000 0.000000 0.000000 0.000000 0.000000
    55 0.000000 0.000000 0.000000 0.000000 0.000000 0.000000
    56 0.000000 0.000000 0.000000 0.000000 0.000000 0.000000
    57 0.000000 0.000000 0.000000 0.000000 0.000000 0.000000
    58 0.000000 0.000000 0.000000 0.000000 0.000000 0.000000
    59 0.000000 0.000000 0.000000 0.000000 0.000000 0.000000
    60 0.000000 0.000000 0.000000 0.000000 0.000000 0.000000
    61 0.000000 0.000000 0.000000 0.000000 0.000000 0.000000
    62 0.000000 0.000000 0.000000 0.000000 0.000000 0.000000
    63 0.000000 0.000000 0.000000 0.000000 0.000000 0.000000
    64 0.000000 0.000000 0.000000 0.000000 0.000000 0.000000
    65 0.000000 0.000000 0.000000 0.000000 0.000000 0.000000
    66 0.000000 0.000000 0.000000 0.000000 0.000000 0.000000
    67 0.000000 0.000000 0.000000 0.000000 0.000000 0.000000
    68 0.000000 0.000000 0.000000 0.000000 0.000000 0.000000
    69 0.000000 0.000000 0.000000 0.000000 0.000000 0.000000
  time 39
    0 0.000000 0.000000 0.000000 0.000000 0.000000 -1.570796
    1 0.000000 0.000000 0.000000 0.000000 0.000000 0.000000
    2 3.982422 -0.000004 -0.000003 -1.570794 0.051770 -1.611079
    3 15.937500 0.000000 0.000000 0.000000 0.000000 0.051653
    4 17.703125 0.000000 0.000000 0.017106 -0.070055 -1.175214
    5 6.203125 0.000001 0.000000 -0.011145 0.000933 -0.500513
    6 -3.982422 0.000007 0.000007 -1.570792 0.051771 -1.530509
    7 15.937500 0.000000 0.000000 0.000000 0.000000 0.051653
    8 17.703125 0.000000 0.000000 -0.006397 0.070029 -1.178166
    9 6.203125 0.000000 0.000000 -0.078650 -0.006185 -0.498943
    10 0.000000 0.000000 0.000000 0.000000 0.000000 0.000000
    11 0.000000 0.000000 0.000000 0.000000 0.000000 0.000000
    12 0.000000 0.000000 0.000000 0.000000 0.000000 0.000000
    13 0.000000 0.000000 0.000000 0.000000 0.000000 0.000000
    14 0.000000 0.000000 0.000000 0.000000 0.000000 0.000000
    15 0.000000 0.000000 0.000000 0.000000 0.000000 0.000000
    16 0.000000 0.000000 0.000000 0.000000 0.000000 0.000000
    17 0.000000 0.000000 0.000000 0.002896 -0.070892 -0.014864
    18 0.000000 0.000000 0.000000 0.000000 0.000000 0.092612
    19 11.203125 -0.000001 0.000002 0.557778 0.364985 -0.352218
    20 3.548828 0.198730 -1.489258 -0.472246 0.063925 -0.818719
    21 1.218750 0.000001 0.000003 -0.004612 0.097481 -1.230554
    22 0.679688 0.000000 0.000000 0.011364 0.086977 -1.036816
    23 3.697266 0.267334 -0.728516 -0.164776 0.147479 -0.995499
    24 1.748047 0.000000 0.000001 0.000213 0.027092 -1.054100
    25 0.959961 -0.000001 0.000000 0.002325 0.039401 -1.101803
    26 3.767578 0.152466 0.071350 0.074637 0.103122 -0.865115
    27 2.037109 -0.000001 -0.000002 0.001515 -0.004364 -1.439416
    28 1.066406 0.000000 0.000001 -0.001244 -0.005671 -0.962931
    29 3.783203 -0.017258 0.794434 0.348232 0.068438 -0.758273
    30 1.628906 -0.000001 0.000002 0.018830 -0.066667 -1.332708
    31 0.955566 0.000001 0.000001 -0.000001 -0.069718 -1.033963
    32 1.258789 -0.297852 1.251953 -1.245151 -0.163241 -0.922789
    33 1.392578 0.000000 -0.000002 0.000001 0.002024 0.349108
    34 1.099609 0.000000 -0.000001 0.000001 0.013128 0.596757
    35 0.000000 0.000000 0.000000 0.000000 0.000000 0.000000
    36 0.000000 0.000000 0.000000 -0.056747 0.109869 -0.204450
    37 0.000000 0.000000 0.000000 0.000000 0.000000 0.067231
    38 11.203125 0.000000 0.000002 -1.049277 -0.434038 -0.008364
    39 3.548828 0.211304 1.487305 0.492427 0.054648 -1.044090
    40 1.218750 0.000000 0.000000 0.004612 -0.097480 -1.485808
    41 0.679688 -0.000002 0.000001 -0.011363 -0.086976 -1.292069
    42 3.697266 0.273682 0.726563 0.167567 -0.105308 -1.247601
    43 1.748047 0.000001 0.000000 -0.000213 -0.027092 -1.309354
    44 0.959961 -0.000001 -0.000001 -0.002324 -0.039401 -1.357058
    45 3.767578 0.151855 -0.072693 -0.059050 -0.120242 -1.121067
    46 2.037109 -0.000001 -0.000002 -0.001514 0.004365 -1.694671
    47 1.066406 0.000002 -0.000003 0.001244 0.005670 -1.218185
    48 3.783203 -0.023941 -0.794434 -0.321316 -0.152718 -1.000774
    49 1.628906 -0.000001 -0.000004 -0.018830 0.066667 -1.587963
    50 0.955566 -0.000001 0.000001 -0.000001 0.069718 -1.289218
    51 1.258789 -0.308350 -1.250000 1.322030 0.226765 -0.566100
    52 1.392578 -0.000002 0.000000 0.000000 -0.002024 0.427650
    53 1.099609 0.000000 0.000001 -0.000001 -0.013127 0.125518
    54 0.000000 0.000000 0.000000 0.000000 0.000000 0.000000
    55 0.000000 0.000000 0.000000 0.000000 0.000000 0.000000
    56 0.000000 0.000000 0.000000 0.000000 0.000000 0.000000
    57 0.000000 0.000000 0.000000 0.000000 0.000000 0.000000
    58 0.000000 0.000000 0.000000 0.000000 0.000000 0.000000
    59 0.000000 0.000000 0.000000 0.000000 0.000000 0.000000
    60 0.000000 0.000000 0.000000 0.000000 0.000000 0.000000
    61 0.000000 0.000000 0.000000 0.000000 0.000000 0.000000
    62 0.000000 0.000000 0.000000 0.000000 0.000000 0.000000
    63 0.000000 0.000000 0.000000 0.000000 0.000000 0.000000
    64 0.000000 0.000000 0.000000 0.000000 0.000000 0.000000
    65 0.000000 0.000000 0.000000 0.000000 0.000000 0.000000
    66 0.000000 0.000000 0.000000 0.000000 0.000000 0.000000
    67 0.000000 0.000000 0.000000 0.000000 0.000000 0.000000
    68 0.000000 0.000000 0.000000 0.000000 0.000000 0.000000
    69 0.000000 0.000000 0.000000 0.000000 0.000000 0.000000
  time 40
    0 0.000000 0.000000 0.000000 0.000000 0.000000 -1.570796
    1 0.000000 0.000000 0.000000 0.000000 0.000000 0.000000
    2 3.982422 -0.000004 -0.000003 -1.570794 0.051770 -1.611079
    3 15.937500 0.000000 0.000000 0.000000 0.000000 0.051653
    4 17.703125 0.000000 0.000000 0.017106 -0.070055 -1.175214
    5 6.203125 0.000001 0.000000 -0.011145 0.000933 -0.500513
    6 -3.982422 0.000007 0.000007 -1.570792 0.051771 -1.530509
    7 15.937500 0.000000 0.000000 0.000000 0.000000 0.051653
    8 17.703125 0.000000 0.000000 -0.006397 0.070029 -1.178166
    9 6.203125 0.000000 0.000000 -0.078650 -0.006185 -0.498943
    10 0.000000 0.000000 0.000000 0.000000 0.000000 0.000000
    11 0.000000 0.000000 0.000000 0.000000 0.000000 0.000000
    12 0.000000 0.000000 0.000000 0.000000 0.000000 0.000000
    13 0.000000 0.000000 0.000000 0.000000 0.000000 0.000000
    14 0.000000 0.000000 0.000000 0.000000 0.000000 0.000000
    15 0.000000 0.000000 0.000000 0.000000 0.000000 0.000000
    16 0.000000 0.000000 0.000000 0.000000 0.000000 0.000000
    17 0.000000 0.000000 0.000000 0.002684 -0.068571 -0.012746
    18 0.000000 0.000000 0.000000 0.000000 0.000000 0.092981
    19 11.203125 -0.000001 0.000002 0.557778 0.364985 -0.352218
    20 3.548828 0.198730 -1.489258 -0.472246 0.063925 -0.818719
    21 1.218750 0.000001 0.000003 -0.004612 0.097481 -1.230554
    22 0.679688 0.000000 0.000000 0.011364 0.086977 -1.036816
    23 3.697266 0.267334 -0.728516 -0.164776 0.147479 -0.995499
    24 1.748047 0.000000 0.000001 0.000213 0.027092 -1.054100
    25 0.959961 -0.000001 0.000000 0.002325 0.039401 -1.101803
    26 3.767578 0.152466 0.071350 0.074637 0.103122 -0.865115
    27 2.037109 -0.000001 -0.000002 0.001515 -0.004364 -1.439416
    28 1.066406 0.000000 0.000001 -0.001244 -0.005671 -0.962931
    29 3.783203 -0.017258 0.794434 0.348232 0.068438 -0.758273
    30 1.628906 -0.000001 0.000002 0.018830 -0.066667 -1.332708
    31 0.955566 0.000001 0.000001 -0.000001 -0.069718 -1.033963
    32 1.258789 -0.297852 1.251953 -1.245151 -0.163241 -0.922789
    33 1.392578 0.000000 -0.000002 0.000001 0.002024 0.349108
    34 1.099609 0.000000 -0.000001 0.000001 0.013128 0.596757
    35 0.000000 0.000000 0.000000 0.000000 0.000000 0.000000
    36 0.000000 0.000000 0.000000 -0.055368 0.109246 -0.199458
    37 0.000000 0.000000 0.000000 0.000000 0.000000 0.064689
    38 11.203125 0.000000 0.000002 -1.049277 -0.434038 -0.008364
    39 3.548828 0.211304 1.487305 0.492427 0.054648 -1.044090
    40 1.218750 0.000000 0.000000 0.004612 -0.097480 -1.485808
    41 0.679688 -0.000002 0.000001 -0.011363 -0.086976 -1.292069
    42 3.697266 0.273682 0.726563 0.167567 -0.105308 -1.247601
    43 1.748047 0.000001 0.000000 -0.000213 -0.027092 -1.309354
    44 0.959961 -0.000001 -0.000001 -0.002324 -0.039401 -1.357058
    45 3.767578 0.151855 -0.072693 -0.059050 -0.120242 -1.121067
    46 2.037109 -0.000001 -0.000002 -0.001514 0.004365 -1.694671
    47 1.066406 0.000002 -0.000003 0.001244 0.005670 -1.218185
    48 3.783203 -0.023941 -0.794434 -0.321316 -0.152718 -1.000774
    49 1.628906 -0.000001 -0.000004 -0.018830 0.066667 -1.587963
    50 0.955566 -0.000001 0.000001 -0.000001 0.069718 -1.289218
    51 1.258789 -0.308350 -1.250000 1.322030 0.226765 -0.566100
    52 1.392578 -0.000002 0.000000 0.000000 -0.002024 0.427650
    53 1.099609 0.000000 0.000001 -0.000001 -0.013127 0.125518
    54 0.000000 0.000000 0.000000 0.000000 0.000000 0.000000
    55 0.000000 0.000000 0.000000 0.000000 0.000000 0.000000
    56 0.000000 0.000000 0.000000 0.000000 0.000000 0.000000
    57 0.000000 0.000000 0.000000 0.000000 0.000000 0.000000
    58 0.000000 0.000000 0.000000 0.000000 0.000000 0.000000
    59 0.000000 0.000000 0.000000 0.000000 0.000000 0.000000
    60 0.000000 0.000000 0.000000 0.000000 0.000000 0.000000
    61 0.000000 0.000000 0.000000 0.000000 0.000000 0.000000
    62 0.000000 0.000000 0.000000 0.000000 0.000000 0.000000
    63 0.000000 0.000000 0.000000 0.000000 0.000000 0.000000
    64 0.000000 0.000000 0.000000 0.000000 0.000000 0.000000
    65 0.000000 0.000000 0.000000 0.000000 0.000000 0.000000
    66 0.000000 0.000000 0.000000 0.000000 0.000000 0.000000
    67 0.000000 0.000000 0.000000 0.000000 0.000000 0.000000
    68 0.000000 0.000000 0.000000 0.000000 0.000000 0.000000
    69 0.000000 0.000000 0.000000 0.000000 0.000000 0.000000
  time 41
    0 0.000000 0.000000 0.000000 0.000000 0.000000 -1.570796
    1 0.000000 0.000000 0.000000 0.000000 0.000000 0.000000
    2 3.982422 -0.000004 -0.000003 -1.570794 0.051770 -1.611079
    3 15.937500 0.000000 0.000000 0.000000 0.000000 0.051653
    4 17.703125 0.000000 0.000000 0.017106 -0.070055 -1.175214
    5 6.203125 0.000001 0.000000 -0.011145 0.000933 -0.500513
    6 -3.982422 0.000007 0.000007 -1.570792 0.051771 -1.530509
    7 15.937500 0.000000 0.000000 0.000000 0.000000 0.051653
    8 17.703125 0.000000 0.000000 -0.006397 0.070029 -1.178166
    9 6.203125 0.000000 0.000000 -0.078650 -0.006185 -0.498943
    10 0.000000 0.000000 0.000000 0.000000 0.000000 0.000000
    11 0.000000 0.000000 0.000000 0.000000 0.000000 0.000000
    12 0.000000 0.000000 0.000000 0.000000 0.000000 0.000000
    13 0.000000 0.000000 0.000000 0.000000 0.000000 0.000000
    14 0.000000 0.000000 0.000000 0.000000 0.000000 0.000000
    15 0.000000 0.000000 0.000000 0.000000 0.000000 0.000000
    16 0.000000 0.000000 0.000000 0.000000 0.000000 0.000000
    17 0.000000 0.000000 0.000000 0.002402 -0.066336 -0.011082
    18 0.000000 0.000000 0.000000 0.000000 0.000000 0.093276
    19 11.203125 -0.000001 0.000002 0.557778 0.364985 -0.352218
    20 3.548828 0.198730 -1.489258 -0.472246 0.063925 -0.818719
    21 1.218750 0.000001 0.000003 -0.004612 0.097481 -1.230554
    22 0.679688 0.000000 0.000000 0.011364 0.086977 -1.036816
    23 3.697266 0.267334 -0.728516 -0.164776 0.147479 -0.995499
    24 1.748047 0.000000 0.000001 0.000213 0.027092 -1.054100
    25 0.959961 -0.000001 0.000000 0.002325 0.039401 -1.101803
    26 3.767578 0.152466 0.071350 0.074637 0.103122 -0.865115
    27 2.037109 -0.000001 -0.000002 0.001515 -0.004364 -1.439416
    28 1.066406 0.000000 0.000001 -0.001244 -0.005671 -0.962931
    29 3.783203 -0.017258 0.794434 0.348232 0.068438 -0.758273
    30 1.628906 -0.000001 0.000002 0.018830 -0.066667 -1.332708
    31 0.955566 0.000001 0.000001 -0.000001 -0.069718 -1.033963
    32 1.258789 -0.297852 1.251953 -1.245151 -0.163241 -0.922789
    33 1.392578 0.000000 -0.000002 0.000001 0.002024 0.349108
    34 1.099609 0.000000 -0.000001 0.000001 0.013128 0.596757
    35 0.000000 0.000000 0.000000 0.000000 0.000000 0.000000
    36 0.000000 0.000000 0.000000 -0.053989 0.108069 -0.194092
    37 0.000000 0.000000 0.000000 0.000000 0.000000 0.061385
    38 11.203125 0.000000 0.000002 -1.049277 -0.434038 -0.008364
    39 3.548828 0.211304 1.487305 0.492427 0.054648 -1.044090
    40 1.218750 0.000000 0.000000 0.004612 -0.097480 -1.485808
    41 0.679688 -0.000002 0.000001 -0.011363 -0.086976 -1.292069
    42 3.697266 0.273682 0.726563 0.167567 -0.105308 -1.247601
    43 1.748047 0.000001 0.000000 -0.000213 -0.027092 -1.309354
    44 0.959961 -0.000001 -0.000001 -0.002324 -0.039401 -1.357058
    45 3.767578 0.151855 -0.072693 -0.059050 -0.120242 -1.121067
    46 2.037109 -0.000001 -0.000002 -0.001514 0.004365 -1.694671
    47 1.066406 0.000002 -0.000003 0.001244 0.005670 -1.218185
    48 3.783203 -0.023941 -0.794434 -0.321316 -0.152718 -1.000774
    49 1.628906 -0.000001 -0.000004 -0.018830 0.066667 -1.587963
    50 0.955566 -0.000001 0.000001 -0.000001 0.069718 -1.289218
    51 1.258789 -0.308350 -1.250000 1.322030 0.226765 -0.566100
    52 1.392578 -0.000002 0.000000 0.000000 -0.002024 0.427650
    53 1.099609 0.000000 0.000001 -0.000001 -0.013127 0.125518
    54 0.000000 0.000000 0.000000 0.000000 0.000000 0.000000
    55 0.000000 0.000000 0.000000 0.000000 0.000000 0.000000
    56 0.000000 0.000000 0.000000 0.000000 0.000000 0.000000
    57 0.000000 0.000000 0.000000 0.000000 0.000000 0.000000
    58 0.000000 0.000000 0.000000 0.000000 0.000000 0.000000
    59 0.000000 0.000000 0.000000 0.000000 0.000000 0.000000
    60 0.000000 0.000000 0.000000 0.000000 0.000000 0.000000
    61 0.000000 0.000000 0.000000 0.000000 0.000000 0.000000
    62 0.000000 0.000000 0.000000 0.000000 0.000000 0.000000
    63 0.000000 0.000000 0.000000 0.000000 0.000000 0.000000
    64 0.000000 0.000000 0.000000 0.000000 0.000000 0.000000
    65 0.000000 0.000000 0.000000 0.000000 0.000000 0.000000
    66 0.000000 0.000000 0.000000 0.000000 0.000000 0.000000
    67 0.000000 0.000000 0.000000 0.000000 0.000000 0.000000
    68 0.000000 0.000000 0.000000 0.000000 0.000000 0.000000
    69 0.000000 0.000000 0.000000 0.000000 0.000000 0.000000
  time 42
    0 0.000000 0.000000 0.000000 0.000000 0.000000 -1.570796
    1 0.000000 0.000000 0.000000 0.000000 0.000000 0.000000
    2 3.982422 -0.000004 -0.000003 -1.570794 0.051770 -1.611079
    3 15.937500 0.000000 0.000000 0.000000 0.000000 0.051653
    4 17.703125 0.000000 0.000000 0.017106 -0.070055 -1.175214
    5 6.203125 0.000001 0.000000 -0.011145 0.000933 -0.500513
    6 -3.982422 0.000007 0.000007 -1.570792 0.051771 -1.530509
    7 15.937500 0.000000 0.000000 0.000000 0.000000 0.051653
    8 17.703125 0.000000 0.000000 -0.006397 0.070029 -1.178166
    9 6.203125 0.000000 0.000000 -0.078650 -0.006185 -0.498943
    10 0.000000 0.000000 0.000000 0.000000 0.000000 0.000000
    11 0.000000 0.000000 0.000000 0.000000 0.000000 0.000000
    12 0.000000 0.000000 0.000000 0.000000 0.000000 0.000000
    13 0.000000 0.000000 0.000000 0.000000 0.000000 0.000000
    14 0.000000 0.000000 0.000000 0.000000 0.000000 0.000000
    15 0.000000 0.000000 0.000000 0.000000 0.000000 0.000000
    16 0.000000 0.000000 0.000000 0.000000 0.000000 0.000000
    17 0.000000 0.000000 0.000000 0.002190 -0.064158 -0.009569
    18 0.000000 0.000000 0.000000 0.000000 0.000000 0.093276
    19 11.203125 -0.000001 0.000002 0.557778 0.364985 -0.352218
    20 3.548828 0.198730 -1.489258 -0.472246 0.063925 -0.818719
    21 1.218750 0.000001 0.000003 -0.004612 0.097481 -1.230554
    22 0.679688 0.000000 0.000000 0.011364 0.086977 -1.036816
    23 3.697266 0.267334 -0.728516 -0.164776 0.147479 -0.995499
    24 1.748047 0.000000 0.000001 0.000213 0.027092 -1.054100
    25 0.959961 -0.000001 0.000000 0.002325 0.039401 -1.101803
    26 3.767578 0.152466 0.071350 0.074637 0.103122 -0.865115
    27 2.037109 -0.000001 -0.000002 0.001515 -0.004364 -1.439416
    28 1.066406 0.000000 0.000001 -0.001244 -0.005671 -0.962931
    29 3.783203 -0.017258 0.794434 0.348232 0.068438 -0.758273
    30 1.628906 -0.000001 0.000002 0.018830 -0.066667 -1.332708
    31 0.955566 0.000001 0.000001 -0.000001 -0.069718 -1.033963
    32 1.258789 -0.297852 1.251953 -1.245151 -0.163241 -0.922789
    33 1.392578 0.000000 -0.000002 0.000001 0.002024 0.349108
    34 1.099609 0.000000 -0.000001 0.000001 0.013128 0.596757
    35 0.000000 0.000000 0.000000 0.000000 0.000000 0.000000
    36 0.000000 0.000000 0.000000 -0.052755 0.106546 -0.188477
    37 0.000000 0.000000 0.000000 0.000000 0.000000 0.057635
    38 11.203125 0.000000 0.000002 -1.049277 -0.434038 -0.008364
    39 3.548828 0.211304 1.487305 0.492427 0.054648 -1.044090
    40 1.218750 0.000000 0.000000 0.004612 -0.097480 -1.485808
    41 0.679688 -0.000002 0.000001 -0.011363 -0.086976 -1.292069
    42 3.697266 0.273682 0.726563 0.167567 -0.105308 -1.247601
    43 1.748047 0.000001 0.000000 -0.000213 -0.027092 -1.309354
    44 0.959961 -0.000001 -0.000001 -0.002324 -0.039401 -1.357058
    45 3.767578 0.151855 -0.072693 -0.059050 -0.120242 -1.121067
    46 2.037109 -0.000001 -0.000002 -0.001514 0.004365 -1.694671
    47 1.066406 0.000002 -0.000003 0.001244 0.005670 -1.218185
    48 3.783203 -0.023941 -0.794434 -0.321316 -0.152718 -1.000774
    49 1.628906 -0.000001 -0.000004 -0.018830 0.066667 -1.587963
    50 0.955566 -0.000001 0.000001 -0.000001 0.069718 -1.289218
    51 1.258789 -0.308350 -1.250000 1.322030 0.226765 -0.566100
    52 1.392578 -0.000002 0.000000 0.000000 -0.002024 0.427650
    53 1.099609 0.000000 0.000001 -0.000001 -0.013127 0.125518
    54 0.000000 0.000000 0.000000 0.000000 0.000000 0.000000
    55 0.000000 0.000000 0.000000 0.000000 0.000000 0.000000
    56 0.000000 0.000000 0.000000 0.000000 0.000000 0.000000
    57 0.000000 0.000000 0.000000 0.000000 0.000000 0.000000
    58 0.000000 0.000000 0.000000 0.000000 0.000000 0.000000
    59 0.000000 0.000000 0.000000 0.000000 0.000000 0.000000
    60 0.000000 0.000000 0.000000 0.000000 0.000000 0.000000
    61 0.000000 0.000000 0.000000 0.000000 0.000000 0.000000
    62 0.000000 0.000000 0.000000 0.000000 0.000000 0.000000
    63 0.000000 0.000000 0.000000 0.000000 0.000000 0.000000
    64 0.000000 0.000000 0.000000 0.000000 0.000000 0.000000
    65 0.000000 0.000000 0.000000 0.000000 0.000000 0.000000
    66 0.000000 0.000000 0.000000 0.000000 0.000000 0.000000
    67 0.000000 0.000000 0.000000 0.000000 0.000000 0.000000
    68 0.000000 0.000000 0.000000 0.000000 0.000000 0.000000
    69 0.000000 0.000000 0.000000 0.000000 0.000000 0.000000
  time 43
    0 0.000000 0.000000 0.000000 0.000000 0.000000 -1.570796
    1 0.000000 0.000000 0.000000 0.000000 0.000000 0.000000
    2 3.982422 -0.000004 -0.000003 -1.570794 0.051770 -1.611079
    3 15.937500 0.000000 0.000000 0.000000 0.000000 0.051653
    4 17.703125 0.000000 0.000000 0.017106 -0.070055 -1.175214
    5 6.203125 0.000001 0.000000 -0.011145 0.000933 -0.500513
    6 -3.982422 0.000007 0.000007 -1.570792 0.051771 -1.530509
    7 15.937500 0.000000 0.000000 0.000000 0.000000 0.051653
    8 17.703125 0.000000 0.000000 -0.006397 0.070029 -1.178166
    9 6.203125 0.000000 0.000000 -0.078650 -0.006185 -0.498943
    10 0.000000 0.000000 0.000000 0.000000 0.000000 0.000000
    11 0.000000 0.000000 0.000000 0.000000 0.000000 0.000000
    12 0.000000 0.000000 0.000000 0.000000 0.000000 0.000000
    13 0.000000 0.000000 0.000000 0.000000 0.000000 0.000000
    14 0.000000 0.000000 0.000000 0.000000 0.000000 0.000000
    15 0.000000 0.000000 0.000000 0.000000 0.000000 0.000000
    16 0.000000 0.000000 0.000000 0.000000 0.000000 0.000000
    17 0.000000 0.000000 0.000000 0.001907 -0.061980 -0.008094
    18 0.000000 0.000000 0.000000 0.000000 0.000000 0.092981
    19 11.203125 -0.000001 0.000002 0.557778 0.364985 -0.352218
    20 3.548828 0.198730 -1.489258 -0.472246 0.063925 -0.818719
    21 1.218750 0.000001 0.000003 -0.004612 0.097481 -1.230554
    22 0.679688 0.000000 0.000000 0.011364 0.086977 -1.036816
    23 3.697266 0.267334 -0.728516 -0.164776 0.147479 -0.995499
    24 1.748047 0.000000 0.000001 0.000213 0.027092 -1.054100
    25 0.959961 -0.000001 0.000000 0.002325 0.039401 -1.101803
    26 3.767578 0.152466 0.071350 0.074637 0.103122 -0.865115
    27 2.037109 -0.000001 -0.000002 0.001515 -0.004364 -1.439416
    28 1.066406 0.000000 0.000001 -0.001244 -0.005671 -0.962931
    29 3.783203 -0.017258 0.794434 0.348232 0.068438 -0.758273
    30 1.628906 -0.000001 0.000002 0.018830 -0.066667 -1.332708
    31 0.955566 0.000001 0.000001 -0.000001 -0.069718 -1.033963
    32 1.258789 -0.297852 1.251953 -1.245151 -0.163241 -0.922789
    33 1.392578 0.000000 -0.000002 0.000001 0.002024 0.349108
    34 1.099609 0.000000 -0.000001 0.000001 0.013128 0.596757
    35 0.000000 0.000000 0.000000 0.000000 0.000000 0.000000
    36 0.000000 0.000000 0.000000 -0.051522 0.104815 -0.182819
    37 0.000000 0.000000 0.000000 0.000000 0.000000 0.053696
    38 11.203125 0.000000 0.000002 -1.049277 -0.434038 -0.008364
    39 3.548828 0.211304 1.487305 0.492427 0.054648 -1.044090
    40 1.218750 0.000000 0.000000 0.004612 -0.097480 -1.485808
    41 0.679688 -0.000002 0.000001 -0.011363 -0.086976 -1.292069
    42 3.697266 0.273682 0.726563 0.167567 -0.105308 -1.247601
    43 1.748047 0.000001 0.000000 -0.000213 -0.027092 -1.309354
    44 0.959961 -0.000001 -0.000001 -0.002324 -0.039401 -1.357058
    45 3.767578 0.151855 -0.072693 -0.059050 -0.120242 -1.121067
    46 2.037109 -0.000001 -0.000002 -0.001514 0.004365 -1.694671
    47 1.066406 0.000002 -0.000003 0.001244 0.005670 -1.218185
    48 3.783203 -0.023941 -0.794434 -0.321316 -0.152718 -1.000774
    49 1.628906 -0.000001 -0.000004 -0.018830 0.066667 -1.587963
    50 0.955566 -0.000001 0.000001 -0.000001 0.069718 -1.289218
    51 1.258789 -0.308350 -1.250000 1.322030 0.226765 -0.566100
    52 1.392578 -0.000002 0.000000 0.000000 -0.002024 0.427650
    53 1.099609 0.000000 0.000001 -0.000001 -0.013127 0.125518
    54 0.000000 0.000000 0.000000 0.000000 0.000000 0.000000
    55 0.000000 0.000000 0.000000 0.000000 0.000000 0.000000
    56 0.000000 0.000000 0.000000 0.000000 0.000000 0.000000
    57 0.000000 0.000000 0.000000 0.000000 0.000000 0.000000
    58 0.000000 0.000000 0.000000 0.000000 0.000000 0.000000
    59 0.000000 0.000000 0.000000 0.000000 0.000000 0.000000
    60 0.000000 0.000000 0.000000 0.000000 0.000000 0.000000
    61 0.000000 0.000000 0.000000 0.000000 0.000000 0.000000
    62 0.000000 0.000000 0.000000 0.000000 0.000000 0.000000
    63 0.000000 0.000000 0.000000 0.000000 0.000000 0.000000
    64 0.000000 0.000000 0.000000 0.000000 0.000000 0.000000
    65 0.000000 0.000000 0.000000 0.000000 0.000000 0.000000
    66 0.000000 0.000000 0.000000 0.000000 0.000000 0.000000
    67 0.000000 0.000000 0.000000 0.000000 0.000000 0.000000
    68 0.000000 0.000000 0.000000 0.000000 0.000000 0.000000
    69 0.000000 0.000000 0.000000 0.000000 0.000000 0.000000
  time 44
    0 0.000000 0.000000 0.000000 0.000000 0.000000 -1.570796
    1 0.000000 0.000000 0.000000 0.000000 0.000000 0.000000
    2 3.982422 -0.000004 -0.000003 -1.570794 0.051770 -1.611079
    3 15.937500 0.000000 0.000000 0.000000 0.000000 0.051653
    4 17.703125 0.000000 0.000000 0.017106 -0.070055 -1.175214
    5 6.203125 0.000001 0.000000 -0.011145 0.000933 -0.500513
    6 -3.982422 0.000007 0.000007 -1.570792 0.051771 -1.530509
    7 15.937500 0.000000 0.000000 0.000000 0.000000 0.051653
    8 17.703125 0.000000 0.000000 -0.006397 0.070029 -1.178166
    9 6.203125 0.000000 0.000000 -0.078650 -0.006185 -0.498943
    10 0.000000 0.000000 0.000000 0.000000 0.000000 0.000000
    11 0.000000 0.000000 0.000000 0.000000 0.000000 0.000000
    12 0.000000 0.000000 0.000000 0.000000 0.000000 0.000000
    13 0.000000 0.000000 0.000000 0.000000 0.000000 0.000000
    14 0.000000 0.000000 0.000000 0.000000 0.000000 0.000000
    15 0.000000 0.000000 0.000000 0.000000 0.000000 0.000000
    16 0.000000 0.000000 0.000000 0.000000 0.000000 0.000000
    17 0.000000 0.000000 0.000000 0.001625 -0.059831 -0.006581
    18 0.000000 0.000000 0.000000 0.000000 0.000000 0.092244
    19 11.203125 -0.000001 0.000002 0.557778 0.364985 -0.352218
    20 3.548828 0.198730 -1.489258 -0.472246 0.063925 -0.818719
    21 1.218750 0.000001 0.000003 -0.004612 0.097481 -1.230554
    22 0.679688 0.000000 0.000000 0.011364 0.086977 -1.036816
    23 3.697266 0.267334 -0.728516 -0.164776 0.147479 -0.995499
    24 1.748047 0.000000 0.000001 0.000213 0.027092 -1.054100
    25 0.959961 -0.000001 0.000000 0.002325 0.039401 -1.101803
    26 3.767578 0.152466 0.071350 0.074637 0.103122 -0.865115
    27 2.037109 -0.000001 -0.000002 0.001515 -0.004364 -1.439416
    28 1.066406 0.000000 0.000001 -0.001244 -0.005671 -0.962931
    29 3.783203 -0.017258 0.794434 0.348232 0.068438 -0.758273
    30 1.628906 -0.000001 0.000002 0.018830 -0.066667 -1.332708
    31 0.955566 0.000001 0.000001 -0.000001 -0.069718 -1.033963
    32 1.258789 -0.297852 1.251953 -1.245151 -0.163241 -0.922789
    33 1.392578 0.000000 -0.000002 0.000001 0.002024 0.349108
    34 1.099609 0.000000 -0.000001 0.000001 0.013128 0.596757
    35 0.000000 0.000000 0.000000 0.000000 0.000000 0.000000
    36 0.000000 0.000000 0.000000 -0.050433 0.103050 -0.177412
    37 0.000000 0.000000 0.000000 0.000000 0.000000 0.049756
    38 11.203125 0.000000 0.000002 -1.049277 -0.434038 -0.008364
    39 3.548828 0.211304 1.487305 0.492427 0.054648 -1.044090
    40 1.218750 0.000000 0.000000 0.004612 -0.097480 -1.485808
    41 0.679688 -0.000002 0.000001 -0.011363 -0.086976 -1.292069
    42 3.697266 0.273682 0.726563 0.167567 -0.105308 -1.247601
    43 1.748047 0.000001 0.000000 -0.000213 -0.027092 -1.309354
    44 0.959961 -0.000001 -0.000001 -0.002324 -0.039401 -1.357058
    45 3.767578 0.151855 -0.072693 -0.059050 -0.120242 -1.121067
    46 2.037109 -0.000001 -0.000002 -0.001514 0.004365 -1.694671
    47 1.066406 0.000002 -0.000003 0.001244 0.005670 -1.218185
    48 3.783203 -0.023941 -0.794434 -0.321316 -0.152718 -1.000774
    49 1.628906 -0.000001 -0.000004 -0.018830 0.066667 -1.587963
    50 0.955566 -0.000001 0.000001 -0.000001 0.069718 -1.289218
    51 1.258789 -0.308350 -1.250000 1.322030 0.226765 -0.566100
    52 1.392578 -0.000002 0.000000 0.000000 -0.002024 0.427650
    53 1.099609 0.000000 0.000001 -0.000001 -0.013127 0.125518
    54 0.000000 0.000000 0.000000 0.000000 0.000000 0.000000
    55 0.000000 0.000000 0.000000 0.000000 0.000000 0.000000
    56 0.000000 0.000000 0.000000 0.000000 0.000000 0.000000
    57 0.000000 0.000000 0.000000 0.000000 0.000000 0.000000
    58 0.000000 0.000000 0.000000 0.000000 0.000000 0.000000
    59 0.000000 0.000000 0.000000 0.000000 0.000000 0.000000
    60 0.000000 0.000000 0.000000 0.000000 0.000000 0.000000
    61 0.000000 0.000000 0.000000 0.000000 0.000000 0.000000
    62 0.000000 0.000000 0.000000 0.000000 0.000000 0.000000
    63 0.000000 0.000000 0.000000 0.000000 0.000000 0.000000
    64 0.000000 0.000000 0.000000 0.000000 0.000000 0.000000
    65 0.000000 0.000000 0.000000 0.000000 0.000000 0.000000
    66 0.000000 0.000000 0.000000 0.000000 0.000000 0.000000
    67 0.000000 0.000000 0.000000 0.000000 0.000000 0.000000
    68 0.000000 0.000000 0.000000 0.000000 0.000000 0.000000
    69 0.000000 0.000000 0.000000 0.000000 0.000000 0.000000
  time 45
    0 0.000000 0.000000 0.000000 0.000000 0.000000 -1.570796
    1 0.000000 0.000000 0.000000 0.000000 0.000000 0.000000
    2 3.982422 -0.000004 -0.000003 -1.570794 0.051770 -1.611079
    3 15.937500 0.000000 0.000000 0.000000 0.000000 0.051653
    4 17.703125 0.000000 0.000000 0.017106 -0.070055 -1.175214
    5 6.203125 0.000001 0.000000 -0.011145 0.000933 -0.500513
    6 -3.982422 0.000007 0.000007 -1.570792 0.051771 -1.530509
    7 15.937500 0.000000 0.000000 0.000000 0.000000 0.051653
    8 17.703125 0.000000 0.000000 -0.006397 0.070029 -1.178166
    9 6.203125 0.000000 0.000000 -0.078650 -0.006185 -0.498943
    10 0.000000 0.000000 0.000000 0.000000 0.000000 0.000000
    11 0.000000 0.000000 0.000000 0.000000 0.000000 0.000000
    12 0.000000 0.000000 0.000000 0.000000 0.000000 0.000000
    13 0.000000 0.000000 0.000000 0.000000 0.000000 0.000000
    14 0.000000 0.000000 0.000000 0.000000 0.000000 0.000000
    15 0.000000 0.000000 0.000000 0.000000 0.000000 0.000000
    16 0.000000 0.000000 0.000000 0.000000 0.000000 0.000000
    17 0.000000 0.000000 0.000000 0.001413 -0.057654 -0.004879
    18 0.000000 0.000000 0.000000 0.000000 0.000000 0.090990
    19 11.203125 -0.000001 0.000002 0.557778 0.364985 -0.352218
    20 3.548828 0.198730 -1.489258 -0.472246 0.063925 -0.818719
    21 1.218750 0.000001 0.000003 -0.004612 0.097481 -1.230554
    22 0.679688 0.000000 0.000000 0.011364 0.086977 -1.036816
    23 3.697266 0.267334 -0.728516 -0.164776 0.147479 -0.995499
    24 1.748047 0.000000 0.000001 0.000213 0.027092 -1.054100
    25 0.959961 -0.000001 0.000000 0.002325 0.039401 -1.101803
    26 3.767578 0.152466 0.071350 0.074637 0.103122 -0.865115
    27 2.037109 -0.000001 -0.000002 0.001515 -0.004364 -1.439416
    28 1.066406 0.000000 0.000001 -0.001244 -0.005671 -0.962931
    29 3.783203 -0.017258 0.794434 0.348232 0.068438 -0.758273
    30 1.628906 -0.000001 0.000002 0.018830 -0.066667 -1.332708
    31 0.955566 0.000001 0.000001 -0.000001 -0.069718 -1.033963
    32 1.258789 -0.297852 1.251953 -1.245151 -0.163241 -0.922789
    33 1.392578 0.000000 -0.000002 0.000001 0.002024 0.349108
    34 1.099609 0.000000 -0.000001 0.000001 0.013128 0.596757
    35 0.000000 0.000000 0.000000 0.000000 0.000000 0.000000
    36 0.000000 0.000000 0.000000 -0.049490 0.101457 -0.172420
    37 0.000000 0.000000 0.000000 0.000000 0.000000 0.046070
    38 11.203125 0.000000 0.000002 -1.049277 -0.434038 -0.008364
    39 3.548828 0.211304 1.487305 0.492427 0.054648 -1.044090
    40 1.218750 0.000000 0.000000 0.004612 -0.097480 -1.485808
    41 0.679688 -0.000002 0.000001 -0.011363 -0.086976 -1.292069
    42 3.697266 0.273682 0.726563 0.167567 -0.105308 -1.247601
    43 1.748047 0.000001 0.000000 -0.000213 -0.027092 -1.309354
    44 0.959961 -0.000001 -0.000001 -0.002324 -0.039401 -1.357058
    45 3.767578 0.151855 -0.072693 -0.059050 -0.120242 -1.121067
    46 2.037109 -0.000001 -0.000002 -0.001514 0.004365 -1.694671
    47 1.066406 0.000002 -0.000003 0.001244 0.005670 -1.218185
    48 3.783203 -0.023941 -0.794434 -0.321316 -0.152718 -1.000774
    49 1.628906 -0.000001 -0.000004 -0.018830 0.066667 -1.587963
    50 0.955566 -0.000001 0.000001 -0.000001 0.069718 -1.289218
    51 1.258789 -0.308350 -1.250000 1.322030 0.226765 -0.566100
    52 1.392578 -0.000002 0.000000 0.000000 -0.002024 0.427650
    53 1.099609 0.000000 0.000001 -0.000001 -0.013127 0.125518
    54 0.000000 0.000000 0.000000 0.000000 0.000000 0.000000
    55 0.000000 0.000000 0.000000 0.000000 0.000000 0.000000
    56 0.000000 0.000000 0.000000 0.000000 0.000000 0.000000
    57 0.000000 0.000000 0.000000 0.000000 0.000000 0.000000
    58 0.000000 0.000000 0.000000 0.000000 0.000000 0.000000
    59 0.000000 0.000000 0.000000 0.000000 0.000000 0.000000
    60 0.000000 0.000000 0.000000 0.000000 0.000000 0.000000
    61 0.000000 0.000000 0.000000 0.000000 0.000000 0.000000
    62 0.000000 0.000000 0.000000 0.000000 0.000000 0.000000
    63 0.000000 0.000000 0.000000 0.000000 0.000000 0.000000
    64 0.000000 0.000000 0.000000 0.000000 0.000000 0.000000
    65 0.000000 0.000000 0.000000 0.000000 0.000000 0.000000
    66 0.000000 0.000000 0.000000 0.000000 0.000000 0.000000
    67 0.000000 0.000000 0.000000 0.000000 0.000000 0.000000
    68 0.000000 0.000000 0.000000 0.000000 0.000000 0.000000
    69 0.000000 0.000000 0.000000 0.000000 0.000000 0.000000
  time 46
    0 0.000000 0.000000 0.000000 0.000000 0.000000 -1.570796
    1 0.000000 0.000000 0.000000 0.000000 0.000000 0.000000
    2 3.982422 -0.000004 -0.000003 -1.570794 0.051770 -1.611079
    3 15.937500 0.000000 0.000000 0.000000 0.000000 0.051653
    4 17.703125 0.000000 0.000000 0.017106 -0.070055 -1.175214
    5 6.203125 0.000001 0.000000 -0.011145 0.000933 -0.500513
    6 -3.982422 0.000007 0.000007 -1.570792 0.051771 -1.530509
    7 15.937500 0.000000 0.000000 0.000000 0.000000 0.051653
    8 17.703125 0.000000 0.000000 -0.006397 0.070029 -1.178166
    9 6.203125 0.000000 0.000000 -0.078650 -0.006185 -0.498943
    10 0.000000 0.000000 0.000000 0.000000 0.000000 0.000000
    11 0.000000 0.000000 0.000000 0.000000 0.000000 0.000000
    12 0.000000 0.000000 0.000000 0.000000 0.000000 0.000000
    13 0.000000 0.000000 0.000000 0.000000 0.000000 0.000000
    14 0.000000 0.000000 0.000000 0.000000 0.000000 0.000000
    15 0.000000 0.000000 0.000000 0.000000 0.000000 0.000000
    16 0.000000 0.000000 0.000000 0.000000 0.000000 0.000000
    17 0.000000 0.000000 0.000000 0.001130 -0.055504 -0.002950
    18 0.000000 0.000000 0.000000 0.000000 0.000000 0.089221
    19 11.203125 -0.000001 0.000002 0.557778 0.364985 -0.352218
    20 3.548828 0.198730 -1.489258 -0.472246 0.063925 -0.818719
    21 1.218750 0.000001 0.000003 -0.004612 0.097481 -1.230554
    22 0.679688 0.000000 0.000000 0.011364 0.086977 -1.036816
    23 3.697266 0.267334 -0.728516 -0.164776 0.147479 -0.995499
    24 1.748047 0.000000 0.000001 0.000213 0.027092 -1.054100
    25 0.959961 -0.000001 0.000000 0.002325 0.039401 -1.101803
    26 3.767578 0.152466 0.071350 0.074637 0.103122 -0.865115
    27 2.037109 -0.000001 -0.000002 0.001515 -0.004364 -1.439416
    28 1.066406 0.000000 0.000001 -0.001244 -0.005671 -0.962931
    29 3.783203 -0.017258 0.794434 0.348232 0.068438 -0.758273
    30 1.628906 -0.000001 0.000002 0.018830 -0.066667 -1.332708
    31 0.955566 0.000001 0.000001 -0.000001 -0.069718 -1.033963
    32 1.258789 -0.297852 1.251953 -1.245151 -0.163241 -0.922789
    33 1.392578 0.000000 -0.000002 0.000001 0.002024 0.349108
    34 1.099609 0.000000 -0.000001 0.000001 0.013128 0.596757
    35 0.000000 0.000000 0.000000 0.000000 0.000000 0.000000
    36 0.000000 0.000000 0.000000 -0.048619 0.100073 -0.167928
    37 0.000000 0.000000 0.000000 0.000000 0.000000 0.042575
    38 11.203125 0.000000 0.000002 -1.049277 -0.434038 -0.008364
    39 3.548828 0.211304 1.487305 0.492427 0.054648 -1.044090
    40 1.218750 0.000000 0.000000 0.004612 -0.097480 -1.485808
    41 0.679688 -0.000002 0.000001 -0.011363 -0.086976 -1.292069
    42 3.697266 0.273682 0.726563 0.167567 -0.105308 -1.247601
    43 1.748047 0.000001 0.000000 -0.000213 -0.027092 -1.309354
    44 0.959961 -0.000001 -0.000001 -0.002324 -0.039401 -1.357058
    45 3.767578 0.151855 -0.072693 -0.059050 -0.120242 -1.121067
    46 2.037109 -0.000001 -0.000002 -0.001514 0.004365 -1.694671
    47 1.066406 0.000002 -0.000003 0.001244 0.005670 -1.218185
    48 3.783203 -0.023941 -0.794434 -0.321316 -0.152718 -1.000774
    49 1.628906 -0.000001 -0.000004 -0.018830 0.066667 -1.587963
    50 0.955566 -0.000001 0.000001 -0.000001 0.069718 -1.289218
    51 1.258789 -0.308350 -1.250000 1.322030 0.226765 -0.566100
    52 1.392578 -0.000002 0.000000 0.000000 -0.002024 0.427650
    53 1.099609 0.000000 0.000001 -0.000001 -0.013127 0.125518
    54 0.000000 0.000000 0.000000 0.000000 0.000000 0.000000
    55 0.000000 0.000000 0.000000 0.000000 0.000000 0.000000
    56 0.000000 0.000000 0.000000 0.000000 0.000000 0.000000
    57 0.000000 0.000000 0.000000 0.000000 0.000000 0.000000
    58 0.000000 0.000000 0.000000 0.000000 0.000000 0.000000
    59 0.000000 0.000000 0.000000 0.000000 0.000000 0.000000
    60 0.000000 0.000000 0.000000 0.000000 0.000000 0.000000
    61 0.000000 0.000000 0.000000 0.000000 0.000000 0.000000
    62 0.000000 0.000000 0.000000 0.000000 0.000000 0.000000
    63 0.000000 0.000000 0.000000 0.000000 0.000000 0.000000
    64 0.000000 0.000000 0.000000 0.000000 0.000000 0.000000
    65 0.000000 0.000000 0.000000 0.000000 0.000000 0.000000
    66 0.000000 0.000000 0.000000 0.000000 0.000000 0.000000
    67 0.000000 0.000000 0.000000 0.000000 0.000000 0.000000
    68 0.000000 0.000000 0.000000 0.000000 0.000000 0.000000
    69 0.000000 0.000000 0.000000 0.000000 0.000000 0.000000
  time 47
    0 0.000000 0.000000 0.000000 0.000000 0.000000 -1.570796
    1 0.000000 0.000000 0.000000 0.000000 0.000000 0.000000
    2 3.982422 -0.000004 -0.000003 -1.570794 0.051770 -1.611079
    3 15.937500 0.000000 0.000000 0.000000 0.000000 0.051653
    4 17.703125 0.000000 0.000000 0.017106 -0.070055 -1.175214
    5 6.203125 0.000001 0.000000 -0.011145 0.000933 -0.500513
    6 -3.982422 0.000007 0.000007 -1.570792 0.051771 -1.530509
    7 15.937500 0.000000 0.000000 0.000000 0.000000 0.051653
    8 17.703125 0.000000 0.000000 -0.006397 0.070029 -1.178166
    9 6.203125 0.000000 0.000000 -0.078650 -0.006185 -0.498943
    10 0.000000 0.000000 0.000000 0.000000 0.000000 0.000000
    11 0.000000 0.000000 0.000000 0.000000 0.000000 0.000000
    12 0.000000 0.000000 0.000000 0.000000 0.000000 0.000000
    13 0.000000 0.000000 0.000000 0.000000 0.000000 0.000000
    14 0.000000 0.000000 0.000000 0.000000 0.000000 0.000000
    15 0.000000 0.000000 0.000000 0.000000 0.000000 0.000000
    16 0.000000 0.000000 0.000000 0.000000 0.000000 0.000000
    17 0.000000 0.000000 0.000000 0.000848 -0.053327 -0.000756
    18 0.000000 0.000000 0.000000 0.000000 0.000000 0.086861
    19 11.203125 -0.000001 0.000002 0.557778 0.364985 -0.352218
    20 3.548828 0.198730 -1.489258 -0.472246 0.063925 -0.818719
    21 1.218750 0.000001 0.000003 -0.004612 0.097481 -1.230554
    22 0.679688 0.000000 0.000000 0.011364 0.086977 -1.036816
    23 3.697266 0.267334 -0.728516 -0.164776 0.147479 -0.995499
    24 1.748047 0.000000 0.000001 0.000213 0.027092 -1.054100
    25 0.959961 -0.000001 0.000000 0.002325 0.039401 -1.101803
    26 3.767578 0.152466 0.071350 0.074637 0.103122 -0.865115
    27 2.037109 -0.000001 -0.000002 0.001515 -0.004364 -1.439416
    28 1.066406 0.000000 0.000001 -0.001244 -0.005671 -0.962931
    29 3.783203 -0.017258 0.794434 0.348232 0.068438 -0.758273
    30 1.628906 -0.000001 0.000002 0.018830 -0.066667 -1.332708
    31 0.955566 0.000001 0.000001 -0.000001 -0.069718 -1.033963
    32 1.258789 -0.297852 1.251953 -1.245151 -0.163241 -0.922789
    33 1.392578 0.000000 -0.000002 0.000001 0.002024 0.349108
    34 1.099609 0.000000 -0.000001 0.000001 0.013128 0.596757
    35 0.000000 0.000000 0.000000 0.000000 0.000000 0.000000
    36 0.000000 0.000000 0.000000 -0.047966 0.098723 -0.163809
    37 0.000000 0.000000 0.000000 0.000000 0.000000 0.039207
    38 11.203125 0.000000 0.000002 -1.049277 -0.434038 -0.008364
    39 3.548828 0.211304 1.487305 0.492427 0.054648 -1.044090
    40 1.218750 0.000000 0.000000 0.004612 -0.097480 -1.485808
    41 0.679688 -0.000002 0.000001 -0.011363 -0.086976 -1.292069
    42 3.697266 0.273682 0.726563 0.167567 -0.105308 -1.247601
    43 1.748047 0.000001 0.000000 -0.000213 -0.027092 -1.309354
    44 0.959961 -0.000001 -0.000001 -0.002324 -0.039401 -1.357058
    45 3.767578 0.151855 -0.072693 -0.059050 -0.120242 -1.121067
    46 2.037109 -0.000001 -0.000002 -0.001514 0.004365 -1.694671
    47 1.066406 0.000002 -0.000003 0.001244 0.005670 -1.218185
    48 3.783203 -0.023941 -0.794434 -0.321316 -0.152718 -1.000774
    49 1.628906 -0.000001 -0.000004 -0.018830 0.066667 -1.587963
    50 0.955566 -0.000001 0.000001 -0.000001 0.069718 -1.289218
    51 1.258789 -0.308350 -1.250000 1.322030 0.226765 -0.566100
    52 1.392578 -0.000002 0.000000 0.000000 -0.002024 0.427650
    53 1.099609 0.000000 0.000001 -0.000001 -0.013127 0.125518
    54 0.000000 0.000000 0.000000 0.000000 0.000000 0.000000
    55 0.000000 0.000000 0.000000 0.000000 0.000000 0.000000
    56 0.000000 0.000000 0.000000 0.000000 0.000000 0.000000
    57 0.000000 0.000000 0.000000 0.000000 0.000000 0.000000
    58 0.000000 0.000000 0.000000 0.000000 0.000000 0.000000
    59 0.000000 0.000000 0.000000 0.000000 0.000000 0.000000
    60 0.000000 0.000000 0.000000 0.000000 0.000000 0.000000
    61 0.000000 0.000000 0.000000 0.000000 0.000000 0.000000
    62 0.000000 0.000000 0.000000 0.000000 0.000000 0.000000
    63 0.000000 0.000000 0.000000 0.000000 0.000000 0.000000
    64 0.000000 0.000000 0.000000 0.000000 0.000000 0.000000
    65 0.000000 0.000000 0.000000 0.000000 0.000000 0.000000
    66 0.000000 0.000000 0.000000 0.000000 0.000000 0.000000
    67 0.000000 0.000000 0.000000 0.000000 0.000000 0.000000
    68 0.000000 0.000000 0.000000 0.000000 0.000000 0.000000
    69 0.000000 0.000000 0.000000 0.000000 0.000000 0.000000
  time 48
    0 0.000000 0.000000 0.000000 0.000000 0.000000 -1.570796
    1 0.000000 0.000000 0.000000 0.000000 0.000000 0.000000
    2 3.982422 -0.000004 -0.000003 -1.570794 0.051770 -1.611079
    3 15.937500 0.000000 0.000000 0.000000 0.000000 0.051653
    4 17.703125 0.000000 0.000000 0.017106 -0.070055 -1.175214
    5 6.203125 0.000001 0.000000 -0.011145 0.000933 -0.500513
    6 -3.982422 0.000007 0.000007 -1.570792 0.051771 -1.530509
    7 15.937500 0.000000 0.000000 0.000000 0.000000 0.051653
    8 17.703125 0.000000 0.000000 -0.006397 0.070029 -1.178166
    9 6.203125 0.000000 0.000000 -0.078650 -0.006185 -0.498943
    10 0.000000 0.000000 0.000000 0.000000 0.000000 0.000000
    11 0.000000 0.000000 0.000000 0.000000 0.000000 0.000000
    12 0.000000 0.000000 0.000000 0.000000 0.000000 0.000000
    13 0.000000 0.000000 0.000000 0.000000 0.000000 0.000000
    14 0.000000 0.000000 0.000000 0.000000 0.000000 0.000000
    15 0.000000 0.000000 0.000000 0.000000 0.000000 0.000000
    16 0.000000 0.000000 0.000000 0.000000 0.000000 0.000000
    17 0.000000 0.000000 0.000000 0.000636 -0.051206 0.001778
    18 0.000000 0.000000 0.000000 0.000000 0.000000 0.083838
    19 11.203125 -0.000001 0.000002 0.557778 0.364985 -0.352218
    20 3.548828 0.198730 -1.489258 -0.472246 0.063925 -0.818719
    21 1.218750 0.000001 0.000003 -0.004612 0.097481 -1.230554
    22 0.679688 0.000000 0.000000 0.011364 0.086977 -1.036816
    23 3.697266 0.267334 -0.728516 -0.164776 0.147479 -0.995499
    24 1.748047 0.000000 0.000001 0.000213 0.027092 -1.054100
    25 0.959961 -0.000001 0.000000 0.002325 0.039401 -1.101803
    26 3.767578 0.152466 0.071350 0.074637 0.103122 -0.865115
    27 2.037109 -0.000001 -0.000002 0.001515 -0.004364 -1.439416
    28 1.066406 0.000000 0.000001 -0.001244 -0.005671 -0.962931
    29 3.783203 -0.017258 0.794434 0.348232 0.068438 -0.758273
    30 1.628906 -0.000001 0.000002 0.018830 -0.066667 -1.332708
    31 0.955566 0.000001 0.000001 -0.000001 -0.069718 -1.033963
    32 1.258789 -0.297852 1.251953 -1.245151 -0.163241 -0.922789
    33 1.392578 0.000000 -0.000002 0.000001 0.002024 0.349108
    34 1.099609 0.000000 -0.000001 0.000001 0.013128 0.596757
    35 0.000000 0.000000 0.000000 0.000000 0.000000 0.000000
    36 0.000000 0.000000 0.000000 -0.047313 0.097407 -0.160149
    37 0.000000 0.000000 0.000000 0.000000 0.000000 0.036094
    38 11.203125 0.000000 0.000002 -1.049277 -0.434038 -0.008364
    39 3.548828 0.211304 1.487305 0.492427 0.054648 -1.044090
    40 1.218750 0.000000 0.000000 0.004612 -0.097480 -1.485808
    41 0.679688 -0.000002 0.000001 -0.011363 -0.086976 -1.292069
    42 3.697266 0.273682 0.726563 0.167567 -0.105308 -1.247601
    43 1.748047 0.000001 0.000000 -0.000213 -0.027092 -1.309354
    44 0.959961 -0.000001 -0.000001 -0.002324 -0.039401 -1.357058
    45 3.767578 0.151855 -0.072693 -0.059050 -0.120242 -1.121067
    46 2.037109 -0.000001 -0.000002 -0.001514 0.004365 -1.694671
    47 1.066406 0.000002 -0.000003 0.001244 0.005670 -1.218185
    48 3.783203 -0.023941 -0.794434 -0.321316 -0.152718 -1.000774
    49 1.628906 -0.000001 -0.000004 -0.018830 0.066667 -1.587963
    50 0.955566 -0.000001 0.000001 -0.000001 0.069718 -1.289218
    51 1.258789 -0.308350 -1.250000 1.322030 0.226765 -0.566100
    52 1.392578 -0.000002 0.000000 0.000000 -0.002024 0.427650
    53 1.099609 0.000000 0.000001 -0.000001 -0.013127 0.125518
    54 0.000000 0.000000 0.000000 0.000000 0.000000 0.000000
    55 0.000000 0.000000 0.000000 0.000000 0.000000 0.000000
    56 0.000000 0.000000 0.000000 0.000000 0.000000 0.000000
    57 0.000000 0.000000 0.000000 0.000000 0.000000 0.000000
    58 0.000000 0.000000 0.000000 0.000000 0.000000 0.000000
    59 0.000000 0.000000 0.000000 0.000000 0.000000 0.000000
    60 0.000000 0.000000 0.000000 0.000000 0.000000 0.000000
    61 0.000000 0.000000 0.000000 0.000000 0.000000 0.000000
    62 0.000000 0.000000 0.000000 0.000000 0.000000 0.000000
    63 0.000000 0.000000 0.000000 0.000000 0.000000 0.000000
    64 0.000000 0.000000 0.000000 0.000000 0.000000 0.000000
    65 0.000000 0.000000 0.000000 0.000000 0.000000 0.000000
    66 0.000000 0.000000 0.000000 0.000000 0.000000 0.000000
    67 0.000000 0.000000 0.000000 0.000000 0.000000 0.000000
    68 0.000000 0.000000 0.000000 0.000000 0.000000 0.000000
    69 0.000000 0.000000 0.000000 0.000000 0.000000 0.000000
  time 49
    0 0.000000 0.000000 0.000000 0.000000 0.000000 -1.570796
    1 0.000000 0.000000 0.000000 0.000000 0.000000 0.000000
    2 3.982422 -0.000004 -0.000003 -1.570794 0.051770 -1.611079
    3 15.937500 0.000000 0.000000 0.000000 0.000000 0.051653
    4 17.703125 0.000000 0.000000 0.017106 -0.070055 -1.175214
    5 6.203125 0.000001 0.000000 -0.011145 0.000933 -0.500513
    6 -3.982422 0.000007 0.000007 -1.570792 0.051771 -1.530509
    7 15.937500 0.000000 0.000000 0.000000 0.000000 0.051653
    8 17.703125 0.000000 0.000000 -0.006397 0.070029 -1.178166
    9 6.203125 0.000000 0.000000 -0.078650 -0.006185 -0.498943
    10 0.000000 0.000000 0.000000 0.000000 0.000000 0.000000
    11 0.000000 0.000000 0.000000 0.000000 0.000000 0.000000
    12 0.000000 0.000000 0.000000 0.000000 0.000000 0.000000
    13 0.000000 0.000000 0.000000 0.000000 0.000000 0.000000
    14 0.000000 0.000000 0.000000 0.000000 0.000000 0.000000
    15 0.000000 0.000000 0.000000 0.000000 0.000000 0.000000
    16 0.000000 0.000000 0.000000 0.000000 0.000000 0.000000
    17 0.000000 0.000000 0.000000 0.000283 -0.049258 0.004236
    18 0.000000 0.000000 0.000000 0.000000 0.000000 0.080667
    19 11.203125 -0.000001 0.000002 0.557778 0.364985 -0.352218
    20 3.548828 0.198730 -1.489258 -0.472246 0.063925 -0.818719
    21 1.218750 0.000001 0.000003 -0.004612 0.097481 -1.230554
    22 0.679688 0.000000 0.000000 0.011364 0.086977 -1.036816
    23 3.697266 0.267334 -0.728516 -0.164776 0.147479 -0.995499
    24 1.748047 0.000000 0.000001 0.000213 0.027092 -1.054100
    25 0.959961 -0.000001 0.000000 0.002325 0.039401 -1.101803
    26 3.767578 0.152466 0.071350 0.074637 0.103122 -0.865115
    27 2.037109 -0.000001 -0.000002 0.001515 -0.004364 -1.439416
    28 1.066406 0.000000 0.000001 -0.001244 -0.005671 -0.962931
    29 3.783203 -0.017258 0.794434 0.348232 0.068438 -0.758273
    30 1.628906 -0.000001 0.000002 0.018830 -0.066667 -1.332708
    31 0.955566 0.000001 0.000001 -0.000001 -0.069718 -1.033963
    32 1.258789 -0.297852 1.251953 -1.245151 -0.163241 -0.922789
    33 1.392578 0.000000 -0.000002 0.000001 0.002024 0.349108
    34 1.099609 0.000000 -0.000001 0.000001 0.013128 0.596757
    35 0.000000 0.000000 0.000000 0.000000 0.000000 0.000000
    36 0.000000 0.000000 0.000000 -0.046878 0.096127 -0.156946
    37 0.000000 0.000000 0.000000 0.000000 0.000000 0.033234
    38 11.203125 0.000000 0.000002 -1.049277 -0.434038 -0.008364
    39 3.548828 0.211304 1.487305 0.492427 0.054648 -1.044090
    40 1.218750 0.000000 0.000000 0.004612 -0.097480 -1.485808
    41 0.679688 -0.000002 0.000001 -0.011363 -0.086976 -1.292069
    42 3.697266 0.273682 0.726563 0.167567 -0.105308 -1.247601
    43 1.748047 0.000001 0.000000 -0.000213 -0.027092 -1.309354
    44 0.959961 -0.000001 -0.000001 -0.002324 -0.039401 -1.357058
    45 3.767578 0.151855 -0.072693 -0.059050 -0.120242 -1.121067
    46 2.037109 -0.000001 -0.000002 -0.001514 0.004365 -1.694671
    47 1.066406 0.000002 -0.000003 0.001244 0.005670 -1.218185
    48 3.783203 -0.023941 -0.794434 -0.321316 -0.152718 -1.000774
    49 1.628906 -0.000001 -0.000004 -0.018830 0.066667 -1.587963
    50 0.955566 -0.000001 0.000001 -0.000001 0.069718 -1.289218
    51 1.258789 -0.308350 -1.250000 1.322030 0.226765 -0.566100
    52 1.392578 -0.000002 0.000000 0.000000 -0.002024 0.427650
    53 1.099609 0.000000 0.000001 -0.000001 -0.013127 0.125518
    54 0.000000 0.000000 0.000000 0.000000 0.000000 0.000000
    55 0.000000 0.000000 0.000000 0.000000 0.000000 0.000000
    56 0.000000 0.000000 0.000000 0.000000 0.000000 0.000000
    57 0.000000 0.000000 0.000000 0.000000 0.000000 0.000000
    58 0.000000 0.000000 0.000000 0.000000 0.000000 0.000000
    59 0.000000 0.000000 0.000000 0.000000 0.000000 0.000000
    60 0.000000 0.000000 0.000000 0.000000 0.000000 0.000000
    61 0.000000 0.000000 0.000000 0.000000 0.000000 0.000000
    62 0.000000 0.000000 0.000000 0.000000 0.000000 0.000000
    63 0.000000 0.000000 0.000000 0.000000 0.000000 0.000000
    64 0.000000 0.000000 0.000000 0.000000 0.000000 0.000000
    65 0.000000 0.000000 0.000000 0.000000 0.000000 0.000000
    66 0.000000 0.000000 0.000000 0.000000 0.000000 0.000000
    67 0.000000 0.000000 0.000000 0.000000 0.000000 0.000000
    68 0.000000 0.000000 0.000000 0.000000 0.000000 0.000000
    69 0.000000 0.000000 0.000000 0.000000 0.000000 0.000000
  time 50
    0 0.000000 0.000000 0.000000 0.000000 0.000000 -1.570796
    1 0.000000 0.000000 0.000000 0.000000 0.000000 0.000000
    2 3.982422 -0.000004 -0.000003 -1.570794 0.051770 -1.611079
    3 15.937500 0.000000 0.000000 0.000000 0.000000 0.051653
    4 17.703125 0.000000 0.000000 0.017106 -0.070055 -1.175214
    5 6.203125 0.000001 0.000000 -0.011145 0.000933 -0.500513
    6 -3.982422 0.000007 0.000007 -1.570792 0.051771 -1.530509
    7 15.937500 0.000000 0.000000 0.000000 0.000000 0.051653
    8 17.703125 0.000000 0.000000 -0.006397 0.070029 -1.178166
    9 6.203125 0.000000 0.000000 -0.078650 -0.006185 -0.498943
    10 0.000000 0.000000 0.000000 0.000000 0.000000 0.000000
    11 0.000000 0.000000 0.000000 0.000000 0.000000 0.000000
    12 0.000000 0.000000 0.000000 0.000000 0.000000 0.000000
    13 0.000000 0.000000 0.000000 0.000000 0.000000 0.000000
    14 0.000000 0.000000 0.000000 0.000000 0.000000 0.000000
    15 0.000000 0.000000 0.000000 0.000000 0.000000 0.000000
    16 0.000000 0.000000 0.000000 0.000000 0.000000 0.000000
    17 0.000000 0.000000 0.000000 -0.000071 -0.047624 0.006278
    18 0.000000 0.000000 0.000000 0.000000 0.000000 0.077644
    19 11.203125 -0.000001 0.000002 0.557778 0.364985 -0.352218
    20 3.548828 0.198730 -1.489258 -0.472246 0.063925 -0.818719
    21 1.218750 0.000001 0.000003 -0.004612 0.097481 -1.230554
    22 0.679688 0.000000 0.000000 0.011364 0.086977 -1.036816
    23 3.697266 0.267334 -0.728516 -0.164776 0.147479 -0.995499
    24 1.748047 0.000000 0.000001 0.000213 0.027092 -1.054100
    25 0.959961 -0.000001 0.000000 0.002325 0.039401 -1.101803
    26 3.767578 0.152466 0.071350 0.074637 0.103122 -0.865115
    27 2.037109 -0.000001 -0.000002 0.001515 -0.004364 -1.439416
    28 1.066406 0.000000 0.000001 -0.001244 -0.005671 -0.962931
    29 3.783203 -0.017258 0.794434 0.348232 0.068438 -0.758273
    30 1.628906 -0.000001 0.000002 0.018830 -0.066667 -1.332708
    31 0.955566 0.000001 0.000001 -0.000001 -0.069718 -1.033963
    32 1.258789 -0.297852 1.251953 -1.245151 -0.163241 -0.922789
    33 1.392578 0.000000 -0.000002 0.000001 0.002024 0.349108
    34 1.099609 0.000000 -0.000001 0.000001 0.013128 0.596757
    35 0.000000 0.000000 0.000000 0.000000 0.000000 0.000000
    36 0.000000 0.000000 0.000000 -0.046442 0.094915 -0.154242
    37 0.000000 0.000000 0.000000 0.000000 0.000000 0.030819
    38 11.203125 0.000000 0.000002 -1.049277 -0.434038 -0.008364
    39 3.548828 0.211304 1.487305 0.492427 0.054648 -1.044090
    40 1.218750 0.000000 0.000000 0.004612 -0.097480 -1.485808
    41 0.679688 -0.000002 0.000001 -0.011363 -0.086976 -1.292069
    42 3.697266 0.273682 0.726563 0.167567 -0.105308 -1.247601
    43 1.748047 0.000001 0.000000 -0.000213 -0.027092 -1.309354
    44 0.959961 -0.000001 -0.000001 -0.002324 -0.039401 -1.357058
    45 3.767578 0.151855 -0.072693 -0.059050 -0.120242 -1.121067
    46 2.037109 -0.000001 -0.000002 -0.001514 0.004365 -1.694671
    47 1.066406 0.000002 -0.000003 0.001244 0.005670 -1.218185
    48 3.783203 -0.023941 -0.794434 -0.321316 -0.152718 -1.000774
    49 1.628906 -0.000001 -0.000004 -0.018830 0.066667 -1.587963
    50 0.955566 -0.000001 0.000001 -0.000001 0.069718 -1.289218
    51 1.258789 -0.308350 -1.250000 1.322030 0.226765 -0.566100
    52 1.392578 -0.000002 0.000000 0.000000 -0.002024 0.427650
    53 1.099609 0.000000 0.000001 -0.000001 -0.013127 0.125518
    54 0.000000 0.000000 0.000000 0.000000 0.000000 0.000000
    55 0.000000 0.000000 0.000000 0.000000 0.000000 0.000000
    56 0.000000 0.000000 0.000000 0.000000 0.000000 0.000000
    57 0.000000 0.000000 0.000000 0.000000 0.000000 0.000000
    58 0.000000 0.000000 0.000000 0.000000 0.000000 0.000000
    59 0.000000 0.000000 0.000000 0.000000 0.000000 0.000000
    60 0.000000 0.000000 0.000000 0.000000 0.000000 0.000000
    61 0.000000 0.000000 0.000000 0.000000 0.000000 0.000000
    62 0.000000 0.000000 0.000000 0.000000 0.000000 0.000000
    63 0.000000 0.000000 0.000000 0.000000 0.000000 0.000000
    64 0.000000 0.000000 0.000000 0.000000 0.000000 0.000000
    65 0.000000 0.000000 0.000000 0.000000 0.000000 0.000000
    66 0.000000 0.000000 0.000000 0.000000 0.000000 0.000000
    67 0.000000 0.000000 0.000000 0.000000 0.000000 0.000000
    68 0.000000 0.000000 0.000000 0.000000 0.000000 0.000000
    69 0.000000 0.000000 0.000000 0.000000 0.000000 0.000000
  time 51
    0 0.000000 0.000000 0.000000 0.000000 0.000000 -1.570796
    1 0.000000 0.000000 0.000000 0.000000 0.000000 0.000000
    2 3.982422 -0.000004 -0.000003 -1.570794 0.051770 -1.611079
    3 15.937500 0.000000 0.000000 0.000000 0.000000 0.051653
    4 17.703125 0.000000 0.000000 0.017106 -0.070055 -1.175214
    5 6.203125 0.000001 0.000000 -0.011145 0.000933 -0.500513
    6 -3.982422 0.000007 0.000007 -1.570792 0.051771 -1.530509
    7 15.937500 0.000000 0.000000 0.000000 0.000000 0.051653
    8 17.703125 0.000000 0.000000 -0.006397 0.070029 -1.178166
    9 6.203125 0.000000 0.000000 -0.078650 -0.006185 -0.498943
    10 0.000000 0.000000 0.000000 0.000000 0.000000 0.000000
    11 0.000000 0.000000 0.000000 0.000000 0.000000 0.000000
    12 0.000000 0.000000 0.000000 0.000000 0.000000 0.000000
    13 0.000000 0.000000 0.000000 0.000000 0.000000 0.000000
    14 0.000000 0.000000 0.000000 0.000000 0.000000 0.000000
    15 0.000000 0.000000 0.000000 0.000000 0.000000 0.000000
    16 0.000000 0.000000 0.000000 0.000000 0.000000 0.000000
    17 0.000000 0.000000 0.000000 -0.000565 -0.046249 0.007867
    18 0.000000 0.000000 0.000000 0.000000 0.000000 0.074768
    19 11.203125 -0.000001 0.000002 0.557778 0.364985 -0.352218
    20 3.548828 0.198730 -1.489258 -0.472246 0.063925 -0.818719
    21 1.218750 0.000001 0.000003 -0.004612 0.097481 -1.230554
    22 0.679688 0.000000 0.000000 0.011364 0.086977 -1.036816
    23 3.697266 0.267334 -0.728516 -0.164776 0.147479 -0.995499
    24 1.748047 0.000000 0.000001 0.000213 0.027092 -1.054100
    25 0.959961 -0.000001 0.000000 0.002325 0.039401 -1.101803
    26 3.767578 0.152466 0.071350 0.074637 0.103122 -0.865115
    27 2.037109 -0.000001 -0.000002 0.001515 -0.004364 -1.439416
    28 1.066406 0.000000 0.000001 -0.001244 -0.005671 -0.962931
    29 3.783203 -0.017258 0.794434 0.348232 0.068438 -0.758273
    30 1.628906 -0.000001 0.000002 0.018830 -0.066667 -1.332708
    31 0.955566 0.000001 0.000001 -0.000001 -0.069718 -1.033963
    32 1.258789 -0.297852 1.251953 -1.245151 -0.163241 -0.922789
    33 1.392578 0.000000 -0.000002 0.000001 0.002024 0.349108
    34 1.099609 0.000000 -0.000001 0.000001 0.013128 0.596757
    35 0.000000 0.000000 0.000000 0.000000 0.000000 0.000000
    36 0.000000 0.000000 0.000000 -0.046152 0.093773 -0.151996
    37 0.000000 0.000000 0.000000 0.000000 0.000000 0.028722
    38 11.203125 0.000000 0.000002 -1.049277 -0.434038 -0.008364
    39 3.548828 0.211304 1.487305 0.492427 0.054648 -1.044090
    40 1.218750 0.000000 0.000000 0.004612 -0.097480 -1.485808
    41 0.679688 -0.000002 0.000001 -0.011363 -0.086976 -1.292069
    42 3.697266 0.273682 0.726563 0.167567 -0.105308 -1.247601
    43 1.748047 0.000001 0.000000 -0.000213 -0.027092 -1.309354
    44 0.959961 -0.000001 -0.000001 -0.002324 -0.039401 -1.357058
    45 3.767578 0.151855 -0.072693 -0.059050 -0.120242 -1.121067
    46 2.037109 -0.000001 -0.000002 -0.001514 0.004365 -1.694671
    47 1.066406 0.000002 -0.000003 0.001244 0.005670 -1.218185
    48 3.783203 -0.023941 -0.794434 -0.321316 -0.152718 -1.000774
    49 1.628906 -0.000001 -0.000004 -0.018830 0.066667 -1.587963
    50 0.955566 -0.000001 0.000001 -0.000001 0.069718 -1.289218
    51 1.258789 -0.308350 -1.250000 1.322030 0.226765 -0.566100
    52 1.392578 -0.000002 0.000000 0.000000 -0.002024 0.427650
    53 1.099609 0.000000 0.000001 -0.000001 -0.013127 0.125518
    54 0.000000 0.000000 0.000000 0.000000 0.000000 0.000000
    55 0.000000 0.000000 0.000000 0.000000 0.000000 0.000000
    56 0.000000 0.000000 0.000000 0.000000 0.000000 0.000000
    57 0.000000 0.000000 0.000000 0.000000 0.000000 0.000000
    58 0.000000 0.000000 0.000000 0.000000 0.000000 0.000000
    59 0.000000 0.000000 0.000000 0.000000 0.000000 0.000000
    60 0.000000 0.000000 0.000000 0.000000 0.000000 0.000000
    61 0.000000 0.000000 0.000000 0.000000 0.000000 0.000000
    62 0.000000 0.000000 0.000000 0.000000 0.000000 0.000000
    63 0.000000 0.000000 0.000000 0.000000 0.000000 0.000000
    64 0.000000 0.000000 0.000000 0.000000 0.000000 0.000000
    65 0.000000 0.000000 0.000000 0.000000 0.000000 0.000000
    66 0.000000 0.000000 0.000000 0.000000 0.000000 0.000000
    67 0.000000 0.000000 0.000000 0.000000 0.000000 0.000000
    68 0.000000 0.000000 0.000000 0.000000 0.000000 0.000000
    69 0.000000 0.000000 0.000000 0.000000 0.000000 0.000000
  time 52
    0 0.000000 0.000000 0.000000 0.000000 0.000000 -1.570796
    1 0.000000 0.000000 0.000000 0.000000 0.000000 0.000000
    2 3.982422 -0.000004 -0.000003 -1.570794 0.051770 -1.611079
    3 15.937500 0.000000 0.000000 0.000000 0.000000 0.051653
    4 17.703125 0.000000 0.000000 0.017106 -0.070055 -1.175214
    5 6.203125 0.000001 0.000000 -0.011145 0.000933 -0.500513
    6 -3.982422 0.000007 0.000007 -1.570792 0.051771 -1.530509
    7 15.937500 0.000000 0.000000 0.000000 0.000000 0.051653
    8 17.703125 0.000000 0.000000 -0.006397 0.070029 -1.178166
    9 6.203125 0.000000 0.000000 -0.078650 -0.006185 -0.498943
    10 0.000000 0.000000 0.000000 0.000000 0.000000 0.000000
    11 0.000000 0.000000 0.000000 0.000000 0.000000 0.000000
    12 0.000000 0.000000 0.000000 0.000000 0.000000 0.000000
    13 0.000000 0.000000 0.000000 0.000000 0.000000 0.000000
    14 0.000000 0.000000 0.000000 0.000000 0.000000 0.000000
    15 0.000000 0.000000 0.000000 0.000000 0.000000 0.000000
    16 0.000000 0.000000 0.000000 0.000000 0.000000 0.000000
    17 0.000000 0.000000 0.000000 -0.001130 -0.045103 0.009115
    18 0.000000 0.000000 0.000000 0.000000 0.000000 0.072114
    19 11.203125 -0.000001 0.000002 0.557778 0.364985 -0.352218
    20 3.548828 0.198730 -1.489258 -0.472246 0.063925 -0.818719
    21 1.218750 0.000001 0.000003 -0.004612 0.097481 -1.230554
    22 0.679688 0.000000 0.000000 0.011364 0.086977 -1.036816
    23 3.697266 0.267334 -0.728516 -0.164776 0.147479 -0.995499
    24 1.748047 0.000000 0.000001 0.000213 0.027092 -1.054100
    25 0.959961 -0.000001 0.000000 0.002325 0.039401 -1.101803
    26 3.767578 0.152466 0.071350 0.074637 0.103122 -0.865115
    27 2.037109 -0.000001 -0.000002 0.001515 -0.004364 -1.439416
    28 1.066406 0.000000 0.000001 -0.001244 -0.005671 -0.962931
    29 3.783203 -0.017258 0.794434 0.348232 0.068438 -0.758273
    30 1.628906 -0.000001 0.000002 0.018830 -0.066667 -1.332708
    31 0.955566 0.000001 0.000001 -0.000001 -0.069718 -1.033963
    32 1.258789 -0.297852 1.251953 -1.245151 -0.163241 -0.922789
    33 1.392578 0.000000 -0.000002 0.000001 0.002024 0.349108
    34 1.099609 0.000000 -0.000001 0.000001 0.013128 0.596757
    35 0.000000 0.000000 0.000000 0.000000 0.000000 0.000000
    36 0.000000 0.000000 0.000000 -0.045934 0.092804 -0.150290
    37 0.000000 0.000000 0.000000 0.000000 0.000000 0.027070
    38 11.203125 0.000000 0.000002 -1.049277 -0.434038 -0.008364
    39 3.548828 0.211304 1.487305 0.492427 0.054648 -1.044090
    40 1.218750 0.000000 0.000000 0.004612 -0.097480 -1.485808
    41 0.679688 -0.000002 0.000001 -0.011363 -0.086976 -1.292069
    42 3.697266 0.273682 0.726563 0.167567 -0.105308 -1.247601
    43 1.748047 0.000001 0.000000 -0.000213 -0.027092 -1.309354
    44 0.959961 -0.000001 -0.000001 -0.002324 -0.039401 -1.357058
    45 3.767578 0.151855 -0.072693 -0.059050 -0.120242 -1.121067
    46 2.037109 -0.000001 -0.000002 -0.001514 0.004365 -1.694671
    47 1.066406 0.000002 -0.000003 0.001244 0.005670 -1.218185
    48 3.783203 -0.023941 -0.794434 -0.321316 -0.152718 -1.000774
    49 1.628906 -0.000001 -0.000004 -0.018830 0.066667 -1.587963
    50 0.955566 -0.000001 0.000001 -0.000001 0.069718 -1.289218
    51 1.258789 -0.308350 -1.250000 1.322030 0.226765 -0.566100
    52 1.392578 -0.000002 0.000000 0.000000 -0.002024 0.427650
    53 1.099609 0.000000 0.000001 -0.000001 -0.013127 0.125518
    54 0.000000 0.000000 0.000000 0.000000 0.000000 0.000000
    55 0.000000 0.000000 0.000000 0.000000 0.000000 0.000000
    56 0.000000 0.000000 0.000000 0.000000 0.000000 0.000000
    57 0.000000 0.000000 0.000000 0.000000 0.000000 0.000000
    58 0.000000 0.000000 0.000000 0.000000 0.000000 0.000000
    59 0.000000 0.000000 0.000000 0.000000 0.000000 0.000000
    60 0.000000 0.000000 0.000000 0.000000 0.000000 0.000000
    61 0.000000 0.000000 0.000000 0.000000 0.000000 0.000000
    62 0.000000 0.000000 0.000000 0.000000 0.000000 0.000000
    63 0.000000 0.000000 0.000000 0.000000 0.000000 0.000000
    64 0.000000 0.000000 0.000000 0.000000 0.000000 0.000000
    65 0.000000 0.000000 0.000000 0.000000 0.000000 0.000000
    66 0.000000 0.000000 0.000000 0.000000 0.000000 0.000000
    67 0.000000 0.000000 0.000000 0.000000 0.000000 0.000000
    68 0.000000 0.000000 0.000000 0.000000 0.000000 0.000000
    69 0.000000 0.000000 0.000000 0.000000 0.000000 0.000000
  time 53
    0 0.000000 0.000000 0.000000 0.000000 0.000000 -1.570796
    1 0.000000 0.000000 0.000000 0.000000 0.000000 0.000000
    2 3.982422 -0.000004 -0.000003 -1.570794 0.051770 -1.611079
    3 15.937500 0.000000 0.000000 0.000000 0.000000 0.051653
    4 17.703125 0.000000 0.000000 0.017106 -0.070055 -1.175214
    5 6.203125 0.000001 0.000000 -0.011145 0.000933 -0.500513
    6 -3.982422 0.000007 0.000007 -1.570792 0.051771 -1.530509
    7 15.937500 0.000000 0.000000 0.000000 0.000000 0.051653
    8 17.703125 0.000000 0.000000 -0.006397 0.070029 -1.178166
    9 6.203125 0.000000 0.000000 -0.078650 -0.006185 -0.498943
    10 0.000000 0.000000 0.000000 0.000000 0.000000 0.000000
    11 0.000000 0.000000 0.000000 0.000000 0.000000 0.000000
    12 0.000000 0.000000 0.000000 0.000000 0.000000 0.000000
    13 0.000000 0.000000 0.000000 0.000000 0.000000 0.000000
    14 0.000000 0.000000 0.000000 0.000000 0.000000 0.000000
    15 0.000000 0.000000 0.000000 0.000000 0.000000 0.000000
    16 0.000000 0.000000 0.000000 0.000000 0.000000 0.000000
    17 0.000000 0.000000 0.000000 -0.001766 -0.044186 0.010023
    18 0.000000 0.000000 0.000000 0.000000 0.000000 0.069607
    19 11.203125 -0.000001 0.000002 0.557778 0.364985 -0.352218
    20 3.548828 0.198730 -1.489258 -0.472246 0.063925 -0.818719
    21 1.218750 0.000001 0.000003 -0.004612 0.097481 -1.230554
    22 0.679688 0.000000 0.000000 0.011364 0.086977 -1.036816
    23 3.697266 0.267334 -0.728516 -0.164776 0.147479 -0.995499
    24 1.748047 0.000000 0.000001 0.000213 0.027092 -1.054100
    25 0.959961 -0.000001 0.000000 0.002325 0.039401 -1.101803
    26 3.767578 0.152466 0.071350 0.074637 0.103122 -0.865115
    27 2.037109 -0.000001 -0.000002 0.001515 -0.004364 -1.439416
    28 1.066406 0.000000 0.000001 -0.001244 -0.005671 -0.962931
    29 3.783203 -0.017258 0.794434 0.348232 0.068438 -0.758273
    30 1.628906 -0.000001 0.000002 0.018830 -0.066667 -1.332708
    31 0.955566 0.000001 0.000001 -0.000001 -0.069718 -1.033963
    32 1.258789 -0.297852 1.251953 -1.245151 -0.163241 -0.922789
    33 1.392578 0.000000 -0.000002 0.000001 0.002024 0.349108
    34 1.099609 0.000000 -0.000001 0.000001 0.013128 0.596757
    35 0.000000 0.000000 0.000000 0.000000 0.000000 0.000000
    36 0.000000 0.000000 0.000000 -0.045789 0.091938 -0.149084
    37 0.000000 0.000000 0.000000 0.000000 0.000000 0.025863
    38 11.203125 0.000000 0.000002 -1.049277 -0.434038 -0.008364
    39 3.548828 0.211304 1.487305 0.492427 0.054648 -1.044090
    40 1.218750 0.000000 0.000000 0.004612 -0.097480 -1.485808
    41 0.679688 -0.000002 0.000001 -0.011363 -0.086976 -1.292069
    42 3.697266 0.273682 0.726563 0.167567 -0.105308 -1.247601
    43 1.748047 0.000001 0.000000 -0.000213 -0.027092 -1.309354
    44 0.959961 -0.000001 -0.000001 -0.002324 -0.039401 -1.357058
    45 3.767578 0.151855 -0.072693 -0.059050 -0.120242 -1.121067
    46 2.037109 -0.000001 -0.000002 -0.001514 0.004365 -1.694671
    47 1.066406 0.000002 -0.000003 0.001244 0.005670 -1.218185
    48 3.783203 -0.023941 -0.794434 -0.321316 -0.152718 -1.000774
    49 1.628906 -0.000001 -0.000004 -0.018830 0.066667 -1.587963
    50 0.955566 -0.000001 0.000001 -0.000001 0.069718 -1.289218
    51 1.258789 -0.308350 -1.250000 1.322030 0.226765 -0.566100
    52 1.392578 -0.000002 0.000000 0.000000 -0.002024 0.427650
    53 1.099609 0.000000 0.000001 -0.000001 -0.013127 0.125518
    54 0.000000 0.000000 0.000000 0.000000 0.000000 0.000000
    55 0.000000 0.000000 0.000000 0.000000 0.000000 0.000000
    56 0.000000 0.000000 0.000000 0.000000 0.000000 0.000000
    57 0.000000 0.000000 0.000000 0.000000 0.000000 0.000000
    58 0.000000 0.000000 0.000000 0.000000 0.000000 0.000000
    59 0.000000 0.000000 0.000000 0.000000 0.000000 0.000000
    60 0.000000 0.000000 0.000000 0.000000 0.000000 0.000000
    61 0.000000 0.000000 0.000000 0.000000 0.000000 0.000000
    62 0.000000 0.000000 0.000000 0.000000 0.000000 0.000000
    63 0.000000 0.000000 0.000000 0.000000 0.000000 0.000000
    64 0.000000 0.000000 0.000000 0.000000 0.000000 0.000000
    65 0.000000 0.000000 0.000000 0.000000 0.000000 0.000000
    66 0.000000 0.000000 0.000000 0.000000 0.000000 0.000000
    67 0.000000 0.000000 0.000000 0.000000 0.000000 0.000000
    68 0.000000 0.000000 0.000000 0.000000 0.000000 0.000000
    69 0.000000 0.000000 0.000000 0.000000 0.000000 0.000000
  time 54
    0 0.000000 0.000000 0.000000 0.000000 0.000000 -1.570796
    1 0.000000 0.000000 0.000000 0.000000 0.000000 0.000000
    2 3.982422 -0.000004 -0.000003 -1.570794 0.051770 -1.611079
    3 15.937500 0.000000 0.000000 0.000000 0.000000 0.051653
    4 17.703125 0.000000 0.000000 0.017106 -0.070055 -1.175214
    5 6.203125 0.000001 0.000000 -0.011145 0.000933 -0.500513
    6 -3.982422 0.000007 0.000007 -1.570792 0.051771 -1.530509
    7 15.937500 0.000000 0.000000 0.000000 0.000000 0.051653
    8 17.703125 0.000000 0.000000 -0.006397 0.070029 -1.178166
    9 6.203125 0.000000 0.000000 -0.078650 -0.006185 -0.498943
    10 0.000000 0.000000 0.000000 0.000000 0.000000 0.000000
    11 0.000000 0.000000 0.000000 0.000000 0.000000 0.000000
    12 0.000000 0.000000 0.000000 0.000000 0.000000 0.000000
    13 0.000000 0.000000 0.000000 0.000000 0.000000 0.000000
    14 0.000000 0.000000 0.000000 0.000000 0.000000 0.000000
    15 0.000000 0.000000 0.000000 0.000000 0.000000 0.000000
    16 0.000000 0.000000 0.000000 0.000000 0.000000 0.000000
    17 0.000000 0.000000 0.000000 -0.002402 -0.043469 0.010628
    18 0.000000 0.000000 0.000000 0.000000 0.000000 0.067321
    19 11.203125 -0.000001 0.000002 0.557778 0.364985 -0.352218
    20 3.548828 0.198730 -1.489258 -0.472246 0.063925 -0.818719
    21 1.218750 0.000001 0.000003 -0.004612 0.097481 -1.230554
    22 0.679688 0.000000 0.000000 0.011364 0.086977 -1.036816
    23 3.697266 0.267334 -0.728516 -0.164776 0.147479 -0.995499
    24 1.748047 0.000000 0.000001 0.000213 0.027092 -1.054100
    25 0.959961 -0.000001 0.000000 0.002325 0.039401 -1.101803
    26 3.767578 0.152466 0.071350 0.074637 0.103122 -0.865115
    27 2.037109 -0.000001 -0.000002 0.001515 -0.004364 -1.439416
    28 1.066406 0.000000 0.000001 -0.001244 -0.005671 -0.962931
    29 3.783203 -0.017258 0.794434 0.348232 0.068438 -0.758273
    30 1.628906 -0.000001 0.000002 0.018830 -0.066667 -1.332708
    31 0.955566 0.000001 0.000001 -0.000001 -0.069718 -1.033963
    32 1.258789 -0.297852 1.251953 -1.245151 -0.163241 -0.922789
    33 1.392578 0.000000 -0.000002 0.000001 0.002024 0.349108
    34 1.099609 0.000000 -0.000001 0.000001 0.013128 0.596757
    35 0.000000 0.000000 0.000000 0.000000 0.000000 0.000000
    36 0.000000 0.000000 0.000000 -0.045717 0.091211 -0.148335
    37 0.000000 0.000000 0.000000 0.000000 0.000000 0.024973
    38 11.203125 0.000000 0.000002 -1.049277 -0.434038 -0.008364
    39 3.548828 0.211304 1.487305 0.492427 0.054648 -1.044090
    40 1.218750 0.000000 0.000000 0.004612 -0.097480 -1.485808
    41 0.679688 -0.000002 0.000001 -0.011363 -0.086976 -1.292069
    42 3.697266 0.273682 0.726563 0.167567 -0.105308 -1.247601
    43 1.748047 0.000001 0.000000 -0.000213 -0.027092 -1.309354
    44 0.959961 -0.000001 -0.000001 -0.002324 -0.039401 -1.357058
    45 3.767578 0.151855 -0.072693 -0.059050 -0.120242 -1.121067
    46 2.037109 -0.000001 -0.000002 -0.001514 0.004365 -1.694671
    47 1.066406 0.000002 -0.000003 0.001244 0.005670 -1.218185
    48 3.783203 -0.023941 -0.794434 -0.321316 -0.152718 -1.000774
    49 1.628906 -0.000001 -0.000004 -0.018830 0.066667 -1.587963
    50 0.955566 -0.000001 0.000001 -0.000001 0.069718 -1.289218
    51 1.258789 -0.308350 -1.250000 1.322030 0.226765 -0.566100
    52 1.392578 -0.000002 0.000000 0.000000 -0.002024 0.427650
    53 1.099609 0.000000 0.000001 -0.000001 -0.013127 0.125518
    54 0.000000 0.000000 0.000000 0.000000 0.000000 0.000000
    55 0.000000 0.000000 0.000000 0.000000 0.000000 0.000000
    56 0.000000 0.000000 0.000000 0.000000 0.000000 0.000000
    57 0.000000 0.000000 0.000000 0.000000 0.000000 0.000000
    58 0.000000 0.000000 0.000000 0.000000 0.000000 0.000000
    59 0.000000 0.000000 0.000000 0.000000 0.000000 0.000000
    60 0.000000 0.000000 0.000000 0.000000 0.000000 0.000000
    61 0.000000 0.000000 0.000000 0.000000 0.000000 0.000000
    62 0.000000 0.000000 0.000000 0.000000 0.000000 0.000000
    63 0.000000 0.000000 0.000000 0.000000 0.000000 0.000000
    64 0.000000 0.000000 0.000000 0.000000 0.000000 0.000000
    65 0.000000 0.000000 0.000000 0.000000 0.000000 0.000000
    66 0.000000 0.000000 0.000000 0.000000 0.000000 0.000000
    67 0.000000 0.000000 0.000000 0.000000 0.000000 0.000000
    68 0.000000 0.000000 0.000000 0.000000 0.000000 0.000000
    69 0.000000 0.000000 0.000000 0.000000 0.000000 0.000000
  time 55
    0 0.000000 0.000000 0.000000 0.000000 0.000000 -1.570796
    1 0.000000 0.000000 0.000000 0.000000 0.000000 0.000000
    2 3.982422 -0.000004 -0.000003 -1.570794 0.051770 -1.611079
    3 15.937500 0.000000 0.000000 0.000000 0.000000 0.051653
    4 17.703125 0.000000 0.000000 0.017106 -0.070055 -1.175214
    5 6.203125 0.000001 0.000000 -0.011145 0.000933 -0.500513
    6 -3.982422 0.000007 0.000007 -1.570792 0.051771 -1.530509
    7 15.937500 0.000000 0.000000 0.000000 0.000000 0.051653
    8 17.703125 0.000000 0.000000 -0.006397 0.070029 -1.178166
    9 6.203125 0.000000 0.000000 -0.078650 -0.006185 -0.498943
    10 0.000000 0.000000 0.000000 0.000000 0.000000 0.000000
    11 0.000000 0.000000 0.000000 0.000000 0.000000 0.000000
    12 0.000000 0.000000 0.000000 0.000000 0.000000 0.000000
    13 0.000000 0.000000 0.000000 0.000000 0.000000 0.000000
    14 0.000000 0.000000 0.000000 0.000000 0.000000 0.000000
    15 0.000000 0.000000 0.000000 0.000000 0.000000 0.000000
    16 0.000000 0.000000 0.000000 0.000000 0.000000 0.000000
    17 0.000000 0.000000 0.000000 -0.003108 -0.042925 0.010968
    18 0.000000 0.000000 0.000000 0.000000 0.000000 0.065183
    19 11.203125 -0.000001 0.000002 0.557778 0.364985 -0.352218
    20 3.548828 0.198730 -1.489258 -0.472246 0.063925 -0.818719
    21 1.218750 0.000001 0.000003 -0.004612 0.097481 -1.230554
    22 0.679688 0.000000 0.000000 0.011364 0.086977 -1.036816
    23 3.697266 0.267334 -0.728516 -0.164776 0.147479 -0.995499
    24 1.748047 0.000000 0.000001 0.000213 0.027092 -1.054100
    25 0.959961 -0.000001 0.000000 0.002325 0.039401 -1.101803
    26 3.767578 0.152466 0.071350 0.074637 0.103122 -0.865115
    27 2.037109 -0.000001 -0.000002 0.001515 -0.004364 -1.439416
    28 1.066406 0.000000 0.000001 -0.001244 -0.005671 -0.962931
    29 3.783203 -0.017258 0.794434 0.348232 0.068438 -0.758273
    30 1.628906 -0.000001 0.000002 0.018830 -0.066667 -1.332708
    31 0.955566 0.000001 0.000001 -0.000001 -0.069718 -1.033963
    32 1.258789 -0.297852 1.251953 -1.245151 -0.163241 -0.922789
    33 1.392578 0.000000 -0.000002 0.000001 0.002024 0.349108
    34 1.099609 0.000000 -0.000001 0.000001 0.013128 0.596757
    35 0.000000 0.000000 0.000000 0.000000 0.000000 0.000000
    36 0.000000 0.000000 0.000000 -0.045644 0.090588 -0.147961
    37 0.000000 0.000000 0.000000 0.000000 0.000000 0.024528
    38 11.203125 0.000000 0.000002 -1.049277 -0.434038 -0.008364
    39 3.548828 0.211304 1.487305 0.492427 0.054648 -1.044090
    40 1.218750 0.000000 0.000000 0.004612 -0.097480 -1.485808
    41 0.679688 -0.000002 0.000001 -0.011363 -0.086976 -1.292069
    42 3.697266 0.273682 0.726563 0.167567 -0.105308 -1.247601
    43 1.748047 0.000001 0.000000 -0.000213 -0.027092 -1.309354
    44 0.959961 -0.000001 -0.000001 -0.002324 -0.039401 -1.357058
    45 3.767578 0.151855 -0.072693 -0.059050 -0.120242 -1.121067
    46 2.037109 -0.000001 -0.000002 -0.001514 0.004365 -1.694671
    47 1.066406 0.000002 -0.000003 0.001244 0.005670 -1.218185
    48 3.783203 -0.023941 -0.794434 -0.321316 -0.152718 -1.000774
    49 1.628906 -0.000001 -0.000004 -0.018830 0.066667 -1.587963
    50 0.955566 -0.000001 0.000001 -0.000001 0.069718 -1.289218
    51 1.258789 -0.308350 -1.250000 1.322030 0.226765 -0.566100
    52 1.392578 -0.000002 0.000000 0.000000 -0.002024 0.427650
    53 1.099609 0.000000 0.000001 -0.000001 -0.013127 0.125518
    54 0.000000 0.000000 0.000000 0.000000 0.000000 0.000000
    55 0.000000 0.000000 0.000000 0.000000 0.000000 0.000000
    56 0.000000 0.000000 0.000000 0.000000 0.000000 0.000000
    57 0.000000 0.000000 0.000000 0.000000 0.000000 0.000000
    58 0.000000 0.000000 0.000000 0.000000 0.000000 0.000000
    59 0.000000 0.000000 0.000000 0.000000 0.000000 0.000000
    60 0.000000 0.000000 0.000000 0.000000 0.000000 0.000000
    61 0.000000 0.000000 0.000000 0.000000 0.000000 0.000000
    62 0.000000 0.000000 0.000000 0.000000 0.000000 0.000000
    63 0.000000 0.000000 0.000000 0.000000 0.000000 0.000000
    64 0.000000 0.000000 0.000000 0.000000 0.000000 0.000000
    65 0.000000 0.000000 0.000000 0.000000 0.000000 0.000000
    66 0.000000 0.000000 0.000000 0.000000 0.000000 0.000000
    67 0.000000 0.000000 0.000000 0.000000 0.000000 0.000000
    68 0.000000 0.000000 0.000000 0.000000 0.000000 0.000000
    69 0.000000 0.000000 0.000000 0.000000 0.000000 0.000000
  time 56
    0 0.000000 0.000000 0.000000 0.000000 0.000000 -1.570796
    1 0.000000 0.000000 0.000000 0.000000 0.000000 0.000000
    2 3.982422 -0.000004 -0.000003 -1.570794 0.051770 -1.611079
    3 15.937500 0.000000 0.000000 0.000000 0.000000 0.051653
    4 17.703125 0.000000 0.000000 0.017106 -0.070055 -1.175214
    5 6.203125 0.000001 0.000000 -0.011145 0.000933 -0.500513
    6 -3.982422 0.000007 0.000007 -1.570792 0.051771 -1.530509
    7 15.937500 0.000000 0.000000 0.000000 0.000000 0.051653
    8 17.703125 0.000000 0.000000 -0.006397 0.070029 -1.178166
    9 6.203125 0.000000 0.000000 -0.078650 -0.006185 -0.498943
    10 0.000000 0.000000 0.000000 0.000000 0.000000 0.000000
    11 0.000000 0.000000 0.000000 0.000000 0.000000 0.000000
    12 0.000000 0.000000 0.000000 0.000000 0.000000 0.000000
    13 0.000000 0.000000 0.000000 0.000000 0.000000 0.000000
    14 0.000000 0.000000 0.000000 0.000000 0.000000 0.000000
    15 0.000000 0.000000 0.000000 0.000000 0.000000 0.000000
    16 0.000000 0.000000 0.000000 0.000000 0.000000 0.000000
    17 0.000000 0.000000 0.000000 -0.003814 -0.042552 0.011082
    18 0.000000 0.000000 0.000000 0.000000 0.000000 0.063266
    19 11.203125 -0.000001 0.000002 0.557778 0.364985 -0.352218
    20 3.548828 0.198730 -1.489258 -0.472246 0.063925 -0.818719
    21 1.218750 0.000001 0.000003 -0.004612 0.097481 -1.230554
    22 0.679688 0.000000 0.000000 0.011364 0.086977 -1.036816
    23 3.697266 0.267334 -0.728516 -0.164776 0.147479 -0.995499
    24 1.748047 0.000000 0.000001 0.000213 0.027092 -1.054100
    25 0.959961 -0.000001 0.000000 0.002325 0.039401 -1.101803
    26 3.767578 0.152466 0.071350 0.074637 0.103122 -0.865115
    27 2.037109 -0.000001 -0.000002 0.001515 -0.004364 -1.439416
    28 1.066406 0.000000 0.000001 -0.001244 -0.005671 -0.962931
    29 3.783203 -0.017258 0.794434 0.348232 0.068438 -0.758273
    30 1.628906 -0.000001 0.000002 0.018830 -0.066667 -1.332708
    31 0.955566 0.000001 0.000001 -0.000001 -0.069718 -1.033963
    32 1.258789 -0.297852 1.251953 -1.245151 -0.163241 -0.922789
    33 1.392578 0.000000 -0.000002 0.000001 0.002024 0.349108
    34 1.099609 0.000000 -0.000001 0.000001 0.013128 0.596757
    35 0.000000 0.000000 0.000000 0.000000 0.000000 0.000000
    36 0.000000 0.000000 0.000000 -0.045644 0.090104 -0.147919
    37 0.000000 0.000000 0.000000 0.000000 0.000000 0.024274
    38 11.203125 0.000000 0.000002 -1.049277 -0.434038 -0.008364
    39 3.548828 0.211304 1.487305 0.492427 0.054648 -1.044090
    40 1.218750 0.000000 0.000000 0.004612 -0.097480 -1.485808
    41 0.679688 -0.000002 0.000001 -0.011363 -0.086976 -1.292069
    42 3.697266 0.273682 0.726563 0.167567 -0.105308 -1.247601
    43 1.748047 0.000001 0.000000 -0.000213 -0.027092 -1.309354
    44 0.959961 -0.000001 -0.000001 -0.002324 -0.039401 -1.357058
    45 3.767578 0.151855 -0.072693 -0.059050 -0.120242 -1.121067
    46 2.037109 -0.000001 -0.000002 -0.001514 0.004365 -1.694671
    47 1.066406 0.000002 -0.000003 0.001244 0.005670 -1.218185
    48 3.783203 -0.023941 -0.794434 -0.321316 -0.152718 -1.000774
    49 1.628906 -0.000001 -0.000004 -0.018830 0.066667 -1.587963
    50 0.955566 -0.000001 0.000001 -0.000001 0.069718 -1.289218
    51 1.258789 -0.308350 -1.250000 1.322030 0.226765 -0.566100
    52 1.392578 -0.000002 0.000000 0.000000 -0.002024 0.427650
    53 1.099609 0.000000 0.000001 -0.000001 -0.013127 0.125518
    54 0.000000 0.000000 0.000000 0.000000 0.000000 0.000000
    55 0.000000 0.000000 0.000000 0.000000 0.000000 0.000000
    56 0.000000 0.000000 0.000000 0.000000 0.000000 0.000000
    57 0.000000 0.000000 0.000000 0.000000 0.000000 0.000000
    58 0.000000 0.000000 0.000000 0.000000 0.000000 0.000000
    59 0.000000 0.000000 0.000000 0.000000 0.000000 0.000000
    60 0.000000 0.000000 0.000000 0.000000 0.000000 0.000000
    61 0.000000 0.000000 0.000000 0.000000 0.000000 0.000000
    62 0.000000 0.000000 0.000000 0.000000 0.000000 0.000000
    63 0.000000 0.000000 0.000000 0.000000 0.000000 0.000000
    64 0.000000 0.000000 0.000000 0.000000 0.000000 0.000000
    65 0.000000 0.000000 0.000000 0.000000 0.000000 0.000000
    66 0.000000 0.000000 0.000000 0.000000 0.000000 0.000000
    67 0.000000 0.000000 0.000000 0.000000 0.000000 0.000000
    68 0.000000 0.000000 0.000000 0.000000 0.000000 0.000000
    69 0.000000 0.000000 0.000000 0.000000 0.000000 0.000000
  time 57
    0 0.000000 0.000000 0.000000 0.000000 0.000000 -1.570796
    1 0.000000 0.000000 0.000000 0.000000 0.000000 0.000000
    2 3.982422 -0.000004 -0.000003 -1.570794 0.051770 -1.611079
    3 15.937500 0.000000 0.000000 0.000000 0.000000 0.051653
    4 17.703125 0.000000 0.000000 0.017106 -0.070055 -1.175214
    5 6.203125 0.000001 0.000000 -0.011145 0.000933 -0.500513
    6 -3.982422 0.000007 0.000007 -1.570792 0.051771 -1.530509
    7 15.937500 0.000000 0.000000 0.000000 0.000000 0.051653
    8 17.703125 0.000000 0.000000 -0.006397 0.070029 -1.178166
    9 6.203125 0.000000 0.000000 -0.078650 -0.006185 -0.498943
    10 0.000000 0.000000 0.000000 0.000000 0.000000 0.000000
    11 0.000000 0.000000 0.000000 0.000000 0.000000 0.000000
    12 0.000000 0.000000 0.000000 0.000000 0.000000 0.000000
    13 0.000000 0.000000 0.000000 0.000000 0.000000 0.000000
    14 0.000000 0.000000 0.000000 0.000000 0.000000 0.000000
    15 0.000000 0.000000 0.000000 0.000000 0.000000 0.000000
    16 0.000000 0.000000 0.000000 0.000000 0.000000 0.000000
    17 0.000000 0.000000 0.000000 -0.004521 -0.042295 0.011006
    18 0.000000 0.000000 0.000000 0.000000 0.000000 0.061496
    19 11.203125 -0.000001 0.000002 0.557778 0.364985 -0.352218
    20 3.548828 0.198730 -1.489258 -0.472246 0.063925 -0.818719
    21 1.218750 0.000001 0.000003 -0.004612 0.097481 -1.230554
    22 0.679688 0.000000 0.000000 0.011364 0.086977 -1.036816
    23 3.697266 0.267334 -0.728516 -0.164776 0.147479 -0.995499
    24 1.748047 0.000000 0.000001 0.000213 0.027092 -1.054100
    25 0.959961 -0.000001 0.000000 0.002325 0.039401 -1.101803
    26 3.767578 0.152466 0.071350 0.074637 0.103122 -0.865115
    27 2.037109 -0.000001 -0.000002 0.001515 -0.004364 -1.439416
    28 1.066406 0.000000 0.000001 -0.001244 -0.005671 -0.962931
    29 3.783203 -0.017258 0.794434 0.348232 0.068438 -0.758273
    30 1.628906 -0.000001 0.000002 0.018830 -0.066667 -1.332708
    31 0.955566 0.000001 0.000001 -0.000001 -0.069718 -1.033963
    32 1.258789 -0.297852 1.251953 -1.245151 -0.163241 -0.922789
    33 1.392578 0.000000 -0.000002 0.000001 0.002024 0.349108
    34 1.099609 0.000000 -0.000001 0.000001 0.013128 0.596757
    35 0.000000 0.000000 0.000000 0.000000 0.000000 0.000000
    36 0.000000 0.000000 0.000000 -0.045717 0.089688 -0.148127
    37 0.000000 0.000000 0.000000 0.000000 0.000000 0.024274
    38 11.203125 0.000000 0.000002 -1.049277 -0.434038 -0.008364
    39 3.548828 0.211304 1.487305 0.492427 0.054648 -1.044090
    40 1.218750 0.000000 0.000000 0.004612 -0.097480 -1.485808
    41 0.679688 -0.000002 0.000001 -0.011363 -0.086976 -1.292069
    42 3.697266 0.273682 0.726563 0.167567 -0.105308 -1.247601
    43 1.748047 0.000001 0.000000 -0.000213 -0.027092 -1.309354
    44 0.959961 -0.000001 -0.000001 -0.002324 -0.039401 -1.357058
    45 3.767578 0.151855 -0.072693 -0.059050 -0.120242 -1.121067
    46 2.037109 -0.000001 -0.000002 -0.001514 0.004365 -1.694671
    47 1.066406 0.000002 -0.000003 0.001244 0.005670 -1.218185
    48 3.783203 -0.023941 -0.794434 -0.321316 -0.152718 -1.000774
    49 1.628906 -0.000001 -0.000004 -0.018830 0.066667 -1.587963
    50 0.955566 -0.000001 0.000001 -0.000001 0.069718 -1.289218
    51 1.258789 -0.308350 -1.250000 1.322030 0.226765 -0.566100
    52 1.392578 -0.000002 0.000000 0.000000 -0.002024 0.427650
    53 1.099609 0.000000 0.000001 -0.000001 -0.013127 0.125518
    54 0.000000 0.000000 0.000000 0.000000 0.000000 0.000000
    55 0.000000 0.000000 0.000000 0.000000 0.000000 0.000000
    56 0.000000 0.000000 0.000000 0.000000 0.000000 0.000000
    57 0.000000 0.000000 0.000000 0.000000 0.000000 0.000000
    58 0.000000 0.000000 0.000000 0.000000 0.000000 0.000000
    59 0.000000 0.000000 0.000000 0.000000 0.000000 0.000000
    60 0.000000 0.000000 0.000000 0.000000 0.000000 0.000000
    61 0.000000 0.000000 0.000000 0.000000 0.000000 0.000000
    62 0.000000 0.000000 0.000000 0.000000 0.000000 0.000000
    63 0.000000 0.000000 0.000000 0.000000 0.000000 0.000000
    64 0.000000 0.000000 0.000000 0.000000 0.000000 0.000000
    65 0.000000 0.000000 0.000000 0.000000 0.000000 0.000000
    66 0.000000 0.000000 0.000000 0.000000 0.000000 0.000000
    67 0.000000 0.000000 0.000000 0.000000 0.000000 0.000000
    68 0.000000 0.000000 0.000000 0.000000 0.000000 0.000000
    69 0.000000 0.000000 0.000000 0.000000 0.000000 0.000000
  time 58
    0 0.000000 0.000000 0.000000 0.000000 0.000000 -1.570796
    1 0.000000 0.000000 0.000000 0.000000 0.000000 0.000000
    2 3.982422 -0.000004 -0.000003 -1.570794 0.051770 -1.611079
    3 15.937500 0.000000 0.000000 0.000000 0.000000 0.051653
    4 17.703125 0.000000 0.000000 0.017106 -0.070055 -1.175214
    5 6.203125 0.000001 0.000000 -0.011145 0.000933 -0.500513
    6 -3.982422 0.000007 0.000007 -1.570792 0.051771 -1.530509
    7 15.937500 0.000000 0.000000 0.000000 0.000000 0.051653
    8 17.703125 0.000000 0.000000 -0.006397 0.070029 -1.178166
    9 6.203125 0.000000 0.000000 -0.078650 -0.006185 -0.498943
    10 0.000000 0.000000 0.000000 0.000000 0.000000 0.000000
    11 0.000000 0.000000 0.000000 0.000000 0.000000 0.000000
    12 0.000000 0.000000 0.000000 0.000000 0.000000 0.000000
    13 0.000000 0.000000 0.000000 0.000000 0.000000 0.000000
    14 0.000000 0.000000 0.000000 0.000000 0.000000 0.000000
    15 0.000000 0.000000 0.000000 0.000000 0.000000 0.000000
    16 0.000000 0.000000 0.000000 0.000000 0.000000 0.000000
    17 0.000000 0.000000 0.000000 -0.005227 -0.042180 0.010741
    18 0.000000 0.000000 0.000000 0.000000 0.000000 0.059874
    19 11.203125 -0.000001 0.000002 0.557778 0.364985 -0.352218
    20 3.548828 0.198730 -1.489258 -0.472246 0.063925 -0.818719
    21 1.218750 0.000001 0.000003 -0.004612 0.097481 -1.230554
    22 0.679688 0.000000 0.000000 0.011364 0.086977 -1.036816
    23 3.697266 0.267334 -0.728516 -0.164776 0.147479 -0.995499
    24 1.748047 0.000000 0.000001 0.000213 0.027092 -1.054100
    25 0.959961 -0.000001 0.000000 0.002325 0.039401 -1.101803
    26 3.767578 0.152466 0.071350 0.074637 0.103122 -0.865115
    27 2.037109 -0.000001 -0.000002 0.001515 -0.004364 -1.439416
    28 1.066406 0.000000 0.000001 -0.001244 -0.005671 -0.962931
    29 3.783203 -0.017258 0.794434 0.348232 0.068438 -0.758273
    30 1.628906 -0.000001 0.000002 0.018830 -0.066667 -1.332708
    31 0.955566 0.000001 0.000001 -0.000001 -0.069718 -1.033963
    32 1.258789 -0.297852 1.251953 -1.245151 -0.163241 -0.922789
    33 1.392578 0.000000 -0.000002 0.000001 0.002024 0.349108
    34 1.099609 0.000000 -0.000001 0.000001 0.013128 0.596757
    35 0.000000 0.000000 0.000000 0.000000 0.000000 0.000000
    36 0.000000 0.000000 0.000000 -0.045789 0.089342 -0.148502
    37 0.000000 0.000000 0.000000 0.000000 0.000000 0.024401
    38 11.203125 0.000000 0.000002 -1.049277 -0.434038 -0.008364
    39 3.548828 0.211304 1.487305 0.492427 0.054648 -1.044090
    40 1.218750 0.000000 0.000000 0.004612 -0.097480 -1.485808
    41 0.679688 -0.000002 0.000001 -0.011363 -0.086976 -1.292069
    42 3.697266 0.273682 0.726563 0.167567 -0.105308 -1.247601
    43 1.748047 0.000001 0.000000 -0.000213 -0.027092 -1.309354
    44 0.959961 -0.000001 -0.000001 -0.002324 -0.039401 -1.357058
    45 3.767578 0.151855 -0.072693 -0.059050 -0.120242 -1.121067
    46 2.037109 -0.000001 -0.000002 -0.001514 0.004365 -1.694671
    47 1.066406 0.000002 -0.000003 0.001244 0.005670 -1.218185
    48 3.783203 -0.023941 -0.794434 -0.321316 -0.152718 -1.000774
    49 1.628906 -0.000001 -0.000004 -0.018830 0.066667 -1.587963
    50 0.955566 -0.000001 0.000001 -0.000001 0.069718 -1.289218
    51 1.258789 -0.308350 -1.250000 1.322030 0.226765 -0.566100
    52 1.392578 -0.000002 0.000000 0.000000 -0.002024 0.427650
    53 1.099609 0.000000 0.000001 -0.000001 -0.013127 0.125518
    54 0.000000 0.000000 0.000000 0.000000 0.000000 0.000000
    55 0.000000 0.000000 0.000000 0.000000 0.000000 0.000000
    56 0.000000 0.000000 0.000000 0.000000 0.000000 0.000000
    57 0.000000 0.000000 0.000000 0.000000 0.000000 0.000000
    58 0.000000 0.000000 0.000000 0.000000 0.000000 0.000000
    59 0.000000 0.000000 0.000000 0.000000 0.000000 0.000000
    60 0.000000 0.000000 0.000000 0.000000 0.000000 0.000000
    61 0.000000 0.000000 0.000000 0.000000 0.000000 0.000000
    62 0.000000 0.000000 0.000000 0.000000 0.000000 0.000000
    63 0.000000 0.000000 0.000000 0.000000 0.000000 0.000000
    64 0.000000 0.000000 0.000000 0.000000 0.000000 0.000000
    65 0.000000 0.000000 0.000000 0.000000 0.000000 0.000000
    66 0.000000 0.000000 0.000000 0.000000 0.000000 0.000000
    67 0.000000 0.000000 0.000000 0.000000 0.000000 0.000000
    68 0.000000 0.000000 0.000000 0.000000 0.000000 0.000000
    69 0.000000 0.000000 0.000000 0.000000 0.000000 0.000000
  time 59
    0 0.000000 0.000000 0.000000 0.000000 0.000000 -1.570796
    1 0.000000 0.000000 0.000000 0.000000 0.000000 0.000000
    2 3.982422 -0.000004 -0.000003 -1.570794 0.051770 -1.611079
    3 15.937500 0.000000 0.000000 0.000000 0.000000 0.051653
    4 17.703125 0.000000 0.000000 0.017106 -0.070055 -1.175214
    5 6.203125 0.000001 0.000000 -0.011145 0.000933 -0.500513
    6 -3.982422 0.000007 0.000007 -1.570792 0.051771 -1.530509
    7 15.937500 0.000000 0.000000 0.000000 0.000000 0.051653
    8 17.703125 0.000000 0.000000 -0.006397 0.070029 -1.178166
    9 6.203125 0.000000 0.000000 -0.078650 -0.006185 -0.498943
    10 0.000000 0.000000 0.000000 0.000000 0.000000 0.000000
    11 0.000000 0.000000 0.000000 0.000000 0.000000 0.000000
    12 0.000000 0.000000 0.000000 0.000000 0.000000 0.000000
    13 0.000000 0.000000 0.000000 0.000000 0.000000 0.000000
    14 0.000000 0.000000 0.000000 0.000000 0.000000 0.000000
    15 0.000000 0.000000 0.000000 0.000000 0.000000 0.000000
    16 0.000000 0.000000 0.000000 0.000000 0.000000 0.000000
    17 0.000000 0.000000 0.000000 -0.006004 -0.042123 0.010325
    18 0.000000 0.000000 0.000000 0.000000 0.000000 0.058399
    19 11.203125 -0.000001 0.000002 0.557778 0.364985 -0.352218
    20 3.548828 0.198730 -1.489258 -0.472246 0.063925 -0.818719
    21 1.218750 0.000001 0.000003 -0.004612 0.097481 -1.230554
    22 0.679688 0.000000 0.000000 0.011364 0.086977 -1.036816
    23 3.697266 0.267334 -0.728516 -0.164776 0.147479 -0.995499
    24 1.748047 0.000000 0.000001 0.000213 0.027092 -1.054100
    25 0.959961 -0.000001 0.000000 0.002325 0.039401 -1.101803
    26 3.767578 0.152466 0.071350 0.074637 0.103122 -0.865115
    27 2.037109 -0.000001 -0.000002 0.001515 -0.004364 -1.439416
    28 1.066406 0.000000 0.000001 -0.001244 -0.005671 -0.962931
    29 3.783203 -0.017258 0.794434 0.348232 0.068438 -0.758273
    30 1.628906 -0.000001 0.000002 0.018830 -0.066667 -1.332708
    31 0.955566 0.000001 0.000001 -0.000001 -0.069718 -1.033963
    32 1.258789 -0.297852 1.251953 -1.245151 -0.163241 -0.922789
    33 1.392578 0.000000 -0.000002 0.000001 0.002024 0.349108
    34 1.099609 0.000000 -0.000001 0.000001 0.013128 0.596757
    35 0.000000 0.000000 0.000000 0.000000 0.000000 0.000000
    36 0.000000 0.000000 0.000000 -0.045862 0.089031 -0.148918
    37 0.000000 0.000000 0.000000 0.000000 0.000000 0.024655
    38 11.203125 0.000000 0.000002 -1.049277 -0.434038 -0.008364
    39 3.548828 0.211304 1.487305 0.492427 0.054648 -1.044090
    40 1.218750 0.000000 0.000000 0.004612 -0.097480 -1.485808
    41 0.679688 -0.000002 0.000001 -0.011363 -0.086976 -1.292069
    42 3.697266 0.273682 0.726563 0.167567 -0.105308 -1.247601
    43 1.748047 0.000001 0.000000 -0.000213 -0.027092 -1.309354
    44 0.959961 -0.000001 -0.000001 -0.002324 -0.039401 -1.357058
    45 3.767578 0.151855 -0.072693 -0.059050 -0.120242 -1.121067
    46 2.037109 -0.000001 -0.000002 -0.001514 0.004365 -1.694671
    47 1.066406 0.000002 -0.000003 0.001244 0.005670 -1.218185
    48 3.783203 -0.023941 -0.794434 -0.321316 -0.152718 -1.000774
    49 1.628906 -0.000001 -0.000004 -0.018830 0.066667 -1.587963
    50 0.955566 -0.000001 0.000001 -0.000001 0.069718 -1.289218
    51 1.258789 -0.308350 -1.250000 1.322030 0.226765 -0.566100
    52 1.392578 -0.000002 0.000000 0.000000 -0.002024 0.427650
    53 1.099609 0.000000 0.000001 -0.000001 -0.013127 0.125518
    54 0.000000 0.000000 0.000000 0.000000 0.000000 0.000000
    55 0.000000 0.000000 0.000000 0.000000 0.000000 0.000000
    56 0.000000 0.000000 0.000000 0.000000 0.000000 0.000000
    57 0.000000 0.000000 0.000000 0.000000 0.000000 0.000000
    58 0.000000 0.000000 0.000000 0.000000 0.000000 0.000000
    59 0.000000 0.000000 0.000000 0.000000 0.000000 0.000000
    60 0.000000 0.000000 0.000000 0.000000 0.000000 0.000000
    61 0.000000 0.000000 0.000000 0.000000 0.000000 0.000000
    62 0.000000 0.000000 0.000000 0.000000 0.000000 0.000000
    63 0.000000 0.000000 0.000000 0.000000 0.000000 0.000000
    64 0.000000 0.000000 0.000000 0.000000 0.000000 0.000000
    65 0.000000 0.000000 0.000000 0.000000 0.000000 0.000000
    66 0.000000 0.000000 0.000000 0.000000 0.000000 0.000000
    67 0.000000 0.000000 0.000000 0.000000 0.000000 0.000000
    68 0.000000 0.000000 0.000000 0.000000 0.000000 0.000000
    69 0.000000 0.000000 0.000000 0.000000 0.000000 0.000000
  time 60
    0 0.000000 0.000000 0.000000 0.000000 0.000000 -1.570796
    1 0.000000 0.000000 0.000000 0.000000 0.000000 0.000000
    2 3.982422 -0.000004 -0.000003 -1.570794 0.051770 -1.611079
    3 15.937500 0.000000 0.000000 0.000000 0.000000 0.051653
    4 17.703125 0.000000 0.000000 0.017106 -0.070055 -1.175214
    5 6.203125 0.000001 0.000000 -0.011145 0.000933 -0.500513
    6 -3.982422 0.000007 0.000007 -1.570792 0.051771 -1.530509
    7 15.937500 0.000000 0.000000 0.000000 0.000000 0.051653
    8 17.703125 0.000000 0.000000 -0.006397 0.070029 -1.178166
    9 6.203125 0.000000 0.000000 -0.078650 -0.006185 -0.498943
    10 0.000000 0.000000 0.000000 0.000000 0.000000 0.000000
    11 0.000000 0.000000 0.000000 0.000000 0.000000 0.000000
    12 0.000000 0.000000 0.000000 0.000000 0.000000 0.000000
    13 0.000000 0.000000 0.000000 0.000000 0.000000 0.000000
    14 0.000000 0.000000 0.000000 0.000000 0.000000 0.000000
    15 0.000000 0.000000 0.000000 0.000000 0.000000 0.000000
    16 0.000000 0.000000 0.000000 0.000000 0.000000 0.000000
    17 0.000000 0.000000 0.000000 -0.006711 -0.042151 0.009796
    18 0.000000 0.000000 0.000000 0.000000 0.000000 0.057072
    19 11.203125 -0.000001 0.000002 0.557778 0.364985 -0.352218
    20 3.548828 0.198730 -1.489258 -0.472246 0.063925 -0.818719
    21 1.218750 0.000001 0.000003 -0.004612 0.097481 -1.230554
    22 0.679688 0.000000 0.000000 0.011364 0.086977 -1.036816
    23 3.697266 0.267334 -0.728516 -0.164776 0.147479 -0.995499
    24 1.748047 0.000000 0.000001 0.000213 0.027092 -1.054100
    25 0.959961 -0.000001 0.000000 0.002325 0.039401 -1.101803
    26 3.767578 0.152466 0.071350 0.074637 0.103122 -0.865115
    27 2.037109 -0.000001 -0.000002 0.001515 -0.004364 -1.439416
    28 1.066406 0.000000 0.000001 -0.001244 -0.005671 -0.962931
    29 3.783203 -0.017258 0.794434 0.348232 0.068438 -0.758273
    30 1.628906 -0.000001 0.000002 0.018830 -0.066667 -1.332708
    31 0.955566 0.000001 0.000001 -0.000001 -0.069718 -1.033963
    32 1.258789 -0.297852 1.251953 -1.245151 -0.163241 -0.922789
    33 1.392578 0.000000 -0.000002 0.000001 0.002024 0.349108
    34 1.099609 0.000000 -0.000001 0.000001 0.013128 0.596757
    35 0.000000 0.000000 0.000000 0.000000 0.000000 0.000000
    36 0.000000 0.000000 0.000000 -0.045862 0.088754 -0.149375
    37 0.000000 0.000000 0.000000 0.000000 0.000000 0.024846
    38 11.203125 0.000000 0.000002 -1.049277 -0.434038 -0.008364
    39 3.548828 0.211304 1.487305 0.492427 0.054648 -1.044090
    40 1.218750 0.000000 0.000000 0.004612 -0.097480 -1.485808
    41 0.679688 -0.000002 0.000001 -0.011363 -0.086976 -1.292069
    42 3.697266 0.273682 0.726563 0.167567 -0.105308 -1.247601
    43 1.748047 0.000001 0.000000 -0.000213 -0.027092 -1.309354
    44 0.959961 -0.000001 -0.000001 -0.002324 -0.039401 -1.357058
    45 3.767578 0.151855 -0.072693 -0.059050 -0.120242 -1.121067
    46 2.037109 -0.000001 -0.000002 -0.001514 0.004365 -1.694671
    47 1.066406 0.000002 -0.000003 0.001244 0.005670 -1.218185
    48 3.783203 -0.023941 -0.794434 -0.321316 -0.152718 -1.000774
    49 1.628906 -0.000001 -0.000004 -0.018830 0.066667 -1.587963
    50 0.955566 -0.000001 0.000001 -0.000001 0.069718 -1.289218
    51 1.258789 -0.308350 -1.250000 1.322030 0.226765 -0.566100
    52 1.392578 -0.000002 0.000000 0.000000 -0.002024 0.427650
    53 1.099609 0.000000 0.000001 -0.000001 -0.013127 0.125518
    54 0.000000 0.000000 0.000000 0.000000 0.000000 0.000000
    55 0.000000 0.000000 0.000000 0.000000 0.000000 0.000000
    56 0.000000 0.000000 0.000000 0.000000 0.000000 0.000000
    57 0.000000 0.000000 0.000000 0.000000 0.000000 0.000000
    58 0.000000 0.000000 0.000000 0.000000 0.000000 0.000000
    59 0.000000 0.000000 0.000000 0.000000 0.000000 0.000000
    60 0.000000 0.000000 0.000000 0.000000 0.000000 0.000000
    61 0.000000 0.000000 0.000000 0.000000 0.000000 0.000000
    62 0.000000 0.000000 0.000000 0.000000 0.000000 0.000000
    63 0.000000 0.000000 0.000000 0.000000 0.000000 0.000000
    64 0.000000 0.000000 0.000000 0.000000 0.000000 0.000000
    65 0.000000 0.000000 0.000000 0.000000 0.000000 0.000000
    66 0.000000 0.000000 0.000000 0.000000 0.000000 0.000000
    67 0.000000 0.000000 0.000000 0.000000 0.000000 0.000000
    68 0.000000 0.000000 0.000000 0.000000 0.000000 0.000000
    69 0.000000 0.000000 0.000000 0.000000 0.000000 0.000000
  time 61
    0 0.000000 0.000000 0.000000 0.000000 0.000000 -1.570796
    1 0.000000 0.000000 0.000000 0.000000 0.000000 0.000000
    2 3.982422 -0.000004 -0.000003 -1.570794 0.051770 -1.611079
    3 15.937500 0.000000 0.000000 0.000000 0.000000 0.051653
    4 17.703125 0.000000 0.000000 0.017106 -0.070055 -1.175214
    5 6.203125 0.000001 0.000000 -0.011145 0.000933 -0.500513
    6 -3.982422 0.000007 0.000007 -1.570792 0.051771 -1.530509
    7 15.937500 0.000000 0.000000 0.000000 0.000000 0.051653
    8 17.703125 0.000000 0.000000 -0.006397 0.070029 -1.178166
    9 6.203125 0.000000 0.000000 -0.078650 -0.006185 -0.498943
    10 0.000000 0.000000 0.000000 0.000000 0.000000 0.000000
    11 0.000000 0.000000 0.000000 0.000000 0.000000 0.000000
    12 0.000000 0.000000 0.000000 0.000000 0.000000 0.000000
    13 0.000000 0.000000 0.000000 0.000000 0.000000 0.000000
    14 0.000000 0.000000 0.000000 0.000000 0.000000 0.000000
    15 0.000000 0.000000 0.000000 0.000000 0.000000 0.000000
    16 0.000000 0.000000 0.000000 0.000000 0.000000 0.000000
    17 0.000000 0.000000 0.000000 -0.007488 -0.042209 0.009153
    18 0.000000 0.000000 0.000000 0.000000 0.000000 0.055818
    19 11.203125 -0.000001 0.000002 0.557778 0.364985 -0.352218
    20 3.548828 0.198730 -1.489258 -0.472246 0.063925 -0.818719
    21 1.218750 0.000001 0.000003 -0.004612 0.097481 -1.230554
    22 0.679688 0.000000 0.000000 0.011364 0.086977 -1.036816
    23 3.697266 0.267334 -0.728516 -0.164776 0.147479 -0.995499
    24 1.748047 0.000000 0.000001 0.000213 0.027092 -1.054100
    25 0.959961 -0.000001 0.000000 0.002325 0.039401 -1.101803
    26 3.767578 0.152466 0.071350 0.074637 0.103122 -0.865115
    27 2.037109 -0.000001 -0.000002 0.001515 -0.004364 -1.439416
    28 1.066406 0.000000 0.000001 -0.001244 -0.005671 -0.962931
    29 3.783203 -0.017258 0.794434 0.348232 0.068438 -0.758273
    30 1.628906 -0.000001 0.000002 0.018830 -0.066667 -1.332708
    31 0.955566 0.000001 0.000001 -0.000001 -0.069718 -1.033963
    32 1.258789 -0.297852 1.251953 -1.245151 -0.163241 -0.922789
    33 1.392578 0.000000 -0.000002 0.000001 0.002024 0.349108
    34 1.099609 0.000000 -0.000001 0.000001 0.013128 0.596757
    35 0.000000 0.000000 0.000000 0.000000 0.000000 0.000000
    36 0.000000 0.000000 0.000000 -0.045934 0.088511 -0.149750
    37 0.000000 0.000000 0.000000 0.000000 0.000000 0.025100
    38 11.203125 0.000000 0.000002 -1.049277 -0.434038 -0.008364
    39 3.548828 0.211304 1.487305 0.492427 0.054648 -1.044090
    40 1.218750 0.000000 0.000000 0.004612 -0.097480 -1.485808
    41 0.679688 -0.000002 0.000001 -0.011363 -0.086976 -1.292069
    42 3.697266 0.273682 0.726563 0.167567 -0.105308 -1.247601
    43 1.748047 0.000001 0.000000 -0.000213 -0.027092 -1.309354
    44 0.959961 -0.000001 -0.000001 -0.002324 -0.039401 -1.357058
    45 3.767578 0.151855 -0.072693 -0.059050 -0.120242 -1.121067
    46 2.037109 -0.000001 -0.000002 -0.001514 0.004365 -1.694671
    47 1.066406 0.000002 -0.000003 0.001244 0.005670 -1.218185
    48 3.783203 -0.023941 -0.794434 -0.321316 -0.152718 -1.000774
    49 1.628906 -0.000001 -0.000004 -0.018830 0.066667 -1.587963
    50 0.955566 -0.000001 0.000001 -0.000001 0.069718 -1.289218
    51 1.258789 -0.308350 -1.250000 1.322030 0.226765 -0.566100
    52 1.392578 -0.000002 0.000000 0.000000 -0.002024 0.427650
    53 1.099609 0.000000 0.000001 -0.000001 -0.013127 0.125518
    54 0.000000 0.000000 0.000000 0.000000 0.000000 0.000000
    55 0.000000 0.000000 0.000000 0.000000 0.000000 0.000000
    56 0.000000 0.000000 0.000000 0.000000 0.000000 0.000000
    57 0.000000 0.000000 0.000000 0.000000 0.000000 0.000000
    58 0.000000 0.000000 0.000000 0.000000 0.000000 0.000000
    59 0.000000 0.000000 0.000000 0.000000 0.000000 0.000000
    60 0.000000 0.000000 0.000000 0.000000 0.000000 0.000000
    61 0.000000 0.000000 0.000000 0.000000 0.000000 0.000000
    62 0.000000 0.000000 0.000000 0.000000 0.000000 0.000000
    63 0.000000 0.000000 0.000000 0.000000 0.000000 0.000000
    64 0.000000 0.000000 0.000000 0.000000 0.000000 0.000000
    65 0.000000 0.000000 0.000000 0.000000 0.000000 0.000000
    66 0.000000 0.000000 0.000000 0.000000 0.000000 0.000000
    67 0.000000 0.000000 0.000000 0.000000 0.000000 0.000000
    68 0.000000 0.000000 0.000000 0.000000 0.000000 0.000000
    69 0.000000 0.000000 0.000000 0.000000 0.000000 0.000000
  time 62
    0 0.000000 0.000000 0.000000 0.000000 0.000000 -1.570796
    1 0.000000 0.000000 0.000000 0.000000 0.000000 0.000000
    2 3.982422 -0.000004 -0.000003 -1.570794 0.051770 -1.611079
    3 15.937500 0.000000 0.000000 0.000000 0.000000 0.051653
    4 17.703125 0.000000 0.000000 0.017106 -0.070055 -1.175214
    5 6.203125 0.000001 0.000000 -0.011145 0.000933 -0.500513
    6 -3.982422 0.000007 0.000007 -1.570792 0.051771 -1.530509
    7 15.937500 0.000000 0.000000 0.000000 0.000000 0.051653
    8 17.703125 0.000000 0.000000 -0.006397 0.070029 -1.178166
    9 6.203125 0.000000 0.000000 -0.078650 -0.006185 -0.498943
    10 0.000000 0.000000 0.000000 0.000000 0.000000 0.000000
    11 0.000000 0.000000 0.000000 0.000000 0.000000 0.000000
    12 0.000000 0.000000 0.000000 0.000000 0.000000 0.000000
    13 0.000000 0.000000 0.000000 0.000000 0.000000 0.000000
    14 0.000000 0.000000 0.000000 0.000000 0.000000 0.000000
    15 0.000000 0.000000 0.000000 0.000000 0.000000 0.000000
    16 0.000000 0.000000 0.000000 0.000000 0.000000 0.000000
    17 0.000000 0.000000 0.000000 -0.008194 -0.042323 0.008472
    18 0.000000 0.000000 0.000000 0.000000 0.000000 0.054786
    19 11.203125 -0.000001 0.000002 0.557778 0.364985 -0.352218
    20 3.548828 0.198730 -1.489258 -0.472246 0.063925 -0.818719
    21 1.218750 0.000001 0.000003 -0.004612 0.097481 -1.230554
    22 0.679688 0.000000 0.000000 0.011364 0.086977 -1.036816
    23 3.697266 0.267334 -0.728516 -0.164776 0.147479 -0.995499
    24 1.748047 0.000000 0.000001 0.000213 0.027092 -1.054100
    25 0.959961 -0.000001 0.000000 0.002325 0.039401 -1.101803
    26 3.767578 0.152466 0.071350 0.074637 0.103122 -0.865115
    27 2.037109 -0.000001 -0.000002 0.001515 -0.004364 -1.439416
    28 1.066406 0.000000 0.000001 -0.001244 -0.005671 -0.962931
    29 3.783203 -0.017258 0.794434 0.348232 0.068438 -0.758273
    30 1.628906 -0.000001 0.000002 0.018830 -0.066667 -1.332708
    31 0.955566 0.000001 0.000001 -0.000001 -0.069718 -1.033963
    32 1.258789 -0.297852 1.251953 -1.245151 -0.163241 -0.922789
    33 1.392578 0.000000 -0.000002 0.000001 0.002024 0.349108
    34 1.099609 0.000000 -0.000001 0.000001 0.013128 0.596757
    35 0.000000 0.000000 0.000000 0.000000 0.000000 0.000000
    36 0.000000 0.000000 0.000000 -0.045934 0.088304 -0.150082
    37 0.000000 0.000000 0.000000 0.000000 0.000000 0.025291
    38 11.203125 0.000000 0.000002 -1.049277 -0.434038 -0.008364
    39 3.548828 0.211304 1.487305 0.492427 0.054648 -1.044090
    40 1.218750 0.000000 0.000000 0.004612 -0.097480 -1.485808
    41 0.679688 -0.000002 0.000001 -0.011363 -0.086976 -1.292069
    42 3.697266 0.273682 0.726563 0.167567 -0.105308 -1.247601
    43 1.748047 0.000001 0.000000 -0.000213 -0.027092 -1.309354
    44 0.959961 -0.000001 -0.000001 -0.002324 -0.039401 -1.357058
    45 3.767578 0.151855 -0.072693 -0.059050 -0.120242 -1.121067
    46 2.037109 -0.000001 -0.000002 -0.001514 0.004365 -1.694671
    47 1.066406 0.000002 -0.000003 0.001244 0.005670 -1.218185
    48 3.783203 -0.023941 -0.794434 -0.321316 -0.152718 -1.000774
    49 1.628906 -0.000001 -0.000004 -0.018830 0.066667 -1.587963
    50 0.955566 -0.000001 0.000001 -0.000001 0.069718 -1.289218
    51 1.258789 -0.308350 -1.250000 1.322030 0.226765 -0.566100
    52 1.392578 -0.000002 0.000000 0.000000 -0.002024 0.427650
    53 1.099609 0.000000 0.000001 -0.000001 -0.013127 0.125518
    54 0.000000 0.000000 0.000000 0.000000 0.000000 0.000000
    55 0.000000 0.000000 0.000000 0.000000 0.000000 0.000000
    56 0.000000 0.000000 0.000000 0.000000 0.000000 0.000000
    57 0.000000 0.000000 0.000000 0.000000 0.000000 0.000000
    58 0.000000 0.000000 0.000000 0.000000 0.000000 0.000000
    59 0.000000 0.000000 0.000000 0.000000 0.000000 0.000000
    60 0.000000 0.000000 0.000000 0.000000 0.000000 0.000000
    61 0.000000 0.000000 0.000000 0.000000 0.000000 0.000000
    62 0.000000 0.000000 0.000000 0.000000 0.000000 0.000000
    63 0.000000 0.000000 0.000000 0.000000 0.000000 0.000000
    64 0.000000 0.000000 0.000000 0.000000 0.000000 0.000000
    65 0.000000 0.000000 0.000000 0.000000 0.000000 0.000000
    66 0.000000 0.000000 0.000000 0.000000 0.000000 0.000000
    67 0.000000 0.000000 0.000000 0.000000 0.000000 0.000000
    68 0.000000 0.000000 0.000000 0.000000 0.000000 0.000000
    69 0.000000 0.000000 0.000000 0.000000 0.000000 0.000000
  time 63
    0 0.000000 0.000000 0.000000 0.000000 0.000000 -1.570796
    1 0.000000 0.000000 0.000000 0.000000 0.000000 0.000000
    2 3.982422 -0.000004 -0.000003 -1.570794 0.051770 -1.611079
    3 15.937500 0.000000 0.000000 0.000000 0.000000 0.051653
    4 17.703125 0.000000 0.000000 0.017106 -0.070055 -1.175214
    5 6.203125 0.000001 0.000000 -0.011145 0.000933 -0.500513
    6 -3.982422 0.000007 0.000007 -1.570792 0.051771 -1.530509
    7 15.937500 0.000000 0.000000 0.000000 0.000000 0.051653
    8 17.703125 0.000000 0.000000 -0.006397 0.070029 -1.178166
    9 6.203125 0.000000 0.000000 -0.078650 -0.006185 -0.498943
    10 0.000000 0.000000 0.000000 0.000000 0.000000 0.000000
    11 0.000000 0.000000 0.000000 0.000000 0.000000 0.000000
    12 0.000000 0.000000 0.000000 0.000000 0.000000 0.000000
    13 0.000000 0.000000 0.000000 0.000000 0.000000 0.000000
    14 0.000000 0.000000 0.000000 0.000000 0.000000 0.000000
    15 0.000000 0.000000 0.000000 0.000000 0.000000 0.000000
    16 0.000000 0.000000 0.000000 0.000000 0.000000 0.000000
    17 0.000000 0.000000 0.000000 -0.008971 -0.042466 0.007716
    18 0.000000 0.000000 0.000000 0.000000 0.000000 0.053827
    19 11.203125 -0.000001 0.000002 0.557778 0.364985 -0.352218
    20 3.548828 0.198730 -1.489258 -0.472246 0.063925 -0.818719
    21 1.218750 0.000001 0.000003 -0.004612 0.097481 -1.230554
    22 0.679688 0.000000 0.000000 0.011364 0.086977 -1.036816
    23 3.697266 0.267334 -0.728516 -0.164776 0.147479 -0.995499
    24 1.748047 0.000000 0.000001 0.000213 0.027092 -1.054100
    25 0.959961 -0.000001 0.000000 0.002325 0.039401 -1.101803
    26 3.767578 0.152466 0.071350 0.074637 0.103122 -0.865115
    27 2.037109 -0.000001 -0.000002 0.001515 -0.004364 -1.439416
    28 1.066406 0.000000 0.000001 -0.001244 -0.005671 -0.962931
    29 3.783203 -0.017258 0.794434 0.348232 0.068438 -0.758273
    30 1.628906 -0.000001 0.000002 0.018830 -0.066667 -1.332708
    31 0.955566 0.000001 0.000001 -0.000001 -0.069718 -1.033963
    32 1.258789 -0.297852 1.251953 -1.245151 -0.163241 -0.922789
    33 1.392578 0.000000 -0.000002 0.000001 0.002024 0.349108
    34 1.099609 0.000000 -0.000001 0.000001 0.013128 0.596757
    35 0.000000 0.000000 0.000000 0.000000 0.000000 0.000000
    36 0.000000 0.000000 0.000000 -0.046007 0.088165 -0.150290
    37 0.000000 0.000000 0.000000 0.000000 0.000000 0.025418
    38 11.203125 0.000000 0.000002 -1.049277 -0.434038 -0.008364
    39 3.548828 0.211304 1.487305 0.492427 0.054648 -1.044090
    40 1.218750 0.000000 0.000000 0.004612 -0.097480 -1.485808
    41 0.679688 -0.000002 0.000001 -0.011363 -0.086976 -1.292069
    42 3.697266 0.273682 0.726563 0.167567 -0.105308 -1.247601
    43 1.748047 0.000001 0.000000 -0.000213 -0.027092 -1.309354
    44 0.959961 -0.000001 -0.000001 -0.002324 -0.039401 -1.357058
    45 3.767578 0.151855 -0.072693 -0.059050 -0.120242 -1.121067
    46 2.037109 -0.000001 -0.000002 -0.001514 0.004365 -1.694671
    47 1.066406 0.000002 -0.000003 0.001244 0.005670 -1.218185
    48 3.783203 -0.023941 -0.794434 -0.321316 -0.152718 -1.000774
    49 1.628906 -0.000001 -0.000004 -0.018830 0.066667 -1.587963
    50 0.955566 -0.000001 0.000001 -0.000001 0.069718 -1.289218
    51 1.258789 -0.308350 -1.250000 1.322030 0.226765 -0.566100
    52 1.392578 -0.000002 0.000000 0.000000 -0.002024 0.427650
    53 1.099609 0.000000 0.000001 -0.000001 -0.013127 0.125518
    54 0.000000 0.000000 0.000000 0.000000 0.000000 0.000000
    55 0.000000 0.000000 0.000000 0.000000 0.000000 0.000000
    56 0.000000 0.000000 0.000000 0.000000 0.000000 0.000000
    57 0.000000 0.000000 0.000000 0.000000 0.000000 0.000000
    58 0.000000 0.000000 0.000000 0.000000 0.000000 0.000000
    59 0.000000 0.000000 0.000000 0.000000 0.000000 0.000000
    60 0.000000 0.000000 0.000000 0.000000 0.000000 0.000000
    61 0.000000 0.000000 0.000000 0.000000 0.000000 0.000000
    62 0.000000 0.000000 0.000000 0.000000 0.000000 0.000000
    63 0.000000 0.000000 0.000000 0.000000 0.000000 0.000000
    64 0.000000 0.000000 0.000000 0.000000 0.000000 0.000000
    65 0.000000 0.000000 0.000000 0.000000 0.000000 0.000000
    66 0.000000 0.000000 0.000000 0.000000 0.000000 0.000000
    67 0.000000 0.000000 0.000000 0.000000 0.000000 0.000000
    68 0.000000 0.000000 0.000000 0.000000 0.000000 0.000000
    69 0.000000 0.000000 0.000000 0.000000 0.000000 0.000000
  time 64
    0 0.000000 0.000000 0.000000 0.000000 0.000000 -1.570796
    1 0.000000 0.000000 0.000000 0.000000 0.000000 0.000000
    2 3.982422 -0.000004 -0.000003 -1.570794 0.051770 -1.611079
    3 15.937500 0.000000 0.000000 0.000000 0.000000 0.051653
    4 17.703125 0.000000 0.000000 0.017106 -0.070055 -1.175214
    5 6.203125 0.000001 0.000000 -0.011145 0.000933 -0.500513
    6 -3.982422 0.000007 0.000007 -1.570792 0.051771 -1.530509
    7 15.937500 0.000000 0.000000 0.000000 0.000000 0.051653
    8 17.703125 0.000000 0.000000 -0.006397 0.070029 -1.178166
    9 6.203125 0.000000 0.000000 -0.078650 -0.006185 -0.498943
    10 0.000000 0.000000 0.000000 0.000000 0.000000 0.000000
    11 0.000000 0.000000 0.000000 0.000000 0.000000 0.000000
    12 0.000000 0.000000 0.000000 0.000000 0.000000 0.000000
    13 0.000000 0.000000 0.000000 0.000000 0.000000 0.000000
    14 0.000000 0.000000 0.000000 0.000000 0.000000 0.000000
    15 0.000000 0.000000 0.000000 0.000000 0.000000 0.000000
    16 0.000000 0.000000 0.000000 0.000000 0.000000 0.000000
    17 0.000000 0.000000 0.000000 -0.009677 -0.042610 0.006921
    18 0.000000 0.000000 0.000000 0.000000 0.000000 0.053016
    19 11.203125 -0.000001 0.000002 0.557778 0.364985 -0.352218
    20 3.548828 0.198730 -1.489258 -0.472246 0.063925 -0.818719
    21 1.218750 0.000001 0.000003 -0.004612 0.097481 -1.230554
    22 0.679688 0.000000 0.000000 0.011364 0.086977 -1.036816
    23 3.697266 0.267334 -0.728516 -0.164776 0.147479 -0.995499
    24 1.748047 0.000000 0.000001 0.000213 0.027092 -1.054100
    25 0.959961 -0.000001 0.000000 0.002325 0.039401 -1.101803
    26 3.767578 0.152466 0.071350 0.074637 0.103122 -0.865115
    27 2.037109 -0.000001 -0.000002 0.001515 -0.004364 -1.439416
    28 1.066406 0.000000 0.000001 -0.001244 -0.005671 -0.962931
    29 3.783203 -0.017258 0.794434 0.348232 0.068438 -0.758273
    30 1.628906 -0.000001 0.000002 0.018830 -0.066667 -1.332708
    31 0.955566 0.000001 0.000001 -0.000001 -0.069718 -1.033963
    32 1.258789 -0.297852 1.251953 -1.245151 -0.163241 -0.922789
    33 1.392578 0.000000 -0.000002 0.000001 0.002024 0.349108
    34 1.099609 0.000000 -0.000001 0.000001 0.013128 0.596757
    35 0.000000 0.000000 0.000000 0.000000 0.000000 0.000000
    36 0.000000 0.000000 0.000000 -0.046007 0.088131 -0.150374
    37 0.000000 0.000000 0.000000 0.000000 0.000000 0.025418
    38 11.203125 0.000000 0.000002 -1.049277 -0.434038 -0.008364
    39 3.548828 0.211304 1.487305 0.492427 0.054648 -1.044090
    40 1.218750 0.000000 0.000000 0.004612 -0.097480 -1.485808
    41 0.679688 -0.000002 0.000001 -0.011363 -0.086976 -1.292069
    42 3.697266 0.273682 0.726563 0.167567 -0.105308 -1.247601
    43 1.748047 0.000001 0.000000 -0.000213 -0.027092 -1.309354
    44 0.959961 -0.000001 -0.000001 -0.002324 -0.039401 -1.357058
    45 3.767578 0.151855 -0.072693 -0.059050 -0.120242 -1.121067
    46 2.037109 -0.000001 -0.000002 -0.001514 0.004365 -1.694671
    47 1.066406 0.000002 -0.000003 0.001244 0.005670 -1.218185
    48 3.783203 -0.023941 -0.794434 -0.321316 -0.152718 -1.000774
    49 1.628906 -0.000001 -0.000004 -0.018830 0.066667 -1.587963
    50 0.955566 -0.000001 0.000001 -0.000001 0.069718 -1.289218
    51 1.258789 -0.308350 -1.250000 1.322030 0.226765 -0.566100
    52 1.392578 -0.000002 0.000000 0.000000 -0.002024 0.427650
    53 1.099609 0.000000 0.000001 -0.000001 -0.013127 0.125518
    54 0.000000 0.000000 0.000000 0.000000 0.000000 0.000000
    55 0.000000 0.000000 0.000000 0.000000 0.000000 0.000000
    56 0.000000 0.000000 0.000000 0.000000 0.000000 0.000000
    57 0.000000 0.000000 0.000000 0.000000 0.000000 0.000000
    58 0.000000 0.000000 0.000000 0.000000 0.000000 0.000000
    59 0.000000 0.000000 0.000000 0.000000 0.000000 0.000000
    60 0.000000 0.000000 0.000000 0.000000 0.000000 0.000000
    61 0.000000 0.000000 0.000000 0.000000 0.000000 0.000000
    62 0.000000 0.000000 0.000000 0.000000 0.000000 0.000000
    63 0.000000 0.000000 0.000000 0.000000 0.000000 0.000000
    64 0.000000 0.000000 0.000000 0.000000 0.000000 0.000000
    65 0.000000 0.000000 0.000000 0.000000 0.000000 0.000000
    66 0.000000 0.000000 0.000000 0.000000 0.000000 0.000000
    67 0.000000 0.000000 0.000000 0.000000 0.000000 0.000000
    68 0.000000 0.000000 0.000000 0.000000 0.000000 0.000000
    69 0.000000 0.000000 0.000000 0.000000 0.000000 0.000000
  time 65
    0 0.000000 0.000000 0.000000 0.000000 0.000000 -1.570796
    1 0.000000 0.000000 0.000000 0.000000 0.000000 0.000000
    2 3.982422 -0.000004 -0.000003 -1.570794 0.051770 -1.611079
    3 15.937500 0.000000 0.000000 0.000000 0.000000 0.051653
    4 17.703125 0.000000 0.000000 0.017106 -0.070055 -1.175214
    5 6.203125 0.000001 0.000000 -0.011145 0.000933 -0.500513
    6 -3.982422 0.000007 0.000007 -1.570792 0.051771 -1.530509
    7 15.937500 0.000000 0.000000 0.000000 0.000000 0.051653
    8 17.703125 0.000000 0.000000 -0.006397 0.070029 -1.178166
    9 6.203125 0.000000 0.000000 -0.078650 -0.006185 -0.498943
    10 0.000000 0.000000 0.000000 0.000000 0.000000 0.000000
    11 0.000000 0.000000 0.000000 0.000000 0.000000 0.000000
    12 0.000000 0.000000 0.000000 0.000000 0.000000 0.000000
    13 0.000000 0.000000 0.000000 0.000000 0.000000 0.000000
    14 0.000000 0.000000 0.000000 0.000000 0.000000 0.000000
    15 0.000000 0.000000 0.000000 0.000000 0.000000 0.000000
    16 0.000000 0.000000 0.000000 0.000000 0.000000 0.000000
    17 0.000000 0.000000 0.000000 -0.010313 -0.042753 0.006127
    18 0.000000 0.000000 0.000000 0.000000 0.000000 0.052353
    19 11.203125 -0.000001 0.000002 0.557778 0.364985 -0.352218
    20 3.548828 0.198730 -1.489258 -0.472246 0.063925 -0.818719
    21 1.218750 0.000001 0.000003 -0.004612 0.097481 -1.230554
    22 0.679688 0.000000 0.000000 0.011364 0.086977 -1.036816
    23 3.697266 0.267334 -0.728516 -0.164776 0.147479 -0.995499
    24 1.748047 0.000000 0.000001 0.000213 0.027092 -1.054100
    25 0.959961 -0.000001 0.000000 0.002325 0.039401 -1.101803
    26 3.767578 0.152466 0.071350 0.074637 0.103122 -0.865115
    27 2.037109 -0.000001 -0.000002 0.001515 -0.004364 -1.439416
    28 1.066406 0.000000 0.000001 -0.001244 -0.005671 -0.962931
    29 3.783203 -0.017258 0.794434 0.348232 0.068438 -0.758273
    30 1.628906 -0.000001 0.000002 0.018830 -0.066667 -1.332708
    31 0.955566 0.000001 0.000001 -0.000001 -0.069718 -1.033963
    32 1.258789 -0.297852 1.251953 -1.245151 -0.163241 -0.922789
    33 1.392578 0.000000 -0.000002 0.000001 0.002024 0.349108
    34 1.099609 0.000000 -0.000001 0.000001 0.013128 0.596757
    35 0.000000 0.000000 0.000000 0.000000 0.000000 0.000000
    36 0.000000 0.000000 0.000000 -0.046007 0.088131 -0.150374
    37 0.000000 0.000000 0.000000 0.000000 0.000000 0.025418
    38 11.203125 0.000000 0.000002 -1.049277 -0.434038 -0.008364
    39 3.548828 0.211304 1.487305 0.492427 0.054648 -1.044090
    40 1.218750 0.000000 0.000000 0.004612 -0.097480 -1.485808
    41 0.679688 -0.000002 0.000001 -0.011363 -0.086976 -1.292069
    42 3.697266 0.273682 0.726563 0.167567 -0.105308 -1.247601
    43 1.748047 0.000001 0.000000 -0.000213 -0.027092 -1.309354
    44 0.959961 -0.000001 -0.000001 -0.002324 -0.039401 -1.357058
    45 3.767578 0.151855 -0.072693 -0.059050 -0.120242 -1.121067
    46 2.037109 -0.000001 -0.000002 -0.001514 0.004365 -1.694671
    47 1.066406 0.000002 -0.000003 0.001244 0.005670 -1.218185
    48 3.783203 -0.023941 -0.794434 -0.321316 -0.152718 -1.000774
    49 1.628906 -0.000001 -0.000004 -0.018830 0.066667 -1.587963
    50 0.955566 -0.000001 0.000001 -0.000001 0.069718 -1.289218
    51 1.258789 -0.308350 -1.250000 1.322030 0.226765 -0.566100
    52 1.392578 -0.000002 0.000000 0.000000 -0.002024 0.427650
    53 1.099609 0.000000 0.000001 -0.000001 -0.013127 0.125518
    54 0.000000 0.000000 0.000000 0.000000 0.000000 0.000000
    55 0.000000 0.000000 0.000000 0.000000 0.000000 0.000000
    56 0.000000 0.000000 0.000000 0.000000 0.000000 0.000000
    57 0.000000 0.000000 0.000000 0.000000 0.000000 0.000000
    58 0.000000 0.000000 0.000000 0.000000 0.000000 0.000000
    59 0.000000 0.000000 0.000000 0.000000 0.000000 0.000000
    60 0.000000 0.000000 0.000000 0.000000 0.000000 0.000000
    61 0.000000 0.000000 0.000000 0.000000 0.000000 0.000000
    62 0.000000 0.000000 0.000000 0.000000 0.000000 0.000000
    63 0.000000 0.000000 0.000000 0.000000 0.000000 0.000000
    64 0.000000 0.000000 0.000000 0.000000 0.000000 0.000000
    65 0.000000 0.000000 0.000000 0.000000 0.000000 0.000000
    66 0.000000 0.000000 0.000000 0.000000 0.000000 0.000000
    67 0.000000 0.000000 0.000000 0.000000 0.000000 0.000000
    68 0.000000 0.000000 0.000000 0.000000 0.000000 0.000000
    69 0.000000 0.000000 0.000000 0.000000 0.000000 0.000000
  time 66
    0 0.000000 0.000000 0.000000 0.000000 0.000000 -1.570796
    1 0.000000 0.000000 0.000000 0.000000 0.000000 0.000000
    2 3.982422 -0.000004 -0.000003 -1.570794 0.051770 -1.611079
    3 15.937500 0.000000 0.000000 0.000000 0.000000 0.051653
    4 17.703125 0.000000 0.000000 0.017106 -0.070055 -1.175214
    5 6.203125 0.000001 0.000000 -0.011145 0.000933 -0.500513
    6 -3.982422 0.000007 0.000007 -1.570792 0.051771 -1.530509
    7 15.937500 0.000000 0.000000 0.000000 0.000000 0.051653
    8 17.703125 0.000000 0.000000 -0.006397 0.070029 -1.178166
    9 6.203125 0.000000 0.000000 -0.078650 -0.006185 -0.498943
    10 0.000000 0.000000 0.000000 0.000000 0.000000 0.000000
    11 0.000000 0.000000 0.000000 0.000000 0.000000 0.000000
    12 0.000000 0.000000 0.000000 0.000000 0.000000 0.000000
    13 0.000000 0.000000 0.000000 0.000000 0.000000 0.000000
    14 0.000000 0.000000 0.000000 0.000000 0.000000 0.000000
    15 0.000000 0.000000 0.000000 0.000000 0.000000 0.000000
    16 0.000000 0.000000 0.000000 0.000000 0.000000 0.000000
    17 0.000000 0.000000 0.000000 -0.010949 -0.042896 0.005333
    18 0.000000 0.000000 0.000000 0.000000 0.000000 0.051763
    19 11.203125 -0.000001 0.000002 0.557778 0.364985 -0.352218
    20 3.548828 0.198730 -1.489258 -0.472246 0.063925 -0.818719
    21 1.218750 0.000001 0.000003 -0.004612 0.097481 -1.230554
    22 0.679688 0.000000 0.000000 0.011364 0.086977 -1.036816
    23 3.697266 0.267334 -0.728516 -0.164776 0.147479 -0.995499
    24 1.748047 0.000000 0.000001 0.000213 0.027092 -1.054100
    25 0.959961 -0.000001 0.000000 0.002325 0.039401 -1.101803
    26 3.767578 0.152466 0.071350 0.074637 0.103122 -0.865115
    27 2.037109 -0.000001 -0.000002 0.001515 -0.004364 -1.439416
    28 1.066406 0.000000 0.000001 -0.001244 -0.005671 -0.962931
    29 3.783203 -0.017258 0.794434 0.348232 0.068438 -0.758273
    30 1.628906 -0.000001 0.000002 0.018830 -0.066667 -1.332708
    31 0.955566 0.000001 0.000001 -0.000001 -0.069718 -1.033963
    32 1.258789 -0.297852 1.251953 -1.245151 -0.163241 -0.922789
    33 1.392578 0.000000 -0.000002 0.000001 0.002024 0.349108
    34 1.099609 0.000000 -0.000001 0.000001 0.013128 0.596757
    35 0.000000 0.000000 0.000000 0.000000 0.000000 0.000000
    36 0.000000 0.000000 0.000000 -0.046007 0.088131 -0.150374
    37 0.000000 0.000000 0.000000 0.000000 0.000000 0.025418
    38 11.203125 0.000000 0.000002 -1.049277 -0.434038 -0.008364
    39 3.548828 0.211304 1.487305 0.492427 0.054648 -1.044090
    40 1.218750 0.000000 0.000000 0.004612 -0.097480 -1.485808
    41 0.679688 -0.000002 0.000001 -0.011363 -0.086976 -1.292069
    42 3.697266 0.273682 0.726563 0.167567 -0.105308 -1.247601
    43 1.748047 0.000001 0.000000 -0.000213 -0.027092 -1.309354
    44 0.959961 -0.000001 -0.000001 -0.002324 -0.039401 -1.357058
    45 3.767578 0.151855 -0.072693 -0.059050 -0.120242 -1.121067
    46 2.037109 -0.000001 -0.000002 -0.001514 0.004365 -1.694671
    47 1.066406 0.000002 -0.000003 0.001244 0.005670 -1.218185
    48 3.783203 -0.023941 -0.794434 -0.321316 -0.152718 -1.000774
    49 1.628906 -0.000001 -0.000004 -0.018830 0.066667 -1.587963
    50 0.955566 -0.000001 0.000001 -0.000001 0.069718 -1.289218
    51 1.258789 -0.308350 -1.250000 1.322030 0.226765 -0.566100
    52 1.392578 -0.000002 0.000000 0.000000 -0.002024 0.427650
    53 1.099609 0.000000 0.000001 -0.000001 -0.013127 0.125518
    54 0.000000 0.000000 0.000000 0.000000 0.000000 0.000000
    55 0.000000 0.000000 0.000000 0.000000 0.000000 0.000000
    56 0.000000 0.000000 0.000000 0.000000 0.000000 0.000000
    57 0.000000 0.000000 0.000000 0.000000 0.000000 0.000000
    58 0.000000 0.000000 0.000000 0.000000 0.000000 0.000000
    59 0.000000 0.000000 0.000000 0.000000 0.000000 0.000000
    60 0.000000 0.000000 0.000000 0.000000 0.000000 0.000000
    61 0.000000 0.000000 0.000000 0.000000 0.000000 0.000000
    62 0.000000 0.000000 0.000000 0.000000 0.000000 0.000000
    63 0.000000 0.000000 0.000000 0.000000 0.000000 0.000000
    64 0.000000 0.000000 0.000000 0.000000 0.000000 0.000000
    65 0.000000 0.000000 0.000000 0.000000 0.000000 0.000000
    66 0.000000 0.000000 0.000000 0.000000 0.000000 0.000000
    67 0.000000 0.000000 0.000000 0.000000 0.000000 0.000000
    68 0.000000 0.000000 0.000000 0.000000 0.000000 0.000000
    69 0.000000 0.000000 0.000000 0.000000 0.000000 0.000000
  time 67
    0 0.000000 0.000000 0.000000 0.000000 0.000000 -1.570796
    1 0.000000 0.000000 0.000000 0.000000 0.000000 0.000000
    2 3.982422 -0.000004 -0.000003 -1.570794 0.051770 -1.611079
    3 15.937500 0.000000 0.000000 0.000000 0.000000 0.051653
    4 17.703125 0.000000 0.000000 0.017106 -0.070055 -1.175214
    5 6.203125 0.000001 0.000000 -0.011145 0.000933 -0.500513
    6 -3.982422 0.000007 0.000007 -1.570792 0.051771 -1.530509
    7 15.937500 0.000000 0.000000 0.000000 0.000000 0.051653
    8 17.703125 0.000000 0.000000 -0.006397 0.070029 -1.178166
    9 6.203125 0.000000 0.000000 -0.078650 -0.006185 -0.498943
    10 0.000000 0.000000 0.000000 0.000000 0.000000 0.000000
    11 0.000000 0.000000 0.000000 0.000000 0.000000 0.000000
    12 0.000000 0.000000 0.000000 0.000000 0.000000 0.000000
    13 0.000000 0.000000 0.000000 0.000000 0.000000 0.000000
    14 0.000000 0.000000 0.000000 0.000000 0.000000 0.000000
    15 0.000000 0.000000 0.000000 0.000000 0.000000 0.000000
    16 0.000000 0.000000 0.000000 0.000000 0.000000 0.000000
    17 0.000000 0.000000 0.000000 -0.011585 -0.042982 0.004614
    18 0.000000 0.000000 0.000000 0.000000 0.000000 0.051247
    19 11.203125 -0.000001 0.000002 0.557778 0.364985 -0.352218
    20 3.548828 0.198730 -1.489258 -0.472246 0.063925 -0.818719
    21 1.218750 0.000001 0.000003 -0.004612 0.097481 -1.230554
    22 0.679688 0.000000 0.000000 0.011364 0.086977 -1.036816
    23 3.697266 0.267334 -0.728516 -0.164776 0.147479 -0.995499
    24 1.748047 0.000000 0.000001 0.000213 0.027092 -1.054100
    25 0.959961 -0.000001 0.000000 0.002325 0.039401 -1.101803
    26 3.767578 0.152466 0.071350 0.074637 0.103122 -0.865115
    27 2.037109 -0.000001 -0.000002 0.001515 -0.004364 -1.439416
    28 1.066406 0.000000 0.000001 -0.001244 -0.005671 -0.962931
    29 3.783203 -0.017258 0.794434 0.348232 0.068438 -0.758273
    30 1.628906 -0.000001 0.000002 0.018830 -0.066667 -1.332708
    31 0.955566 0.000001 0.000001 -0.000001 -0.069718 -1.033963
    32 1.258789 -0.297852 1.251953 -1.245151 -0.163241 -0.922789
    33 1.392578 0.000000 -0.000002 0.000001 0.002024 0.349108
    34 1.099609 0.000000 -0.000001 0.000001 0.013128 0.596757
    35 0.000000 0.000000 0.000000 0.000000 0.000000 0.000000
    36 0.000000 0.000000 0.000000 -0.046007 0.088131 -0.150374
    37 0.000000 0.000000 0.000000 0.000000 0.000000 0.025418
    38 11.203125 0.000000 0.000002 -1.049277 -0.434038 -0.008364
    39 3.548828 0.211304 1.487305 0.492427 0.054648 -1.044090
    40 1.218750 0.000000 0.000000 0.004612 -0.097480 -1.485808
    41 0.679688 -0.000002 0.000001 -0.011363 -0.086976 -1.292069
    42 3.697266 0.273682 0.726563 0.167567 -0.105308 -1.247601
    43 1.748047 0.000001 0.000000 -0.000213 -0.027092 -1.309354
    44 0.959961 -0.000001 -0.000001 -0.002324 -0.039401 -1.357058
    45 3.767578 0.151855 -0.072693 -0.059050 -0.120242 -1.121067
    46 2.037109 -0.000001 -0.000002 -0.001514 0.004365 -1.694671
    47 1.066406 0.000002 -0.000003 0.001244 0.005670 -1.218185
    48 3.783203 -0.023941 -0.794434 -0.321316 -0.152718 -1.000774
    49 1.628906 -0.000001 -0.000004 -0.018830 0.066667 -1.587963
    50 0.955566 -0.000001 0.000001 -0.000001 0.069718 -1.289218
    51 1.258789 -0.308350 -1.250000 1.322030 0.226765 -0.566100
    52 1.392578 -0.000002 0.000000 0.000000 -0.002024 0.427650
    53 1.099609 0.000000 0.000001 -0.000001 -0.013127 0.125518
    54 0.000000 0.000000 0.000000 0.000000 0.000000 0.000000
    55 0.000000 0.000000 0.000000 0.000000 0.000000 0.000000
    56 0.000000 0.000000 0.000000 0.000000 0.000000 0.000000
    57 0.000000 0.000000 0.000000 0.000000 0.000000 0.000000
    58 0.000000 0.000000 0.000000 0.000000 0.000000 0.000000
    59 0.000000 0.000000 0.000000 0.000000 0.000000 0.000000
    60 0.000000 0.000000 0.000000 0.000000 0.000000 0.000000
    61 0.000000 0.000000 0.000000 0.000000 0.000000 0.000000
    62 0.000000 0.000000 0.000000 0.000000 0.000000 0.000000
    63 0.000000 0.000000 0.000000 0.000000 0.000000 0.000000
    64 0.000000 0.000000 0.000000 0.000000 0.000000 0.000000
    65 0.000000 0.000000 0.000000 0.000000 0.000000 0.000000
    66 0.000000 0.000000 0.000000 0.000000 0.000000 0.000000
    67 0.000000 0.000000 0.000000 0.000000 0.000000 0.000000
    68 0.000000 0.000000 0.000000 0.000000 0.000000 0.000000
    69 0.000000 0.000000 0.000000 0.000000 0.000000 0.000000
  time 68
    0 0.000000 0.000000 0.000000 0.000000 0.000000 -1.570796
    1 0.000000 0.000000 0.000000 0.000000 0.000000 0.000000
    2 3.982422 -0.000004 -0.000003 -1.570794 0.051770 -1.611079
    3 15.937500 0.000000 0.000000 0.000000 0.000000 0.051653
    4 17.703125 0.000000 0.000000 0.017106 -0.070055 -1.175214
    5 6.203125 0.000001 0.000000 -0.011145 0.000933 -0.500513
    6 -3.982422 0.000007 0.000007 -1.570792 0.051771 -1.530509
    7 15.937500 0.000000 0.000000 0.000000 0.000000 0.051653
    8 17.703125 0.000000 0.000000 -0.006397 0.070029 -1.178166
    9 6.203125 0.000000 0.000000 -0.078650 -0.006185 -0.498943
    10 0.000000 0.000000 0.000000 0.000000 0.000000 0.000000
    11 0.000000 0.000000 0.000000 0.000000 0.000000 0.000000
    12 0.000000 0.000000 0.000000 0.000000 0.000000 0.000000
    13 0.000000 0.000000 0.000000 0.000000 0.000000 0.000000
    14 0.000000 0.000000 0.000000 0.000000 0.000000 0.000000
    15 0.000000 0.000000 0.000000 0.000000 0.000000 0.000000
    16 0.000000 0.000000 0.000000 0.000000 0.000000 0.000000
    17 0.000000 0.000000 0.000000 -0.012079 -0.043011 0.003971
    18 0.000000 0.000000 0.000000 0.000000 0.000000 0.050804
    19 11.203125 -0.000001 0.000002 0.557778 0.364985 -0.352218
    20 3.548828 0.198730 -1.489258 -0.472246 0.063925 -0.818719
    21 1.218750 0.000001 0.000003 -0.004612 0.097481 -1.230554
    22 0.679688 0.000000 0.000000 0.011364 0.086977 -1.036816
    23 3.697266 0.267334 -0.728516 -0.164776 0.147479 -0.995499
    24 1.748047 0.000000 0.000001 0.000213 0.027092 -1.054100
    25 0.959961 -0.000001 0.000000 0.002325 0.039401 -1.101803
    26 3.767578 0.152466 0.071350 0.074637 0.103122 -0.865115
    27 2.037109 -0.000001 -0.000002 0.001515 -0.004364 -1.439416
    28 1.066406 0.000000 0.000001 -0.001244 -0.005671 -0.962931
    29 3.783203 -0.017258 0.794434 0.348232 0.068438 -0.758273
    30 1.628906 -0.000001 0.000002 0.018830 -0.066667 -1.332708
    31 0.955566 0.000001 0.000001 -0.000001 -0.069718 -1.033963
    32 1.258789 -0.297852 1.251953 -1.245151 -0.163241 -0.922789
    33 1.392578 0.000000 -0.000002 0.000001 0.002024 0.349108
    34 1.099609 0.000000 -0.000001 0.000001 0.013128 0.596757
    35 0.000000 0.000000 0.000000 0.000000 0.000000 0.000000
    36 0.000000 0.000000 0.000000 -0.046007 0.088131 -0.150374
    37 0.000000 0.000000 0.000000 0.000000 0.000000 0.025418
    38 11.203125 0.000000 0.000002 -1.049277 -0.434038 -0.008364
    39 3.548828 0.211304 1.487305 0.492427 0.054648 -1.044090
    40 1.218750 0.000000 0.000000 0.004612 -0.097480 -1.485808
    41 0.679688 -0.000002 0.000001 -0.011363 -0.086976 -1.292069
    42 3.697266 0.273682 0.726563 0.167567 -0.105308 -1.247601
    43 1.748047 0.000001 0.000000 -0.000213 -0.027092 -1.309354
    44 0.959961 -0.000001 -0.000001 -0.002324 -0.039401 -1.357058
    45 3.767578 0.151855 -0.072693 -0.059050 -0.120242 -1.121067
    46 2.037109 -0.000001 -0.000002 -0.001514 0.004365 -1.694671
    47 1.066406 0.000002 -0.000003 0.001244 0.005670 -1.218185
    48 3.783203 -0.023941 -0.794434 -0.321316 -0.152718 -1.000774
    49 1.628906 -0.000001 -0.000004 -0.018830 0.066667 -1.587963
    50 0.955566 -0.000001 0.000001 -0.000001 0.069718 -1.289218
    51 1.258789 -0.308350 -1.250000 1.322030 0.226765 -0.566100
    52 1.392578 -0.000002 0.000000 0.000000 -0.002024 0.427650
    53 1.099609 0.000000 0.000001 -0.000001 -0.013127 0.125518
    54 0.000000 0.000000 0.000000 0.000000 0.000000 0.000000
    55 0.000000 0.000000 0.000000 0.000000 0.000000 0.000000
    56 0.000000 0.000000 0.000000 0.000000 0.000000 0.000000
    57 0.000000 0.000000 0.000000 0.000000 0.000000 0.000000
    58 0.000000 0.000000 0.000000 0.000000 0.000000 0.000000
    59 0.000000 0.000000 0.000000 0.000000 0.000000 0.000000
    60 0.000000 0.000000 0.000000 0.000000 0.000000 0.000000
    61 0.000000 0.000000 0.000000 0.000000 0.000000 0.000000
    62 0.000000 0.000000 0.000000 0.000000 0.000000 0.000000
    63 0.000000 0.000000 0.000000 0.000000 0.000000 0.000000
    64 0.000000 0.000000 0.000000 0.000000 0.000000 0.000000
    65 0.000000 0.000000 0.000000 0.000000 0.000000 0.000000
    66 0.000000 0.000000 0.000000 0.000000 0.000000 0.000000
    67 0.000000 0.000000 0.000000 0.000000 0.000000 0.000000
    68 0.000000 0.000000 0.000000 0.000000 0.000000 0.000000
    69 0.000000 0.000000 0.000000 0.000000 0.000000 0.000000
  time 69
    0 0.000000 0.000000 0.000000 0.000000 0.000000 -1.570796
    1 0.000000 0.000000 0.000000 0.000000 0.000000 0.000000
    2 3.982422 -0.000004 -0.000003 -1.570794 0.051770 -1.611079
    3 15.937500 0.000000 0.000000 0.000000 0.000000 0.051653
    4 17.703125 0.000000 0.000000 0.017106 -0.070055 -1.175214
    5 6.203125 0.000001 0.000000 -0.011145 0.000933 -0.500513
    6 -3.982422 0.000007 0.000007 -1.570792 0.051771 -1.530509
    7 15.937500 0.000000 0.000000 0.000000 0.000000 0.051653
    8 17.703125 0.000000 0.000000 -0.006397 0.070029 -1.178166
    9 6.203125 0.000000 0.000000 -0.078650 -0.006185 -0.498943
    10 0.000000 0.000000 0.000000 0.000000 0.000000 0.000000
    11 0.000000 0.000000 0.000000 0.000000 0.000000 0.000000
    12 0.000000 0.000000 0.000000 0.000000 0.000000 0.000000
    13 0.000000 0.000000 0.000000 0.000000 0.000000 0.000000
    14 0.000000 0.000000 0.000000 0.000000 0.000000 0.000000
    15 0.000000 0.000000 0.000000 0.000000 0.000000 0.000000
    16 0.000000 0.000000 0.000000 0.000000 0.000000 0.000000
    17 0.000000 0.000000 0.000000 -0.012574 -0.042982 0.003404
    18 0.000000 0.000000 0.000000 0.000000 0.000000 0.050509
    19 11.203125 -0.000001 0.000002 0.557778 0.364985 -0.352218
    20 3.548828 0.198730 -1.489258 -0.472246 0.063925 -0.818719
    21 1.218750 0.000001 0.000003 -0.004612 0.097481 -1.230554
    22 0.679688 0.000000 0.000000 0.011364 0.086977 -1.036816
    23 3.697266 0.267334 -0.728516 -0.164776 0.147479 -0.995499
    24 1.748047 0.000000 0.000001 0.000213 0.027092 -1.054100
    25 0.959961 -0.000001 0.000000 0.002325 0.039401 -1.101803
    26 3.767578 0.152466 0.071350 0.074637 0.103122 -0.865115
    27 2.037109 -0.000001 -0.000002 0.001515 -0.004364 -1.439416
    28 1.066406 0.000000 0.000001 -0.001244 -0.005671 -0.962931
    29 3.783203 -0.017258 0.794434 0.348232 0.068438 -0.758273
    30 1.628906 -0.000001 0.000002 0.018830 -0.066667 -1.332708
    31 0.955566 0.000001 0.000001 -0.000001 -0.069718 -1.033963
    32 1.258789 -0.297852 1.251953 -1.245151 -0.163241 -0.922789
    33 1.392578 0.000000 -0.000002 0.000001 0.002024 0.349108
    34 1.099609 0.000000 -0.000001 0.000001 0.013128 0.596757
    35 0.000000 0.000000 0.000000 0.000000 0.000000 0.000000
    36 0.000000 0.000000 0.000000 -0.046007 0.088131 -0.150374
    37 0.000000 0.000000 0.000000 0.000000 0.000000 0.025418
    38 11.203125 0.000000 0.000002 -1.049277 -0.434038 -0.008364
    39 3.548828 0.211304 1.487305 0.492427 0.054648 -1.044090
    40 1.218750 0.000000 0.000000 0.004612 -0.097480 -1.485808
    41 0.679688 -0.000002 0.000001 -0.011363 -0.086976 -1.292069
    42 3.697266 0.273682 0.726563 0.167567 -0.105308 -1.247601
    43 1.748047 0.000001 0.000000 -0.000213 -0.027092 -1.309354
    44 0.959961 -0.000001 -0.000001 -0.002324 -0.039401 -1.357058
    45 3.767578 0.151855 -0.072693 -0.059050 -0.120242 -1.121067
    46 2.037109 -0.000001 -0.000002 -0.001514 0.004365 -1.694671
    47 1.066406 0.000002 -0.000003 0.001244 0.005670 -1.218185
    48 3.783203 -0.023941 -0.794434 -0.321316 -0.152718 -1.000774
    49 1.628906 -0.000001 -0.000004 -0.018830 0.066667 -1.587963
    50 0.955566 -0.000001 0.000001 -0.000001 0.069718 -1.289218
    51 1.258789 -0.308350 -1.250000 1.322030 0.226765 -0.566100
    52 1.392578 -0.000002 0.000000 0.000000 -0.002024 0.427650
    53 1.099609 0.000000 0.000001 -0.000001 -0.013127 0.125518
    54 0.000000 0.000000 0.000000 0.000000 0.000000 0.000000
    55 0.000000 0.000000 0.000000 0.000000 0.000000 0.000000
    56 0.000000 0.000000 0.000000 0.000000 0.000000 0.000000
    57 0.000000 0.000000 0.000000 0.000000 0.000000 0.000000
    58 0.000000 0.000000 0.000000 0.000000 0.000000 0.000000
    59 0.000000 0.000000 0.000000 0.000000 0.000000 0.000000
    60 0.000000 0.000000 0.000000 0.000000 0.000000 0.000000
    61 0.000000 0.000000 0.000000 0.000000 0.000000 0.000000
    62 0.000000 0.000000 0.000000 0.000000 0.000000 0.000000
    63 0.000000 0.000000 0.000000 0.000000 0.000000 0.000000
    64 0.000000 0.000000 0.000000 0.000000 0.000000 0.000000
    65 0.000000 0.000000 0.000000 0.000000 0.000000 0.000000
    66 0.000000 0.000000 0.000000 0.000000 0.000000 0.000000
    67 0.000000 0.000000 0.000000 0.000000 0.000000 0.000000
    68 0.000000 0.000000 0.000000 0.000000 0.000000 0.000000
    69 0.000000 0.000000 0.000000 0.000000 0.000000 0.000000
  time 70
    0 0.000000 0.000000 0.000000 0.000000 0.000000 -1.570796
    1 0.000000 0.000000 0.000000 0.000000 0.000000 0.000000
    2 3.982422 -0.000004 -0.000003 -1.570794 0.051770 -1.611079
    3 15.937500 0.000000 0.000000 0.000000 0.000000 0.051653
    4 17.703125 0.000000 0.000000 0.017106 -0.070055 -1.175214
    5 6.203125 0.000001 0.000000 -0.011145 0.000933 -0.500513
    6 -3.982422 0.000007 0.000007 -1.570792 0.051771 -1.530509
    7 15.937500 0.000000 0.000000 0.000000 0.000000 0.051653
    8 17.703125 0.000000 0.000000 -0.006397 0.070029 -1.178166
    9 6.203125 0.000000 0.000000 -0.078650 -0.006185 -0.498943
    10 0.000000 0.000000 0.000000 0.000000 0.000000 0.000000
    11 0.000000 0.000000 0.000000 0.000000 0.000000 0.000000
    12 0.000000 0.000000 0.000000 0.000000 0.000000 0.000000
    13 0.000000 0.000000 0.000000 0.000000 0.000000 0.000000
    14 0.000000 0.000000 0.000000 0.000000 0.000000 0.000000
    15 0.000000 0.000000 0.000000 0.000000 0.000000 0.000000
    16 0.000000 0.000000 0.000000 0.000000 0.000000 0.000000
    17 0.000000 0.000000 0.000000 -0.012997 -0.042868 0.002988
    18 0.000000 0.000000 0.000000 0.000000 0.000000 0.050288
    19 11.203125 -0.000001 0.000002 0.557778 0.364985 -0.352218
    20 3.548828 0.198730 -1.489258 -0.472246 0.063925 -0.818719
    21 1.218750 0.000001 0.000003 -0.004612 0.097481 -1.230554
    22 0.679688 0.000000 0.000000 0.011364 0.086977 -1.036816
    23 3.697266 0.267334 -0.728516 -0.164776 0.147479 -0.995499
    24 1.748047 0.000000 0.000001 0.000213 0.027092 -1.054100
    25 0.959961 -0.000001 0.000000 0.002325 0.039401 -1.101803
    26 3.767578 0.152466 0.071350 0.074637 0.103122 -0.865115
    27 2.037109 -0.000001 -0.000002 0.001515 -0.004364 -1.439416
    28 1.066406 0.000000 0.000001 -0.001244 -0.005671 -0.962931
    29 3.783203 -0.017258 0.794434 0.348232 0.068438 -0.758273
    30 1.628906 -0.000001 0.000002 0.018830 -0.066667 -1.332708
    31 0.955566 0.000001 0.000001 -0.000001 -0.069718 -1.033963
    32 1.258789 -0.297852 1.251953 -1.245151 -0.163241 -0.922789
    33 1.392578 0.000000 -0.000002 0.000001 0.002024 0.349108
    34 1.099609 0.000000 -0.000001 0.000001 0.013128 0.596757
    35 0.000000 0.000000 0.000000 0.000000 0.000000 0.000000
    36 0.000000 0.000000 0.000000 -0.046007 0.088131 -0.150374
    37 0.000000 0.000000 0.000000 0.000000 0.000000 0.025418
    38 11.203125 0.000000 0.000002 -1.049277 -0.434038 -0.008364
    39 3.548828 0.211304 1.487305 0.492427 0.054648 -1.044090
    40 1.218750 0.000000 0.000000 0.004612 -0.097480 -1.485808
    41 0.679688 -0.000002 0.000001 -0.011363 -0.086976 -1.292069
    42 3.697266 0.273682 0.726563 0.167567 -0.105308 -1.247601
    43 1.748047 0.000001 0.000000 -0.000213 -0.027092 -1.309354
    44 0.959961 -0.000001 -0.000001 -0.002324 -0.039401 -1.357058
    45 3.767578 0.151855 -0.072693 -0.059050 -0.120242 -1.121067
    46 2.037109 -0.000001 -0.000002 -0.001514 0.004365 -1.694671
    47 1.066406 0.000002 -0.000003 0.001244 0.005670 -1.218185
    48 3.783203 -0.023941 -0.794434 -0.321316 -0.152718 -1.000774
    49 1.628906 -0.000001 -0.000004 -0.018830 0.066667 -1.587963
    50 0.955566 -0.000001 0.000001 -0.000001 0.069718 -1.289218
    51 1.258789 -0.308350 -1.250000 1.322030 0.226765 -0.566100
    52 1.392578 -0.000002 0.000000 0.000000 -0.002024 0.427650
    53 1.099609 0.000000 0.000001 -0.000001 -0.013127 0.125518
    54 0.000000 0.000000 0.000000 0.000000 0.000000 0.000000
    55 0.000000 0.000000 0.000000 0.000000 0.000000 0.000000
    56 0.000000 0.000000 0.000000 0.000000 0.000000 0.000000
    57 0.000000 0.000000 0.000000 0.000000 0.000000 0.000000
    58 0.000000 0.000000 0.000000 0.000000 0.000000 0.000000
    59 0.000000 0.000000 0.000000 0.000000 0.000000 0.000000
    60 0.000000 0.000000 0.000000 0.000000 0.000000 0.000000
    61 0.000000 0.000000 0.000000 0.000000 0.000000 0.000000
    62 0.000000 0.000000 0.000000 0.000000 0.000000 0.000000
    63 0.000000 0.000000 0.000000 0.000000 0.000000 0.000000
    64 0.000000 0.000000 0.000000 0.000000 0.000000 0.000000
    65 0.000000 0.000000 0.000000 0.000000 0.000000 0.000000
    66 0.000000 0.000000 0.000000 0.000000 0.000000 0.000000
    67 0.000000 0.000000 0.000000 0.000000 0.000000 0.000000
    68 0.000000 0.000000 0.000000 0.000000 0.000000 0.000000
    69 0.000000 0.000000 0.000000 0.000000 0.000000 0.000000
end
