version 1
nodes
0 "Bip01" -1
1 "Bip01 Pelvis" 0
2 "Bip01 Spine" 1
3 "Bip01 R Thigh" 2
4 "Bip01 R Calf" 3
5 "Bip01 R Foot" 4
6 "Bip01 R Toe0" 5
7 "Bip01 Spine1" 2
8 "Bip01 Spine2" 7
9 "Bip01 Spine3" 8
10 "Bip01 Neck" 9
11 "Bip01 R Clavicle" 10
12 "Bip01 R UpperArm" 11
13 "Bip01 R Forearm" 12
14 "Bip01 R Hand" 13
15 "Bip01 R Finger4" 14
16 "Bip01 R Finger41" 15
17 "Bip01 R Finger42" 16
18 "Bip01 R Finger3" 14
19 "Bip01 R Finger31" 18
20 "Bip01 R Finger32" 19
21 "Bip01 R Finger2" 14
22 "Bip01 R Finger21" 21
23 "Bip01 R Finger22" 22
24 "Bip01 R Finger1" 14
25 "Bip01 R Finger11" 24
26 "Bip01 R Finger12" 25
27 "Bip01 R Finger0" 14
28 "Bip01 R Finger01" 27
29 "Bip01 R Finger02" 28
30 "Bip01 L Clavicle" 10
31 "Bip01 L UpperArm" 30
32 "Bip01 L Forearm" 31
33 "Bip01 L Hand" 32
34 "Bip01 L Finger4" 33
35 "Bip01 L Finger41" 34
36 "Bip01 L Finger42" 35
37 "Bip01 L Finger3" 33
38 "Bip01 L Finger31" 37
39 "Bip01 L Finger32" 38
40 "Bip01 L Finger2" 33
41 "Bip01 L Finger21" 40
42 "Bip01 L Finger22" 41
43 "Bip01 L Finger1" 33
44 "Bip01 L Finger11" 43
45 "Bip01 L Finger12" 44
46 "Bip01 L Finger0" 33
47 "Bip01 L Finger01" 46
48 "Bip01 L Finger02" 47
49 "Bip01 Head" 10
50 "Bip01 L Thigh" 2
51 "Bip01 L Calf" 50
52 "Bip01 L Foot" 51
53 "Bip01 L Toe0" 52
end
skeleton
time 0
0  1.242215 10.519487 35.718773  0.000000 -0.019990 -1.680985
1  -0.000001 -0.000000 -0.000007  -0.000157 -1.570450 -1.570770
2  3.968638 -0.003571 0.000006  -0.000004 -0.000001 0.000796
3  -3.968622 0.006743 -3.450989  0.125785 -3.128932 -0.451661
4  17.254908 0.000000 -0.000000  -0.000009 0.000054 -0.152457
5  17.254904 -0.000001 0.000000  0.002333 -0.067318 -0.337574
6  3.968630 5.003931 0.000000  -0.000000 0.000000 1.570800
7  4.486293 -0.003572 0.000000  0.039725 -0.014148 0.130214
8  4.486292 -0.003571 -0.000000  0.038835 0.005363 0.163329
9  4.486284 -0.003571 0.000000  -0.020666 0.007820 0.131219
10  4.486212 -0.001569 0.000000  -0.000000 -0.000000 -0.043633
11  -0.000006 0.001574 -1.908398  0.481526 1.261871 -2.558829
12  3.867489 0.000005 -0.000010  -0.201692 -1.027020 -0.287379
13  14.390598 0.000000 0.000000  0.000007 0.000004 -0.470026
14  11.595289 0.000001 -0.000001  1.576767 -0.092710 -0.036229
15  4.415191 -0.060756 -1.931051  0.387042 0.125154 0.189331
16  0.923137 -0.000001 0.000000  0.000000 0.000000 0.202982
17  0.923136 -0.000000 -0.000000  0.000000 0.000000 0.202982
18  4.449306 -0.067620 -0.950374  0.113407 0.000665 0.191913
19  1.128473 0.000007 0.000004  0.000000 0.000000 0.202982
20  1.128470 -0.000001 -0.000001  0.000000 -0.000000 0.202982
21  4.416831 -0.015215 0.200558  0.053022 -0.021338 0.200234
22  1.364869 -0.000000 0.000000  0.000000 0.000000 0.202982
23  1.364868 -0.000002 0.000003  0.000000 -0.000000 0.202982
24  4.451068 -0.068768 1.121660  -0.251518 -0.180901 0.213109
25  1.107776 0.000005 -0.000002  0.000000 -0.000000 0.202982
26  1.107770 -0.000004 0.000001  -0.000000 -0.000000 0.202982
27  2.098151 0.045609 1.805213  -0.173860 -0.359781 0.278294
28  0.914506 -0.000004 -0.000002  0.000000 0.272063 0.191981
29  0.914508 0.000002 0.000005  0.000000 0.272063 0.191981
30  -0.000001 0.001562 1.908401  -0.413817 -1.096260 -2.686203
31  3.867495 -0.000001 -0.000013  0.313329 0.917163 -0.124626
32  14.390604 -0.000004 0.000000  -0.000004 -0.000002 -0.547004
33  11.595301 0.000001 0.000001  -1.574178 0.032903 0.005434
34  4.415188 -0.060745 1.931051  -0.355475 -0.038079 0.164708
35  0.923129 0.000002 0.000002  -0.000000 -0.000000 0.267386
36  0.923143 -0.000004 0.000001  -0.000000 0.000000 0.267386
37  4.449306 -0.067621 0.950374  -0.222583 -0.044806 0.264090
38  1.128468 -0.000002 -0.000001  -0.000000 -0.000000 0.267386
39  1.128475 0.000000 0.000001  -0.000000 0.000000 0.267386
40  4.416826 -0.015213 -0.200561  -0.033424 -0.024570 0.266829
41  1.364876 -0.000004 -0.000001  -0.000000 -0.000000 0.267386
42  1.364860 -0.000002 0.000002  -0.000000 -0.000000 0.267386
43  4.451064 -0.068768 -1.121660  0.292806 0.069077 0.230929
44  1.107776 0.000000 0.000001  -0.000000 -0.000000 0.267386
45  1.107771 -0.000003 -0.000001  -0.000000 -0.000000 0.267386
46  2.098147 0.045619 -1.805211  0.175220 0.385492 0.209422
47  0.914517 0.000000 -0.000000  -0.000000 -0.261043 0.296702
48  0.914513 -0.000003 -0.000003  -0.000000 -0.505713 0.296702
49  1.969140 0.000002 0.000000  0.037727 -0.008032 0.371437
50  -3.968624 0.006724 3.450990  -0.077767 -3.090862 -0.541421
51  17.254911 -0.000003 -0.000000  0.000209 -0.000279 -0.674641
52  17.254898 0.000000 -0.000000  -0.148541 -0.001386 0.112239
53  3.968630 5.003932 -0.000001  0.000000 0.000000 1.570800
time 1
0  1.242215 10.519487 35.718773  0.000000 -0.019990 -1.680985
1  -0.000001 -0.000000 -0.000007  -0.000157 -1.570450 -1.570770
2  3.968638 -0.003571 0.000006  -0.000004 -0.000001 0.000947
3  -3.968627 0.006745 -3.450989  0.125792 -3.128922 -0.451746
4  17.254902 -0.000001 0.000001  -0.000009 0.000054 -0.152290
5  17.254898 0.000001 0.000000  0.002326 -0.067323 -0.337673
6  3.968631 5.003931 0.000000  0.000000 0.000000 1.570800
7  4.486283 -0.003570 0.000000  0.039725 -0.014148 0.130214
8  4.486289 -0.003575 0.000000  0.038836 0.005356 0.163515
9  4.486276 -0.003570 0.000000  -0.020666 0.007820 0.131219
10  4.486211 -0.001564 -0.000000  0.000000 0.000000 -0.043434
11  -0.000007 0.001575 -1.908399  0.481526 1.261871 -2.558829
12  3.867491 0.000008 0.000000  -0.188152 -1.028871 -0.303044
13  14.390594 0.000002 -0.000001  0.000007 0.000004 -0.454415
14  11.595293 0.000002 -0.000001  1.576572 -0.092329 -0.044010
15  4.415196 -0.060754 -1.931052  0.387042 0.125154 0.189331
16  0.923135 -0.000002 -0.000003  0.000000 0.000000 0.202982
17  0.923137 0.000001 -0.000001  0.000000 0.000000 0.202982
18  4.449308 -0.067620 -0.950373  0.113407 0.000665 0.191913
19  1.128475 0.000006 0.000001  0.000000 -0.000000 0.202982
20  1.128467 -0.000002 0.000000  0.000000 -0.000000 0.202982
21  4.416831 -0.015215 0.200559  0.053022 -0.021338 0.200234
22  1.364871 -0.000002 0.000001  0.000000 0.000000 0.202982
23  1.364871 -0.000001 0.000001  0.000000 -0.000000 0.202982
24  4.451068 -0.068765 1.121661  -0.251518 -0.180901 0.213109
25  1.107772 0.000003 -0.000004  -0.000000 -0.000000 0.202982
26  1.107770 -0.000006 0.000002  -0.000000 -0.000000 0.202982
27  2.098150 0.045610 1.805209  -0.173860 -0.359781 0.278294
28  0.914508 -0.000004 0.000000  0.000000 0.272063 0.191981
29  0.914508 0.000002 0.000003  0.000000 0.272063 0.191981
30  -0.000007 0.001562 1.908400  -0.413817 -1.096260 -2.686203
31  3.867489 0.000007 -0.000006  0.310301 0.917863 -0.128877
32  14.390598 0.000009 -0.000000  -0.000004 -0.000002 -0.542106
33  11.595309 0.000000 0.000003  -1.573637 0.032493 0.002508
34  4.415189 -0.060746 1.931052  -0.355475 -0.038079 0.164708
35  0.923134 0.000001 0.000002  -0.000000 -0.000000 0.267386
36  0.923139 -0.000004 -0.000002  -0.000000 0.000000 0.267386
37  4.449312 -0.067619 0.950375  -0.222583 -0.044806 0.264090
38  1.128463 -0.000000 0.000001  -0.000000 -0.000000 0.267386
39  1.128476 0.000003 -0.000003  -0.000000 0.000000 0.267386
40  4.416829 -0.015213 -0.200560  -0.033424 -0.024570 0.266829
41  1.364875 -0.000003 0.000001  -0.000000 -0.000000 0.267386
42  1.364858 -0.000005 -0.000000  -0.000000 -0.000000 0.267386
43  4.451067 -0.068769 -1.121660  0.292806 0.069077 0.230929
44  1.107773 0.000001 0.000000  -0.000000 -0.000000 0.267386
45  1.107768 -0.000003 -0.000001  -0.000000 -0.000000 0.267386
46  2.098145 0.045617 -1.805207  0.175220 0.385492 0.209422
47  0.914518 -0.000001 -0.000000  -0.000000 -0.261043 0.296702
48  0.914505 -0.000002 -0.000005  -0.000000 -0.505713 0.296702
49  1.969134 -0.000000 -0.000000  0.037727 -0.008032 0.371437
50  -3.968629 0.006725 3.450989  -0.077764 -3.090864 -0.541578
51  17.254904 0.000002 -0.000001  0.000209 -0.000279 -0.674618
52  17.254900 0.000001 0.000001  -0.148545 -0.001385 0.112209
53  3.968630 5.003932 -0.000000  0.000000 0.000000 1.570800
time 2
0  1.242215 10.519487 35.718773  0.000000 -0.019990 -1.680985
1  -0.000001 -0.000000 -0.000007  -0.000157 -1.570450 -1.570770
2  3.968638 -0.003571 0.000006  -0.000004 -0.000001 0.001374
3  -3.968633 0.006742 -3.450990  0.125811 -3.128894 -0.451979
4  17.254904 -0.000001 0.000000  -0.000009 0.000054 -0.151808
5  17.254898 0.000002 0.000000  0.002309 -0.067336 -0.337958
6  3.968630 5.003931 0.000000  -0.000000 0.000000 1.570800
7  4.486282 -0.003572 -0.000000  0.039725 -0.014148 0.130214
8  4.486291 -0.003573 -0.000000  0.038839 0.005336 0.164039
9  4.486281 -0.003570 -0.000000  -0.020666 0.007820 0.131219
10  4.486219 -0.001571 -0.000000  -0.000000 -0.000000 -0.042871
11  -0.000014 0.001571 -1.908396  0.481526 1.261871 -2.558829
12  3.867498 -0.000003 0.000002  -0.174654 -1.030293 -0.318485
13  14.390601 -0.000000 0.000000  0.000007 0.000004 -0.440407
14  11.595296 0.000001 -0.000003  1.576464 -0.091856 -0.051297
15  4.415196 -0.060754 -1.931052  0.387042 0.125154 0.189331
16  0.923139 -0.000002 -0.000002  0.000000 0.000000 0.202982
17  0.923142 -0.000002 0.000001  0.000000 0.000000 0.202982
18  4.449312 -0.067621 -0.950374  0.113407 0.000665 0.191913
19  1.128473 0.000006 -0.000001  0.000000 -0.000000 0.202982
20  1.128466 -0.000000 -0.000000  0.000000 -0.000000 0.202982
21  4.416835 -0.015215 0.200559  0.053022 -0.021338 0.200234
22  1.364871 0.000001 0.000001  0.000000 0.000000 0.202982
23  1.364865 0.000001 0.000000  0.000000 -0.000000 0.202982
24  4.451071 -0.068766 1.121661  -0.251518 -0.180901 0.213109
25  1.107773 0.000004 -0.000002  -0.000000 -0.000000 0.202982
26  1.107771 -0.000004 0.000002  -0.000000 0.000000 0.202982
27  2.098153 0.045612 1.805207  -0.173860 -0.359781 0.278294
28  0.914511 -0.000002 -0.000002  -0.000000 0.272063 0.191981
29  0.914509 0.000000 0.000002  -0.000000 0.272063 0.191981
30  -0.000011 0.001566 1.908399  -0.413817 -1.096260 -2.686203
31  3.867493 -0.000003 0.000000  0.307061 0.918356 -0.134181
32  14.390599 0.000000 0.000001  -0.000004 -0.000002 -0.537499
33  11.595300 -0.000003 0.000001  -1.572190 0.031461 -0.000866
34  4.415189 -0.060746 1.931048  -0.355475 -0.038079 0.164708
35  0.923132 0.000003 0.000002  -0.000000 -0.000000 0.267386
36  0.923145 -0.000005 -0.000001  -0.000000 0.000000 0.267386
37  4.449307 -0.067621 0.950374  -0.222583 -0.044806 0.264090
38  1.128472 -0.000001 -0.000001  -0.000000 -0.000000 0.267386
39  1.128473 0.000001 -0.000002  -0.000000 0.000000 0.267386
40  4.416821 -0.015215 -0.200560  -0.033424 -0.024570 0.266829
41  1.364876 -0.000003 -0.000001  -0.000000 -0.000000 0.267386
42  1.364859 -0.000004 0.000000  -0.000000 -0.000000 0.267386
43  4.451069 -0.068767 -1.121660  0.292806 0.069077 0.230929
44  1.107772 0.000000 0.000003  -0.000000 -0.000000 0.267386
45  1.107765 -0.000002 0.000001  -0.000000 -0.000000 0.267386
46  2.098146 0.045617 -1.805207  0.175220 0.385492 0.209422
47  0.914522 0.000001 0.000002  -0.000000 -0.261043 0.296702
48  0.914508 -0.000004 -0.000002  -0.000000 -0.505713 0.296702
49  1.969138 0.000004 0.000000  0.037727 -0.008032 0.371437
50  -3.968635 0.006723 3.450989  -0.077755 -3.090871 -0.542022
51  17.254902 -0.000003 0.000002  0.000209 -0.000279 -0.674549
52  17.254898 -0.000001 -0.000000  -0.148555 -0.001383 0.112124
53  3.968630 5.003933 -0.000001  0.000000 0.000000 1.570800
time 3
0  1.242215 10.519487 35.718773  0.000000 -0.019990 -1.680985
1  -0.000001 -0.000000 -0.000007  -0.000157 -1.570450 -1.570770
2  3.968638 -0.003571 0.000006  -0.000004 -0.000001 0.002037
3  -3.968630 0.006741 -3.450990  0.125840 -3.128851 -0.452350
4  17.254906 -0.000004 0.000001  -0.000009 0.000054 -0.151076
5  17.254900 0.000001 0.000000  0.002283 -0.067357 -0.338393
6  3.968631 5.003932 -0.000000  0.000000 0.000000 1.570800
7  4.486287 -0.003572 0.000000  0.039725 -0.014148 0.130214
8  4.486298 -0.003569 -0.000000  0.038843 0.005304 0.164848
9  4.486276 -0.003572 0.000000  -0.020666 0.007820 0.131219
10  4.486213 -0.001564 0.000000  -0.000000 -0.000000 -0.041997
11  0.000004 0.001576 -1.908400  0.481526 1.261871 -2.558829
12  3.867490 -0.000004 -0.000003  -0.161412 -1.031310 -0.333491
13  14.390602 0.000000 -0.000000  0.000007 0.000003 -0.428017
14  11.595299 0.000001 -0.000004  1.576435 -0.091305 -0.058034
15  4.415189 -0.060756 -1.931050  0.387042 0.125154 0.189331
16  0.923141 -0.000003 -0.000000  0.000000 0.000000 0.202982
17  0.923141 -0.000001 -0.000001  0.000000 0.000000 0.202982
18  4.449302 -0.067621 -0.950376  0.113407 0.000665 0.191913
19  1.128476 0.000007 0.000001  0.000000 -0.000000 0.202982
20  1.128471 -0.000001 -0.000001  0.000000 -0.000000 0.202982
21  4.416828 -0.015214 0.200559  0.053022 -0.021338 0.200234
22  1.364872 -0.000000 0.000001  0.000000 0.000000 0.202982
23  1.364866 -0.000001 -0.000002  0.000000 -0.000000 0.202982
24  4.451067 -0.068765 1.121660  -0.251518 -0.180901 0.213109
25  1.107774 0.000003 -0.000001  0.000000 -0.000000 0.202982
26  1.107772 -0.000006 0.000001  -0.000000 -0.000000 0.202982
27  2.098148 0.045612 1.805208  -0.173860 -0.359781 0.278294
28  0.914501 -0.000001 -0.000002  0.000000 0.272063 0.191981
29  0.914504 -0.000001 0.000004  -0.000000 0.272063 0.191981
30  -0.000006 0.001565 1.908399  -0.413817 -1.096260 -2.686203
31  3.867497 -0.000002 -0.000006  0.303663 0.918661 -0.140347
32  14.390594 -0.000003 0.000004  -0.000004 -0.000002 -0.533190
33  11.595300 0.000003 -0.000002  -1.569975 0.029884 -0.004607
34  4.415189 -0.060746 1.931051  -0.355475 -0.038079 0.164708
35  0.923135 0.000003 0.000001  -0.000000 -0.000000 0.267386
36  0.923140 -0.000002 -0.000002  -0.000000 0.000000 0.267386
37  4.449306 -0.067622 0.950376  -0.222583 -0.044806 0.264090
38  1.128471 -0.000001 0.000002  -0.000000 -0.000000 0.267386
39  1.128473 0.000003 0.000000  -0.000000 0.000000 0.267386
40  4.416825 -0.015215 -0.200559  -0.033424 -0.024570 0.266829
41  1.364876 -0.000000 0.000001  -0.000000 -0.000000 0.267386
42  1.364863 -0.000004 0.000001  -0.000000 -0.000000 0.267386
43  4.451063 -0.068769 -1.121659  0.292806 0.069077 0.230929
44  1.107778 0.000000 0.000000  0.000000 -0.000000 0.267386
45  1.107770 -0.000002 -0.000000  -0.000000 -0.000000 0.267386
46  2.098149 0.045615 -1.805213  0.175220 0.385492 0.209422
47  0.914515 0.000001 0.000001  -0.000000 -0.261043 0.296702
48  0.914511 -0.000004 -0.000005  -0.000000 -0.505713 0.296702
49  1.969142 0.000004 0.000000  0.037727 -0.008032 0.371437
50  -3.968636 0.006724 3.450990  -0.077742 -3.090881 -0.542714
51  17.254910 -0.000004 0.000001  0.000209 -0.000279 -0.674447
52  17.254896 -0.000002 -0.000001  -0.148572 -0.001379 0.111994
53  3.968630 5.003932 -0.000001  0.000000 0.000000 1.570800
time 4
0  1.242215 10.519487 35.718773  0.000000 -0.019990 -1.680985
1  -0.000001 -0.000000 -0.000007  -0.000157 -1.570450 -1.570770
2  3.968638 -0.003571 0.000006  -0.000004 -0.000001 0.002897
3  -3.968629 0.006741 -3.450989  0.125878 -3.128795 -0.452822
4  17.254902 0.000000 -0.000000  -0.000009 0.000054 -0.150109
5  17.254900 0.000000 -0.000001  0.002248 -0.067384 -0.338966
6  3.968631 5.003931 -0.000001  0.000000 0.000000 1.570800
7  4.486288 -0.003571 -0.000000  0.039725 -0.014148 0.130214
8  4.486291 -0.003571 0.000000  0.038848 0.005264 0.165891
9  4.486276 -0.003569 0.000000  -0.020666 0.007820 0.131219
10  4.486216 -0.001563 0.000000  0.000000 -0.000000 -0.040864
11  -0.000006 0.001577 -1.908399  0.481526 1.261871 -2.558829
12  3.867494 -0.000001 0.000004  -0.148609 -1.031956 -0.347878
13  14.390608 -0.000007 -0.000001  0.000007 0.000003 -0.417226
14  11.595303 -0.000000 -0.000005  1.576475 -0.090695 -0.064181
15  4.415185 -0.060754 -1.931053  0.387042 0.125154 0.189331
16  0.923140 -0.000001 -0.000000  0.000000 0.000000 0.202982
17  0.923139 0.000003 0.000002  0.000000 0.000000 0.202982
18  4.449303 -0.067621 -0.950376  0.113407 0.000665 0.191913
19  1.128475 0.000006 0.000003  0.000000 -0.000000 0.202982
20  1.128473 -0.000003 -0.000002  0.000000 -0.000000 0.202982
21  4.416825 -0.015215 0.200559  0.053022 -0.021338 0.200234
22  1.364869 -0.000000 0.000002  0.000000 0.000000 0.202982
23  1.364869 0.000001 0.000000  0.000000 -0.000000 0.202982
24  4.451061 -0.068766 1.121660  -0.251518 -0.180901 0.213109
25  1.107778 0.000002 -0.000002  0.000000 -0.000000 0.202982
26  1.107774 -0.000006 0.000002  0.000000 -0.000000 0.202982
27  2.098146 0.045612 1.805210  -0.173859 -0.359781 0.278294
28  0.914506 -0.000001 -0.000000  -0.000000 0.272063 0.191981
29  0.914510 -0.000001 0.000003  0.000000 0.272063 0.191981
30  -0.000010 0.001568 1.908400  -0.413817 -1.096260 -2.686203
31  3.867495 -0.000003 -0.000010  0.300158 0.918796 -0.147184
32  14.390602 -0.000004 0.000002  -0.000004 -0.000002 -0.529181
33  11.595308 0.000004 -0.000001  -1.567126 0.027839 -0.008633
34  4.415191 -0.060749 1.931050  -0.355475 -0.038079 0.164708
35  0.923139 0.000004 0.000001  -0.000000 -0.000000 0.267386
36  0.923137 -0.000004 -0.000001  -0.000000 0.000000 0.267386
37  4.449312 -0.067622 0.950377  -0.222583 -0.044806 0.264090
38  1.128471 -0.000001 -0.000000  -0.000000 -0.000000 0.267386
39  1.128472 0.000002 -0.000000  -0.000000 0.000000 0.267386
40  4.416827 -0.015215 -0.200557  -0.033424 -0.024570 0.266829
41  1.364878 -0.000002 0.000001  -0.000000 -0.000000 0.267386
42  1.364861 -0.000006 0.000001  -0.000000 -0.000000 0.267386
43  4.451066 -0.068770 -1.121660  0.292806 0.069077 0.230929
44  1.107774 0.000001 0.000001  -0.000000 -0.000000 0.267386
45  1.107769 -0.000004 -0.000000  -0.000000 -0.000000 0.267386
46  2.098147 0.045617 -1.805212  0.175220 0.385492 0.209422
47  0.914522 -0.000001 0.000000  -0.000000 -0.261043 0.296702
48  0.914509 -0.000002 -0.000004  -0.000000 -0.505713 0.296702
49  1.969135 0.000002 0.000000  0.037727 -0.008032 0.371437
50  -3.968627 0.006723 3.450990  -0.077724 -3.090894 -0.543611
51  17.254906 0.000001 -0.000000  0.000209 -0.000279 -0.674314
52  17.254894 -0.000001 -0.000001  -0.148594 -0.001374 0.111826
53  3.968630 5.003932 0.000000  0.000000 0.000000 1.570800
time 5
0  1.242215 10.519487 35.718773  0.000000 -0.019990 -1.680985
1  -0.000001 -0.000000 -0.000007  -0.000157 -1.570450 -1.570770
2  3.968638 -0.003571 0.000006  -0.000004 -0.000001 0.003915
3  -3.968632 0.006741 -3.450989  0.125923 -3.128727 -0.453374
4  17.254906 0.000003 -0.000000  -0.000009 0.000054 -0.148952
5  17.254898 -0.000001 0.000000  0.002207 -0.067415 -0.339650
6  3.968630 5.003930 -0.000000  0.000000 0.000000 1.570800
7  4.486283 -0.003572 0.000000  0.039725 -0.014148 0.130214
8  4.486292 -0.003572 0.000000  0.038854 0.005216 0.167116
9  4.486283 -0.003573 0.000000  -0.020666 0.007820 0.131219
10  4.486212 -0.001566 0.000000  -0.000000 -0.000000 -0.039522
11  0.000001 0.001568 -1.908400  0.481526 1.261871 -2.558829
12  3.867494 0.000006 0.000002  -0.136405 -1.032273 -0.361488
13  14.390600 -0.000006 0.000001  0.000007 0.000003 -0.407991
14  11.595308 -0.000003 -0.000003  1.576572 -0.090041 -0.069716
15  4.415192 -0.060754 -1.931053  0.387042 0.125154 0.189331
16  0.923135 -0.000002 -0.000001  0.000000 0.000000 0.202982
17  0.923139 0.000004 0.000002  0.000000 0.000000 0.202982
18  4.449309 -0.067619 -0.950376  0.113407 0.000665 0.191913
19  1.128473 0.000005 -0.000000  0.000000 -0.000000 0.202982
20  1.128461 0.000001 -0.000001  0.000000 -0.000000 0.202982
21  4.416838 -0.015214 0.200558  0.053022 -0.021338 0.200234
22  1.364869 -0.000000 0.000000  0.000000 0.000000 0.202982
23  1.364869 -0.000000 0.000001  0.000000 -0.000000 0.202982
24  4.451068 -0.068765 1.121660  -0.251518 -0.180901 0.213109
25  1.107774 0.000005 -0.000001  0.000000 -0.000000 0.202982
26  1.107778 -0.000009 0.000001  -0.000000 -0.000000 0.202982
27  2.098153 0.045612 1.805212  -0.173860 -0.359781 0.278294
28  0.914511 -0.000002 -0.000002  -0.000000 0.272063 0.191981
29  0.914504 -0.000002 0.000004  0.000000 0.272063 0.191981
30  0.000001 0.001560 1.908401  -0.413817 -1.096260 -2.686203
31  3.867485 -0.000001 -0.000003  0.296599 0.918780 -0.154502
32  14.390594 0.000006 0.000000  -0.000004 -0.000002 -0.525472
33  11.595310 -0.000001 0.000000  -1.563778 0.025402 -0.012867
34  4.415187 -0.060747 1.931049  -0.355475 -0.038079 0.164708
35  0.923131 0.000004 0.000002  -0.000000 -0.000000 0.267386
36  0.923139 -0.000004 -0.000001  -0.000000 0.000000 0.267386
37  4.449309 -0.067620 0.950379  -0.222583 -0.044806 0.264090
38  1.128468 -0.000000 -0.000001  -0.000000 -0.000000 0.267386
39  1.128470 0.000003 -0.000001  -0.000000 0.000000 0.267386
40  4.416824 -0.015213 -0.200558  -0.033424 -0.024570 0.266829
41  1.364873 -0.000001 0.000002  -0.000000 -0.000000 0.267386
42  1.364860 -0.000006 0.000000  -0.000000 -0.000000 0.267386
43  4.451067 -0.068768 -1.121660  0.292806 0.069077 0.230929
44  1.107773 -0.000001 0.000000  -0.000000 -0.000000 0.267386
45  1.107766 -0.000001 -0.000001  -0.000000 -0.000000 0.267386
46  2.098147 0.045618 -1.805210  0.175220 0.385492 0.209422
47  0.914519 0.000001 -0.000001  -0.000000 -0.261043 0.296702
48  0.914508 -0.000002 -0.000006  -0.000000 -0.505713 0.296702
49  1.969139 -0.000009 0.000000  0.037727 -0.008032 0.371437
50  -3.968637 0.006723 3.450990  -0.077704 -3.090909 -0.544671
51  17.254904 0.000000 -0.000002  0.000209 -0.000279 -0.674155
52  17.254898 0.000002 0.000000  -0.148619 -0.001368 0.111625
53  3.968630 5.003933 0.000000  0.000000 0.000000 1.570800
time 6
0  1.242215 10.519487 35.718773  0.000000 -0.019990 -1.680985
1  -0.000001 -0.000000 -0.000007  -0.000157 -1.570450 -1.570770
2  3.968638 -0.003571 0.000006  -0.000004 -0.000001 0.005051
3  -3.968634 0.006742 -3.450989  0.125972 -3.128650 -0.453984
4  17.254902 -0.000000 0.000000  -0.000009 0.000054 -0.147648
5  17.254898 -0.000001 0.000000  0.002162 -0.067451 -0.340421
6  3.968630 5.003930 -0.000000  0.000000 0.000000 1.570800
7  4.486279 -0.003570 0.000000  0.039725 -0.014148 0.130214
8  4.486294 -0.003573 -0.000000  0.038861 0.005163 0.168471
9  4.486270 -0.003575 0.000000  -0.020666 0.007820 0.131219
10  4.486219 -0.001566 0.000000  0.000000 -0.000000 -0.038025
11  0.000007 0.001570 -1.908400  0.481526 1.261871 -2.558829
12  3.867495 0.000009 0.000008  -0.124947 -1.032306 -0.374174
13  14.390605 0.000000 0.000000  0.000007 0.000003 -0.400259
14  11.595308 0.000005 -0.000002  1.576714 -0.089361 -0.074618
15  4.415184 -0.060755 -1.931051  0.387042 0.125154 0.189331
16  0.923137 -0.000001 -0.000005  0.000000 0.000000 0.202982
17  0.923132 0.000003 0.000001  0.000000 0.000000 0.202982
18  4.449305 -0.067620 -0.950377  0.113407 0.000665 0.191913
19  1.128474 0.000005 0.000001  0.000000 -0.000000 0.202982
20  1.128466 -0.000000 0.000001  0.000000 -0.000000 0.202982
21  4.416828 -0.015213 0.200559  0.053022 -0.021338 0.200234
22  1.364873 -0.000001 0.000002  0.000000 0.000000 0.202982
23  1.364867 -0.000001 -0.000001  0.000000 -0.000000 0.202982
24  4.451065 -0.068765 1.121660  -0.251518 -0.180901 0.213109
25  1.107776 0.000003 -0.000003  -0.000000 -0.000000 0.202982
26  1.107769 -0.000005 0.000003  0.000000 0.000000 0.202982
27  2.098145 0.045612 1.805208  -0.173860 -0.359781 0.278294
28  0.914506 -0.000002 -0.000001  -0.000000 0.272063 0.191981
29  0.914507 0.000000 0.000003  0.000000 0.272063 0.191981
30  -0.000004 0.001561 1.908400  -0.413817 -1.096260 -2.686203
31  3.867494 0.000002 -0.000010  0.293037 0.918635 -0.162111
32  14.390610 -0.000003 0.000001  -0.000004 -0.000002 -0.522066
33  11.595297 -0.000000 0.000001  -1.560069 0.022650 -0.017228
34  4.415187 -0.060745 1.931050  -0.355475 -0.038079 0.164708
35  0.923135 0.000004 0.000000  -0.000000 -0.000000 0.267386
36  0.923141 -0.000004 -0.000004  -0.000000 0.000000 0.267386
37  4.449311 -0.067622 0.950374  -0.222583 -0.044806 0.264090
38  1.128468 0.000001 0.000000  -0.000000 -0.000000 0.267386
39  1.128469 0.000004 0.000001  -0.000000 0.000000 0.267386
40  4.416824 -0.015213 -0.200559  -0.033424 -0.024570 0.266829
41  1.364871 -0.000003 -0.000001  -0.000000 -0.000000 0.267386
42  1.364861 -0.000007 0.000003  -0.000000 -0.000000 0.267386
43  4.451065 -0.068769 -1.121661  0.292806 0.069077 0.230929
44  1.107773 0.000001 -0.000000  -0.000000 -0.000000 0.267386
45  1.107775 0.000001 0.000001  -0.000000 -0.000000 0.267386
46  2.098148 0.045617 -1.805210  0.175220 0.385492 0.209422
47  0.914511 0.000002 0.000001  -0.000000 -0.261043 0.296702
48  0.914508 -0.000003 -0.000004  -0.000000 -0.505713 0.296702
49  1.969146 -0.000006 -0.000000  0.037727 -0.008032 0.371437
50  -3.968640 0.006722 3.450990  -0.077676 -3.090918 -0.545956
51  17.254894 0.000002 -0.000000  0.000209 -0.000279 -0.674181
52  17.254898 0.000001 0.000000  -0.148647 -0.001361 0.111505
53  3.968630 5.003931 -0.000001  0.000000 0.000000 1.570800
time 7
0  1.242215 10.519487 35.718773  0.000000 -0.019990 -1.680985
1  -0.000001 -0.000000 -0.000007  -0.000157 -1.570450 -1.570770
2  3.968638 -0.003571 0.000006  -0.000004 -0.000001 0.006265
3  -3.968636 0.006742 -3.450991  0.126025 -3.128567 -0.454631
4  17.254908 0.000000 -0.000000  -0.000009 0.000054 -0.146241
5  17.254902 -0.000001 0.000000  0.002113 -0.067488 -0.341250
6  3.968631 5.003930 -0.000000  0.000000 0.000000 1.570800
7  4.486280 -0.003572 -0.000000  0.039725 -0.014148 0.130214
8  4.486291 -0.003573 -0.000000  0.038868 0.005108 0.169903
9  4.486277 -0.003568 0.000000  -0.020666 0.007820 0.131219
10  4.486217 -0.001570 0.000000  0.000000 -0.000000 -0.036424
11  -0.000001 0.001574 -1.908398  0.481526 1.261871 -2.558829
12  3.867492 -0.000004 -0.000010  -0.114359 -1.032103 -0.385816
13  14.390609 -0.000006 -0.000001  0.000007 0.000003 -0.393950
14  11.595303 0.000000 -0.000001  1.576891 -0.088670 -0.078886
15  4.415197 -0.060756 -1.931046  0.387042 0.125154 0.189331
16  0.923142 -0.000003 -0.000004  0.000000 0.000000 0.202982
17  0.923146 0.000003 -0.000001  0.000000 0.000000 0.202982
18  4.449306 -0.067621 -0.950373  0.113407 0.000665 0.191913
19  1.128473 0.000006 0.000002  0.000000 -0.000000 0.202982
20  1.128466 -0.000000 -0.000002  0.000000 -0.000000 0.202982
21  4.416834 -0.015213 0.200560  0.053022 -0.021338 0.200234
22  1.364865 0.000001 0.000000  0.000000 0.000000 0.202982
23  1.364869 0.000000 0.000000  0.000000 -0.000000 0.202982
24  4.451065 -0.068766 1.121660  -0.251518 -0.180901 0.213109
25  1.107779 0.000005 -0.000002  0.000000 -0.000000 0.202982
26  1.107767 -0.000003 0.000000  -0.000000 -0.000000 0.202982
27  2.098147 0.045613 1.805211  -0.173859 -0.359781 0.278294
28  0.914506 -0.000003 -0.000000  -0.000000 0.272063 0.191981
29  0.914507 0.000000 0.000001  0.000000 0.272063 0.191981
30  -0.000002 0.001564 1.908399  -0.413817 -1.096260 -2.686203
31  3.867486 -0.000000 -0.000002  0.289519 0.918382 -0.169825
32  14.390610 0.000002 0.000002  -0.000005 -0.000002 -0.518959
33  11.595310 -0.000002 -0.000002  -1.556134 0.019663 -0.021641
34  4.415189 -0.060749 1.931047  -0.355475 -0.038079 0.164708
35  0.923135 0.000002 0.000002  -0.000000 -0.000000 0.267386
36  0.923140 -0.000003 -0.000001  -0.000000 0.000000 0.267386
37  4.449314 -0.067622 0.950375  -0.222583 -0.044806 0.264090
38  1.128466 -0.000000 0.000000  -0.000000 -0.000000 0.267386
39  1.128475 0.000002 0.000002  -0.000000 0.000000 0.267386
40  4.416825 -0.015217 -0.200558  -0.033424 -0.024570 0.266829
41  1.364872 -0.000004 0.000002  -0.000000 -0.000000 0.267386
42  1.364857 -0.000004 -0.000001  -0.000000 -0.000000 0.267386
43  4.451067 -0.068769 -1.121662  0.292806 0.069077 0.230929
44  1.107773 -0.000000 0.000001  -0.000000 -0.000000 0.267386
45  1.107774 -0.000001 -0.000002  -0.000000 -0.000000 0.267386
46  2.098147 0.045616 -1.805212  0.175220 0.385492 0.209422
47  0.914514 0.000001 0.000001  -0.000000 -0.261043 0.296702
48  0.914509 -0.000002 -0.000004  -0.000000 -0.505713 0.296702
49  1.969144 -0.000000 -0.000000  0.037727 -0.008032 0.371437
50  -3.968627 0.006724 3.450991  -0.077651 -3.090936 -0.547227
51  17.254904 -0.000005 0.000000  0.000209 -0.000279 -0.674002
52  17.254896 -0.000002 -0.000001  -0.148678 -0.001354 0.111271
53  3.968630 5.003932 -0.000000  0.000000 0.000000 1.570800
time 8
0  1.242215 10.519487 35.718773  0.000000 -0.019990 -1.680985
1  -0.000001 -0.000000 -0.000007  -0.000157 -1.570450 -1.570770
2  3.968638 -0.003571 0.000006  -0.000004 -0.000001 0.007519
3  -3.968639 0.006740 -3.450990  0.126080 -3.128481 -0.455287
4  17.254898 0.000002 -0.000000  -0.000009 0.000054 -0.144766
5  17.254904 -0.000002 0.000000  0.002063 -0.067527 -0.342117
6  3.968630 5.003930 -0.000000  0.000000 0.000000 1.570800
7  4.486288 -0.003572 -0.000000  0.039725 -0.014148 0.130214
8  4.486288 -0.003572 -0.000000  0.038876 0.005051 0.171362
9  4.486275 -0.003573 -0.000000  -0.020666 0.007820 0.131219
10  4.486216 -0.001563 0.000000  -0.000000 -0.000000 -0.034771
11  -0.000000 0.001574 -1.908400  0.481526 1.261871 -2.558829
12  3.867498 -0.000002 -0.000005  -0.104737 -1.031716 -0.396325
13  14.390602 -0.000001 0.000000  0.000007 0.000003 -0.388960
14  11.595297 0.000003 -0.000003  1.577091 -0.087987 -0.082528
15  4.415197 -0.060756 -1.931049  0.387042 0.125154 0.189331
16  0.923136 -0.000002 -0.000002  0.000000 0.000000 0.202982
17  0.923141 0.000002 0.000003  0.000000 0.000000 0.202982
18  4.449311 -0.067622 -0.950372  0.113407 0.000665 0.191913
19  1.128475 0.000007 -0.000001  0.000000 -0.000000 0.202982
20  1.128469 -0.000000 -0.000000  0.000000 -0.000000 0.202982
21  4.416834 -0.015216 0.200560  0.053022 -0.021338 0.200234
22  1.364866 -0.000001 0.000002  0.000000 0.000000 0.202982
23  1.364867 -0.000002 0.000000  0.000000 -0.000000 0.202982
24  4.451072 -0.068768 1.121661  -0.251518 -0.180901 0.213109
25  1.107775 0.000004 -0.000001  0.000000 -0.000000 0.202982
26  1.107769 -0.000005 0.000000  0.000000 -0.000000 0.202982
27  2.098154 0.045610 1.805210  -0.173860 -0.359781 0.278294
28  0.914511 -0.000003 -0.000002  -0.000000 0.272063 0.191981
29  0.914505 -0.000000 0.000003  0.000000 0.272063 0.191981
30  -0.000004 0.001566 1.908400  -0.413817 -1.096260 -2.686203
31  3.867490 0.000004 0.000002  0.286098 0.918046 -0.177452
32  14.390610 -0.000004 0.000000  -0.000005 -0.000002 -0.516156
33  11.595305 -0.000001 -0.000000  -1.552113 0.016519 -0.026028
34  4.415187 -0.060746 1.931052  -0.355476 -0.038079 0.164708
35  0.923130 0.000003 0.000000  -0.000000 -0.000000 0.267386
36  0.923141 -0.000004 -0.000002  -0.000000 0.000000 0.267386
37  4.449309 -0.067621 0.950374  -0.222583 -0.044806 0.264090
38  1.128469 -0.000001 0.000002  -0.000000 -0.000000 0.267386
39  1.128472 0.000002 0.000002  -0.000000 0.000000 0.267386
40  4.416825 -0.015214 -0.200560  -0.033424 -0.024570 0.266829
41  1.364878 -0.000002 -0.000000  -0.000000 -0.000000 0.267386
42  1.364862 -0.000005 -0.000000  -0.000000 -0.000000 0.267386
43  4.451065 -0.068770 -1.121662  0.292806 0.069077 0.230929
44  1.107777 0.000002 0.000002  -0.000000 -0.000000 0.267386
45  1.107765 0.000000 -0.000001  -0.000000 -0.000000 0.267386
46  2.098144 0.045617 -1.805210  0.175220 0.385492 0.209422
47  0.914518 0.000001 -0.000000  -0.000000 -0.261043 0.296702
48  0.914507 -0.000002 -0.000003  -0.000000 -0.505713 0.296702
49  1.969152 -0.000001 0.000000  0.037727 -0.008032 0.371437
50  -3.968626 0.006720 3.450989  -0.077626 -3.090955 -0.548533
51  17.254902 -0.000002 -0.000002  0.000209 -0.000279 -0.673804
52  17.254896 -0.000001 -0.000001  -0.148709 -0.001347 0.111024
53  3.968630 5.003932 0.000001  0.000000 0.000000 1.570800
time 9
0  1.242215 10.519487 35.718773  0.000000 -0.019990 -1.680985
1  -0.000001 -0.000000 -0.000007  -0.000157 -1.570450 -1.570770
2  3.968638 -0.003571 0.000006  -0.000004 -0.000001 0.008774
3  -3.968628 0.006741 -3.450989  0.126134 -3.128393 -0.455936
4  17.254904 0.000002 0.000001  -0.000009 0.000054 -0.143277
5  17.254896 -0.000000 -0.000000  0.002013 -0.067566 -0.342991
6  3.968631 5.003931 -0.000000  0.000000 0.000000 1.570800
7  4.486290 -0.003573 0.000000  0.039725 -0.014148 0.130214
8  4.486290 -0.003569 0.000000  0.038883 0.004995 0.172794
9  4.486277 -0.003574 -0.000000  -0.020666 0.007820 0.131219
10  4.486212 -0.001566 0.000000  0.000000 -0.000000 -0.033118
11  -0.000007 0.001576 -1.908399  0.481526 1.261871 -2.558829
12  3.867493 -0.000004 -0.000004  -0.096149 -1.031198 -0.405642
13  14.390596 -0.000001 0.000000  0.000007 0.000003 -0.385153
14  11.595310 -0.000002 -0.000002  1.577304 -0.087327 -0.085574
15  4.415192 -0.060755 -1.931050  0.387042 0.125154 0.189331
16  0.923139 -0.000002 -0.000001  0.000000 0.000000 0.202982
17  0.923142 0.000002 0.000002  0.000000 0.000000 0.202982
18  4.449310 -0.067620 -0.950376  0.113407 0.000665 0.191913
19  1.128473 0.000007 0.000002  0.000000 0.000000 0.202982
20  1.128469 -0.000002 0.000000  0.000000 -0.000000 0.202982
21  4.416834 -0.015213 0.200558  0.053022 -0.021338 0.200234
22  1.364868 0.000002 0.000003  0.000000 0.000000 0.202982
23  1.364870 0.000001 0.000000  0.000000 -0.000000 0.202982
24  4.451066 -0.068766 1.121658  -0.251518 -0.180901 0.213109
25  1.107776 0.000005 -0.000002  -0.000000 -0.000000 0.202982
26  1.107769 -0.000004 0.000000  0.000000 -0.000000 0.202982
27  2.098149 0.045609 1.805209  -0.173860 -0.359781 0.278294
28  0.914501 -0.000003 -0.000000  -0.000000 0.272063 0.191981
29  0.914505 -0.000000 0.000002  0.000000 0.272063 0.191981
30  -0.000013 0.001564 1.908398  -0.413817 -1.096260 -2.686203
31  3.867487 0.000003 -0.000003  0.282819 0.917655 -0.184818
32  14.390601 0.000001 0.000002  -0.000005 -0.000002 -0.513645
33  11.595306 0.000001 -0.000001  -1.548149 0.013301 -0.030325
34  4.415196 -0.060748 1.931048  -0.355475 -0.038079 0.164708
35  0.923139 0.000005 0.000002  -0.000000 -0.000000 0.267386
36  0.923138 -0.000002 -0.000002  -0.000000 0.000000 0.267386
37  4.449316 -0.067623 0.950375  -0.222583 -0.044806 0.264090
38  1.128465 0.000001 -0.000001  -0.000000 -0.000000 0.267386
39  1.128475 0.000002 0.000000  -0.000000 0.000000 0.267386
40  4.416829 -0.015218 -0.200559  -0.033424 -0.024570 0.266829
41  1.364872 -0.000002 0.000001  -0.000000 -0.000000 0.267386
42  1.364858 -0.000005 -0.000001  -0.000000 -0.000000 0.267386
43  4.451068 -0.068770 -1.121660  0.292806 0.069077 0.230929
44  1.107775 0.000002 0.000002  -0.000000 -0.000000 0.267386
45  1.107766 -0.000003 -0.000002  -0.000000 -0.000000 0.267386
46  2.098150 0.045616 -1.805209  0.175220 0.385492 0.209422
47  0.914518 0.000002 0.000003  -0.000000 -0.261043 0.296702
48  0.914508 -0.000001 -0.000001  -0.000000 -0.505713 0.296702
49  1.969135 0.000000 0.000000  0.037727 -0.008032 0.371437
50  -3.968631 0.006723 3.450990  -0.077601 -3.090974 -0.549835
51  17.254902 0.000006 0.000000  0.000209 -0.000279 -0.673600
52  17.254894 0.000000 0.000000  -0.148740 -0.001340 0.110773
53  3.968631 5.003932 0.000000  0.000000 0.000000 1.570800
time 10
0  1.242215 10.519487 35.718773  0.000000 -0.019990 -1.680985
1  -0.000001 -0.000000 -0.000007  -0.000157 -1.570450 -1.570770
2  3.968638 -0.003571 0.000006  -0.000004 -0.000001 0.009988
3  -3.968625 0.006741 -3.450990  0.126187 -3.128306 -0.456552
4  17.254904 -0.000001 0.000000  -0.000009 0.000054 -0.141810
5  17.254902 0.000001 -0.000000  0.001965 -0.067604 -0.343850
6  3.968630 5.003931 -0.000000  0.000000 0.000000 1.570800
7  4.486292 -0.003573 -0.000000  0.039725 -0.014148 0.130214
8  4.486290 -0.003573 -0.000000  0.038890 0.004942 0.174149
9  4.486271 -0.003570 0.000000  -0.020666 0.007820 0.131219
10  4.486207 -0.001563 0.000000  0.000000 -0.000000 -0.031517
11  -0.000002 0.001576 -1.908399  0.481526 1.261871 -2.558829
12  3.867491 0.000004 -0.000001  -0.088657 -1.030602 -0.413718
13  14.390600 -0.000001 -0.000000  0.000007 0.000003 -0.382390
14  11.595304 0.000001 -0.000002  1.577518 -0.086707 -0.088054
15  4.415190 -0.060753 -1.931051  0.387042 0.125154 0.189331
16  0.923142 -0.000004 -0.000004  0.000000 0.000000 0.202982
17  0.923138 0.000001 0.000001  0.000000 0.000000 0.202982
18  4.449307 -0.067619 -0.950375  0.113407 0.000665 0.191913
19  1.128469 0.000008 0.000004  0.000000 -0.000000 0.202982
20  1.128466 -0.000000 0.000001  0.000000 -0.000000 0.202982
21  4.416833 -0.015213 0.200559  0.053022 -0.021338 0.200234
22  1.364868 -0.000001 0.000001  0.000000 0.000000 0.202982
23  1.364871 0.000000 -0.000001  0.000000 -0.000000 0.202982
24  4.451065 -0.068766 1.121660  -0.251518 -0.180901 0.213109
25  1.107772 0.000004 -0.000001  0.000000 -0.000000 0.202982
26  1.107769 -0.000006 0.000002  -0.000000 -0.000000 0.202982
27  2.098147 0.045612 1.805208  -0.173860 -0.359781 0.278294
28  0.914506 -0.000002 -0.000000  -0.000000 0.272063 0.191981
29  0.914510 -0.000000 0.000004  0.000000 0.272063 0.191981
30  -0.000015 0.001566 1.908399  -0.413817 -1.096260 -2.686203
31  3.867492 -0.000002 -0.000004  0.279730 0.917238 -0.191734
32  14.390610 -0.000004 0.000004  -0.000005 -0.000002 -0.511429
33  11.595311 -0.000000 0.000001  -1.544381 0.010094 -0.034456
34  4.415188 -0.060746 1.931051  -0.355475 -0.038079 0.164708
35  0.923136 0.000004 0.000002  -0.000000 -0.000000 0.267386
36  0.923138 -0.000003 -0.000003  -0.000000 0.000000 0.267386
37  4.449310 -0.067622 0.950377  -0.222583 -0.044806 0.264090
38  1.128473 -0.000001 0.000002  -0.000000 -0.000000 0.267386
39  1.128471 0.000004 0.000001  -0.000000 0.000000 0.267386
40  4.416824 -0.015216 -0.200559  -0.033424 -0.024570 0.266829
41  1.364874 -0.000004 -0.000001  -0.000000 -0.000000 0.267386
42  1.364859 -0.000003 -0.000000  -0.000000 -0.000000 0.267386
43  4.451061 -0.068769 -1.121659  0.292806 0.069077 0.230929
44  1.107777 0.000002 0.000001  -0.000000 -0.000000 0.267386
45  1.107768 -0.000000 -0.000003  -0.000000 -0.000000 0.267386
46  2.098145 0.045618 -1.805208  0.175220 0.385492 0.209422
47  0.914522 0.000002 -0.000000  -0.000000 -0.261043 0.296702
48  0.914508 -0.000001 -0.000003  -0.000000 -0.505713 0.296702
49  1.969135 0.000000 0.000000  0.037727 -0.008032 0.371437
50  -3.968627 0.006721 3.450989  -0.077577 -3.090992 -0.551096
51  17.254902 -0.000006 -0.000000  0.000208 -0.000279 -0.673400
52  17.254898 0.000001 -0.000001  -0.148770 -0.001333 0.110529
53  3.968630 5.003932 -0.000000  0.000000 0.000000 1.570800
time 11
0  1.242215 10.519487 35.718773  0.000000 -0.019990 -1.680985
1  -0.000001 -0.000000 -0.000007  -0.000157 -1.570450 -1.570770
2  3.968638 -0.003571 0.000006  -0.000004 -0.000001 0.011124
3  -3.968637 0.006742 -3.450989  0.126236 -3.128224 -0.457124
4  17.254910 0.000000 0.000000  -0.000008 0.000055 -0.140429
5  17.254900 -0.000001 0.000000  0.001919 -0.067639 -0.344659
6  3.968630 5.003931 -0.000000  0.000000 0.000000 1.570800
7  4.486285 -0.003570 -0.000000  0.039725 -0.014148 0.130214
8  4.486290 -0.003573 -0.000000  0.038896 0.004895 0.175373
9  4.486285 -0.003572 0.000000  -0.020666 0.007820 0.131219
10  4.486221 -0.001571 0.000000  0.000000 -0.000000 -0.030020
11  -0.000005 0.001577 -1.908400  0.481526 1.261871 -2.558829
12  3.867493 0.000004 -0.000005  -0.082298 -1.029980 -0.420528
13  14.390598 -0.000002 0.000001  0.000007 0.000003 -0.380503
14  11.595303 0.000000 -0.000002  1.577725 -0.086143 -0.090011
15  4.415192 -0.060754 -1.931048  0.387042 0.125154 0.189331
16  0.923137 -0.000002 -0.000002  0.000000 0.000000 0.202982
17  0.923142 0.000004 0.000000  0.000000 0.000000 0.202982
18  4.449314 -0.067620 -0.950375  0.113407 0.000665 0.191913
19  1.128475 0.000007 0.000002  0.000000 -0.000000 0.202982
20  1.128469 -0.000001 0.000000  0.000000 -0.000000 0.202982
21  4.416832 -0.015213 0.200559  0.053022 -0.021338 0.200234
22  1.364871 -0.000000 0.000000  0.000000 0.000000 0.202982
23  1.364866 0.000001 -0.000001  0.000000 -0.000000 0.202982
24  4.451069 -0.068766 1.121661  -0.251518 -0.180901 0.213109
25  1.107780 0.000002 -0.000001  0.000000 -0.000000 0.202982
26  1.107769 -0.000006 0.000000  -0.000000 -0.000000 0.202982
27  2.098152 0.045611 1.805211  -0.173860 -0.359781 0.278294
28  0.914510 -0.000003 -0.000002  -0.000000 0.272063 0.191981
29  0.914508 0.000000 0.000004  0.000000 0.272063 0.191981
30  -0.000007 0.001565 1.908399  -0.413817 -1.096260 -2.686203
31  3.867490 -0.000004 -0.000000  0.276865 0.916825 -0.198029
32  14.390608 0.000002 0.000001  -0.000005 -0.000002 -0.509516
33  11.595295 0.000002 -0.000001  -1.540950 0.006989 -0.038341
34  4.415191 -0.060748 1.931051  -0.355475 -0.038080 0.164708
35  0.923137 0.000004 0.000002  -0.000000 -0.000000 0.267386
36  0.923141 -0.000005 -0.000001  -0.000000 0.000000 0.267386
37  4.449312 -0.067621 0.950376  -0.222583 -0.044806 0.264090
38  1.128467 0.000000 -0.000000  -0.000000 -0.000000 0.267386
39  1.128474 0.000005 0.000001  -0.000000 0.000000 0.267386
40  4.416825 -0.015216 -0.200557  -0.033424 -0.024570 0.266829
41  1.364874 -0.000003 -0.000002  -0.000000 -0.000000 0.267386
42  1.364858 -0.000002 -0.000000  -0.000000 -0.000000 0.267386
43  4.451070 -0.068770 -1.121661  0.292806 0.069077 0.230929
44  1.107772 0.000002 0.000000  -0.000000 -0.000000 0.267386
45  1.107764 -0.000002 0.000000  -0.000000 -0.000000 0.267386
46  2.098154 0.045618 -1.805207  0.175220 0.385492 0.209422
47  0.914520 0.000001 0.000002  -0.000000 -0.261043 0.296702
48  0.914510 -0.000003 -0.000004  -0.000000 -0.505713 0.296702
49  1.969136 0.000006 -0.000000  0.037727 -0.008032 0.371437
50  -3.968632 0.006724 3.450989  -0.077555 -3.091010 -0.552274
51  17.254906 -0.000002 -0.000001  0.000208 -0.000279 -0.673214
52  17.254896 0.000001 -0.000001  -0.148799 -0.001326 0.110301
53  3.968631 5.003933 0.000000  0.000000 0.000000 1.570800
time 12
0  1.242215 10.519487 35.718773  0.000000 -0.019990 -1.680985
1  -0.000001 -0.000000 -0.000007  -0.000157 -1.570450 -1.570770
2  3.968638 -0.003571 0.000006  -0.000004 -0.000001 0.012142
3  -3.968631 0.006741 -3.450990  0.126280 -3.128149 -0.457621
4  17.254894 0.000002 0.000000  -0.000008 0.000055 -0.139161
5  17.254902 0.000000 -0.000000  0.001879 -0.067671 -0.345398
6  3.968630 5.003931 -0.000001  0.000000 0.000000 1.570800
7  4.486278 -0.003571 0.000000  0.039725 -0.014148 0.130214
8  4.486300 -0.003570 0.000000  0.038901 0.004854 0.176416
9  4.486276 -0.003569 0.000000  -0.020666 0.007820 0.131219
10  4.486215 -0.001566 0.000000  -0.000000 -0.000000 -0.028679
11  -0.000003 0.001573 -1.908398  0.481526 1.261871 -2.558829
12  3.867497 0.000001 0.000001  -0.077108 -1.029382 -0.426052
13  14.390603 0.000001 0.000000  0.000007 0.000003 -0.379329
14  11.595300 0.000003 -0.000002  1.577912 -0.085654 -0.091492
15  4.415194 -0.060755 -1.931052  0.387042 0.125154 0.189331
16  0.923138 -0.000001 -0.000003  0.000000 0.000000 0.202982
17  0.923140 0.000002 -0.000001  0.000000 0.000000 0.202983
18  4.449313 -0.067620 -0.950376  0.113407 0.000665 0.191913
19  1.128472 0.000006 0.000000  0.000000 0.000000 0.202982
20  1.128469 -0.000001 -0.000002  0.000000 -0.000000 0.202982
21  4.416835 -0.015214 0.200558  0.053022 -0.021338 0.200234
22  1.364865 0.000000 0.000000  0.000000 0.000000 0.202982
23  1.364870 0.000001 -0.000001  0.000000 -0.000000 0.202982
24  4.451067 -0.068766 1.121658  -0.251518 -0.180901 0.213109
25  1.107775 0.000003 -0.000000  -0.000000 -0.000000 0.202982
26  1.107772 -0.000004 0.000000  0.000000 -0.000000 0.202982
27  2.098152 0.045611 1.805208  -0.173860 -0.359781 0.278294
28  0.914508 -0.000002 -0.000000  0.000000 0.272063 0.191981
29  0.914510 -0.000000 0.000002  0.000000 0.272063 0.191981
30  -0.000012 0.001564 1.908398  -0.413817 -1.096260 -2.686203
31  3.867487 -0.000003 -0.000010  0.274250 0.916450 -0.203539
32  14.390600 -0.000002 0.000002  -0.000005 -0.000002 -0.507901
33  11.595303 0.000003 0.000001  -1.537998 0.004081 -0.041909
34  4.415192 -0.060745 1.931049  -0.355475 -0.038079 0.164708
35  0.923136 0.000003 0.000000  -0.000000 -0.000000 0.267386
36  0.923141 -0.000004 -0.000001  -0.000000 0.000000 0.267386
37  4.449318 -0.067621 0.950375  -0.222583 -0.044806 0.264090
38  1.128467 -0.000002 0.000000  -0.000000 -0.000000 0.267386
39  1.128471 0.000005 0.000001  -0.000000 0.000000 0.267386
40  4.416831 -0.015213 -0.200560  -0.033424 -0.024570 0.266829
41  1.364873 -0.000003 -0.000000  -0.000000 -0.000000 0.267386
42  1.364855 -0.000005 0.000002  -0.000000 -0.000000 0.267386
43  4.451064 -0.068770 -1.121661  0.292806 0.069077 0.230929
44  1.107768 0.000001 0.000001  -0.000000 -0.000000 0.267386
45  1.107768 -0.000001 -0.000000  -0.000000 -0.000000 0.267386
46  2.098153 0.045616 -1.805211  0.175220 0.385492 0.209422
47  0.914519 0.000001 -0.000001  -0.000000 -0.261043 0.296702
48  0.914507 -0.000003 -0.000002  -0.000000 -0.505713 0.296702
49  1.969139 0.000007 0.000000  0.037727 -0.008032 0.371437
50  -3.968637 0.006724 3.450990  -0.077534 -3.091026 -0.553329
51  17.254898 0.000004 -0.000002  0.000208 -0.000280 -0.673044
52  17.254896 0.000001 0.000001  -0.148824 -0.001320 0.110095
53  3.968631 5.003932 -0.000000  0.000000 0.000000 1.570800
time 13
0  1.242215 10.519487 35.718773  0.000000 -0.019990 -1.680985
1  -0.000001 -0.000000 -0.000007  -0.000157 -1.570450 -1.570770
2  3.968638 -0.003571 0.000006  -0.000004 -0.000001 0.013002
3  -3.968643 0.006742 -3.450990  0.126317 -3.128086 -0.458041
4  17.254902 0.000002 -0.000001  -0.000008 0.000055 -0.138090
5  17.254898 0.000001 -0.000000  0.001844 -0.067698 -0.346022
6  3.968630 5.003930 -0.000000  0.000000 0.000000 1.570800
7  4.486282 -0.003572 0.000000  0.039725 -0.014148 0.130214
8  4.486296 -0.003574 -0.000000  0.038906 0.004823 0.177226
9  4.486270 -0.003569 0.000000  -0.020666 0.007820 0.131219
10  4.486214 -0.001567 -0.000000  0.000000 -0.000000 -0.027545
11  -0.000005 0.001573 -1.908398  0.481526 1.261871 -2.558829
12  3.867493 0.000003 0.000008  -0.073108 -1.028859 -0.430282
13  14.390598 -0.000010 -0.000000  0.000007 0.000003 -0.378687
14  11.595304 -0.000000 0.000000  1.578070 -0.085255 -0.092547
15  4.415189 -0.060754 -1.931051  0.387042 0.125154 0.189331
16  0.923133 -0.000003 -0.000001  0.000000 0.000000 0.202982
17  0.923141 0.000002 0.000003  0.000000 0.000000 0.202982
18  4.449306 -0.067621 -0.950373  0.113407 0.000665 0.191913
19  1.128474 0.000007 0.000003  0.000000 -0.000000 0.202982
20  1.128471 -0.000001 -0.000002  0.000000 -0.000000 0.202982
21  4.416831 -0.015215 0.200559  0.053022 -0.021338 0.200234
22  1.364867 -0.000001 0.000002  0.000000 0.000000 0.202982
23  1.364871 -0.000001 -0.000000  0.000000 -0.000000 0.202982
24  4.451063 -0.068765 1.121661  -0.251518 -0.180901 0.213109
25  1.107772 0.000005 -0.000001  0.000000 -0.000000 0.202982
26  1.107770 -0.000008 0.000002  0.000000 -0.000000 0.202982
27  2.098144 0.045609 1.805207  -0.173860 -0.359781 0.278294
28  0.914507 -0.000004 0.000000  -0.000000 0.272063 0.191981
29  0.914510 0.000001 0.000004  -0.000000 0.272063 0.191981
30  -0.000004 0.001562 1.908400  -0.413817 -1.096260 -2.686203
31  3.867486 -0.000003 -0.000005  0.271937 0.916144 -0.208075
32  14.390598 0.000001 0.000001  -0.000005 -0.000002 -0.506592
33  11.595298 -0.000000 -0.000002  -1.535669 0.001460 -0.045088
34  4.415191 -0.060746 1.931048  -0.355475 -0.038079 0.164708
35  0.923132 0.000006 0.000002  -0.000000 -0.000000 0.267386
36  0.923142 -0.000004 -0.000001  -0.000000 0.000000 0.267386
37  4.449313 -0.067620 0.950375  -0.222583 -0.044806 0.264090
38  1.128469 0.000000 0.000000  -0.000000 -0.000000 0.267386
39  1.128472 0.000006 -0.000002  -0.000000 0.000000 0.267386
40  4.416827 -0.015213 -0.200559  -0.033424 -0.024570 0.266829
41  1.364876 -0.000003 0.000000  -0.000000 -0.000000 0.267386
42  1.364857 -0.000005 0.000001  -0.000000 -0.000000 0.267386
43  4.451064 -0.068769 -1.121662  0.292806 0.069077 0.230929
44  1.107771 0.000003 0.000003  -0.000000 -0.000000 0.267386
45  1.107770 -0.000002 -0.000001  -0.000000 -0.000000 0.267386
46  2.098153 0.045617 -1.805212  0.175220 0.385492 0.209422
47  0.914522 -0.000000 0.000003  -0.000000 -0.261043 0.296702
48  0.914507 -0.000002 -0.000005  -0.000000 -0.505713 0.296702
49  1.969141 0.000002 0.000000  0.037727 -0.008032 0.371437
50  -3.968642 0.006725 3.450991  -0.077517 -3.091039 -0.554221
51  17.254904 -0.000000 0.000000  0.000208 -0.000280 -0.672900
52  17.254900 -0.000001 -0.000001  -0.148845 -0.001315 0.109921
53  3.968630 5.003932 -0.000001  0.000000 0.000000 1.570800
time 14
0  1.242215 10.519487 35.718773  0.000000 -0.019990 -1.680985
1  -0.000001 -0.000000 -0.000007  -0.000157 -1.570450 -1.570770
2  3.968638 -0.003571 0.000006  -0.000004 -0.000001 0.013665
3  -3.968637 0.006740 -3.450990  0.126345 -3.128037 -0.458367
4  17.254910 0.000002 -0.000000  -0.000008 0.000055 -0.137267
5  17.254896 -0.000001 0.000000  0.001818 -0.067718 -0.346502
6  3.968630 5.003930 -0.000000  0.000000 0.000000 1.570800
7  4.486279 -0.003570 -0.000000  0.039725 -0.014148 0.130214
8  4.486297 -0.003572 -0.000000  0.038908 0.004802 0.177749
9  4.486272 -0.003570 0.000000  -0.020666 0.007820 0.131219
10  4.486218 -0.001563 -0.000000  0.000000 -0.000000 -0.026671
11  -0.000004 0.001572 -1.908398  0.481526 1.261871 -2.558829
12  3.867489 0.000003 0.000008  -0.070320 -1.028456 -0.433215
13  14.390604 -0.000002 0.000001  0.000007 0.000003 -0.378397
14  11.595292 -0.000003 0.000000  1.578188 -0.084964 -0.093230
15  4.415193 -0.060757 -1.931051  0.387042 0.125154 0.189331
16  0.923140 -0.000002 -0.000003  0.000000 0.000000 0.202982
17  0.923141 0.000002 0.000001  0.000000 0.000000 0.202982
18  4.449310 -0.067622 -0.950374  0.113407 0.000665 0.191913
19  1.128473 0.000007 -0.000001  0.000000 0.000000 0.202982
20  1.128465 -0.000000 -0.000001  0.000000 -0.000000 0.202982
21  4.416832 -0.015214 0.200560  0.053022 -0.021338 0.200234
22  1.364867 -0.000001 0.000000  0.000000 0.000000 0.202982
23  1.364868 0.000002 0.000000  0.000000 -0.000000 0.202982
24  4.451064 -0.068766 1.121659  -0.251518 -0.180901 0.213109
25  1.107774 0.000004 -0.000001  -0.000000 -0.000000 0.202982
26  1.107775 -0.000004 0.000002  -0.000000 -0.000000 0.202982
27  2.098153 0.045611 1.805210  -0.173860 -0.359781 0.278294
28  0.914510 -0.000002 -0.000004  -0.000000 0.272063 0.191981
29  0.914509 -0.000000 0.000003  -0.000000 0.272063 0.191981
30  -0.000012 0.001564 1.908400  -0.413817 -1.096260 -2.686203
31  3.867494 -0.000005 -0.000015  0.269957 0.915947 -0.211473
32  14.390607 0.000000 0.000000  -0.000005 -0.000002 -0.505562
33  11.595302 0.000001 -0.000002  -1.534109 -0.000783 -0.047833
34  4.415189 -0.060745 1.931051  -0.355475 -0.038079 0.164708
35  0.923138 0.000005 0.000003  -0.000000 -0.000000 0.267386
36  0.923139 -0.000004 0.000000  -0.000000 0.000000 0.267386
37  4.449307 -0.067621 0.950376  -0.222583 -0.044806 0.264090
38  1.128466 -0.000001 -0.000000  -0.000000 -0.000000 0.267386
39  1.128472 0.000003 0.000002  -0.000000 0.000000 0.267386
40  4.416826 -0.015214 -0.200559  -0.033424 -0.024570 0.266829
41  1.364876 -0.000004 0.000001  -0.000000 -0.000000 0.267386
42  1.364860 -0.000006 0.000003  -0.000000 -0.000000 0.267386
43  4.451066 -0.068769 -1.121660  0.292806 0.069077 0.230929
44  1.107774 0.000001 0.000001  -0.000000 -0.000000 0.267386
45  1.107766 -0.000002 -0.000002  -0.000000 -0.000000 0.267386
46  2.098147 0.045618 -1.805210  0.175220 0.385492 0.209422
47  0.914518 0.000002 0.000001  -0.000000 -0.261043 0.296702
48  0.914509 -0.000001 -0.000002  -0.000000 -0.505713 0.296702
49  1.969132 0.000002 0.000000  0.037727 -0.008032 0.371437
50  -3.968636 0.006723 3.450991  -0.077504 -3.091049 -0.554909
51  17.254904 0.000004 -0.000001  0.000208 -0.000280 -0.672792
52  17.254898 0.000002 -0.000000  -0.148862 -0.001311 0.109788
53  3.968630 5.003932 0.000000  0.000000 0.000000 1.570800
time 15
0  1.242215 10.519487 35.718773  0.000000 -0.019990 -1.680985
1  -0.000001 -0.000000 -0.000007  -0.000157 -1.570450 -1.570770
2  3.968638 -0.003571 0.000006  -0.000004 -0.000001 0.014092
3  -3.968626 0.006743 -3.450989  0.126363 -3.128005 -0.458570
4  17.254902 0.000001 -0.000000  -0.000008 0.000055 -0.136725
5  17.254896 -0.000001 -0.000000  0.001801 -0.067732 -0.346817
6  3.968630 5.003931 0.000000  0.000000 0.000000 1.570800
7  4.486284 -0.003572 0.000000  0.039725 -0.014148 0.130214
8  4.486291 -0.003571 0.000000  0.038909 0.004795 0.177935
9  4.486275 -0.003569 0.000000  -0.020666 0.007820 0.131219
10  4.486212 -0.001567 0.000000  0.000000 -0.000000 -0.026109
11  -0.000004 0.001573 -1.908399  0.481526 1.261871 -2.558829
12  3.867495 0.000004 -0.000007  -0.068765 -1.028218 -0.434848
13  14.390594 -0.000004 -0.000000  0.000007 0.000003 -0.378275
14  11.595304 -0.000002 0.000000  1.578256 -0.084798 -0.093594
15  4.415195 -0.060755 -1.931049  0.387042 0.125154 0.189331
16  0.923137 -0.000002 -0.000004  0.000000 0.000000 0.202982
17  0.923143 0.000001 0.000001  0.000000 0.000000 0.202982
18  4.449308 -0.067621 -0.950374  0.113407 0.000665 0.191913
19  1.128474 0.000007 0.000001  0.000000 0.000000 0.202982
20  1.128467 -0.000002 0.000000  0.000000 -0.000000 0.202982
21  4.416832 -0.015214 0.200558  0.053022 -0.021338 0.200234
22  1.364871 -0.000000 0.000001  0.000000 0.000000 0.202982
23  1.364870 -0.000001 0.000001  0.000000 -0.000000 0.202982
24  4.451067 -0.068767 1.121661  -0.251518 -0.180901 0.213109
25  1.107774 0.000004 -0.000002  0.000000 -0.000000 0.202982
26  1.107767 -0.000007 0.000001  -0.000000 -0.000000 0.202982
27  2.098150 0.045611 1.805209  -0.173860 -0.359781 0.278294
28  0.914505 -0.000001 -0.000000  0.000000 0.272063 0.191981
29  0.914511 -0.000002 0.000002  0.000000 0.272063 0.191981
30  -0.000007 0.001565 1.908400  -0.413817 -1.096260 -2.686203
31  3.867493 0.000004 -0.000012  0.268349 0.915896 -0.213559
32  14.390595 -0.000004 0.000003  -0.000005 -0.000002 -0.504799
33  11.595299 -0.000001 -0.000002  -1.533464 -0.002556 -0.050087
34  4.415194 -0.060746 1.931051  -0.355475 -0.038079 0.164708
35  0.923138 0.000004 0.000000  -0.000000 -0.000000 0.267386
36  0.923145 -0.000003 0.000001  -0.000000 0.000000 0.267386
37  4.449311 -0.067621 0.950376  -0.222583 -0.044806 0.264090
38  1.128461 0.000003 -0.000000  -0.000000 -0.000000 0.267386
39  1.128469 0.000004 0.000002  -0.000000 0.000000 0.267386
40  4.416830 -0.015214 -0.200558  -0.033424 -0.024570 0.266829
41  1.364874 -0.000004 0.000001  -0.000000 -0.000000 0.267386
42  1.364864 -0.000004 0.000001  -0.000000 -0.000000 0.267386
43  4.451069 -0.068768 -1.121660  0.292806 0.069077 0.230929
44  1.107774 0.000001 0.000000  -0.000000 -0.000000 0.267386
45  1.107768 -0.000002 -0.000001  -0.000000 -0.000000 0.267386
46  2.098151 0.045617 -1.805210  0.175220 0.385492 0.209422
47  0.914514 -0.000000 0.000001  -0.000000 -0.261043 0.296702
48  0.914509 -0.000001 -0.000004  -0.000000 -0.505713 0.296702
49  1.969137 -0.000003 0.000000  0.037727 -0.008032 0.371437
50  -3.968636 0.006723 3.450989  -0.077496 -3.091055 -0.555352
51  17.254892 0.000004 -0.000000  0.000208 -0.000280 -0.672722
52  17.254896 -0.000001 0.000001  -0.148872 -0.001309 0.109703
53  3.968630 5.003932 -0.000000  0.000000 0.000000 1.570800
time 16
0  1.242215 10.519487 35.718773  0.000000 -0.019990 -1.680985
1  -0.000001 -0.000000 -0.000007  -0.000157 -1.570450 -1.570770
2  3.968638 -0.003570 0.000006  -0.000004 -0.000001 0.014243
3  -3.968620 0.006741 -3.450990  0.126369 -3.127993 -0.458643
4  17.254900 -0.000001 -0.000000  -0.000008 0.000055 -0.136537
5  17.254898 0.000002 0.000000  0.001795 -0.067736 -0.346927
6  3.968631 5.003932 0.000000  0.000000 0.000000 1.570800
7  4.486296 -0.003573 -0.000000  0.039725 -0.014148 0.130214
8  4.486287 -0.003574 -0.000000  0.038908 0.004802 0.177749
9  4.486273 -0.003571 0.000000  -0.020666 0.007820 0.131219
10  4.486211 -0.001566 0.000000  0.000000 0.000000 -0.025910
11  -0.000002 0.001572 -1.908397  0.481526 1.261871 -2.558829
12  3.867496 0.000006 0.000002  -0.069532 -1.028113 -0.433930
13  14.390597 0.000000 0.000001  0.000007 0.000003 -0.379454
14  11.595294 0.000001 -0.000001  1.578281 -0.084792 -0.093040
15  4.415191 -0.060755 -1.931049  0.387042 0.125154 0.189331
16  0.923137 -0.000002 0.000000  0.000000 0.000000 0.202982
17  0.923138 -0.000000 0.000003  0.000000 0.000000 0.202982
18  4.449312 -0.067622 -0.950375  0.113407 0.000665 0.191913
19  1.128473 0.000006 0.000003  0.000000 -0.000000 0.202982
20  1.128465 -0.000001 0.000003  0.000000 -0.000000 0.202982
21  4.416835 -0.015214 0.200560  0.053022 -0.021338 0.200234
22  1.364865 0.000000 0.000002  0.000000 0.000000 0.202982
23  1.364872 -0.000001 -0.000003  0.000000 -0.000000 0.202982
24  4.451067 -0.068766 1.121660  -0.251518 -0.180901 0.213109
25  1.107773 0.000003 -0.000001  -0.000000 -0.000000 0.202982
26  1.107774 -0.000003 0.000004  0.000000 -0.000000 0.202982
27  2.098146 0.045610 1.805211  -0.173860 -0.359781 0.278294
28  0.914509 -0.000002 -0.000003  -0.000000 0.272063 0.191981
29  0.914509 0.000000 0.000004  0.000000 0.272063 0.191981
30  -0.000010 0.001563 1.908398  -0.413817 -1.096260 -2.686203
31  3.867487 -0.000006 -0.000004  0.267177 0.916013 -0.214178
32  14.390601 0.000004 0.000000  -0.000005 -0.000002 -0.504301
33  11.595304 -0.000002 -0.000001  -1.533832 -0.003783 -0.051793
34  4.415193 -0.060746 1.931056  -0.355475 -0.038080 0.164708
35  0.923133 0.000005 0.000002  -0.000000 -0.000000 0.267386
36  0.923139 -0.000005 -0.000003  -0.000000 0.000000 0.267386
37  4.449311 -0.067622 0.950378  -0.222583 -0.044806 0.264090
38  1.128471 0.000000 -0.000000  -0.000000 -0.000000 0.267386
39  1.128472 0.000003 -0.000000  -0.000000 0.000000 0.267386
40  4.416831 -0.015216 -0.200555  -0.033424 -0.024570 0.266829
41  1.364869 -0.000005 0.000001  -0.000000 -0.000000 0.267386
42  1.364854 -0.000003 -0.000001  -0.000000 -0.000000 0.267386
43  4.451071 -0.068767 -1.121657  0.292806 0.069077 0.230929
44  1.107773 0.000000 0.000001  -0.000000 -0.000000 0.267386
45  1.107768 -0.000002 0.000000  -0.000000 -0.000000 0.267386
46  2.098152 0.045617 -1.805209  0.175220 0.385492 0.209422
47  0.914517 -0.000000 0.000002  -0.000000 -0.261043 0.296702
48  0.914505 -0.000000 -0.000002  -0.000000 -0.505713 0.296702
49  1.969133 0.000000 0.000000  0.037727 -0.008032 0.371437
50  -3.968619 0.006723 3.450989  -0.077493 -3.091058 -0.555508
51  17.254896 0.000005 -0.000001  0.000208 -0.000280 -0.672696
52  17.254900 -0.000002 -0.000001  -0.148876 -0.001308 0.109672
53  3.968630 5.003932 0.000000  0.000000 0.000000 1.570800
time 17
0  1.242215 10.519487 35.718773  0.000000 -0.019990 -1.680985
1  -0.000001 -0.000000 -0.000007  -0.000157 -1.570450 -1.570770
2  3.968638 -0.003571 0.000006  -0.000004 -0.000001 0.014047
3  -3.968629 0.006741 -3.450990  0.126361 -3.128008 -0.458547
4  17.254908 -0.000004 -0.000001  -0.000008 0.000055 -0.136781
5  17.254898 0.000001 -0.000001  0.001802 -0.067730 -0.346785
6  3.968631 5.003930 0.000000  0.000000 0.000000 1.570800
7  4.486282 -0.003570 0.000000  0.039725 -0.014148 0.130214
8  4.486286 -0.003575 0.000000  0.038905 0.004823 0.177226
9  4.486282 -0.003571 0.000000  -0.020666 0.007820 0.131219
10  4.486220 -0.001570 0.000000  -0.000000 -0.000000 -0.026168
11  -0.000004 0.001572 -1.908399  0.481526 1.261871 -2.558829
12  3.867495 0.000000 0.000001  -0.073652 -1.028108 -0.429288
13  14.390607 -0.000007 -0.000000  0.000007 0.000003 -0.382980
14  11.595296 0.000007 -0.000003  1.578269 -0.084979 -0.091016
15  4.415184 -0.060755 -1.931050  0.387042 0.125154 0.189331
16  0.923139 -0.000002 -0.000002  0.000000 0.000000 0.202982
17  0.923139 0.000002 0.000000  0.000000 0.000000 0.202982
18  4.449307 -0.067618 -0.950376  0.113407 0.000665 0.191913
19  1.128473 0.000006 -0.000000  0.000000 -0.000000 0.202982
20  1.128469 -0.000002 0.000000  0.000000 -0.000000 0.202982
21  4.416827 -0.015212 0.200559  0.053022 -0.021338 0.200234
22  1.364873 -0.000000 -0.000001  0.000000 0.000000 0.202982
23  1.364862 0.000002 0.000000  0.000000 -0.000000 0.202982
24  4.451067 -0.068765 1.121660  -0.251518 -0.180901 0.213109
25  1.107777 0.000003 0.000000  0.000000 -0.000000 0.202982
26  1.107770 -0.000005 0.000003  0.000000 -0.000000 0.202982
27  2.098147 0.045612 1.805206  -0.173860 -0.359781 0.278294
28  0.914508 -0.000003 -0.000001  0.000000 0.272063 0.191981
29  0.914506 0.000002 0.000003  0.000000 0.272063 0.191981
30  -0.000012 0.001561 1.908399  -0.413817 -1.096260 -2.686203
31  3.867491 -0.000007 0.000007  0.266689 0.916278 -0.213152
32  14.390600 -0.000003 0.000000  -0.000005 -0.000002 -0.504105
33  11.595295 -0.000001 0.000002  -1.535118 -0.004448 -0.052868
34  4.415192 -0.060746 1.931048  -0.355475 -0.038079 0.164708
35  0.923135 0.000002 0.000000  -0.000000 -0.000000 0.267386
36  0.923138 -0.000007 -0.000001  -0.000000 0.000000 0.267386
37  4.449312 -0.067621 0.950376  -0.222583 -0.044806 0.264090
38  1.128468 0.000000 0.000000  -0.000000 -0.000000 0.267386
39  1.128470 0.000003 -0.000001  -0.000000 0.000000 0.267386
40  4.416833 -0.015212 -0.200560  -0.033424 -0.024570 0.266829
41  1.364873 -0.000004 0.000001  -0.000000 -0.000000 0.267386
42  1.364860 -0.000004 0.000001  -0.000000 -0.000000 0.267386
43  4.451072 -0.068769 -1.121663  0.292806 0.069077 0.230929
44  1.107774 0.000002 -0.000001  -0.000000 -0.000000 0.267386
45  1.107765 -0.000001 -0.000003  -0.000000 -0.000000 0.267386
46  2.098154 0.045616 -1.805211  0.175220 0.385492 0.209422
47  0.914514 0.000001 -0.000001  -0.000000 -0.261043 0.296702
48  0.914509 -0.000001 -0.000003  -0.000000 -0.505713 0.296702
49  1.969143 -0.000004 0.000000  0.037727 -0.008032 0.371437
50  -3.968627 0.006725 3.450990  -0.077497 -3.091055 -0.555305
51  17.254908 -0.000002 -0.000001  0.000208 -0.000280 -0.672729
52  17.254892 -0.000003 -0.000001  -0.148871 -0.001309 0.109711
53  3.968630 5.003932 0.000001  0.000000 0.000000 1.570800
time 18
0  1.242215 10.519487 35.718773  0.000000 -0.019990 -1.680985
1  -0.000001 -0.000000 -0.000007  -0.000157 -1.570450 -1.570770
2  3.968638 -0.003571 0.000006  -0.000004 -0.000001 0.013498
3  -3.968633 0.006741 -3.450990  0.126338 -3.128049 -0.458284
4  17.254908 0.000002 -0.000001  -0.000008 0.000055 -0.137473
5  17.254902 -0.000002 -0.000001  0.001824 -0.067713 -0.346382
6  3.968631 5.003931 -0.000000  0.000000 0.000000 1.570800
7  4.486284 -0.003572 -0.000000  0.039725 -0.014148 0.130214
8  4.486289 -0.003574 -0.000000  0.038901 0.004854 0.176416
9  4.486277 -0.003571 -0.000000  -0.020666 0.007820 0.131219
10  4.486212 -0.001566 -0.000000  0.000000 0.000000 -0.026891
11  0.000005 0.001575 -1.908399  0.481526 1.261871 -2.558829
12  3.867491 -0.000000 -0.000008  -0.080753 -1.028196 -0.421348
13  14.390612 -0.000016 0.000000  0.000007 0.000003 -0.388453
14  11.595295 -0.000003 -0.000001  1.578217 -0.085351 -0.087733
15  4.415197 -0.060753 -1.931050  0.387042 0.125154 0.189331
16  0.923139 -0.000002 -0.000001  0.000000 0.000000 0.202982
17  0.923138 0.000001 0.000002  0.000000 0.000000 0.202982
18  4.449315 -0.067620 -0.950376  0.113407 0.000665 0.191913
19  1.128472 0.000007 0.000001  0.000000 0.000000 0.202982
20  1.128467 0.000000 0.000001  0.000000 -0.000000 0.202982
21  4.416835 -0.015214 0.200560  0.053022 -0.021338 0.200234
22  1.364874 -0.000001 0.000001  0.000000 0.000000 0.202982
23  1.364866 0.000000 0.000001  0.000000 -0.000000 0.202982
24  4.451067 -0.068767 1.121661  -0.251518 -0.180901 0.213109
25  1.107774 0.000003 0.000000  0.000000 -0.000000 0.202982
26  1.107771 -0.000005 0.000001  0.000000 0.000000 0.202982
27  2.098152 0.045612 1.805210  -0.173860 -0.359781 0.278294
28  0.914507 -0.000002 -0.000003  -0.000000 0.272063 0.191981
29  0.914505 0.000000 0.000001  0.000000 0.272063 0.191981
30  -0.000009 0.001564 1.908398  -0.413817 -1.096260 -2.686203
31  3.867486 0.000001 -0.000005  0.266964 0.916663 -0.210537
32  14.390600 -0.000004 0.000002  -0.000005 -0.000002 -0.504208
33  11.595305 0.000004 -0.000002  -1.537184 -0.004565 -0.053289
34  4.415184 -0.060748 1.931051  -0.355475 -0.038079 0.164708
35  0.923138 0.000004 0.000001  -0.000000 -0.000000 0.267386
36  0.923143 -0.000004 -0.000004  -0.000000 0.000000 0.267386
37  4.449304 -0.067622 0.950373  -0.222583 -0.044806 0.264090
38  1.128465 0.000000 -0.000001  -0.000000 -0.000000 0.267386
39  1.128469 0.000004 0.000000  -0.000000 0.000000 0.267386
40  4.416828 -0.015215 -0.200557  -0.033424 -0.024570 0.266829
41  1.364873 -0.000003 0.000001  -0.000000 -0.000000 0.267386
42  1.364863 -0.000005 0.000001  -0.000000 -0.000000 0.267386
43  4.451066 -0.068769 -1.121660  0.292806 0.069077 0.230929
44  1.107772 -0.000001 0.000000  -0.000000 -0.000000 0.267386
45  1.107768 -0.000003 -0.000001  -0.000000 -0.000000 0.267386
46  2.098145 0.045615 -1.805208  0.175220 0.385492 0.209422
47  0.914516 0.000001 -0.000001  -0.000000 -0.261043 0.296702
48  0.914505 -0.000001 -0.000003  0.000000 -0.505713 0.296702
49  1.969144 -0.000002 0.000000  0.037727 -0.008032 0.371437
50  -3.968643 0.006723 3.450991  -0.077508 -3.091046 -0.554736
51  17.254902 0.000003 0.000001  0.000208 -0.000280 -0.672819
52  17.254898 0.000001 -0.000001  -0.148858 -0.001312 0.109822
53  3.968630 5.003932 0.000000  0.000000 0.000000 1.570800
time 19
0  1.242215 10.519487 35.718773  0.000000 -0.019990 -1.680985
1  -0.000001 -0.000000 -0.000007  -0.000157 -1.570450 -1.570770
2  3.968638 -0.003571 0.000006  -0.000004 -0.000001 0.012655
3  -3.968625 0.006741 -3.450990  0.126302 -3.128112 -0.457875
4  17.254906 0.000001 -0.000000  -0.000008 0.000055 -0.138529
5  17.254902 0.000001 -0.000000  0.001858 -0.067687 -0.345767
6  3.968631 5.003931 -0.000000  0.000000 0.000000 1.570800
7  4.486293 -0.003572 -0.000000  0.039725 -0.014148 0.130214
8  4.486293 -0.003575 -0.000000  0.038896 0.004895 0.175373
9  4.486286 -0.003568 -0.000000  -0.020666 0.007820 0.131219
10  4.486214 -0.001567 0.000000  0.000000 0.000000 -0.028002
11  -0.000001 0.001575 -1.908400  0.481526 1.261871 -2.558829
12  3.867488 0.000004 0.000002  -0.090264 -1.028327 -0.410747
13  14.390587 -0.000001 -0.000001  0.000007 0.000003 -0.395452
14  11.595297 -0.000001 -0.000002  1.578131 -0.085875 -0.083455
15  4.415192 -0.060757 -1.931050  0.387042 0.125154 0.189331
16  0.923140 -0.000002 -0.000004  0.000000 0.000000 0.202982
17  0.923141 0.000003 -0.000000  0.000000 0.000000 0.202982
18  4.449313 -0.067622 -0.950373  0.113407 0.000665 0.191913
19  1.128472 0.000006 0.000001  0.000000 0.000000 0.202982
20  1.128463 -0.000002 -0.000001  0.000000 -0.000000 0.202982
21  4.416832 -0.015215 0.200558  0.053022 -0.021338 0.200234
22  1.364869 -0.000002 0.000000  0.000000 0.000000 0.202982
23  1.364870 -0.000002 0.000001  0.000000 -0.000000 0.202982
24  4.451063 -0.068765 1.121659  -0.251518 -0.180901 0.213109
25  1.107770 0.000003 -0.000002  0.000000 -0.000000 0.202982
26  1.107772 -0.000006 0.000001  0.000000 -0.000000 0.202982
27  2.098151 0.045610 1.805211  -0.173859 -0.359781 0.278294
28  0.914507 -0.000001 -0.000003  -0.000000 0.272063 0.191981
29  0.914508 0.000003 0.000004  0.000000 0.272063 0.191981
30  -0.000013 0.001566 1.908399  -0.413817 -1.096260 -2.686203
31  3.867500 -0.000008 -0.000015  0.267891 0.917142 -0.206604
32  14.390594 0.000000 -0.000001  -0.000005 -0.000002 -0.504558
33  11.595309 0.000001 -0.000000  -1.539896 -0.004164 -0.053095
34  4.415193 -0.060747 1.931051  -0.355475 -0.038079 0.164708
35  0.923138 0.000003 0.000001  -0.000000 -0.000000 0.267386
36  0.923144 -0.000004 -0.000002  -0.000000 0.000000 0.267386
37  4.449313 -0.067621 0.950376  -0.222583 -0.044806 0.264090
38  1.128464 -0.000001 -0.000001  -0.000000 -0.000000 0.267386
39  1.128473 0.000003 0.000002  -0.000000 -0.000000 0.267386
40  4.416832 -0.015215 -0.200560  -0.033424 -0.024570 0.266829
41  1.364873 -0.000003 0.000002  -0.000000 -0.000000 0.267386
42  1.364864 -0.000005 0.000000  -0.000000 -0.000000 0.267386
43  4.451068 -0.068770 -1.121660  0.292806 0.069077 0.230929
44  1.107777 -0.000000 0.000002  0.000000 -0.000000 0.267386
45  1.107765 -0.000001 -0.000000  -0.000000 -0.000000 0.267386
46  2.098151 0.045616 -1.805210  0.175220 0.385492 0.209422
47  0.914516 0.000001 0.000002  -0.000000 -0.261043 0.296702
48  0.914506 -0.000001 -0.000001  -0.000000 -0.505713 0.296702
49  1.969128 -0.000000 0.000000  0.037727 -0.008032 0.371437
50  -3.968624 0.006725 3.450990  -0.077524 -3.091033 -0.553862
51  17.254904 0.000001 0.000002  0.000208 -0.000280 -0.672960
52  17.254898 -0.000000 -0.000001  -0.148837 -0.001317 0.109992
53  3.968630 5.003931 -0.000000  0.000000 0.000000 1.570800
time 20
0  1.242215 10.519487 35.718773  0.000000 -0.019990 -1.680985
1  -0.000001 -0.000000 -0.000007  -0.000157 -1.570450 -1.570770
2  3.968638 -0.003571 0.000006  -0.000004 -0.000001 0.011577
3  -3.968632 0.006739 -3.450991  0.126255 -3.128191 -0.457346
4  17.254908 0.000001 0.000001  -0.000008 0.000055 -0.139867
5  17.254902 -0.000000 0.000000  0.001901 -0.067653 -0.344986
6  3.968630 5.003931 0.000000  0.000000 0.000000 1.570800
7  4.486289 -0.003572 0.000000  0.039725 -0.014148 0.130214
8  4.486290 -0.003571 0.000000  0.038890 0.004942 0.174149
9  4.486275 -0.003572 -0.000000  -0.020666 0.007820 0.131219
10  4.486219 -0.001564 0.000000  0.000000 -0.000000 -0.029423
11  0.000004 0.001574 -1.908399  0.481526 1.261871 -2.558829
12  3.867492 -0.000001 0.000002  -0.101611 -1.028456 -0.398126
13  14.390603 -0.000003 -0.000000  0.000007 0.000003 -0.403554
14  11.595303 -0.000000 -0.000003  1.578017 -0.086521 -0.078444
15  4.415196 -0.060754 -1.931053  0.387042 0.125154 0.189331
16  0.923136 -0.000003 0.000000  0.000000 0.000000 0.202982
17  0.923144 0.000003 -0.000002  0.000000 0.000000 0.202982
18  4.449313 -0.067620 -0.950376  0.113407 0.000665 0.191913
19  1.128476 0.000006 0.000001  0.000000 -0.000000 0.202982
20  1.128470 -0.000003 0.000000  0.000000 -0.000000 0.202982
21  4.416835 -0.015215 0.200558  0.053022 -0.021338 0.200234
22  1.364875 -0.000001 0.000002  0.000000 0.000000 0.202982
23  1.364866 0.000001 0.000001  0.000000 -0.000000 0.202982
24  4.451064 -0.068767 1.121658  -0.251518 -0.180901 0.213109
25  1.107778 0.000003 -0.000002  0.000000 -0.000000 0.202982
26  1.107774 -0.000007 0.000000  0.000000 -0.000000 0.202982
27  2.098152 0.045610 1.805206  -0.173860 -0.359781 0.278294
28  0.914506 -0.000005 -0.000004  -0.000000 0.272063 0.191981
29  0.914509 0.000001 0.000005  -0.000000 0.272063 0.191981
30  -0.000002 0.001565 1.908401  -0.413817 -1.096260 -2.686203
31  3.867486 -0.000007 -0.000005  0.269358 0.917690 -0.201622
32  14.390601 -0.000002 0.000000  -0.000005 -0.000002 -0.505105
33  11.595305 0.000004 0.000001  -1.543118 -0.003274 -0.052321
34  4.415181 -0.060745 1.931051  -0.355475 -0.038079 0.164708
35  0.923137 0.000003 0.000002  -0.000000 -0.000000 0.267386
36  0.923143 -0.000001 -0.000003  -0.000000 0.000000 0.267386
37  4.449302 -0.067621 0.950376  -0.222583 -0.044806 0.264090
38  1.128464 0.000001 0.000000  -0.000000 -0.000000 0.267386
39  1.128471 0.000005 -0.000001  -0.000000 0.000000 0.267386
40  4.416823 -0.015215 -0.200558  -0.033424 -0.024570 0.266829
41  1.364869 -0.000002 -0.000001  -0.000000 -0.000000 0.267386
42  1.364862 -0.000004 0.000000  -0.000000 -0.000000 0.267386
43  4.451061 -0.068768 -1.121659  0.292806 0.069077 0.230929
44  1.107775 0.000001 0.000000  -0.000000 -0.000000 0.267386
45  1.107769 -0.000002 -0.000002  -0.000000 -0.000000 0.267386
46  2.098145 0.045618 -1.805212  0.175220 0.385492 0.209422
47  0.914515 0.000000 -0.000002  -0.000000 -0.261043 0.296702
48  0.914511 -0.000001 -0.000003  -0.000000 -0.505713 0.296702
49  1.969149 -0.000000 0.000000  0.037727 -0.008032 0.371437
50  -3.968638 0.006724 3.450991  -0.077546 -3.091017 -0.552744
51  17.254898 -0.000003 -0.000000  0.000208 -0.000279 -0.673138
52  17.254894 0.000000 -0.000001  -0.148810 -0.001323 0.110209
53  3.968630 5.003931 -0.000000  0.000000 0.000000 1.570800
time 21
0  1.242215 10.519487 35.718773  0.000000 -0.019990 -1.680985
1  -0.000001 -0.000000 -0.000007  -0.000157 -1.570450 -1.570770
2  3.968638 -0.003571 0.000006  -0.000004 -0.000001 0.010323
3  -3.968640 0.006741 -3.450990  0.126201 -3.128282 -0.456719
4  17.254906 -0.000001 0.000000  -0.000008 0.000054 -0.141402
5  17.254900 -0.000000 -0.000000  0.001951 -0.067614 -0.344089
6  3.968631 5.003931 0.000001  0.000000 0.000000 1.570800
7  4.486282 -0.003573 -0.000000  0.039725 -0.014148 0.130214
8  4.486290 -0.003572 0.000000  0.038883 0.004995 0.172794
9  4.486272 -0.003570 0.000000  -0.020666 0.007820 0.131219
10  4.486217 -0.001564 0.000000  0.000000 0.000000 -0.031077
11  -0.000007 0.001575 -1.908398  0.481526 1.261871 -2.558829
12  3.867496 -0.000001 0.000003  -0.114236 -1.028541 -0.384108
13  14.390600 -0.000003 -0.000000  0.000007 0.000003 -0.412363
14  11.595291 0.000003 -0.000003  1.577881 -0.087258 -0.072950
15  4.415200 -0.060753 -1.931050  0.387042 0.125154 0.189331
16  0.923137 -0.000001 -0.000001  0.000000 0.000000 0.202982
17  0.923138 -0.000000 0.000001  0.000000 0.000000 0.202982
18  4.449310 -0.067620 -0.950375  0.113407 0.000665 0.191913
19  1.128473 0.000006 0.000002  0.000000 -0.000000 0.202982
20  1.128468 -0.000001 0.000000  0.000000 -0.000000 0.202982
21  4.416836 -0.015214 0.200559  0.053022 -0.021338 0.200234
22  1.364875 -0.000002 0.000003  0.000000 0.000000 0.202982
23  1.364871 0.000001 -0.000001  0.000000 -0.000000 0.202982
24  4.451075 -0.068764 1.121660  -0.251518 -0.180901 0.213109
25  1.107776 0.000003 -0.000001  -0.000000 -0.000000 0.202982
26  1.107771 -0.000005 0.000002  0.000000 -0.000000 0.202982
27  2.098153 0.045612 1.805209  -0.173860 -0.359781 0.278294
28  0.914505 -0.000003 -0.000001  0.000000 0.272063 0.191981
29  0.914510 -0.000001 0.000004  0.000000 0.272063 0.191981
30  -0.000008 0.001562 1.908398  -0.413817 -1.096260 -2.686203
31  3.867491 -0.000009 -0.000002  0.271886 0.918132 -0.195063
32  14.390599 0.000003 0.000004  -0.000005 -0.000002 -0.506864
33  11.595299 0.000002 0.000001  -1.546721 -0.001917 -0.050442
34  4.415193 -0.060747 1.931049  -0.355475 -0.038079 0.164708
35  0.923137 0.000003 0.000003  -0.000000 -0.000000 0.267386
36  0.923141 -0.000002 -0.000004  -0.000000 0.000000 0.267386
37  4.449313 -0.067624 0.950376  -0.222583 -0.044806 0.264090
38  1.128468 0.000002 -0.000001  -0.000000 -0.000000 0.267386
39  1.128473 0.000005 -0.000000  -0.000000 0.000000 0.267386
40  4.416830 -0.015215 -0.200559  -0.033424 -0.024570 0.266829
41  1.364874 -0.000003 0.000000  -0.000000 -0.000000 0.267386
42  1.364861 -0.000005 0.000002  -0.000000 -0.000000 0.267386
43  4.451070 -0.068769 -1.121658  0.292806 0.069077 0.230929
44  1.107778 0.000000 0.000000  -0.000000 -0.000000 0.267386
45  1.107765 -0.000001 0.000000  -0.000000 -0.000000 0.267386
46  2.098148 0.045617 -1.805210  0.175220 0.385492 0.209422
47  0.914521 0.000001 -0.000002  -0.000000 -0.261043 0.296702
48  0.914504 0.000000 -0.000001  -0.000000 -0.505713 0.296702
49  1.969140 -0.000006 0.000000  0.037727 -0.008032 0.371437
50  -3.968635 0.006724 3.450991  -0.077570 -3.090998 -0.551442
51  17.254902 -0.000000 -0.000001  0.000208 -0.000279 -0.673345
52  17.254898 0.000001 -0.000000  -0.148779 -0.001331 0.110461
53  3.968630 5.003932 -0.000000  0.000000 0.000000 1.570800
time 22
0  1.242215 10.519487 35.718773  0.000000 -0.019990 -1.680985
1  -0.000001 -0.000000 -0.000007  -0.000157 -1.570450 -1.570770
2  3.968638 -0.003571 0.000006  -0.000004 -0.000001 0.008950
3  -3.968626 0.006740 -3.450990  0.126142 -3.128380 -0.456024
4  17.254908 0.000003 -0.000000  -0.000009 0.000054 -0.143060
5  17.254904 0.000000 0.000000  0.002006 -0.067572 -0.343118
6  3.968630 5.003930 0.000000  0.000000 0.000000 1.570800
7  4.486295 -0.003573 0.000000  0.039725 -0.014148 0.130214
8  4.486301 -0.003573 -0.000000  0.038876 0.005051 0.171362
9  4.486282 -0.003572 0.000000  -0.020666 0.007820 0.131219
10  4.486221 -0.001564 0.000000  0.000000 0.000000 -0.032885
11  -0.000007 0.001572 -1.908398  0.481526 1.261871 -2.558829
12  3.867492 -0.000002 -0.000008  -0.127609 -1.028554 -0.369278
13  14.390597 -0.000003 0.000000  0.000007 0.000003 -0.421522
14  11.595313 -0.000000 -0.000002  1.577729 -0.088054 -0.067199
15  4.415191 -0.060756 -1.931051  0.387042 0.125154 0.189331
16  0.923139 -0.000002 -0.000003  0.000000 0.000000 0.202982
17  0.923139 0.000002 0.000001  0.000000 0.000000 0.202982
18  4.449316 -0.067621 -0.950374  0.113407 0.000665 0.191913
19  1.128468 0.000005 0.000003  0.000000 -0.000000 0.202982
20  1.128466 -0.000001 -0.000001  0.000000 -0.000000 0.202982
21  4.416835 -0.015215 0.200561  0.053022 -0.021338 0.200234
22  1.364868 0.000002 0.000000  0.000000 0.000000 0.202982
23  1.364868 0.000002 0.000000  0.000000 -0.000000 0.202982
24  4.451073 -0.068766 1.121663  -0.251518 -0.180901 0.213109
25  1.107778 0.000002 0.000000  0.000000 -0.000000 0.202982
26  1.107774 -0.000007 0.000002  0.000000 -0.000000 0.202982
27  2.098152 0.045611 1.805212  -0.173860 -0.359781 0.278294
28  0.914508 -0.000004 -0.000001  -0.000000 0.272063 0.191981
29  0.914506 -0.000000 0.000003  0.000000 0.272063 0.191981
30  -0.000015 0.001563 1.908398  -0.413817 -1.096260 -2.686203
31  3.867489 -0.000006 -0.000012  0.275900 0.918354 -0.186646
32  14.390606 -0.000004 0.000004  -0.000004 -0.000002 -0.510554
33  11.595304 0.000003 0.000001  -1.550647 0.000563 -0.046344
34  4.415195 -0.060747 1.931049  -0.355475 -0.038079 0.164708
35  0.923137 0.000004 0.000002  -0.000000 -0.000000 0.267386
36  0.923140 -0.000004 -0.000002  -0.000000 0.000000 0.267386
37  4.449314 -0.067619 0.950373  -0.222583 -0.044806 0.264090
38  1.128468 0.000000 -0.000000  -0.000000 -0.000000 0.267386
39  1.128472 0.000000 0.000000  -0.000000 0.000000 0.267386
40  4.416830 -0.015213 -0.200559  -0.033424 -0.024570 0.266829
41  1.364876 -0.000003 0.000002  -0.000000 -0.000000 0.267386
42  1.364860 -0.000005 0.000001  -0.000000 -0.000000 0.267386
43  4.451067 -0.068767 -1.121659  0.292806 0.069077 0.230929
44  1.107775 0.000001 0.000003  -0.000000 -0.000000 0.267386
45  1.107767 0.000001 -0.000003  -0.000000 -0.000000 0.267386
46  2.098150 0.045620 -1.805212  0.175220 0.385492 0.209422
47  0.914511 0.000002 -0.000001  -0.000000 -0.261043 0.296702
48  0.914509 -0.000001 -0.000002  -0.000000 -0.505713 0.296702
49  1.969133 -0.000003 -0.000000  0.037727 -0.008032 0.371437
50  -3.968625 0.006722 3.450990  -0.077598 -3.090977 -0.550018
51  17.254904 -0.000002 0.000001  0.000208 -0.000279 -0.673571
52  17.254896 0.000001 -0.000001  -0.148745 -0.001339 0.110737
53  3.968630 5.003932 -0.000001  0.000000 0.000000 1.570800
time 23
0  1.242215 10.519487 35.718773  0.000000 -0.019990 -1.680985
1  -0.000001 -0.000000 -0.000007  -0.000157 -1.570450 -1.570770
2  3.968638 -0.003571 0.000006  -0.000004 -0.000001 0.007519
3  -3.968639 0.006740 -3.450990  0.126080 -3.128481 -0.455287
4  17.254898 0.000003 -0.000001  -0.000009 0.000054 -0.144766
5  17.254904 -0.000002 0.000000  0.002063 -0.067527 -0.342117
6  3.968631 5.003931 0.000000  0.000000 0.000000 1.570800
7  4.486288 -0.003572 -0.000000  0.039725 -0.014148 0.130214
8  4.486288 -0.003572 -0.000000  0.038868 0.005108 0.169903
9  4.486266 -0.003569 -0.000000  -0.020666 0.007820 0.131219
10  4.486213 -0.001569 -0.000000  -0.000000 0.000000 -0.034771
11  0.000002 0.001571 -1.908399  0.481526 1.261871 -2.558829
12  3.867495 -0.000005 -0.000004  -0.141191 -1.028480 -0.354234
13  14.390591 0.000005 0.000000  0.000007 0.000003 -0.430670
14  11.595300 0.000003 -0.000000  1.577567 -0.088878 -0.061419
15  4.415192 -0.060753 -1.931048  0.387042 0.125154 0.189331
16  0.923138 -0.000001 -0.000000  0.000000 0.000000 0.202982
17  0.923138 0.000000 0.000001  0.000000 0.000000 0.202982
18  4.449311 -0.067621 -0.950377  0.113407 0.000665 0.191913
19  1.128472 0.000005 0.000000  0.000000 -0.000000 0.202982
20  1.128468 -0.000001 -0.000001  0.000000 -0.000000 0.202982
21  4.416831 -0.015216 0.200558  0.053022 -0.021338 0.200234
22  1.364867 -0.000001 0.000001  0.000000 0.000000 0.202982
23  1.364870 -0.000000 0.000002  0.000000 -0.000000 0.202982
24  4.451067 -0.068767 1.121659  -0.251518 -0.180901 0.213109
25  1.107774 0.000004 -0.000001  0.000000 -0.000000 0.202982
26  1.107770 -0.000005 0.000000  -0.000000 -0.000000 0.202982
27  2.098148 0.045611 1.805207  -0.173860 -0.359781 0.278294
28  0.914509 -0.000002 -0.000003  0.000000 0.272063 0.191981
29  0.914513 -0.000001 0.000003  0.000000 0.272063 0.191981
30  -0.000005 0.001564 1.908399  -0.413817 -1.096260 -2.686203
31  3.867490 0.000003 -0.000004  0.281060 0.918400 -0.177001
32  14.390604 -0.000003 0.000003  -0.000005 -0.000002 -0.515661
33  11.595295 -0.000000 0.000001  -1.554791 0.004505 -0.039880
34  4.415194 -0.060747 1.931051  -0.355475 -0.038079 0.164708
35  0.923133 0.000002 0.000004  -0.000000 -0.000000 0.267386
36  0.923144 -0.000001 -0.000002  -0.000000 0.000000 0.267386
37  4.449307 -0.067621 0.950375  -0.222583 -0.044806 0.264090
38  1.128468 0.000001 0.000001  -0.000000 -0.000000 0.267386
39  1.128471 0.000003 0.000000  -0.000000 0.000000 0.267386
40  4.416828 -0.015217 -0.200561  -0.033424 -0.024570 0.266829
41  1.364876 -0.000002 0.000001  -0.000000 -0.000000 0.267386
42  1.364861 -0.000001 0.000003  -0.000000 -0.000000 0.267386
43  4.451067 -0.068768 -1.121663  0.292806 0.069077 0.230929
44  1.107773 0.000001 0.000001  -0.000000 -0.000000 0.267386
45  1.107770 -0.000003 0.000000  -0.000000 -0.000000 0.267386
46  2.098146 0.045618 -1.805209  0.175220 0.385492 0.209422
47  0.914522 -0.000001 -0.000001  -0.000000 -0.261043 0.296702
48  0.914505 -0.000001 -0.000005  -0.000000 -0.505713 0.296702
49  1.969140 0.000003 -0.000000  0.037727 -0.008032 0.371437
50  -3.968626 0.006720 3.450989  -0.077626 -3.090955 -0.548533
51  17.254902 -0.000002 0.000001  0.000209 -0.000279 -0.673804
52  17.254896 -0.000001 -0.000000  -0.148709 -0.001347 0.111024
53  3.968631 5.003933 0.000000  0.000000 0.000000 1.570800
time 24
0  1.242215 10.519487 35.718773  0.000000 -0.019990 -1.680985
1  -0.000001 -0.000000 -0.000007  -0.000157 -1.570450 -1.570770
2  3.968638 -0.003571 0.000006  -0.000004 -0.000001 0.006089
3  -3.968627 0.006741 -3.450990  0.126018 -3.128580 -0.454540
4  17.254900 -0.000001 -0.000001  -0.000009 0.000054 -0.146452
5  17.254900 0.000001 0.000000  0.002121 -0.067483 -0.341126
6  3.968630 5.003930 0.000001  0.000000 0.000000 1.570800
7  4.486290 -0.003573 0.000000  0.039725 -0.014148 0.130214
8  4.486301 -0.003574 -0.000000  0.038861 0.005163 0.168471
9  4.486279 -0.003571 -0.000000  -0.020666 0.007820 0.131219
10  4.486209 -0.001565 0.000000  -0.000000 0.000000 -0.036657
11  -0.000003 0.001574 -1.908401  0.481526 1.261871 -2.558829
12  3.867491 -0.000000 -0.000006  -0.154488 -1.028320 -0.339520
13  14.390607 -0.000003 0.000001  0.000007 0.000004 -0.439502
14  11.595294 -0.000001 -0.000001  1.577403 -0.089698 -0.055811
15  4.415195 -0.060754 -1.931050  0.387042 0.125154 0.189331
16  0.923140 -0.000001 0.000000  0.000000 0.000000 0.202982
17  0.923140 0.000002 0.000003  0.000000 0.000000 0.202982
18  4.449313 -0.067620 -0.950374  0.113407 0.000665 0.191913
19  1.128470 0.000007 -0.000000  0.000000 0.000000 0.202982
20  1.128467 -0.000000 -0.000000  0.000000 -0.000000 0.202982
21  4.416831 -0.015212 0.200558  0.053022 -0.021338 0.200234
22  1.364868 -0.000000 0.000000  0.000000 0.000000 0.202982
23  1.364867 0.000000 0.000003  0.000000 -0.000000 0.202982
24  4.451072 -0.068764 1.121661  -0.251518 -0.180901 0.213109
25  1.107772 0.000004 -0.000001  -0.000000 -0.000000 0.202982
26  1.107766 -0.000004 0.000002  -0.000000 -0.000000 0.202982
27  2.098153 0.045612 1.805209  -0.173860 -0.359781 0.278294
28  0.914510 -0.000004 0.000002  0.000000 0.272063 0.191981
29  0.914508 0.000002 0.000005  0.000000 0.272063 0.191981
30  -0.000013 0.001565 1.908399  -0.413817 -1.096260 -2.686203
31  3.867495 -0.000005 -0.000011  0.286918 0.918296 -0.166752
32  14.390607 -0.000002 0.000001  -0.000004 -0.000002 -0.521653
33  11.595300 0.000003 0.000002  -1.558968 0.009423 -0.031816
34  4.415188 -0.060745 1.931051  -0.355475 -0.038079 0.164708
35  0.923140 0.000003 0.000002  -0.000000 -0.000000 0.267386
36  0.923138 -0.000005 -0.000001  -0.000000 0.000000 0.267386
37  4.449309 -0.067624 0.950376  -0.222583 -0.044806 0.264090
38  1.128468 -0.000000 -0.000001  -0.000000 -0.000000 0.267386
39  1.128473 0.000003 -0.000002  -0.000000 0.000000 0.267386
40  4.416831 -0.015215 -0.200560  -0.033424 -0.024570 0.266829
41  1.364875 -0.000003 0.000001  -0.000000 -0.000000 0.267386
42  1.364861 -0.000005 0.000000  -0.000000 -0.000000 0.267386
43  4.451066 -0.068769 -1.121660  0.292806 0.069077 0.230929
44  1.107770 0.000002 0.000000  -0.000000 -0.000000 0.267386
45  1.107765 -0.000001 -0.000001  -0.000000 -0.000000 0.267386
46  2.098151 0.045618 -1.805212  0.175220 0.385492 0.209422
47  0.914514 0.000000 0.000001  -0.000000 -0.261043 0.296702
48  0.914512 -0.000003 -0.000001  -0.000000 -0.505713 0.296702
49  1.969134 0.000000 0.000000  0.037727 -0.008032 0.371437
50  -3.968629 0.006722 3.450989  -0.077655 -3.090933 -0.547043
51  17.254898 -0.000001 0.000001  0.000209 -0.000279 -0.674030
52  17.254902 -0.000001 0.000000  -0.148673 -0.001355 0.111306
53  3.968631 5.003932 0.000000  0.000000 0.000000 1.570800
time 25
0  1.242215 10.519487 35.718773  0.000000 -0.019990 -1.680985
1  -0.000001 -0.000000 -0.000007  -0.000157 -1.570450 -1.570770
2  3.968638 -0.003571 0.000006  -0.000004 -0.000001 0.004716
3  -3.968625 0.006742 -3.450990  0.125958 -3.128673 -0.453805
4  17.254906 -0.000001 -0.000001  -0.000009 0.000054 -0.148032
5  17.254898 -0.000001 -0.000000  0.002175 -0.067440 -0.340193
6  3.968630 5.003931 0.000000  0.000000 0.000000 1.570800
7  4.486282 -0.003571 -0.000000  0.039725 -0.014148 0.130214
8  4.486301 -0.003575 -0.000000  0.038854 0.005216 0.167116
9  4.486284 -0.003572 0.000000  -0.020666 0.007820 0.131219
10  4.486216 -0.001563 0.000000  -0.000000 0.000000 -0.038466
11  -0.000005 0.001570 -1.908400  0.481526 1.261871 -2.558829
12  3.867493 -0.000004 -0.000003  -0.167008 -1.028086 -0.325678
13  14.390609 -0.000011 0.000000  0.000007 0.000004 -0.447716
14  11.595289 -0.000003 -0.000006  1.577243 -0.090481 -0.050572
15  4.415194 -0.060756 -1.931052  0.387042 0.125154 0.189331
16  0.923137 -0.000000 -0.000002  0.000000 0.000000 0.202982
17  0.923140 0.000003 -0.000001  0.000000 0.000000 0.202982
18  4.449310 -0.067620 -0.950377  0.113407 0.000665 0.191913
19  1.128472 0.000006 0.000002  0.000000 -0.000000 0.202982
20  1.128470 0.000001 0.000001  0.000000 -0.000000 0.202982
21  4.416840 -0.015213 0.200559  0.053022 -0.021338 0.200234
22  1.364872 -0.000000 0.000001  0.000000 0.000000 0.202982
23  1.364864 0.000001 -0.000001  0.000000 -0.000000 0.202982
24  4.451071 -0.068766 1.121661  -0.251518 -0.180901 0.213109
25  1.107773 0.000004 -0.000001  0.000000 -0.000000 0.202982
26  1.107772 -0.000006 0.000002  0.000000 0.000000 0.202982
27  2.098150 0.045611 1.805209  -0.173859 -0.359781 0.278294
28  0.914507 -0.000003 -0.000001  0.000000 0.272063 0.191981
29  0.914506 -0.000001 0.000002  -0.000000 0.272063 0.191981
30  -0.000010 0.001564 1.908400  -0.413817 -1.096260 -2.686203
31  3.867491 -0.000003 -0.000008  0.293020 0.918077 -0.156504
32  14.390606 -0.000001 0.000003  -0.000004 -0.000002 -0.528018
33  11.595299 0.000001 -0.000001  -1.562970 0.014846 -0.022915
34  4.415186 -0.060747 1.931050  -0.355476 -0.038079 0.164708
35  0.923135 0.000004 -0.000001  -0.000000 -0.000000 0.267386
36  0.923143 -0.000005 -0.000003  -0.000000 0.000000 0.267386
37  4.449312 -0.067622 0.950377  -0.222583 -0.044806 0.264090
38  1.128469 -0.000002 0.000000  -0.000000 -0.000000 0.267386
39  1.128473 0.000002 0.000002  -0.000000 0.000000 0.267386
40  4.416826 -0.015214 -0.200561  -0.033424 -0.024570 0.266829
41  1.364872 -0.000002 0.000001  -0.000000 -0.000000 0.267386
42  1.364859 -0.000003 0.000001  -0.000000 -0.000000 0.267386
43  4.451061 -0.068768 -1.121662  0.292806 0.069077 0.230929
44  1.107772 0.000001 0.000002  -0.000000 -0.000000 0.267386
45  1.107768 -0.000001 -0.000002  -0.000000 -0.000000 0.267386
46  2.098148 0.045618 -1.805210  0.175220 0.385492 0.209422
47  0.914516 0.000001 0.000001  -0.000000 -0.261043 0.296702
48  0.914505 -0.000002 -0.000003  -0.000000 -0.505713 0.296702
49  1.969129 -0.000002 0.000000  0.037727 -0.008032 0.371437
50  -3.968624 0.006725 3.450990  -0.077683 -3.090913 -0.545606
51  17.254900 0.000003 -0.000001  0.000209 -0.000279 -0.674229
52  17.254896 0.000001 0.000001  -0.148639 -0.001363 0.111569
53  3.968630 5.003932 0.000001  0.000000 0.000000 1.570800
time 26
0  1.242215 10.519487 35.718773  0.000000 -0.019990 -1.680985
1  -0.000001 -0.000000 -0.000007  -0.000157 -1.570450 -1.570770
2  3.968638 -0.003571 0.000006  -0.000004 -0.000001 0.003462
3  -3.968623 0.006743 -3.450990  0.125903 -3.128757 -0.453131
4  17.254910 0.000001 -0.000000  -0.000009 0.000054 -0.149471
5  17.254900 -0.000002 -0.000000  0.002226 -0.067401 -0.339344
6  3.968630 5.003931 -0.000000  0.000000 0.000000 1.570800
7  4.486287 -0.003570 -0.000000  0.039725 -0.014148 0.130214
8  4.486291 -0.003571 -0.000000  0.038848 0.005264 0.165891
9  4.486277 -0.003568 -0.000000  -0.020666 0.007820 0.131219
10  4.486210 -0.001567 0.000000  -0.000000 0.000000 -0.040119
11  -0.000000 0.001574 -1.908398  0.481526 1.261871 -2.558829
12  3.867497 -0.000004 0.000002  -0.178275 -1.027809 -0.313231
13  14.390605 -0.000004 0.000000  0.000007 0.000004 -0.455030
14  11.595296 -0.000001 -0.000003  1.577094 -0.091195 -0.045888
15  4.415194 -0.060754 -1.931049  0.387042 0.125154 0.189331
16  0.923138 -0.000003 -0.000001  0.000000 0.000000 0.202982
17  0.923138 0.000001 0.000002  0.000000 0.000000 0.202982
18  4.449309 -0.067622 -0.950373  0.113407 0.000665 0.191913
19  1.128471 0.000007 0.000001  0.000000 -0.000000 0.202982
20  1.128469 -0.000003 0.000000  0.000000 -0.000000 0.202982
21  4.416834 -0.015214 0.200560  0.053022 -0.021338 0.200234
22  1.364871 0.000001 -0.000000  0.000000 0.000000 0.202982
23  1.364870 0.000000 -0.000001  0.000000 -0.000000 0.202982
24  4.451071 -0.068767 1.121662  -0.251518 -0.180901 0.213109
25  1.107776 0.000001 0.000000  0.000000 -0.000000 0.202982
26  1.107771 -0.000005 0.000003  0.000000 -0.000000 0.202982
27  2.098151 0.045611 1.805209  -0.173859 -0.359781 0.278294
28  0.914505 -0.000002 -0.000001  -0.000000 0.272063 0.191981
29  0.914509 0.000000 0.000003  0.000000 0.272063 0.191981
30  -0.000005 0.001563 1.908399  -0.413817 -1.096260 -2.686203
31  3.867489 -0.000002 0.000005  0.298927 0.917787 -0.146856
32  14.390605 -0.000004 0.000001  -0.000005 -0.000002 -0.534257
33  11.595304 0.000001 -0.000001  -1.566614 0.020305 -0.013941
34  4.415196 -0.060746 1.931050  -0.355475 -0.038079 0.164708
35  0.923137 0.000004 0.000002  -0.000000 -0.000000 0.267386
36  0.923144 -0.000005 -0.000003  -0.000000 0.000000 0.267386
37  4.449308 -0.067621 0.950375  -0.222583 -0.044806 0.264090
38  1.128465 0.000000 -0.000002  -0.000000 -0.000000 0.267386
39  1.128469 0.000005 0.000000  -0.000000 0.000000 0.267386
40  4.416828 -0.015215 -0.200558  -0.033424 -0.024570 0.266829
41  1.364875 -0.000003 -0.000001  -0.000000 -0.000000 0.267386
42  1.364859 -0.000001 -0.000000  -0.000000 -0.000000 0.267386
43  4.451067 -0.068766 -1.121660  0.292806 0.069077 0.230929
44  1.107774 0.000001 0.000003  -0.000000 -0.000000 0.267386
45  1.107768 -0.000002 0.000001  -0.000000 -0.000000 0.267386
46  2.098149 0.045618 -1.805210  0.175220 0.385492 0.209422
47  0.914514 -0.000001 0.000001  -0.000000 -0.261043 0.296702
48  0.914507 -0.000001 -0.000005  -0.000000 -0.505713 0.296702
49  1.969146 -0.000009 0.000000  0.037727 -0.008032 0.371437
50  -3.968626 0.006726 3.450989  -0.077713 -3.090902 -0.544199
51  17.254890 0.000002 -0.000001  0.000209 -0.000279 -0.674227
52  17.254896 0.000001 0.000000  -0.148608 -0.001371 0.111715
53  3.968630 5.003932 0.000000  0.000000 0.000000 1.570800
time 27
0  1.242215 10.519487 35.718773  0.000000 -0.019990 -1.680985
1  -0.000001 -0.000000 -0.000007  -0.000157 -1.570450 -1.570770
2  3.968638 -0.003571 0.000006  -0.000004 -0.000001 0.002384
3  -3.968629 0.006740 -3.450990  0.125855 -3.128829 -0.452541
4  17.254908 -0.000002 -0.000000  -0.000009 0.000054 -0.150688
5  17.254896 -0.000003 -0.000000  0.002269 -0.067368 -0.338624
6  3.968630 5.003931 0.000000  0.000000 0.000000 1.570800
7  4.486290 -0.003572 0.000000  0.039725 -0.014148 0.130214
8  4.486296 -0.003573 -0.000000  0.038843 0.005304 0.164848
9  4.486282 -0.003573 -0.000000  -0.020666 0.007820 0.131219
10  4.486205 -0.001564 -0.000000  0.000000 0.000000 -0.041540
11  -0.000008 0.001574 -1.908398  0.481526 1.261871 -2.558829
12  3.867495 0.000005 0.000002  -0.187831 -1.027521 -0.302678
13  14.390607 -0.000009 0.000001  0.000007 0.000004 -0.461183
14  11.595300 0.000001 -0.000002  1.576963 -0.091809 -0.041934
15  4.415195 -0.060754 -1.931050  0.387042 0.125154 0.189331
16  0.923141 -0.000002 -0.000003  0.000000 0.000000 0.202982
17  0.923145 -0.000000 -0.000001  0.000000 0.000000 0.202982
18  4.449309 -0.067622 -0.950376  0.113407 0.000665 0.191913
19  1.128469 0.000007 0.000002  0.000000 -0.000000 0.202982
20  1.128467 0.000001 -0.000002  0.000000 -0.000000 0.202982
21  4.416833 -0.015213 0.200558  0.053022 -0.021338 0.200234
22  1.364866 -0.000001 -0.000001  0.000000 0.000000 0.202982
23  1.364866 0.000000 -0.000000  0.000000 -0.000000 0.202982
24  4.451071 -0.068765 1.121659  -0.251518 -0.180901 0.213109
25  1.107776 0.000003 -0.000001  0.000000 -0.000000 0.202982
26  1.107773 -0.000006 0.000002  -0.000000 -0.000000 0.202982
27  2.098153 0.045610 1.805208  -0.173860 -0.359781 0.278294
28  0.914509 0.000000 -0.000001  -0.000000 0.272063 0.191981
29  0.914510 -0.000001 0.000005  0.000000 0.272063 0.191981
30  -0.000015 0.001564 1.908397  -0.413817 -1.096260 -2.686203
31  3.867493 -0.000005 -0.000004  0.304225 0.917470 -0.138378
32  14.390613 -0.000013 0.000002  -0.000004 -0.000002 -0.539900
33  11.595303 -0.000001 0.000002  -1.569725 0.025340 -0.005649
34  4.415197 -0.060745 1.931047  -0.355475 -0.038079 0.164708
35  0.923139 0.000003 0.000002  -0.000000 -0.000000 0.267386
36  0.923139 -0.000002 0.000000  -0.000000 0.000000 0.267386
37  4.449317 -0.067620 0.950375  -0.222583 -0.044806 0.264090
38  1.128467 0.000000 -0.000001  -0.000000 -0.000000 0.267386
39  1.128476 0.000004 0.000000  -0.000000 0.000000 0.267386
40  4.416828 -0.015216 -0.200561  -0.033424 -0.024570 0.266829
41  1.364875 -0.000003 0.000000  -0.000000 -0.000000 0.267386
42  1.364864 -0.000006 -0.000002  -0.000000 -0.000000 0.267386
43  4.451071 -0.068769 -1.121661  0.292806 0.069077 0.230929
44  1.107772 0.000002 0.000001  -0.000000 -0.000000 0.267386
45  1.107767 -0.000001 -0.000001  -0.000000 -0.000000 0.267386
46  2.098151 0.045617 -1.805213  0.175220 0.385492 0.209422
47  0.914523 0.000001 0.000000  -0.000000 -0.261043 0.296702
48  0.914505 -0.000003 -0.000005  -0.000000 -0.505713 0.296702
49  1.969143 -0.000004 0.000000  0.037727 -0.008032 0.371437
50  -3.968635 0.006721 3.450991  -0.077735 -3.090886 -0.543076
51  17.254904 0.000001 0.000001  0.000209 -0.000279 -0.674394
52  17.254898 0.000001 -0.000000  -0.148581 -0.001377 0.111927
53  3.968630 5.003932 -0.000000  0.000000 0.000000 1.570800
time 28
0  1.242215 10.519487 35.718773  0.000000 -0.019990 -1.680985
1  -0.000001 -0.000000 -0.000007  -0.000157 -1.570450 -1.570770
2  3.968638 -0.003571 0.000006  -0.000004 -0.000001 0.001541
3  -3.968625 0.006741 -3.450990  0.125818 -3.128883 -0.452071
4  17.254906 0.000001 -0.000000  -0.000009 0.000054 -0.151622
5  17.254900 -0.000001 -0.000000  0.002303 -0.067342 -0.338069
6  3.968630 5.003931 -0.000000  -0.000000 0.000000 1.570800
7  4.486290 -0.003572 0.000000  0.039725 -0.014148 0.130214
8  4.486290 -0.003571 -0.000000  0.038839 0.005336 0.164039
9  4.486278 -0.003571 0.000000  -0.020666 0.007820 0.131219
10  4.486214 -0.001562 0.000000  0.000000 0.000000 -0.042651
11  -0.000014 0.001573 -1.908397  0.481526 1.261871 -2.558829
12  3.867491 -0.000005 -0.000003  -0.195221 -1.027266 -0.294520
13  14.390603 -0.000001 0.000001  0.000007 0.000004 -0.465909
14  11.595300 -0.000003 -0.000001  1.576859 -0.092287 -0.038888
15  4.415190 -0.060755 -1.931048  0.387042 0.125154 0.189331
16  0.923140 -0.000001 -0.000001  0.000000 0.000000 0.202982
17  0.923136 0.000001 0.000002  0.000000 0.000000 0.202982
18  4.449307 -0.067621 -0.950373  0.113407 0.000665 0.191913
19  1.128471 0.000006 0.000001  0.000000 0.000000 0.202982
20  1.128468 0.000003 -0.000001  0.000000 -0.000000 0.202982
21  4.416830 -0.015214 0.200559  0.053022 -0.021338 0.200234
22  1.364869 -0.000001 -0.000000  0.000000 0.000000 0.202982
23  1.364869 0.000000 -0.000000  0.000000 -0.000000 0.202982
24  4.451064 -0.068765 1.121659  -0.251518 -0.180901 0.213109
25  1.107772 0.000001 -0.000001  -0.000000 -0.000000 0.202982
26  1.107770 -0.000007 0.000001  -0.000000 -0.000000 0.202982
27  2.098145 0.045612 1.805211  -0.173860 -0.359781 0.278294
28  0.914511 -0.000005 -0.000002  0.000000 0.272063 0.191981
29  0.914508 0.000002 0.000004  0.000000 0.272063 0.191981
30  -0.000019 0.001563 1.908399  -0.413817 -1.096260 -2.686203
31  3.867497 -0.000011 0.000003  0.308503 0.917179 -0.131638
32  14.390600 0.000003 0.000002  -0.000004 -0.000002 -0.544484
33  11.595303 0.000000 0.000002  -1.572142 0.029498 0.001202
34  4.415196 -0.060747 1.931050  -0.355475 -0.038079 0.164708
35  0.923137 -0.000001 0.000001  -0.000000 -0.000000 0.267386
36  0.923136 -0.000005 0.000001  -0.000000 0.000000 0.267386
37  4.449313 -0.067623 0.950376  -0.222583 -0.044806 0.264090
38  1.128465 -0.000002 0.000000  -0.000000 -0.000000 0.267386
39  1.128474 0.000003 0.000002  -0.000000 0.000000 0.267386
40  4.416830 -0.015217 -0.200559  -0.033424 -0.024570 0.266829
41  1.364878 -0.000001 -0.000001  -0.000000 -0.000000 0.267386
42  1.364859 -0.000006 0.000002  -0.000000 -0.000000 0.267386
43  4.451064 -0.068770 -1.121658  0.292806 0.069077 0.230929
44  1.107773 0.000002 0.000002  -0.000000 -0.000000 0.267386
45  1.107767 -0.000002 0.000000  -0.000000 -0.000000 0.267386
46  2.098148 0.045617 -1.805206  0.175220 0.385492 0.209422
47  0.914522 0.000001 0.000001  -0.000000 -0.261043 0.296702
48  0.914512 -0.000002 -0.000002  -0.000000 -0.505713 0.296702
49  1.969125 0.000002 0.000000  0.037727 -0.008032 0.371437
50  -3.968630 0.006723 3.450991  -0.077752 -3.090873 -0.542196
51  17.254906 -0.000000 -0.000000  0.000209 -0.000279 -0.674523
52  17.254898 -0.000001 0.000001  -0.148560 -0.001382 0.112092
53  3.968630 5.003932 -0.000000  0.000000 0.000000 1.570800
time 29
0  1.242215 10.519487 35.718773  0.000000 -0.019990 -1.680985
1  -0.000001 -0.000000 -0.000007  -0.000157 -1.570450 -1.570770
2  3.968638 -0.003571 0.000006  -0.000004 -0.000001 0.000992
3  -3.968631 0.006744 -3.450989  0.125794 -3.128919 -0.451769
4  17.254906 -0.000001 0.000000  -0.000009 0.000054 -0.152236
5  17.254894 0.000001 0.000000  0.002324 -0.067324 -0.337705
6  3.968630 5.003931 0.000000  0.000000 0.000000 1.570800
7  4.486280 -0.003572 0.000000  0.039725 -0.014148 0.130214
8  4.486286 -0.003571 0.000000  0.038836 0.005356 0.163516
9  4.486282 -0.003572 0.000000  -0.020666 0.007820 0.131219
10  4.486217 -0.001565 0.000000  0.000000 0.000000 -0.043375
11  -0.000004 0.001569 -1.908398  0.481526 1.261871 -2.558829
12  3.867493 -0.000008 0.000001  -0.199996 -1.027086 -0.289251
13  14.390608 -0.000003 0.000000  0.000007 0.000004 -0.468949
14  11.595300 -0.000000 -0.000001  1.576792 -0.092599 -0.036925
15  4.415197 -0.060756 -1.931050  0.387042 0.125154 0.189331
16  0.923137 -0.000004 -0.000002  0.000000 0.000000 0.202982
17  0.923140 0.000001 0.000002  0.000000 0.000000 0.202982
18  4.449308 -0.067620 -0.950373  0.113407 0.000665 0.191913
19  1.128471 0.000005 0.000002  0.000000 0.000000 0.202982
20  1.128466 -0.000002 -0.000000  0.000000 -0.000000 0.202982
21  4.416835 -0.015214 0.200557  0.053022 -0.021338 0.200234
22  1.364870 -0.000000 0.000001  0.000000 0.000000 0.202982
23  1.364872 0.000001 0.000001  0.000000 -0.000000 0.202982
24  4.451071 -0.068766 1.121661  -0.251518 -0.180901 0.213109
25  1.107775 0.000002 0.000000  0.000000 -0.000000 0.202982
26  1.107772 -0.000005 0.000003  0.000000 -0.000000 0.202982
27  2.098154 0.045612 1.805209  -0.173860 -0.359781 0.278294
28  0.914510 -0.000002 0.000000  -0.000000 0.272063 0.191981
29  0.914506 0.000001 0.000002  -0.000000 0.272063 0.191981
30  0.000001 0.001558 1.908401  -0.413817 -1.096260 -2.686203
31  3.867493 -0.000007 -0.000006  0.311364 0.916965 -0.127187
32  14.390594 0.000005 0.000000  -0.000004 -0.000002 -0.547567
33  11.595309 0.000001 0.000000  -1.573708 0.032325 0.005865
34  4.415188 -0.060750 1.931050  -0.355475 -0.038079 0.164708
35  0.923134 0.000002 -0.000002  -0.000000 -0.000000 0.267386
36  0.923136 -0.000006 -0.000002  -0.000000 0.000000 0.267386
37  4.449304 -0.067623 0.950376  -0.222583 -0.044806 0.264090
38  1.128470 0.000000 0.000001  -0.000000 -0.000000 0.267386
39  1.128474 0.000006 0.000000  -0.000000 0.000000 0.267386
40  4.416827 -0.015216 -0.200556  -0.033424 -0.024570 0.266829
41  1.364877 -0.000003 0.000000  -0.000000 -0.000000 0.267386
42  1.364857 -0.000006 -0.000000  -0.000000 -0.000000 0.267386
43  4.451065 -0.068770 -1.121658  0.292806 0.069077 0.230929
44  1.107777 0.000003 0.000001  -0.000000 -0.000000 0.267386
45  1.107769 -0.000000 -0.000001  -0.000000 -0.000000 0.267386
46  2.098145 0.045617 -1.805210  0.175220 0.385492 0.209422
47  0.914513 -0.000001 -0.000001  -0.000000 -0.261043 0.296702
48  0.914513 -0.000001 -0.000004  -0.000000 -0.505713 0.296702
49  1.969142 -0.000001 0.000000  0.037727 -0.008032 0.371437
50  -3.968637 0.006723 3.450990  -0.077763 -3.090865 -0.541625
51  17.254906 0.000000 -0.000001  0.000209 -0.000279 -0.674610
52  17.254896 -0.000001 0.000000  -0.148546 -0.001385 0.112200
53  3.968630 5.003932 -0.000000  0.000000 0.000000 1.570800
time 30
0  1.242215 10.519487 35.718773  0.000000 -0.019990 -1.680985
1  -0.000001 -0.000000 -0.000007  -0.000157 -1.570450 -1.570770
2  3.968638 -0.003570 0.000006  -0.000004 -0.000001 0.000796
3  -3.968622 0.006744 -3.450989  0.125785 -3.128932 -0.451661
4  17.254904 0.000002 -0.000000  -0.000009 0.000054 -0.152457
5  17.254904 -0.000001 0.000000  0.002333 -0.067318 -0.337574
6  3.968630 5.003931 0.000001  -0.000000 0.000000 1.570800
7  4.486293 -0.003571 0.000000  0.039725 -0.014148 0.130214
8  4.486292 -0.003572 -0.000000  0.038835 0.005363 0.163329
9  4.486280 -0.003571 0.000000  -0.020666 0.007820 0.131219
10  4.486213 -0.001567 -0.000000  -0.000000 -0.000000 -0.043633
11  -0.000002 0.001576 -1.908398  0.481526 1.261871 -2.558829
12  3.867490 0.000002 -0.000007  -0.201692 -1.027020 -0.287379
13  14.390596 -0.000003 0.000001  0.000007 0.000004 -0.470025
14  11.595286 0.000002 -0.000002  1.576767 -0.092710 -0.036229
15  4.415195 -0.060755 -1.931052  0.387042 0.125154 0.189331
16  0.923139 -0.000003 -0.000001  0.000000 0.000000 0.202982
17  0.923139 -0.000000 0.000002  0.000000 0.000000 0.202982
18  4.449308 -0.067618 -0.950374  0.113407 0.000665 0.191913
19  1.128474 0.000006 0.000003  0.000000 0.000000 0.202982
20  1.128467 -0.000001 -0.000001  0.000000 -0.000000 0.202982
21  4.416832 -0.015214 0.200558  0.053022 -0.021338 0.200234
22  1.364869 -0.000001 0.000000  0.000000 0.000000 0.202982
23  1.364869 0.000000 0.000002  0.000000 -0.000000 0.202982
24  4.451067 -0.068765 1.121661  -0.251518 -0.180901 0.213109
25  1.107775 0.000004 -0.000002  0.000000 -0.000000 0.202982
26  1.107768 -0.000005 0.000001  0.000000 -0.000000 0.202982
27  2.098151 0.045611 1.805213  -0.173860 -0.359781 0.278294
28  0.914510 -0.000003 -0.000002  -0.000000 0.272063 0.191981
29  0.914509 0.000000 0.000004  0.000000 0.272063 0.191981
30  0.000003 0.001563 1.908400  -0.413817 -1.096260 -2.686203
31  3.867496 -0.000006 -0.000014  0.313329 0.917163 -0.124626
32  14.390604 -0.000008 0.000000  -0.000004 -0.000002 -0.547004
33  11.595302 0.000002 0.000001  -1.574178 0.032903 0.005434
34  4.415187 -0.060746 1.931050  -0.355475 -0.038079 0.164708
35  0.923132 0.000003 0.000001  -0.000000 -0.000000 0.267386
36  0.923143 -0.000006 0.000000  -0.000000 0.000000 0.267386
37  4.449306 -0.067621 0.950375  -0.222583 -0.044806 0.264090
38  1.128471 0.000001 -0.000001  -0.000000 -0.000000 0.267386
39  1.128479 0.000001 0.000001  -0.000000 0.000000 0.267386
40  4.416823 -0.015215 -0.200561  -0.033424 -0.024570 0.266829
41  1.364877 -0.000003 -0.000001  -0.000000 -0.000000 0.267386
42  1.364860 -0.000002 0.000001  -0.000000 -0.000000 0.267386
43  4.451063 -0.068768 -1.121660  0.292806 0.069077 0.230929
44  1.107774 0.000001 0.000003  -0.000000 -0.000000 0.267386
45  1.107772 -0.000003 -0.000001  -0.000000 -0.000000 0.267386
46  2.098145 0.045617 -1.805211  0.175220 0.385492 0.209422
47  0.914517 0.000001 0.000001  -0.000000 -0.261043 0.296702
48  0.914513 -0.000000 -0.000003  -0.000000 -0.505713 0.296702
49  1.969144 0.000004 0.000000  0.037727 -0.008032 0.371437
50  -3.968624 0.006724 3.450990  -0.077767 -3.090862 -0.541421
51  17.254911 -0.000004 0.000000  0.000209 -0.000279 -0.674641
52  17.254898 0.000000 -0.000000  -0.148541 -0.001386 0.112239
53  3.968630 5.003932 -0.000000  0.000000 0.000000 1.570800
end
