// Created by Crowbar 0.51.0.0
version 1
nodes
  0 "ValveBiped.Bip01_Pelvis" -1
  1 "ValveBiped.Bip01_L_Thigh" 0
  2 "ValveBiped.Bip01_L_Calf" 1
  3 "ValveBiped.Bip01_L_Foot" 2
  4 "ValveBiped.Bip01_L_Toe0" 3
  5 "ValveBiped.Bip01_R_Thigh" 0
  6 "ValveBiped.Bip01_R_Calf" 5
  7 "ValveBiped.Bip01_R_Foot" 6
  8 "ValveBiped.Bip01_R_Toe0" 7
  9 "ValveBiped.Bip01_Spine" 0
  10 "ValveBiped.Bip01_Spine1" 9
  11 "ValveBiped.Bip01_Spine2" 10
  12 "ValveBiped.Bip01_Spine4" 11
  13 "ValveBiped.Bip01_Neck1" 12
  14 "ValveBiped.Bip01_Head1" 13
  15 "ValveBiped.Bip01_L_Clavicle" 12
  16 "ValveBiped.Bip01_L_UpperArm" 15
  17 "ValveBiped.Bip01_L_Forearm" 16
  18 "ValveBiped.Bip01_L_Hand" 17
  19 "ValveBiped.Bip01_L_Finger4" 18
  20 "ValveBiped.Bip01_L_Finger41" 19
  21 "ValveBiped.Bip01_L_Finger42" 20
  22 "ValveBiped.Bip01_L_Finger3" 18
  23 "ValveBiped.Bip01_L_Finger31" 22
  24 "ValveBiped.Bip01_L_Finger32" 23
  25 "ValveBiped.Bip01_L_Finger2" 18
  26 "ValveBiped.Bip01_L_Finger21" 25
  27 "ValveBiped.Bip01_L_Finger22" 26
  28 "ValveBiped.Bip01_L_Finger1" 18
  29 "ValveBiped.Bip01_L_Finger11" 28
  30 "ValveBiped.Bip01_L_Finger12" 29
  31 "ValveBiped.Bip01_L_Finger0" 18
  32 "ValveBiped.Bip01_L_Finger01" 31
  33 "ValveBiped.Bip01_L_Finger02" 32
  34 "ValveBiped.Bip01_R_Clavicle" 12
  35 "ValveBiped.Bip01_R_UpperArm" 34
  36 "ValveBiped.Bip01_R_Forearm" 35
  37 "ValveBiped.Bip01_R_Hand" 36
  38 "ValveBiped.Bip01_R_Finger4" 37
  39 "ValveBiped.Bip01_R_Finger41" 38
  40 "ValveBiped.Bip01_R_Finger42" 39
  41 "ValveBiped.Bip01_R_Finger3" 37
  42 "ValveBiped.Bip01_R_Finger31" 41
  43 "ValveBiped.Bip01_R_Finger32" 42
  44 "ValveBiped.Bip01_R_Finger2" 37
  45 "ValveBiped.Bip01_R_Finger21" 44
  46 "ValveBiped.Bip01_R_Finger22" 45
  47 "ValveBiped.Bip01_R_Finger1" 37
  48 "ValveBiped.Bip01_R_Finger11" 47
  49 "ValveBiped.Bip01_R_Finger12" 48
  50 "ValveBiped.Bip01_R_Finger0" 37
  51 "ValveBiped.Bip01_R_Finger01" 50
  52 "ValveBiped.Bip01_R_Finger02" 51
  53 "ValveBiped.Annabelle_Null" 37
end
skeleton
  time 0
    0 0.579700 -1.234408 23.906314 1.537231 -0.010249 -0.307938   # pos: anim   rot: anim
    1 3.890452 -0.000005 -0.000002 -2.060504 -1.008271 -1.177849   # pos: pos   rot: anim
    2 17.848177 -0.000001 0.000000 0.000000 0.000000 1.932923   # pos: pos   rot: anim
    3 15.634601 0.000000 0.000000 -0.144346 -0.198820 -1.718778   # pos: anim   rot: anim
    4 7.336499 0.000000 0.000000 -0.006964 -0.003287 -0.673371   # pos: anim   rot: anim
    5 -3.890451 0.000006 0.000007 -1.193997 -0.426820 -2.103844   # pos: pos   rot: anim
    6 17.848171 -0.000003 -0.000001 0.000000 0.000000 1.852293   # pos: pos   rot: anim
    7 15.634605 0.000000 0.000000 0.265935 -0.212207 -2.155197   # pos: anim   rot: anim
    8 7.336500 0.000000 0.000000 -0.080998 -0.003287 -0.673375   # pos: anim   rot: anim
    9 0.003911 3.345128 -2.981901 1.474485 0.085904 1.560306   # pos: anim   rot: anim
    10 4.018331 0.000000 0.000000 -0.081483 0.050695 -0.000569   # pos: pos   rot: anim
    11 3.518570 0.000000 0.000000 -0.167174 0.034108 0.443621   # pos: pos   rot: anim
    12 8.942642 -0.000001 0.000000 -0.008377 0.124748 0.418352   # pos: pos   rot: anim
    13 3.307231 0.000017 0.000000 3.141590 0.000000 0.400478   # pos: pos   rot: rot
    14 3.593711 0.000002 0.000000 0.539407 -0.171324 0.781973   # pos: pos   rot: anim
    15 2.033434 1.000746 1.937661 1.165502 -1.300374 3.367688   # pos: pos   rot: anim
    16 6.028158 0.000002 -0.000001 -1.766667 -1.095380 -1.243918   # pos: pos   rot: anim
    17 11.692554 0.000002 0.000001 0.000000 0.000000 -1.483962   # pos: pos   rot: anim
    18 11.481672 0.000010 -0.000034 -0.105032 0.206949 0.513663   # pos: pos   rot: anim
    19 4.082367 0.064632 -1.453701 -0.272699 -0.071383 -0.003060   # pos: anim   rot: anim
    20 1.019585 0.000001 0.000001 -0.416580 0.363234 -1.710887   # pos: anim   rot: anim
    21 0.944213 0.000000 0.000000 -0.030465 0.149158 -0.402249   # pos: anim   rot: anim
    22 4.137645 0.074117 -0.529102 -0.055554 -0.097345 -0.073279   # pos: anim   rot: anim
    23 1.222677 -0.000001 0.000000 -0.194798 0.216731 -1.463544   # pos: anim   rot: anim
    24 1.157258 0.000001 0.000000 -0.005417 0.048648 -0.221727   # pos: anim   rot: anim
    25 4.008693 -0.074116 0.529102 0.099672 -0.097309 -0.126634   # pos: anim   rot: anim
    26 1.426597 -0.000001 0.000000 -0.067377 0.068567 -1.553286   # pos: anim   rot: anim
    27 1.322468 -0.000002 0.000000 -0.003164 0.020606 -0.304732   # pos: anim   rot: anim
    28 4.035646 -0.040289 1.535597 0.338450 -0.014275 -0.573547   # pos: anim   rot: anim
    29 1.242852 0.000000 0.000000 0.061349 -0.118480 -0.954952   # pos: anim   rot: anim
    30 1.134824 0.000000 0.000000 0.029626 -0.087948 -0.649401   # pos: anim   rot: anim
    31 1.083400 -0.302045 1.946277 -1.009663 -0.070545 -1.203528   # pos: anim   rot: anim
    32 1.164764 0.000000 0.000001 0.003370 0.026658 0.251694   # pos: anim   rot: anim
    33 1.206993 0.000001 0.000000 0.000000 0.000001 0.000014   # pos: pos   rot: anim
    34 2.033440 1.000751 -1.937611 -0.774735 1.152746 3.811996   # pos: pos   rot: anim
    35 6.028159 0.000000 0.000001 -1.235326 0.844920 -3.211441   # pos: pos   rot: anim
    36 11.692550 -0.000001 0.000002 0.000000 0.000000 -0.673409   # pos: pos   rot: anim
    37 11.481704 0.000013 0.000004 -1.064631 -0.113277 0.479580   # pos: pos   rot: anim
    38 4.082335 0.078375 1.450928 0.410945 0.123009 -0.756694   # pos: anim   rot: anim
    39 1.019584 0.000001 0.000000 0.082430 -0.261838 -0.607018   # pos: anim   rot: anim
    40 0.944214 0.000000 0.000000 0.205128 -0.375116 -0.993826   # pos: anim   rot: anim
    41 4.137612 0.077673 0.528702 0.177566 -0.069921 -0.759576   # pos: anim   rot: anim
    42 1.222679 0.000000 0.000000 0.051546 -0.155709 -0.638351   # pos: anim   rot: anim
    43 1.157262 0.000001 0.000000 0.193935 -0.249762 -1.318455   # pos: anim   rot: anim
    44 4.008660 -0.077672 -0.528702 -0.136588 -0.008811 -0.777508   # pos: anim   rot: anim
    45 1.426599 0.000002 0.000000 0.018732 -0.055385 -0.652482   # pos: anim   rot: anim
    46 1.322465 -0.000001 0.000000 0.091850 -0.091050 -1.579520   # pos: anim   rot: anim
    47 4.035616 -0.051278 -1.538320 -0.320035 0.260833 -0.059362   # pos: anim   rot: anim
    48 1.242848 0.000000 0.000000 -0.019870 0.072258 -0.536678   # pos: anim   rot: anim
    49 1.134823 0.000001 0.000000 -0.066802 0.119806 -1.016558   # pos: anim   rot: anim
    50 1.083369 -0.316865 -1.943353 1.056174 0.100072 -1.187505   # pos: anim   rot: anim
    51 1.164765 0.000000 0.000000 0.016659 0.092788 0.355088   # pos: anim   rot: anim
    52 1.206997 0.000002 0.000001 0.015880 0.090669 0.346594   # pos: pos   rot: anim
    53 3.202717 -1.851488 0.187596 0.000000 0.000000 0.000000   # pos: pos   rot: rot
  time 1
    0 0.603138 -1.046902 23.523490 1.550245 -0.010249 -0.307938   # pos: anim   rot: anim
    1 3.890452 -0.000005 -0.000002 -2.117248 -1.035385 -1.127546   # pos: pos   rot: anim
    2 17.848177 -0.000001 0.000000 0.000000 0.000000 1.957151   # pos: pos   rot: anim
    3 15.634601 0.000000 0.000000 -0.130776 -0.190247 -1.721662   # pos: anim   rot: anim
    4 7.336499 0.000000 0.000000 -0.006964 -0.003287 -0.673371   # pos: anim   rot: anim
    5 -3.890451 0.000006 0.000007 -1.183439 -0.452972 -2.116740   # pos: pos   rot: anim
    6 17.848171 -0.000003 -0.000001 0.000000 0.000000 1.888213   # pos: pos   rot: anim
    7 15.634605 0.000000 0.000000 0.261574 -0.221755 -2.145973   # pos: anim   rot: anim
    8 7.336500 0.000000 0.000000 -0.080866 -0.003454 -0.703559   # pos: anim   rot: anim
    9 0.003911 3.345128 -2.981901 1.474485 0.085904 1.560306   # pos: anim   rot: anim
    10 4.018331 0.000000 0.000000 -0.081447 0.038902 0.000244   # pos: pos   rot: anim
    11 3.518570 0.000000 0.000000 -0.166988 0.025096 0.445136   # pos: pos   rot: anim
    12 8.942642 -0.000001 0.000000 -0.008377 0.124748 0.418352   # pos: pos   rot: anim
    13 3.307231 0.000017 0.000000 3.141590 0.000000 0.400478   # pos: pos   rot: rot
    14 3.593711 0.000002 0.000000 0.582367 -0.104839 0.823737   # pos: pos   rot: anim
    15 2.033434 1.000746 1.937661 1.166555 -1.299275 3.366634   # pos: pos   rot: anim
    16 6.028158 0.000002 -0.000001 -1.767240 -0.953485 -1.183650   # pos: pos   rot: anim
    17 11.692554 0.000002 0.000001 0.000000 0.000000 -1.483962   # pos: pos   rot: anim
    18 11.481672 0.000010 -0.000034 0.054614 0.192457 0.431987   # pos: pos   rot: anim
    19 4.082367 0.064632 -1.453701 -0.272699 -0.071383 -0.003060   # pos: anim   rot: anim
    20 1.019585 0.000001 0.000001 -0.416580 0.363234 -1.710887   # pos: anim   rot: anim
    21 0.944213 0.000000 0.000000 -0.030465 0.149158 -0.402249   # pos: anim   rot: anim
    22 4.137645 0.074117 -0.529102 -0.055554 -0.097345 -0.073279   # pos: anim   rot: anim
    23 1.222677 -0.000001 0.000000 -0.194798 0.216731 -1.463544   # pos: anim   rot: anim
    24 1.157258 0.000001 0.000000 -0.005417 0.048648 -0.221727   # pos: anim   rot: anim
    25 4.008693 -0.074116 0.529102 0.099672 -0.097309 -0.126634   # pos: anim   rot: anim
    26 1.426597 -0.000001 0.000000 -0.067377 0.068567 -1.553286   # pos: anim   rot: anim
    27 1.322468 -0.000002 0.000000 -0.003164 0.020606 -0.304732   # pos: anim   rot: anim
    28 4.035646 -0.040289 1.535597 0.338450 -0.014275 -0.573547   # pos: anim   rot: anim
    29 1.242852 0.000000 0.000000 0.061349 -0.118480 -0.954952   # pos: anim   rot: anim
    30 1.134824 0.000000 0.000000 0.029626 -0.087948 -0.649401   # pos: anim   rot: anim
    31 1.083400 -0.302045 1.946277 -1.009663 -0.070545 -1.203528   # pos: anim   rot: anim
    32 1.164764 0.000000 0.000001 0.003370 0.026658 0.251694   # pos: anim   rot: anim
    33 1.206993 0.000001 0.000000 0.000000 0.000001 0.000014   # pos: pos   rot: anim
    34 2.033440 1.000751 -1.937611 -0.774735 1.152746 3.811996   # pos: pos   rot: anim
    35 6.028159 0.000000 0.000001 -1.152461 0.917621 -3.208272   # pos: pos   rot: anim
    36 11.692550 -0.000001 0.000002 0.000000 0.000000 -0.800859   # pos: pos   rot: anim
    37 11.481704 0.000013 0.000004 -1.046471 -0.084685 0.390701   # pos: pos   rot: anim
    38 4.082335 0.078375 1.450928 0.410945 0.123009 -0.756694   # pos: anim   rot: anim
    39 1.019584 0.000001 0.000000 0.082430 -0.261838 -0.607018   # pos: anim   rot: anim
    40 0.944214 0.000000 0.000000 0.205128 -0.375116 -0.993826   # pos: anim   rot: anim
    41 4.137612 0.077673 0.528702 0.177566 -0.069921 -0.759576   # pos: anim   rot: anim
    42 1.222679 0.000000 0.000000 0.051546 -0.155709 -0.638351   # pos: anim   rot: anim
    43 1.157262 0.000001 0.000000 0.193935 -0.249762 -1.318455   # pos: anim   rot: anim
    44 4.008660 -0.077672 -0.528702 -0.136588 -0.008811 -0.777508   # pos: anim   rot: anim
    45 1.426599 0.000002 0.000000 0.018732 -0.055385 -0.652482   # pos: anim   rot: anim
    46 1.322465 -0.000001 0.000000 0.091850 -0.091050 -1.579520   # pos: anim   rot: anim
    47 4.035616 -0.051278 -1.538320 -0.320035 0.260833 -0.059362   # pos: anim   rot: anim
    48 1.242848 0.000000 0.000000 -0.019870 0.072258 -0.536678   # pos: anim   rot: anim
    49 1.134823 0.000001 0.000000 -0.066802 0.119806 -1.016558   # pos: anim   rot: anim
    50 1.083369 -0.316865 -1.943353 1.056174 0.100072 -1.187505   # pos: anim   rot: anim
    51 1.164765 0.000000 0.000000 0.016659 0.092788 0.355088   # pos: anim   rot: anim
    52 1.206997 0.000002 0.000001 0.015880 0.090669 0.346594   # pos: pos   rot: anim
    53 3.202717 -1.851488 0.187596 0.000000 0.000000 0.000000   # pos: pos   rot: rot
  time 2
    0 0.653921 -0.570325 22.554710 1.583869 -0.010249 -0.308033   # pos: anim   rot: anim
    1 3.890452 -0.000005 -0.000002 -2.245690 -1.109090 -1.005750   # pos: pos   rot: anim
    2 17.848177 -0.000001 0.000000 0.000000 0.000000 2.015904   # pos: pos   rot: anim
    3 15.634601 0.000000 0.000000 -0.114557 -0.183548 -1.722183   # pos: anim   rot: anim
    4 7.336499 0.000000 0.000000 -0.006964 -0.003287 -0.673371   # pos: anim   rot: anim
    5 -3.890451 0.000006 0.000007 -1.153961 -0.517532 -2.152478   # pos: pos   rot: anim
    6 17.848171 -0.000003 -0.000001 0.000000 0.000000 1.977200   # pos: pos   rot: anim
    7 15.634605 0.000000 0.000000 0.248142 -0.247506 -2.116456   # pos: anim   rot: anim
    8 7.336500 0.000000 0.000000 -0.080483 -0.003898 -0.787032   # pos: anim   rot: anim
    9 0.003911 3.345128 -2.981901 1.474485 0.085904 1.560306   # pos: anim   rot: anim
    10 4.018331 0.000000 0.000000 -0.083125 0.026174 0.000958   # pos: pos   rot: anim
    11 3.518570 0.000000 0.000000 -0.166802 0.015556 0.446739   # pos: pos   rot: anim
    12 8.942642 -0.000001 0.000000 -0.008377 0.124748 0.418352   # pos: pos   rot: anim
    13 3.307231 0.000017 0.000000 3.141590 0.000000 0.400478   # pos: pos   rot: rot
    14 3.593711 0.000002 0.000000 0.629789 -0.036380 0.873769   # pos: pos   rot: anim
    15 2.033434 1.000746 1.937661 1.167705 -1.298058 3.365389   # pos: pos   rot: anim
    16 6.028158 0.000002 -0.000001 -1.778710 -0.826160 -1.111608   # pos: pos   rot: anim
    17 11.692554 0.000002 0.000001 0.000000 0.000000 -1.484038   # pos: pos   rot: anim
    18 11.481672 0.000010 -0.000034 0.221125 0.184876 0.340074   # pos: pos   rot: anim
    19 4.082367 0.064632 -1.453701 -0.272699 -0.071383 -0.003060   # pos: anim   rot: anim
    20 1.019585 0.000001 0.000001 -0.416580 0.363234 -1.710887   # pos: anim   rot: anim
    21 0.944213 0.000000 0.000000 -0.030465 0.149158 -0.402249   # pos: anim   rot: anim
    22 4.137645 0.074117 -0.529102 -0.055554 -0.097345 -0.073279   # pos: anim   rot: anim
    23 1.222677 -0.000001 0.000000 -0.194798 0.216731 -1.463544   # pos: anim   rot: anim
    24 1.157258 0.000001 0.000000 -0.005417 0.048648 -0.221727   # pos: anim   rot: anim
    25 4.008693 -0.074116 0.529102 0.099672 -0.097309 -0.126634   # pos: anim   rot: anim
    26 1.426597 -0.000001 0.000000 -0.067377 0.068567 -1.553286   # pos: anim   rot: anim
    27 1.322468 -0.000002 0.000000 -0.003164 0.020606 -0.304732   # pos: anim   rot: anim
    28 4.035646 -0.040289 1.535597 0.338450 -0.014275 -0.573547   # pos: anim   rot: anim
    29 1.242852 0.000000 0.000000 0.061349 -0.118480 -0.954952   # pos: anim   rot: anim
    30 1.134824 0.000000 0.000000 0.029614 -0.087948 -0.649401   # pos: anim   rot: anim
    31 1.083400 -0.302045 1.946277 -1.009663 -0.070545 -1.203528   # pos: anim   rot: anim
    32 1.164764 0.000000 0.000001 0.003370 0.026658 0.251694   # pos: anim   rot: anim
    33 1.206993 0.000001 0.000000 0.000000 0.000001 0.000014   # pos: pos   rot: anim
    34 2.033440 1.000751 -1.937611 -0.774735 1.152746 3.811996   # pos: pos   rot: anim
    35 6.028159 0.000000 0.000001 -1.069419 0.978579 -3.215076   # pos: pos   rot: anim
    36 11.692550 -0.000001 0.000002 0.000000 0.000000 -0.930414   # pos: pos   rot: anim
    37 11.481704 0.000013 0.000004 -1.029375 -0.051849 0.294229   # pos: pos   rot: anim
    38 4.082335 0.078375 1.450928 0.410945 0.122997 -0.756694   # pos: anim   rot: anim
    39 1.019584 0.000001 0.000000 0.082430 -0.261838 -0.607018   # pos: anim   rot: anim
    40 0.944214 0.000000 0.000000 0.205128 -0.375116 -0.993826   # pos: anim   rot: anim
    41 4.137612 0.077673 0.528702 0.177566 -0.069921 -0.759576   # pos: anim   rot: anim
    42 1.222679 0.000000 0.000000 0.051546 -0.155709 -0.638351   # pos: anim   rot: anim
    43 1.157262 0.000001 0.000000 0.193935 -0.249762 -1.318455   # pos: anim   rot: anim
    44 4.008660 -0.077672 -0.528702 -0.136588 -0.008811 -0.777508   # pos: anim   rot: anim
    45 1.426599 0.000002 0.000000 0.018732 -0.055385 -0.652482   # pos: anim   rot: anim
    46 1.322465 -0.000001 0.000000 0.091850 -0.091050 -1.579520   # pos: anim   rot: anim
    47 4.035616 -0.051278 -1.538320 -0.320035 0.260833 -0.059362   # pos: anim   rot: anim
    48 1.242848 0.000000 0.000000 -0.019870 0.072258 -0.536678   # pos: anim   rot: anim
    49 1.134823 0.000001 0.000000 -0.066802 0.119806 -1.016558   # pos: anim   rot: anim
    50 1.083369 -0.316865 -1.943353 1.056174 0.100072 -1.187505   # pos: anim   rot: anim
    51 1.164765 0.000000 0.000000 0.016659 0.092788 0.355088   # pos: anim   rot: anim
    52 1.206997 0.000002 0.000001 0.015880 0.090669 0.346594   # pos: pos   rot: anim
    53 3.202717 -1.851488 0.187596 0.000000 0.000000 0.000000   # pos: pos   rot: rot
  time 3
    0 0.728142 0.078132 21.230451 1.629859 -0.010249 -0.308128   # pos: anim   rot: anim
    1 3.890452 -0.000005 -0.000002 -2.487908 -1.199386 -0.771034   # pos: pos   rot: anim
    2 17.848177 -0.000001 0.000000 0.000000 0.000000 2.091163   # pos: pos   rot: anim
    3 15.634601 0.000000 0.000000 -0.096522 -0.180169 -1.714190   # pos: anim   rot: anim
    4 7.336499 0.000000 0.000000 -0.006964 -0.003287 -0.673371   # pos: anim   rot: anim
    5 -3.890451 0.000006 0.000007 -1.106914 -0.600772 -2.209580   # pos: pos   rot: anim
    6 17.848171 -0.000003 -0.000001 0.000000 0.000000 2.095606   # pos: pos   rot: anim
    7 15.634605 0.000000 0.000000 0.224193 -0.285174 -2.065369   # pos: anim   rot: anim
    8 7.336500 0.000000 0.000000 -0.079847 -0.004497 -0.911430   # pos: anim   rot: anim
    9 0.003911 3.345128 -2.981901 1.474485 0.085904 1.560306   # pos: anim   rot: anim
    10 4.018331 0.000000 0.000000 -0.085246 0.013231 0.001672   # pos: pos   rot: anim
    11 3.518570 0.000000 0.000000 -0.166643 0.005884 0.448370   # pos: pos   rot: anim
    12 8.942642 -0.000001 0.000000 -0.008377 0.124748 0.418352   # pos: pos   rot: anim
    13 3.307231 0.000017 0.000000 3.141590 0.000000 0.400478   # pos: pos   rot: rot
    14 3.593711 0.000002 0.000000 0.679793 0.026444 0.925732   # pos: pos   rot: anim
    15 2.033434 1.000746 1.937661 1.168950 -1.296762 3.364143   # pos: pos   rot: anim
    16 6.028158 0.000002 -0.000001 -1.790658 -0.706464 -1.041249   # pos: pos   rot: anim
    17 11.692554 0.000002 0.000001 0.000000 0.000000 -1.484038   # pos: pos   rot: anim
    18 11.481672 0.000010 -0.000034 0.391030 0.190078 0.243522   # pos: pos   rot: anim
    19 4.082367 0.064632 -1.453701 -0.272699 -0.071383 -0.003060   # pos: anim   rot: anim
    20 1.019585 0.000001 0.000001 -0.416580 0.363234 -1.710887   # pos: anim   rot: anim
    21 0.944213 0.000000 0.000000 -0.030465 0.149158 -0.402249   # pos: anim   rot: anim
    22 4.137645 0.074117 -0.529102 -0.055554 -0.097345 -0.073279   # pos: anim   rot: anim
    23 1.222677 -0.000001 0.000000 -0.194798 0.216731 -1.463544   # pos: anim   rot: anim
    24 1.157258 0.000001 0.000000 -0.005405 0.048648 -0.221727   # pos: anim   rot: anim
    25 4.008693 -0.074116 0.529102 0.099672 -0.097309 -0.126634   # pos: anim   rot: anim
    26 1.426597 -0.000001 0.000000 -0.067377 0.068567 -1.553286   # pos: anim   rot: anim
    27 1.322468 -0.000002 0.000000 -0.003164 0.020606 -0.304732   # pos: anim   rot: anim
    28 4.035646 -0.040289 1.535597 0.338450 -0.014275 -0.573547   # pos: anim   rot: anim
    29 1.242852 0.000000 0.000000 0.061349 -0.118480 -0.954952   # pos: anim   rot: anim
    30 1.134824 0.000000 0.000000 0.029626 -0.087948 -0.649401   # pos: anim   rot: anim
    31 1.083400 -0.302045 1.946277 -1.009663 -0.070545 -1.203528   # pos: anim   rot: anim
    32 1.164764 0.000000 0.000001 0.003370 0.026658 0.251694   # pos: anim   rot: anim
    33 1.206993 0.000001 0.000000 0.000000 0.000001 0.000014   # pos: pos   rot: anim
    34 2.033440 1.000751 -1.937611 -0.774735 1.152746 3.811996   # pos: pos   rot: anim
    35 6.028159 0.000000 0.000001 -0.983094 1.029847 -3.223837   # pos: pos   rot: anim
    36 11.692550 -0.000001 0.000002 0.000000 0.000000 -1.057413   # pos: pos   rot: anim
    37 11.481704 0.000013 0.000004 -1.014874 -0.016546 0.195150   # pos: pos   rot: anim
    38 4.082335 0.078375 1.450928 0.410945 0.123009 -0.756694   # pos: anim   rot: anim
    39 1.019584 0.000001 0.000000 0.082430 -0.261838 -0.607018   # pos: anim   rot: anim
    40 0.944214 0.000000 0.000000 0.205128 -0.375116 -0.993826   # pos: anim   rot: anim
    41 4.137612 0.077673 0.528702 0.177566 -0.069921 -0.759576   # pos: anim   rot: anim
    42 1.222679 0.000000 0.000000 0.051546 -0.155709 -0.638351   # pos: anim   rot: anim
    43 1.157262 0.000001 0.000000 0.193935 -0.249762 -1.318455   # pos: anim   rot: anim
    44 4.008660 -0.077672 -0.528702 -0.136588 -0.008811 -0.777508   # pos: anim   rot: anim
    45 1.426599 0.000002 0.000000 0.018732 -0.055385 -0.652482   # pos: anim   rot: anim
    46 1.322465 -0.000001 0.000000 0.091850 -0.091050 -1.579520   # pos: anim   rot: anim
    47 4.035616 -0.051278 -1.538320 -0.320035 0.260833 -0.059362   # pos: anim   rot: anim
    48 1.242848 0.000000 0.000000 -0.019870 0.072258 -0.536678   # pos: anim   rot: anim
    49 1.134823 0.000001 0.000000 -0.066802 0.119806 -1.016558   # pos: anim   rot: anim
    50 1.083369 -0.316865 -1.943353 1.056174 0.100072 -1.187505   # pos: anim   rot: anim
    51 1.164765 0.000000 0.000000 0.016659 0.092788 0.355088   # pos: anim   rot: anim
    52 1.206997 0.000002 0.000001 0.015880 0.090669 0.346594   # pos: pos   rot: anim
    53 3.202717 -1.851488 0.187596 0.000000 0.000000 0.000000   # pos: pos   rot: rot
  time 4
    0 0.806270 0.800811 19.761656 1.680030 -0.010249 -0.308223   # pos: anim   rot: anim
    1 3.890452 -0.000005 -0.000002 -2.904385 -1.264282 -0.363741   # pos: pos   rot: anim
    2 17.848177 -0.000001 0.000000 0.000000 0.000000 2.167860   # pos: pos   rot: anim
    3 15.634601 0.000000 0.000000 -0.076818 -0.180618 -1.693240   # pos: anim   rot: anim
    4 7.336499 0.000000 0.000000 -0.006964 -0.003287 -0.673371   # pos: anim   rot: anim
    5 -3.890451 0.000006 0.000007 -1.044663 -0.684924 -2.286415   # pos: pos   rot: anim
    6 17.848171 -0.000003 -0.000001 0.000000 0.000000 2.224333   # pos: pos   rot: anim
    7 15.634605 0.000000 0.000000 0.187909 -0.330151 -1.993611   # pos: anim   rot: anim
    8 7.336500 0.000000 0.000000 -0.078973 -0.005108 -1.062456   # pos: anim   rot: anim
    9 0.003911 3.345128 -2.981901 1.474485 0.085904 1.560306   # pos: anim   rot: anim
    10 4.018331 0.000000 0.000000 -0.086529 0.000743 0.002452   # pos: pos   rot: anim
    11 3.518570 0.000000 0.000000 -0.166497 -0.003511 0.449958   # pos: pos   rot: anim
    12 8.942642 -0.000001 0.000000 -0.008377 0.124748 0.418352   # pos: pos   rot: anim
    13 3.307231 0.000017 0.000000 3.141590 0.000000 0.400478   # pos: pos   rot: rot
    14 3.593711 0.000002 0.000000 0.729096 0.077272 0.971871   # pos: pos   rot: anim
    15 2.033434 1.000746 1.937661 1.170195 -1.295427 3.362898   # pos: pos   rot: anim
    16 6.028158 0.000002 -0.000001 -1.796584 -0.588674 -0.981167   # pos: pos   rot: anim
    17 11.692554 0.000002 0.000001 0.000000 0.000000 -1.484114   # pos: pos   rot: anim
    18 11.481672 0.000010 -0.000034 0.560146 0.211334 0.149068   # pos: pos   rot: anim
    19 4.082367 0.064632 -1.453701 -0.272699 -0.071383 -0.003060   # pos: anim   rot: anim
    20 1.019585 0.000001 0.000001 -0.416580 0.363234 -1.710887   # pos: anim   rot: anim
    21 0.944213 0.000000 0.000000 -0.030465 0.149158 -0.402249   # pos: anim   rot: anim
    22 4.137645 0.074117 -0.529102 -0.055554 -0.097345 -0.073279   # pos: anim   rot: anim
    23 1.222677 -0.000001 0.000000 -0.194798 0.216731 -1.463544   # pos: anim   rot: anim
    24 1.157258 0.000001 0.000000 -0.005405 0.048648 -0.221727   # pos: anim   rot: anim
    25 4.008693 -0.074116 0.529102 0.099672 -0.097309 -0.126634   # pos: anim   rot: anim
    26 1.426597 -0.000001 0.000000 -0.067377 0.068567 -1.553286   # pos: anim   rot: anim
    27 1.322468 -0.000002 0.000000 -0.003164 0.020606 -0.304732   # pos: anim   rot: anim
    28 4.035646 -0.040289 1.535597 0.338450 -0.014275 -0.573547   # pos: anim   rot: anim
    29 1.242852 0.000000 0.000000 0.061349 -0.118480 -0.954952   # pos: anim   rot: anim
    30 1.134824 0.000000 0.000000 0.029626 -0.087948 -0.649401   # pos: anim   rot: anim
    31 1.083400 -0.302045 1.946277 -1.009663 -0.070545 -1.203528   # pos: anim   rot: anim
    32 1.164764 0.000000 0.000001 0.003370 0.026658 0.251694   # pos: anim   rot: anim
    33 1.206993 0.000001 0.000000 0.000000 0.000001 0.000014   # pos: pos   rot: anim
    34 2.033440 1.000751 -1.937611 -0.774735 1.152746 3.811996   # pos: pos   rot: anim
    35 6.028159 0.000000 0.000001 -0.890558 1.073382 -3.225981   # pos: pos   rot: anim
    36 11.692550 -0.000001 0.000002 0.000000 0.000000 -1.177569   # pos: pos   rot: anim
    37 11.481704 0.000013 0.000004 -1.003765 0.019186 0.098295   # pos: pos   rot: anim
    38 4.082335 0.078375 1.450928 0.410945 0.123009 -0.756694   # pos: anim   rot: anim
    39 1.019584 0.000001 0.000000 0.082430 -0.261838 -0.607018   # pos: anim   rot: anim
    40 0.944214 0.000000 0.000000 0.205128 -0.375116 -0.993826   # pos: anim   rot: anim
    41 4.137612 0.077673 0.528702 0.177566 -0.069921 -0.759576   # pos: anim   rot: anim
    42 1.222679 0.000000 0.000000 0.051546 -0.155709 -0.638351   # pos: anim   rot: anim
    43 1.157262 0.000001 0.000000 0.193935 -0.249762 -1.318455   # pos: anim   rot: anim
    44 4.008660 -0.077672 -0.528702 -0.136588 -0.008811 -0.777508   # pos: anim   rot: anim
    45 1.426599 0.000002 0.000000 0.018732 -0.055385 -0.652482   # pos: anim   rot: anim
    46 1.322465 -0.000001 0.000000 0.091850 -0.091050 -1.579520   # pos: anim   rot: anim
    47 4.035616 -0.051278 -1.538320 -0.320035 0.260833 -0.059362   # pos: anim   rot: anim
    48 1.242848 0.000000 0.000000 -0.019870 0.072258 -0.536678   # pos: anim   rot: anim
    49 1.134823 0.000001 0.000000 -0.066802 0.119806 -1.016558   # pos: anim   rot: anim
    50 1.083369 -0.316865 -1.943353 1.056174 0.100072 -1.187505   # pos: anim   rot: anim
    51 1.164765 0.000000 0.000000 0.016659 0.092788 0.355088   # pos: anim   rot: anim
    52 1.206997 0.000002 0.000001 0.015880 0.090669 0.346594   # pos: pos   rot: anim
    53 3.202717 -1.851488 0.187596 0.000000 0.000000 0.000000   # pos: pos   rot: rot
  time 5
    0 0.884397 1.500051 18.339738 1.726080 -0.010219 -0.308318   # pos: anim   rot: anim
    1 3.890452 -0.000005 -0.000002 -3.404637 -1.261688 0.125640   # pos: pos   rot: anim
    2 17.848177 -0.000001 0.000000 0.000000 0.000000 2.234184   # pos: pos   rot: anim
    3 15.634601 0.000000 0.000000 -0.056354 -0.184680 -1.659947   # pos: anim   rot: anim
    4 7.336499 0.000000 0.000000 -0.006964 -0.003287 -0.673371   # pos: anim   rot: anim
    5 -3.890451 0.000006 0.000007 -0.974304 -0.754541 -2.376068   # pos: pos   rot: anim
    6 17.848171 -0.000003 -0.000001 0.000000 0.000000 2.346640   # pos: pos   rot: anim
    7 15.634605 0.000000 0.000000 0.138268 -0.377253 -1.903357   # pos: anim   rot: anim
    8 7.336500 0.000000 0.000000 -0.077954 -0.005612 -1.224822   # pos: anim   rot: anim
    9 0.003911 3.345128 -2.981901 1.474485 0.085904 1.560306   # pos: anim   rot: anim
    10 4.018331 0.000000 0.000000 -0.085654 -0.010582 0.003332   # pos: pos   rot: anim
    11 3.518570 0.000000 0.000000 -0.166365 -0.012248 0.451415   # pos: pos   rot: anim
    12 8.942642 -0.000001 0.000000 -0.008377 0.124748 0.418352   # pos: pos   rot: anim
    13 3.307231 0.000017 0.000000 3.141590 0.000000 0.400478   # pos: pos   rot: rot
    14 3.593711 0.000002 0.000000 0.773369 0.111021 1.003080   # pos: pos   rot: anim
    15 2.033434 1.000746 1.937661 1.171344 -1.294210 3.361652   # pos: pos   rot: anim
    16 6.028158 0.000002 -0.000001 -1.791327 -0.468635 -0.936504   # pos: pos   rot: anim
    17 11.692554 0.000002 0.000001 0.000000 0.000000 -1.484190   # pos: pos   rot: anim
    18 11.481672 0.000010 -0.000034 0.724369 0.249238 0.064004   # pos: pos   rot: anim
    19 4.082367 0.064632 -1.453701 -0.272699 -0.071383 -0.003060   # pos: anim   rot: anim
    20 1.019585 0.000001 0.000001 -0.416580 0.363234 -1.710887   # pos: anim   rot: anim
    21 0.944213 0.000000 0.000000 -0.030465 0.149158 -0.402249   # pos: anim   rot: anim
    22 4.137645 0.074117 -0.529102 -0.055554 -0.097345 -0.073279   # pos: anim   rot: anim
    23 1.222677 -0.000001 0.000000 -0.194798 0.216731 -1.463544   # pos: anim   rot: anim
    24 1.157258 0.000001 0.000000 -0.005405 0.048648 -0.221727   # pos: anim   rot: anim
    25 4.008693 -0.074116 0.529102 0.099672 -0.097309 -0.126634   # pos: anim   rot: anim
    26 1.426597 -0.000001 0.000000 -0.067377 0.068567 -1.553286   # pos: anim   rot: anim
    27 1.322468 -0.000002 0.000000 -0.003164 0.020606 -0.304732   # pos: anim   rot: anim
    28 4.035646 -0.040289 1.535597 0.338450 -0.014275 -0.573547   # pos: anim   rot: anim
    29 1.242852 0.000000 0.000000 0.061349 -0.118480 -0.954952   # pos: anim   rot: anim
    30 1.134824 0.000000 0.000000 0.029626 -0.087948 -0.649401   # pos: anim   rot: anim
    31 1.083400 -0.302045 1.946277 -1.009663 -0.070545 -1.203528   # pos: anim   rot: anim
    32 1.164764 0.000000 0.000001 0.003370 0.026658 0.251694   # pos: anim   rot: anim
    33 1.206993 0.000001 0.000000 0.000000 0.000001 0.000014   # pos: pos   rot: anim
    34 2.033440 1.000751 -1.937611 -0.774735 1.152746 3.811996   # pos: pos   rot: anim
    35 6.028159 0.000000 0.000001 -0.790216 1.111427 -3.213305   # pos: pos   rot: anim
    36 11.692550 -0.000001 0.000002 0.000000 0.000000 -1.286372   # pos: pos   rot: anim
    37 11.481704 0.000013 0.000004 -0.996314 0.053141 0.008419   # pos: pos   rot: anim
    38 4.082335 0.078375 1.450928 0.410945 0.123009 -0.756694   # pos: anim   rot: anim
    39 1.019584 0.000001 0.000000 0.082430 -0.261838 -0.607018   # pos: anim   rot: anim
    40 0.944214 0.000000 0.000000 0.205128 -0.375116 -0.993826   # pos: anim   rot: anim
    41 4.137612 0.077673 0.528702 0.177566 -0.069921 -0.759576   # pos: anim   rot: anim
    42 1.222679 0.000000 0.000000 0.051546 -0.155709 -0.638351   # pos: anim   rot: anim
    43 1.157262 0.000001 0.000000 0.193935 -0.249762 -1.318455   # pos: anim   rot: anim
    44 4.008660 -0.077672 -0.528702 -0.136588 -0.008811 -0.777508   # pos: anim   rot: anim
    45 1.426599 0.000002 0.000000 0.018732 -0.055385 -0.652482   # pos: anim   rot: anim
    46 1.322465 -0.000001 0.000000 0.091850 -0.091050 -1.579520   # pos: anim   rot: anim
    47 4.035616 -0.051278 -1.538320 -0.320035 0.260833 -0.059362   # pos: anim   rot: anim
    48 1.242848 0.000000 0.000000 -0.019870 0.072258 -0.536678   # pos: anim   rot: anim
    49 1.134823 0.000001 0.000000 -0.066802 0.119806 -1.016558   # pos: anim   rot: anim
    50 1.083369 -0.316865 -1.943353 1.056174 0.100072 -1.187505   # pos: anim   rot: anim
    51 1.164765 0.000000 0.000000 0.016659 0.092788 0.355088   # pos: anim   rot: anim
    52 1.206997 0.000002 0.000001 0.015880 0.090669 0.346594   # pos: pos   rot: anim
    53 3.202717 -1.851488 0.187596 0.000000 0.000000 0.000000   # pos: pos   rot: rot
  time 6
    0 0.942993 2.054755 17.214703 1.759704 -0.010219 -0.308413   # pos: anim   rot: anim
    1 3.890452 -0.000005 -0.000002 -3.740311 -1.209125 0.449603   # pos: pos   rot: anim
    2 17.848177 -0.000001 0.000000 0.000000 0.000000 2.280823   # pos: pos   rot: anim
    3 15.634601 0.000000 0.000000 -0.036650 -0.190110 -1.623816   # pos: anim   rot: anim
    4 7.336499 0.000000 0.000000 -0.006964 -0.003287 -0.673371   # pos: anim   rot: anim
    5 -3.890451 0.000006 0.000007 -0.912644 -0.797961 -2.460128   # pos: pos   rot: anim
    6 17.848171 -0.000003 -0.000001 0.000000 0.000000 2.445054   # pos: pos   rot: anim
    7 15.634605 0.000000 0.000000 0.076664 -0.419433 -1.797446   # pos: anim   rot: anim
    8 7.336500 0.000000 0.000000 -0.076887 -0.005935 -1.383385   # pos: anim   rot: anim
    9 0.003911 3.345128 -2.981901 1.474485 0.085904 1.560306   # pos: anim   rot: anim
    10 4.018331 0.000000 0.000000 -0.081363 -0.020086 0.004312   # pos: pos   rot: anim
    11 3.518570 0.000000 0.000000 -0.166272 -0.019918 0.452711   # pos: pos   rot: anim
    12 8.942642 -0.000001 0.000000 -0.008377 0.124748 0.418352   # pos: pos   rot: anim
    13 3.307231 0.000017 0.000000 3.141590 0.000000 0.400478   # pos: pos   rot: rot
    14 3.593711 0.000002 0.000000 0.812566 0.121418 1.005783   # pos: pos   rot: anim
    15 2.033434 1.000746 1.937661 1.172301 -1.293111 3.360598   # pos: pos   rot: anim
    16 6.028158 0.000002 -0.000001 -1.770681 -0.342435 -0.909593   # pos: pos   rot: anim
    17 11.692554 0.000002 0.000001 0.000000 0.000000 -1.484266   # pos: pos   rot: anim
    18 11.481672 0.000010 -0.000034 0.880306 0.301635 -0.004746   # pos: pos   rot: anim
    19 4.082367 0.064632 -1.453701 -0.272699 -0.071383 -0.003060   # pos: anim   rot: anim
    20 1.019585 0.000001 0.000001 -0.416580 0.363234 -1.710887   # pos: anim   rot: anim
    21 0.944213 0.000000 0.000000 -0.030465 0.149158 -0.402249   # pos: anim   rot: anim
    22 4.137645 0.074117 -0.529102 -0.055554 -0.097345 -0.073279   # pos: anim   rot: anim
    23 1.222677 -0.000001 0.000000 -0.194798 0.216731 -1.463544   # pos: anim   rot: anim
    24 1.157258 0.000001 0.000000 -0.005405 0.048648 -0.221727   # pos: anim   rot: anim
    25 4.008693 -0.074116 0.529102 0.099672 -0.097309 -0.126634   # pos: anim   rot: anim
    26 1.426597 -0.000001 0.000000 -0.067377 0.068567 -1.553286   # pos: anim   rot: anim
    27 1.322468 -0.000002 0.000000 -0.003164 0.020606 -0.304732   # pos: anim   rot: anim
    28 4.035646 -0.040289 1.535597 0.338450 -0.014275 -0.573547   # pos: anim   rot: anim
    29 1.242852 0.000000 0.000000 0.061349 -0.118480 -0.954952   # pos: anim   rot: anim
    30 1.134824 0.000000 0.000000 0.029626 -0.087948 -0.649401   # pos: anim   rot: anim
    31 1.083400 -0.302045 1.946277 -1.009663 -0.070545 -1.203528   # pos: anim   rot: anim
    32 1.164764 0.000000 0.000001 0.003370 0.026658 0.251694   # pos: anim   rot: anim
    33 1.206993 0.000001 0.000000 0.000000 0.000001 0.000014   # pos: pos   rot: anim
    34 2.033440 1.000751 -1.937611 -0.774735 1.152746 3.811996   # pos: pos   rot: anim
    35 6.028159 0.000000 0.000001 -0.681533 1.146131 -3.178913   # pos: pos   rot: anim
    36 11.692550 -0.000001 0.000002 0.000000 0.000000 -1.379459   # pos: pos   rot: anim
    37 11.481704 0.000013 0.000004 -0.991990 0.083015 -0.069878   # pos: pos   rot: anim
    38 4.082335 0.078375 1.450928 0.410945 0.123009 -0.756694   # pos: anim   rot: anim
    39 1.019584 0.000001 0.000000 0.082430 -0.261838 -0.607018   # pos: anim   rot: anim
    40 0.944214 0.000000 0.000000 0.205128 -0.375116 -0.993826   # pos: anim   rot: anim
    41 4.137612 0.077673 0.528702 0.177566 -0.069921 -0.759576   # pos: anim   rot: anim
    42 1.222679 0.000000 0.000000 0.051546 -0.155709 -0.638351   # pos: anim   rot: anim
    43 1.157262 0.000001 0.000000 0.193935 -0.249762 -1.318455   # pos: anim   rot: anim
    44 4.008660 -0.077672 -0.528702 -0.136588 -0.008811 -0.777508   # pos: anim   rot: anim
    45 1.426599 0.000002 0.000000 0.018732 -0.055385 -0.652482   # pos: anim   rot: anim
    46 1.322465 -0.000001 0.000000 0.091850 -0.091050 -1.579520   # pos: anim   rot: anim
    47 4.035616 -0.051278 -1.538320 -0.320035 0.260833 -0.059362   # pos: anim   rot: anim
    48 1.242848 0.000000 0.000000 -0.019870 0.072258 -0.536678   # pos: anim   rot: anim
    49 1.134823 0.000001 0.000000 -0.066802 0.119806 -1.016558   # pos: anim   rot: anim
    50 1.083369 -0.316865 -1.943353 1.056174 0.100072 -1.187505   # pos: anim   rot: anim
    51 1.164765 0.000000 0.000000 0.016659 0.092788 0.355088   # pos: anim   rot: anim
    52 1.206997 0.000002 0.000001 0.015880 0.090669 0.346594   # pos: pos   rot: anim
    53 3.202717 -1.851488 0.187596 0.000000 0.000000 0.000000   # pos: pos   rot: rot
  time 7
    0 0.970337 2.296950 16.726407 1.772777 -0.010219 -0.308413   # pos: anim   rot: anim
    1 3.890452 -0.000005 -0.000002 -3.847090 -1.172028 0.545818   # pos: pos   rot: anim
    2 17.848177 -0.000001 0.000000 0.000000 0.000000 2.299221   # pos: pos   rot: anim
    3 15.634601 0.000000 0.000000 -0.020284 -0.191106 -1.606744   # pos: anim   rot: anim
    4 7.336499 0.000000 0.000000 -0.006964 -0.003287 -0.673371   # pos: anim   rot: anim
    5 -3.890451 0.000006 0.000007 -0.886206 -0.808121 -2.504567   # pos: pos   rot: anim
    6 17.848171 -0.000003 -0.000001 0.000000 0.000000 2.495846   # pos: pos   rot: anim
    7 15.634605 0.000000 0.000000 0.010276 -0.445912 -1.678196   # pos: anim   rot: anim
    8 7.336500 0.000000 0.000000 -0.075904 -0.006079 -1.524232   # pos: anim   rot: anim
    9 0.003911 3.345128 -2.981901 1.474485 0.085904 1.560306   # pos: anim   rot: anim
    10 4.018331 0.000000 0.000000 -0.072363 -0.027073 0.005424   # pos: pos   rot: anim
    11 3.518570 0.000000 0.000000 -0.166205 -0.026114 0.453746   # pos: pos   rot: anim
    12 8.942642 -0.000001 0.000000 -0.008377 0.124748 0.418352   # pos: pos   rot: anim
    13 3.307231 0.000017 0.000000 3.141590 0.000000 0.400478   # pos: pos   rot: rot
    14 3.593711 0.000002 0.000000 0.844502 0.113829 0.982746   # pos: pos   rot: anim
    15 2.033434 1.000746 1.937661 1.173068 -1.292247 3.359832   # pos: pos   rot: anim
    16 6.028158 0.000002 -0.000001 -1.731015 -0.206065 -0.899595   # pos: pos   rot: anim
    17 11.692554 0.000002 0.000001 0.000000 0.000000 -1.484342   # pos: pos   rot: anim
    18 11.481672 0.000010 -0.000034 1.025668 0.364399 -0.051292   # pos: pos   rot: anim
    19 4.082367 0.064632 -1.453701 -0.272699 -0.071383 -0.003060   # pos: anim   rot: anim
    20 1.019585 0.000001 0.000001 -0.416580 0.363234 -1.710887   # pos: anim   rot: anim
    21 0.944213 0.000000 0.000000 -0.030465 0.149158 -0.402249   # pos: anim   rot: anim
    22 4.137645 0.074117 -0.529102 -0.055554 -0.097345 -0.073279   # pos: anim   rot: anim
    23 1.222677 -0.000001 0.000000 -0.194798 0.216731 -1.463544   # pos: anim   rot: anim
    24 1.157258 0.000001 0.000000 -0.005405 0.048648 -0.221727   # pos: anim   rot: anim
    25 4.008693 -0.074116 0.529102 0.099672 -0.097309 -0.126634   # pos: anim   rot: anim
    26 1.426597 -0.000001 0.000000 -0.067377 0.068567 -1.553286   # pos: anim   rot: anim
    27 1.322468 -0.000002 0.000000 -0.003164 0.020606 -0.304732   # pos: anim   rot: anim
    28 4.035646 -0.040289 1.535597 0.338450 -0.014275 -0.573547   # pos: anim   rot: anim
    29 1.242852 0.000000 0.000000 0.061349 -0.118480 -0.954952   # pos: anim   rot: anim
    30 1.134824 0.000000 0.000000 0.029626 -0.087948 -0.649401   # pos: anim   rot: anim
    31 1.083400 -0.302045 1.946277 -1.009663 -0.070545 -1.203528   # pos: anim   rot: anim
    32 1.164764 0.000000 0.000001 0.003370 0.026658 0.251694   # pos: anim   rot: anim
    33 1.206993 0.000001 0.000000 0.000000 0.000001 0.000014   # pos: pos   rot: anim
    34 2.033440 1.000751 -1.937611 -0.774735 1.152746 3.811996   # pos: pos   rot: anim
    35 6.028159 0.000000 0.000001 -0.563447 1.179737 -3.115069   # pos: pos   rot: anim
    36 11.692550 -0.000001 0.000002 0.000000 0.000000 -1.451944   # pos: pos   rot: anim
    37 11.481704 0.000013 0.000004 -0.990128 0.106672 -0.131726   # pos: pos   rot: anim
    38 4.082335 0.078375 1.450928 0.410945 0.123009 -0.756694   # pos: anim   rot: anim
    39 1.019584 0.000001 0.000000 0.082430 -0.261838 -0.607018   # pos: anim   rot: anim
    40 0.944214 0.000000 0.000000 0.205128 -0.375116 -0.993826   # pos: anim   rot: anim
    41 4.137612 0.077673 0.528702 0.177566 -0.069921 -0.759576   # pos: anim   rot: anim
    42 1.222679 0.000000 0.000000 0.051546 -0.155709 -0.638351   # pos: anim   rot: anim
    43 1.157262 0.000001 0.000000 0.193935 -0.249762 -1.318455   # pos: anim   rot: anim
    44 4.008660 -0.077672 -0.528702 -0.136588 -0.008811 -0.777508   # pos: anim   rot: anim
    45 1.426599 0.000002 0.000000 0.018732 -0.055385 -0.652482   # pos: anim   rot: anim
    46 1.322465 -0.000001 0.000000 0.091850 -0.091050 -1.579520   # pos: anim   rot: anim
    47 4.035616 -0.051278 -1.538320 -0.320035 0.260833 -0.059362   # pos: anim   rot: anim
    48 1.242848 0.000000 0.000000 -0.019870 0.072258 -0.536678   # pos: anim   rot: anim
    49 1.134823 0.000001 0.000000 -0.066802 0.119806 -1.016558   # pos: anim   rot: anim
    50 1.083369 -0.316865 -1.943353 1.056174 0.100072 -1.187505   # pos: anim   rot: anim
    51 1.164765 0.000000 0.000000 0.016659 0.092788 0.355088   # pos: anim   rot: anim
    52 1.206997 0.000002 0.000001 0.015880 0.090669 0.346594   # pos: pos   rot: anim
    53 3.202717 -1.851488 0.187596 0.000000 0.000000 0.000000   # pos: pos   rot: rot
  time 8
    0 0.970337 2.296950 16.726407 1.773130 -0.010219 -0.308413   # pos: anim   rot: anim
    1 3.890452 -0.000005 -0.000002 -3.838655 -1.163659 0.529019   # pos: pos   rot: anim
    2 17.848177 -0.000001 0.000000 0.000000 0.000000 2.299297   # pos: pos   rot: anim
    3 15.634601 0.000000 0.000000 -0.007966 -0.187239 -1.609061   # pos: anim   rot: anim
    4 7.336499 0.000000 0.000000 -0.006964 -0.003287 -0.673371   # pos: anim   rot: anim
    5 -3.890451 0.000006 0.000007 -0.886713 -0.800512 -2.513890   # pos: pos   rot: anim
    6 17.848171 -0.000003 -0.000001 0.000000 0.000000 2.509743   # pos: pos   rot: anim
    7 15.634605 0.000000 0.000000 -0.048237 -0.455087 -1.565804   # pos: anim   rot: anim
    8 7.336500 0.000000 0.000000 -0.075125 -0.006103 -1.635528   # pos: anim   rot: anim
    9 0.003911 3.345128 -2.981901 1.474485 0.085988 1.561201   # pos: anim   rot: anim
    10 4.018331 0.000000 0.000000 -0.049197 -0.028080 0.007101   # pos: pos   rot: anim
    11 3.518570 0.000000 0.000000 -0.166166 -0.029087 0.454241   # pos: pos   rot: anim
    12 8.942642 -0.000001 0.000000 -0.008377 0.124748 0.418352   # pos: pos   rot: anim
    13 3.307231 0.000017 0.000000 3.141590 0.000000 0.400478   # pos: pos   rot: rot
    14 3.593711 0.000002 0.000000 0.852552 0.102011 0.949766   # pos: pos   rot: anim
    15 2.033434 1.000746 1.937661 1.173642 -1.291658 3.359257   # pos: pos   rot: anim
    16 6.028158 0.000002 -0.000001 -1.670320 -0.071846 -0.897820   # pos: pos   rot: anim
    17 11.692554 0.000002 0.000001 0.000000 0.000000 -1.484418   # pos: pos   rot: anim
    18 11.481672 0.000010 -0.000034 1.159272 0.432143 -0.070772   # pos: pos   rot: anim
    19 4.082367 0.064632 -1.453701 -0.272699 -0.071383 -0.003060   # pos: anim   rot: anim
    20 1.019585 0.000001 0.000001 -0.416580 0.363234 -1.710887   # pos: anim   rot: anim
    21 0.944213 0.000000 0.000000 -0.030465 0.149158 -0.402249   # pos: anim   rot: anim
    22 4.137645 0.074117 -0.529102 -0.055554 -0.097345 -0.073279   # pos: anim   rot: anim
    23 1.222677 -0.000001 0.000000 -0.194798 0.216731 -1.463544   # pos: anim   rot: anim
    24 1.157258 0.000001 0.000000 -0.005417 0.048648 -0.221727   # pos: anim   rot: anim
    25 4.008693 -0.074116 0.529102 0.099672 -0.097309 -0.126634   # pos: anim   rot: anim
    26 1.426597 -0.000001 0.000000 -0.067377 0.068567 -1.553286   # pos: anim   rot: anim
    27 1.322468 -0.000002 0.000000 -0.003164 0.020606 -0.304732   # pos: anim   rot: anim
    28 4.035646 -0.040289 1.535597 0.338450 -0.014275 -0.573547   # pos: anim   rot: anim
    29 1.242852 0.000000 0.000000 0.061349 -0.118480 -0.954952   # pos: anim   rot: anim
    30 1.134824 0.000000 0.000000 0.029626 -0.087948 -0.649401   # pos: anim   rot: anim
    31 1.083400 -0.302045 1.946277 -1.009663 -0.070545 -1.203528   # pos: anim   rot: anim
    32 1.164764 0.000000 0.000001 0.003370 0.026658 0.251694   # pos: anim   rot: anim
    33 1.206993 0.000001 0.000000 0.000000 0.000001 0.000014   # pos: pos   rot: anim
    34 2.033440 1.000751 -1.937611 -0.774735 1.152746 3.811996   # pos: pos   rot: anim
    35 6.028159 0.000000 0.000001 -0.471710 1.215920 -3.059986   # pos: pos   rot: anim
    36 11.692550 -0.000001 0.000002 0.000000 0.000000 -1.498938   # pos: pos   rot: anim
    37 11.481704 0.000013 0.000004 -0.989529 0.122169 -0.172178   # pos: pos   rot: anim
    38 4.082335 0.078375 1.450928 0.410945 0.122997 -0.756694   # pos: anim   rot: anim
    39 1.019584 0.000001 0.000000 0.082430 -0.261838 -0.607018   # pos: anim   rot: anim
    40 0.944214 0.000000 0.000000 0.205128 -0.375116 -0.993826   # pos: anim   rot: anim
    41 4.137612 0.077673 0.528702 0.177566 -0.069921 -0.759576   # pos: anim   rot: anim
    42 1.222679 0.000000 0.000000 0.051546 -0.155709 -0.638351   # pos: anim   rot: anim
    43 1.157262 0.000001 0.000000 0.193935 -0.249762 -1.318455   # pos: anim   rot: anim
    44 4.008660 -0.077672 -0.528702 -0.136588 -0.008811 -0.777508   # pos: anim   rot: anim
    45 1.426599 0.000002 0.000000 0.018732 -0.055385 -0.652482   # pos: anim   rot: anim
    46 1.322465 -0.000001 0.000000 0.091850 -0.091050 -1.579520   # pos: anim   rot: anim
    47 4.035616 -0.051278 -1.538320 -0.320035 0.260833 -0.059362   # pos: anim   rot: anim
    48 1.242848 0.000000 0.000000 -0.019870 0.072258 -0.536678   # pos: anim   rot: anim
    49 1.134823 0.000001 0.000000 -0.066802 0.119806 -1.016558   # pos: anim   rot: anim
    50 1.083369 -0.316865 -1.943353 1.056174 0.100072 -1.187505   # pos: anim   rot: anim
    51 1.164765 0.000000 0.000000 0.016659 0.092788 0.355088   # pos: anim   rot: anim
    52 1.206997 0.000002 0.000001 0.015880 0.090669 0.346594   # pos: pos   rot: anim
    53 3.202717 -1.851488 0.187596 0.000000 0.000000 0.000000   # pos: pos   rot: rot
  time 9
    0 0.970337 2.293044 16.722501 1.774013 -0.010219 -0.308413   # pos: anim   rot: anim
    1 3.890452 -0.000005 -0.000002 -3.834150 -1.156856 0.518042   # pos: pos   rot: anim
    2 17.848177 -0.000001 0.000000 0.000000 0.000000 2.299524   # pos: pos   rot: anim
    3 15.634601 0.000000 0.000000 0.001481 -0.184290 -1.610905   # pos: anim   rot: anim
    4 7.336499 0.000000 0.000000 -0.006964 -0.003287 -0.673371   # pos: anim   rot: anim
    5 -3.890451 0.000006 0.000007 -0.886544 -0.795318 -2.520959   # pos: pos   rot: anim
    6 17.848171 -0.000003 -0.000001 0.000000 0.000000 2.519251   # pos: pos   rot: anim
    7 15.634605 0.000000 0.000000 -0.089505 -0.457697 -1.489268   # pos: anim   rot: anim
    8 7.336500 0.000000 0.000000 -0.074610 -0.006067 -1.707660   # pos: anim   rot: anim
    9 0.003911 3.345128 -2.981901 1.474485 0.086141 1.562692   # pos: anim   rot: anim
    10 4.018331 0.000000 0.000000 -0.012296 -0.022879 0.009492   # pos: pos   rot: anim
    11 3.518570 0.000000 0.000000 -0.166179 -0.028559 0.454154   # pos: pos   rot: anim
    12 8.942642 -0.000001 0.000000 -0.008377 0.124748 0.418352   # pos: pos   rot: anim
    13 3.307231 0.000017 0.000000 3.141590 0.000000 0.400478   # pos: pos   rot: rot
    14 3.593711 0.000002 0.000000 0.829322 0.095257 0.922804   # pos: pos   rot: anim
    15 2.033434 1.000746 1.937661 1.173834 -1.291462 3.359065   # pos: pos   rot: anim
    16 6.028158 0.000002 -0.000001 -1.597296 0.049660 -0.894830   # pos: pos   rot: anim
    17 11.692554 0.000002 0.000001 0.000000 0.000000 -1.484494   # pos: pos   rot: anim
    18 11.481672 0.000010 -0.000034 1.280170 0.498810 -0.059761   # pos: pos   rot: anim
    19 4.082367 0.064632 -1.453701 -0.272699 -0.071383 -0.003060   # pos: anim   rot: anim
    20 1.019585 0.000001 0.000001 -0.416580 0.363234 -1.710887   # pos: anim   rot: anim
    21 0.944213 0.000000 0.000000 -0.030465 0.149158 -0.402249   # pos: anim   rot: anim
    22 4.137645 0.074117 -0.529102 -0.055554 -0.097345 -0.073279   # pos: anim   rot: anim
    23 1.222677 -0.000001 0.000000 -0.194798 0.216731 -1.463544   # pos: anim   rot: anim
    24 1.157258 0.000001 0.000000 -0.005405 0.048648 -0.221727   # pos: anim   rot: anim
    25 4.008693 -0.074116 0.529102 0.099672 -0.097309 -0.126634   # pos: anim   rot: anim
    26 1.426597 -0.000001 0.000000 -0.067377 0.068567 -1.553286   # pos: anim   rot: anim
    27 1.322468 -0.000002 0.000000 -0.003164 0.020606 -0.304732   # pos: anim   rot: anim
    28 4.035646 -0.040289 1.535597 0.338450 -0.014275 -0.573547   # pos: anim   rot: anim
    29 1.242852 0.000000 0.000000 0.061349 -0.118480 -0.954952   # pos: anim   rot: anim
    30 1.134824 0.000000 0.000000 0.029626 -0.087948 -0.649401   # pos: anim   rot: anim
    31 1.083400 -0.302045 1.946277 -1.009663 -0.070545 -1.203528   # pos: anim   rot: anim
    32 1.164764 0.000000 0.000001 0.003370 0.026658 0.251694   # pos: anim   rot: anim
    33 1.206993 0.000001 0.000000 0.000000 0.000001 0.000014   # pos: pos   rot: anim
    34 2.033440 1.000751 -1.937611 -0.774735 1.152746 3.811996   # pos: pos   rot: anim
    35 6.028159 0.000000 0.000001 -0.423712 1.256400 -3.041905   # pos: pos   rot: anim
    36 11.692550 -0.000001 0.000002 0.000000 0.000000 -1.527887   # pos: pos   rot: anim
    37 11.481704 0.000013 0.000004 -0.989529 0.131644 -0.197293   # pos: pos   rot: anim
    38 4.082335 0.078375 1.450928 0.410945 0.123009 -0.756694   # pos: anim   rot: anim
    39 1.019584 0.000001 0.000000 0.082430 -0.261838 -0.607018   # pos: anim   rot: anim
    40 0.944214 0.000000 0.000000 0.205128 -0.375116 -0.993826   # pos: anim   rot: anim
    41 4.137612 0.077673 0.528702 0.177566 -0.069921 -0.759576   # pos: anim   rot: anim
    42 1.222679 0.000000 0.000000 0.051546 -0.155709 -0.638351   # pos: anim   rot: anim
    43 1.157262 0.000001 0.000000 0.193935 -0.249762 -1.318455   # pos: anim   rot: anim
    44 4.008660 -0.077672 -0.528702 -0.136588 -0.008811 -0.777508   # pos: anim   rot: anim
    45 1.426599 0.000002 0.000000 0.018732 -0.055385 -0.652482   # pos: anim   rot: anim
    46 1.322465 -0.000001 0.000000 0.091850 -0.091050 -1.579520   # pos: anim   rot: anim
    47 4.035616 -0.051278 -1.538320 -0.320035 0.260833 -0.059362   # pos: anim   rot: anim
    48 1.242848 0.000000 0.000000 -0.019870 0.072258 -0.536678   # pos: anim   rot: anim
    49 1.134823 0.000001 0.000000 -0.066802 0.119806 -1.016558   # pos: anim   rot: anim
    50 1.083369 -0.316865 -1.943353 1.056174 0.100072 -1.187505   # pos: anim   rot: anim
    51 1.164765 0.000000 0.000000 0.016659 0.092788 0.355088   # pos: anim   rot: anim
    52 1.206997 0.000002 0.000001 0.015880 0.090669 0.346594   # pos: pos   rot: anim
    53 3.202717 -1.851488 0.187596 0.000000 0.000000 0.000000   # pos: pos   rot: rot
  time 10
    0 0.974244 2.289137 16.718594 1.775485 -0.010219 -0.308413   # pos: anim   rot: anim
    1 3.890452 -0.000005 -0.000002 -3.833575 -1.152060 0.513174   # pos: pos   rot: anim
    2 17.848177 -0.000001 0.000000 0.000000 0.000000 2.299903   # pos: pos   rot: anim
    3 15.634601 0.000000 0.000000 0.007444 -0.182513 -1.612182   # pos: anim   rot: anim
    4 7.336499 0.000000 0.000000 -0.006964 -0.003287 -0.673371   # pos: anim   rot: anim
    5 -3.890451 0.000006 0.000007 -0.885362 -0.793769 -2.524611   # pos: pos   rot: anim
    6 17.848171 -0.000003 -0.000001 0.000000 0.000000 2.522827   # pos: pos   rot: anim
    7 15.634605 0.000000 0.000000 -0.105005 -0.458182 -1.461218   # pos: anim   rot: anim
    8 7.336500 0.000000 0.000000 -0.074430 -0.006043 -1.733688   # pos: anim   rot: anim
    9 0.003911 3.345128 -2.981901 1.474485 0.086158 1.563040   # pos: anim   rot: anim
    10 4.018331 0.000000 0.000000 0.024784 -0.015580 0.012032   # pos: pos   rot: anim
    11 3.518570 0.000000 0.000000 -0.166192 -0.026402 0.453804   # pos: pos   rot: anim
    12 8.942642 -0.000001 0.000000 -0.008377 0.124748 0.418352   # pos: pos   rot: anim
    13 3.307231 0.000017 0.000000 3.141590 0.000000 0.400478   # pos: pos   rot: rot
    14 3.593711 0.000002 0.000000 0.793624 0.093729 0.901793   # pos: pos   rot: anim
    15 2.033434 1.000746 1.937661 1.174408 -1.290794 3.358491   # pos: pos   rot: anim
    16 6.028158 0.000002 -0.000001 -1.530580 0.179234 -0.956780   # pos: pos   rot: anim
    17 11.692554 0.000002 0.000001 0.000000 0.000000 -1.484570   # pos: pos   rot: anim
    18 11.481672 0.000010 -0.000034 1.332333 0.557635 0.098288   # pos: pos   rot: anim
    19 4.082367 0.064632 -1.453701 -0.272699 -0.071383 -0.003060   # pos: anim   rot: anim
    20 1.019585 0.000001 0.000001 -0.416580 0.363234 -1.710887   # pos: anim   rot: anim
    21 0.944213 0.000000 0.000000 -0.030465 0.149158 -0.402249   # pos: anim   rot: anim
    22 4.137645 0.074117 -0.529102 -0.055554 -0.097345 -0.073279   # pos: anim   rot: anim
    23 1.222677 -0.000001 0.000000 -0.194798 0.216731 -1.463544   # pos: anim   rot: anim
    24 1.157258 0.000001 0.000000 -0.005405 0.048648 -0.221727   # pos: anim   rot: anim
    25 4.008693 -0.074116 0.529102 0.099672 -0.097309 -0.126634   # pos: anim   rot: anim
    26 1.426597 -0.000001 0.000000 -0.067377 0.068567 -1.553286   # pos: anim   rot: anim
    27 1.322468 -0.000002 0.000000 -0.003164 0.020606 -0.304732   # pos: anim   rot: anim
    28 4.035646 -0.040289 1.535597 0.338450 -0.014275 -0.573547   # pos: anim   rot: anim
    29 1.242852 0.000000 0.000000 0.061349 -0.118480 -0.954952   # pos: anim   rot: anim
    30 1.134824 0.000000 0.000000 0.029626 -0.087948 -0.649401   # pos: anim   rot: anim
    31 1.083400 -0.302045 1.946277 -1.009663 -0.070545 -1.203528   # pos: anim   rot: anim
    32 1.164764 0.000000 0.000001 0.003370 0.026658 0.251694   # pos: anim   rot: anim
    33 1.206993 0.000001 0.000000 0.000000 0.000001 0.000014   # pos: pos   rot: anim
    34 2.033440 1.000751 -1.937611 -0.774735 1.152746 3.811996   # pos: pos   rot: anim
    35 6.028159 0.000000 0.000001 -0.387337 1.295781 -3.033144   # pos: pos   rot: anim
    36 11.692550 -0.000001 0.000002 0.000000 0.000000 -1.550069   # pos: pos   rot: anim
    37 11.481704 0.000013 0.000004 -0.989729 0.138784 -0.216656   # pos: pos   rot: anim
    38 4.082335 0.078375 1.450928 0.410945 0.122997 -0.756694   # pos: anim   rot: anim
    39 1.019584 0.000001 0.000000 0.082430 -0.261838 -0.607018   # pos: anim   rot: anim
    40 0.944214 0.000000 0.000000 0.205128 -0.375116 -0.993826   # pos: anim   rot: anim
    41 4.137612 0.077673 0.528702 0.177566 -0.069921 -0.759576   # pos: anim   rot: anim
    42 1.222679 0.000000 0.000000 0.051546 -0.155709 -0.638351   # pos: anim   rot: anim
    43 1.157262 0.000001 0.000000 0.193935 -0.249762 -1.318455   # pos: anim   rot: anim
    44 4.008660 -0.077672 -0.528702 -0.136588 -0.008811 -0.777508   # pos: anim   rot: anim
    45 1.426599 0.000002 0.000000 0.018732 -0.055385 -0.652482   # pos: anim   rot: anim
    46 1.322465 -0.000001 0.000000 0.091850 -0.091050 -1.579520   # pos: anim   rot: anim
    47 4.035616 -0.051278 -1.538320 -0.320035 0.260833 -0.059362   # pos: anim   rot: anim
    48 1.242848 0.000000 0.000000 -0.019870 0.072258 -0.536678   # pos: anim   rot: anim
    49 1.134823 0.000001 0.000000 -0.066802 0.119806 -1.016558   # pos: anim   rot: anim
    50 1.083369 -0.316865 -1.943353 1.056174 0.100072 -1.187505   # pos: anim   rot: anim
    51 1.164765 0.000000 0.000000 0.016659 0.092788 0.355088   # pos: anim   rot: anim
    52 1.206997 0.000002 0.000001 0.015880 0.090669 0.346594   # pos: pos   rot: anim
    53 3.202717 -1.851488 0.187596 0.000000 0.000000 0.000000   # pos: pos   rot: rot
  time 11
    0 0.974244 2.289137 16.710782 1.777370 -0.010219 -0.308413   # pos: anim   rot: anim
    1 3.890452 -0.000005 -0.000002 -3.837025 -1.149858 0.514892   # pos: pos   rot: anim
    2 17.848177 -0.000001 0.000000 0.000000 0.000000 2.300433   # pos: pos   rot: anim
    3 15.634601 0.000000 0.000000 0.009308 -0.182102 -1.612797   # pos: anim   rot: anim
    4 7.336499 0.000000 0.000000 -0.006964 -0.003287 -0.673371   # pos: anim   rot: anim
    5 -3.890451 0.000006 0.000007 -0.883419 -0.794407 -2.526631   # pos: pos   rot: anim
    6 17.848171 -0.000003 -0.000001 0.000000 0.000000 2.523314   # pos: pos   rot: anim
    7 15.634605 0.000000 0.000000 -0.105180 -0.458909 -1.461738   # pos: anim   rot: anim
    8 7.336500 0.000000 0.000000 -0.074418 -0.006043 -1.734815   # pos: anim   rot: anim
    9 0.003911 3.345128 -2.981901 1.474485 0.085904 1.560306   # pos: anim   rot: anim
    10 4.018331 0.000000 0.000000 0.048538 -0.010223 0.013808   # pos: pos   rot: anim
    11 3.518570 0.000000 0.000000 -0.166219 -0.024461 0.453469   # pos: pos   rot: anim
    12 8.942642 -0.000001 0.000000 -0.008377 0.124748 0.418352   # pos: pos   rot: anim
    13 3.307231 0.000017 0.000000 3.141590 0.000000 0.400478   # pos: pos   rot: rot
    14 3.593711 0.000002 0.000000 0.769913 0.091294 0.877308   # pos: pos   rot: anim
    15 2.033434 1.000746 1.937661 1.173259 -1.292129 3.359736   # pos: pos   rot: anim
    16 6.028158 0.000002 -0.000001 -1.496266 0.307145 -1.083950   # pos: pos   rot: anim
    17 11.692554 0.000002 0.000001 0.000000 0.000000 -1.484494   # pos: pos   rot: anim
    18 11.481672 0.000010 -0.000034 1.317339 0.606576 0.382348   # pos: pos   rot: anim
    19 4.082367 0.064632 -1.453701 -0.272699 -0.071383 -0.003060   # pos: anim   rot: anim
    20 1.019585 0.000001 0.000001 -0.416580 0.363234 -1.710887   # pos: anim   rot: anim
    21 0.944213 0.000000 0.000000 -0.030465 0.149158 -0.402249   # pos: anim   rot: anim
    22 4.137645 0.074117 -0.529102 -0.055554 -0.097345 -0.073279   # pos: anim   rot: anim
    23 1.222677 -0.000001 0.000000 -0.194798 0.216731 -1.463544   # pos: anim   rot: anim
    24 1.157258 0.000001 0.000000 -0.005417 0.048648 -0.221727   # pos: anim   rot: anim
    25 4.008693 -0.074116 0.529102 0.099672 -0.097309 -0.126634   # pos: anim   rot: anim
    26 1.426597 -0.000001 0.000000 -0.067377 0.068567 -1.553286   # pos: anim   rot: anim
    27 1.322468 -0.000002 0.000000 -0.003164 0.020606 -0.304732   # pos: anim   rot: anim
    28 4.035646 -0.040289 1.535597 0.338450 -0.014275 -0.573547   # pos: anim   rot: anim
    29 1.242852 0.000000 0.000000 0.061349 -0.118480 -0.954952   # pos: anim   rot: anim
    30 1.134824 0.000000 0.000000 0.029626 -0.087948 -0.649401   # pos: anim   rot: anim
    31 1.083400 -0.302045 1.946277 -1.009663 -0.070545 -1.203528   # pos: anim   rot: anim
    32 1.164764 0.000000 0.000001 0.003370 0.026658 0.251694   # pos: anim   rot: anim
    33 1.206993 0.000001 0.000000 0.000000 0.000001 0.000014   # pos: pos   rot: anim
    34 2.033440 1.000751 -1.937611 -0.774735 1.152746 3.811996   # pos: pos   rot: anim
    35 6.028159 0.000000 0.000001 -0.351228 1.321415 -3.019256   # pos: pos   rot: anim
    36 11.692550 -0.000001 0.000002 0.000000 0.000000 -1.566084   # pos: pos   rot: anim
    37 11.481704 0.000013 0.000004 -0.990061 0.143785 -0.230805   # pos: pos   rot: anim
    38 4.082335 0.078375 1.450928 0.410945 0.122997 -0.756694   # pos: anim   rot: anim
    39 1.019584 0.000001 0.000000 0.082430 -0.261838 -0.607018   # pos: anim   rot: anim
    40 0.944214 0.000000 0.000000 0.205128 -0.375116 -0.993826   # pos: anim   rot: anim
    41 4.137612 0.077673 0.528702 0.177566 -0.069921 -0.759576   # pos: anim   rot: anim
    42 1.222679 0.000000 0.000000 0.051546 -0.155709 -0.638351   # pos: anim   rot: anim
    43 1.157262 0.000001 0.000000 0.193935 -0.249762 -1.318455   # pos: anim   rot: anim
    44 4.008660 -0.077672 -0.528702 -0.136588 -0.008811 -0.777508   # pos: anim   rot: anim
    45 1.426599 0.000002 0.000000 0.018732 -0.055385 -0.652482   # pos: anim   rot: anim
    46 1.322465 -0.000001 0.000000 0.091850 -0.091050 -1.579520   # pos: anim   rot: anim
    47 4.035616 -0.051278 -1.538320 -0.320035 0.260833 -0.059362   # pos: anim   rot: anim
    48 1.242848 0.000000 0.000000 -0.019870 0.072258 -0.536678   # pos: anim   rot: anim
    49 1.134823 0.000001 0.000000 -0.066802 0.119806 -1.016558   # pos: anim   rot: anim
    50 1.083369 -0.316865 -1.943353 1.056174 0.100072 -1.187505   # pos: anim   rot: anim
    51 1.164765 0.000000 0.000000 0.016659 0.092788 0.355088   # pos: anim   rot: anim
    52 1.206997 0.000002 0.000001 0.015880 0.090669 0.346594   # pos: pos   rot: anim
    53 3.202717 -1.851488 0.187596 0.000000 0.000000 0.000000   # pos: pos   rot: rot
  time 12
    0 0.978150 2.281325 16.702969 1.779608 -0.010219 -0.308413   # pos: anim   rot: anim
    1 3.890452 -0.000005 -0.000002 -3.842968 -1.149123 0.520714   # pos: pos   rot: anim
    2 17.848177 -0.000001 0.000000 0.000000 0.000000 2.301038   # pos: pos   rot: anim
    3 15.634601 0.000000 0.000000 0.008720 -0.182513 -1.613034   # pos: anim   rot: anim
    4 7.336499 0.000000 0.000000 -0.006964 -0.003287 -0.673371   # pos: anim   rot: anim
    5 -3.890451 0.000006 0.000007 -0.881139 -0.794954 -2.529194   # pos: pos   rot: anim
    6 17.848171 -0.000003 -0.000001 0.000000 0.000000 2.524046   # pos: pos   rot: anim
    7 15.634605 0.000000 0.000000 -0.105554 -0.460047 -1.462637   # pos: anim   rot: anim
    8 7.336500 0.000000 0.000000 -0.074418 -0.006043 -1.735801   # pos: anim   rot: anim
    9 0.003911 3.345128 -2.981901 1.474485 0.085024 1.552152   # pos: anim   rot: anim
    10 4.018331 0.000000 0.000000 0.056459 -0.008785 0.014373   # pos: pos   rot: anim
    11 3.518570 0.000000 0.000000 -0.166232 -0.022998 0.453221   # pos: pos   rot: anim
    12 8.942642 -0.000001 0.000000 -0.008365 0.124748 0.418543   # pos: pos   rot: anim
    13 3.307231 0.000017 0.000000 3.141590 0.000000 0.400478   # pos: pos   rot: rot
    14 3.593711 0.000002 0.000000 0.761994 0.084879 0.850281   # pos: pos   rot: anim
    15 2.033434 1.000746 1.937661 1.165502 -1.300374 3.367688   # pos: pos   rot: anim
    16 6.028158 0.000002 -0.000001 -1.484509 0.377995 -1.173278   # pos: pos   rot: anim
    17 11.692554 0.000002 0.000001 0.000000 0.000000 -1.484418   # pos: pos   rot: anim
    18 11.481672 0.000010 -0.000034 1.309053 0.641210 0.588747   # pos: pos   rot: anim
    19 4.082367 0.064632 -1.453701 -0.272699 -0.071383 -0.003060   # pos: anim   rot: anim
    20 1.019585 0.000001 0.000001 -0.416580 0.363234 -1.710887   # pos: anim   rot: anim
    21 0.944213 0.000000 0.000000 -0.030465 0.149158 -0.402249   # pos: anim   rot: anim
    22 4.137645 0.074117 -0.529102 -0.055554 -0.097345 -0.073279   # pos: anim   rot: anim
    23 1.222677 -0.000001 0.000000 -0.194798 0.216731 -1.463544   # pos: anim   rot: anim
    24 1.157258 0.000001 0.000000 -0.005405 0.048648 -0.221727   # pos: anim   rot: anim
    25 4.008693 -0.074116 0.529102 0.099672 -0.097309 -0.126634   # pos: anim   rot: anim
    26 1.426597 -0.000001 0.000000 -0.067377 0.068567 -1.553286   # pos: anim   rot: anim
    27 1.322468 -0.000002 0.000000 -0.003164 0.020606 -0.304732   # pos: anim   rot: anim
    28 4.035646 -0.040289 1.535597 0.338450 -0.014275 -0.573547   # pos: anim   rot: anim
    29 1.242852 0.000000 0.000000 0.061349 -0.118480 -0.954952   # pos: anim   rot: anim
    30 1.134824 0.000000 0.000000 0.029626 -0.087948 -0.649401   # pos: anim   rot: anim
    31 1.083400 -0.302045 1.946277 -1.009663 -0.070545 -1.203528   # pos: anim   rot: anim
    32 1.164764 0.000000 0.000001 0.003370 0.026658 0.251694   # pos: anim   rot: anim
    33 1.206993 0.000001 0.000000 0.000000 0.000001 0.000014   # pos: pos   rot: anim
    34 2.033440 1.000751 -1.937611 -0.774735 1.152746 3.811996   # pos: pos   rot: anim
    35 6.028159 0.000000 0.000001 -0.310061 1.328289 -2.995676   # pos: pos   rot: anim
    36 11.692550 -0.000001 0.000002 0.000000 0.000000 -1.576611   # pos: pos   rot: anim
    37 11.481704 0.000013 0.000004 -0.990394 0.146911 -0.240160   # pos: pos   rot: anim
    38 4.082335 0.078375 1.450928 0.410945 0.123009 -0.756694   # pos: anim   rot: anim
    39 1.019584 0.000001 0.000000 0.082430 -0.261838 -0.607018   # pos: anim   rot: anim
    40 0.944214 0.000000 0.000000 0.205128 -0.375116 -0.993826   # pos: anim   rot: anim
    41 4.137612 0.077673 0.528702 0.177566 -0.069921 -0.759576   # pos: anim   rot: anim
    42 1.222679 0.000000 0.000000 0.051546 -0.155709 -0.638351   # pos: anim   rot: anim
    43 1.157262 0.000001 0.000000 0.193935 -0.249762 -1.318455   # pos: anim   rot: anim
    44 4.008660 -0.077672 -0.528702 -0.136588 -0.008811 -0.777508   # pos: anim   rot: anim
    45 1.426599 0.000002 0.000000 0.018732 -0.055385 -0.652482   # pos: anim   rot: anim
    46 1.322465 -0.000001 0.000000 0.091850 -0.091050 -1.579520   # pos: anim   rot: anim
    47 4.035616 -0.051278 -1.538320 -0.320035 0.260833 -0.059362   # pos: anim   rot: anim
    48 1.242848 0.000000 0.000000 -0.019870 0.072258 -0.536678   # pos: anim   rot: anim
    49 1.134823 0.000001 0.000000 -0.066802 0.119806 -1.016558   # pos: anim   rot: anim
    50 1.083369 -0.316865 -1.943353 1.056174 0.100072 -1.187505   # pos: anim   rot: anim
    51 1.164765 0.000000 0.000000 0.016659 0.092788 0.355088   # pos: anim   rot: anim
    52 1.206997 0.000002 0.000001 0.015880 0.090669 0.346594   # pos: pos   rot: anim
    53 3.202717 -1.851488 0.187596 0.000000 0.000000 0.000000   # pos: pos   rot: rot
  time 13
    0 0.978150 2.277418 16.695156 1.782081 -0.010219 -0.308413   # pos: anim   rot: anim
    1 3.890452 -0.000005 -0.000002 -3.849870 -1.148487 0.527778   # pos: pos   rot: anim
    2 17.848177 -0.000001 0.000000 0.000000 0.000000 2.301720   # pos: pos   rot: anim
    3 15.634601 0.000000 0.000000 0.007713 -0.183079 -1.613223   # pos: anim   rot: anim
    4 7.336499 0.000000 0.000000 -0.006964 -0.003287 -0.673371   # pos: anim   rot: anim
    5 -3.890451 0.000006 0.000007 -0.878605 -0.795410 -2.532224   # pos: pos   rot: anim
    6 17.848171 -0.000003 -0.000001 0.000000 0.000000 2.525183   # pos: pos   rot: anim
    7 15.634605 0.000000 0.000000 -0.106077 -0.461539 -1.463867   # pos: anim   rot: anim
    8 7.336500 0.000000 0.000000 -0.074406 -0.006043 -1.736611   # pos: anim   rot: anim
    9 0.003911 3.345128 -2.981901 1.474538 0.083636 1.539872   # pos: anim   rot: anim
    10 4.018331 0.000000 0.000000 0.056903 -0.009168 0.014290   # pos: pos   rot: anim
    11 3.518570 0.000000 0.000000 -0.166258 -0.021189 0.452930   # pos: pos   rot: anim
    12 8.942642 -0.000001 0.000000 -0.008317 0.124736 0.418939   # pos: pos   rot: anim
    13 3.307231 0.000017 0.000000 3.141590 0.000000 0.400478   # pos: pos   rot: rot
    14 3.593711 0.000002 0.000000 0.761163 0.075797 0.822321   # pos: pos   rot: anim
    15 2.033434 1.000746 1.937661 1.148073 -1.317139 3.385701   # pos: pos   rot: anim
    16 6.028158 0.000002 -0.000001 -1.463768 0.360441 -1.186359   # pos: pos   rot: anim
    17 11.692554 0.000002 0.000001 0.000000 0.000000 -1.484418   # pos: pos   rot: anim
    18 11.481672 0.000010 -0.000034 1.327914 0.653324 0.647261   # pos: pos   rot: anim
    19 4.082367 0.064632 -1.453701 -0.272699 -0.071383 -0.003060   # pos: anim   rot: anim
    20 1.019585 0.000001 0.000001 -0.416580 0.363234 -1.710887   # pos: anim   rot: anim
    21 0.944213 0.000000 0.000000 -0.030465 0.149158 -0.402249   # pos: anim   rot: anim
    22 4.137645 0.074117 -0.529102 -0.055554 -0.097345 -0.073279   # pos: anim   rot: anim
    23 1.222677 -0.000001 0.000000 -0.194798 0.216731 -1.463544   # pos: anim   rot: anim
    24 1.157258 0.000001 0.000000 -0.005417 0.048648 -0.221727   # pos: anim   rot: anim
    25 4.008693 -0.074116 0.529102 0.099672 -0.097309 -0.126634   # pos: anim   rot: anim
    26 1.426597 -0.000001 0.000000 -0.067377 0.068567 -1.553286   # pos: anim   rot: anim
    27 1.322468 -0.000002 0.000000 -0.003164 0.020606 -0.304732   # pos: anim   rot: anim
    28 4.035646 -0.040289 1.535597 0.338450 -0.014275 -0.573547   # pos: anim   rot: anim
    29 1.242852 0.000000 0.000000 0.061349 -0.118480 -0.954952   # pos: anim   rot: anim
    30 1.134824 0.000000 0.000000 0.029626 -0.087948 -0.649401   # pos: anim   rot: anim
    31 1.083400 -0.302045 1.946277 -1.009663 -0.070545 -1.203528   # pos: anim   rot: anim
    32 1.164764 0.000000 0.000001 0.003370 0.026658 0.251694   # pos: anim   rot: anim
    33 1.206993 0.000001 0.000000 0.000000 0.000001 0.000014   # pos: pos   rot: anim
    34 2.033440 1.000751 -1.937611 -0.774735 1.152746 3.811996   # pos: pos   rot: anim
    35 6.028159 0.000000 0.000001 -0.276170 1.324136 -2.975358   # pos: pos   rot: anim
    36 11.692550 -0.000001 0.000002 0.000000 0.000000 -1.582251   # pos: pos   rot: anim
    37 11.481704 0.000013 0.000004 -0.990727 0.148358 -0.245298   # pos: pos   rot: anim
    38 4.082335 0.078375 1.450928 0.410945 0.123009 -0.756694   # pos: anim   rot: anim
    39 1.019584 0.000001 0.000000 0.082430 -0.261838 -0.607018   # pos: anim   rot: anim
    40 0.944214 0.000000 0.000000 0.205128 -0.375116 -0.993826   # pos: anim   rot: anim
    41 4.137612 0.077673 0.528702 0.177566 -0.069921 -0.759576   # pos: anim   rot: anim
    42 1.222679 0.000000 0.000000 0.051546 -0.155709 -0.638351   # pos: anim   rot: anim
    43 1.157262 0.000001 0.000000 0.193935 -0.249762 -1.318455   # pos: anim   rot: anim
    44 4.008660 -0.077672 -0.528702 -0.136588 -0.008811 -0.777508   # pos: anim   rot: anim
    45 1.426599 0.000002 0.000000 0.018732 -0.055385 -0.652482   # pos: anim   rot: anim
    46 1.322465 -0.000001 0.000000 0.091850 -0.091050 -1.579520   # pos: anim   rot: anim
    47 4.035616 -0.051278 -1.538320 -0.320035 0.260833 -0.059362   # pos: anim   rot: anim
    48 1.242848 0.000000 0.000000 -0.019870 0.072258 -0.536678   # pos: anim   rot: anim
    49 1.134823 0.000001 0.000000 -0.066802 0.119806 -1.016558   # pos: anim   rot: anim
    50 1.083369 -0.316865 -1.943353 1.056174 0.100072 -1.187505   # pos: anim   rot: anim
    51 1.164765 0.000000 0.000000 0.016659 0.092788 0.355088   # pos: anim   rot: anim
    52 1.206997 0.000002 0.000001 0.015880 0.090669 0.346594   # pos: pos   rot: anim
    53 3.202717 -1.851488 0.187596 0.000000 0.000000 0.000000   # pos: pos   rot: rot
  time 14
    0 0.982056 2.273512 16.687343 1.784731 -0.010219 -0.308413   # pos: anim   rot: anim
    1 3.890452 -0.000005 -0.000002 -3.857442 -1.148047 0.535796   # pos: pos   rot: anim
    2 17.848177 -0.000001 0.000000 0.000000 0.000000 2.302401   # pos: pos   rot: anim
    3 15.634601 0.000000 0.000000 0.006266 -0.183821 -1.613317   # pos: anim   rot: anim
    4 7.336499 0.000000 0.000000 -0.006964 -0.003287 -0.673371   # pos: anim   rot: anim
    5 -3.890451 0.000006 0.000007 -0.875902 -0.795728 -2.535565   # pos: pos   rot: anim
    6 17.848171 -0.000003 -0.000001 0.000000 0.000000 2.526565   # pos: pos   rot: anim
    7 15.634605 0.000000 0.000000 -0.106725 -0.463291 -1.465380   # pos: anim   rot: anim
    8 7.336500 0.000000 0.000000 -0.074406 -0.006043 -1.737280   # pos: anim   rot: anim
    9 0.003911 3.345128 -2.981901 1.474591 0.082283 1.527343   # pos: anim   rot: anim
    10 4.018331 0.000000 0.000000 0.052612 -0.009120 0.013858   # pos: pos   rot: anim
    11 3.518570 0.000000 0.000000 -0.166285 -0.019175 0.452580   # pos: pos   rot: anim
    12 8.942642 -0.000001 0.000000 -0.008281 0.124724 0.419227   # pos: pos   rot: anim
    13 3.307231 0.000017 0.000000 3.141590 0.000000 0.400478   # pos: pos   rot: rot
    14 3.593711 0.000002 0.000000 0.762694 0.068546 0.795133   # pos: pos   rot: anim
    15 2.033434 1.000746 1.937661 1.121833 -1.338695 3.412719   # pos: pos   rot: anim
    16 6.028158 0.000002 -0.000001 -1.439394 0.291694 -1.175707   # pos: pos   rot: anim
    17 11.692554 0.000002 0.000001 0.000000 0.000000 -1.484342   # pos: pos   rot: anim
    18 11.481672 0.000010 -0.000034 1.345039 0.655182 0.646303   # pos: pos   rot: anim
    19 4.082367 0.064632 -1.453701 -0.272699 -0.071383 -0.003060   # pos: anim   rot: anim
    20 1.019585 0.000001 0.000001 -0.416580 0.363234 -1.710887   # pos: anim   rot: anim
    21 0.944213 0.000000 0.000000 -0.030465 0.149158 -0.402249   # pos: anim   rot: anim
    22 4.137645 0.074117 -0.529102 -0.055554 -0.097345 -0.073279   # pos: anim   rot: anim
    23 1.222677 -0.000001 0.000000 -0.194798 0.216731 -1.463544   # pos: anim   rot: anim
    24 1.157258 0.000001 0.000000 -0.005405 0.048648 -0.221727   # pos: anim   rot: anim
    25 4.008693 -0.074116 0.529102 0.099672 -0.097309 -0.126634   # pos: anim   rot: anim
    26 1.426597 -0.000001 0.000000 -0.067377 0.068567 -1.553286   # pos: anim   rot: anim
    27 1.322468 -0.000002 0.000000 -0.003164 0.020606 -0.304732   # pos: anim   rot: anim
    28 4.035646 -0.040289 1.535597 0.338450 -0.014275 -0.573547   # pos: anim   rot: anim
    29 1.242852 0.000000 0.000000 0.061349 -0.118480 -0.954952   # pos: anim   rot: anim
    30 1.134824 0.000000 0.000000 0.029626 -0.087948 -0.649401   # pos: anim   rot: anim
    31 1.083400 -0.302045 1.946277 -1.009663 -0.070545 -1.203528   # pos: anim   rot: anim
    32 1.164764 0.000000 0.000001 0.003370 0.026658 0.251694   # pos: anim   rot: anim
    33 1.206993 0.000001 0.000000 0.000000 0.000001 0.000014   # pos: pos   rot: anim
    34 2.033440 1.000751 -1.937611 -0.774735 1.152746 3.811996   # pos: pos   rot: anim
    35 6.028159 0.000000 0.000001 -0.258781 1.315019 -2.965665   # pos: pos   rot: anim
    36 11.692550 -0.000001 0.000002 0.000000 0.000000 -1.583604   # pos: pos   rot: anim
    37 11.481704 0.000013 0.000004 -0.990993 0.148358 -0.246640   # pos: pos   rot: anim
    38 4.082335 0.078375 1.450928 0.410945 0.122997 -0.756694   # pos: anim   rot: anim
    39 1.019584 0.000001 0.000000 0.082430 -0.261838 -0.607018   # pos: anim   rot: anim
    40 0.944214 0.000000 0.000000 0.205128 -0.375116 -0.993826   # pos: anim   rot: anim
    41 4.137612 0.077673 0.528702 0.177566 -0.069921 -0.759576   # pos: anim   rot: anim
    42 1.222679 0.000000 0.000000 0.051546 -0.155709 -0.638351   # pos: anim   rot: anim
    43 1.157262 0.000001 0.000000 0.193935 -0.249762 -1.318455   # pos: anim   rot: anim
    44 4.008660 -0.077672 -0.528702 -0.136588 -0.008811 -0.777508   # pos: anim   rot: anim
    45 1.426599 0.000002 0.000000 0.018732 -0.055385 -0.652482   # pos: anim   rot: anim
    46 1.322465 -0.000001 0.000000 0.091850 -0.091050 -1.579520   # pos: anim   rot: anim
    47 4.035616 -0.051278 -1.538320 -0.320035 0.260833 -0.059362   # pos: anim   rot: anim
    48 1.242848 0.000000 0.000000 -0.019870 0.072258 -0.536678   # pos: anim   rot: anim
    49 1.134823 0.000001 0.000000 -0.066802 0.119806 -1.016558   # pos: anim   rot: anim
    50 1.083369 -0.316865 -1.943353 1.056174 0.100072 -1.187505   # pos: anim   rot: anim
    51 1.164765 0.000000 0.000000 0.016659 0.092788 0.355088   # pos: anim   rot: anim
    52 1.206997 0.000002 0.000001 0.015880 0.090669 0.346594   # pos: pos   rot: anim
    53 3.202717 -1.851488 0.187596 0.000000 0.000000 0.000000   # pos: pos   rot: rot
  time 15
    0 0.985963 2.269606 16.675624 1.787498 -0.010219 -0.308508   # pos: anim   rot: anim
    1 3.890452 -0.000005 -0.000002 -3.865685 -1.147851 0.544673   # pos: pos   rot: anim
    2 17.848177 -0.000001 0.000000 0.000000 0.000000 2.303158   # pos: pos   rot: anim
    3 15.634601 0.000000 0.000000 0.004352 -0.184720 -1.613412   # pos: anim   rot: anim
    4 7.336499 0.000000 0.000000 -0.006964 -0.003287 -0.673371   # pos: anim   rot: anim
    5 -3.890451 0.000006 0.000007 -0.873114 -0.795956 -2.539216   # pos: pos   rot: anim
    6 17.848171 -0.000003 -0.000001 0.000000 0.000000 2.528028   # pos: pos   rot: anim
    7 15.634605 0.000000 0.000000 -0.107473 -0.465249 -1.467083   # pos: anim   rot: anim
    8 7.336500 0.000000 0.000000 -0.074406 -0.006043 -1.737774   # pos: anim   rot: anim
    9 0.003911 3.345128 -2.981901 1.474591 0.081470 1.518394   # pos: anim   rot: anim
    10 4.018331 0.000000 0.000000 0.046261 -0.006400 0.013377   # pos: pos   rot: anim
    11 3.518570 0.000000 0.000000 -0.166312 -0.017066 0.452231   # pos: pos   rot: anim
    12 8.942642 -0.000001 0.000000 -0.008293 0.124724 0.419131   # pos: pos   rot: anim
    13 3.307231 0.000017 0.000000 3.141590 0.000000 0.400478   # pos: pos   rot: rot
    14 3.593711 0.000002 0.000000 0.761251 0.067035 0.770583   # pos: pos   rot: anim
    15 2.033434 1.000746 1.937661 1.087262 -1.361820 3.448169   # pos: pos   rot: anim
    16 6.028158 0.000002 -0.000001 -1.417411 0.213314 -1.156926   # pos: pos   rot: anim
    17 11.692554 0.000002 0.000001 0.000000 0.000000 -1.484342   # pos: pos   rot: anim
    18 11.481672 0.000010 -0.000034 1.348590 0.651280 0.617691   # pos: pos   rot: anim
    19 4.082367 0.064632 -1.453701 -0.272699 -0.071383 -0.003060   # pos: anim   rot: anim
    20 1.019585 0.000001 0.000001 -0.416580 0.363234 -1.710887   # pos: anim   rot: anim
    21 0.944213 0.000000 0.000000 -0.030465 0.149158 -0.402249   # pos: anim   rot: anim
    22 4.137645 0.074117 -0.529102 -0.055554 -0.097345 -0.073279   # pos: anim   rot: anim
    23 1.222677 -0.000001 0.000000 -0.194798 0.216731 -1.463544   # pos: anim   rot: anim
    24 1.157258 0.000001 0.000000 -0.005405 0.048648 -0.221727   # pos: anim   rot: anim
    25 4.008693 -0.074116 0.529102 0.099672 -0.097309 -0.126634   # pos: anim   rot: anim
    26 1.426597 -0.000001 0.000000 -0.067377 0.068567 -1.553286   # pos: anim   rot: anim
    27 1.322468 -0.000002 0.000000 -0.003164 0.020606 -0.304732   # pos: anim   rot: anim
    28 4.035646 -0.040289 1.535597 0.338450 -0.014275 -0.573547   # pos: anim   rot: anim
    29 1.242852 0.000000 0.000000 0.061349 -0.118480 -0.954952   # pos: anim   rot: anim
    30 1.134824 0.000000 0.000000 0.029626 -0.087948 -0.649401   # pos: anim   rot: anim
    31 1.083400 -0.302045 1.946277 -1.009663 -0.070545 -1.203528   # pos: anim   rot: anim
    32 1.164764 0.000000 0.000001 0.003370 0.026658 0.251694   # pos: anim   rot: anim
    33 1.206993 0.000001 0.000000 0.000000 0.000001 0.000014   # pos: pos   rot: anim
    34 2.033440 1.000751 -1.937611 -0.774735 1.152746 3.811996   # pos: pos   rot: anim
    35 6.028159 0.000000 0.000001 -0.264104 1.307047 -2.970791   # pos: pos   rot: anim
    36 11.692550 -0.000001 0.000002 0.000000 0.000000 -1.581198   # pos: pos   rot: anim
    37 11.481704 0.000013 0.000004 -0.991192 0.147207 -0.244762   # pos: pos   rot: anim
    38 4.082335 0.078375 1.450928 0.410945 0.123009 -0.756694   # pos: anim   rot: anim
    39 1.019584 0.000001 0.000000 0.082430 -0.261838 -0.607018   # pos: anim   rot: anim
    40 0.944214 0.000000 0.000000 0.205128 -0.375116 -0.993826   # pos: anim   rot: anim
    41 4.137612 0.077673 0.528702 0.177566 -0.069921 -0.759576   # pos: anim   rot: anim
    42 1.222679 0.000000 0.000000 0.051546 -0.155709 -0.638351   # pos: anim   rot: anim
    43 1.157262 0.000001 0.000000 0.193935 -0.249762 -1.318455   # pos: anim   rot: anim
    44 4.008660 -0.077672 -0.528702 -0.136588 -0.008811 -0.777508   # pos: anim   rot: anim
    45 1.426599 0.000002 0.000000 0.018732 -0.055385 -0.652482   # pos: anim   rot: anim
    46 1.322465 -0.000001 0.000000 0.091850 -0.091050 -1.579520   # pos: anim   rot: anim
    47 4.035616 -0.051278 -1.538320 -0.320035 0.260833 -0.059362   # pos: anim   rot: anim
    48 1.242848 0.000000 0.000000 -0.019870 0.072258 -0.536678   # pos: anim   rot: anim
    49 1.134823 0.000001 0.000000 -0.066802 0.119806 -1.016558   # pos: anim   rot: anim
    50 1.083369 -0.316865 -1.943353 1.056174 0.100072 -1.187505   # pos: anim   rot: anim
    51 1.164765 0.000000 0.000000 0.016659 0.092788 0.355088   # pos: anim   rot: anim
    52 1.206997 0.000002 0.000001 0.015880 0.090669 0.346594   # pos: pos   rot: anim
    53 3.202717 -1.851488 0.187596 0.000000 0.000000 0.000000   # pos: pos   rot: rot
  time 16
    0 0.989869 2.261793 16.663905 1.790266 -0.010188 -0.308508   # pos: anim   rot: anim
    1 3.890452 -0.000005 -0.000002 -3.874120 -1.147900 0.554218   # pos: pos   rot: anim
    2 17.848177 -0.000001 0.000000 0.000000 0.000000 2.303915   # pos: pos   rot: anim
    3 15.634601 0.000000 0.000000 0.001947 -0.185774 -1.613365   # pos: anim   rot: anim
    4 7.336499 0.000000 0.000000 -0.006964 -0.003287 -0.673371   # pos: anim   rot: anim
    5 -3.890451 0.000006 0.000007 -0.870327 -0.796093 -2.542868   # pos: pos   rot: anim
    6 17.848171 -0.000003 -0.000001 0.000000 0.000000 2.529653   # pos: pos   rot: anim
    7 15.634605 0.000000 0.000000 -0.108245 -0.467338 -1.468928   # pos: anim   rot: anim
    8 7.336500 0.000000 0.000000 -0.074394 -0.006043 -1.738126   # pos: anim   rot: anim
    9 0.003911 3.345128 -2.981901 1.474591 0.081724 1.516903   # pos: anim   rot: anim
    10 4.018331 0.000000 0.000000 0.040592 0.001234 0.013094   # pos: pos   rot: anim
    11 3.518570 0.000000 0.000000 -0.166338 -0.015017 0.451881   # pos: pos   rot: anim
    12 8.942642 -0.000001 0.000000 -0.008377 0.124748 0.418352   # pos: pos   rot: anim
    13 3.307231 0.000017 0.000000 3.141590 0.000000 0.400478   # pos: pos   rot: rot
    14 3.593711 0.000002 0.000000 0.751364 0.074660 0.750764   # pos: pos   rot: anim
    15 2.033434 1.000746 1.937661 1.046658 -1.383454 3.489655   # pos: pos   rot: anim
    16 6.028158 0.000002 -0.000001 -1.399441 0.166814 -1.143845   # pos: pos   rot: anim
    17 11.692554 0.000002 0.000001 0.000000 0.000000 -1.484342   # pos: pos   rot: anim
    18 11.481672 0.000010 -0.000034 1.327677 0.644740 0.593976   # pos: pos   rot: anim
    19 4.082367 0.064632 -1.453701 -0.272699 -0.071383 -0.003060   # pos: anim   rot: anim
    20 1.019585 0.000001 0.000001 -0.416580 0.363234 -1.710887   # pos: anim   rot: anim
    21 0.944213 0.000000 0.000000 -0.030465 0.149158 -0.402249   # pos: anim   rot: anim
    22 4.137645 0.074117 -0.529102 -0.055554 -0.097345 -0.073279   # pos: anim   rot: anim
    23 1.222677 -0.000001 0.000000 -0.194798 0.216731 -1.463544   # pos: anim   rot: anim
    24 1.157258 0.000001 0.000000 -0.005417 0.048648 -0.221727   # pos: anim   rot: anim
    25 4.008693 -0.074116 0.529102 0.099672 -0.097309 -0.126634   # pos: anim   rot: anim
    26 1.426597 -0.000001 0.000000 -0.067377 0.068567 -1.553286   # pos: anim   rot: anim
    27 1.322468 -0.000002 0.000000 -0.003164 0.020606 -0.304732   # pos: anim   rot: anim
    28 4.035646 -0.040289 1.535597 0.338450 -0.014275 -0.573547   # pos: anim   rot: anim
    29 1.242852 0.000000 0.000000 0.061349 -0.118480 -0.954952   # pos: anim   rot: anim
    30 1.134824 0.000000 0.000000 0.029626 -0.087948 -0.649401   # pos: anim   rot: anim
    31 1.083400 -0.302045 1.946277 -1.009663 -0.070545 -1.203528   # pos: anim   rot: anim
    32 1.164764 0.000000 0.000001 0.003370 0.026658 0.251694   # pos: anim   rot: anim
    33 1.206993 0.000001 0.000000 0.000000 0.000001 0.000014   # pos: pos   rot: anim
    34 2.033440 1.000751 -1.937611 -0.774735 1.152746 3.811996   # pos: pos   rot: anim
    35 6.028159 0.000000 0.000001 -0.298173 1.305901 -2.994837   # pos: pos   rot: anim
    36 11.692550 -0.000001 0.000002 0.000000 0.000000 -1.575709   # pos: pos   rot: anim
    37 11.481704 0.000013 0.000004 -0.991259 0.145068 -0.240084   # pos: pos   rot: anim
    38 4.082335 0.078375 1.450928 0.410945 0.123009 -0.756694   # pos: anim   rot: anim
    39 1.019584 0.000001 0.000000 0.082430 -0.261838 -0.607018   # pos: anim   rot: anim
    40 0.944214 0.000000 0.000000 0.205128 -0.375116 -0.993826   # pos: anim   rot: anim
    41 4.137612 0.077673 0.528702 0.177566 -0.069921 -0.759576   # pos: anim   rot: anim
    42 1.222679 0.000000 0.000000 0.051546 -0.155709 -0.638351   # pos: anim   rot: anim
    43 1.157262 0.000001 0.000000 0.193935 -0.249762 -1.318455   # pos: anim   rot: anim
    44 4.008660 -0.077672 -0.528702 -0.136588 -0.008811 -0.777508   # pos: anim   rot: anim
    45 1.426599 0.000002 0.000000 0.018732 -0.055385 -0.652482   # pos: anim   rot: anim
    46 1.322465 -0.000001 0.000000 0.091850 -0.091050 -1.579520   # pos: anim   rot: anim
    47 4.035616 -0.051278 -1.538320 -0.320035 0.260833 -0.059362   # pos: anim   rot: anim
    48 1.242848 0.000000 0.000000 -0.019870 0.072258 -0.536678   # pos: anim   rot: anim
    49 1.134823 0.000001 0.000000 -0.066802 0.119806 -1.016558   # pos: anim   rot: anim
    50 1.083369 -0.316865 -1.943353 1.056174 0.100072 -1.187505   # pos: anim   rot: anim
    51 1.164765 0.000000 0.000000 0.016659 0.092788 0.355088   # pos: anim   rot: anim
    52 1.206997 0.000002 0.000001 0.015880 0.090669 0.346594   # pos: pos   rot: anim
    53 3.202717 -1.851488 0.187596 0.000000 0.000000 0.000000   # pos: pos   rot: rot
  time 17
    0 0.993775 2.257886 16.656093 1.792916 -0.010188 -0.308508   # pos: anim   rot: anim
    1 3.890452 -0.000005 -0.000002 -3.882747 -1.148291 0.564240   # pos: pos   rot: anim
    2 17.848177 -0.000001 0.000000 0.000000 0.000000 2.304673   # pos: pos   rot: anim
    3 15.634601 0.000000 0.000000 -0.000924 -0.186966 -1.613223   # pos: anim   rot: anim
    4 7.336499 0.000000 0.000000 -0.006964 -0.003287 -0.673371   # pos: anim   rot: anim
    5 -3.890451 0.000006 0.000007 -0.867624 -0.796093 -2.546519   # pos: pos   rot: anim
    6 17.848171 -0.000003 -0.000001 0.000000 0.000000 2.531360   # pos: pos   rot: anim
    7 15.634605 0.000000 0.000000 -0.109067 -0.469482 -1.470868   # pos: anim   rot: anim
    8 7.336500 0.000000 0.000000 -0.074394 -0.006043 -1.738372   # pos: anim   rot: anim
    9 0.003911 3.345128 -2.981901 1.474538 0.083281 1.523962   # pos: anim   rot: anim
    10 4.018331 0.000000 0.000000 0.035450 0.015532 0.013028   # pos: pos   rot: anim
    11 3.518570 0.000000 0.000000 -0.166365 -0.013039 0.451546   # pos: pos   rot: anim
    12 8.942642 -0.000001 0.000000 -0.008581 0.124808 0.416662   # pos: pos   rot: anim
    13 3.307231 0.000017 0.000000 3.141590 0.000000 0.400478   # pos: pos   rot: rot
    14 3.593711 0.000002 0.000000 0.731284 0.093320 0.737218   # pos: pos   rot: anim
    15 2.033434 1.000746 1.937661 0.985655 -1.408150 3.551548   # pos: pos   rot: anim
    16 6.028158 0.000002 -0.000001 -1.379847 0.165885 -1.146648   # pos: pos   rot: anim
    17 11.692554 0.000002 0.000001 0.000000 0.000000 -1.484342   # pos: pos   rot: anim
    18 11.481672 0.000010 -0.000034 1.279381 0.637902 0.581309   # pos: pos   rot: anim
    19 4.082367 0.064632 -1.453701 -0.272699 -0.071383 -0.003060   # pos: anim   rot: anim
    20 1.019585 0.000001 0.000001 -0.416580 0.363234 -1.710887   # pos: anim   rot: anim
    21 0.944213 0.000000 0.000000 -0.030465 0.149158 -0.402249   # pos: anim   rot: anim
    22 4.137645 0.074117 -0.529102 -0.055554 -0.097345 -0.073279   # pos: anim   rot: anim
    23 1.222677 -0.000001 0.000000 -0.194798 0.216731 -1.463544   # pos: anim   rot: anim
    24 1.157258 0.000001 0.000000 -0.005405 0.048648 -0.221727   # pos: anim   rot: anim
    25 4.008693 -0.074116 0.529102 0.099672 -0.097309 -0.126634   # pos: anim   rot: anim
    26 1.426597 -0.000001 0.000000 -0.067377 0.068567 -1.553286   # pos: anim   rot: anim
    27 1.322468 -0.000002 0.000000 -0.003164 0.020606 -0.304732   # pos: anim   rot: anim
    28 4.035646 -0.040289 1.535597 0.338450 -0.014275 -0.573547   # pos: anim   rot: anim
    29 1.242852 0.000000 0.000000 0.061349 -0.118480 -0.954952   # pos: anim   rot: anim
    30 1.134824 0.000000 0.000000 0.029626 -0.087948 -0.649401   # pos: anim   rot: anim
    31 1.083400 -0.302045 1.946277 -1.009663 -0.070545 -1.203528   # pos: anim   rot: anim
    32 1.164764 0.000000 0.000001 0.003370 0.026658 0.251694   # pos: anim   rot: anim
    33 1.206993 0.000001 0.000000 0.000000 0.000001 0.000014   # pos: pos   rot: anim
    34 2.033440 1.000751 -1.937611 -0.774735 1.152746 3.811996   # pos: pos   rot: anim
    35 6.028159 0.000000 0.000001 -0.365955 1.312823 -3.040600   # pos: pos   rot: anim
    36 11.692550 -0.000001 0.000002 0.000000 0.000000 -1.567663   # pos: pos   rot: anim
    37 11.481704 0.000013 0.000004 -0.991325 0.142173 -0.233144   # pos: pos   rot: anim
    38 4.082335 0.078375 1.450928 0.410945 0.123009 -0.756694   # pos: anim   rot: anim
    39 1.019584 0.000001 0.000000 0.082430 -0.261838 -0.607018   # pos: anim   rot: anim
    40 0.944214 0.000000 0.000000 0.205128 -0.375116 -0.993826   # pos: anim   rot: anim
    41 4.137612 0.077673 0.528702 0.177566 -0.069921 -0.759576   # pos: anim   rot: anim
    42 1.222679 0.000000 0.000000 0.051546 -0.155709 -0.638351   # pos: anim   rot: anim
    43 1.157262 0.000001 0.000000 0.193935 -0.249762 -1.318455   # pos: anim   rot: anim
    44 4.008660 -0.077672 -0.528702 -0.136588 -0.008811 -0.777508   # pos: anim   rot: anim
    45 1.426599 0.000002 0.000000 0.018732 -0.055385 -0.652482   # pos: anim   rot: anim
    46 1.322465 -0.000001 0.000000 0.091850 -0.091050 -1.579520   # pos: anim   rot: anim
    47 4.035616 -0.051278 -1.538320 -0.320035 0.260833 -0.059362   # pos: anim   rot: anim
    48 1.242848 0.000000 0.000000 -0.019870 0.072258 -0.536678   # pos: anim   rot: anim
    49 1.134823 0.000001 0.000000 -0.066802 0.119806 -1.016558   # pos: anim   rot: anim
    50 1.083369 -0.316865 -1.943353 1.056174 0.100072 -1.187505   # pos: anim   rot: anim
    51 1.164765 0.000000 0.000000 0.016659 0.092788 0.355088   # pos: anim   rot: anim
    52 1.206997 0.000002 0.000001 0.015880 0.090669 0.346594   # pos: pos   rot: anim
    53 3.202717 -1.851488 0.187596 0.000000 0.000000 0.000000   # pos: pos   rot: rot
  time 18
    0 0.993775 2.253980 16.648280 1.795389 -0.010188 -0.308508   # pos: anim   rot: anim
    1 3.890452 -0.000005 -0.000002 -3.891374 -1.149074 0.574549   # pos: pos   rot: anim
    2 17.848177 -0.000001 0.000000 0.000000 0.000000 2.305354   # pos: pos   rot: anim
    3 15.634601 0.000000 0.000000 -0.004334 -0.188294 -1.612939   # pos: anim   rot: anim
    4 7.336499 0.000000 0.000000 -0.006964 -0.003287 -0.673371   # pos: anim   rot: anim
    5 -3.890451 0.000006 0.000007 -0.865175 -0.796047 -2.550015   # pos: pos   rot: anim
    6 17.848171 -0.000003 -0.000001 0.000000 0.000000 2.533066   # pos: pos   rot: anim
    7 15.634605 0.000000 0.000000 -0.109840 -0.471589 -1.472760   # pos: anim   rot: anim
    8 7.336500 0.000000 0.000000 -0.074394 -0.006043 -1.738478   # pos: anim   rot: anim
    9 0.003911 3.345128 -2.981901 1.474432 0.085768 1.536640   # pos: anim   rot: anim
    10 4.018331 0.000000 0.000000 0.029170 0.035007 0.012928   # pos: pos   rot: anim
    11 3.518570 0.000000 0.000000 -0.166391 -0.011026 0.451211   # pos: pos   rot: anim
    12 8.942642 -0.000001 0.000000 -0.008869 0.124879 0.414229   # pos: pos   rot: anim
    13 3.307231 0.000017 0.000000 3.141590 0.000000 0.400478   # pos: pos   rot: rot
    14 3.593711 0.000002 0.000000 0.704423 0.119587 0.730719   # pos: pos   rot: anim
    15 2.033434 1.000746 1.937661 0.875621 -1.438264 3.662784   # pos: pos   rot: anim
    16 6.028158 0.000002 -0.000001 -1.355569 0.187350 -1.160570   # pos: pos   rot: anim
    17 11.692554 0.000002 0.000001 0.000000 0.000000 -1.484418   # pos: pos   rot: anim
    18 11.481672 0.000010 -0.000034 1.213723 0.630099 0.565254   # pos: pos   rot: anim
    19 4.082367 0.064632 -1.453701 -0.272699 -0.071383 -0.003060   # pos: anim   rot: anim
    20 1.019585 0.000001 0.000001 -0.416580 0.363234 -1.710887   # pos: anim   rot: anim
    21 0.944213 0.000000 0.000000 -0.030465 0.149158 -0.402249   # pos: anim   rot: anim
    22 4.137645 0.074117 -0.529102 -0.055554 -0.097345 -0.073279   # pos: anim   rot: anim
    23 1.222677 -0.000001 0.000000 -0.194798 0.216731 -1.463544   # pos: anim   rot: anim
    24 1.157258 0.000001 0.000000 -0.005405 0.048648 -0.221727   # pos: anim   rot: anim
    25 4.008693 -0.074116 0.529102 0.099672 -0.097309 -0.126634   # pos: anim   rot: anim
    26 1.426597 -0.000001 0.000000 -0.067377 0.068567 -1.553286   # pos: anim   rot: anim
    27 1.322468 -0.000002 0.000000 -0.003164 0.020606 -0.304732   # pos: anim   rot: anim
    28 4.035646 -0.040289 1.535597 0.338450 -0.014275 -0.573547   # pos: anim   rot: anim
    29 1.242852 0.000000 0.000000 0.061349 -0.118480 -0.954952   # pos: anim   rot: anim
    30 1.134824 0.000000 0.000000 0.029626 -0.087948 -0.649401   # pos: anim   rot: anim
    31 1.083400 -0.302045 1.946277 -1.009663 -0.070545 -1.203528   # pos: anim   rot: anim
    32 1.164764 0.000000 0.000001 0.003370 0.026658 0.251694   # pos: anim   rot: anim
    33 1.206993 0.000001 0.000000 0.000000 0.000001 0.000014   # pos: pos   rot: anim
    34 2.033440 1.000751 -1.937611 -0.774735 1.152746 3.811996   # pos: pos   rot: anim
    35 6.028159 0.000000 0.000001 -0.462660 1.323229 -3.105749   # pos: pos   rot: anim
    36 11.692550 -0.000001 0.000002 0.000000 0.000000 -1.557663   # pos: pos   rot: anim
    37 11.481704 0.000013 0.000004 -0.991259 0.138784 -0.224478   # pos: pos   rot: anim
    38 4.082335 0.078375 1.450928 0.410945 0.123009 -0.756694   # pos: anim   rot: anim
    39 1.019584 0.000001 0.000000 0.082430 -0.261838 -0.607018   # pos: anim   rot: anim
    40 0.944214 0.000000 0.000000 0.205128 -0.375116 -0.993826   # pos: anim   rot: anim
    41 4.137612 0.077673 0.528702 0.177566 -0.069921 -0.759576   # pos: anim   rot: anim
    42 1.222679 0.000000 0.000000 0.051546 -0.155709 -0.638351   # pos: anim   rot: anim
    43 1.157262 0.000001 0.000000 0.193935 -0.249762 -1.318455   # pos: anim   rot: anim
    44 4.008660 -0.077672 -0.528702 -0.136588 -0.008811 -0.777508   # pos: anim   rot: anim
    45 1.426599 0.000002 0.000000 0.018732 -0.055385 -0.652482   # pos: anim   rot: anim
    46 1.322465 -0.000001 0.000000 0.091850 -0.091050 -1.579520   # pos: anim   rot: anim
    47 4.035616 -0.051278 -1.538320 -0.320035 0.260833 -0.059362   # pos: anim   rot: anim
    48 1.242848 0.000000 0.000000 -0.019870 0.072258 -0.536678   # pos: anim   rot: anim
    49 1.134823 0.000001 0.000000 -0.066802 0.119806 -1.016558   # pos: anim   rot: anim
    50 1.083369 -0.316865 -1.943353 1.056174 0.100072 -1.187505   # pos: anim   rot: anim
    51 1.164765 0.000000 0.000000 0.016659 0.092788 0.355088   # pos: anim   rot: anim
    52 1.206997 0.000002 0.000001 0.015880 0.090669 0.346594   # pos: pos   rot: anim
    53 3.202717 -1.851488 0.187596 0.000000 0.000000 0.000000   # pos: pos   rot: rot
  time 19
    0 0.997682 2.250074 16.640467 1.797627 -0.010188 -0.308508   # pos: anim   rot: anim
    1 3.890452 -0.000005 -0.000002 -3.899809 -1.150249 0.585144   # pos: pos   rot: anim
    2 17.848177 -0.000001 0.000000 0.000000 0.000000 2.305884   # pos: pos   rot: anim
    3 15.634601 0.000000 0.000000 -0.008211 -0.189739 -1.612513   # pos: anim   rot: anim
    4 7.336499 0.000000 0.000000 -0.006964 -0.003287 -0.673371   # pos: anim   rot: anim
    5 -3.890451 0.000006 0.000007 -0.863063 -0.795911 -2.553201   # pos: pos   rot: anim
    6 17.848171 -0.000003 -0.000001 0.000000 0.000000 2.534773   # pos: pos   rot: anim
    7 15.634605 0.000000 0.000000 -0.110588 -0.473585 -1.474652   # pos: anim   rot: anim
    8 7.336500 0.000000 0.000000 -0.074394 -0.006043 -1.738443   # pos: anim   rot: anim
    9 0.003911 3.345128 -2.981901 1.474325 0.088730 1.552600   # pos: anim   rot: anim
    10 4.018331 0.000000 0.000000 0.022148 0.057083 0.012679   # pos: pos   rot: anim
    11 3.518570 0.000000 0.000000 -0.166418 -0.008988 0.450876   # pos: pos   rot: anim
    12 8.942642 -0.000001 0.000000 -0.009192 0.124975 0.411437   # pos: pos   rot: anim
    13 3.307231 0.000017 0.000000 3.141590 0.000000 0.400478   # pos: pos   rot: rot
    14 3.593711 0.000002 0.000000 0.673231 0.148947 0.732392   # pos: pos   rot: anim
    15 2.033434 1.000746 1.937661 0.692997 -1.467240 3.846644   # pos: pos   rot: anim
    16 6.028158 0.000002 -0.000001 -1.328806 0.217324 -1.176175   # pos: pos   rot: anim
    17 11.692554 0.000002 0.000001 0.000000 0.000000 -1.484494   # pos: pos   rot: anim
    18 11.481672 0.000010 -0.000034 1.139306 0.620140 0.547836   # pos: pos   rot: anim
    19 4.082367 0.064632 -1.453701 -0.272699 -0.071383 -0.003060   # pos: anim   rot: anim
    20 1.019585 0.000001 0.000001 -0.416580 0.363234 -1.710887   # pos: anim   rot: anim
    21 0.944213 0.000000 0.000000 -0.030465 0.149158 -0.402249   # pos: anim   rot: anim
    22 4.137645 0.074117 -0.529102 -0.055554 -0.097345 -0.073279   # pos: anim   rot: anim
    23 1.222677 -0.000001 0.000000 -0.194798 0.216731 -1.463544   # pos: anim   rot: anim
    24 1.157258 0.000001 0.000000 -0.005417 0.048648 -0.221727   # pos: anim   rot: anim
    25 4.008693 -0.074116 0.529102 0.099672 -0.097309 -0.126634   # pos: anim   rot: anim
    26 1.426597 -0.000001 0.000000 -0.067377 0.068567 -1.553286   # pos: anim   rot: anim
    27 1.322468 -0.000002 0.000000 -0.003164 0.020606 -0.304732   # pos: anim   rot: anim
    28 4.035646 -0.040289 1.535597 0.338450 -0.014275 -0.573547   # pos: anim   rot: anim
    29 1.242852 0.000000 0.000000 0.061349 -0.118480 -0.954952   # pos: anim   rot: anim
    30 1.134824 0.000000 0.000000 0.029626 -0.087948 -0.649401   # pos: anim   rot: anim
    31 1.083400 -0.302045 1.946277 -1.009663 -0.070545 -1.203528   # pos: anim   rot: anim
    32 1.164764 0.000000 0.000001 0.003370 0.026658 0.251694   # pos: anim   rot: anim
    33 1.206993 0.000001 0.000000 0.000000 0.000001 0.000014   # pos: pos   rot: anim
    34 2.033440 1.000751 -1.937611 -0.774735 1.152746 3.811996   # pos: pos   rot: anim
    35 6.028159 0.000000 0.000001 -0.581546 1.333683 -3.187395   # pos: pos   rot: anim
    36 11.692550 -0.000001 0.000002 0.000000 0.000000 -1.546309   # pos: pos   rot: anim
    37 11.481704 0.000013 0.000004 -0.991126 0.135132 -0.214547   # pos: pos   rot: anim
    38 4.082335 0.078375 1.450928 0.410945 0.123009 -0.756694   # pos: anim   rot: anim
    39 1.019584 0.000001 0.000000 0.082430 -0.261838 -0.607018   # pos: anim   rot: anim
    40 0.944214 0.000000 0.000000 0.205128 -0.375116 -0.993826   # pos: anim   rot: anim
    41 4.137612 0.077673 0.528702 0.177566 -0.069921 -0.759576   # pos: anim   rot: anim
    42 1.222679 0.000000 0.000000 0.051546 -0.155709 -0.638351   # pos: anim   rot: anim
    43 1.157262 0.000001 0.000000 0.193935 -0.249762 -1.318455   # pos: anim   rot: anim
    44 4.008660 -0.077672 -0.528702 -0.136588 -0.008811 -0.777508   # pos: anim   rot: anim
    45 1.426599 0.000002 0.000000 0.018732 -0.055385 -0.652482   # pos: anim   rot: anim
    46 1.322465 -0.000001 0.000000 0.091850 -0.091050 -1.579520   # pos: anim   rot: anim
    47 4.035616 -0.051278 -1.538320 -0.320035 0.260833 -0.059362   # pos: anim   rot: anim
    48 1.242848 0.000000 0.000000 -0.019870 0.072258 -0.536678   # pos: anim   rot: anim
    49 1.134823 0.000001 0.000000 -0.066802 0.119806 -1.016558   # pos: anim   rot: anim
    50 1.083369 -0.316865 -1.943353 1.056174 0.100072 -1.187505   # pos: anim   rot: anim
    51 1.164765 0.000000 0.000000 0.016659 0.092788 0.355088   # pos: anim   rot: anim
    52 1.206997 0.000002 0.000001 0.015880 0.090669 0.346594   # pos: pos   rot: anim
    53 3.202717 -1.851488 0.187596 0.000000 0.000000 0.000000   # pos: pos   rot: rot
  time 20
    0 0.997682 2.246167 16.632654 1.799511 -0.010188 -0.308508   # pos: anim   rot: anim
    1 3.890452 -0.000005 -0.000002 -3.907477 -1.151668 0.595167   # pos: pos   rot: anim
    2 17.848177 -0.000001 0.000000 0.000000 0.000000 2.306414   # pos: pos   rot: anim
    3 15.634601 0.000000 0.000000 -0.012236 -0.191165 -1.611993   # pos: anim   rot: anim
    4 7.336499 0.000000 0.000000 -0.006964 -0.003287 -0.673371   # pos: anim   rot: anim
    5 -3.890451 0.000006 0.000007 -0.861289 -0.795728 -2.555920   # pos: pos   rot: anim
    6 17.848171 -0.000003 -0.000001 0.000000 0.000000 2.536236   # pos: pos   rot: anim
    7 15.634605 0.000000 0.000000 -0.111236 -0.475393 -1.476355   # pos: anim   rot: anim
    8 7.336500 0.000000 0.000000 -0.074394 -0.006043 -1.738302   # pos: anim   rot: anim
    9 0.003911 3.345128 -2.981901 1.474325 0.091809 1.569503   # pos: anim   rot: anim
    10 4.018331 0.000000 0.000000 0.014825 0.079182 0.012248   # pos: pos   rot: anim
    11 3.518570 0.000000 0.000000 -0.166444 -0.006951 0.450526   # pos: pos   rot: anim
    12 8.942642 -0.000001 0.000000 -0.009516 0.125059 0.408632   # pos: pos   rot: anim
    13 3.307231 0.000017 0.000000 3.141590 0.000000 0.400478   # pos: pos   rot: rot
    14 3.593711 0.000002 0.000000 0.624758 0.169047 0.775345   # pos: pos   rot: anim
    15 2.033434 1.000746 1.937661 0.428494 -1.488285 4.112326   # pos: pos   rot: anim
    16 6.028158 0.000002 -0.000001 -1.302617 0.242554 -1.185425   # pos: pos   rot: anim
    17 11.692554 0.000002 0.000001 0.000000 0.000000 -1.484570   # pos: pos   rot: anim
    18 11.481672 0.000010 -0.000034 1.064652 0.607208 0.531044   # pos: pos   rot: anim
    19 4.082367 0.064632 -1.453701 -0.272699 -0.071383 -0.003060   # pos: anim   rot: anim
    20 1.019585 0.000001 0.000001 -0.416580 0.363234 -1.710887   # pos: anim   rot: anim
    21 0.944213 0.000000 0.000000 -0.030465 0.149158 -0.402249   # pos: anim   rot: anim
    22 4.137645 0.074117 -0.529102 -0.055554 -0.097345 -0.073279   # pos: anim   rot: anim
    23 1.222677 -0.000001 0.000000 -0.194798 0.216731 -1.463544   # pos: anim   rot: anim
    24 1.157258 0.000001 0.000000 -0.005417 0.048648 -0.221727   # pos: anim   rot: anim
    25 4.008693 -0.074116 0.529102 0.099672 -0.097309 -0.126634   # pos: anim   rot: anim
    26 1.426597 -0.000001 0.000000 -0.067377 0.068567 -1.553286   # pos: anim   rot: anim
    27 1.322468 -0.000002 0.000000 -0.003164 0.020606 -0.304732   # pos: anim   rot: anim
    28 4.035646 -0.040289 1.535597 0.338450 -0.014275 -0.573547   # pos: anim   rot: anim
    29 1.242852 0.000000 0.000000 0.061349 -0.118480 -0.954952   # pos: anim   rot: anim
    30 1.134824 0.000000 0.000000 0.029626 -0.087948 -0.649401   # pos: anim   rot: anim
    31 1.083400 -0.302045 1.946277 -1.009663 -0.070545 -1.203528   # pos: anim   rot: anim
    32 1.164764 0.000000 0.000001 0.003370 0.026658 0.251694   # pos: anim   rot: anim
    33 1.206993 0.000001 0.000000 0.000000 0.000001 0.000014   # pos: pos   rot: anim
    34 2.033440 1.000751 -1.937611 -0.774735 1.152746 3.811996   # pos: pos   rot: anim
    35 6.028159 0.000000 0.000001 -0.710988 1.341417 -3.278361   # pos: pos   rot: anim
    36 11.692550 -0.000001 0.000002 0.000000 0.000000 -1.534128   # pos: pos   rot: anim
    37 11.481704 0.000013 0.000004 -0.990926 0.131414 -0.203849   # pos: pos   rot: anim
    38 4.082335 0.078375 1.450928 0.410945 0.123009 -0.756694   # pos: anim   rot: anim
    39 1.019584 0.000001 0.000000 0.082430 -0.261838 -0.607018   # pos: anim   rot: anim
    40 0.944214 0.000000 0.000000 0.205128 -0.375116 -0.993826   # pos: anim   rot: anim
    41 4.137612 0.077673 0.528702 0.177566 -0.069921 -0.759576   # pos: anim   rot: anim
    42 1.222679 0.000000 0.000000 0.051546 -0.155709 -0.638351   # pos: anim   rot: anim
    43 1.157262 0.000001 0.000000 0.193935 -0.249762 -1.318455   # pos: anim   rot: anim
    44 4.008660 -0.077672 -0.528702 -0.136588 -0.008811 -0.777508   # pos: anim   rot: anim
    45 1.426599 0.000002 0.000000 0.018732 -0.055385 -0.652482   # pos: anim   rot: anim
    46 1.322465 -0.000001 0.000000 0.091850 -0.091050 -1.579520   # pos: anim   rot: anim
    47 4.035616 -0.051278 -1.538320 -0.320035 0.260833 -0.059362   # pos: anim   rot: anim
    48 1.242848 0.000000 0.000000 -0.019870 0.072258 -0.536678   # pos: anim   rot: anim
    49 1.134823 0.000001 0.000000 -0.066802 0.119806 -1.016558   # pos: anim   rot: anim
    50 1.083369 -0.316865 -1.943353 1.056174 0.100072 -1.187505   # pos: anim   rot: anim
    51 1.164765 0.000000 0.000000 0.016659 0.092788 0.355088   # pos: anim   rot: anim
    52 1.206997 0.000002 0.000001 0.015880 0.090669 0.346594   # pos: pos   rot: anim
    53 3.202717 -1.851488 0.187596 0.000000 0.000000 0.000000   # pos: pos   rot: rot
  time 21
    0 1.001588 2.242261 16.628748 1.800983 -0.010188 -0.308508   # pos: anim   rot: anim
    1 3.890452 -0.000005 -0.000002 -3.918212 -1.156318 0.611775   # pos: pos   rot: anim
    2 17.848177 -0.000001 0.000000 0.000000 0.000000 2.306717   # pos: pos   rot: anim
    3 15.634601 0.000000 0.000000 -0.021167 -0.194075 -1.610432   # pos: anim   rot: anim
    4 7.336499 0.000000 0.000000 -0.006964 -0.003287 -0.673371   # pos: anim   rot: anim
    5 -3.890451 0.000006 0.000007 -0.859938 -0.795455 -2.558095   # pos: pos   rot: anim
    6 17.848171 -0.000003 -0.000001 0.000000 0.000000 2.537617   # pos: pos   rot: anim
    7 15.634605 0.000000 0.000000 -0.111734 -0.476941 -1.477916   # pos: anim   rot: anim
    8 7.336500 0.000000 0.000000 -0.074406 -0.006043 -1.738091   # pos: anim   rot: anim
    9 0.003911 3.345128 -2.981901 1.474325 0.094568 1.584916   # pos: anim   rot: anim
    10 4.018331 0.000000 0.000000 0.007586 0.098753 0.011617   # pos: pos   rot: anim
    11 3.518570 0.000000 0.000000 -0.166471 -0.004890 0.450191   # pos: pos   rot: anim
    12 8.942642 -0.000001 0.000000 -0.009803 0.125131 0.406187   # pos: pos   rot: anim
    13 3.307231 0.000017 0.000000 3.141590 0.000000 0.400478   # pos: pos   rot: rot
    14 3.593711 0.000002 0.000000 0.562506 0.178075 0.864052   # pos: pos   rot: anim
    15 2.033434 1.000746 1.937661 0.160160 -1.498101 4.381361   # pos: pos   rot: anim
    16 6.028158 0.000002 -0.000001 -1.281971 0.250573 -1.182061   # pos: pos   rot: anim
    17 11.692554 0.000002 0.000001 0.000000 0.000000 -1.484570   # pos: pos   rot: anim
    18 11.481672 0.000010 -0.000034 0.998205 0.591043 0.516719   # pos: pos   rot: anim
    19 4.082367 0.064632 -1.453701 -0.272699 -0.071383 -0.003060   # pos: anim   rot: anim
    20 1.019585 0.000001 0.000001 -0.416580 0.363234 -1.710887   # pos: anim   rot: anim
    21 0.944213 0.000000 0.000000 -0.030465 0.149158 -0.402249   # pos: anim   rot: anim
    22 4.137645 0.074117 -0.529102 -0.055554 -0.097345 -0.073279   # pos: anim   rot: anim
    23 1.222677 -0.000001 0.000000 -0.194798 0.216731 -1.463544   # pos: anim   rot: anim
    24 1.157258 0.000001 0.000000 -0.005417 0.048648 -0.221727   # pos: anim   rot: anim
    25 4.008693 -0.074116 0.529102 0.099672 -0.097309 -0.126634   # pos: anim   rot: anim
    26 1.426597 -0.000001 0.000000 -0.067377 0.068567 -1.553286   # pos: anim   rot: anim
    27 1.322468 -0.000002 0.000000 -0.003164 0.020606 -0.304732   # pos: anim   rot: anim
    28 4.035646 -0.040289 1.535597 0.338450 -0.014275 -0.573547   # pos: anim   rot: anim
    29 1.242852 0.000000 0.000000 0.061349 -0.118480 -0.954952   # pos: anim   rot: anim
    30 1.134824 0.000000 0.000000 0.029626 -0.087948 -0.649401   # pos: anim   rot: anim
    31 1.083400 -0.302045 1.946277 -1.009663 -0.070545 -1.203528   # pos: anim   rot: anim
    32 1.164764 0.000000 0.000001 0.003370 0.026658 0.251694   # pos: anim   rot: anim
    33 1.206993 0.000001 0.000000 0.000000 0.000001 0.000014   # pos: pos   rot: anim
    34 2.033440 1.000751 -1.937611 -0.774735 1.152746 3.811996   # pos: pos   rot: anim
    35 6.028159 0.000000 0.000001 -0.834132 1.344806 -3.365878   # pos: pos   rot: anim
    36 11.692550 -0.000001 0.000002 0.000000 0.000000 -1.521797   # pos: pos   rot: anim
    37 11.481704 0.000013 0.000004 -0.990593 0.127828 -0.192883   # pos: pos   rot: anim
    38 4.082335 0.078375 1.450928 0.410945 0.122997 -0.756694   # pos: anim   rot: anim
    39 1.019584 0.000001 0.000000 0.082430 -0.261838 -0.607018   # pos: anim   rot: anim
    40 0.944214 0.000000 0.000000 0.205128 -0.375116 -0.993826   # pos: anim   rot: anim
    41 4.137612 0.077673 0.528702 0.177566 -0.069921 -0.759576   # pos: anim   rot: anim
    42 1.222679 0.000000 0.000000 0.051546 -0.155709 -0.638351   # pos: anim   rot: anim
    43 1.157262 0.000001 0.000000 0.193935 -0.249762 -1.318455   # pos: anim   rot: anim
    44 4.008660 -0.077672 -0.528702 -0.136588 -0.008811 -0.777508   # pos: anim   rot: anim
    45 1.426599 0.000002 0.000000 0.018732 -0.055385 -0.652482   # pos: anim   rot: anim
    46 1.322465 -0.000001 0.000000 0.091850 -0.091050 -1.579520   # pos: anim   rot: anim
    47 4.035616 -0.051278 -1.538320 -0.320035 0.260833 -0.059362   # pos: anim   rot: anim
    48 1.242848 0.000000 0.000000 -0.019870 0.072258 -0.536678   # pos: anim   rot: anim
    49 1.134823 0.000001 0.000000 -0.066802 0.119806 -1.016558   # pos: anim   rot: anim
    50 1.083369 -0.316865 -1.943353 1.056174 0.100072 -1.187505   # pos: anim   rot: anim
    51 1.164765 0.000000 0.000000 0.016659 0.092788 0.355088   # pos: anim   rot: anim
    52 1.206997 0.000002 0.000001 0.015880 0.090669 0.346594   # pos: pos   rot: anim
    53 3.202717 -1.851488 0.187596 0.000000 0.000000 0.000000   # pos: pos   rot: rot
  time 22
    0 1.001588 2.242261 16.624842 1.801926 -0.010188 -0.308508   # pos: anim   rot: anim
    1 3.890452 -0.000005 -0.000002 -3.923484 -1.158031 0.619316   # pos: pos   rot: anim
    2 17.848177 -0.000001 0.000000 0.000000 0.000000 2.306944   # pos: pos   rot: anim
    3 15.634601 0.000000 0.000000 -0.024872 -0.195285 -1.609770   # pos: anim   rot: anim
    4 7.336499 0.000000 0.000000 -0.006964 -0.003287 -0.673371   # pos: anim   rot: anim
    5 -3.890451 0.000006 0.000007 -0.859262 -0.795182 -2.559571   # pos: pos   rot: anim
    6 17.848171 -0.000003 -0.000001 0.000000 0.000000 2.538674   # pos: pos   rot: anim
    7 15.634605 0.000000 0.000000 -0.112083 -0.478153 -1.479240   # pos: anim   rot: anim
    8 7.336500 0.000000 0.000000 -0.074406 -0.006043 -1.737809   # pos: anim   rot: anim
    9 0.003911 3.345128 -2.981901 1.474379 0.096598 1.596649   # pos: anim   rot: anim
    10 4.018331 0.000000 0.000000 0.000863 0.113206 0.010853   # pos: pos   rot: anim
    11 3.518570 0.000000 0.000000 -0.166497 -0.002840 0.449842   # pos: pos   rot: anim
    12 8.942642 -0.000001 0.000000 -0.010007 0.125191 0.404450   # pos: pos   rot: anim
    13 3.307231 0.000017 0.000000 3.141590 0.000000 0.400478   # pos: pos   rot: rot
    14 3.593711 0.000002 0.000000 0.509002 0.181363 0.953917   # pos: pos   rot: anim
    15 2.033434 1.000746 1.937661 0.050892 -1.500103 4.490968   # pos: pos   rot: anim
    16 6.028158 0.000002 -0.000001 -1.273178 0.229694 -1.160757   # pos: pos   rot: anim
    17 11.692554 0.000002 0.000001 0.000000 0.000000 -1.484646   # pos: pos   rot: anim
    18 11.481672 0.000010 -0.000034 0.948015 0.571608 0.506298   # pos: pos   rot: anim
    19 4.082367 0.064632 -1.453701 -0.272699 -0.071383 -0.003060   # pos: anim   rot: anim
    20 1.019585 0.000001 0.000001 -0.416580 0.363234 -1.710887   # pos: anim   rot: anim
    21 0.944213 0.000000 0.000000 -0.030465 0.149158 -0.402249   # pos: anim   rot: anim
    22 4.137645 0.074117 -0.529102 -0.055554 -0.097345 -0.073279   # pos: anim   rot: anim
    23 1.222677 -0.000001 0.000000 -0.194798 0.216731 -1.463544   # pos: anim   rot: anim
    24 1.157258 0.000001 0.000000 -0.005417 0.048648 -0.221727   # pos: anim   rot: anim
    25 4.008693 -0.074116 0.529102 0.099672 -0.097309 -0.126634   # pos: anim   rot: anim
    26 1.426597 -0.000001 0.000000 -0.067377 0.068567 -1.553286   # pos: anim   rot: anim
    27 1.322468 -0.000002 0.000000 -0.003164 0.020606 -0.304732   # pos: anim   rot: anim
    28 4.035646 -0.040289 1.535597 0.338450 -0.014275 -0.573547   # pos: anim   rot: anim
    29 1.242852 0.000000 0.000000 0.061349 -0.118480 -0.954952   # pos: anim   rot: anim
    30 1.134824 0.000000 0.000000 0.029626 -0.087948 -0.649401   # pos: anim   rot: anim
    31 1.083400 -0.302045 1.946277 -1.009663 -0.070545 -1.203528   # pos: anim   rot: anim
    32 1.164764 0.000000 0.000001 0.003370 0.026658 0.251694   # pos: anim   rot: anim
    33 1.206993 0.000001 0.000000 0.000000 0.000001 0.000014   # pos: pos   rot: anim
    34 2.033440 1.000751 -1.937611 -0.774735 1.152746 3.811996   # pos: pos   rot: anim
    35 6.028159 0.000000 0.000001 -0.931547 1.343660 -3.434755   # pos: pos   rot: anim
    36 11.692550 -0.000001 0.000002 0.000000 0.000000 -1.509841   # pos: pos   rot: anim
    37 11.481704 0.000013 0.000004 -0.990128 0.124702 -0.182185   # pos: pos   rot: anim
    38 4.082335 0.078375 1.450928 0.410945 0.122997 -0.756694   # pos: anim   rot: anim
    39 1.019584 0.000001 0.000000 0.082430 -0.261838 -0.607018   # pos: anim   rot: anim
    40 0.944214 0.000000 0.000000 0.205128 -0.375116 -0.993826   # pos: anim   rot: anim
    41 4.137612 0.077673 0.528702 0.177566 -0.069921 -0.759576   # pos: anim   rot: anim
    42 1.222679 0.000000 0.000000 0.051546 -0.155709 -0.638351   # pos: anim   rot: anim
    43 1.157262 0.000001 0.000000 0.193935 -0.249762 -1.318455   # pos: anim   rot: anim
    44 4.008660 -0.077672 -0.528702 -0.136588 -0.008811 -0.777508   # pos: anim   rot: anim
    45 1.426599 0.000002 0.000000 0.018732 -0.055385 -0.652482   # pos: anim   rot: anim
    46 1.322465 -0.000001 0.000000 0.091850 -0.091050 -1.579520   # pos: anim   rot: anim
    47 4.035616 -0.051278 -1.538320 -0.320035 0.260833 -0.059362   # pos: anim   rot: anim
    48 1.242848 0.000000 0.000000 -0.019870 0.072258 -0.536678   # pos: anim   rot: anim
    49 1.134823 0.000001 0.000000 -0.066802 0.119806 -1.016558   # pos: anim   rot: anim
    50 1.083369 -0.316865 -1.943353 1.056174 0.100072 -1.187505   # pos: anim   rot: anim
    51 1.164765 0.000000 0.000000 0.016659 0.092788 0.355088   # pos: anim   rot: anim
    52 1.206997 0.000002 0.000001 0.015880 0.090669 0.346594   # pos: pos   rot: anim
    53 3.202717 -1.851488 0.187596 0.000000 0.000000 0.000000   # pos: pos   rot: rot
  time 23
    0 1.001588 2.242261 16.624842 1.802220 -0.010188 -0.308508   # pos: anim   rot: anim
    1 3.890452 -0.000005 -0.000002 -3.928181 -1.160673 0.627238   # pos: pos   rot: anim
    2 17.848177 -0.000001 0.000000 0.000000 0.000000 2.306944   # pos: pos   rot: anim
    3 15.634601 0.000000 0.000000 -0.029559 -0.196711 -1.608825   # pos: anim   rot: anim
    4 7.336499 0.000000 0.000000 -0.006964 -0.003287 -0.673371   # pos: anim   rot: anim
    5 -3.890451 0.000006 0.000007 -0.859178 -0.794908 -2.560270   # pos: pos   rot: anim
    6 17.848171 -0.000003 -0.000001 0.000000 0.000000 2.539486   # pos: pos   rot: anim
    7 15.634605 0.000000 0.000000 -0.112232 -0.478936 -1.480186   # pos: anim   rot: anim
    8 7.336500 0.000000 0.000000 -0.074406 -0.006043 -1.737457   # pos: anim   rot: anim
    9 0.003911 3.345128 -2.981901 1.474432 0.097478 1.602267   # pos: anim   rot: anim
    10 4.018331 0.000000 0.000000 -0.004890 0.119978 0.010040   # pos: pos   rot: anim
    11 3.518570 0.000000 0.000000 -0.166537 -0.000791 0.449492   # pos: pos   rot: anim
    12 8.942642 -0.000001 0.000000 -0.010079 0.125203 0.403802   # pos: pos   rot: anim
    13 3.307231 0.000017 0.000000 3.141590 0.000000 0.400478   # pos: pos   rot: rot
    14 3.593711 0.000002 0.000000 0.482229 0.176192 0.997643   # pos: pos   rot: anim
    15 2.033434 1.000746 1.937661 0.214554 -1.496726 4.326941   # pos: pos   rot: anim
    16 6.028158 0.000002 -0.000001 -1.282927 0.169063 -1.116000   # pos: pos   rot: anim
    17 11.692554 0.000002 0.000001 0.000000 0.000000 -1.484646   # pos: pos   rot: anim
    18 11.481672 0.000010 -0.000034 0.921894 0.549163 0.500701   # pos: pos   rot: anim
    19 4.082367 0.064632 -1.453701 -0.272699 -0.071383 -0.003060   # pos: anim   rot: anim
    20 1.019585 0.000001 0.000001 -0.416580 0.363234 -1.710887   # pos: anim   rot: anim
    21 0.944213 0.000000 0.000000 -0.030465 0.149158 -0.402249   # pos: anim   rot: anim
    22 4.137645 0.074117 -0.529102 -0.055554 -0.097345 -0.073279   # pos: anim   rot: anim
    23 1.222677 -0.000001 0.000000 -0.194798 0.216731 -1.463544   # pos: anim   rot: anim
    24 1.157258 0.000001 0.000000 -0.005405 0.048648 -0.221727   # pos: anim   rot: anim
    25 4.008693 -0.074116 0.529102 0.099672 -0.097309 -0.126634   # pos: anim   rot: anim
    26 1.426597 -0.000001 0.000000 -0.067377 0.068567 -1.553286   # pos: anim   rot: anim
    27 1.322468 -0.000002 0.000000 -0.003164 0.020606 -0.304732   # pos: anim   rot: anim
    28 4.035646 -0.040289 1.535597 0.338450 -0.014275 -0.573547   # pos: anim   rot: anim
    29 1.242852 0.000000 0.000000 0.061349 -0.118480 -0.954952   # pos: anim   rot: anim
    30 1.134824 0.000000 0.000000 0.029626 -0.087948 -0.649401   # pos: anim   rot: anim
    31 1.083400 -0.302045 1.946277 -1.009663 -0.070545 -1.203528   # pos: anim   rot: anim
    32 1.164764 0.000000 0.000001 0.003370 0.026658 0.251694   # pos: anim   rot: anim
    33 1.206993 0.000001 0.000000 0.000000 0.000001 0.000014   # pos: pos   rot: anim
    34 2.033440 1.000751 -1.937611 -0.774735 1.152746 3.811996   # pos: pos   rot: anim
    35 6.028159 0.000000 0.000001 -0.985312 1.338505 -3.471477   # pos: pos   rot: anim
    36 11.692550 -0.000001 0.000002 0.000000 0.000000 -1.498938   # pos: pos   rot: anim
    37 11.481704 0.000013 0.000004 -0.989529 0.122169 -0.172178   # pos: pos   rot: anim
    38 4.082335 0.078375 1.450928 0.410945 0.122997 -0.756694   # pos: anim   rot: anim
    39 1.019584 0.000001 0.000000 0.082430 -0.261838 -0.607018   # pos: anim   rot: anim
    40 0.944214 0.000000 0.000000 0.205128 -0.375116 -0.993826   # pos: anim   rot: anim
    41 4.137612 0.077673 0.528702 0.177566 -0.069921 -0.759576   # pos: anim   rot: anim
    42 1.222679 0.000000 0.000000 0.051546 -0.155709 -0.638351   # pos: anim   rot: anim
    43 1.157262 0.000001 0.000000 0.193935 -0.249762 -1.318455   # pos: anim   rot: anim
    44 4.008660 -0.077672 -0.528702 -0.136588 -0.008811 -0.777508   # pos: anim   rot: anim
    45 1.426599 0.000002 0.000000 0.018732 -0.055385 -0.652482   # pos: anim   rot: anim
    46 1.322465 -0.000001 0.000000 0.091850 -0.091050 -1.579520   # pos: anim   rot: anim
    47 4.035616 -0.051278 -1.538320 -0.320035 0.260833 -0.059362   # pos: anim   rot: anim
    48 1.242848 0.000000 0.000000 -0.019870 0.072258 -0.536678   # pos: anim   rot: anim
    49 1.134823 0.000001 0.000000 -0.066802 0.119806 -1.016558   # pos: anim   rot: anim
    50 1.083369 -0.316865 -1.943353 1.056174 0.100072 -1.187505   # pos: anim   rot: anim
    51 1.164765 0.000000 0.000000 0.016659 0.092788 0.355088   # pos: anim   rot: anim
    52 1.206997 0.000002 0.000001 0.015880 0.090669 0.346594   # pos: pos   rot: anim
    53 3.202717 -1.851488 0.187596 0.000000 0.000000 0.000000   # pos: pos   rot: rot
  time 24
    0 1.001588 2.242261 16.628748 1.801867 -0.010188 -0.308508   # pos: anim   rot: anim
    1 3.890452 -0.000005 -0.000002 -3.932782 -1.164736 0.636211   # pos: pos   rot: anim
    2 17.848177 -0.000001 0.000000 0.000000 0.000000 2.306793   # pos: pos   rot: anim
    3 15.634601 0.000000 0.000000 -0.035890 -0.198567 -1.607406   # pos: anim   rot: anim
    4 7.336499 0.000000 0.000000 -0.006964 -0.003287 -0.673371   # pos: anim   rot: anim
    5 -3.890451 0.000006 0.000007 -0.859853 -0.794589 -2.559960   # pos: pos   rot: anim
    6 17.848171 -0.000003 -0.000001 0.000000 0.000000 2.539974   # pos: pos   rot: anim
    7 15.634605 0.000000 0.000000 -0.112133 -0.479253 -1.480848   # pos: anim   rot: anim
    8 7.336500 0.000000 0.000000 -0.074406 -0.006043 -1.737034   # pos: anim   rot: anim
    9 0.003911 3.345128 -2.981901 1.474432 0.097563 1.603609   # pos: anim   rot: anim
    10 4.018331 0.000000 0.000000 -0.009959 0.121344 0.009243   # pos: pos   rot: anim
    11 3.518570 0.000000 0.000000 -0.166564 0.001246 0.449157   # pos: pos   rot: anim
    12 8.942642 -0.000001 0.000000 -0.010079 0.125203 0.403898   # pos: pos   rot: anim
    13 3.307231 0.000017 0.000000 3.141590 0.000000 0.400478   # pos: pos   rot: rot
    14 3.593711 0.000002 0.000000 0.475579 0.163840 1.000474   # pos: pos   rot: anim
    15 2.033434 1.000746 1.937661 0.663310 -1.470499 3.876537   # pos: pos   rot: anim
    16 6.028158 0.000002 -0.000001 -1.316572 0.045455 -1.030597   # pos: pos   rot: anim
    17 11.692554 0.000002 0.000001 0.000000 0.000000 -1.484570   # pos: pos   rot: anim
    18 11.481672 0.000010 -0.000034 0.945648 0.519991 0.503242   # pos: pos   rot: anim
    19 4.082367 0.064632 -1.453701 -0.272699 -0.071383 -0.003060   # pos: anim   rot: anim
    20 1.019585 0.000001 0.000001 -0.416580 0.363234 -1.710887   # pos: anim   rot: anim
    21 0.944213 0.000000 0.000000 -0.030465 0.149158 -0.402249   # pos: anim   rot: anim
    22 4.137645 0.074117 -0.529102 -0.055554 -0.097345 -0.073279   # pos: anim   rot: anim
    23 1.222677 -0.000001 0.000000 -0.194798 0.216731 -1.463544   # pos: anim   rot: anim
    24 1.157258 0.000001 0.000000 -0.005417 0.048648 -0.221727   # pos: anim   rot: anim
    25 4.008693 -0.074116 0.529102 0.099672 -0.097309 -0.126634   # pos: anim   rot: anim
    26 1.426597 -0.000001 0.000000 -0.067377 0.068567 -1.553286   # pos: anim   rot: anim
    27 1.322468 -0.000002 0.000000 -0.003164 0.020606 -0.304732   # pos: anim   rot: anim
    28 4.035646 -0.040289 1.535597 0.338450 -0.014275 -0.573547   # pos: anim   rot: anim
    29 1.242852 0.000000 0.000000 0.061349 -0.118480 -0.954952   # pos: anim   rot: anim
    30 1.134824 0.000000 0.000000 0.029626 -0.087948 -0.649401   # pos: anim   rot: anim
    31 1.083400 -0.302045 1.946277 -1.009663 -0.070545 -1.203528   # pos: anim   rot: anim
    32 1.164764 0.000000 0.000001 0.003370 0.026658 0.251694   # pos: anim   rot: anim
    33 1.206993 0.000001 0.000000 0.000000 0.000001 0.000014   # pos: pos   rot: anim
    34 2.033440 1.000751 -1.937611 -0.774735 1.152746 3.811996   # pos: pos   rot: anim
    35 6.028159 0.000000 0.000001 -1.020889 1.324948 -3.492261   # pos: pos   rot: anim
    36 11.692550 -0.000001 0.000002 0.000000 0.000000 -1.480366   # pos: pos   rot: anim
    37 11.481704 0.000013 0.000004 -0.991724 0.118648 -0.155345   # pos: pos   rot: anim
    38 4.082335 0.078375 1.450928 0.410945 0.123009 -0.756694   # pos: anim   rot: anim
    39 1.019584 0.000001 0.000000 0.082430 -0.261838 -0.607018   # pos: anim   rot: anim
    40 0.944214 0.000000 0.000000 0.205128 -0.375116 -0.993826   # pos: anim   rot: anim
    41 4.137612 0.077673 0.528702 0.177566 -0.069921 -0.759576   # pos: anim   rot: anim
    42 1.222679 0.000000 0.000000 0.051546 -0.155709 -0.638351   # pos: anim   rot: anim
    43 1.157262 0.000001 0.000000 0.193935 -0.249762 -1.318455   # pos: anim   rot: anim
    44 4.008660 -0.077672 -0.528702 -0.136588 -0.008811 -0.777508   # pos: anim   rot: anim
    45 1.426599 0.000002 0.000000 0.018732 -0.055385 -0.652482   # pos: anim   rot: anim
    46 1.322465 -0.000001 0.000000 0.091850 -0.091050 -1.579520   # pos: anim   rot: anim
    47 4.035616 -0.051278 -1.538320 -0.320035 0.260833 -0.059362   # pos: anim   rot: anim
    48 1.242848 0.000000 0.000000 -0.019870 0.072258 -0.536678   # pos: anim   rot: anim
    49 1.134823 0.000001 0.000000 -0.066802 0.119806 -1.016558   # pos: anim   rot: anim
    50 1.083369 -0.316865 -1.943353 1.056174 0.100072 -1.187505   # pos: anim   rot: anim
    51 1.164765 0.000000 0.000000 0.016659 0.092788 0.355088   # pos: anim   rot: anim
    52 1.206997 0.000002 0.000001 0.015880 0.090669 0.346594   # pos: pos   rot: anim
    53 3.202717 -1.851488 0.187596 0.000000 0.000000 0.000000   # pos: pos   rot: rot
  time 25
    0 0.997682 2.246167 16.632654 1.800748 -0.010188 -0.308508   # pos: anim   rot: anim
    1 3.890452 -0.000005 -0.000002 -3.936424 -1.169728 0.644992   # pos: pos   rot: anim
    2 17.848177 -0.000001 0.000000 0.000000 0.000000 2.306414   # pos: pos   rot: anim
    3 15.634601 0.000000 0.000000 -0.043079 -0.200598 -1.605703   # pos: anim   rot: anim
    4 7.336499 0.000000 0.000000 -0.006964 -0.003287 -0.673371   # pos: anim   rot: anim
    5 -3.890451 0.000006 0.000007 -0.861374 -0.794225 -2.558639   # pos: pos   rot: anim
    6 17.848171 -0.000003 -0.000001 0.000000 0.000000 2.540055   # pos: pos   rot: anim
    7 15.634605 0.000000 0.000000 -0.111809 -0.479011 -1.481038   # pos: anim   rot: anim
    8 7.336500 0.000000 0.000000 -0.074406 -0.006043 -1.736611   # pos: anim   rot: anim
    9 0.003911 3.345128 -2.981901 1.474432 0.097444 1.604007   # pos: anim   rot: anim
    10 4.018331 0.000000 0.000000 -0.014897 0.121404 0.008446   # pos: pos   rot: anim
    11 3.518570 0.000000 0.000000 -0.166590 0.003296 0.448807   # pos: pos   rot: anim
    12 8.942642 -0.000001 0.000000 -0.010043 0.125191 0.404174   # pos: pos   rot: anim
    13 3.307231 0.000017 0.000000 3.141590 0.000000 0.400478   # pos: pos   rot: rot
    14 3.593711 0.000002 0.000000 0.470811 0.149267 0.999992   # pos: pos   rot: anim
    15 2.033434 1.000746 1.937661 0.999541 -1.403164 3.537464   # pos: pos   rot: anim
    16 6.028158 0.000002 -0.000001 -1.374972 -0.138148 -0.902585   # pos: pos   rot: anim
    17 11.692554 0.000002 0.000001 0.000000 0.000000 -1.484494   # pos: pos   rot: anim
    18 11.481672 0.000010 -0.000034 1.017145 0.482756 0.510938   # pos: pos   rot: anim
    19 4.082367 0.064632 -1.453701 -0.272699 -0.071383 -0.003060   # pos: anim   rot: anim
    20 1.019585 0.000001 0.000001 -0.416580 0.363234 -1.710887   # pos: anim   rot: anim
    21 0.944213 0.000000 0.000000 -0.030465 0.149158 -0.402249   # pos: anim   rot: anim
    22 4.137645 0.074117 -0.529102 -0.055554 -0.097345 -0.073279   # pos: anim   rot: anim
    23 1.222677 -0.000001 0.000000 -0.194798 0.216731 -1.463544   # pos: anim   rot: anim
    24 1.157258 0.000001 0.000000 -0.005417 0.048648 -0.221727   # pos: anim   rot: anim
    25 4.008693 -0.074116 0.529102 0.099672 -0.097309 -0.126634   # pos: anim   rot: anim
    26 1.426597 -0.000001 0.000000 -0.067377 0.068567 -1.553286   # pos: anim   rot: anim
    27 1.322468 -0.000002 0.000000 -0.003164 0.020606 -0.304732   # pos: anim   rot: anim
    28 4.035646 -0.040289 1.535597 0.338450 -0.014275 -0.573547   # pos: anim   rot: anim
    29 1.242852 0.000000 0.000000 0.061349 -0.118480 -0.954952   # pos: anim   rot: anim
    30 1.134824 0.000000 0.000000 0.029626 -0.087948 -0.649401   # pos: anim   rot: anim
    31 1.083400 -0.302045 1.946277 -1.009663 -0.070545 -1.203528   # pos: anim   rot: anim
    32 1.164764 0.000000 0.000001 0.003370 0.026658 0.251694   # pos: anim   rot: anim
    33 1.206993 0.000001 0.000000 0.000000 0.000001 0.000014   # pos: pos   rot: anim
    34 2.033440 1.000751 -1.937611 -0.774735 1.152746 3.811996   # pos: pos   rot: anim
    35 6.028159 0.000000 0.000001 -1.065160 1.300364 -3.513698   # pos: pos   rot: anim
    36 11.692550 -0.000001 0.000002 0.000000 0.000000 -1.448184   # pos: pos   rot: anim
    37 11.481704 0.000013 0.000004 -0.997246 0.112923 -0.126396   # pos: pos   rot: anim
    38 4.082335 0.078375 1.450928 0.410945 0.122997 -0.756694   # pos: anim   rot: anim
    39 1.019584 0.000001 0.000000 0.082430 -0.261838 -0.607018   # pos: anim   rot: anim
    40 0.944214 0.000000 0.000000 0.205128 -0.375116 -0.993826   # pos: anim   rot: anim
    41 4.137612 0.077673 0.528702 0.177566 -0.069921 -0.759576   # pos: anim   rot: anim
    42 1.222679 0.000000 0.000000 0.051546 -0.155709 -0.638351   # pos: anim   rot: anim
    43 1.157262 0.000001 0.000000 0.193935 -0.249762 -1.318455   # pos: anim   rot: anim
    44 4.008660 -0.077672 -0.528702 -0.136588 -0.008811 -0.777508   # pos: anim   rot: anim
    45 1.426599 0.000002 0.000000 0.018732 -0.055385 -0.652482   # pos: anim   rot: anim
    46 1.322465 -0.000001 0.000000 0.091850 -0.091050 -1.579520   # pos: anim   rot: anim
    47 4.035616 -0.051278 -1.538320 -0.320035 0.260833 -0.059362   # pos: anim   rot: anim
    48 1.242848 0.000000 0.000000 -0.019870 0.072258 -0.536678   # pos: anim   rot: anim
    49 1.134823 0.000001 0.000000 -0.066802 0.119806 -1.016558   # pos: anim   rot: anim
    50 1.083369 -0.316865 -1.943353 1.056174 0.100072 -1.187505   # pos: anim   rot: anim
    51 1.164765 0.000000 0.000000 0.016659 0.092788 0.355088   # pos: anim   rot: anim
    52 1.206997 0.000002 0.000001 0.015880 0.090669 0.346594   # pos: pos   rot: anim
    53 3.202717 -1.851488 0.187596 0.000000 0.000000 0.000000   # pos: pos   rot: rot
  time 26
    0 0.997682 2.250074 16.640467 1.798746 -0.010188 -0.308508   # pos: anim   rot: anim
    1 3.890452 -0.000005 -0.000002 -3.938533 -1.175600 0.652724   # pos: pos   rot: anim
    2 17.848177 -0.000001 0.000000 0.000000 0.000000 2.305808   # pos: pos   rot: anim
    3 15.634601 0.000000 0.000000 -0.050784 -0.202687 -1.603764   # pos: anim   rot: anim
    4 7.336499 0.000000 0.000000 -0.006964 -0.003287 -0.673371   # pos: anim   rot: anim
    5 -3.890451 0.000006 0.000007 -0.863908 -0.793860 -2.556153   # pos: pos   rot: anim
    6 17.848171 -0.000003 -0.000001 0.000000 0.000000 2.539730   # pos: pos   rot: anim
    7 15.634605 0.000000 0.000000 -0.111161 -0.478191 -1.480754   # pos: anim   rot: anim
    8 7.336500 0.000000 0.000000 -0.074418 -0.006043 -1.736189   # pos: anim   rot: anim
    9 0.003911 3.345128 -2.981901 1.474432 0.097174 1.603560   # pos: anim   rot: anim
    10 4.018331 0.000000 0.000000 -0.019727 0.120277 0.007665   # pos: pos   rot: anim
    11 3.518570 0.000000 0.000000 -0.166630 0.005345 0.448458   # pos: pos   rot: anim
    12 8.942642 -0.000001 0.000000 -0.009983 0.125179 0.404629   # pos: pos   rot: anim
    13 3.307231 0.000017 0.000000 3.141590 0.000000 0.400478   # pos: pos   rot: rot
    14 3.593711 0.000002 0.000000 0.467836 0.132721 0.996388   # pos: pos   rot: anim
    15 2.033434 1.000746 1.937661 1.154872 -1.310897 3.378706   # pos: pos   rot: anim
    16 6.028158 0.000002 -0.000001 -1.459084 -0.352654 -0.743552   # pos: pos   rot: anim
    17 11.692554 0.000002 0.000001 0.000000 0.000000 -1.484418   # pos: pos   rot: anim
    18 11.481672 0.000010 -0.000034 1.103242 0.441657 0.516609   # pos: pos   rot: anim
    19 4.082367 0.064632 -1.453701 -0.272699 -0.071383 -0.003060   # pos: anim   rot: anim
    20 1.019585 0.000001 0.000001 -0.416580 0.363234 -1.710887   # pos: anim   rot: anim
    21 0.944213 0.000000 0.000000 -0.030465 0.149158 -0.402249   # pos: anim   rot: anim
    22 4.137645 0.074117 -0.529102 -0.055554 -0.097345 -0.073279   # pos: anim   rot: anim
    23 1.222677 -0.000001 0.000000 -0.194798 0.216731 -1.463544   # pos: anim   rot: anim
    24 1.157258 0.000001 0.000000 -0.005405 0.048648 -0.221727   # pos: anim   rot: anim
    25 4.008693 -0.074116 0.529102 0.099672 -0.097309 -0.126634   # pos: anim   rot: anim
    26 1.426597 -0.000001 0.000000 -0.067377 0.068567 -1.553286   # pos: anim   rot: anim
    27 1.322468 -0.000002 0.000000 -0.003164 0.020606 -0.304732   # pos: anim   rot: anim
    28 4.035646 -0.040289 1.535597 0.338450 -0.014275 -0.573547   # pos: anim   rot: anim
    29 1.242852 0.000000 0.000000 0.061349 -0.118480 -0.954952   # pos: anim   rot: anim
    30 1.134824 0.000000 0.000000 0.029626 -0.087948 -0.649401   # pos: anim   rot: anim
    31 1.083400 -0.302045 1.946277 -1.009663 -0.070545 -1.203528   # pos: anim   rot: anim
    32 1.164764 0.000000 0.000001 0.003370 0.026658 0.251694   # pos: anim   rot: anim
    33 1.206993 0.000001 0.000000 0.000000 0.000001 0.000014   # pos: pos   rot: anim
    34 2.033440 1.000751 -1.937611 -0.774735 1.152746 3.811996   # pos: pos   rot: anim
    35 6.028159 0.000000 0.000001 -1.108012 1.268715 -3.529077   # pos: pos   rot: anim
    36 11.692550 -0.000001 0.000002 0.000000 0.000000 -1.407280   # pos: pos   rot: anim
    37 11.481704 0.000013 0.000004 -1.002368 0.105586 -0.089548   # pos: pos   rot: anim
    38 4.082335 0.078375 1.450928 0.410945 0.123009 -0.756694   # pos: anim   rot: anim
    39 1.019584 0.000001 0.000000 0.082430 -0.261838 -0.607018   # pos: anim   rot: anim
    40 0.944214 0.000000 0.000000 0.205128 -0.375116 -0.993826   # pos: anim   rot: anim
    41 4.137612 0.077673 0.528702 0.177566 -0.069921 -0.759576   # pos: anim   rot: anim
    42 1.222679 0.000000 0.000000 0.051546 -0.155709 -0.638351   # pos: anim   rot: anim
    43 1.157262 0.000001 0.000000 0.193935 -0.249762 -1.318455   # pos: anim   rot: anim
    44 4.008660 -0.077672 -0.528702 -0.136588 -0.008811 -0.777508   # pos: anim   rot: anim
    45 1.426599 0.000002 0.000000 0.018732 -0.055385 -0.652482   # pos: anim   rot: anim
    46 1.322465 -0.000001 0.000000 0.091850 -0.091050 -1.579520   # pos: anim   rot: anim
    47 4.035616 -0.051278 -1.538320 -0.320035 0.260833 -0.059362   # pos: anim   rot: anim
    48 1.242848 0.000000 0.000000 -0.019870 0.072258 -0.536678   # pos: anim   rot: anim
    49 1.134823 0.000001 0.000000 -0.066802 0.119806 -1.016558   # pos: anim   rot: anim
    50 1.083369 -0.316865 -1.943353 1.056174 0.100072 -1.187505   # pos: anim   rot: anim
    51 1.164765 0.000000 0.000000 0.016659 0.092788 0.355088   # pos: anim   rot: anim
    52 1.206997 0.000002 0.000001 0.015880 0.090669 0.346594   # pos: pos   rot: anim
    53 3.202717 -1.851488 0.187596 0.000000 0.000000 0.000000   # pos: pos   rot: rot
  time 27
    0 0.993775 2.253980 16.652186 1.795801 -0.010188 -0.308508   # pos: anim   rot: anim
    1 3.890452 -0.000005 -0.000002 -3.938724 -1.182159 0.658833   # pos: pos   rot: anim
    2 17.848177 -0.000001 0.000000 0.000000 0.000000 2.305051   # pos: pos   rot: anim
    3 15.634601 0.000000 0.000000 -0.058611 -0.204699 -1.601636   # pos: anim   rot: anim
    4 7.336499 0.000000 0.000000 -0.006964 -0.003287 -0.673371   # pos: anim   rot: anim
    5 -3.890451 0.000006 0.000007 -0.867455 -0.793450 -2.552424   # pos: pos   rot: anim
    6 17.848171 -0.000003 -0.000001 0.000000 0.000000 2.538836   # pos: pos   rot: anim
    7 15.634605 0.000000 0.000000 -0.110239 -0.476699 -1.479902   # pos: anim   rot: anim
    8 7.336500 0.000000 0.000000 -0.074418 -0.006043 -1.735731   # pos: anim   rot: anim
    9 0.003911 3.345128 -2.981901 1.474432 0.096750 1.602416   # pos: anim   rot: anim
    10 4.018331 0.000000 0.000000 -0.024437 0.118072 0.006902   # pos: pos   rot: anim
    11 3.518570 0.000000 0.000000 -0.166670 0.007406 0.448123   # pos: pos   rot: anim
    12 8.942642 -0.000001 0.000000 -0.009923 0.125167 0.405217   # pos: pos   rot: anim
    13 3.307231 0.000017 0.000000 3.141590 0.000000 0.400478   # pos: pos   rot: rot
    14 3.593711 0.000002 0.000000 0.466480 0.114434 0.989985   # pos: pos   rot: anim
    15 2.033434 1.000746 1.937661 1.228228 -1.213957 3.301867   # pos: pos   rot: anim
    16 6.028158 0.000002 -0.000001 -1.570915 -0.567942 -0.563308   # pos: pos   rot: anim
    17 11.692554 0.000002 0.000001 0.000000 0.000000 -1.484266   # pos: pos   rot: anim
    18 11.481672 0.000010 -0.000034 1.172845 0.401895 0.516646   # pos: pos   rot: anim
    19 4.082367 0.064632 -1.453701 -0.272699 -0.071383 -0.003060   # pos: anim   rot: anim
    20 1.019585 0.000001 0.000001 -0.416580 0.363234 -1.710887   # pos: anim   rot: anim
    21 0.944213 0.000000 0.000000 -0.030465 0.149158 -0.402249   # pos: anim   rot: anim
    22 4.137645 0.074117 -0.529102 -0.055554 -0.097345 -0.073279   # pos: anim   rot: anim
    23 1.222677 -0.000001 0.000000 -0.194798 0.216731 -1.463544   # pos: anim   rot: anim
    24 1.157258 0.000001 0.000000 -0.005405 0.048648 -0.221727   # pos: anim   rot: anim
    25 4.008693 -0.074116 0.529102 0.099672 -0.097309 -0.126634   # pos: anim   rot: anim
    26 1.426597 -0.000001 0.000000 -0.067377 0.068567 -1.553286   # pos: anim   rot: anim
    27 1.322468 -0.000002 0.000000 -0.003164 0.020606 -0.304732   # pos: anim   rot: anim
    28 4.035646 -0.040289 1.535597 0.338450 -0.014275 -0.573547   # pos: anim   rot: anim
    29 1.242852 0.000000 0.000000 0.061349 -0.118480 -0.954952   # pos: anim   rot: anim
    30 1.134824 0.000000 0.000000 0.029626 -0.087948 -0.649401   # pos: anim   rot: anim
    31 1.083400 -0.302045 1.946277 -1.009663 -0.070545 -1.203528   # pos: anim   rot: anim
    32 1.164764 0.000000 0.000001 0.003370 0.026658 0.251694   # pos: anim   rot: anim
    33 1.206993 0.000001 0.000000 0.000000 0.000001 0.000014   # pos: pos   rot: anim
    34 2.033440 1.000751 -1.937611 -0.774735 1.152746 3.811996   # pos: pos   rot: anim
    35 6.028159 0.000000 0.000001 -1.144121 1.234059 -3.536346   # pos: pos   rot: anim
    36 11.692550 -0.000001 0.000002 0.000000 0.000000 -1.362390   # pos: pos   rot: anim
    37 11.481704 0.000013 0.000004 -1.003432 0.096966 -0.049058   # pos: pos   rot: anim
    38 4.082335 0.078375 1.450928 0.410945 0.122997 -0.756694   # pos: anim   rot: anim
    39 1.019584 0.000001 0.000000 0.082430 -0.261838 -0.607018   # pos: anim   rot: anim
    40 0.944214 0.000000 0.000000 0.205128 -0.375116 -0.993826   # pos: anim   rot: anim
    41 4.137612 0.077673 0.528702 0.177566 -0.069921 -0.759576   # pos: anim   rot: anim
    42 1.222679 0.000000 0.000000 0.051546 -0.155709 -0.638351   # pos: anim   rot: anim
    43 1.157262 0.000001 0.000000 0.193935 -0.249762 -1.318455   # pos: anim   rot: anim
    44 4.008660 -0.077672 -0.528702 -0.136588 -0.008811 -0.777508   # pos: anim   rot: anim
    45 1.426599 0.000002 0.000000 0.018732 -0.055385 -0.652482   # pos: anim   rot: anim
    46 1.322465 -0.000001 0.000000 0.091850 -0.091050 -1.579520   # pos: anim   rot: anim
    47 4.035616 -0.051278 -1.538320 -0.320035 0.260833 -0.059362   # pos: anim   rot: anim
    48 1.242848 0.000000 0.000000 -0.019870 0.072258 -0.536678   # pos: anim   rot: anim
    49 1.134823 0.000001 0.000000 -0.066802 0.119806 -1.016558   # pos: anim   rot: anim
    50 1.083369 -0.316865 -1.943353 1.056174 0.100072 -1.187505   # pos: anim   rot: anim
    51 1.164765 0.000000 0.000000 0.016659 0.092788 0.355088   # pos: anim   rot: anim
    52 1.206997 0.000002 0.000001 0.015880 0.090669 0.346594   # pos: pos   rot: anim
    53 3.202717 -1.851488 0.187596 0.000000 0.000000 0.000000   # pos: pos   rot: rot
  time 28
    0 0.989869 2.261793 16.667812 1.791797 -0.010188 -0.308508   # pos: anim   rot: anim
    1 3.890452 -0.000005 -0.000002 -3.936328 -1.189304 0.662460   # pos: pos   rot: anim
    2 17.848177 -0.000001 0.000000 0.000000 0.000000 2.304067   # pos: pos   rot: anim
    3 15.634601 0.000000 0.000000 -0.066341 -0.206594 -1.599366   # pos: anim   rot: anim
    4 7.336499 0.000000 0.000000 -0.006964 -0.003287 -0.673371   # pos: anim   rot: anim
    5 -3.890451 0.000006 0.000007 -0.872101 -0.792949 -2.547296   # pos: pos   rot: anim
    6 17.848171 -0.000003 -0.000001 0.000000 0.000000 2.537455   # pos: pos   rot: anim
    7 15.634605 0.000000 0.000000 -0.108968 -0.474517 -1.478531   # pos: anim   rot: anim
    8 7.336500 0.000000 0.000000 -0.074418 -0.006043 -1.735273   # pos: anim   rot: anim
    9 0.003911 3.345128 -2.981901 1.474432 0.096209 1.600577   # pos: anim   rot: anim
    10 4.018331 0.000000 0.000000 -0.029063 0.114944 0.006155   # pos: pos   rot: anim
    11 3.518570 0.000000 0.000000 -0.166696 0.009456 0.447773   # pos: pos   rot: anim
    12 8.942642 -0.000001 0.000000 -0.009839 0.125143 0.405948   # pos: pos   rot: anim
    13 3.307231 0.000017 0.000000 3.141590 0.000000 0.400478   # pos: pos   rot: rot
    14 3.593711 0.000002 0.000000 0.466699 0.094653 0.980976   # pos: pos   rot: anim
    15 2.033434 1.000746 1.937661 1.264811 -1.129936 3.262201   # pos: pos   rot: anim
    16 6.028158 0.000002 -0.000001 -1.708553 -0.753990 -0.375496   # pos: pos   rot: anim
    17 11.692554 0.000002 0.000001 0.000000 0.000000 -1.484114   # pos: pos   rot: anim
    18 11.481672 0.000010 -0.000034 1.196520 0.368859 0.510938   # pos: pos   rot: anim
    19 4.082367 0.064632 -1.453701 -0.272699 -0.071383 -0.003060   # pos: anim   rot: anim
    20 1.019585 0.000001 0.000001 -0.416580 0.363234 -1.710887   # pos: anim   rot: anim
    21 0.944213 0.000000 0.000000 -0.030465 0.149158 -0.402249   # pos: anim   rot: anim
    22 4.137645 0.074117 -0.529102 -0.055554 -0.097345 -0.073279   # pos: anim   rot: anim
    23 1.222677 -0.000001 0.000000 -0.194798 0.216731 -1.463544   # pos: anim   rot: anim
    24 1.157258 0.000001 0.000000 -0.005417 0.048648 -0.221727   # pos: anim   rot: anim
    25 4.008693 -0.074116 0.529102 0.099672 -0.097309 -0.126634   # pos: anim   rot: anim
    26 1.426597 -0.000001 0.000000 -0.067377 0.068567 -1.553286   # pos: anim   rot: anim
    27 1.322468 -0.000002 0.000000 -0.003164 0.020606 -0.304732   # pos: anim   rot: anim
    28 4.035646 -0.040289 1.535597 0.338450 -0.014275 -0.573547   # pos: anim   rot: anim
    29 1.242852 0.000000 0.000000 0.061349 -0.118480 -0.954952   # pos: anim   rot: anim
    30 1.134824 0.000000 0.000000 0.029614 -0.087948 -0.649401   # pos: anim   rot: anim
    31 1.083400 -0.302045 1.946277 -1.009663 -0.070545 -1.203528   # pos: anim   rot: anim
    32 1.164764 0.000000 0.000001 0.003370 0.026658 0.251694   # pos: anim   rot: anim
    33 1.206993 0.000001 0.000000 0.000000 0.000001 0.000014   # pos: pos   rot: anim
    34 2.033440 1.000751 -1.937611 -0.774735 1.152746 3.811996   # pos: pos   rot: anim
    35 6.028159 0.000000 0.000001 -1.171003 1.200645 -3.536253   # pos: pos   rot: anim
    36 11.692550 -0.000001 0.000002 0.000000 0.000000 -1.318253   # pos: pos   rot: anim
    37 11.481704 0.000013 0.000004 -0.996713 0.087029 -0.009219   # pos: pos   rot: anim
    38 4.082335 0.078375 1.450928 0.410945 0.123009 -0.756694   # pos: anim   rot: anim
    39 1.019584 0.000001 0.000000 0.082430 -0.261838 -0.607018   # pos: anim   rot: anim
    40 0.944214 0.000000 0.000000 0.205128 -0.375116 -0.993826   # pos: anim   rot: anim
    41 4.137612 0.077673 0.528702 0.177566 -0.069921 -0.759576   # pos: anim   rot: anim
    42 1.222679 0.000000 0.000000 0.051546 -0.155709 -0.638351   # pos: anim   rot: anim
    43 1.157262 0.000001 0.000000 0.193935 -0.249762 -1.318455   # pos: anim   rot: anim
    44 4.008660 -0.077672 -0.528702 -0.136588 -0.008811 -0.777508   # pos: anim   rot: anim
    45 1.426599 0.000002 0.000000 0.018732 -0.055385 -0.652482   # pos: anim   rot: anim
    46 1.322465 -0.000001 0.000000 0.091850 -0.091050 -1.579520   # pos: anim   rot: anim
    47 4.035616 -0.051278 -1.538320 -0.320035 0.260833 -0.059362   # pos: anim   rot: anim
    48 1.242848 0.000000 0.000000 -0.019870 0.072258 -0.536678   # pos: anim   rot: anim
    49 1.134823 0.000001 0.000000 -0.066802 0.119806 -1.016558   # pos: anim   rot: anim
    50 1.083369 -0.316865 -1.943353 1.056174 0.100072 -1.187505   # pos: anim   rot: anim
    51 1.164765 0.000000 0.000000 0.016659 0.092788 0.355088   # pos: anim   rot: anim
    52 1.206997 0.000002 0.000001 0.015880 0.090669 0.346594   # pos: pos   rot: anim
    53 3.202717 -1.851488 0.187596 0.000000 0.000000 0.000000   # pos: pos   rot: rot
  time 29
    0 0.982056 2.273512 16.683437 1.786674 -0.010219 -0.308413   # pos: anim   rot: anim
    1 3.890452 -0.000005 -0.000002 -3.930098 -1.196498 0.661697   # pos: pos   rot: anim
    2 17.848177 -0.000001 0.000000 0.000000 0.000000 2.302780   # pos: pos   rot: anim
    3 15.634601 0.000000 0.000000 -0.072966 -0.208039 -1.597238   # pos: anim   rot: anim
    4 7.336499 0.000000 0.000000 -0.006964 -0.003287 -0.673371   # pos: anim   rot: anim
    5 -3.890451 0.000006 0.000007 -0.877929 -0.792357 -2.540693   # pos: pos   rot: anim
    6 17.848171 -0.000003 -0.000001 0.000000 0.000000 2.535423   # pos: pos   rot: anim
    7 15.634605 0.000000 0.000000 -0.107348 -0.471608 -1.476449   # pos: anim   rot: anim
    8 7.336500 0.000000 0.000000 -0.074418 -0.006043 -1.734850   # pos: anim   rot: anim
    9 0.003911 3.345128 -2.981901 1.474432 0.095532 1.598190   # pos: anim   rot: anim
    10 4.018331 0.000000 0.000000 -0.033605 0.111001 0.005441   # pos: pos   rot: anim
    11 3.518570 0.000000 0.000000 -0.166736 0.011505 0.447423   # pos: pos   rot: anim
    12 8.942642 -0.000001 0.000000 -0.009731 0.125119 0.406787   # pos: pos   rot: anim
    13 3.307231 0.000017 0.000000 3.141590 0.000000 0.400478   # pos: pos   rot: rot
    14 3.593711 0.000002 0.000000 0.468317 0.073647 0.969715   # pos: pos   rot: anim
    15 2.033434 1.000746 1.937661 1.281665 -1.075439 3.243327   # pos: pos   rot: anim
    16 6.028158 0.000002 -0.000001 -1.850014 -0.884982 -0.213566   # pos: pos   rot: anim
    17 11.692554 0.000002 0.000001 0.000000 0.000000 -1.484038   # pos: pos   rot: anim
    18 11.481672 0.000010 -0.000034 1.145304 0.347566 0.500959   # pos: pos   rot: anim
    19 4.082367 0.064632 -1.453701 -0.272699 -0.071383 -0.003060   # pos: anim   rot: anim
    20 1.019585 0.000001 0.000001 -0.416580 0.363234 -1.710887   # pos: anim   rot: anim
    21 0.944213 0.000000 0.000000 -0.030465 0.149158 -0.402249   # pos: anim   rot: anim
    22 4.137645 0.074117 -0.529102 -0.055554 -0.097345 -0.073279   # pos: anim   rot: anim
    23 1.222677 -0.000001 0.000000 -0.194798 0.216731 -1.463544   # pos: anim   rot: anim
    24 1.157258 0.000001 0.000000 -0.005405 0.048648 -0.221727   # pos: anim   rot: anim
    25 4.008693 -0.074116 0.529102 0.099672 -0.097309 -0.126634   # pos: anim   rot: anim
    26 1.426597 -0.000001 0.000000 -0.067377 0.068567 -1.553286   # pos: anim   rot: anim
    27 1.322468 -0.000002 0.000000 -0.003164 0.020606 -0.304732   # pos: anim   rot: anim
    28 4.035646 -0.040289 1.535597 0.338450 -0.014275 -0.573547   # pos: anim   rot: anim
    29 1.242852 0.000000 0.000000 0.061349 -0.118480 -0.954952   # pos: anim   rot: anim
    30 1.134824 0.000000 0.000000 0.029626 -0.087948 -0.649401   # pos: anim   rot: anim
    31 1.083400 -0.302045 1.946277 -1.009663 -0.070545 -1.203528   # pos: anim   rot: anim
    32 1.164764 0.000000 0.000001 0.003370 0.026658 0.251694   # pos: anim   rot: anim
    33 1.206993 0.000001 0.000000 0.000000 0.000001 0.000014   # pos: pos   rot: anim
    34 2.033440 1.000751 -1.937611 -0.774735 1.152746 3.811996   # pos: pos   rot: anim
    35 6.028159 0.000000 0.000001 -1.186796 1.172672 -3.530288   # pos: pos   rot: anim
    36 11.692550 -0.000001 0.000002 0.000000 0.000000 -1.280055   # pos: pos   rot: anim
    37 11.481704 0.000013 0.000004 -0.978420 0.075645 0.025443   # pos: pos   rot: anim
    38 4.082335 0.078375 1.450928 0.410945 0.123009 -0.756694   # pos: anim   rot: anim
    39 1.019584 0.000001 0.000000 0.082430 -0.261838 -0.607018   # pos: anim   rot: anim
    40 0.944214 0.000000 0.000000 0.205128 -0.375116 -0.993826   # pos: anim   rot: anim
    41 4.137612 0.077673 0.528702 0.177566 -0.069921 -0.759576   # pos: anim   rot: anim
    42 1.222679 0.000000 0.000000 0.051546 -0.155709 -0.638351   # pos: anim   rot: anim
    43 1.157262 0.000001 0.000000 0.193935 -0.249762 -1.318455   # pos: anim   rot: anim
    44 4.008660 -0.077672 -0.528702 -0.136588 -0.008811 -0.777508   # pos: anim   rot: anim
    45 1.426599 0.000002 0.000000 0.018732 -0.055385 -0.652482   # pos: anim   rot: anim
    46 1.322465 -0.000001 0.000000 0.091850 -0.091050 -1.579520   # pos: anim   rot: anim
    47 4.035616 -0.051278 -1.538320 -0.320035 0.260833 -0.059362   # pos: anim   rot: anim
    48 1.242848 0.000000 0.000000 -0.019870 0.072258 -0.536678   # pos: anim   rot: anim
    49 1.134823 0.000001 0.000000 -0.066802 0.119806 -1.016558   # pos: anim   rot: anim
    50 1.083369 -0.316865 -1.943353 1.056174 0.100072 -1.187505   # pos: anim   rot: anim
    51 1.164765 0.000000 0.000000 0.016659 0.092788 0.355088   # pos: anim   rot: anim
    52 1.206997 0.000002 0.000001 0.015880 0.090669 0.346594   # pos: pos   rot: anim
    53 3.202717 -1.851488 0.187596 0.000000 0.000000 0.000000   # pos: pos   rot: rot
  time 30
    0 0.978150 2.285231 16.702969 1.780373 -0.010219 -0.308413   # pos: anim   rot: anim
    1 3.890452 -0.000005 -0.000002 -3.920129 -1.204035 0.656828   # pos: pos   rot: anim
    2 17.848177 -0.000001 0.000000 0.000000 0.000000 2.301341   # pos: pos   rot: anim
    3 15.634601 0.000000 0.000000 -0.078928 -0.209191 -1.595063   # pos: anim   rot: anim
    4 7.336499 0.000000 0.000000 -0.006964 -0.003287 -0.673371   # pos: anim   rot: anim
    5 -3.890451 0.000006 0.000007 -0.885108 -0.791582 -2.532535   # pos: pos   rot: anim
    6 17.848171 -0.000003 -0.000001 0.000000 0.000000 2.532741   # pos: pos   rot: anim
    7 15.634605 0.000000 0.000000 -0.105404 -0.467935 -1.473706   # pos: anim   rot: anim
    8 7.336500 0.000000 0.000000 -0.074430 -0.006043 -1.734428   # pos: anim   rot: anim
    9 0.003911 3.345128 -2.981901 1.474379 0.094771 1.595356   # pos: anim   rot: anim
    10 4.018331 0.000000 0.000000 -0.038075 0.106375 0.004760   # pos: pos   rot: anim
    11 3.518570 0.000000 0.000000 -0.166776 0.013555 0.447074   # pos: pos   rot: anim
    12 8.942642 -0.000001 0.000000 -0.009624 0.125083 0.407721   # pos: pos   rot: anim
    13 3.307231 0.000017 0.000000 3.141590 0.000000 0.400478   # pos: pos   rot: rot
    14 3.593711 0.000002 0.000000 0.471336 0.051662 0.956427   # pos: pos   rot: anim
    15 2.033434 1.000746 1.937661 1.286070 -1.058674 3.238249   # pos: pos   rot: anim
    16 6.028158 0.000002 -0.000001 -1.954580 -0.959108 -0.127976   # pos: pos   rot: anim
    17 11.692554 0.000002 0.000001 0.000000 0.000000 -1.483962   # pos: pos   rot: anim
    18 11.481672 0.000010 -0.000034 0.966008 0.343404 0.483872   # pos: pos   rot: anim
    19 4.082367 0.064632 -1.453701 -0.272699 -0.071383 -0.003060   # pos: anim   rot: anim
    20 1.019585 0.000001 0.000001 -0.416580 0.363234 -1.710887   # pos: anim   rot: anim
    21 0.944213 0.000000 0.000000 -0.030465 0.149158 -0.402249   # pos: anim   rot: anim
    22 4.137645 0.074117 -0.529102 -0.055554 -0.097345 -0.073279   # pos: anim   rot: anim
    23 1.222677 -0.000001 0.000000 -0.194798 0.216731 -1.463544   # pos: anim   rot: anim
    24 1.157258 0.000001 0.000000 -0.005405 0.048648 -0.221727   # pos: anim   rot: anim
    25 4.008693 -0.074116 0.529102 0.099672 -0.097309 -0.126634   # pos: anim   rot: anim
    26 1.426597 -0.000001 0.000000 -0.067377 0.068567 -1.553286   # pos: anim   rot: anim
    27 1.322468 -0.000002 0.000000 -0.003164 0.020606 -0.304732   # pos: anim   rot: anim
    28 4.035646 -0.040289 1.535597 0.338450 -0.014275 -0.573547   # pos: anim   rot: anim
    29 1.242852 0.000000 0.000000 0.061349 -0.118480 -0.954952   # pos: anim   rot: anim
    30 1.134824 0.000000 0.000000 0.029626 -0.087948 -0.649401   # pos: anim   rot: anim
    31 1.083400 -0.302045 1.946277 -1.009663 -0.070545 -1.203528   # pos: anim   rot: anim
    32 1.164764 0.000000 0.000001 0.003370 0.026658 0.251694   # pos: anim   rot: anim
    33 1.206993 0.000001 0.000000 0.000000 0.000001 0.000014   # pos: pos   rot: anim
    34 2.033440 1.000751 -1.937611 -0.774735 1.152746 3.811996   # pos: pos   rot: anim
    35 6.028159 0.000000 0.000001 -1.190965 1.153243 -3.519943   # pos: pos   rot: anim
    36 11.692550 -0.000001 0.000002 0.000000 0.000000 -1.251407   # pos: pos   rot: anim
    37 11.481704 0.000013 0.000004 -0.933518 0.061169 0.052590   # pos: pos   rot: anim
    38 4.082335 0.078375 1.450928 0.410945 0.123009 -0.756694   # pos: anim   rot: anim
    39 1.019584 0.000001 0.000000 0.082430 -0.261838 -0.607018   # pos: anim   rot: anim
    40 0.944214 0.000000 0.000000 0.205128 -0.375116 -0.993826   # pos: anim   rot: anim
    41 4.137612 0.077673 0.528702 0.177566 -0.069921 -0.759576   # pos: anim   rot: anim
    42 1.222679 0.000000 0.000000 0.051546 -0.155709 -0.638351   # pos: anim   rot: anim
    43 1.157262 0.000001 0.000000 0.193935 -0.249762 -1.318455   # pos: anim   rot: anim
    44 4.008660 -0.077672 -0.528702 -0.136588 -0.008811 -0.777508   # pos: anim   rot: anim
    45 1.426599 0.000002 0.000000 0.018732 -0.055385 -0.652482   # pos: anim   rot: anim
    46 1.322465 -0.000001 0.000000 0.091850 -0.091050 -1.579520   # pos: anim   rot: anim
    47 4.035616 -0.051278 -1.538320 -0.320035 0.260833 -0.059362   # pos: anim   rot: anim
    48 1.242848 0.000000 0.000000 -0.019870 0.072258 -0.536678   # pos: anim   rot: anim
    49 1.134823 0.000001 0.000000 -0.066802 0.119806 -1.016558   # pos: anim   rot: anim
    50 1.083369 -0.316865 -1.943353 1.056174 0.100072 -1.187505   # pos: anim   rot: anim
    51 1.164765 0.000000 0.000000 0.016659 0.092788 0.355088   # pos: anim   rot: anim
    52 1.206997 0.000002 0.000001 0.015880 0.090669 0.346594   # pos: pos   rot: anim
    53 3.202717 -1.851488 0.187596 0.000000 0.000000 0.000000   # pos: pos   rot: rot
  time 31
    0 0.970337 2.296950 16.726407 1.772777 -0.010219 -0.308413   # pos: anim   rot: anim
    1 3.890452 -0.000005 -0.000002 -3.906902 -1.212649 0.649192   # pos: pos   rot: anim
    2 17.848177 -0.000001 0.000000 0.000000 0.000000 2.299676   # pos: pos   rot: anim
    3 15.634601 0.000000 0.000000 -0.085210 -0.210343 -1.592698   # pos: anim   rot: anim
    4 7.336499 0.000000 0.000000 -0.006964 -0.003287 -0.673371   # pos: anim   rot: anim
    5 -3.890451 0.000006 0.000007 -0.893555 -0.790534 -2.522746   # pos: pos   rot: anim
    6 17.848171 -0.000003 -0.000001 0.000000 0.000000 2.529409   # pos: pos   rot: anim
    7 15.634605 0.000000 0.000000 -0.103087 -0.463497 -1.470158   # pos: anim   rot: anim
    8 7.336500 0.000000 0.000000 -0.074430 -0.006043 -1.734040   # pos: anim   rot: anim
    9 0.003911 3.345128 -2.981901 1.474379 0.093942 1.592075   # pos: anim   rot: anim
    10 4.018331 0.000000 0.000000 -0.042473 0.101210 0.004112   # pos: pos   rot: anim
    11 3.518570 0.000000 0.000000 -0.166802 0.015616 0.446739   # pos: pos   rot: anim
    12 8.942642 -0.000001 0.000000 -0.009504 0.125059 0.408728   # pos: pos   rot: anim
    13 3.307231 0.000017 0.000000 3.141590 0.000000 0.400478   # pos: pos   rot: rot
    14 3.593711 0.000002 0.000000 0.475579 0.028950 0.941433   # pos: pos   rot: anim
    15 2.033434 1.000746 1.937661 1.283197 -1.069707 3.241602   # pos: pos   rot: anim
    16 6.028158 0.000002 -0.000001 -2.011260 -1.000474 -0.124238   # pos: pos   rot: anim
    17 11.692554 0.000002 0.000001 0.000000 0.000000 -1.483962   # pos: pos   rot: anim
    18 11.481672 0.000010 -0.000034 0.672837 0.349015 0.457469   # pos: pos   rot: anim
    19 4.082367 0.064632 -1.453701 -0.272699 -0.071383 -0.003060   # pos: anim   rot: anim
    20 1.019585 0.000001 0.000001 -0.416580 0.363234 -1.710887   # pos: anim   rot: anim
    21 0.944213 0.000000 0.000000 -0.030465 0.149158 -0.402249   # pos: anim   rot: anim
    22 4.137645 0.074117 -0.529102 -0.055554 -0.097345 -0.073279   # pos: anim   rot: anim
    23 1.222677 -0.000001 0.000000 -0.194798 0.216731 -1.463544   # pos: anim   rot: anim
    24 1.157258 0.000001 0.000000 -0.005417 0.048648 -0.221727   # pos: anim   rot: anim
    25 4.008693 -0.074116 0.529102 0.099672 -0.097309 -0.126634   # pos: anim   rot: anim
    26 1.426597 -0.000001 0.000000 -0.067377 0.068567 -1.553286   # pos: anim   rot: anim
    27 1.322468 -0.000002 0.000000 -0.003164 0.020606 -0.304732   # pos: anim   rot: anim
    28 4.035646 -0.040289 1.535597 0.338450 -0.014275 -0.573547   # pos: anim   rot: anim
    29 1.242852 0.000000 0.000000 0.061349 -0.118480 -0.954952   # pos: anim   rot: anim
    30 1.134824 0.000000 0.000000 0.029626 -0.087948 -0.649401   # pos: anim   rot: anim
    31 1.083400 -0.302045 1.946277 -1.009663 -0.070545 -1.203528   # pos: anim   rot: anim
    32 1.164764 0.000000 0.000001 0.003370 0.026658 0.251694   # pos: anim   rot: anim
    33 1.206993 0.000001 0.000000 0.000000 0.000001 0.000014   # pos: pos   rot: anim
    34 2.033440 1.000751 -1.937611 -0.774735 1.152746 3.811996   # pos: pos   rot: anim
    35 6.028159 0.000000 0.000001 -1.187860 1.139352 -3.506894   # pos: pos   rot: anim
    36 11.692550 -0.000001 0.000002 0.000000 0.000000 -1.228324   # pos: pos   rot: anim
    37 11.481704 0.000013 0.000004 -0.863605 0.042415 0.074868   # pos: pos   rot: anim
    38 4.082335 0.078375 1.450928 0.410945 0.123009 -0.756694   # pos: anim   rot: anim
    39 1.019584 0.000001 0.000000 0.082430 -0.261838 -0.607018   # pos: anim   rot: anim
    40 0.944214 0.000000 0.000000 0.205128 -0.375116 -0.993826   # pos: anim   rot: anim
    41 4.137612 0.077673 0.528702 0.177566 -0.069921 -0.759576   # pos: anim   rot: anim
    42 1.222679 0.000000 0.000000 0.051546 -0.155709 -0.638351   # pos: anim   rot: anim
    43 1.157262 0.000001 0.000000 0.193935 -0.249762 -1.318455   # pos: anim   rot: anim
    44 4.008660 -0.077672 -0.528702 -0.136588 -0.008811 -0.777508   # pos: anim   rot: anim
    45 1.426599 0.000002 0.000000 0.018732 -0.055385 -0.652482   # pos: anim   rot: anim
    46 1.322465 -0.000001 0.000000 0.091850 -0.091050 -1.579520   # pos: anim   rot: anim
    47 4.035616 -0.051278 -1.538320 -0.320035 0.260833 -0.059362   # pos: anim   rot: anim
    48 1.242848 0.000000 0.000000 -0.019870 0.072258 -0.536678   # pos: anim   rot: anim
    49 1.134823 0.000001 0.000000 -0.066802 0.119806 -1.016558   # pos: anim   rot: anim
    50 1.083369 -0.316865 -1.943353 1.056174 0.100072 -1.187505   # pos: anim   rot: anim
    51 1.164765 0.000000 0.000000 0.016659 0.092788 0.355088   # pos: anim   rot: anim
    52 1.206997 0.000002 0.000001 0.015880 0.090669 0.346594   # pos: pos   rot: anim
    53 3.202717 -1.851488 0.187596 0.000000 0.000000 0.000000   # pos: pos   rot: rot
  time 32
    0 0.931273 1.980534 17.394396 1.756288 -0.010219 -0.308413   # pos: anim   rot: anim
    1 3.890452 -0.000005 -0.000002 -3.743761 -1.256549 0.489979   # pos: pos   rot: anim
    2 17.848177 -0.000001 0.000000 0.000000 0.000000 2.273782   # pos: pos   rot: anim
    3 15.634601 0.000000 0.000000 -0.093160 -0.206808 -1.617810   # pos: anim   rot: anim
    4 7.336499 0.000000 0.000000 -0.006964 -0.003287 -0.673371   # pos: anim   rot: anim
    5 -3.890451 0.000006 0.000007 -0.926581 -0.771535 -2.475356   # pos: pos   rot: anim
    6 17.848171 -0.000003 -0.000001 0.000000 0.000000 2.480487   # pos: pos   rot: anim
    7 15.634605 0.000000 0.000000 -0.095411 -0.448187 -1.446601   # pos: anim   rot: anim
    8 7.336500 0.000000 0.000000 -0.074430 -0.006043 -1.733688   # pos: anim   rot: anim
    9 0.003911 3.345128 -2.981901 1.474379 0.093045 1.588545   # pos: anim   rot: anim
    10 4.018331 0.000000 0.000000 -0.046824 0.095601 0.003498   # pos: pos   rot: anim
    11 3.518570 0.000000 0.000000 -0.166842 0.017665 0.446389   # pos: pos   rot: anim
    12 8.942642 -0.000001 0.000000 -0.009384 0.125023 0.409795   # pos: pos   rot: anim
    13 3.307231 0.000017 0.000000 3.141590 0.000000 0.400478   # pos: pos   rot: rot
    14 3.593711 0.000002 0.000000 0.480960 0.005757 0.925024   # pos: pos   rot: anim
    15 2.033434 1.000746 1.937661 1.275345 -1.097308 3.250417   # pos: pos   rot: anim
    16 6.028158 0.000002 -0.000001 -2.014701 -1.021988 -0.195439   # pos: pos   rot: anim
    17 11.692554 0.000002 0.000001 0.000000 0.000000 -1.483962   # pos: pos   rot: anim
    18 11.481672 0.000010 -0.000034 0.338394 0.350761 0.426500   # pos: pos   rot: anim
    19 4.082367 0.064632 -1.453701 -0.272699 -0.071383 -0.003060   # pos: anim   rot: anim
    20 1.019585 0.000001 0.000001 -0.416580 0.363234 -1.710887   # pos: anim   rot: anim
    21 0.944213 0.000000 0.000000 -0.030465 0.149158 -0.402249   # pos: anim   rot: anim
    22 4.137645 0.074117 -0.529102 -0.055554 -0.097345 -0.073279   # pos: anim   rot: anim
    23 1.222677 -0.000001 0.000000 -0.194798 0.216731 -1.463544   # pos: anim   rot: anim
    24 1.157258 0.000001 0.000000 -0.005405 0.048648 -0.221727   # pos: anim   rot: anim
    25 4.008693 -0.074116 0.529102 0.099672 -0.097309 -0.126634   # pos: anim   rot: anim
    26 1.426597 -0.000001 0.000000 -0.067377 0.068567 -1.553286   # pos: anim   rot: anim
    27 1.322468 -0.000002 0.000000 -0.003164 0.020606 -0.304732   # pos: anim   rot: anim
    28 4.035646 -0.040289 1.535597 0.338450 -0.014275 -0.573547   # pos: anim   rot: anim
    29 1.242852 0.000000 0.000000 0.061349 -0.118480 -0.954952   # pos: anim   rot: anim
    30 1.134824 0.000000 0.000000 0.029626 -0.087948 -0.649401   # pos: anim   rot: anim
    31 1.083400 -0.302045 1.946277 -1.009663 -0.070545 -1.203528   # pos: anim   rot: anim
    32 1.164764 0.000000 0.000001 0.003370 0.026658 0.251694   # pos: anim   rot: anim
    33 1.206993 0.000001 0.000000 0.000000 0.000001 0.000014   # pos: pos   rot: anim
    34 2.033440 1.000751 -1.937611 -0.774735 1.152746 3.811996   # pos: pos   rot: anim
    35 6.028159 0.000000 0.000001 -1.175439 1.131810 -3.481729   # pos: pos   rot: anim
    36 11.692550 -0.000001 0.000002 0.000000 0.000000 -1.204939   # pos: pos   rot: anim
    37 11.481704 0.000013 0.000004 -0.789633 0.020206 0.095573   # pos: pos   rot: anim
    38 4.082335 0.078375 1.450928 0.410945 0.122997 -0.756694   # pos: anim   rot: anim
    39 1.019584 0.000001 0.000000 0.082430 -0.261838 -0.607018   # pos: anim   rot: anim
    40 0.944214 0.000000 0.000000 0.205128 -0.375116 -0.993826   # pos: anim   rot: anim
    41 4.137612 0.077673 0.528702 0.177566 -0.069921 -0.759576   # pos: anim   rot: anim
    42 1.222679 0.000000 0.000000 0.051546 -0.155709 -0.638351   # pos: anim   rot: anim
    43 1.157262 0.000001 0.000000 0.193935 -0.249762 -1.318455   # pos: anim   rot: anim
    44 4.008660 -0.077672 -0.528702 -0.136588 -0.008811 -0.777508   # pos: anim   rot: anim
    45 1.426599 0.000002 0.000000 0.018732 -0.055385 -0.652482   # pos: anim   rot: anim
    46 1.322465 -0.000001 0.000000 0.091850 -0.091050 -1.579520   # pos: anim   rot: anim
    47 4.035616 -0.051278 -1.538320 -0.320035 0.260833 -0.059362   # pos: anim   rot: anim
    48 1.242848 0.000000 0.000000 -0.019870 0.072258 -0.536678   # pos: anim   rot: anim
    49 1.134823 0.000001 0.000000 -0.066802 0.119806 -1.016558   # pos: anim   rot: anim
    50 1.083369 -0.316865 -1.943353 1.056174 0.100072 -1.187505   # pos: anim   rot: anim
    51 1.164765 0.000000 0.000000 0.016659 0.092788 0.355088   # pos: anim   rot: anim
    52 1.206997 0.000002 0.000001 0.015880 0.090669 0.346594   # pos: pos   rot: anim
    53 3.202717 -1.851488 0.187596 0.000000 0.000000 0.000000   # pos: pos   rot: rot
  time 33
    0 0.868772 1.429736 18.511618 1.726610 -0.010219 -0.308318   # pos: anim   rot: anim
    1 3.890452 -0.000005 -0.000002 -3.373581 -1.301281 0.122776   # pos: pos   rot: anim
    2 17.848177 -0.000001 0.000000 0.000000 0.000000 2.226764   # pos: pos   rot: anim
    3 15.634601 0.000000 0.000000 -0.101748 -0.201301 -1.654461   # pos: anim   rot: anim
    4 7.336499 0.000000 0.000000 -0.006964 -0.003287 -0.673371   # pos: anim   rot: anim
    5 -3.890451 0.000006 0.000007 -0.980132 -0.731123 -2.403570   # pos: pos   rot: anim
    6 17.848171 -0.000003 -0.000001 0.000000 0.000000 2.398407   # pos: pos   rot: anim
    7 15.634605 0.000000 0.000000 -0.085767 -0.428552 -1.407103   # pos: anim   rot: anim
    8 7.336500 0.000000 0.000000 -0.074766 -0.006079 -1.686352   # pos: anim   rot: anim
    9 0.003911 3.345128 -2.981901 1.474379 0.092114 1.584816   # pos: anim   rot: anim
    10 4.018331 0.000000 0.000000 -0.051150 0.089705 0.002900   # pos: pos   rot: anim
    11 3.518570 0.000000 0.000000 -0.166882 0.019727 0.446039   # pos: pos   rot: anim
    12 8.942642 -0.000001 0.000000 -0.009252 0.124987 0.410909   # pos: pos   rot: anim
    13 3.307231 0.000017 0.000000 3.141590 0.000000 0.400478   # pos: pos   rot: rot
    14 3.593711 0.000002 0.000000 0.487260 -0.017631 0.907520   # pos: pos   rot: anim
    15 2.033434 1.000746 1.937661 1.264715 -1.130289 3.262297   # pos: pos   rot: anim
    16 6.028158 0.000002 -0.000001 -1.977329 -1.032158 -0.317657   # pos: pos   rot: anim
    17 11.692554 0.000002 0.000001 0.000000 0.000000 -1.483886   # pos: pos   rot: anim
    18 11.481672 0.000010 -0.000034 0.038042 0.342400 0.401939   # pos: pos   rot: anim
    19 4.082367 0.064632 -1.453701 -0.272699 -0.071383 -0.003060   # pos: anim   rot: anim
    20 1.019585 0.000001 0.000001 -0.416580 0.363234 -1.710887   # pos: anim   rot: anim
    21 0.944213 0.000000 0.000000 -0.030465 0.149158 -0.402249   # pos: anim   rot: anim
    22 4.137645 0.074117 -0.529102 -0.055554 -0.097345 -0.073279   # pos: anim   rot: anim
    23 1.222677 -0.000001 0.000000 -0.194798 0.216731 -1.463544   # pos: anim   rot: anim
    24 1.157258 0.000001 0.000000 -0.005405 0.048648 -0.221727   # pos: anim   rot: anim
    25 4.008693 -0.074116 0.529102 0.099672 -0.097309 -0.126634   # pos: anim   rot: anim
    26 1.426597 -0.000001 0.000000 -0.067377 0.068567 -1.553286   # pos: anim   rot: anim
    27 1.322468 -0.000002 0.000000 -0.003164 0.020606 -0.304732   # pos: anim   rot: anim
    28 4.035646 -0.040289 1.535597 0.338450 -0.014275 -0.573547   # pos: anim   rot: anim
    29 1.242852 0.000000 0.000000 0.061349 -0.118480 -0.954952   # pos: anim   rot: anim
    30 1.134824 0.000000 0.000000 0.029626 -0.087948 -0.649401   # pos: anim   rot: anim
    31 1.083400 -0.302045 1.946277 -1.009663 -0.070545 -1.203528   # pos: anim   rot: anim
    32 1.164764 0.000000 0.000001 0.003370 0.026658 0.251694   # pos: anim   rot: anim
    33 1.206993 0.000001 0.000000 0.000000 0.000001 0.000014   # pos: pos   rot: anim
    34 2.033440 1.000751 -1.937611 -0.774735 1.152746 3.811996   # pos: pos   rot: anim
    35 6.028159 0.000000 0.000001 -1.154058 1.128516 -3.439136   # pos: pos   rot: anim
    36 11.692550 -0.000001 0.000002 0.000000 0.000000 -1.174862   # pos: pos   rot: anim
    37 11.481704 0.000013 0.000004 -0.732491 -0.004109 0.119077   # pos: pos   rot: anim
    38 4.082335 0.078375 1.450928 0.410945 0.122997 -0.756694   # pos: anim   rot: anim
    39 1.019584 0.000001 0.000000 0.082430 -0.261838 -0.607018   # pos: anim   rot: anim
    40 0.944214 0.000000 0.000000 0.205128 -0.375116 -0.993826   # pos: anim   rot: anim
    41 4.137612 0.077673 0.528702 0.177566 -0.069921 -0.759576   # pos: anim   rot: anim
    42 1.222679 0.000000 0.000000 0.051546 -0.155709 -0.638351   # pos: anim   rot: anim
    43 1.157262 0.000001 0.000000 0.193935 -0.249762 -1.318455   # pos: anim   rot: anim
    44 4.008660 -0.077672 -0.528702 -0.136588 -0.008811 -0.777508   # pos: anim   rot: anim
    45 1.426599 0.000002 0.000000 0.018732 -0.055385 -0.652482   # pos: anim   rot: anim
    46 1.322465 -0.000001 0.000000 0.091850 -0.091050 -1.579520   # pos: anim   rot: anim
    47 4.035616 -0.051278 -1.538320 -0.320035 0.260833 -0.059362   # pos: anim   rot: anim
    48 1.242848 0.000000 0.000000 -0.019870 0.072258 -0.536678   # pos: anim   rot: anim
    49 1.134823 0.000001 0.000000 -0.066802 0.119806 -1.016558   # pos: anim   rot: anim
    50 1.083369 -0.316865 -1.943353 1.056174 0.100072 -1.187505   # pos: anim   rot: anim
    51 1.164765 0.000000 0.000000 0.016659 0.092788 0.355088   # pos: anim   rot: anim
    52 1.206997 0.000002 0.000001 0.015880 0.090669 0.346594   # pos: pos   rot: anim
    53 3.202717 -1.851488 0.187596 0.000000 0.000000 0.000000   # pos: pos   rot: rot
  time 34
    0 0.806270 0.832062 19.722592 1.688510 -0.010249 -0.308223   # pos: anim   rot: anim
    1 3.890452 -0.000005 -0.000002 -2.901606 -1.296729 -0.346656   # pos: pos   rot: anim
    2 17.848177 -0.000001 0.000000 0.000000 0.000000 2.169980   # pos: pos   rot: anim
    3 15.634601 0.000000 0.000000 -0.109944 -0.196711 -1.684444   # pos: anim   rot: anim
    4 7.336499 0.000000 0.000000 -0.006964 -0.003287 -0.673371   # pos: anim   rot: anim
    5 -3.890451 0.000006 0.000007 -1.037399 -0.679092 -2.327512   # pos: pos   rot: anim
    6 17.848171 -0.000003 -0.000001 0.000000 0.000000 2.299261   # pos: pos   rot: anim
    7 15.634605 0.000000 0.000000 -0.044823 -0.410930 -1.430991   # pos: anim   rot: anim
    8 7.336500 0.000000 0.000000 -0.075701 -0.006091 -1.552338   # pos: anim   rot: anim
    9 0.003911 3.345128 -2.981901 1.474379 0.091149 1.580938   # pos: anim   rot: anim
    10 4.018331 0.000000 0.000000 -0.055441 0.083628 0.002353   # pos: pos   rot: anim
    11 3.518570 0.000000 0.000000 -0.166922 0.021776 0.445690   # pos: pos   rot: anim
    12 8.942642 -0.000001 0.000000 -0.009120 0.124951 0.412048   # pos: pos   rot: anim
    13 3.307231 0.000017 0.000000 3.141590 0.000000 0.400478   # pos: pos   rot: rot
    14 3.593711 0.000002 0.000000 0.494391 -0.041055 0.889181   # pos: pos   rot: anim
    15 2.033434 1.000746 1.937661 1.254564 -1.157419 3.273411   # pos: pos   rot: anim
    16 6.028158 0.000002 -0.000001 -1.931832 -1.041986 -0.448098   # pos: pos   rot: anim
    17 11.692554 0.000002 0.000001 0.000000 0.000000 -1.483886   # pos: pos   rot: anim
    18 11.481672 0.000010 -0.000034 -0.153013 0.326347 0.395016   # pos: pos   rot: anim
    19 4.082367 0.064632 -1.453701 -0.272699 -0.071383 -0.003060   # pos: anim   rot: anim
    20 1.019585 0.000001 0.000001 -0.416580 0.363234 -1.710887   # pos: anim   rot: anim
    21 0.944213 0.000000 0.000000 -0.030465 0.149158 -0.402249   # pos: anim   rot: anim
    22 4.137645 0.074117 -0.529102 -0.055554 -0.097345 -0.073279   # pos: anim   rot: anim
    23 1.222677 -0.000001 0.000000 -0.194798 0.216731 -1.463544   # pos: anim   rot: anim
    24 1.157258 0.000001 0.000000 -0.005405 0.048648 -0.221727   # pos: anim   rot: anim
    25 4.008693 -0.074116 0.529102 0.099672 -0.097309 -0.126634   # pos: anim   rot: anim
    26 1.426597 -0.000001 0.000000 -0.067377 0.068567 -1.553286   # pos: anim   rot: anim
    27 1.322468 -0.000002 0.000000 -0.003164 0.020606 -0.304732   # pos: anim   rot: anim
    28 4.035646 -0.040289 1.535597 0.338450 -0.014275 -0.573547   # pos: anim   rot: anim
    29 1.242852 0.000000 0.000000 0.061349 -0.118480 -0.954952   # pos: anim   rot: anim
    30 1.134824 0.000000 0.000000 0.029626 -0.087948 -0.649401   # pos: anim   rot: anim
    31 1.083400 -0.302045 1.946277 -1.009663 -0.070545 -1.203528   # pos: anim   rot: anim
    32 1.164764 0.000000 0.000001 0.003370 0.026658 0.251694   # pos: anim   rot: anim
    33 1.206993 0.000001 0.000000 0.000000 0.000001 0.000014   # pos: pos   rot: anim
    34 2.033440 1.000751 -1.937611 -0.774735 1.152746 3.811996   # pos: pos   rot: anim
    35 6.028159 0.000000 0.000001 -1.133563 1.119972 -3.386010   # pos: pos   rot: anim
    36 11.692550 -0.000001 0.000002 0.000000 0.000000 -1.131702   # pos: pos   rot: anim
    37 11.481704 0.000013 0.000004 -0.713333 -0.028653 0.150864   # pos: pos   rot: anim
    38 4.082335 0.078375 1.450928 0.410945 0.123009 -0.756694   # pos: anim   rot: anim
    39 1.019584 0.000001 0.000000 0.082430 -0.261838 -0.607018   # pos: anim   rot: anim
    40 0.944214 0.000000 0.000000 0.205128 -0.375116 -0.993826   # pos: anim   rot: anim
    41 4.137612 0.077673 0.528702 0.177566 -0.069921 -0.759576   # pos: anim   rot: anim
    42 1.222679 0.000000 0.000000 0.051546 -0.155697 -0.638351   # pos: anim   rot: anim
    43 1.157262 0.000001 0.000000 0.193935 -0.249762 -1.318455   # pos: anim   rot: anim
    44 4.008660 -0.077672 -0.528702 -0.136588 -0.008811 -0.777508   # pos: anim   rot: anim
    45 1.426599 0.000002 0.000000 0.018732 -0.055385 -0.652482   # pos: anim   rot: anim
    46 1.322465 -0.000001 0.000000 0.091850 -0.091050 -1.579520   # pos: anim   rot: anim
    47 4.035616 -0.051278 -1.538320 -0.320035 0.260833 -0.059362   # pos: anim   rot: anim
    48 1.242848 0.000000 0.000000 -0.019870 0.072258 -0.536678   # pos: anim   rot: anim
    49 1.134823 0.000001 0.000000 -0.066802 0.119806 -1.016558   # pos: anim   rot: anim
    50 1.083369 -0.316865 -1.943353 1.056174 0.100072 -1.187505   # pos: anim   rot: anim
    51 1.164765 0.000000 0.000000 0.016659 0.092788 0.355088   # pos: anim   rot: anim
    52 1.206997 0.000002 0.000001 0.015880 0.090669 0.346594   # pos: pos   rot: anim
    53 3.202717 -1.851488 0.187596 0.000000 0.000000 0.000000   # pos: pos   rot: rot
  time 35
    0 0.739861 0.242200 20.914035 1.646701 -0.010249 -0.308128   # pos: anim   rot: anim
    1 3.890452 -0.000005 -0.000002 -2.527687 -1.240643 -0.718536   # pos: pos   rot: anim
    2 17.848177 -0.000001 0.000000 0.000000 0.000000 2.108804   # pos: pos   rot: anim
    3 15.634601 0.000000 0.000000 -0.117477 -0.193586 -1.704637   # pos: anim   rot: anim
    4 7.336499 0.000000 0.000000 -0.006964 -0.003287 -0.673371   # pos: anim   rot: anim
    5 -3.890451 0.000006 0.000007 -1.090950 -0.619544 -2.254329   # pos: pos   rot: anim
    6 17.848171 -0.000003 -0.000001 0.000000 0.000000 2.186788   # pos: pos   rot: anim
    7 15.634605 0.000000 0.000000 0.039084 -0.386931 -1.563959   # pos: anim   rot: anim
    8 7.336500 0.000000 0.000000 -0.077103 -0.005887 -1.351863   # pos: anim   rot: anim
    9 0.003911 3.345128 -2.981901 1.474379 0.090185 1.577060   # pos: anim   rot: anim
    10 4.018331 0.000000 0.000000 -0.059731 0.077504 0.001821   # pos: pos   rot: anim
    11 3.518570 0.000000 0.000000 -0.166961 0.023837 0.445355   # pos: pos   rot: anim
    12 8.942642 -0.000001 0.000000 -0.008988 0.124915 0.413186   # pos: pos   rot: anim
    13 3.307231 0.000017 0.000000 3.141590 0.000000 0.400478   # pos: pos   rot: rot
    14 3.593711 0.000002 0.000000 0.502047 -0.064265 0.870390   # pos: pos   rot: anim
    15 2.033434 1.000746 1.937661 1.245466 -1.179014 3.283375   # pos: pos   rot: anim
    16 6.028158 0.000002 -0.000001 -1.885857 -1.051961 -0.581716   # pos: pos   rot: anim
    17 11.692554 0.000002 0.000001 0.000000 0.000000 -1.483886   # pos: pos   rot: anim
    18 11.481672 0.000010 -0.000034 -0.227666 0.308101 0.405142   # pos: pos   rot: anim
    19 4.082367 0.064632 -1.453701 -0.272699 -0.071383 -0.003060   # pos: anim   rot: anim
    20 1.019585 0.000001 0.000001 -0.416580 0.363234 -1.710887   # pos: anim   rot: anim
    21 0.944213 0.000000 0.000000 -0.030465 0.149158 -0.402249   # pos: anim   rot: anim
    22 4.137645 0.074117 -0.529102 -0.055554 -0.097345 -0.073279   # pos: anim   rot: anim
    23 1.222677 -0.000001 0.000000 -0.194798 0.216731 -1.463544   # pos: anim   rot: anim
    24 1.157258 0.000001 0.000000 -0.005417 0.048648 -0.221727   # pos: anim   rot: anim
    25 4.008693 -0.074116 0.529102 0.099672 -0.097309 -0.126634   # pos: anim   rot: anim
    26 1.426597 -0.000001 0.000000 -0.067377 0.068567 -1.553286   # pos: anim   rot: anim
    27 1.322468 -0.000002 0.000000 -0.003164 0.020606 -0.304732   # pos: anim   rot: anim
    28 4.035646 -0.040289 1.535597 0.338450 -0.014275 -0.573547   # pos: anim   rot: anim
    29 1.242852 0.000000 0.000000 0.061349 -0.118480 -0.954952   # pos: anim   rot: anim
    30 1.134824 0.000000 0.000000 0.029626 -0.087948 -0.649401   # pos: anim   rot: anim
    31 1.083400 -0.302045 1.946277 -1.009663 -0.070545 -1.203528   # pos: anim   rot: anim
    32 1.164764 0.000000 0.000001 0.003370 0.026658 0.251694   # pos: anim   rot: anim
    33 1.206993 0.000001 0.000000 0.000000 0.000001 0.000014   # pos: pos   rot: anim
    34 2.033440 1.000751 -1.937611 -0.774735 1.152746 3.811996   # pos: pos   rot: anim
    35 6.028159 0.000000 0.000001 -1.120699 1.100830 -3.330275   # pos: pos   rot: anim
    36 11.692550 -0.000001 0.000002 0.000000 0.000000 -1.073805   # pos: pos   rot: anim
    37 11.481704 0.000013 0.000004 -0.735684 -0.051751 0.193310   # pos: pos   rot: anim
    38 4.082335 0.078375 1.450928 0.410945 0.123009 -0.756694   # pos: anim   rot: anim
    39 1.019584 0.000001 0.000000 0.082430 -0.261838 -0.607018   # pos: anim   rot: anim
    40 0.944214 0.000000 0.000000 0.205128 -0.375116 -0.993826   # pos: anim   rot: anim
    41 4.137612 0.077673 0.528702 0.177566 -0.069921 -0.759576   # pos: anim   rot: anim
    42 1.222679 0.000000 0.000000 0.051546 -0.155709 -0.638351   # pos: anim   rot: anim
    43 1.157262 0.000001 0.000000 0.193935 -0.249762 -1.318455   # pos: anim   rot: anim
    44 4.008660 -0.077672 -0.528702 -0.136588 -0.008811 -0.777508   # pos: anim   rot: anim
    45 1.426599 0.000002 0.000000 0.018732 -0.055385 -0.652482   # pos: anim   rot: anim
    46 1.322465 -0.000001 0.000000 0.091850 -0.091050 -1.579520   # pos: anim   rot: anim
    47 4.035616 -0.051278 -1.538320 -0.320035 0.260833 -0.059362   # pos: anim   rot: anim
    48 1.242848 0.000000 0.000000 -0.019870 0.072258 -0.536678   # pos: anim   rot: anim
    49 1.134823 0.000001 0.000000 -0.066802 0.119806 -1.016558   # pos: anim   rot: anim
    50 1.083369 -0.316865 -1.943353 1.056174 0.100072 -1.187505   # pos: anim   rot: anim
    51 1.164765 0.000000 0.000000 0.016659 0.092788 0.355088   # pos: anim   rot: anim
    52 1.206997 0.000002 0.000001 0.015880 0.090669 0.346594   # pos: pos   rot: anim
    53 3.202717 -1.851488 0.187596 0.000000 0.000000 0.000000   # pos: pos   rot: rot
  time 36
    0 0.681266 -0.296879 22.011725 1.605892 -0.010249 -0.308033   # pos: anim   rot: anim
    1 3.890452 -0.000005 -0.000002 -2.301093 -1.162044 -0.943324   # pos: pos   rot: anim
    2 17.848177 -0.000001 0.000000 0.000000 0.000000 2.048007   # pos: pos   rot: anim
    3 15.634601 0.000000 0.000000 -0.124347 -0.191926 -1.715704   # pos: anim   rot: anim
    4 7.336499 0.000000 0.000000 -0.006964 -0.003287 -0.673371   # pos: anim   rot: anim
    5 -3.890451 0.000006 0.000007 -1.135970 -0.555712 -2.191556   # pos: pos   rot: anim
    6 17.848171 -0.000003 -0.000001 0.000000 0.000000 2.071632   # pos: pos   rot: anim
    7 15.634605 0.000000 0.000000 0.133558 -0.343483 -1.756671   # pos: anim   rot: anim
    8 7.336500 0.000000 0.000000 -0.078637 -0.005300 -1.118351   # pos: anim   rot: anim
    9 0.003911 3.345128 -2.981901 1.474432 0.089237 1.573232   # pos: anim   rot: anim
    10 4.018331 0.000000 0.000000 -0.064022 0.071476 0.001323   # pos: pos   rot: anim
    11 3.518570 0.000000 0.000000 -0.167001 0.025887 0.445005   # pos: pos   rot: anim
    12 8.942642 -0.000001 0.000000 -0.008857 0.124879 0.414313   # pos: pos   rot: anim
    13 3.307231 0.000017 0.000000 3.141590 0.000000 0.400478   # pos: pos   rot: rot
    14 3.593711 0.000002 0.000000 0.510052 -0.087084 0.851439   # pos: pos   rot: anim
    15 2.033434 1.000746 1.937661 1.234357 -1.202296 3.295256   # pos: pos   rot: anim
    16 6.028158 0.000002 -0.000001 -1.836441 -1.054504 -0.729630   # pos: pos   rot: anim
    17 11.692554 0.000002 0.000001 0.000000 0.000000 -1.483886   # pos: pos   rot: anim
    18 11.481672 0.000010 -0.000034 -0.242029 0.289706 0.423591   # pos: pos   rot: anim
    19 4.082367 0.064632 -1.453701 -0.272699 -0.071383 -0.003060   # pos: anim   rot: anim
    20 1.019585 0.000001 0.000001 -0.416580 0.363234 -1.710887   # pos: anim   rot: anim
    21 0.944213 0.000000 0.000000 -0.030465 0.149158 -0.402249   # pos: anim   rot: anim
    22 4.137645 0.074117 -0.529102 -0.055554 -0.097345 -0.073279   # pos: anim   rot: anim
    23 1.222677 -0.000001 0.000000 -0.194798 0.216731 -1.463544   # pos: anim   rot: anim
    24 1.157258 0.000001 0.000000 -0.005417 0.048648 -0.221727   # pos: anim   rot: anim
    25 4.008693 -0.074116 0.529102 0.099672 -0.097309 -0.126634   # pos: anim   rot: anim
    26 1.426597 -0.000001 0.000000 -0.067377 0.068567 -1.553286   # pos: anim   rot: anim
    27 1.322468 -0.000002 0.000000 -0.003164 0.020606 -0.304732   # pos: anim   rot: anim
    28 4.035646 -0.040289 1.535597 0.338450 -0.014275 -0.573547   # pos: anim   rot: anim
    29 1.242852 0.000000 0.000000 0.061349 -0.118480 -0.954952   # pos: anim   rot: anim
    30 1.134824 0.000000 0.000000 0.029614 -0.087948 -0.649401   # pos: anim   rot: anim
    31 1.083400 -0.302045 1.946277 -1.009663 -0.070545 -1.203528   # pos: anim   rot: anim
    32 1.164764 0.000000 0.000001 0.003370 0.026658 0.251694   # pos: anim   rot: anim
    33 1.206993 0.000001 0.000000 0.000000 0.000001 0.000014   # pos: pos   rot: anim
    34 2.033440 1.000751 -1.937611 -0.774735 1.152746 3.811996   # pos: pos   rot: anim
    35 6.028159 0.000000 0.000001 -1.117416 1.071282 -3.278827   # pos: pos   rot: anim
    36 11.692550 -0.000001 0.000002 0.000000 0.000000 -1.005456   # pos: pos   rot: anim
    37 11.481704 0.000013 0.000004 -0.783447 -0.072479 0.243616   # pos: pos   rot: anim
    38 4.082335 0.078375 1.450928 0.410945 0.123009 -0.756694   # pos: anim   rot: anim
    39 1.019584 0.000001 0.000000 0.082430 -0.261838 -0.607018   # pos: anim   rot: anim
    40 0.944214 0.000000 0.000000 0.205128 -0.375116 -0.993826   # pos: anim   rot: anim
    41 4.137612 0.077673 0.528702 0.177566 -0.069921 -0.759576   # pos: anim   rot: anim
    42 1.222679 0.000000 0.000000 0.051546 -0.155709 -0.638351   # pos: anim   rot: anim
    43 1.157262 0.000001 0.000000 0.193935 -0.249762 -1.318455   # pos: anim   rot: anim
    44 4.008660 -0.077672 -0.528702 -0.136588 -0.008811 -0.777508   # pos: anim   rot: anim
    45 1.426599 0.000002 0.000000 0.018732 -0.055385 -0.652482   # pos: anim   rot: anim
    46 1.322465 -0.000001 0.000000 0.091850 -0.091050 -1.579520   # pos: anim   rot: anim
    47 4.035616 -0.051278 -1.538320 -0.320035 0.260833 -0.059362   # pos: anim   rot: anim
    48 1.242848 0.000000 0.000000 -0.019870 0.072258 -0.536678   # pos: anim   rot: anim
    49 1.134823 0.000001 0.000000 -0.066802 0.119806 -1.016558   # pos: anim   rot: anim
    50 1.083369 -0.316865 -1.943353 1.056174 0.100072 -1.187505   # pos: anim   rot: anim
    51 1.164765 0.000000 0.000000 0.016659 0.092788 0.355088   # pos: anim   rot: anim
    52 1.206997 0.000002 0.000001 0.015880 0.090669 0.346594   # pos: pos   rot: anim
    53 3.202717 -1.851488 0.187596 0.000000 0.000000 0.000000   # pos: pos   rot: rot
  time 37
    0 0.634389 -0.757831 22.949253 1.570855 -0.010249 -0.307938   # pos: anim   rot: anim
    1 3.890452 -0.000005 -0.000002 -2.171501 -1.085892 -1.071516   # pos: pos   rot: anim
    2 17.848177 -0.000001 0.000000 0.000000 0.000000 1.993115   # pos: pos   rot: anim
    3 15.634601 0.000000 0.000000 -0.130531 -0.191633 -1.719913   # pos: anim   rot: anim
    4 7.336499 0.000000 0.000000 -0.006964 -0.003287 -0.673371   # pos: anim   rot: anim
    5 -3.890451 0.000006 0.000007 -1.169925 -0.494980 -2.143077   # pos: pos   rot: anim
    6 17.848171 -0.000003 -0.000001 0.000000 0.000000 1.966148   # pos: pos   rot: anim
    7 15.634605 0.000000 0.000000 0.209590 -0.284036 -1.952173   # pos: anim   rot: anim
    8 7.336500 0.000000 0.000000 -0.079931 -0.004425 -0.896497   # pos: anim   rot: anim
    9 0.003911 3.345128 -2.981901 1.474432 0.088307 1.569603   # pos: anim   rot: anim
    10 4.018331 0.000000 0.000000 -0.068324 0.065652 0.000825   # pos: pos   rot: anim
    11 3.518570 0.000000 0.000000 -0.167041 0.027936 0.444655   # pos: pos   rot: anim
    12 8.942642 -0.000001 0.000000 -0.008725 0.124843 0.415415   # pos: pos   rot: anim
    13 3.307231 0.000017 0.000000 3.141590 0.000000 0.400478   # pos: pos   rot: rot
    14 3.593711 0.000002 0.000000 0.518146 -0.109335 0.832746   # pos: pos   rot: anim
    15 2.033434 1.000746 1.937661 1.221046 -1.226678 3.309436   # pos: pos   rot: anim
    16 6.028158 0.000002 -0.000001 -1.796010 -1.053917 -0.877357   # pos: pos   rot: anim
    17 11.692554 0.000002 0.000001 0.000000 0.000000 -1.483886   # pos: pos   rot: anim
    18 11.481672 0.000010 -0.000034 -0.216697 0.270420 0.446385   # pos: pos   rot: anim
    19 4.082367 0.064632 -1.453701 -0.272699 -0.071383 -0.003060   # pos: anim   rot: anim
    20 1.019585 0.000001 0.000001 -0.416580 0.363234 -1.710887   # pos: anim   rot: anim
    21 0.944213 0.000000 0.000000 -0.030465 0.149158 -0.402249   # pos: anim   rot: anim
    22 4.137645 0.074117 -0.529102 -0.055554 -0.097345 -0.073279   # pos: anim   rot: anim
    23 1.222677 -0.000001 0.000000 -0.194798 0.216731 -1.463544   # pos: anim   rot: anim
    24 1.157258 0.000001 0.000000 -0.005405 0.048648 -0.221727   # pos: anim   rot: anim
    25 4.008693 -0.074116 0.529102 0.099672 -0.097309 -0.126634   # pos: anim   rot: anim
    26 1.426597 -0.000001 0.000000 -0.067377 0.068567 -1.553286   # pos: anim   rot: anim
    27 1.322468 -0.000002 0.000000 -0.003164 0.020606 -0.304732   # pos: anim   rot: anim
    28 4.035646 -0.040289 1.535597 0.338450 -0.014275 -0.573547   # pos: anim   rot: anim
    29 1.242852 0.000000 0.000000 0.061349 -0.118480 -0.954952   # pos: anim   rot: anim
    30 1.134824 0.000000 0.000000 0.029626 -0.087948 -0.649401   # pos: anim   rot: anim
    31 1.083400 -0.302045 1.946277 -1.009663 -0.070545 -1.203528   # pos: anim   rot: anim
    32 1.164764 0.000000 0.000001 0.003370 0.026658 0.251694   # pos: anim   rot: anim
    33 1.206993 0.000001 0.000000 0.000000 0.000001 0.000014   # pos: pos   rot: anim
    34 2.033440 1.000751 -1.937611 -0.774735 1.152746 3.811996   # pos: pos   rot: anim
    35 6.028159 0.000000 0.000001 -1.126998 1.030563 -3.238377   # pos: pos   rot: anim
    36 11.692550 -0.000001 0.000002 0.000000 0.000000 -0.928986   # pos: pos   rot: anim
    37 11.481704 0.000013 0.000004 -0.848637 -0.089160 0.299904   # pos: pos   rot: anim
    38 4.082335 0.078375 1.450928 0.410945 0.123009 -0.756694   # pos: anim   rot: anim
    39 1.019584 0.000001 0.000000 0.082430 -0.261838 -0.607018   # pos: anim   rot: anim
    40 0.944214 0.000000 0.000000 0.205128 -0.375116 -0.993826   # pos: anim   rot: anim
    41 4.137612 0.077673 0.528702 0.177566 -0.069921 -0.759576   # pos: anim   rot: anim
    42 1.222679 0.000000 0.000000 0.051546 -0.155709 -0.638351   # pos: anim   rot: anim
    43 1.157262 0.000001 0.000000 0.193935 -0.249762 -1.318455   # pos: anim   rot: anim
    44 4.008660 -0.077672 -0.528702 -0.136588 -0.008811 -0.777508   # pos: anim   rot: anim
    45 1.426599 0.000002 0.000000 0.018732 -0.055385 -0.652482   # pos: anim   rot: anim
    46 1.322465 -0.000001 0.000000 0.091850 -0.091050 -1.579520   # pos: anim   rot: anim
    47 4.035616 -0.051278 -1.538320 -0.320035 0.260833 -0.059362   # pos: anim   rot: anim
    48 1.242848 0.000000 0.000000 -0.019870 0.072258 -0.536678   # pos: anim   rot: anim
    49 1.134823 0.000001 0.000000 -0.066802 0.119806 -1.016558   # pos: anim   rot: anim
    50 1.083369 -0.316865 -1.943353 1.056174 0.100072 -1.187505   # pos: anim   rot: anim
    51 1.164765 0.000000 0.000000 0.016659 0.092788 0.355088   # pos: anim   rot: anim
    52 1.206997 0.000002 0.000001 0.015880 0.090669 0.346594   # pos: pos   rot: anim
    53 3.202717 -1.851488 0.187596 0.000000 0.000000 0.000000   # pos: pos   rot: rot
  time 38
    0 0.595326 -1.097685 23.628962 1.546417 -0.010249 -0.307938   # pos: anim   rot: anim
    1 3.890452 -0.000005 -0.000002 -2.099899 -1.028973 -1.141768   # pos: pos   rot: anim
    2 17.848177 -0.000001 0.000000 0.000000 0.000000 1.951397   # pos: pos   rot: anim
    3 15.634601 0.000000 0.000000 -0.135954 -0.192668 -1.720007   # pos: anim   rot: anim
    4 7.336499 0.000000 0.000000 -0.006964 -0.003287 -0.673371   # pos: anim   rot: anim
    5 -3.890451 0.000006 0.000007 -1.191463 -0.448052 -2.111224   # pos: pos   rot: anim
    6 17.848171 -0.000003 -0.000001 0.000000 0.000000 1.885775   # pos: pos   rot: anim
    7 15.634605 0.000000 0.000000 0.253774 -0.229829 -2.098576   # pos: anim   rot: anim
    8 7.336500 0.000000 0.000000 -0.080734 -0.003622 -0.734377   # pos: anim   rot: anim
    9 0.003911 3.345128 -2.981901 1.474432 0.087427 1.566123   # pos: anim   rot: anim
    10 4.018331 0.000000 0.000000 -0.072663 0.060163 0.000360   # pos: pos   rot: anim
    11 3.518570 0.000000 0.000000 -0.167081 0.029997 0.444306   # pos: pos   rot: anim
    12 8.942642 -0.000001 0.000000 -0.008605 0.124808 0.416470   # pos: pos   rot: anim
    13 3.307231 0.000017 0.000000 3.141590 0.000000 0.400478   # pos: pos   rot: rot
    14 3.593711 0.000002 0.000000 0.525933 -0.130875 0.814663   # pos: pos   rot: anim
    15 2.033434 1.000746 1.937661 1.205340 -1.251532 3.326107   # pos: pos   rot: anim
    16 6.028158 0.000002 -0.000001 -1.771541 -1.056899 -1.014338   # pos: pos   rot: anim
    17 11.692554 0.000002 0.000001 0.000000 0.000000 -1.483886   # pos: pos   rot: anim
    18 11.481672 0.000010 -0.000034 -0.172189 0.249796 0.470358   # pos: pos   rot: anim
    19 4.082367 0.064632 -1.453701 -0.272699 -0.071383 -0.003060   # pos: anim   rot: anim
    20 1.019585 0.000001 0.000001 -0.416580 0.363234 -1.710887   # pos: anim   rot: anim
    21 0.944213 0.000000 0.000000 -0.030465 0.149158 -0.402249   # pos: anim   rot: anim
    22 4.137645 0.074117 -0.529102 -0.055554 -0.097345 -0.073279   # pos: anim   rot: anim
    23 1.222677 -0.000001 0.000000 -0.194798 0.216731 -1.463544   # pos: anim   rot: anim
    24 1.157258 0.000001 0.000000 -0.005417 0.048648 -0.221727   # pos: anim   rot: anim
    25 4.008693 -0.074116 0.529102 0.099672 -0.097309 -0.126634   # pos: anim   rot: anim
    26 1.426597 -0.000001 0.000000 -0.067377 0.068567 -1.553286   # pos: anim   rot: anim
    27 1.322468 -0.000002 0.000000 -0.003164 0.020606 -0.304732   # pos: anim   rot: anim
    28 4.035646 -0.040289 1.535597 0.338450 -0.014275 -0.573547   # pos: anim   rot: anim
    29 1.242852 0.000000 0.000000 0.061349 -0.118480 -0.954952   # pos: anim   rot: anim
    30 1.134824 0.000000 0.000000 0.029626 -0.087948 -0.649401   # pos: anim   rot: anim
    31 1.083400 -0.302045 1.946277 -1.009663 -0.070545 -1.203528   # pos: anim   rot: anim
    32 1.164764 0.000000 0.000001 0.003370 0.026658 0.251694   # pos: anim   rot: anim
    33 1.206993 0.000001 0.000000 0.000000 0.000001 0.000014   # pos: pos   rot: anim
    34 2.033440 1.000751 -1.937611 -0.774735 1.152746 3.811996   # pos: pos   rot: anim
    35 6.028159 0.000000 0.000001 -1.151396 0.978293 -3.213957   # pos: pos   rot: anim
    36 11.692550 -0.000001 0.000002 0.000000 0.000000 -0.846651   # pos: pos   rot: anim
    37 11.481704 0.000013 0.000004 -0.922875 -0.101038 0.359834   # pos: pos   rot: anim
    38 4.082335 0.078375 1.450928 0.410945 0.122997 -0.756694   # pos: anim   rot: anim
    39 1.019584 0.000001 0.000000 0.082430 -0.261838 -0.607018   # pos: anim   rot: anim
    40 0.944214 0.000000 0.000000 0.205128 -0.375116 -0.993826   # pos: anim   rot: anim
    41 4.137612 0.077673 0.528702 0.177566 -0.069921 -0.759576   # pos: anim   rot: anim
    42 1.222679 0.000000 0.000000 0.051546 -0.155709 -0.638351   # pos: anim   rot: anim
    43 1.157262 0.000001 0.000000 0.193935 -0.249762 -1.318455   # pos: anim   rot: anim
    44 4.008660 -0.077672 -0.528702 -0.136588 -0.008811 -0.777508   # pos: anim   rot: anim
    45 1.426599 0.000002 0.000000 0.018732 -0.055385 -0.652482   # pos: anim   rot: anim
    46 1.322465 -0.000001 0.000000 0.091850 -0.091050 -1.579520   # pos: anim   rot: anim
    47 4.035616 -0.051278 -1.538320 -0.320035 0.260833 -0.059362   # pos: anim   rot: anim
    48 1.242848 0.000000 0.000000 -0.019870 0.072258 -0.536678   # pos: anim   rot: anim
    49 1.134823 0.000001 0.000000 -0.066802 0.119806 -1.016558   # pos: anim   rot: anim
    50 1.083369 -0.316865 -1.943353 1.056174 0.100072 -1.187505   # pos: anim   rot: anim
    51 1.164765 0.000000 0.000000 0.016659 0.092788 0.355088   # pos: anim   rot: anim
    52 1.206997 0.000002 0.000001 0.015880 0.090669 0.346594   # pos: pos   rot: anim
    53 3.202717 -1.851488 0.187596 0.000000 0.000000 0.000000   # pos: pos   rot: rot
  time 39
    0 0.579700 -1.234408 23.906314 1.537231 -0.010249 -0.307938   # pos: anim   rot: anim
    1 3.890452 -0.000005 -0.000002 -2.070281 -1.007048 -1.169736   # pos: pos   rot: anim
    2 17.848177 -0.000001 0.000000 0.000000 0.000000 1.933832   # pos: pos   rot: anim
    3 15.634601 0.000000 0.000000 -0.140616 -0.195051 -1.718967   # pos: anim   rot: anim
    4 7.336499 0.000000 0.000000 -0.006964 -0.003287 -0.673371   # pos: anim   rot: anim
    5 -3.890451 0.000006 0.000007 -1.199319 -0.428734 -2.099183   # pos: pos   rot: anim
    6 17.848171 -0.000003 -0.000001 0.000000 0.000000 1.852455   # pos: pos   rot: anim
    7 15.634605 0.000000 0.000000 0.267705 -0.206855 -2.154677   # pos: anim   rot: anim
    8 7.336500 0.000000 0.000000 -0.080998 -0.003287 -0.673375   # pos: anim   rot: anim
    9 0.003911 3.345128 -2.981901 1.474432 0.086615 1.562990   # pos: anim   rot: anim
    10 4.018331 0.000000 0.000000 -0.077049 0.055129 -0.000105   # pos: pos   rot: anim
    11 3.518570 0.000000 0.000000 -0.167121 0.032047 0.443956   # pos: pos   rot: anim
    12 8.942642 -0.000001 0.000000 -0.008485 0.124784 0.417453   # pos: pos   rot: anim
    13 3.307231 0.000017 0.000000 3.141590 0.000000 0.400478   # pos: pos   rot: rot
    14 3.593711 0.000002 0.000000 0.533151 -0.151579 0.797610   # pos: pos   rot: anim
    15 2.033434 1.000746 1.937661 1.186858 -1.276306 3.345460   # pos: pos   rot: anim
    16 6.028158 0.000002 -0.000001 -1.765233 -1.071275 -1.134314   # pos: pos   rot: anim
    17 11.692554 0.000002 0.000001 0.000000 0.000000 -1.483962   # pos: pos   rot: anim
    18 11.481672 0.000010 -0.000034 -0.128391 0.228168 0.493226   # pos: pos   rot: anim
    19 4.082367 0.064632 -1.453701 -0.272699 -0.071383 -0.003060   # pos: anim   rot: anim
    20 1.019585 0.000001 0.000001 -0.416580 0.363234 -1.710887   # pos: anim   rot: anim
    21 0.944213 0.000000 0.000000 -0.030465 0.149158 -0.402249   # pos: anim   rot: anim
    22 4.137645 0.074117 -0.529102 -0.055554 -0.097345 -0.073279   # pos: anim   rot: anim
    23 1.222677 -0.000001 0.000000 -0.194798 0.216731 -1.463544   # pos: anim   rot: anim
    24 1.157258 0.000001 0.000000 -0.005417 0.048648 -0.221727   # pos: anim   rot: anim
    25 4.008693 -0.074116 0.529102 0.099672 -0.097309 -0.126634   # pos: anim   rot: anim
    26 1.426597 -0.000001 0.000000 -0.067377 0.068567 -1.553286   # pos: anim   rot: anim
    27 1.322468 -0.000002 0.000000 -0.003164 0.020606 -0.304732   # pos: anim   rot: anim
    28 4.035646 -0.040289 1.535597 0.338450 -0.014275 -0.573547   # pos: anim   rot: anim
    29 1.242852 0.000000 0.000000 0.061349 -0.118480 -0.954952   # pos: anim   rot: anim
    30 1.134824 0.000000 0.000000 0.029626 -0.087948 -0.649401   # pos: anim   rot: anim
    31 1.083400 -0.302045 1.946277 -1.009663 -0.070545 -1.203528   # pos: anim   rot: anim
    32 1.164764 0.000000 0.000001 0.003370 0.026658 0.251694   # pos: anim   rot: anim
    33 1.206993 0.000001 0.000000 0.000000 0.000001 0.000014   # pos: pos   rot: anim
    34 2.033440 1.000751 -1.937611 -0.774735 1.152746 3.811996   # pos: pos   rot: anim
    35 6.028159 0.000000 0.000001 -1.191054 0.914327 -3.208738   # pos: pos   rot: anim
    36 11.692550 -0.000001 0.000002 0.000000 0.000000 -0.760707   # pos: pos   rot: anim
    37 11.481704 0.000013 0.000004 -0.997645 -0.108473 0.420608   # pos: pos   rot: anim
    38 4.082335 0.078375 1.450928 0.410945 0.123009 -0.756694   # pos: anim   rot: anim
    39 1.019584 0.000001 0.000000 0.082430 -0.261838 -0.607018   # pos: anim   rot: anim
    40 0.944214 0.000000 0.000000 0.205128 -0.375116 -0.993826   # pos: anim   rot: anim
    41 4.137612 0.077673 0.528702 0.177566 -0.069921 -0.759576   # pos: anim   rot: anim
    42 1.222679 0.000000 0.000000 0.051546 -0.155709 -0.638351   # pos: anim   rot: anim
    43 1.157262 0.000001 0.000000 0.193935 -0.249762 -1.318455   # pos: anim   rot: anim
    44 4.008660 -0.077672 -0.528702 -0.136588 -0.008811 -0.777508   # pos: anim   rot: anim
    45 1.426599 0.000002 0.000000 0.018732 -0.055385 -0.652482   # pos: anim   rot: anim
    46 1.322465 -0.000001 0.000000 0.091850 -0.091050 -1.579520   # pos: anim   rot: anim
    47 4.035616 -0.051278 -1.538320 -0.320035 0.260833 -0.059362   # pos: anim   rot: anim
    48 1.242848 0.000000 0.000000 -0.019870 0.072258 -0.536678   # pos: anim   rot: anim
    49 1.134823 0.000001 0.000000 -0.066802 0.119806 -1.016558   # pos: anim   rot: anim
    50 1.083369 -0.316865 -1.943353 1.056174 0.100072 -1.187505   # pos: anim   rot: anim
    51 1.164765 0.000000 0.000000 0.016659 0.092788 0.355088   # pos: anim   rot: anim
    52 1.206997 0.000002 0.000001 0.015880 0.090669 0.346594   # pos: pos   rot: anim
    53 3.202717 -1.851488 0.187596 0.000000 0.000000 0.000000   # pos: pos   rot: rot
end
