// Created by Crowbar 0.51.0.0
version 1
nodes
  0 "ValveBiped.Bip01_Pelvis" -1
  1 "ValveBiped.Bip01_L_Thigh" 0
  2 "ValveBiped.Bip01_L_Calf" 1
  3 "ValveBiped.Bip01_L_Foot" 2
  4 "ValveBiped.Bip01_L_Toe0" 3
  5 "ValveBiped.Bip01_R_Thigh" 0
  6 "ValveBiped.Bip01_R_Calf" 5
  7 "ValveBiped.Bip01_R_Foot" 6
  8 "ValveBiped.Bip01_R_Toe0" 7
  9 "ValveBiped.Bip01_Spine" 0
  10 "ValveBiped.Bip01_Spine1" 9
  11 "ValveBiped.Bip01_Spine2" 10
  12 "ValveBiped.Bip01_Spine4" 11
  13 "ValveBiped.Bip01_Neck1" 12
  14 "ValveBiped.Bip01_Head1" 13
  15 "ValveBiped.Bip01_L_Clavicle" 12
  16 "ValveBiped.Bip01_L_UpperArm" 15
  17 "ValveBiped.Bip01_L_Forearm" 16
  18 "ValveBiped.Bip01_L_Hand" 17
  19 "ValveBiped.Bip01_L_Finger4" 18
  20 "ValveBiped.Bip01_L_Finger41" 19
  21 "ValveBiped.Bip01_L_Finger42" 20
  22 "ValveBiped.Bip01_L_Finger3" 18
  23 "ValveBiped.Bip01_L_Finger31" 22
  24 "ValveBiped.Bip01_L_Finger32" 23
  25 "ValveBiped.Bip01_L_Finger2" 18
  26 "ValveBiped.Bip01_L_Finger21" 25
  27 "ValveBiped.Bip01_L_Finger22" 26
  28 "ValveBiped.Bip01_L_Finger1" 18
  29 "ValveBiped.Bip01_L_Finger11" 28
  30 "ValveBiped.Bip01_L_Finger12" 29
  31 "ValveBiped.Bip01_L_Finger0" 18
  32 "ValveBiped.Bip01_L_Finger01" 31
  33 "ValveBiped.Bip01_L_Finger02" 32
  34 "ValveBiped.Bip01_R_Clavicle" 12
  35 "ValveBiped.Bip01_R_UpperArm" 34
  36 "ValveBiped.Bip01_R_Forearm" 35
  37 "ValveBiped.Bip01_R_Hand" 36
  38 "ValveBiped.Bip01_R_Finger4" 37
  39 "ValveBiped.Bip01_R_Finger41" 38
  40 "ValveBiped.Bip01_R_Finger42" 39
  41 "ValveBiped.Bip01_R_Finger3" 37
  42 "ValveBiped.Bip01_R_Finger31" 41
  43 "ValveBiped.Bip01_R_Finger32" 42
  44 "ValveBiped.Bip01_R_Finger2" 37
  45 "ValveBiped.Bip01_R_Finger21" 44
  46 "ValveBiped.Bip01_R_Finger22" 45
  47 "ValveBiped.Bip01_R_Finger1" 37
  48 "ValveBiped.Bip01_R_Finger11" 47
  49 "ValveBiped.Bip01_R_Finger12" 48
  50 "ValveBiped.Bip01_R_Finger0" 37
  51 "ValveBiped.Bip01_R_Finger01" 50
  52 "ValveBiped.Bip01_R_Finger02" 51
  53 "ValveBiped.Annabelle_Null" 37
end
skeleton
  time 0
    0 -0.100008 -0.070310 38.422382 1.536289 -0.002190 -0.072471   # pos: anim   rot: anim
    1 3.890452 -0.000004 -0.000003 -1.848767 0.041806 -1.590296   # pos: pos   rot: anim
    2 17.848177 0.000000 0.000000 0.000000 0.000000 0.196074   # pos: pos   rot: anim
    3 15.634601 0.000000 0.000000 0.011419 0.010838 -1.093346   # pos: anim   rot: anim
    4 7.336499 0.000000 0.000000 -0.006964 -0.003287 -0.673371   # pos: anim   rot: anim
    5 -3.890452 0.000007 0.000007 -1.453812 0.055763 -1.611680   # pos: pos   rot: anim
    6 17.848175 0.000000 0.000000 0.000000 0.000000 0.100338   # pos: pos   rot: anim
    7 15.634605 0.000000 0.000000 0.023110 -0.061818 -1.011132   # pos: anim   rot: anim
    8 7.336500 0.000000 0.000000 -0.080998 -0.003287 -0.673375   # pos: anim   rot: anim
    9 0.003911 3.345128 -2.981901 1.570796 0.086293 1.568608   # pos: anim   rot: anim
    10 4.018333 0.000000 0.000000 0.035019 0.007922 -0.068773   # pos: pos   rot: anim
    11 3.518565 0.000000 0.000000 0.027453 0.006292 0.139465   # pos: pos   rot: anim
    12 8.942640 0.000001 0.000000 -0.030597 0.051342 0.235898   # pos: pos   rot: anim
    13 3.307229 0.000018 0.000000 3.141590 0.000000 0.400478   # pos: pos   rot: rot
    14 3.593713 0.000002 0.000000 0.020474 0.049761 0.479978   # pos: pos   rot: anim
    15 2.033434 1.000746 1.937661 1.165502 -1.300374 3.367688   # pos: pos   rot: anim
    16 6.028152 0.000003 0.000000 -1.479921 0.012695 -1.210747   # pos: pos   rot: anim
    17 11.692552 0.000000 -0.000001 0.000000 0.000000 -0.089406   # pos: pos   rot: anim
    18 11.481670 0.000000 0.000000 1.893185 0.002268 0.320484   # pos: pos   rot: anim
    19 4.082367 0.064632 -1.453701 -0.132979 0.029839 -0.983615   # pos: anim   rot: anim
    20 1.019585 0.000001 0.000001 -0.152426 0.299812 -0.936183   # pos: anim   rot: anim
    21 0.944213 0.000000 0.000000 -0.152420 0.299804 -0.936170   # pos: anim   rot: anim
    22 4.137645 0.074117 -0.529102 -0.041556 0.068546 -0.975563   # pos: anim   rot: anim
    23 1.222677 -0.000001 0.000000 -0.093156 0.179147 -0.957431   # pos: anim   rot: anim
    24 1.157258 0.000001 0.000000 -0.093156 0.179148 -0.957415   # pos: anim   rot: anim
    25 4.008693 -0.074116 0.529102 0.114941 0.063680 -0.976463   # pos: anim   rot: anim
    26 1.426597 -0.000001 0.000000 -0.029686 0.056498 -0.967556   # pos: anim   rot: anim
    27 1.322468 -0.000002 0.000000 -0.029686 0.056499 -0.967548   # pos: anim   rot: anim
    28 4.035646 -0.040289 1.535597 0.328347 0.063673 -0.976445   # pos: anim   rot: anim
    29 1.242852 0.000000 0.000000 0.062392 -0.119199 -0.963714   # pos: anim   rot: anim
    30 1.134824 0.000000 0.000000 0.062392 -0.119203 -0.963716   # pos: anim   rot: anim
    31 1.083400 -0.302045 1.946277 -1.269021 -0.549808 -0.692242   # pos: anim   rot: anim
    32 1.164764 0.000000 0.000001 0.003370 0.026658 0.251694   # pos: anim   rot: anim
    33 1.206993 0.000000 0.000000 0.000000 0.000001 0.000014   # pos: pos   rot: anim
    34 2.033441 1.000749 -1.937609 -1.461294 1.261595 3.146374   # pos: pos   rot: anim
    35 6.028154 -0.000003 0.000000 1.196321 0.184548 -0.989296   # pos: pos   rot: anim
    36 11.692548 0.000000 0.000001 0.000000 0.000000 -0.089396   # pos: pos   rot: anim
    37 11.481699 0.000000 0.000000 -1.740021 -0.089390 0.324290   # pos: pos   rot: anim
    38 4.082335 0.078375 1.450928 0.410173 -0.260810 -0.745696   # pos: anim   rot: anim
    39 1.019584 0.000001 0.000000 0.082430 -0.261838 -0.607018   # pos: anim   rot: anim
    40 0.944214 0.000000 0.000000 0.205128 -0.375116 -0.993826   # pos: anim   rot: anim
    41 4.137612 0.077673 0.528702 0.101452 -0.342391 -0.531327   # pos: anim   rot: anim
    42 1.222679 0.000000 0.000000 0.051546 -0.155709 -0.638351   # pos: anim   rot: anim
    43 1.157262 0.000001 0.000000 0.193935 -0.249762 -1.318455   # pos: anim   rot: anim
    44 4.008660 -0.077672 -0.528702 -0.216573 -0.173838 -0.389805   # pos: anim   rot: anim
    45 1.426599 0.000002 0.000000 0.029446 -0.067094 -0.826936   # pos: anim   rot: anim
    46 1.322465 -0.000001 0.000000 0.029446 -0.067092 -0.826945   # pos: anim   rot: anim
    47 4.035616 -0.051278 -1.538320 -0.385159 -0.033173 -0.308132   # pos: anim   rot: anim
    48 1.242848 0.000000 0.000000 -0.021800 0.075386 -0.562736   # pos: anim   rot: anim
    49 1.134823 0.000001 0.000000 -0.020506 0.073305 -0.545338   # pos: anim   rot: anim
    50 1.083369 -0.316865 -1.943353 1.056174 0.100072 -1.187505   # pos: anim   rot: anim
    51 1.164765 0.000000 0.000000 0.016659 0.092788 0.355088   # pos: anim   rot: anim
    52 1.206997 0.000000 0.000000 0.015880 0.090669 0.346594   # pos: pos   rot: anim
    53 3.202716 -1.851487 0.187593 0.000000 0.000000 0.000000   # pos: pos   rot: rot
  time 1
    0 0.060153 -0.070310 38.328629 1.536289 -0.002494 -0.081498   # pos: anim   rot: anim
    1 3.890452 -0.000004 -0.000003 -1.849246 0.034905 -1.593923   # pos: pos   rot: anim
    2 17.848177 0.000000 0.000000 0.000000 0.000000 0.214169   # pos: pos   rot: anim
    3 15.634601 0.000000 0.000000 0.009824 0.001014 -1.113161   # pos: anim   rot: anim
    4 7.336499 0.000000 0.000000 -0.006964 -0.003287 -0.673371   # pos: anim   rot: anim
    5 -3.890452 0.000007 0.000007 -1.446294 0.044236 -1.626364   # pos: pos   rot: anim
    6 17.848175 0.000000 0.000000 0.000000 0.000000 0.169497   # pos: pos   rot: anim
    7 15.634605 0.000000 0.000000 0.074920 -0.022491 -1.042777   # pos: anim   rot: anim
    8 7.336500 0.000000 0.000000 -0.080998 -0.003287 -0.673375   # pos: anim   rot: anim
    9 0.003911 3.345128 -2.981901 1.566602 0.086344 1.571940   # pos: anim   rot: anim
    10 4.018333 0.000000 0.000000 0.008976 0.007023 -0.065568   # pos: pos   rot: anim
    11 3.518565 0.000000 0.000000 0.018727 0.006879 0.152910   # pos: pos   rot: anim
    12 8.942640 0.000001 0.000000 -0.047938 0.058461 0.243820   # pos: pos   rot: anim
    13 3.307229 0.000018 0.000000 3.141590 0.000000 0.400478   # pos: pos   rot: rot
    14 3.593713 0.000002 0.000000 0.087364 0.068884 0.505590   # pos: pos   rot: anim
    15 2.033434 1.000746 1.937661 1.242114 -1.293346 3.291807   # pos: pos   rot: anim
    16 6.028152 0.000003 0.000000 -1.466540 -0.069499 -1.183463   # pos: pos   rot: anim
    17 11.692552 0.000000 -0.000001 0.000000 0.000000 -0.089406   # pos: pos   rot: anim
    18 11.481670 0.000000 0.000000 1.869905 0.024899 0.251660   # pos: pos   rot: anim
    19 4.082367 0.064632 -1.453701 -0.136444 0.023104 -0.942544   # pos: anim   rot: anim
    20 1.019585 0.000001 0.000001 -0.161884 0.306236 -0.967879   # pos: anim   rot: anim
    21 0.944213 0.000000 0.000000 -0.145589 0.294878 -0.912849   # pos: anim   rot: anim
    22 4.137645 0.074117 -0.529102 -0.039075 0.061715 -0.937414   # pos: anim   rot: anim
    23 1.222677 -0.000001 0.000000 -0.096955 0.181724 -0.978591   # pos: anim   rot: anim
    24 1.157258 0.000001 0.000000 -0.087595 0.175169 -0.925865   # pos: anim   rot: anim
    25 4.008693 -0.074116 0.529102 0.117110 0.056981 -0.940546   # pos: anim   rot: anim
    26 1.426597 -0.000001 0.000000 -0.031100 0.057445 -0.992260   # pos: anim   rot: anim
    27 1.322468 -0.000002 0.000000 -0.028128 0.055385 -0.939518   # pos: anim   rot: anim
    28 4.035646 -0.040289 1.535597 0.329401 0.060509 -0.959394   # pos: anim   rot: anim
    29 1.242852 0.000000 0.000000 0.062344 -0.119163 -0.963349   # pos: anim   rot: anim
    30 1.134824 0.000000 0.000000 0.060810 -0.118101 -0.950418   # pos: anim   rot: anim
    31 1.083400 -0.302045 1.946277 -1.251374 -0.532682 -0.719082   # pos: anim   rot: anim
    32 1.164764 0.000000 0.000001 0.003370 0.026658 0.251694   # pos: anim   rot: anim
    33 1.206993 0.000000 0.000000 0.000000 0.000001 0.000014   # pos: pos   rot: anim
    34 2.033441 1.000749 -1.937609 -1.403054 1.298608 3.204126   # pos: pos   rot: anim
    35 6.028154 -0.000003 0.000000 1.125434 0.202687 -1.024247   # pos: pos   rot: anim
    36 11.692548 0.000000 0.000001 0.000000 0.000000 -0.089396   # pos: pos   rot: anim
    37 11.481699 0.000000 0.000000 -1.703833 -0.089325 0.335525   # pos: pos   rot: anim
    38 4.082335 0.078375 1.450928 0.410338 -0.239872 -0.746379   # pos: anim   rot: anim
    39 1.019584 0.000001 0.000000 0.082430 -0.261838 -0.607018   # pos: anim   rot: anim
    40 0.944214 0.000000 0.000000 0.205128 -0.375116 -0.993826   # pos: anim   rot: anim
    41 4.137612 0.077673 0.528702 0.107432 -0.328033 -0.544800   # pos: anim   rot: anim
    42 1.222679 0.000000 0.000000 0.051546 -0.155709 -0.638351   # pos: anim   rot: anim
    43 1.157262 0.000001 0.000000 0.193935 -0.249762 -1.318455   # pos: anim   rot: anim
    44 4.008660 -0.077672 -0.528702 -0.210533 -0.165725 -0.411525   # pos: anim   rot: anim
    45 1.426599 0.000002 0.000000 0.028811 -0.066495 -0.817422   # pos: anim   rot: anim
    46 1.322465 -0.000001 0.000000 0.032239 -0.069549 -0.867880   # pos: anim   rot: anim
    47 4.035616 -0.051278 -1.538320 -0.383518 -0.016790 -0.295096   # pos: anim   rot: anim
    48 1.242848 0.000000 0.000000 -0.021692 0.075218 -0.561308   # pos: anim   rot: anim
    49 1.134823 0.000001 0.000000 -0.022423 0.076361 -0.570957   # pos: anim   rot: anim
    50 1.083369 -0.316865 -1.943353 1.056174 0.100072 -1.187505   # pos: anim   rot: anim
    51 1.164765 0.000000 0.000000 0.016659 0.092788 0.355088   # pos: anim   rot: anim
    52 1.206997 0.000000 0.000000 0.015880 0.090669 0.346594   # pos: pos   rot: anim
    53 3.202716 -1.851487 0.187593 0.000000 0.000000 0.000000   # pos: pos   rot: rot
  time 2
    0 0.251565 -0.070310 38.234876 1.536289 -0.002828 -0.090525   # pos: anim   rot: anim
    1 3.890452 -0.000004 -0.000003 -1.849534 0.018657 -1.595737   # pos: pos   rot: anim
    2 17.848177 0.000000 0.000000 0.000000 0.000000 0.251268   # pos: pos   rot: anim
    3 15.634601 0.000000 0.000000 0.008891 -0.009630 -1.138651   # pos: anim   rot: anim
    4 7.336499 0.000000 0.000000 -0.006964 -0.003287 -0.673371   # pos: anim   rot: anim
    5 -3.890452 0.000007 0.000007 -1.437595 0.032755 -1.642756   # pos: pos   rot: anim
    6 17.848175 0.000000 0.000000 0.000000 0.000000 0.244831   # pos: pos   rot: anim
    7 15.634605 0.000000 0.000000 0.134156 0.020565 -1.073382   # pos: anim   rot: anim
    8 7.336500 0.000000 0.000000 -0.080998 -0.003287 -0.673375   # pos: anim   rot: anim
    9 0.003911 3.345128 -2.981901 1.562195 0.086462 1.577060   # pos: anim   rot: anim
    10 4.018333 0.000000 0.000000 -0.018660 0.006088 -0.062231   # pos: pos   rot: anim
    11 3.518565 0.000000 0.000000 0.009642 0.008425 0.166822   # pos: pos   rot: anim
    12 8.942640 0.000001 0.000000 -0.066251 0.067329 0.251766   # pos: pos   rot: anim
    13 3.307229 0.000018 0.000000 3.141590 0.000000 0.400478   # pos: pos   rot: rot
    14 3.593713 0.000002 0.000000 0.157404 0.091312 0.533711   # pos: pos   rot: anim
    15 2.033434 1.000746 1.937661 1.313172 -1.285023 3.221578   # pos: pos   rot: anim
    16 6.028152 0.000003 0.000000 -1.453349 -0.152768 -1.151787   # pos: pos   rot: anim
    17 11.692552 0.000000 -0.000001 0.000000 0.000000 -0.089406   # pos: pos   rot: anim
    18 11.481670 0.000000 0.000000 1.856805 0.047567 0.172856   # pos: pos   rot: anim
    19 4.082367 0.064632 -1.453701 -0.140115 0.016644 -0.902321   # pos: anim   rot: anim
    20 1.019585 0.000001 0.000001 -0.171380 0.312252 -0.999065   # pos: anim   rot: anim
    21 0.944213 0.000000 0.000000 -0.139021 0.289905 -0.890090   # pos: anim   rot: anim
    22 4.137645 0.074117 -0.529102 -0.036894 0.054932 -0.900082   # pos: anim   rot: anim
    23 1.222677 -0.000001 0.000000 -0.100731 0.184169 -0.999377   # pos: anim   rot: anim
    24 1.157258 0.000001 0.000000 -0.082274 0.171094 -0.895015   # pos: anim   rot: anim
    25 4.008693 -0.074116 0.529102 0.118991 0.050353 -0.905404   # pos: anim   rot: anim
    26 1.426597 -0.000001 0.000000 -0.032490 0.058332 -1.016452   # pos: anim   rot: anim
    27 1.322468 -0.000002 0.000000 -0.026618 0.054258 -0.912069   # pos: anim   rot: anim
    28 4.035646 -0.040289 1.535597 0.330384 0.057381 -0.942695   # pos: anim   rot: anim
    29 1.242852 0.000000 0.000000 0.062308 -0.119140 -0.962984   # pos: anim   rot: anim
    30 1.134824 0.000000 0.000000 0.059288 -0.116998 -0.937367   # pos: anim   rot: anim
    31 1.083400 -0.302045 1.946277 -1.234752 -0.515531 -0.744672   # pos: anim   rot: anim
    32 1.164764 0.000000 0.000001 0.003370 0.026658 0.251694   # pos: anim   rot: anim
    33 1.206993 0.000000 0.000000 0.000000 0.000001 0.000014   # pos: pos   rot: anim
    34 2.033441 1.000749 -1.937609 -1.322378 1.337229 3.284766   # pos: pos   rot: anim
    35 6.028154 -0.000003 0.000000 1.061732 0.101106 -0.993770   # pos: pos   rot: anim
    36 11.692548 0.000000 0.000001 0.000000 0.000000 -0.361439   # pos: pos   rot: anim
    37 11.481699 0.000000 0.000000 -1.666182 -0.089654 0.302205   # pos: pos   rot: anim
    38 4.082335 0.078375 1.450928 0.410476 -0.218037 -0.746994   # pos: anim   rot: anim
    39 1.019584 0.000001 0.000000 0.082430 -0.261838 -0.607018   # pos: anim   rot: anim
    40 0.944214 0.000000 0.000000 0.205128 -0.375116 -0.993826   # pos: anim   rot: anim
    41 4.137612 0.077673 0.528702 0.113436 -0.312969 -0.558694   # pos: anim   rot: anim
    42 1.222679 0.000000 0.000000 0.051546 -0.155709 -0.638351   # pos: anim   rot: anim
    43 1.157262 0.000001 0.000000 0.193935 -0.249762 -1.318455   # pos: anim   rot: anim
    44 4.008660 -0.077672 -0.528702 -0.204433 -0.157144 -0.434081   # pos: anim   rot: anim
    45 1.426599 0.000002 0.000000 0.028152 -0.065884 -0.807486   # pos: anim   rot: anim
    46 1.322465 -0.000001 0.000000 0.035259 -0.071994 -0.910635   # pos: anim   rot: anim
    47 4.035616 -0.051278 -1.538320 -0.381588 0.000264 -0.281488   # pos: anim   rot: anim
    48 1.242848 0.000000 0.000000 -0.021572 0.075038 -0.559815   # pos: anim   rot: anim
    49 1.134823 0.000001 0.000000 -0.024496 0.079501 -0.597644   # pos: anim   rot: anim
    50 1.083369 -0.316865 -1.943353 1.056174 0.100072 -1.187505   # pos: anim   rot: anim
    51 1.164765 0.000000 0.000000 0.016659 0.092788 0.355088   # pos: anim   rot: anim
    52 1.206997 0.000000 0.000000 0.015880 0.090669 0.346594   # pos: pos   rot: anim
    53 3.202716 -1.851487 0.187593 0.000000 0.000000 0.000000   # pos: pos   rot: rot
  time 3
    0 0.427352 -0.070310 38.141123 1.536289 -0.003133 -0.099552   # pos: anim   rot: anim
    1 3.890452 -0.000004 -0.000003 -1.849630 -0.002437 -1.595737   # pos: pos   rot: anim
    2 17.848177 0.000000 0.000000 0.000000 0.000000 0.297907   # pos: pos   rot: anim
    3 15.634601 0.000000 0.000000 0.007493 -0.020196 -1.164993   # pos: anim   rot: anim
    4 7.336499 0.000000 0.000000 -0.006964 -0.003287 -0.673371   # pos: anim   rot: anim
    5 -3.890452 0.000007 0.000007 -1.429317 0.022367 -1.657983   # pos: pos   rot: anim
    6 17.848175 0.000000 0.000000 0.000000 0.000000 0.314965   # pos: pos   rot: anim
    7 15.634605 0.000000 0.000000 0.190302 0.059109 -1.098453   # pos: anim   rot: anim
    8 7.336500 0.000000 0.000000 -0.080998 -0.003287 -0.673375   # pos: anim   rot: anim
    9 0.003911 3.345128 -2.981901 1.557788 0.086615 1.582629   # pos: anim   rot: anim
    10 4.018333 0.000000 0.000000 -0.046704 0.005225 -0.058844   # pos: pos   rot: anim
    11 3.518565 0.000000 0.000000 0.000491 0.010295 0.180822   # pos: pos   rot: anim
    12 8.942640 0.000001 0.000000 -0.084755 0.076737 0.259568   # pos: pos   rot: anim
    13 3.307229 0.000018 0.000000 3.141590 0.000000 0.400478   # pos: pos   rot: rot
    14 3.593713 0.000002 0.000000 0.228668 0.113509 0.563891   # pos: pos   rot: anim
    15 2.033434 1.000746 1.937661 1.379633 -1.275364 3.156139   # pos: pos   rot: anim
    16 6.028152 0.000003 0.000000 -1.441784 -0.235402 -1.116187   # pos: pos   rot: anim
    17 11.692552 0.000000 -0.000001 0.000000 0.000000 -0.089406   # pos: pos   rot: anim
    18 11.481670 0.000000 0.000000 1.844652 0.069752 0.091328   # pos: pos   rot: anim
    19 4.082367 0.064632 -1.453701 -0.144004 0.010376 -0.862288   # pos: anim   rot: anim
    20 1.019585 0.000001 0.000001 -0.181031 0.317957 -1.030211   # pos: anim   rot: anim
    21 0.944213 0.000000 0.000000 -0.132621 0.284811 -0.867505   # pos: anim   rot: anim
    22 4.137645 0.074117 -0.529102 -0.034988 0.048112 -0.862973   # pos: anim   rot: anim
    23 1.222677 -0.000001 0.000000 -0.104542 0.186518 -1.020050   # pos: anim   rot: anim
    24 1.157258 0.000001 0.000000 -0.077121 0.166888 -0.864347   # pos: anim   rot: anim
    25 4.008693 -0.074116 0.529102 0.120633 0.043702 -0.870439   # pos: anim   rot: anim
    26 1.426597 -0.000001 0.000000 -0.033904 0.059183 -1.040498   # pos: anim   rot: anim
    27 1.322468 -0.000002 0.000000 -0.025156 0.053096 -0.884800   # pos: anim   rot: anim
    28 4.035646 -0.040289 1.535597 0.331319 0.054265 -0.926091   # pos: anim   rot: anim
    29 1.242852 0.000000 0.000000 0.062260 -0.119104 -0.962618   # pos: anim   rot: anim
    30 1.134824 0.000000 0.000000 0.057778 -0.115884 -0.924422   # pos: anim   rot: anim
    31 1.083400 -0.302045 1.946277 -1.218863 -0.498099 -0.769674   # pos: anim   rot: anim
    32 1.164764 0.000000 0.000001 0.003370 0.026658 0.251694   # pos: anim   rot: anim
    33 1.206993 0.000000 0.000000 0.000000 0.000001 0.000014   # pos: pos   rot: anim
    34 2.033441 1.000749 -1.937609 -1.209527 1.374365 3.398257   # pos: pos   rot: anim
    35 6.028154 -0.000003 0.000000 0.995281 0.031364 -0.962267   # pos: pos   rot: anim
    36 11.692548 0.000000 0.000001 0.000000 0.000000 -0.579194   # pos: pos   rot: anim
    37 11.481699 0.000000 0.000000 -1.628132 -0.090509 0.314244   # pos: pos   rot: anim
    38 4.082335 0.078375 1.450928 0.410614 -0.195973 -0.747677   # pos: anim   rot: anim
    39 1.019584 0.000001 0.000000 0.082430 -0.261838 -0.607018   # pos: anim   rot: anim
    40 0.944214 0.000000 0.000000 0.205128 -0.375116 -0.993826   # pos: anim   rot: anim
    41 4.137612 0.077673 0.528702 0.119249 -0.297676 -0.572588   # pos: anim   rot: anim
    42 1.222679 0.000000 0.000000 0.051546 -0.155709 -0.638351   # pos: anim   rot: anim
    43 1.157262 0.000001 0.000000 0.193935 -0.249762 -1.318455   # pos: anim   rot: anim
    44 4.008660 -0.077672 -0.528702 -0.198488 -0.148335 -0.456786   # pos: anim   rot: anim
    45 1.426599 0.000002 0.000000 0.027493 -0.065248 -0.797443   # pos: anim   rot: anim
    46 1.322465 -0.000001 0.000000 0.038423 -0.074331 -0.953812   # pos: anim   rot: anim
    47 4.035616 -0.051278 -1.538320 -0.379395 0.017474 -0.267724   # pos: anim   rot: anim
    48 1.242848 0.000000 0.000000 -0.021464 0.074858 -0.558322   # pos: anim   rot: anim
    49 1.134823 0.000001 0.000000 -0.026690 0.082605 -0.624664   # pos: anim   rot: anim
    50 1.083369 -0.316865 -1.943353 1.056174 0.100072 -1.187505   # pos: anim   rot: anim
    51 1.164765 0.000000 0.000000 0.016659 0.092788 0.355088   # pos: anim   rot: anim
    52 1.206997 0.000000 0.000000 0.015880 0.090669 0.346594   # pos: pos   rot: anim
    53 3.202716 -1.851487 0.187593 0.000000 0.000000 0.000000   # pos: pos   rot: rot
  time 4
    0 0.536730 -0.070310 38.047370 1.536289 -0.003437 -0.108674   # pos: anim   rot: anim
    1 3.890452 -0.000004 -0.000003 -1.849438 -0.025096 -1.593446   # pos: pos   rot: anim
    2 17.848177 0.000000 0.000000 0.000000 0.000000 0.347499   # pos: pos   rot: anim
    3 15.634601 0.000000 0.000000 0.004499 -0.029903 -1.189206   # pos: anim   rot: anim
    4 7.336499 0.000000 0.000000 -0.006964 -0.003287 -0.673371   # pos: anim   rot: anim
    5 -3.890452 0.000007 0.000007 -1.422982 0.015168 -1.669171   # pos: pos   rot: anim
    6 17.848175 0.000000 0.000000 0.000000 0.000000 0.366325   # pos: pos   rot: anim
    7 15.634605 0.000000 0.000000 0.232367 0.086465 -1.114819   # pos: anim   rot: anim
    8 7.336500 0.000000 0.000000 -0.080998 -0.003287 -0.673375   # pos: anim   rot: anim
    9 0.003911 3.345128 -2.981901 1.553435 0.086784 1.587302   # pos: anim   rot: anim
    10 4.018333 0.000000 0.000000 -0.073957 0.004518 -0.055491   # pos: pos   rot: anim
    11 3.518565 0.000000 0.000000 -0.008435 0.011877 0.194588   # pos: pos   rot: anim
    12 8.942640 0.000001 0.000000 -0.102708 0.085474 0.267166   # pos: pos   rot: anim
    13 3.307229 0.000018 0.000000 3.141590 0.000000 0.400478   # pos: pos   rot: rot
    14 3.593713 0.000002 0.000000 0.298971 0.132188 0.595036   # pos: pos   rot: anim
    15 2.033434 1.000746 1.937661 1.442455 -1.264449 3.094629   # pos: pos   rot: anim
    16 6.028152 0.000003 0.000000 -1.433086 -0.315640 -1.076942   # pos: pos   rot: anim
    17 11.692552 0.000000 -0.000001 0.000000 0.000000 -0.089406   # pos: pos   rot: anim
    18 11.481670 0.000000 0.000000 1.824844 0.089633 0.013997   # pos: pos   rot: anim
    19 4.082367 0.064632 -1.453701 -0.148186 0.004204 -0.821791   # pos: anim   rot: anim
    20 1.019585 0.000001 0.000001 -0.190990 0.323434 -1.061789   # pos: anim   rot: anim
    21 0.944213 0.000000 0.000000 -0.126282 0.279538 -0.844746   # pos: anim   rot: anim
    22 4.137645 0.074117 -0.529102 -0.033310 0.041149 -0.825492   # pos: anim   rot: anim
    23 1.222677 -0.000001 0.000000 -0.108449 0.188819 -1.040948   # pos: anim   rot: anim
    24 1.157258 0.000001 0.000000 -0.072051 0.162490 -0.833436   # pos: anim   rot: anim
    25 4.008693 -0.074116 0.529102 0.122060 0.036919 -0.835177   # pos: anim   rot: anim
    26 1.426597 -0.000001 0.000000 -0.035355 0.060010 -1.064837   # pos: anim   rot: anim
    27 1.322468 -0.000002 0.000000 -0.023706 0.051873 -0.857206   # pos: anim   rot: anim
    28 4.035646 -0.040289 1.535597 0.332194 0.051101 -0.909327   # pos: anim   rot: anim
    29 1.242852 0.000000 0.000000 0.062212 -0.119080 -0.962253   # pos: anim   rot: anim
    30 1.134824 0.000000 0.000000 0.056280 -0.114745 -0.911336   # pos: anim   rot: anim
    31 1.083400 -0.302045 1.946277 -1.203486 -0.480157 -0.794235   # pos: anim   rot: anim
    32 1.164764 0.000000 0.000001 0.003370 0.026658 0.251694   # pos: anim   rot: anim
    33 1.206993 0.000000 0.000000 0.000000 0.000001 0.000014   # pos: pos   rot: anim
    34 2.033441 1.000749 -1.937609 -1.053235 1.406714 3.555899   # pos: pos   rot: anim
    35 6.028154 -0.000003 0.000000 0.932289 -0.010690 -0.931604   # pos: pos   rot: anim
    36 11.692548 0.000000 0.000001 0.000000 0.000000 -0.752361   # pos: pos   rot: anim
    37 11.481699 0.000000 0.000000 -1.590947 -0.091924 0.326131   # pos: pos   rot: anim
    38 4.082335 0.078375 1.450928 0.410724 -0.174353 -0.748291   # pos: anim   rot: anim
    39 1.019584 0.000001 0.000000 0.082430 -0.261838 -0.607018   # pos: anim   rot: anim
    40 0.944214 0.000000 0.000000 0.205128 -0.375116 -0.993826   # pos: anim   rot: anim
    41 4.137612 0.077673 0.528702 0.124702 -0.282636 -0.586008   # pos: anim   rot: anim
    42 1.222679 0.000000 0.000000 0.051546 -0.155697 -0.638351   # pos: anim   rot: anim
    43 1.157262 0.000001 0.000000 0.193935 -0.249762 -1.318455   # pos: anim   rot: anim
    44 4.008660 -0.077672 -0.528702 -0.192867 -0.139574 -0.478949   # pos: anim   rot: anim
    45 1.426599 0.000002 0.000000 0.026857 -0.064613 -0.787613   # pos: anim   rot: anim
    46 1.322465 -0.000001 0.000000 0.041611 -0.076488 -0.996143   # pos: anim   rot: anim
    47 4.035616 -0.051278 -1.538320 -0.377022 0.034288 -0.254168   # pos: anim   rot: anim
    48 1.242848 0.000000 0.000000 -0.021356 0.074690 -0.556862   # pos: anim   rot: anim
    49 1.134823 0.000001 0.000000 -0.028907 0.085590 -0.651117   # pos: anim   rot: anim
    50 1.083369 -0.316865 -1.943353 1.056174 0.100072 -1.187505   # pos: anim   rot: anim
    51 1.164765 0.000000 0.000000 0.016659 0.092788 0.355088   # pos: anim   rot: anim
    52 1.206997 0.000000 0.000000 0.015880 0.090669 0.346594   # pos: pos   rot: anim
    53 3.202716 -1.851487 0.187593 0.000000 0.000000 0.000000   # pos: pos   rot: rot
  time 5
    0 0.540637 -0.070310 37.953617 1.536289 -0.003741 -0.117702   # pos: anim   rot: anim
    1 3.890452 -0.000004 -0.000003 -1.848959 -0.046826 -1.588387   # pos: pos   rot: anim
    2 17.848177 0.000000 0.000000 0.000000 0.000000 0.395198   # pos: pos   rot: anim
    3 15.634601 0.000000 0.000000 -0.001218 -0.037930 -1.209778   # pos: anim   rot: anim
    4 7.336499 0.000000 0.000000 -0.006964 -0.003287 -0.673371   # pos: anim   rot: anim
    5 -3.890452 0.000007 0.000007 -1.420448 0.013255 -1.673366   # pos: pos   rot: anim
    6 17.848175 0.000000 0.000000 0.000000 0.000000 0.385098   # pos: pos   rot: anim
    7 15.634605 0.000000 0.000000 0.248915 0.096888 -1.120307   # pos: anim   rot: anim
    8 7.336500 0.000000 0.000000 -0.080998 -0.003287 -0.673375   # pos: anim   rot: anim
    9 0.003911 3.345128 -2.981901 1.549240 0.086885 1.589838   # pos: anim   rot: anim
    10 4.018333 0.000000 0.000000 -0.099208 0.004015 -0.052270   # pos: pos   rot: anim
    11 3.518565 0.000000 0.000000 -0.016936 0.012524 0.207787   # pos: pos   rot: anim
    12 8.942640 0.000001 0.000000 -0.119331 0.092329 0.274501   # pos: pos   rot: anim
    13 3.307229 0.000018 0.000000 3.141590 0.000000 0.400478   # pos: pos   rot: rot
    14 3.593713 0.000002 0.000000 0.365948 0.144308 0.625538   # pos: pos   rot: anim
    15 2.033434 1.000746 1.937661 1.502404 -1.252081 3.036281   # pos: pos   rot: anim
    16 6.028152 0.000003 0.000000 -1.427829 -0.391624 -1.034801   # pos: pos   rot: anim
    17 11.692552 0.000000 -0.000001 0.000000 0.000000 -0.089406   # pos: pos   rot: anim
    18 11.481670 0.000000 0.000000 1.789411 0.104386 -0.052470   # pos: pos   rot: anim
    19 4.082367 0.064632 -1.453701 -0.152749 -0.001956 -0.780202   # pos: anim   rot: anim
    20 1.019585 0.000001 0.000001 -0.201400 0.328731 -1.094309   # pos: anim   rot: anim
    21 0.944213 0.000000 0.000000 -0.119918 0.273977 -0.821460   # pos: anim   rot: anim
    22 4.137645 0.074117 -0.529102 -0.031872 0.033947 -0.787096   # pos: anim   rot: anim
    23 1.222677 -0.000001 0.000000 -0.112499 0.191096 -1.062444   # pos: anim   rot: anim
    24 1.157258 0.000001 0.000000 -0.066994 0.157816 -0.801734   # pos: anim   rot: anim
    25 4.008693 -0.074116 0.529102 0.123270 0.029920 -0.798963   # pos: anim   rot: anim
    26 1.426597 -0.000001 0.000000 -0.036865 0.060813 -1.089797   # pos: anim   rot: anim
    27 1.322468 -0.000002 0.000000 -0.022255 0.050591 -0.828922   # pos: anim   rot: anim
    28 4.035646 -0.040289 1.535597 0.333045 0.047830 -0.892117   # pos: anim   rot: anim
    29 1.242852 0.000000 0.000000 0.062176 -0.119044 -0.961888   # pos: anim   rot: anim
    30 1.134824 0.000000 0.000000 0.054746 -0.113547 -0.897896   # pos: anim   rot: anim
    31 1.083400 -0.302045 1.946277 -1.188402 -0.461398 -0.818942   # pos: anim   rot: anim
    32 1.164764 0.000000 0.000001 0.003370 0.026658 0.251694   # pos: anim   rot: anim
    33 1.206993 0.000000 0.000000 0.000000 0.000001 0.000014   # pos: pos   rot: anim
    34 2.033441 1.000749 -1.937609 -0.849492 1.430811 3.761141   # pos: pos   rot: anim
    35 6.028154 -0.000003 0.000000 0.877815 -0.035895 -0.899262   # pos: pos   rot: anim
    36 11.692548 0.000000 0.000001 0.000000 0.000000 -0.905526   # pos: pos   rot: anim
    37 11.481699 0.000000 0.000000 -1.555890 -0.093931 0.337519   # pos: pos   rot: anim
    38 4.082335 0.078375 1.450928 0.410835 -0.153883 -0.748838   # pos: anim   rot: anim
    39 1.019584 0.000001 0.000000 0.082430 -0.261838 -0.607018   # pos: anim   rot: anim
    40 0.944214 0.000000 0.000000 0.205128 -0.375116 -0.993826   # pos: anim   rot: anim
    41 4.137612 0.077673 0.528702 0.129652 -0.268302 -0.598639   # pos: anim   rot: anim
    42 1.222679 0.000000 0.000000 0.051546 -0.155709 -0.638351   # pos: anim   rot: anim
    43 1.157262 0.000001 0.000000 0.193935 -0.249762 -1.318455   # pos: anim   rot: anim
    44 4.008660 -0.077672 -0.528702 -0.187714 -0.131161 -0.499930   # pos: anim   rot: anim
    45 1.426599 0.000002 0.000000 0.026258 -0.064014 -0.778310   # pos: anim   rot: anim
    46 1.322465 -0.000001 0.000000 0.044715 -0.078406 -1.036275   # pos: anim   rot: anim
    47 4.035616 -0.051278 -1.538320 -0.374553 0.050192 -0.241288   # pos: anim   rot: anim
    48 1.242848 0.000000 0.000000 -0.021249 0.074523 -0.555467   # pos: anim   rot: anim
    49 1.134823 0.000001 0.000000 -0.031088 0.088370 -0.676203   # pos: anim   rot: anim
    50 1.083369 -0.316865 -1.943353 1.056174 0.100072 -1.187505   # pos: anim   rot: anim
    51 1.164765 0.000000 0.000000 0.016659 0.092788 0.355088   # pos: anim   rot: anim
    52 1.206997 0.000000 0.000000 0.015880 0.090669 0.346594   # pos: pos   rot: anim
    53 3.202716 -1.851487 0.187593 0.000000 0.000000 0.000000   # pos: pos   rot: rot
  time 6
    0 0.431258 -0.070310 37.859865 1.536289 -0.004075 -0.126729   # pos: anim   rot: anim
    1 3.890452 -0.000004 -0.000003 -1.848096 -0.065326 -1.581228   # pos: pos   rot: anim
    2 17.848177 0.000000 0.000000 0.000000 0.000000 0.436462   # pos: pos   rot: anim
    3 15.634601 0.000000 0.000000 -0.009536 -0.044296 -1.225952   # pos: anim   rot: anim
    4 7.336499 0.000000 0.000000 -0.006964 -0.003287 -0.673371   # pos: anim   rot: anim
    5 -3.890452 0.000007 0.000007 -1.417154 0.025602 -1.672667   # pos: pos   rot: anim
    6 17.848175 0.000000 0.000000 0.000000 0.000000 0.372095   # pos: pos   rot: anim
    7 15.634605 0.000000 0.000000 0.259232 0.112198 -1.130666   # pos: anim   rot: anim
    8 7.336500 0.000000 0.000000 -0.080998 -0.003287 -0.673375   # pos: anim   rot: anim
    9 0.003911 3.345128 -2.981901 1.545364 0.086902 1.588992   # pos: anim   rot: anim
    10 4.018333 0.000000 0.000000 -0.121260 0.003787 -0.049298   # pos: pos   rot: anim
    11 3.518565 0.000000 0.000000 -0.024761 0.011577 0.220082   # pos: pos   rot: anim
    12 8.942640 0.000001 0.000000 -0.133928 0.096056 0.281595   # pos: pos   rot: anim
    13 3.307229 0.000018 0.000000 3.141590 0.000000 0.400478   # pos: pos   rot: rot
    14 3.593713 0.000002 0.000000 0.426932 0.147134 0.653241   # pos: pos   rot: anim
    15 2.033434 1.000746 1.937661 1.559959 -1.238182 2.980519   # pos: pos   rot: anim
    16 6.028152 0.000003 0.000000 -1.426491 -0.461838 -0.990792   # pos: pos   rot: anim
    17 11.692552 0.000000 -0.000001 0.000000 0.000000 -0.089406   # pos: pos   rot: anim
    18 11.481670 0.000000 0.000000 1.731093 0.111075 -0.101041   # pos: pos   rot: anim
    19 4.082367 0.064632 -1.453701 -0.157750 -0.008152 -0.736920   # pos: anim   rot: anim
    20 1.019585 0.000001 0.000001 -0.212453 0.333896 -1.128280   # pos: anim   rot: anim
    21 0.944213 0.000000 0.000000 -0.113458 0.268045 -0.797333   # pos: anim   rot: anim
    22 4.137645 0.074117 -0.529102 -0.030662 0.026396 -0.747116   # pos: anim   rot: anim
    23 1.222677 -0.000001 0.000000 -0.116778 0.193373 -1.084800   # pos: anim   rot: anim
    24 1.157258 0.000001 0.000000 -0.061900 0.152782 -0.768815   # pos: anim   rot: anim
    25 4.008693 -0.074116 0.529102 0.124265 0.022585 -0.761350   # pos: anim   rot: anim
    26 1.426597 -0.000001 0.000000 -0.038459 0.061616 -1.115779   # pos: anim   rot: anim
    27 1.322468 -0.000002 0.000000 -0.020793 0.049201 -0.799514   # pos: anim   rot: anim
    28 4.035646 -0.040289 1.535597 0.333871 0.044414 -0.874236   # pos: anim   rot: anim
    29 1.242852 0.000000 0.000000 0.062128 -0.119020 -0.961487   # pos: anim   rot: anim
    30 1.134824 0.000000 0.000000 0.053176 -0.112276 -0.883926   # pos: anim   rot: anim
    31 1.083400 -0.302045 1.946277 -1.173318 -0.441541 -0.844091   # pos: anim   rot: anim
    32 1.164764 0.000000 0.000001 0.003370 0.026658 0.251694   # pos: anim   rot: anim
    33 1.206993 0.000000 0.000000 0.000000 0.000001 0.000014   # pos: pos   rot: anim
    34 2.033441 1.000749 -1.937609 -0.620257 1.444345 3.992241   # pos: pos   rot: anim
    35 6.028154 -0.000003 0.000000 0.835318 -0.047972 -0.866548   # pos: pos   rot: anim
    36 11.692548 0.000000 0.000001 0.000000 0.000000 -1.046209   # pos: pos   rot: anim
    37 11.481699 0.000000 0.000000 -1.524026 -0.096464 0.347986   # pos: pos   rot: anim
    38 4.082335 0.078375 1.450928 0.410917 -0.135199 -0.749384   # pos: anim   rot: anim
    39 1.019584 0.000001 0.000000 0.082430 -0.261838 -0.607018   # pos: anim   rot: anim
    40 0.944214 0.000000 0.000000 0.205128 -0.375116 -0.993826   # pos: anim   rot: anim
    41 4.137612 0.077673 0.528702 0.133990 -0.255179 -0.610059   # pos: anim   rot: anim
    42 1.222679 0.000000 0.000000 0.051546 -0.155709 -0.638351   # pos: anim   rot: anim
    43 1.157262 0.000001 0.000000 0.193935 -0.249762 -1.318455   # pos: anim   rot: anim
    44 4.008660 -0.077672 -0.528702 -0.183184 -0.123395 -0.518941   # pos: anim   rot: anim
    45 1.426599 0.000002 0.000000 0.025719 -0.063463 -0.769818   # pos: anim   rot: anim
    46 1.322465 -0.000001 0.000000 0.047615 -0.080048 -1.072898   # pos: anim   rot: anim
    47 4.035616 -0.051278 -1.538320 -0.372132 0.064681 -0.229502   # pos: anim   rot: anim
    48 1.242848 0.000000 0.000000 -0.021153 0.074367 -0.554201   # pos: anim   rot: anim
    49 1.134823 0.000001 0.000000 -0.033137 0.090863 -0.699087   # pos: anim   rot: anim
    50 1.083369 -0.316865 -1.943353 1.056174 0.100072 -1.187505   # pos: anim   rot: anim
    51 1.164765 0.000000 0.000000 0.016659 0.092788 0.355088   # pos: anim   rot: anim
    52 1.206997 0.000000 0.000000 0.015880 0.090669 0.346594   # pos: pos   rot: anim
    53 3.202716 -1.851487 0.187593 0.000000 0.000000 0.000000   # pos: pos   rot: rot
  time 7
    0 0.255472 -0.070310 37.766112 1.536347 -0.004380 -0.135851   # pos: anim   rot: anim
    1 3.890452 -0.000004 -0.000003 -1.847042 -0.078393 -1.574165   # pos: pos   rot: anim
    2 17.848177 0.000000 0.000000 0.000000 0.000000 0.466822   # pos: pos   rot: anim
    3 15.634601 0.000000 0.000000 -0.019155 -0.049863 -1.237774   # pos: anim   rot: anim
    4 7.336499 0.000000 0.000000 -0.006964 -0.003287 -0.673371   # pos: anim   rot: anim
    5 -3.890452 0.000007 0.000007 -1.409806 0.049977 -1.671735   # pos: pos   rot: anim
    6 17.848175 0.000000 0.000000 0.000000 0.000000 0.348528   # pos: pos   rot: anim
    7 15.634605 0.000000 0.000000 0.281884 0.145912 -1.155027   # pos: anim   rot: anim
    8 7.336500 0.000000 0.000000 -0.080998 -0.003287 -0.673375   # pos: anim   rot: anim
    9 0.003911 3.345128 -2.981901 1.541913 0.086750 1.583524   # pos: anim   rot: anim
    10 4.018333 0.000000 0.000000 -0.138901 0.003871 -0.046675   # pos: pos   rot: anim
    11 3.518565 0.000000 0.000000 -0.031671 0.008377 0.231182   # pos: pos   rot: anim
    12 8.942640 0.000001 0.000000 -0.145745 0.095421 0.288487   # pos: pos   rot: anim
    13 3.307229 0.000018 0.000000 3.141590 0.000000 0.400478   # pos: pos   rot: rot
    14 3.593713 0.000002 0.000000 0.479167 0.138230 0.675828   # pos: pos   rot: anim
    15 2.033434 1.000746 1.937661 1.615502 -1.222477 2.927153   # pos: pos   rot: anim
    16 6.028152 0.000003 0.000000 -1.432799 -0.471813 -0.938185   # pos: pos   rot: anim
    17 11.692552 0.000000 -0.000001 0.000000 0.000000 -0.197335   # pos: pos   rot: anim
    18 11.481670 0.000000 0.000000 1.642786 0.107842 -0.169239   # pos: pos   rot: anim
    19 4.082367 0.064632 -1.453701 -0.163306 -0.014432 -0.691262   # pos: anim   rot: anim
    20 1.019585 0.000001 0.000001 -0.224303 0.338954 -1.164173   # pos: anim   rot: anim
    21 0.944213 0.000000 0.000000 -0.106819 0.261621 -0.771978   # pos: anim   rot: anim
    22 4.137645 0.074117 -0.529102 -0.029715 0.018403 -0.705034   # pos: anim   rot: anim
    23 1.222677 -0.000001 0.000000 -0.121332 0.195662 -1.108390   # pos: anim   rot: anim
    24 1.157258 0.000001 0.000000 -0.056723 0.147305 -0.734192   # pos: anim   rot: anim
    25 4.008693 -0.074116 0.529102 0.124996 0.014843 -0.721684   # pos: anim   rot: anim
    26 1.426597 -0.000001 0.000000 -0.040148 0.062419 -1.143151   # pos: anim   rot: anim
    27 1.322468 -0.000002 0.000000 -0.019283 0.047703 -0.768475   # pos: anim   rot: anim
    28 4.035646 -0.040289 1.535597 0.334674 0.040807 -0.855397   # pos: anim   rot: anim
    29 1.242852 0.000000 0.000000 0.062080 -0.118984 -0.961085   # pos: anim   rot: anim
    30 1.134824 0.000000 0.000000 0.051534 -0.110922 -0.869213   # pos: anim   rot: anim
    31 1.083400 -0.302045 1.946277 -1.158234 -0.420255 -0.869975   # pos: anim   rot: anim
    32 1.164764 0.000000 0.000001 0.003370 0.026658 0.251694   # pos: anim   rot: anim
    33 1.206993 0.000000 0.000000 0.000000 0.000001 0.000014   # pos: pos   rot: anim
    34 2.033441 1.000749 -1.937609 -0.418614 1.447976 4.195662   # pos: pos   rot: anim
    35 6.028154 -0.000003 0.000000 0.807815 -0.049452 -0.835884   # pos: pos   rot: anim
    36 11.692548 0.000000 0.000001 0.000000 0.000000 -1.177419   # pos: pos   rot: anim
    37 11.481699 0.000000 0.000000 -1.496620 -0.099458 0.357189   # pos: pos   rot: anim
    38 4.082335 0.078375 1.450928 0.410973 -0.118984 -0.749863   # pos: anim   rot: anim
    39 1.019584 0.000001 0.000000 0.082430 -0.261838 -0.607018   # pos: anim   rot: anim
    40 0.944214 0.000000 0.000000 0.205128 -0.375116 -0.993826   # pos: anim   rot: anim
    41 4.137612 0.077673 0.528702 0.137609 -0.243758 -0.619848   # pos: anim   rot: anim
    42 1.222679 0.000000 0.000000 0.051546 -0.155709 -0.638351   # pos: anim   rot: anim
    43 1.157262 0.000001 0.000000 0.193935 -0.249762 -1.318455   # pos: anim   rot: anim
    44 4.008660 -0.077672 -0.528702 -0.179385 -0.116588 -0.535440   # pos: anim   rot: anim
    45 1.426599 0.000002 0.000000 0.025252 -0.062983 -0.762454   # pos: anim   rot: anim
    46 1.322465 -0.000001 0.000000 0.050179 -0.081390 -1.104657   # pos: anim   rot: anim
    47 4.035616 -0.051278 -1.538320 -0.369879 0.077229 -0.219224   # pos: anim   rot: anim
    48 1.242848 0.000000 0.000000 -0.021081 0.074235 -0.553098   # pos: anim   rot: anim
    49 1.134823 0.000001 0.000000 -0.034959 0.092972 -0.718968   # pos: anim   rot: anim
    50 1.083369 -0.316865 -1.943353 1.056174 0.100072 -1.187505   # pos: anim   rot: anim
    51 1.164765 0.000000 0.000000 0.016659 0.092788 0.355088   # pos: anim   rot: anim
    52 1.206997 0.000000 0.000000 0.015880 0.090669 0.346594   # pos: pos   rot: anim
    53 3.202716 -1.851487 0.187593 0.000000 0.000000 0.000000   # pos: pos   rot: rot
  time 8
    0 0.036715 -0.074216 37.672359 1.536347 -0.004684 -0.144878   # pos: anim   rot: anim
    1 3.890452 -0.000004 -0.000003 -1.845508 -0.080987 -1.570060   # pos: pos   rot: anim
    2 17.848177 0.000000 0.000000 0.000000 0.000000 0.475454   # pos: pos   rot: anim
    3 15.634601 0.000000 0.000000 -0.028700 -0.055624 -1.242598   # pos: anim   rot: anim
    4 7.336499 0.000000 0.000000 -0.006964 -0.003287 -0.673371   # pos: anim   rot: anim
    5 -3.890452 0.000007 0.000007 -1.402626 0.068247 -1.673211   # pos: pos   rot: anim
    6 17.848175 0.000000 0.000000 0.000000 0.000000 0.338613   # pos: pos   rot: anim
    7 15.634605 0.000000 0.000000 0.305409 0.178917 -1.185584   # pos: anim   rot: anim
    8 7.336500 0.000000 0.000000 -0.080998 -0.003287 -0.673375   # pos: anim   rot: anim
    9 0.003911 3.345128 -2.981901 1.539630 0.086175 1.566023   # pos: anim   rot: anim
    10 4.018333 0.000000 0.000000 -0.149843 0.004039 -0.044948   # pos: pos   rot: anim
    11 3.518565 0.000000 0.000000 -0.036087 -0.000803 0.238845   # pos: pos   rot: anim
    12 8.942640 0.000001 0.000000 -0.154709 0.084000 0.294695   # pos: pos   rot: anim
    13 3.307229 0.000018 0.000000 3.141590 0.000000 0.400478   # pos: pos   rot: rot
    14 3.593713 0.000002 0.000000 0.516702 0.101549 0.684386   # pos: pos   rot: anim
    15 2.033434 1.000746 1.937661 1.669418 -1.204848 2.875894   # pos: pos   rot: anim
    16 6.028152 0.000003 0.000000 -1.432991 -0.473329 -0.876516   # pos: pos   rot: anim
    17 11.692552 0.000000 -0.000001 0.000000 0.000000 -0.301691   # pos: pos   rot: anim
    18 11.481670 0.000000 0.000000 1.522914 0.096731 -0.165446   # pos: pos   rot: anim
    19 4.082367 0.064632 -1.453701 -0.169506 -0.020808 -0.642846   # pos: anim   rot: anim
    20 1.019585 0.000001 0.000001 -0.237094 0.343879 -1.202381   # pos: anim   rot: anim
    21 0.944213 0.000000 0.000000 -0.099987 0.254658 -0.745186   # pos: anim   rot: anim
    22 4.137645 0.074117 -0.529102 -0.029092 0.009894 -0.660428   # pos: anim   rot: anim
    23 1.222677 -0.000001 0.000000 -0.126222 0.197975 -1.133400   # pos: anim   rot: anim
    24 1.157258 0.000001 0.000000 -0.051462 0.141301 -0.697561   # pos: anim   rot: anim
    25 4.008693 -0.074116 0.529102 0.125451 0.006598 -0.679697   # pos: anim   rot: anim
    26 1.426597 -0.000001 0.000000 -0.041970 0.063210 -1.172167   # pos: anim   rot: anim
    27 1.322468 -0.000002 0.000000 -0.017749 0.046061 -0.735622   # pos: anim   rot: anim
    28 4.035646 -0.040289 1.535597 0.335453 0.036971 -0.835408   # pos: anim   rot: anim
    29 1.242852 0.000000 0.000000 0.062020 -0.118948 -0.960647   # pos: anim   rot: anim
    30 1.134824 0.000000 0.000000 0.049820 -0.109460 -0.853615   # pos: anim   rot: anim
    31 1.083400 -0.302045 1.946277 -1.143003 -0.397311 -0.896815   # pos: anim   rot: anim
    32 1.164764 0.000000 0.000001 0.003370 0.026658 0.251694   # pos: anim   rot: anim
    33 1.206993 0.000000 0.000000 0.000000 0.000001 0.000014   # pos: pos   rot: anim
    34 2.033441 1.000749 -1.937609 -0.319798 1.445088 4.295362   # pos: pos   rot: anim
    35 6.028154 -0.000003 0.000000 0.800007 -0.055753 -0.805687   # pos: pos   rot: anim
    36 11.692548 0.000000 0.000001 0.000000 0.000000 -1.319230   # pos: pos   rot: anim
    37 11.481699 0.000000 0.000000 -1.477661 -0.103341 0.364052   # pos: pos   rot: anim
    38 4.082335 0.078375 1.450928 0.411000 -0.107479 -0.750204   # pos: anim   rot: anim
    39 1.019584 0.000001 0.000000 0.082430 -0.261838 -0.607018   # pos: anim   rot: anim
    40 0.944214 0.000000 0.000000 0.205128 -0.375116 -0.993826   # pos: anim   rot: anim
    41 4.137612 0.077673 0.528702 0.140114 -0.235620 -0.626795   # pos: anim   rot: anim
    42 1.222679 0.000000 0.000000 0.051546 -0.155709 -0.638351   # pos: anim   rot: anim
    43 1.157262 0.000001 0.000000 0.193935 -0.249762 -1.318455   # pos: anim   rot: anim
    44 4.008660 -0.077672 -0.528702 -0.176748 -0.111710 -0.547112   # pos: anim   rot: anim
    45 1.426599 0.000002 0.000000 0.024916 -0.062636 -0.757204   # pos: anim   rot: anim
    46 1.322465 -0.000001 0.000000 0.052025 -0.082289 -1.127239   # pos: anim   rot: anim
    47 4.035616 -0.051278 -1.538320 -0.368201 0.086122 -0.211887   # pos: anim   rot: anim
    48 1.242848 0.000000 0.000000 -0.021021 0.074139 -0.552319   # pos: anim   rot: anim
    49 1.134823 0.000001 0.000000 -0.036277 0.094458 -0.733112   # pos: anim   rot: anim
    50 1.083369 -0.316865 -1.943353 1.056174 0.100072 -1.187505   # pos: anim   rot: anim
    51 1.164765 0.000000 0.000000 0.016659 0.092788 0.355088   # pos: anim   rot: anim
    52 1.206997 0.000000 0.000000 0.015880 0.090669 0.346594   # pos: pos   rot: anim
    53 3.202716 -1.851487 0.187593 0.000000 0.000000 0.000000   # pos: pos   rot: rot
  time 9
    0 -0.209386 -0.074216 37.578606 1.536347 -0.004988 -0.153906   # pos: anim   rot: anim
    1 3.890452 -0.000004 -0.000003 -1.843783 -0.070660 -1.570347   # pos: pos   rot: anim
    2 17.848177 0.000000 0.000000 0.000000 0.000000 0.457813   # pos: pos   rot: anim
    3 15.634601 0.000000 0.000000 -0.037313 -0.062030 -1.241038   # pos: anim   rot: anim
    4 7.336499 0.000000 0.000000 -0.006964 -0.003287 -0.673371   # pos: anim   rot: anim
    5 -3.890452 0.000007 0.000007 -1.399585 0.066197 -1.678649   # pos: pos   rot: anim
    6 17.848175 0.000000 0.000000 0.000000 0.000000 0.358036   # pos: pos   rot: anim
    7 15.634605 0.000000 0.000000 0.318218 0.192082 -1.211696   # pos: anim   rot: anim
    8 7.336500 0.000000 0.000000 -0.080998 -0.003287 -0.673375   # pos: anim   rot: anim
    9 0.003911 3.345128 -2.981901 1.538568 0.085108 1.536392   # pos: anim   rot: anim
    10 4.018333 0.000000 0.000000 -0.153954 0.004255 -0.044134   # pos: pos   rot: anim
    11 3.518565 0.000000 0.000000 -0.037970 -0.016131 0.243055   # pos: pos   rot: anim
    12 8.942640 0.000001 0.000000 -0.160821 0.061625 0.300327   # pos: pos   rot: anim
    13 3.307229 0.000018 0.000000 3.141590 0.000000 0.400478   # pos: pos   rot: rot
    14 3.593713 0.000002 0.000000 0.539932 0.037267 0.678627   # pos: pos   rot: anim
    15 2.033434 1.000746 1.937661 1.720652 -1.185453 2.827702   # pos: pos   rot: anim
    16 6.028152 0.000003 0.000000 -1.419131 -0.488046 -0.809520   # pos: pos   rot: anim
    17 11.692552 0.000000 -0.000001 0.000000 0.000000 -0.361127   # pos: pos   rot: anim
    18 11.481670 0.000000 0.000000 1.378341 0.083538 -0.140517   # pos: pos   rot: anim
    19 4.082367 0.064632 -1.453701 -0.176321 -0.027159 -0.592108   # pos: anim   rot: anim
    20 1.019585 0.000001 0.000001 -0.250707 0.348529 -1.242471   # pos: anim   rot: anim
    21 0.944213 0.000000 0.000000 -0.093060 0.247168 -0.717271   # pos: anim   rot: anim
    22 4.137645 0.074117 -0.529102 -0.028840 0.000965 -0.613769   # pos: anim   rot: anim
    23 1.222677 -0.000001 0.000000 -0.131411 0.200276 -1.159607   # pos: anim   rot: anim
    24 1.157258 0.000001 0.000000 -0.046189 0.134829 -0.659257   # pos: anim   rot: anim
    25 4.008693 -0.074116 0.529102 0.125547 -0.002043 -0.635746   # pos: anim   rot: anim
    26 1.426597 -0.000001 0.000000 -0.043900 0.063989 -1.202535   # pos: anim   rot: anim
    27 1.322468 -0.000002 0.000000 -0.016191 0.044287 -0.701247   # pos: anim   rot: anim
    28 4.035646 -0.040289 1.535597 0.336184 0.032933 -0.814526   # pos: anim   rot: anim
    29 1.242852 0.000000 0.000000 0.061972 -0.118912 -0.960209   # pos: anim   rot: anim
    30 1.134824 0.000000 0.000000 0.048046 -0.107902 -0.837311   # pos: anim   rot: anim
    31 1.083400 -0.302045 1.946277 -1.127919 -0.372937 -0.924170   # pos: anim   rot: anim
    32 1.164764 0.000000 0.000001 0.003370 0.026658 0.251694   # pos: anim   rot: anim
    33 1.206993 0.000000 0.000000 0.000000 0.000001 0.000014   # pos: pos   rot: anim
    34 2.033441 1.000749 -1.937609 -0.329918 1.439559 4.285306   # pos: pos   rot: anim
    35 6.028154 -0.000003 0.000000 0.809855 -0.069310 -0.777073   # pos: pos   rot: anim
    36 11.692548 0.000000 0.000001 0.000000 0.000000 -1.471794   # pos: pos   rot: anim
    37 11.481699 0.000000 0.000000 -1.467417 -0.108111 0.368538   # pos: pos   rot: anim
    38 4.082335 0.078375 1.450928 0.411028 -0.100731 -0.750409   # pos: anim   rot: anim
    39 1.019584 0.000001 0.000000 0.082430 -0.261838 -0.607018   # pos: anim   rot: anim
    40 0.944214 0.000000 0.000000 0.205128 -0.375116 -0.993826   # pos: anim   rot: anim
    41 4.137612 0.077673 0.528702 0.141540 -0.230850 -0.630795   # pos: anim   rot: anim
    42 1.222679 0.000000 0.000000 0.051546 -0.155709 -0.638351   # pos: anim   rot: anim
    43 1.157262 0.000001 0.000000 0.193935 -0.249762 -1.318455   # pos: anim   rot: anim
    44 4.008660 -0.077672 -0.528702 -0.175238 -0.108846 -0.553958   # pos: anim   rot: anim
    45 1.426599 0.000002 0.000000 0.024724 -0.062432 -0.754138   # pos: anim   rot: anim
    46 1.322465 -0.000001 0.000000 0.053116 -0.082792 -1.140475   # pos: anim   rot: anim
    47 4.035616 -0.051278 -1.538320 -0.367195 0.091323 -0.207594   # pos: anim   rot: anim
    48 1.242848 0.000000 0.000000 -0.020985 0.074091 -0.551865   # pos: anim   rot: anim
    49 1.134823 0.000001 0.000000 -0.037068 0.095321 -0.741352   # pos: anim   rot: anim
    50 1.083369 -0.316865 -1.943353 1.056174 0.100072 -1.187505   # pos: anim   rot: anim
    51 1.164765 0.000000 0.000000 0.016659 0.092788 0.355088   # pos: anim   rot: anim
    52 1.206997 0.000000 0.000000 0.015880 0.090669 0.346594   # pos: pos   rot: anim
    53 3.202716 -1.851487 0.187593 0.000000 0.000000 0.000000   # pos: pos   rot: rot
  time 10
    0 -0.455488 -0.074216 37.484853 1.536406 -0.005322 -0.163028   # pos: anim   rot: anim
    1 3.890452 -0.000004 -0.000003 -1.843016 -0.092733 -1.561756   # pos: pos   rot: anim
    2 17.848177 0.000000 0.000000 0.000000 0.000000 0.451680   # pos: pos   rot: anim
    3 15.634601 0.000000 0.000000 -0.045263 -0.068455 -1.221932   # pos: anim   rot: anim
    4 7.336499 0.000000 0.000000 -0.006964 -0.003287 -0.673371   # pos: anim   rot: anim
    5 -3.890452 0.000007 0.000007 -1.397220 0.049613 -1.680824   # pos: pos   rot: anim
    6 17.848175 0.000000 0.000000 0.000000 0.000000 0.399401   # pos: pos   rot: anim
    7 15.634605 0.000000 0.000000 0.307826 0.185220 -1.247882   # pos: anim   rot: anim
    8 7.336500 0.000000 0.000000 -0.080998 -0.003287 -0.673375   # pos: anim   rot: anim
    9 0.003911 3.345128 -2.981901 1.537666 0.083941 1.504076   # pos: anim   rot: anim
    10 4.018333 0.000000 0.000000 -0.153235 0.004914 -0.043520   # pos: pos   rot: anim
    11 3.518565 0.000000 0.000000 -0.039509 -0.032790 0.246769   # pos: pos   rot: anim
    12 8.942640 0.000001 0.000000 -0.163434 0.036373 0.306056   # pos: pos   rot: anim
    13 3.307229 0.000018 0.000000 3.141590 0.000000 0.400478   # pos: pos   rot: rot
    14 3.593713 0.000002 0.000000 0.555287 -0.033110 0.670036   # pos: pos   rot: anim
    15 2.033434 1.000746 1.937661 1.768631 -1.164604 2.783246   # pos: pos   rot: anim
    16 6.028152 0.000003 0.000000 -1.397721 -0.509414 -0.751214   # pos: pos   rot: anim
    17 11.692552 0.000000 -0.000001 0.000000 0.000000 -0.402626   # pos: pos   rot: anim
    18 11.481670 0.000000 0.000000 1.214986 0.073802 -0.097580   # pos: pos   rot: anim
    19 4.082367 0.064632 -1.453701 -0.183676 -0.033331 -0.539733   # pos: anim   rot: anim
    20 1.019585 0.000001 0.000001 -0.264964 0.352772 -1.283974   # pos: anim   rot: anim
    21 0.944213 0.000000 0.000000 -0.086145 0.239258 -0.688620   # pos: anim   rot: anim
    22 4.137645 0.074117 -0.529102 -0.029008 -0.008239 -0.565625   # pos: anim   rot: anim
    23 1.222677 -0.000001 0.000000 -0.136828 0.202505 -1.186673   # pos: anim   rot: anim
    24 1.157258 0.000001 0.000000 -0.041023 0.127950 -0.619858   # pos: anim   rot: anim
    25 4.008693 -0.074116 0.529102 0.125259 -0.010960 -0.590396   # pos: anim   rot: anim
    26 1.426597 -0.000001 0.000000 -0.045925 0.064732 -1.233854   # pos: anim   rot: anim
    27 1.322468 -0.000002 0.000000 -0.014657 0.042393 -0.665820   # pos: anim   rot: anim
    28 4.035646 -0.040289 1.535597 0.336844 0.028750 -0.792973   # pos: anim   rot: anim
    29 1.242852 0.000000 0.000000 0.061912 -0.118876 -0.959734   # pos: anim   rot: anim
    30 1.134824 0.000000 0.000000 0.046249 -0.106260 -0.820476   # pos: anim   rot: anim
    31 1.083400 -0.302045 1.946277 -1.113348 -0.347388 -0.951746   # pos: anim   rot: anim
    32 1.164764 0.000000 0.000001 0.003370 0.026658 0.251694   # pos: anim   rot: anim
    33 1.206993 0.000000 0.000000 0.000000 0.000001 0.000014   # pos: pos   rot: anim
    34 2.033441 1.000749 -1.937609 -0.397228 1.431967 4.217499   # pos: pos   rot: anim
    35 6.028154 -0.000003 0.000000 0.832834 -0.073319 -0.755357   # pos: pos   rot: anim
    36 11.692548 0.000000 0.000001 0.000000 0.000000 -1.608267   # pos: pos   rot: anim
    37 11.481699 0.000000 0.000000 -1.461097 -0.112948 0.371874   # pos: pos   rot: anim
    38 4.082335 0.078375 1.450928 0.411028 -0.096237 -0.750477   # pos: anim   rot: anim
    39 1.019584 0.000001 0.000000 0.082430 -0.261838 -0.607018   # pos: anim   rot: anim
    40 0.944214 0.000000 0.000000 0.205128 -0.375116 -0.993826   # pos: anim   rot: anim
    41 4.137612 0.077673 0.528702 0.142487 -0.227662 -0.633479   # pos: anim   rot: anim
    42 1.222679 0.000000 0.000000 0.051546 -0.155709 -0.638351   # pos: anim   rot: anim
    43 1.157262 0.000001 0.000000 0.193935 -0.249762 -1.318455   # pos: anim   rot: anim
    44 4.008660 -0.077672 -0.528702 -0.174243 -0.106928 -0.558489   # pos: anim   rot: anim
    45 1.426599 0.000002 0.000000 0.024604 -0.062300 -0.752095   # pos: anim   rot: anim
    46 1.322465 -0.000001 0.000000 0.053847 -0.083128 -1.149272   # pos: anim   rot: anim
    47 4.035616 -0.051278 -1.538320 -0.366499 0.094799 -0.204731   # pos: anim   rot: anim
    48 1.242848 0.000000 0.000000 -0.020961 0.074055 -0.551540   # pos: anim   rot: anim
    49 1.134823 0.000001 0.000000 -0.037596 0.095884 -0.746889   # pos: anim   rot: anim
    50 1.083369 -0.316865 -1.943353 1.056174 0.100072 -1.187505   # pos: anim   rot: anim
    51 1.164765 0.000000 0.000000 0.016659 0.092788 0.355088   # pos: anim   rot: anim
    52 1.206997 0.000000 0.000000 0.015880 0.090669 0.346594   # pos: pos   rot: anim
    53 3.202716 -1.851487 0.187593 0.000000 0.000000 0.000000   # pos: pos   rot: rot
  time 11
    0 -0.682057 -0.074216 37.391100 1.536406 -0.005626 -0.172055   # pos: anim   rot: anim
    1 3.890452 -0.000004 -0.000003 -1.844645 -0.172164 -1.535316   # pos: pos   rot: anim
    2 17.848177 0.000000 0.000000 0.000000 0.000000 0.483328   # pos: pos   rot: anim
    3 15.634601 0.000000 0.000000 -0.055053 -0.073670 -1.169911   # pos: anim   rot: anim
    4 7.336499 0.000000 0.000000 -0.006964 -0.003287 -0.673371   # pos: anim   rot: anim
    5 -3.890452 0.000007 0.000007 -1.392237 0.026057 -1.684631   # pos: pos   rot: anim
    6 17.848175 0.000000 0.000000 0.000000 0.000000 0.453606   # pos: pos   rot: anim
    7 15.634605 0.000000 0.000000 0.297833 0.175095 -1.280994   # pos: anim   rot: anim
    8 7.336500 0.000000 0.000000 -0.080998 -0.003287 -0.673375   # pos: anim   rot: anim
    9 0.003911 3.345128 -2.981901 1.536020 0.082976 1.478571   # pos: anim   rot: anim
    10 4.018333 0.000000 0.000000 -0.149712 0.006400 -0.042408   # pos: pos   rot: anim
    11 3.518565 0.000000 0.000000 -0.042931 -0.045949 0.253019   # pos: pos   rot: anim
    12 8.942640 0.000001 0.000000 -0.161864 0.016347 0.312504   # pos: pos   rot: anim
    13 3.307229 0.000018 0.000000 3.141590 0.000000 0.400478   # pos: pos   rot: rot
    14 3.593713 0.000002 0.000000 0.567274 -0.088186 0.669489   # pos: pos   rot: anim
    15 2.033434 1.000746 1.937661 1.812874 -1.142657 2.743005   # pos: pos   rot: anim
    16 6.028152 0.000003 0.000000 -1.377075 -0.539582 -0.714025   # pos: pos   rot: anim
    17 11.692552 0.000000 -0.000001 0.000000 0.000000 -0.438045   # pos: pos   rot: anim
    18 11.481670 0.000000 0.000000 1.038926 0.072613 -0.041497   # pos: pos   rot: anim
    19 4.082367 0.064632 -1.453701 -0.191470 -0.039216 -0.486401   # pos: anim   rot: anim
    20 1.019585 0.000001 0.000001 -0.279672 0.356535 -1.326300   # pos: anim   rot: anim
    21 0.944213 0.000000 0.000000 -0.079386 0.231012 -0.659548   # pos: anim   rot: anim
    22 4.137645 0.074117 -0.529102 -0.029643 -0.017599 -0.516665   # pos: anim   rot: anim
    23 1.222677 -0.000001 0.000000 -0.142389 0.204627 -1.214226   # pos: anim   rot: anim
    24 1.157258 0.000001 0.000000 -0.036062 0.120747 -0.579850   # pos: anim   rot: anim
    25 4.008693 -0.074116 0.529102 0.124540 -0.019996 -0.544303   # pos: anim   rot: anim
    26 1.426597 -0.000001 0.000000 -0.047998 0.065415 -1.265757   # pos: anim   rot: anim
    27 1.322468 -0.000002 0.000000 -0.013171 0.040428 -0.629740   # pos: anim   rot: anim
    28 4.035646 -0.040289 1.535597 0.337431 0.024484 -0.771068   # pos: anim   rot: anim
    29 1.242852 0.000000 0.000000 0.061864 -0.118828 -0.959260   # pos: anim   rot: anim
    30 1.134824 0.000000 0.000000 0.044451 -0.104570 -0.803393   # pos: anim   rot: anim
    31 1.083400 -0.302045 1.946277 -1.099362 -0.321049 -0.979174   # pos: anim   rot: anim
    32 1.164764 0.000000 0.000001 0.003370 0.026658 0.251694   # pos: anim   rot: anim
    33 1.206993 0.000000 0.000000 0.000000 0.000001 0.000014   # pos: pos   rot: anim
    34 2.033441 1.000749 -1.937609 -0.474181 1.422064 4.139731   # pos: pos   rot: anim
    35 6.028154 -0.000003 0.000000 0.866991 -0.050024 -0.744732   # pos: pos   rot: anim
    36 11.692548 0.000000 0.000001 0.000000 0.000000 -1.703384   # pos: pos   rot: anim
    37 11.481699 0.000000 0.000000 -1.453913 -0.116732 0.375133   # pos: pos   rot: anim
    38 4.082335 0.078375 1.450928 0.411055 -0.091455 -0.750614   # pos: anim   rot: anim
    39 1.019584 0.000001 0.000000 0.082430 -0.261838 -0.607018   # pos: anim   rot: anim
    40 0.944214 0.000000 0.000000 0.205128 -0.375116 -0.993826   # pos: anim   rot: anim
    41 4.137612 0.077673 0.528702 0.143482 -0.224283 -0.636373   # pos: anim   rot: anim
    42 1.222679 0.000000 0.000000 0.051546 -0.155709 -0.638351   # pos: anim   rot: anim
    43 1.157262 0.000001 0.000000 0.193935 -0.249762 -1.318455   # pos: anim   rot: anim
    44 4.008660 -0.077672 -0.528702 -0.173189 -0.104879 -0.563316   # pos: anim   rot: anim
    45 1.426599 0.000002 0.000000 0.024461 -0.062156 -0.749945   # pos: anim   rot: anim
    46 1.322465 -0.000001 0.000000 0.054626 -0.083463 -1.158660   # pos: anim   rot: anim
    47 4.035616 -0.051278 -1.538320 -0.365756 0.098478 -0.201687   # pos: anim   rot: anim
    48 1.242848 0.000000 0.000000 -0.020937 0.074007 -0.551216   # pos: anim   rot: anim
    49 1.134823 0.000001 0.000000 -0.038159 0.096484 -0.752760   # pos: anim   rot: anim
    50 1.083369 -0.316865 -1.943353 1.056174 0.100072 -1.187505   # pos: anim   rot: anim
    51 1.164765 0.000000 0.000000 0.016659 0.092788 0.355088   # pos: anim   rot: anim
    52 1.206997 0.000000 0.000000 0.015880 0.090669 0.346594   # pos: pos   rot: anim
    53 3.202716 -1.851487 0.187593 0.000000 0.000000 0.000000   # pos: pos   rot: rot
  time 12
    0 -0.873469 -0.074216 37.297347 1.536465 -0.005931 -0.181082   # pos: anim   rot: anim
    1 3.890452 -0.000004 -0.000003 -1.849246 -0.249393 -1.506108   # pos: pos   rot: anim
    2 17.848177 0.000000 0.000000 0.000000 0.000000 0.480905   # pos: pos   rot: anim
    3 15.634601 0.000000 0.000000 -0.066022 -0.076424 -1.085401   # pos: anim   rot: anim
    4 7.336499 0.000000 0.000000 -0.006964 -0.003287 -0.673371   # pos: anim   rot: anim
    5 -3.890452 0.000007 0.000007 -1.384719 0.011432 -1.686651   # pos: pos   rot: anim
    6 17.848175 0.000000 0.000000 0.000000 0.000000 0.487738   # pos: pos   rot: anim
    7 15.634605 0.000000 0.000000 0.285971 0.163477 -1.303463   # pos: anim   rot: anim
    8 7.336500 0.000000 0.000000 -0.080998 -0.003287 -0.673375   # pos: anim   rot: anim
    9 0.003911 3.345128 -2.981901 1.532463 0.082553 1.469373   # pos: anim   rot: anim
    10 4.018333 0.000000 0.000000 -0.145397 0.009096 -0.040050   # pos: pos   rot: anim
    11 3.518565 0.000000 0.000000 -0.050450 -0.050707 0.264819   # pos: pos   rot: anim
    12 8.942640 0.000001 0.000000 -0.155344 0.009624 0.320270   # pos: pos   rot: anim
    13 3.307229 0.000018 0.000000 3.141590 0.000000 0.400478   # pos: pos   rot: rot
    14 3.593713 0.000002 0.000000 0.579042 -0.106136 0.687025   # pos: pos   rot: anim
    15 2.033434 1.000746 1.937661 1.853287 -1.120002 2.706885   # pos: pos   rot: anim
    16 6.028152 0.000003 0.000000 -1.366179 -0.584127 -0.708606   # pos: pos   rot: anim
    17 11.692552 0.000000 -0.000001 0.000000 0.000000 -0.475516   # pos: pos   rot: anim
    18 11.481670 0.000000 0.000000 0.856394 0.083204 0.021473   # pos: pos   rot: anim
    19 4.082367 0.064632 -1.453701 -0.199615 -0.044681 -0.432770   # pos: anim   rot: anim
    20 1.019585 0.000001 0.000001 -0.294611 0.359711 -1.368941   # pos: anim   rot: anim
    21 0.944213 0.000000 0.000000 -0.072842 0.222551 -0.630476   # pos: anim   rot: anim
    22 4.137645 0.074117 -0.529102 -0.030746 -0.026935 -0.467458   # pos: anim   rot: anim
    23 1.222677 -0.000001 0.000000 -0.148046 0.206604 -1.241890   # pos: anim   rot: anim
    24 1.157258 0.000001 0.000000 -0.031376 0.113317 -0.539721   # pos: anim   rot: anim
    25 4.008693 -0.074116 0.529102 0.123402 -0.029033 -0.497941   # pos: anim   rot: anim
    26 1.426597 -0.000001 0.000000 -0.050096 0.066038 -1.297769   # pos: anim   rot: anim
    27 1.322468 -0.000002 0.000000 -0.011733 0.038391 -0.593515   # pos: anim   rot: anim
    28 4.035646 -0.040289 1.535597 0.337922 0.020181 -0.749068   # pos: anim   rot: anim
    29 1.242852 0.000000 0.000000 0.061805 -0.118792 -0.958785   # pos: anim   rot: anim
    30 1.134824 0.000000 0.000000 0.042677 -0.102832 -0.786204   # pos: anim   rot: anim
    31 1.083400 -0.302045 1.946277 -1.086182 -0.294225 -1.006014   # pos: anim   rot: anim
    32 1.164764 0.000000 0.000001 0.003370 0.026658 0.251694   # pos: anim   rot: anim
    33 1.206993 0.000000 0.000000 0.000000 0.000001 0.000014   # pos: pos   rot: anim
    34 2.033441 1.000749 -1.937609 -0.523732 1.410964 4.089546   # pos: pos   rot: anim
    35 6.028154 -0.000003 0.000000 0.909400 0.020529 -0.746969   # pos: pos   rot: anim
    36 11.692548 0.000000 0.000001 0.000000 0.000000 -1.731732   # pos: pos   rot: anim
    37 11.481699 0.000000 0.000000 -1.440942 -0.118015 0.379351   # pos: pos   rot: anim
    38 4.082335 0.078375 1.450928 0.411055 -0.083857 -0.750887   # pos: anim   rot: anim
    39 1.019584 0.000001 0.000000 0.082430 -0.261838 -0.607018   # pos: anim   rot: anim
    40 0.944214 0.000000 0.000000 0.205128 -0.375116 -0.993826   # pos: anim   rot: anim
    41 4.137612 0.077673 0.528702 0.145040 -0.218890 -0.640899   # pos: anim   rot: anim
    42 1.222679 0.000000 0.000000 0.051546 -0.155709 -0.638351   # pos: anim   rot: anim
    43 1.157262 0.000001 0.000000 0.193935 -0.249762 -1.318455   # pos: anim   rot: anim
    44 4.008660 -0.077672 -0.528702 -0.171535 -0.101631 -0.570999   # pos: anim   rot: anim
    45 1.426599 0.000002 0.000000 0.024257 -0.061929 -0.746492   # pos: anim   rot: anim
    46 1.322465 -0.000001 0.000000 0.055872 -0.084003 -1.173545   # pos: anim   rot: anim
    47 4.035616 -0.051278 -1.538320 -0.364558 0.104326 -0.196822   # pos: anim   rot: anim
    48 1.242848 0.000000 0.000000 -0.020901 0.073947 -0.550697   # pos: anim   rot: anim
    49 1.134823 0.000001 0.000000 -0.039058 0.097442 -0.762067   # pos: anim   rot: anim
    50 1.083369 -0.316865 -1.943353 1.056174 0.100072 -1.187505   # pos: anim   rot: anim
    51 1.164765 0.000000 0.000000 0.016659 0.092788 0.355088   # pos: anim   rot: anim
    52 1.206997 0.000000 0.000000 0.015880 0.090669 0.346594   # pos: pos   rot: anim
    53 3.202716 -1.851487 0.187593 0.000000 0.000000 0.000000   # pos: pos   rot: rot
  time 13
    0 -1.002379 -0.074216 37.199688 1.536524 -0.006235 -0.190204   # pos: anim   rot: anim
    1 3.890452 -0.000004 -0.000003 -1.854901 -0.303032 -1.481863   # pos: pos   rot: anim
    2 17.848177 0.000000 0.000000 0.000000 0.000000 0.454254   # pos: pos   rot: anim
    3 15.634601 0.000000 0.000000 -0.077064 -0.077361 -0.997628   # pos: anim   rot: anim
    4 7.336499 0.000000 0.000000 -0.006964 -0.003287 -0.673371   # pos: anim   rot: anim
    5 -3.890452 0.000007 0.000007 -1.375513 0.003505 -1.687972   # pos: pos   rot: anim
    6 17.848175 0.000000 0.000000 0.000000 0.000000 0.506348   # pos: pos   rot: anim
    7 15.634605 0.000000 0.000000 0.273162 0.150350 -1.317086   # pos: anim   rot: anim
    8 7.336500 0.000000 0.000000 -0.080998 -0.003287 -0.673375   # pos: anim   rot: anim
    9 0.003911 3.345128 -2.981901 1.527047 0.082689 1.475289   # pos: anim   rot: anim
    10 4.018333 0.000000 0.000000 -0.140483 0.012967 -0.036481   # pos: pos   rot: anim
    11 3.518565 0.000000 0.000000 -0.061936 -0.047735 0.282110   # pos: pos   rot: anim
    12 8.942640 0.000001 0.000000 -0.144139 0.014945 0.329582   # pos: pos   rot: anim
    13 3.307229 0.000018 0.000000 3.141590 0.000000 0.400478   # pos: pos   rot: rot
    14 3.593713 0.000002 0.000000 0.591029 -0.089821 0.721613   # pos: pos   rot: anim
    15 2.033434 1.000746 1.937661 1.889869 -1.096994 2.674980   # pos: pos   rot: anim
    16 6.028152 0.000003 0.000000 -1.365701 -0.639085 -0.724864   # pos: pos   rot: anim
    17 11.692552 0.000000 -0.000001 0.000000 0.000000 -0.521119   # pos: pos   rot: anim
    18 11.481670 0.000000 0.000000 0.673705 0.106169 0.084479   # pos: pos   rot: anim
    19 4.082367 0.064632 -1.453701 -0.207979 -0.049678 -0.379547   # pos: anim   rot: anim
    20 1.019585 0.000001 0.000001 -0.309575 0.362264 -1.411306   # pos: anim   rot: anim
    21 0.944213 0.000000 0.000000 -0.066622 0.213982 -0.601755   # pos: anim   rot: anim
    22 4.137645 0.074117 -0.529102 -0.032280 -0.036139 -0.418646   # pos: anim   rot: anim
    23 1.222677 -0.000001 0.000000 -0.153702 0.208402 -1.269368   # pos: anim   rot: anim
    24 1.157258 0.000001 0.000000 -0.027025 0.105778 -0.500017   # pos: anim   rot: anim
    25 4.008693 -0.074116 0.529102 0.121868 -0.037925 -0.451967   # pos: anim   rot: anim
    26 1.426597 -0.000001 0.000000 -0.052205 0.066590 -1.329490   # pos: anim   rot: anim
    27 1.322468 -0.000002 0.000000 -0.010403 0.036329 -0.557653   # pos: anim   rot: anim
    28 4.035646 -0.040289 1.535597 0.338318 0.015915 -0.727260   # pos: anim   rot: anim
    29 1.242852 0.000000 0.000000 0.061745 -0.118756 -0.958310   # pos: anim   rot: anim
    30 1.134824 0.000000 0.000000 0.040939 -0.101083 -0.769192   # pos: anim   rot: anim
    31 1.083400 -0.302045 1.946277 -1.073953 -0.267324 -1.032119   # pos: anim   rot: anim
    32 1.164764 0.000000 0.000001 0.003370 0.026658 0.251694   # pos: anim   rot: anim
    33 1.206993 0.000000 0.000000 0.000000 0.000001 0.000014   # pos: pos   rot: anim
    34 2.033441 1.000749 -1.937609 -0.546646 1.400690 4.066369   # pos: pos   rot: anim
    35 6.028154 -0.000003 0.000000 0.955002 0.157768 -0.773345   # pos: pos   rot: anim
    36 11.692548 0.000000 0.000001 0.000000 0.000000 -1.669999   # pos: pos   rot: anim
    37 11.481699 0.000000 0.000000 -1.423979 -0.115712 0.383684   # pos: pos   rot: anim
    38 4.082335 0.078375 1.450928 0.411083 -0.074641 -0.751092   # pos: anim   rot: anim
    39 1.019584 0.000001 0.000000 0.082430 -0.261838 -0.607018   # pos: anim   rot: anim
    40 0.944214 0.000000 0.000000 0.205128 -0.375116 -0.993826   # pos: anim   rot: anim
    41 4.137612 0.077673 0.528702 0.146897 -0.212346 -0.646320   # pos: anim   rot: anim
    42 1.222679 0.000000 0.000000 0.051546 -0.155709 -0.638351   # pos: anim   rot: anim
    43 1.157262 0.000001 0.000000 0.193935 -0.249762 -1.318455   # pos: anim   rot: anim
    44 4.008660 -0.077672 -0.528702 -0.169569 -0.097664 -0.580307   # pos: anim   rot: anim
    45 1.426599 0.000002 0.000000 0.023993 -0.061641 -0.742299   # pos: anim   rot: anim
    46 1.322465 -0.000001 0.000000 0.057394 -0.084614 -1.191603   # pos: anim   rot: anim
    47 4.035616 -0.051278 -1.538320 -0.363048 0.111421 -0.190915   # pos: anim   rot: anim
    48 1.242848 0.000000 0.000000 -0.020853 0.073876 -0.550080   # pos: anim   rot: anim
    49 1.134823 0.000001 0.000000 -0.040160 0.098581 -0.773376   # pos: anim   rot: anim
    50 1.083369 -0.316865 -1.943353 1.056174 0.100072 -1.187505   # pos: anim   rot: anim
    51 1.164765 0.000000 0.000000 0.016659 0.092788 0.355088   # pos: anim   rot: anim
    52 1.206997 0.000000 0.000000 0.015880 0.090669 0.346594   # pos: pos   rot: anim
    53 3.202716 -1.851487 0.187593 0.000000 0.000000 0.000000   # pos: pos   rot: rot
  time 14
    0 -1.053162 -0.074216 37.105935 1.536524 -0.006569 -0.199232   # pos: anim   rot: anim
    1 3.890452 -0.000004 -0.000003 -1.859502 -0.339199 -1.464586   # pos: pos   rot: anim
    2 17.848177 0.000000 0.000000 0.000000 0.000000 0.470457   # pos: pos   rot: anim
    3 15.634601 0.000000 0.000000 -0.087271 -0.079236 -0.963719   # pos: anim   rot: anim
    4 7.336499 0.000000 0.000000 -0.006964 -0.003287 -0.673371   # pos: anim   rot: anim
    5 -3.890452 0.000007 0.000007 -1.365124 -0.001917 -1.690691   # pos: pos   rot: anim
    6 17.848175 0.000000 0.000000 0.000000 0.000000 0.518538   # pos: pos   rot: anim
    7 15.634605 0.000000 0.000000 0.260951 0.135040 -1.326121   # pos: anim   rot: anim
    8 7.336500 0.000000 0.000000 -0.080998 -0.003287 -0.673375   # pos: anim   rot: anim
    9 0.003911 3.345128 -2.981901 1.520676 0.083129 1.487719   # pos: anim   rot: anim
    10 4.018333 0.000000 0.000000 -0.134072 0.017557 -0.032264   # pos: pos   rot: anim
    11 3.518565 0.000000 0.000000 -0.075331 -0.041407 0.302199   # pos: pos   rot: anim
    12 8.942640 0.000001 0.000000 -0.129637 0.024892 0.340032   # pos: pos   rot: anim
    13 3.307229 0.000018 0.000000 3.141590 0.000000 0.400478   # pos: pos   rot: rot
    14 3.593713 0.000002 0.000000 0.601878 -0.059004 0.764084   # pos: pos   rot: anim
    15 2.033434 1.000746 1.937661 1.922813 -1.074104 2.647099   # pos: pos   rot: anim
    16 6.028152 0.000003 0.000000 -1.370958 -0.690573 -0.741309   # pos: pos   rot: anim
    17 11.692552 0.000000 -0.000001 0.000000 0.000000 -0.579720   # pos: pos   rot: anim
    18 11.481670 0.000000 0.000000 0.496935 0.139317 0.141040   # pos: pos   rot: anim
    19 4.082367 0.064632 -1.453701 -0.216402 -0.054125 -0.327418   # pos: anim   rot: anim
    20 1.019585 0.000001 0.000001 -0.324334 0.364193 -1.452809   # pos: anim   rot: anim
    21 0.944213 0.000000 0.000000 -0.060798 0.205425 -0.573770   # pos: anim   rot: anim
    22 4.137645 0.074117 -0.529102 -0.034221 -0.045068 -0.370874   # pos: anim   rot: anim
    23 1.222677 -0.000001 0.000000 -0.159299 0.210020 -1.296285   # pos: anim   rot: anim
    24 1.157258 0.000001 0.000000 -0.023082 0.098240 -0.461226   # pos: anim   rot: anim
    25 4.008693 -0.074116 0.529102 0.119962 -0.046554 -0.406945   # pos: anim   rot: anim
    26 1.426597 -0.000001 0.000000 -0.054278 0.067069 -1.360552   # pos: anim   rot: anim
    27 1.322468 -0.000002 0.000000 -0.009156 0.034268 -0.522516   # pos: anim   rot: anim
    28 4.035646 -0.040289 1.535597 0.338605 0.011732 -0.705930   # pos: anim   rot: anim
    29 1.242852 0.000000 0.000000 0.061697 -0.118708 -0.957836   # pos: anim   rot: anim
    30 1.134824 0.000000 0.000000 0.039273 -0.099345 -0.752534   # pos: anim   rot: anim
    31 1.083400 -0.302045 1.946277 -1.062823 -0.240704 -1.057120   # pos: anim   rot: anim
    32 1.164764 0.000000 0.000001 0.003370 0.026658 0.251694   # pos: anim   rot: anim
    33 1.206993 0.000000 0.000000 0.000000 0.000001 0.000014   # pos: pos   rot: anim
    34 2.033441 1.000749 -1.937609 -0.566600 1.390416 4.045873   # pos: pos   rot: anim
    35 6.028154 -0.000003 0.000000 0.990845 0.351383 -0.821438   # pos: pos   rot: anim
    36 11.692548 0.000000 0.000001 0.000000 0.000000 -1.534654   # pos: pos   rot: anim
    37 11.481699 0.000000 0.000000 -1.406218 -0.110974 0.387480   # pos: pos   rot: anim
    38 4.082335 0.078375 1.450928 0.411111 -0.065497 -0.751366   # pos: anim   rot: anim
    39 1.019584 0.000001 0.000000 0.082430 -0.261838 -0.607018   # pos: anim   rot: anim
    40 0.944214 0.000000 0.000000 0.205128 -0.375116 -0.993826   # pos: anim   rot: anim
    41 4.137612 0.077673 0.528702 0.148695 -0.205838 -0.651741   # pos: anim   rot: anim
    42 1.222679 0.000000 0.000000 0.051546 -0.155709 -0.638351   # pos: anim   rot: anim
    43 1.157262 0.000001 0.000000 0.193935 -0.249762 -1.318455   # pos: anim   rot: anim
    44 4.008660 -0.077672 -0.528702 -0.167652 -0.093709 -0.589468   # pos: anim   rot: anim
    45 1.426599 0.000002 0.000000 0.023741 -0.061365 -0.738141   # pos: anim   rot: anim
    46 1.322465 -0.000001 0.000000 0.058904 -0.085213 -1.209533   # pos: anim   rot: anim
    47 4.035616 -0.051278 -1.538320 -0.361526 0.118444 -0.185035   # pos: anim   rot: anim
    48 1.242848 0.000000 0.000000 -0.020805 0.073804 -0.549463   # pos: anim   rot: anim
    49 1.134823 0.000001 0.000000 -0.041275 0.099695 -0.784617   # pos: anim   rot: anim
    50 1.083369 -0.316865 -1.943353 1.056174 0.100072 -1.187505   # pos: anim   rot: anim
    51 1.164765 0.000000 0.000000 0.016659 0.092788 0.355088   # pos: anim   rot: anim
    52 1.206997 0.000000 0.000000 0.015880 0.090669 0.346594   # pos: pos   rot: anim
    53 3.202716 -1.851487 0.187593 0.000000 0.000000 0.000000   # pos: pos   rot: rot
  time 15
    0 -0.975035 -0.074216 37.012182 1.536583 -0.006873 -0.208259   # pos: anim   rot: anim
    1 3.890452 -0.000004 -0.000003 -1.860844 -0.344876 -1.461723   # pos: pos   rot: anim
    2 17.848177 0.000000 0.000000 0.000000 0.000000 0.487189   # pos: pos   rot: anim
    3 15.634601 0.000000 0.000000 -0.092498 -0.085779 -0.984575   # pos: anim   rot: anim
    4 7.336499 0.000000 0.000000 -0.006964 -0.003287 -0.673371   # pos: anim   rot: anim
    5 -3.890452 0.000007 0.000007 -1.354143 -0.006154 -1.696440   # pos: pos   rot: anim
    6 17.848175 0.000000 0.000000 0.000000 0.000000 0.526096   # pos: pos   rot: anim
    7 15.634605 0.000000 0.000000 0.250709 0.117195 -1.330757   # pos: anim   rot: anim
    8 7.336500 0.000000 0.000000 -0.080998 -0.003287 -0.673375   # pos: anim   rot: anim
    9 0.003911 3.345128 -2.981901 1.513668 0.083907 1.504921   # pos: anim   rot: anim
    10 4.018333 0.000000 0.000000 -0.126581 0.022627 -0.027615   # pos: pos   rot: anim
    11 3.518565 0.000000 0.000000 -0.089893 -0.032418 0.324109   # pos: pos   rot: anim
    12 8.942640 0.000001 0.000000 -0.112667 0.038243 0.351358   # pos: pos   rot: anim
    13 3.307229 0.000018 0.000000 3.141590 0.000000 0.400478   # pos: pos   rot: rot
    14 3.593713 0.000002 0.000000 0.612947 -0.017187 0.811832   # pos: pos   rot: anim
    15 2.033434 1.000746 1.937661 1.952213 -1.051646 2.622859   # pos: pos   rot: anim
    16 6.028152 0.000003 0.000000 -1.383861 -0.731449 -0.749719   # pos: pos   rot: anim
    17 11.692552 0.000000 -0.000001 0.000000 0.000000 -0.654890   # pos: pos   rot: anim
    18 11.481670 0.000000 0.000000 0.331212 0.177927 0.185855   # pos: pos   rot: anim
    19 4.082367 0.064632 -1.453701 -0.224737 -0.057996 -0.277035   # pos: anim   rot: anim
    20 1.019585 0.000001 0.000001 -0.338643 0.365499 -1.492939   # pos: anim   rot: anim
    21 0.944213 0.000000 0.000000 -0.055417 0.197024 -0.546872   # pos: anim   rot: anim
    22 4.137645 0.074117 -0.529102 -0.036498 -0.053577 -0.324709   # pos: anim   rot: anim
    23 1.222677 -0.000001 0.000000 -0.164728 0.211446 -1.322267   # pos: anim   rot: anim
    24 1.157258 0.000001 0.000000 -0.019547 0.090822 -0.423865   # pos: anim   rot: anim
    25 4.008693 -0.074116 0.529102 0.117757 -0.054799 -0.363470   # pos: anim   rot: anim
    26 1.426597 -0.000001 0.000000 -0.056292 0.067464 -1.390518   # pos: anim   rot: anim
    27 1.322468 -0.000002 0.000000 -0.008030 0.032231 -0.488612   # pos: anim   rot: anim
    28 4.035646 -0.040289 1.535597 0.338809 0.007693 -0.685335   # pos: anim   rot: anim
    29 1.242852 0.000000 0.000000 0.061637 -0.118672 -0.957398   # pos: anim   rot: anim
    30 1.134824 0.000000 0.000000 0.037692 -0.097631 -0.736477   # pos: anim   rot: anim
    31 1.083400 -0.302045 1.946277 -1.052718 -0.214773 -1.080799   # pos: anim   rot: anim
    32 1.164764 0.000000 0.000001 0.003370 0.026658 0.251694   # pos: anim   rot: anim
    33 1.206993 0.000000 0.000000 0.000000 0.000001 0.000014   # pos: pos   rot: anim
    34 2.033441 1.000749 -1.937609 -0.589037 1.377872 4.022792   # pos: pos   rot: anim
    35 6.028154 -0.000003 0.000000 1.000160 0.576647 -0.879876   # pos: pos   rot: anim
    36 11.692548 0.000000 0.000001 0.000000 0.000000 -1.359082   # pos: pos   rot: anim
    37 11.481699 0.000000 0.000000 -1.385064 -0.105743 0.392043   # pos: pos   rot: anim
    38 4.082335 0.078375 1.450928 0.411111 -0.054627 -0.751707   # pos: anim   rot: anim
    39 1.019584 0.000001 0.000000 0.082430 -0.261838 -0.607018   # pos: anim   rot: anim
    40 0.944214 0.000000 0.000000 0.205128 -0.375116 -0.993826   # pos: anim   rot: anim
    41 4.137612 0.077673 0.528702 0.150780 -0.198084 -0.658161   # pos: anim   rot: anim
    42 1.222679 0.000000 0.000000 0.051546 -0.155709 -0.638351   # pos: anim   rot: anim
    43 1.157262 0.000001 0.000000 0.193935 -0.249762 -1.318455   # pos: anim   rot: anim
    44 4.008660 -0.077672 -0.528702 -0.165423 -0.088976 -0.600451   # pos: anim   rot: anim
    45 1.426599 0.000002 0.000000 0.023430 -0.061030 -0.733173   # pos: anim   rot: anim
    46 1.322465 -0.000001 0.000000 0.060738 -0.085872 -1.230889   # pos: anim   rot: anim
    47 4.035616 -0.051278 -1.538320 -0.359644 0.126786 -0.178010   # pos: anim   rot: anim
    48 1.242848 0.000000 0.000000 -0.020757 0.073708 -0.548717   # pos: anim   rot: anim
    49 1.134823 0.000001 0.000000 -0.042617 0.101014 -0.797961   # pos: anim   rot: anim
    50 1.083369 -0.316865 -1.943353 1.056174 0.100072 -1.187505   # pos: anim   rot: anim
    51 1.164765 0.000000 0.000000 0.016659 0.092788 0.355088   # pos: anim   rot: anim
    52 1.206997 0.000000 0.000000 0.015880 0.090669 0.346594   # pos: pos   rot: anim
    53 3.202716 -1.851487 0.187593 0.000000 0.000000 0.000000   # pos: pos   rot: rot
  time 16
    0 -0.771904 -0.074216 36.918430 1.536642 -0.007178 -0.217381   # pos: anim   rot: anim
    1 3.890452 -0.000004 -0.000003 -1.862761 -0.360929 -1.459241   # pos: pos   rot: anim
    2 17.848177 0.000000 0.000000 0.000000 0.000000 0.521260   # pos: pos   rot: anim
    3 15.634601 0.000000 0.000000 -0.096154 -0.094528 -1.004627   # pos: anim   rot: anim
    4 7.336499 0.000000 0.000000 -0.006964 -0.003287 -0.673371   # pos: anim   rot: anim
    5 -3.890452 0.000007 0.000007 -1.343078 -0.010073 -1.705452   # pos: pos   rot: anim
    6 17.848175 0.000000 0.000000 0.000000 0.000000 0.530972   # pos: pos   rot: anim
    7 15.634605 0.000000 0.000000 0.242684 0.097038 -1.331797   # pos: anim   rot: anim
    8 7.336500 0.000000 0.000000 -0.080998 -0.003287 -0.673375   # pos: anim   rot: anim
    9 0.003911 3.345128 -2.981901 1.506288 0.084956 1.525205   # pos: anim   rot: anim
    10 4.018333 0.000000 0.000000 -0.118396 0.027948 -0.022651   # pos: pos   rot: anim
    11 3.518565 0.000000 0.000000 -0.104959 -0.021452 0.346907   # pos: pos   rot: anim
    12 8.942640 0.000001 0.000000 -0.094055 0.053787 0.363306   # pos: pos   rot: anim
    13 3.307229 0.000018 0.000000 3.141590 0.000000 0.400478   # pos: pos   rot: rot
    14 3.593713 0.000002 0.000000 0.625196 0.031971 0.862475   # pos: pos   rot: anim
    15 2.033434 1.000746 1.937661 1.979889 -1.028677 2.600823   # pos: pos   rot: anim
    16 6.028152 0.000003 0.000000 -1.417315 -0.742549 -0.737665   # pos: pos   rot: anim
    17 11.692552 0.000000 -0.000001 0.000000 0.000000 -0.760994   # pos: pos   rot: anim
    18 11.481670 0.000000 0.000000 0.164701 0.224378 0.224557   # pos: pos   rot: anim
    19 4.082367 0.064632 -1.453701 -0.233379 -0.061483 -0.226025   # pos: anim   rot: anim
    20 1.019585 0.000001 0.000001 -0.353196 0.366278 -1.533578   # pos: anim   rot: anim
    21 0.944213 0.000000 0.000000 -0.050215 0.188371 -0.519694   # pos: anim   rot: anim
    22 4.137645 0.074117 -0.529102 -0.039207 -0.062086 -0.277951   # pos: anim   rot: anim
    23 1.222677 -0.000001 0.000000 -0.170277 0.212740 -1.348586   # pos: anim   rot: anim
    24 1.157258 0.000001 0.000000 -0.016263 0.083188 -0.386078   # pos: anim   rot: anim
    25 4.008693 -0.074116 0.529102 0.115168 -0.063033 -0.319400   # pos: anim   rot: anim
    26 1.426597 -0.000001 0.000000 -0.058341 0.067812 -1.420887   # pos: anim   rot: anim
    27 1.322468 -0.000002 0.000000 -0.006963 0.030133 -0.454309   # pos: anim   rot: anim
    28 4.035646 -0.040289 1.535597 0.338929 0.003594 -0.664485   # pos: anim   rot: anim
    29 1.242852 0.000000 0.000000 0.061589 -0.118636 -0.956923   # pos: anim   rot: anim
    30 1.134824 0.000000 0.000000 0.036122 -0.095881 -0.720243   # pos: anim   rot: anim
    31 1.083400 -0.302045 1.946277 -1.043273 -0.188281 -1.104403   # pos: anim   rot: anim
    32 1.164764 0.000000 0.000001 0.003370 0.026658 0.251694   # pos: anim   rot: anim
    33 1.206993 0.000000 0.000000 0.000000 0.000001 0.000014   # pos: pos   rot: anim
    34 2.033441 1.000749 -1.937609 -0.616724 1.360748 3.994060   # pos: pos   rot: anim
    35 6.028154 -0.000003 0.000000 0.967157 0.804774 -0.949405   # pos: pos   rot: anim
    36 11.692548 0.000000 0.000001 0.000000 0.000000 -1.177193   # pos: pos   rot: anim
    37 11.481699 0.000000 0.000000 -1.357657 -0.101432 0.398561   # pos: pos   rot: anim
    38 4.082335 0.078375 1.450928 0.411138 -0.040233 -0.752117   # pos: anim   rot: anim
    39 1.019584 0.000001 0.000000 0.082430 -0.261838 -0.607018   # pos: anim   rot: anim
    40 0.944214 0.000000 0.000000 0.205128 -0.375116 -0.993826   # pos: anim   rot: anim
    41 4.137612 0.077673 0.528702 0.153465 -0.187802 -0.666582   # pos: anim   rot: anim
    42 1.222679 0.000000 0.000000 0.051546 -0.155709 -0.638351   # pos: anim   rot: anim
    43 1.157262 0.000001 0.000000 0.193935 -0.249762 -1.318455   # pos: anim   rot: anim
    44 4.008660 -0.077672 -0.528702 -0.162558 -0.082684 -0.614931   # pos: anim   rot: anim
    45 1.426599 0.000002 0.000000 0.023034 -0.060586 -0.726654   # pos: anim   rot: anim
    46 1.322465 -0.000001 0.000000 0.063171 -0.086687 -1.259096   # pos: anim   rot: anim
    47 4.035616 -0.051278 -1.538320 -0.357068 0.137811 -0.168695   # pos: anim   rot: anim
    48 1.242848 0.000000 0.000000 -0.020685 0.073600 -0.547744   # pos: anim   rot: anim
    49 1.134823 0.000001 0.000000 -0.044415 0.102728 -0.815641   # pos: anim   rot: anim
    50 1.083369 -0.316865 -1.943353 1.056174 0.100072 -1.187505   # pos: anim   rot: anim
    51 1.164765 0.000000 0.000000 0.016659 0.092788 0.355088   # pos: anim   rot: anim
    52 1.206997 0.000000 0.000000 0.015880 0.090669 0.346594   # pos: pos   rot: anim
    53 3.202716 -1.851487 0.187593 0.000000 0.000000 0.000000   # pos: pos   rot: rot
  time 17
    0 -0.490645 -0.078122 36.824677 1.536642 -0.007482 -0.226408   # pos: anim   rot: anim
    1 3.890452 -0.000004 -0.000003 -1.864774 -0.379820 -1.458286   # pos: pos   rot: anim
    2 17.848177 0.000000 0.000000 0.000000 0.000000 0.558813   # pos: pos   rot: anim
    3 15.634601 0.000000 0.000000 -0.098460 -0.104919 -1.023591   # pos: anim   rot: anim
    4 7.336499 0.000000 0.000000 -0.006964 -0.003287 -0.673371   # pos: anim   rot: anim
    5 -3.890452 0.000007 0.000007 -1.331844 -0.014219 -1.716561   # pos: pos   rot: anim
    6 17.848175 0.000000 0.000000 0.000000 0.000000 0.534711   # pos: pos   rot: anim
    7 15.634605 0.000000 0.000000 0.236031 0.075444 -1.330709   # pos: anim   rot: anim
    8 7.336500 0.000000 0.000000 -0.080998 -0.003287 -0.673375   # pos: anim   rot: anim
    9 0.003911 3.345128 -2.981901 1.498908 0.086208 1.546832   # pos: anim   rot: anim
    10 4.018333 0.000000 0.000000 -0.109923 0.033293 -0.017604   # pos: pos   rot: anim
    11 3.518565 0.000000 0.000000 -0.119880 -0.009300 0.369676   # pos: pos   rot: anim
    12 8.942640 0.000001 0.000000 -0.074676 0.070374 0.375543   # pos: pos   rot: anim
    13 3.307229 0.000018 0.000000 3.141590 0.000000 0.400478   # pos: pos   rot: rot
    14 3.593713 0.000002 0.000000 0.639239 0.084754 0.913827   # pos: pos   rot: anim
    15 2.033434 1.000746 1.937661 2.006511 -1.004727 2.580320   # pos: pos   rot: anim
    16 6.028152 0.000003 0.000000 -1.472179 -0.719763 -0.709260   # pos: pos   rot: anim
    17 11.692552 0.000000 -0.000001 0.000000 0.000000 -0.893928   # pos: pos   rot: anim
    18 11.481670 0.000000 0.000000 -0.010649 0.282943 0.260792   # pos: pos   rot: anim
    19 4.082367 0.064632 -1.453701 -0.242460 -0.064611 -0.173349   # pos: anim   rot: anim
    20 1.019585 0.000001 0.000001 -0.368225 0.366506 -1.575552   # pos: anim   rot: anim
    21 0.944213 0.000000 0.000000 -0.045110 0.179311 -0.491779   # pos: anim   rot: anim
    22 4.137645 0.074117 -0.529102 -0.042407 -0.070715 -0.229635   # pos: anim   rot: anim
    23 1.222677 -0.000001 0.000000 -0.176030 0.213939 -1.375765   # pos: anim   rot: anim
    24 1.157258 0.000001 0.000000 -0.013183 0.075194 -0.347135   # pos: anim   rot: anim
    25 4.008693 -0.074116 0.529102 0.112112 -0.071398 -0.273901   # pos: anim   rot: anim
    26 1.426597 -0.000001 0.000000 -0.060462 0.068100 -1.452205   # pos: anim   rot: anim
    27 1.322468 -0.000002 0.000000 -0.005932 0.027928 -0.418954   # pos: anim   rot: anim
    28 4.035646 -0.040289 1.535597 0.338965 -0.000636 -0.642964   # pos: anim   rot: anim
    29 1.242852 0.000000 0.000000 0.061529 -0.118600 -0.956485   # pos: anim   rot: anim
    30 1.134824 0.000000 0.000000 0.034540 -0.094048 -0.703478   # pos: anim   rot: anim
    31 1.083400 -0.302045 1.946277 -1.034193 -0.160742 -1.128375   # pos: anim   rot: anim
    32 1.164764 0.000000 0.000001 0.003370 0.026658 0.251694   # pos: anim   rot: anim
    33 1.206993 0.000000 0.000000 0.000000 0.000001 0.000014   # pos: pos   rot: anim
    34 2.033441 1.000749 -1.937609 -0.650045 1.336569 3.959103   # pos: pos   rot: anim
    35 6.028154 -0.000003 0.000000 0.878347 1.003927 -1.037296   # pos: pos   rot: anim
    36 11.692548 0.000000 0.000001 0.000000 0.000000 -1.026584   # pos: pos   rot: anim
    37 11.481699 0.000000 0.000000 -1.321270 -0.099195 0.408147   # pos: pos   rot: anim
    38 4.082335 0.078375 1.450928 0.411166 -0.020506 -0.752663   # pos: anim   rot: anim
    39 1.019584 0.000001 0.000000 0.082430 -0.261838 -0.607018   # pos: anim   rot: anim
    40 0.944214 0.000000 0.000000 0.205128 -0.375116 -0.993826   # pos: anim   rot: anim
    41 4.137612 0.077673 0.528702 0.156988 -0.173684 -0.678055   # pos: anim   rot: anim
    42 1.222679 0.000000 0.000000 0.051546 -0.155709 -0.638351   # pos: anim   rot: anim
    43 1.157262 0.000001 0.000000 0.193935 -0.249762 -1.318455   # pos: anim   rot: anim
    44 4.008660 -0.077672 -0.528702 -0.158771 -0.073995 -0.634680   # pos: anim   rot: anim
    45 1.426599 0.000002 0.000000 0.022495 -0.059975 -0.717669   # pos: anim   rot: anim
    46 1.322465 -0.000001 0.000000 0.066538 -0.087706 -1.297833   # pos: anim   rot: anim
    47 4.035616 -0.051278 -1.538320 -0.353364 0.152876 -0.155867   # pos: anim   rot: anim
    48 1.242848 0.000000 0.000000 -0.020577 0.073432 -0.546413   # pos: anim   rot: anim
    49 1.134823 0.000001 0.000000 -0.046932 0.105029 -0.839859   # pos: anim   rot: anim
    50 1.083369 -0.316865 -1.943353 1.056174 0.100072 -1.187505   # pos: anim   rot: anim
    51 1.164765 0.000000 0.000000 0.016659 0.092788 0.355088   # pos: anim   rot: anim
    52 1.206997 0.000000 0.000000 0.015880 0.090669 0.346594   # pos: pos   rot: anim
    53 3.202716 -1.851487 0.187593 0.000000 0.000000 0.000000   # pos: pos   rot: rot
  time 18
    0 -0.174229 -0.078122 36.730924 1.536701 -0.007786 -0.235435   # pos: anim   rot: anim
    1 3.890452 -0.000004 -0.000003 -1.866691 -0.397977 -1.458859   # pos: pos   rot: anim
    2 17.848177 0.000000 0.000000 0.000000 0.000000 0.593944   # pos: pos   rot: anim
    3 15.634601 0.000000 0.000000 -0.099908 -0.116207 -1.041278   # pos: anim   rot: anim
    4 7.336499 0.000000 0.000000 -0.006964 -0.003287 -0.673371   # pos: anim   rot: anim
    5 -3.890452 0.000007 0.000007 -1.320610 -0.018866 -1.728836   # pos: pos   rot: anim
    6 17.848175 0.000000 0.000000 0.000000 0.000000 0.538693   # pos: pos   rot: anim
    7 15.634605 0.000000 0.000000 0.229925 0.053254 -1.328865   # pos: anim   rot: anim
    8 7.336500 0.000000 0.000000 -0.080998 -0.003287 -0.673375   # pos: anim   rot: anim
    9 0.003911 3.345128 -2.981901 1.491740 0.087579 1.568111   # pos: anim   rot: anim
    10 4.018333 0.000000 0.000000 -0.101581 0.038447 -0.012656   # pos: pos   rot: anim
    11 3.518565 0.000000 0.000000 -0.134057 0.003200 0.391542   # pos: pos   rot: anim
    12 8.942640 0.000001 0.000000 -0.055441 0.086828 0.387671   # pos: pos   rot: anim
    13 3.307229 0.000018 0.000000 3.141590 0.000000 0.400478   # pos: pos   rot: rot
    14 3.593713 0.000002 0.000000 0.655163 0.137306 0.963859   # pos: pos   rot: anim
    15 2.033434 1.000746 1.937661 2.030836 -0.981130 2.562307   # pos: pos   rot: anim
    16 6.028152 0.000003 0.000000 -1.533638 -0.676686 -0.679173   # pos: pos   rot: anim
    17 11.692552 0.000000 -0.000001 0.000000 0.000000 -1.034387   # pos: pos   rot: anim
    18 11.481670 0.000000 0.000000 -0.184973 0.348532 0.288926   # pos: pos   rot: anim
    19 4.082367 0.064632 -1.453701 -0.251482 -0.067200 -0.121847   # pos: anim   rot: anim
    20 1.019585 0.000001 0.000001 -0.382906 0.366171 -1.616544   # pos: anim   rot: anim
    21 0.944213 0.000000 0.000000 -0.040388 0.170322 -0.464601   # pos: anim   rot: anim
    22 4.137645 0.074117 -0.529102 -0.045942 -0.078984 -0.182406   # pos: anim   rot: anim
    23 1.222677 -0.000001 0.000000 -0.181674 0.214945 -1.402308   # pos: anim   rot: anim
    24 1.157258 0.000001 0.000000 -0.010475 0.067272 -0.309136   # pos: anim   rot: anim
    25 4.008693 -0.074116 0.529102 0.108757 -0.079428 -0.229414   # pos: anim   rot: anim
    26 1.426597 -0.000001 0.000000 -0.062548 0.068315 -1.482793   # pos: anim   rot: anim
    27 1.322468 -0.000002 0.000000 -0.005010 0.025747 -0.384361   # pos: anim   rot: anim
    28 4.035646 -0.040289 1.535597 0.338905 -0.004771 -0.621953   # pos: anim   rot: anim
    29 1.242852 0.000000 0.000000 0.061481 -0.118564 -0.956010   # pos: anim   rot: anim
    30 1.134824 0.000000 0.000000 0.033018 -0.092238 -0.687103   # pos: anim   rot: anim
    31 1.083400 -0.302045 1.946277 -1.025992 -0.133662 -1.151465   # pos: anim   rot: anim
    32 1.164764 0.000000 0.000001 0.003370 0.026658 0.251694   # pos: anim   rot: anim
    33 1.206993 0.000000 0.000000 0.000000 0.000001 0.000014   # pos: pos   rot: anim
    34 2.033441 1.000749 -1.937609 -0.693868 1.295802 3.911696   # pos: pos   rot: anim
    35 6.028154 -0.000003 0.000000 0.656192 1.159497 -1.217364   # pos: pos   rot: anim
    36 11.692548 0.000000 0.000001 0.000000 0.000000 -0.911917   # pos: pos   rot: anim
    37 11.481699 0.000000 0.000000 -1.262998 -0.099787 0.424443   # pos: pos   rot: anim
    38 4.082335 0.078375 1.450928 0.411166 0.011852 -0.753551   # pos: anim   rot: anim
    39 1.019584 0.000001 0.000000 0.082430 -0.261838 -0.607018   # pos: anim   rot: anim
    40 0.944214 0.000000 0.000000 0.205128 -0.375116 -0.993826   # pos: anim   rot: anim
    41 4.137612 0.077673 0.528702 0.162393 -0.150434 -0.696738   # pos: anim   rot: anim
    42 1.222679 0.000000 0.000000 0.051546 -0.155709 -0.638351   # pos: anim   rot: anim
    43 1.157262 0.000001 0.000000 0.193935 -0.249762 -1.318455   # pos: anim   rot: anim
    44 4.008660 -0.077672 -0.528702 -0.152959 -0.059577 -0.667088   # pos: anim   rot: anim
    45 1.426599 0.000002 0.000000 0.021620 -0.058956 -0.702976   # pos: anim   rot: anim
    46 1.322465 -0.000001 0.000000 0.072147 -0.089072 -1.361309   # pos: anim   rot: anim
    47 4.035616 -0.051278 -1.538320 -0.346845 0.177480 -0.134584   # pos: anim   rot: anim
    48 1.242848 0.000000 0.000000 -0.020422 0.073168 -0.544206   # pos: anim   rot: anim
    49 1.134823 0.000001 0.000000 -0.051174 0.108660 -0.879655   # pos: anim   rot: anim
    50 1.083369 -0.316865 -1.943353 1.056174 0.100072 -1.187505   # pos: anim   rot: anim
    51 1.164765 0.000000 0.000000 0.016659 0.092788 0.355088   # pos: anim   rot: anim
    52 1.206997 0.000000 0.000000 0.015880 0.090669 0.346594   # pos: pos   rot: anim
    53 3.202716 -1.851487 0.187593 0.000000 0.000000 0.000000   # pos: pos   rot: rot
  time 19
    0 0.130468 -0.078122 36.637171 1.536760 -0.008120 -0.244463   # pos: anim   rot: anim
    1 3.890452 -0.000004 -0.000003 -1.868512 -0.414764 -1.459909   # pos: pos   rot: anim
    2 17.848177 0.000000 0.000000 0.000000 0.000000 0.625819   # pos: pos   rot: anim
    3 15.634601 0.000000 0.000000 -0.101356 -0.127554 -1.057215   # pos: anim   rot: anim
    4 7.336499 0.000000 0.000000 -0.006964 -0.003287 -0.673371   # pos: anim   rot: anim
    5 -3.890452 0.000007 0.000007 -1.309377 -0.028844 -1.742277   # pos: pos   rot: anim
    6 17.848175 0.000000 0.000000 0.000000 0.000000 0.552996   # pos: pos   rot: anim
    7 15.634605 0.000000 0.000000 0.223919 0.031306 -1.327682   # pos: anim   rot: anim
    8 7.336500 0.000000 0.000000 -0.080998 -0.003287 -0.673375   # pos: anim   rot: anim
    9 0.003911 3.345128 -2.981901 1.485103 0.088950 1.587203   # pos: anim   rot: anim
    10 4.018333 0.000000 0.000000 -0.093791 0.043204 -0.008024   # pos: pos   rot: anim
    11 3.518565 0.000000 0.000000 -0.146975 0.015220 0.411674   # pos: pos   rot: anim
    12 8.942640 0.000001 0.000000 -0.037296 0.102085 0.399212   # pos: pos   rot: anim
    13 3.307229 0.000018 0.000000 3.141590 0.000000 0.400478   # pos: pos   rot: rot
    14 3.593713 0.000002 0.000000 0.672443 0.185824 1.010513   # pos: pos   rot: anim
    15 2.033434 1.000746 1.937661 2.052000 -0.959261 2.547361   # pos: pos   rot: anim
    16 6.028152 0.000003 0.000000 -1.590700 -0.626079 -0.655719   # pos: pos   rot: anim
    17 11.692552 0.000000 -0.000001 0.000000 0.000000 -1.167473   # pos: pos   rot: anim
    18 11.481670 0.000000 0.000000 -0.348723 0.414232 0.306086   # pos: pos   rot: anim
    19 4.082367 0.064632 -1.453701 -0.259905 -0.069177 -0.074387   # pos: anim   rot: anim
    20 1.019585 0.000001 0.000001 -0.396404 0.365344 -1.654242   # pos: anim   rot: anim
    21 0.944213 0.000000 0.000000 -0.036253 0.161945 -0.439632   # pos: anim   rot: anim
    22 4.137645 0.074117 -0.529102 -0.049538 -0.086451 -0.138840   # pos: anim   rot: anim
    23 1.222677 -0.000001 0.000000 -0.186900 0.215748 -1.426757   # pos: anim   rot: anim
    24 1.157258 0.000001 0.000000 -0.008257 0.059877 -0.274178   # pos: anim   rot: anim
    25 4.008693 -0.074116 0.529102 0.105353 -0.086690 -0.188380   # pos: anim   rot: anim
    26 1.426597 -0.000001 0.000000 -0.064477 0.068447 -1.510968   # pos: anim   rot: anim
    27 1.322468 -0.000002 0.000000 -0.004219 0.023710 -0.352560   # pos: anim   rot: anim
    28 4.035646 -0.040289 1.535597 0.338773 -0.008570 -0.602635   # pos: anim   rot: anim
    29 1.242852 0.000000 0.000000 0.061421 -0.118528 -0.955609   # pos: anim   rot: anim
    30 1.134824 0.000000 0.000000 0.031639 -0.090536 -0.672036   # pos: anim   rot: anim
    31 1.083400 -0.302045 1.946277 -1.019036 -0.108523 -1.172423   # pos: anim   rot: anim
    32 1.164764 0.000000 0.000001 0.003370 0.026658 0.251694   # pos: anim   rot: anim
    33 1.206993 0.000000 0.000000 0.000000 0.000001 0.000014   # pos: pos   rot: anim
    34 2.033441 1.000749 -1.937609 -0.734827 1.240882 3.864671   # pos: pos   rot: anim
    35 6.028154 -0.000003 0.000000 0.199193 1.243320 -1.605461   # pos: pos   rot: anim
    36 11.692548 0.000000 0.000001 0.000000 0.000000 -0.811988   # pos: pos   rot: anim
    37 11.481699 0.000000 0.000000 -1.186299 -0.103407 0.446030   # pos: pos   rot: anim
    38 4.082335 0.078375 1.450928 0.411111 0.054769 -0.754781   # pos: anim   rot: anim
    39 1.019584 0.000001 0.000000 0.082430 -0.261838 -0.607018   # pos: anim   rot: anim
    40 0.944214 0.000000 0.000000 0.205128 -0.375116 -0.993826   # pos: anim   rot: anim
    41 4.137612 0.077673 0.528702 0.168877 -0.119453 -0.721210   # pos: anim   rot: anim
    42 1.222679 0.000000 0.000000 0.051546 -0.155709 -0.638351   # pos: anim   rot: anim
    43 1.157262 0.000001 0.000000 0.193935 -0.249762 -1.318455   # pos: anim   rot: anim
    44 4.008660 -0.077672 -0.528702 -0.145972 -0.040198 -0.709837   # pos: anim   rot: anim
    45 1.426599 0.000002 0.000000 0.020494 -0.057590 -0.683490   # pos: anim   rot: anim
    46 1.322465 -0.000001 0.000000 0.079698 -0.090343 -1.445548   # pos: anim   rot: anim
    47 4.035616 -0.051278 -1.538320 -0.337305 0.209899 -0.105989   # pos: anim   rot: anim
    48 1.242848 0.000000 0.000000 -0.020206 0.072821 -0.541286   # pos: anim   rot: anim
    49 1.134823 0.000001 0.000000 -0.057023 0.113214 -0.932495   # pos: anim   rot: anim
    50 1.083369 -0.316865 -1.943353 1.056174 0.100072 -1.187505   # pos: anim   rot: anim
    51 1.164765 0.000000 0.000000 0.016659 0.092788 0.355088   # pos: anim   rot: anim
    52 1.206997 0.000000 0.000000 0.015880 0.090669 0.346594   # pos: pos   rot: anim
    53 3.202716 -1.851487 0.187593 0.000000 0.000000 0.000000   # pos: pos   rot: rot
  time 20
    0 0.380475 -0.078122 36.543418 1.536819 -0.008424 -0.253585   # pos: anim   rot: anim
    1 3.890452 -0.000004 -0.000003 -1.870717 -0.432872 -1.458859   # pos: pos   rot: anim
    2 17.848177 0.000000 0.000000 0.000000 0.000000 0.659890   # pos: pos   rot: anim
    3 15.634601 0.000000 0.000000 -0.104448 -0.137261 -1.069132   # pos: anim   rot: anim
    4 7.336499 0.000000 0.000000 -0.006964 -0.003287 -0.673371   # pos: anim   rot: anim
    5 -3.890452 0.000007 0.000007 -1.298396 -0.043833 -1.756028   # pos: pos   rot: anim
    6 17.848175 0.000000 0.000000 0.000000 0.000000 0.578188   # pos: pos   rot: anim
    7 15.634605 0.000000 0.000000 0.217116 0.010571 -1.328013   # pos: anim   rot: anim
    8 7.336500 0.000000 0.000000 -0.080998 -0.003287 -0.673375   # pos: anim   rot: anim
    9 0.003911 3.345128 -2.981901 1.479316 0.090117 1.602565   # pos: anim   rot: anim
    10 4.018333 0.000000 0.000000 -0.086948 0.047351 -0.003923   # pos: pos   rot: anim
    11 3.518565 0.000000 0.000000 -0.158168 0.025839 0.429301   # pos: pos   rot: anim
    12 8.942640 0.000001 0.000000 -0.021273 0.115076 0.409651   # pos: pos   rot: anim
    13 3.307229 0.000018 0.000000 3.141590 0.000000 0.400478   # pos: pos   rot: rot
    14 3.593713 0.000002 0.000000 0.690161 0.226593 1.051536   # pos: pos   rot: anim
    15 2.033434 1.000746 1.937661 2.069238 -0.940533 2.535768   # pos: pos   rot: anim
    16 6.028152 0.000003 0.000000 -1.637344 -0.581046 -0.640769   # pos: pos   rot: anim
    17 11.692552 0.000000 -0.000001 0.000000 0.000000 -1.280038   # pos: pos   rot: anim
    18 11.481670 0.000000 0.000000 -0.491796 0.472426 0.312309   # pos: pos   rot: anim
    19 4.082367 0.064632 -1.453701 -0.267157 -0.070544 -0.033836   # pos: anim   rot: anim
    20 1.019585 0.000001 0.000001 -0.407895 0.364277 -1.686448   # pos: anim   rot: anim
    21 0.944213 0.000000 0.000000 -0.032898 0.154694 -0.418345   # pos: anim   rot: anim
    22 4.137645 0.074117 -0.529102 -0.052869 -0.092695 -0.101581   # pos: anim   rot: anim
    23 1.222677 -0.000001 0.000000 -0.191382 0.216348 -1.447693   # pos: anim   rot: anim
    24 1.157258 0.000001 0.000000 -0.006568 0.053514 -0.244332   # pos: anim   rot: anim
    25 4.008693 -0.074116 0.529102 0.102201 -0.092767 -0.153266   # pos: anim   rot: anim
    26 1.426597 -0.000001 0.000000 -0.066131 0.068531 -1.535014   # pos: anim   rot: anim
    27 1.322468 -0.000002 0.000000 -0.003595 0.021948 -0.325364   # pos: anim   rot: anim
    28 4.035646 -0.040289 1.535597 0.338605 -0.011818 -0.586095   # pos: anim   rot: anim
    29 1.242852 0.000000 0.000000 0.061385 -0.118504 -0.955244   # pos: anim   rot: anim
    30 1.134824 0.000000 0.000000 0.030489 -0.089074 -0.659162   # pos: anim   rot: anim
    31 1.083400 -0.302045 1.946277 -1.013544 -0.086982 -1.190144   # pos: anim   rot: anim
    32 1.164764 0.000000 0.000001 0.003370 0.026658 0.251694   # pos: anim   rot: anim
    33 1.206993 0.000000 0.000000 0.000000 0.000001 0.000014   # pos: pos   rot: anim
    34 2.033441 1.000749 -1.937609 -0.761655 1.187736 3.830576   # pos: pos   rot: anim
    35 6.028154 -0.000003 0.000000 -0.288147 1.231529 -2.020680   # pos: pos   rot: anim
    36 11.692548 0.000000 0.000001 0.000000 0.000000 -0.730705   # pos: pos   rot: anim
    37 11.481699 0.000000 0.000000 -1.112926 -0.108868 0.466352   # pos: pos   rot: anim
    38 4.082335 0.078375 1.450928 0.411028 0.095924 -0.755942   # pos: anim   rot: anim
    39 1.019584 0.000001 0.000000 0.082430 -0.261838 -0.607018   # pos: anim   rot: anim
    40 0.944214 0.000000 0.000000 0.205128 -0.375116 -0.993826   # pos: anim   rot: anim
    41 4.137612 0.077673 0.528702 0.174354 -0.089612 -0.744419   # pos: anim   rot: anim
    42 1.222679 0.000000 0.000000 0.051546 -0.155709 -0.638351   # pos: anim   rot: anim
    43 1.157262 0.000001 0.000000 0.193935 -0.249762 -1.318455   # pos: anim   rot: anim
    44 4.008660 -0.077672 -0.528702 -0.140051 -0.021347 -0.750716   # pos: anim   rot: anim
    45 1.426599 0.000002 0.000000 0.019427 -0.056260 -0.664780   # pos: anim   rot: anim
    46 1.322465 -0.000001 0.000000 0.087020 -0.090966 -1.526363   # pos: anim   rot: anim
    47 4.035616 -0.051278 -1.538320 -0.327202 0.240711 -0.078044   # pos: anim   rot: anim
    48 1.242848 0.000000 0.000000 -0.020002 0.072485 -0.538495   # pos: anim   rot: anim
    49 1.134823 0.000001 0.000000 -0.062847 0.117289 -0.983166   # pos: anim   rot: anim
    50 1.083369 -0.316865 -1.943353 1.056174 0.100072 -1.187505   # pos: anim   rot: anim
    51 1.164765 0.000000 0.000000 0.016659 0.092788 0.355088   # pos: anim   rot: anim
    52 1.206997 0.000000 0.000000 0.015880 0.090669 0.346594   # pos: pos   rot: anim
    53 3.202716 -1.851487 0.187593 0.000000 0.000000 0.000000   # pos: pos   rot: rot
  time 21
    0 0.528917 -0.078122 36.449665 1.536877 -0.008729 -0.262612   # pos: anim   rot: anim
    1 3.890452 -0.000004 -0.000003 -1.873209 -0.450100 -1.455137   # pos: pos   rot: anim
    2 17.848177 0.000000 0.000000 0.000000 0.000000 0.693052   # pos: pos   rot: anim
    3 15.634601 0.000000 0.000000 -0.109968 -0.144468 -1.077030   # pos: anim   rot: anim
    4 7.336499 0.000000 0.000000 -0.006964 -0.003287 -0.673371   # pos: anim   rot: anim
    5 -3.890452 0.000007 0.000007 -1.287500 -0.058367 -1.767603   # pos: pos   rot: anim
    6 17.848175 0.000000 0.000000 0.000000 0.000000 0.604356   # pos: pos   rot: anim
    7 15.634605 0.000000 0.000000 0.208519 -0.008226 -1.331419   # pos: anim   rot: anim
    8 7.336500 0.000000 0.000000 -0.080998 -0.003287 -0.673375   # pos: anim   rot: anim
    9 0.003911 3.345128 -2.981901 1.474538 0.090896 1.612360   # pos: anim   rot: anim
    10 4.018333 0.000000 0.000000 -0.081483 0.050695 -0.000569   # pos: pos   rot: anim
    11 3.518565 0.000000 0.000000 -0.167174 0.034108 0.443621   # pos: pos   rot: anim
    12 8.942640 0.000001 0.000000 -0.008377 0.124748 0.418352   # pos: pos   rot: anim
    13 3.307229 0.000018 0.000000 3.141590 0.000000 0.400478   # pos: pos   rot: rot
    14 3.593713 0.000002 0.000000 0.706829 0.255971 1.084387   # pos: pos   rot: anim
    15 2.033434 1.000746 1.937661 2.081879 -0.926241 2.527528   # pos: pos   rot: anim
    16 6.028152 0.000003 0.000000 -1.669364 -0.554691 -0.632079   # pos: pos   rot: anim
    17 11.692552 0.000000 -0.000001 0.000000 0.000000 -1.358932   # pos: pos   rot: anim
    18 11.481670 0.000000 0.000000 -0.602436 0.515792 0.310689   # pos: pos   rot: anim
    19 4.082367 0.064632 -1.453701 -0.272699 -0.071383 -0.003060   # pos: anim   rot: anim
    20 1.019585 0.000001 0.000001 -0.416580 0.363234 -1.710887   # pos: anim   rot: anim
    21 0.944213 0.000000 0.000000 -0.030465 0.149158 -0.402249   # pos: anim   rot: anim
    22 4.137645 0.074117 -0.529102 -0.055554 -0.097345 -0.073279   # pos: anim   rot: anim
    23 1.222677 -0.000001 0.000000 -0.194798 0.216731 -1.463544   # pos: anim   rot: anim
    24 1.157258 0.000001 0.000000 -0.005417 0.048648 -0.221727   # pos: anim   rot: anim
    25 4.008693 -0.074116 0.529102 0.099672 -0.097309 -0.126634   # pos: anim   rot: anim
    26 1.426597 -0.000001 0.000000 -0.067377 0.068567 -1.553286   # pos: anim   rot: anim
    27 1.322468 -0.000002 0.000000 -0.003164 0.020606 -0.304732   # pos: anim   rot: anim
    28 4.035646 -0.040289 1.535597 0.338450 -0.014275 -0.573547   # pos: anim   rot: anim
    29 1.242852 0.000000 0.000000 0.061349 -0.118480 -0.954952   # pos: anim   rot: anim
    30 1.134824 0.000000 0.000000 0.029614 -0.087948 -0.649401   # pos: anim   rot: anim
    31 1.083400 -0.302045 1.946277 -1.009663 -0.070545 -1.203528   # pos: anim   rot: anim
    32 1.164764 0.000000 0.000001 0.003370 0.026658 0.251694   # pos: anim   rot: anim
    33 1.206993 0.000000 0.000000 0.000000 0.000001 0.000014   # pos: pos   rot: anim
    34 2.033441 1.000749 -1.937609 -0.774735 1.152746 3.811996   # pos: pos   rot: anim
    35 6.028154 -0.000003 0.000000 -0.573295 1.188520 -2.254713   # pos: pos   rot: anim
    36 11.692548 0.000000 0.000001 0.000000 0.000000 -0.673109   # pos: pos   rot: anim
    37 11.481699 0.000000 0.000000 -1.064631 -0.113277 0.479465   # pos: pos   rot: anim
    38 4.082335 0.078375 1.450928 0.410945 0.123009 -0.756694   # pos: anim   rot: anim
    39 1.019584 0.000001 0.000000 0.082430 -0.261838 -0.607018   # pos: anim   rot: anim
    40 0.944214 0.000000 0.000000 0.205128 -0.375116 -0.993826   # pos: anim   rot: anim
    41 4.137612 0.077673 0.528702 0.177566 -0.069921 -0.759576   # pos: anim   rot: anim
    42 1.222679 0.000000 0.000000 0.051546 -0.155709 -0.638351   # pos: anim   rot: anim
    43 1.157262 0.000001 0.000000 0.193935 -0.249762 -1.318455   # pos: anim   rot: anim
    44 4.008660 -0.077672 -0.528702 -0.136588 -0.008811 -0.777508   # pos: anim   rot: anim
    45 1.426599 0.000002 0.000000 0.018732 -0.055385 -0.652482   # pos: anim   rot: anim
    46 1.322465 -0.000001 0.000000 0.091850 -0.091050 -1.579520   # pos: anim   rot: anim
    47 4.035616 -0.051278 -1.538320 -0.320035 0.260833 -0.059362   # pos: anim   rot: anim
    48 1.242848 0.000000 0.000000 -0.019870 0.072258 -0.536678   # pos: anim   rot: anim
    49 1.134823 0.000001 0.000000 -0.066802 0.119806 -1.016558   # pos: anim   rot: anim
    50 1.083369 -0.316865 -1.943353 1.056174 0.100072 -1.187505   # pos: anim   rot: anim
    51 1.164765 0.000000 0.000000 0.016659 0.092788 0.355088   # pos: anim   rot: anim
    52 1.206997 0.000000 0.000000 0.015880 0.090669 0.346594   # pos: pos   rot: anim
    53 3.202716 -1.851487 0.187593 0.000000 0.000000 0.000000   # pos: pos   rot: rot
  time 22
    0 0.540637 -0.078122 36.355912 1.536936 -0.009033 -0.271639   # pos: anim   rot: anim
    1 3.890452 -0.000004 -0.000003 -1.875126 -0.462531 -1.449314   # pos: pos   rot: anim
    2 17.848177 0.000000 0.000000 0.000000 0.000000 0.719021   # pos: pos   rot: anim
    3 15.634601 0.000000 0.000000 -0.118041 -0.149194 -1.081807   # pos: anim   rot: anim
    4 7.336499 0.000000 0.000000 -0.006964 -0.003287 -0.673371   # pos: anim   rot: anim
    5 -3.890452 0.000007 0.000007 -1.276857 -0.071808 -1.776615   # pos: pos   rot: anim
    6 17.848175 0.000000 0.000000 0.000000 0.000000 0.631743   # pos: pos   rot: anim
    7 15.634605 0.000000 0.000000 0.198152 -0.024915 -1.340123   # pos: anim   rot: anim
    8 7.336500 0.000000 0.000000 -0.080998 -0.003287 -0.673375   # pos: anim   rot: anim
    9 0.003911 3.345128 -2.981901 1.471936 0.090879 1.612757   # pos: anim   rot: anim
    10 4.018333 0.000000 0.000000 -0.078523 0.052540 0.001307   # pos: pos   rot: anim
    11 3.518565 0.000000 0.000000 -0.172134 0.038459 0.451546   # pos: pos   rot: anim
    12 8.942640 0.000001 0.000000 -0.001354 0.129649 0.423265   # pos: pos   rot: anim
    13 3.307229 0.000018 0.000000 3.141590 0.000000 0.400478   # pos: pos   rot: rot
    14 3.593713 0.000002 0.000000 0.717197 0.266829 1.101118   # pos: pos   rot: anim
    15 2.033434 1.000746 1.937661 2.088199 -0.918860 2.523504   # pos: pos   rot: anim
    16 6.028152 0.000003 0.000000 -1.685518 -0.543983 -0.624884   # pos: pos   rot: anim
    17 11.692552 0.000000 -0.000001 0.000000 0.000000 -1.395795   # pos: pos   rot: anim
    18 11.481670 0.000000 0.000000 -0.660360 0.537308 0.307375   # pos: pos   rot: anim
    19 4.082367 0.064632 -1.453701 -0.275595 -0.071754 0.012887   # pos: anim   rot: anim
    20 1.019585 0.000001 0.000001 -0.421071 0.362611 -1.723518   # pos: anim   rot: anim
    21 0.944213 0.000000 0.000000 -0.029230 0.146269 -0.393902   # pos: anim   rot: anim
    22 4.137645 0.074117 -0.529102 -0.057004 -0.099729 -0.058609   # pos: anim   rot: anim
    23 1.222677 -0.000001 0.000000 -0.196559 0.216911 -1.471768   # pos: anim   rot: anim
    24 1.157258 0.000001 0.000000 -0.004854 0.046119 -0.209983   # pos: anim   rot: anim
    25 4.008693 -0.074116 0.529102 0.098318 -0.099646 -0.112797   # pos: anim   rot: anim
    26 1.426597 -0.000001 0.000000 -0.068025 0.068579 -1.562751   # pos: anim   rot: anim
    27 1.322468 -0.000002 0.000000 -0.002936 0.019898 -0.294035   # pos: anim   rot: anim
    28 4.035646 -0.040289 1.535597 0.338342 -0.015545 -0.567033   # pos: anim   rot: anim
    29 1.242852 0.000000 0.000000 0.061337 -0.118468 -0.954806   # pos: anim   rot: anim
    30 1.134824 0.000000 0.000000 0.029182 -0.087372 -0.644343   # pos: anim   rot: anim
    31 1.083400 -0.302045 1.946277 -1.007686 -0.061995 -1.210440   # pos: anim   rot: anim
    32 1.164764 0.000000 0.000001 0.003370 0.026658 0.251694   # pos: anim   rot: anim
    33 1.206993 0.000000 0.000000 0.000000 0.000001 0.000014   # pos: pos   rot: anim
    34 2.033441 1.000749 -1.937609 -0.778840 1.139583 3.805675   # pos: pos   rot: anim
    35 6.028154 -0.000003 0.000000 -0.686324 1.163316 -2.349127   # pos: pos   rot: anim
    36 11.692548 0.000000 0.000001 0.000000 0.000000 -0.644761   # pos: pos   rot: anim
    37 11.481699 0.000000 0.000000 -1.046405 -0.115021 0.484297   # pos: pos   rot: anim
    38 4.082335 0.078375 1.450928 0.410917 0.133208 -0.756967   # pos: anim   rot: anim
    39 1.019584 0.000001 0.000000 0.082430 -0.261838 -0.607018   # pos: anim   rot: anim
    40 0.944214 0.000000 0.000000 0.205128 -0.375116 -0.993826   # pos: anim   rot: anim
    41 4.137612 0.077673 0.528702 0.178705 -0.062479 -0.765260   # pos: anim   rot: anim
    42 1.222679 0.000000 0.000000 0.051546 -0.155709 -0.638351   # pos: anim   rot: anim
    43 1.157262 0.000001 0.000000 0.193935 -0.249762 -1.318455   # pos: anim   rot: anim
    44 4.008660 -0.077672 -0.528702 -0.135365 -0.004065 -0.787605   # pos: anim   rot: anim
    45 1.426599 0.000002 0.000000 0.018480 -0.055049 -0.647831   # pos: anim   rot: anim
    46 1.322465 -0.000001 0.000000 0.093672 -0.091014 -1.599565   # pos: anim   rot: anim
    47 4.035616 -0.051278 -1.538320 -0.317219 0.268384 -0.052285   # pos: anim   rot: anim
    48 1.242848 0.000000 0.000000 -0.019822 0.072174 -0.535964   # pos: anim   rot: anim
    49 1.134823 0.000001 0.000000 -0.068312 0.120716 -1.029167   # pos: anim   rot: anim
    50 1.083369 -0.316865 -1.943353 1.056174 0.100072 -1.187505   # pos: anim   rot: anim
    51 1.164765 0.000000 0.000000 0.016659 0.092788 0.355088   # pos: anim   rot: anim
    52 1.206997 0.000000 0.000000 0.015880 0.090669 0.346594   # pos: pos   rot: anim
    53 3.202716 -1.851487 0.187593 0.000000 0.000000 0.000000   # pos: pos   rot: rot
  time 23
    0 0.435165 -0.078122 36.262160 1.536995 -0.009337 -0.280761   # pos: anim   rot: anim
    1 3.890452 -0.000004 -0.000003 -1.876372 -0.469431 -1.442632   # pos: pos   rot: anim
    2 17.848177 0.000000 0.000000 0.000000 0.000000 0.736662   # pos: pos   rot: anim
    3 15.634601 0.000000 0.000000 -0.127881 -0.152436 -1.084881   # pos: anim   rot: anim
    4 7.336499 0.000000 0.000000 -0.006964 -0.003287 -0.673371   # pos: anim   rot: anim
    5 -3.890452 0.000007 0.000007 -1.267060 -0.083608 -1.783374   # pos: pos   rot: anim
    6 17.848175 0.000000 0.000000 0.000000 0.000000 0.658887   # pos: pos   rot: anim
    7 15.634605 0.000000 0.000000 0.187012 -0.039814 -1.353651   # pos: anim   rot: anim
    8 7.336500 0.000000 0.000000 -0.080998 -0.003287 -0.673375   # pos: anim   rot: anim
    9 0.003911 3.345128 -2.981901 1.471565 0.089999 1.603709   # pos: anim   rot: anim
    10 4.018333 0.000000 0.000000 -0.078152 0.052768 0.001539   # pos: pos   rot: anim
    11 3.518565 0.000000 0.000000 -0.172744 0.039010 0.452537   # pos: pos   rot: anim
    12 8.942640 0.000001 0.000000 -0.000479 0.130261 0.423889   # pos: pos   rot: anim
    13 3.307229 0.000018 0.000000 3.141590 0.000000 0.400478   # pos: pos   rot: rot
    14 3.593713 0.000002 0.000000 0.719122 0.259561 1.100281   # pos: pos   rot: anim
    15 2.033434 1.000746 1.937661 2.088965 -0.917918 2.523025   # pos: pos   rot: anim
    16 6.028152 0.000003 0.000000 -1.690583 -0.536209 -0.616568   # pos: pos   rot: anim
    17 11.692552 0.000000 -0.000001 0.000000 0.000000 -1.400431   # pos: pos   rot: anim
    18 11.481670 0.000000 0.000000 -0.667620 0.539984 0.306859   # pos: pos   rot: anim
    19 4.082367 0.064632 -1.453701 -0.275946 -0.071802 0.014908   # pos: anim   rot: anim
    20 1.019585 0.000001 0.000001 -0.421637 0.362527 -1.725126   # pos: anim   rot: anim
    21 0.944213 0.000000 0.000000 -0.029087 0.145910 -0.392850   # pos: anim   rot: anim
    22 4.137645 0.074117 -0.529102 -0.057184 -0.100029 -0.056778   # pos: anim   rot: anim
    23 1.222677 -0.000001 0.000000 -0.196787 0.216923 -1.472778   # pos: anim   rot: anim
    24 1.157258 0.000001 0.000000 -0.004782 0.045808 -0.208523   # pos: anim   rot: anim
    25 4.008693 -0.074116 0.529102 0.098138 -0.099933 -0.111071   # pos: anim   rot: anim
    26 1.426597 -0.000001 0.000000 -0.068108 0.068579 -1.563957   # pos: anim   rot: anim
    27 1.322468 -0.000002 0.000000 -0.002912 0.019815 -0.292693   # pos: anim   rot: anim
    28 4.035646 -0.040289 1.535597 0.338330 -0.015701 -0.566235   # pos: anim   rot: anim
    29 1.242852 0.000000 0.000000 0.061337 -0.118468 -0.954806   # pos: anim   rot: anim
    30 1.134824 0.000000 0.000000 0.029123 -0.087300 -0.643706   # pos: anim   rot: anim
    31 1.083400 -0.302045 1.946277 -1.007466 -0.060949 -1.211322   # pos: anim   rot: anim
    32 1.164764 0.000000 0.000001 0.003370 0.026658 0.251694   # pos: anim   rot: anim
    33 1.206993 0.000000 0.000000 0.000000 0.000001 0.000014   # pos: pos   rot: anim
    34 2.033441 1.000749 -1.937609 -0.779318 1.137933 3.804909   # pos: pos   rot: anim
    35 6.028154 -0.000003 0.000000 -0.694753 1.152671 -2.360964   # pos: pos   rot: anim
    36 11.692548 0.000000 0.000001 0.000000 0.000000 -0.641227   # pos: pos   rot: anim
    37 11.481699 0.000000 0.000000 -1.044143 -0.115251 0.484910   # pos: pos   rot: anim
    38 4.082335 0.078375 1.450928 0.410917 0.134478 -0.757035   # pos: anim   rot: anim
    39 1.019584 0.000001 0.000000 0.082430 -0.261838 -0.607018   # pos: anim   rot: anim
    40 0.944214 0.000000 0.000000 0.205128 -0.375116 -0.993826   # pos: anim   rot: anim
    41 4.137612 0.077673 0.528702 0.178836 -0.061556 -0.765944   # pos: anim   rot: anim
    42 1.222679 0.000000 0.000000 0.051546 -0.155709 -0.638351   # pos: anim   rot: anim
    43 1.157262 0.000001 0.000000 0.193935 -0.249762 -1.318455   # pos: anim   rot: anim
    44 4.008660 -0.077672 -0.528702 -0.135222 -0.003477 -0.788885   # pos: anim   rot: anim
    45 1.426599 0.000002 0.000000 0.018444 -0.055002 -0.647267   # pos: anim   rot: anim
    46 1.322465 -0.000001 0.000000 0.093899 -0.091014 -1.602060   # pos: anim   rot: anim
    47 4.035616 -0.051278 -1.538320 -0.316859 0.269330 -0.051374   # pos: anim   rot: anim
    48 1.242848 0.000000 0.000000 -0.019810 0.072162 -0.535899   # pos: anim   rot: anim
    49 1.134823 0.000001 0.000000 -0.068504 0.120836 -1.030735   # pos: anim   rot: anim
    50 1.083369 -0.316865 -1.943353 1.056174 0.100072 -1.187505   # pos: anim   rot: anim
    51 1.164765 0.000000 0.000000 0.016659 0.092788 0.355088   # pos: anim   rot: anim
    52 1.206997 0.000000 0.000000 0.015880 0.090669 0.346594   # pos: pos   rot: anim
    53 3.202716 -1.851487 0.187593 0.000000 0.000000 0.000000   # pos: pos   rot: rot
  time 24
    0 0.267191 -0.082029 36.168407 1.537054 -0.009641 -0.289789   # pos: anim   rot: anim
    1 3.890452 -0.000004 -0.000003 -1.876756 -0.471585 -1.436333   # pos: pos   rot: anim
    2 17.848177 0.000000 0.000000 0.000000 0.000000 0.747262   # pos: pos   rot: anim
    3 15.634601 0.000000 0.000000 -0.138334 -0.155307 -1.088333   # pos: anim   rot: anim
    4 7.336499 0.000000 0.000000 -0.006964 -0.003287 -0.673371   # pos: anim   rot: anim
    5 -3.890452 0.000007 0.000007 -1.258866 -0.092903 -1.788191   # pos: pos   rot: anim
    6 17.848175 0.000000 0.000000 0.000000 0.000000 0.682860   # pos: pos   rot: anim
    7 15.634605 0.000000 0.000000 0.176222 -0.052904 -1.370302   # pos: anim   rot: anim
    8 7.336500 0.000000 0.000000 -0.080998 -0.003287 -0.673375   # pos: anim   rot: anim
    9 0.003911 3.345128 -2.981901 1.472520 0.088611 1.589241   # pos: anim   rot: anim
    10 4.018333 0.000000 0.000000 -0.079266 0.052085 0.000842   # pos: pos   rot: anim
    11 3.518565 0.000000 0.000000 -0.170887 0.037368 0.449565   # pos: pos   rot: anim
    12 8.942640 0.000001 0.000000 -0.003116 0.128427 0.422031   # pos: pos   rot: anim
    13 3.307229 0.000018 0.000000 3.141590 0.000000 0.400478   # pos: pos   rot: rot
    14 3.593713 0.000002 0.000000 0.716278 0.241966 1.089470   # pos: pos   rot: anim
    15 2.033434 1.000746 1.937661 2.086667 -0.920705 2.524462   # pos: pos   rot: anim
    16 6.028152 0.000003 0.000000 -1.689150 -0.530097 -0.607318   # pos: pos   rot: anim
    17 11.692552 0.000000 -0.000001 0.000000 0.000000 -1.386598   # pos: pos   rot: anim
    18 11.481670 0.000000 0.000000 -0.645760 0.531957 0.308332   # pos: pos   rot: anim
    19 4.082367 0.064632 -1.453701 -0.274864 -0.071670 0.008900   # pos: anim   rot: anim
    20 1.019585 0.000001 0.000001 -0.419951 0.362779 -1.720380   # pos: anim   rot: anim
    21 0.944213 0.000000 0.000000 -0.029542 0.147000 -0.395971   # pos: anim   rot: anim
    22 4.137645 0.074117 -0.529102 -0.056644 -0.099142 -0.062270   # pos: anim   rot: anim
    23 1.222677 -0.000001 0.000000 -0.196128 0.216863 -1.469712   # pos: anim   rot: anim
    24 1.157258 0.000001 0.000000 -0.004998 0.046754 -0.212934   # pos: anim   rot: anim
    25 4.008693 -0.074116 0.529102 0.098654 -0.099059 -0.116249   # pos: anim   rot: anim
    26 1.426597 -0.000001 0.000000 -0.067869 0.068567 -1.560376   # pos: anim   rot: anim
    27 1.322468 -0.000002 0.000000 -0.002996 0.020078 -0.296718   # pos: anim   rot: anim
    28 4.035646 -0.040289 1.535597 0.338378 -0.015233 -0.568661   # pos: anim   rot: anim
    29 1.242852 0.000000 0.000000 0.061337 -0.118468 -0.954842   # pos: anim   rot: anim
    30 1.134824 0.000000 0.000000 0.029290 -0.087516 -0.645616   # pos: anim   rot: anim
    31 1.083400 -0.302045 1.946277 -1.008198 -0.064139 -1.208675   # pos: anim   rot: anim
    32 1.164764 0.000000 0.000001 0.003370 0.026658 0.251694   # pos: anim   rot: anim
    33 1.206993 0.000000 0.000000 0.000000 0.000001 0.000014   # pos: pos   rot: anim
    34 2.033441 1.000749 -1.937609 -0.777790 1.142843 3.807207   # pos: pos   rot: anim
    35 6.028154 -0.000003 0.000000 -0.648618 1.151668 -2.331046   # pos: pos   rot: anim
    36 11.692548 0.000000 0.000001 0.000000 0.000000 -0.651980   # pos: pos   rot: anim
    37 11.481699 0.000000 0.000000 -1.050995 -0.114593 0.483070   # pos: pos   rot: anim
    38 4.082335 0.078375 1.450928 0.410917 0.130655 -0.756899   # pos: anim   rot: anim
    39 1.019584 0.000001 0.000000 0.082430 -0.261838 -0.607018   # pos: anim   rot: anim
    40 0.944214 0.000000 0.000000 0.205128 -0.375116 -0.993826   # pos: anim   rot: anim
    41 4.137612 0.077673 0.528702 0.178429 -0.064336 -0.763839   # pos: anim   rot: anim
    42 1.222679 0.000000 0.000000 0.051546 -0.155709 -0.638351   # pos: anim   rot: anim
    43 1.157262 0.000001 0.000000 0.193935 -0.249762 -1.318455   # pos: anim   rot: anim
    44 4.008660 -0.077672 -0.528702 -0.135665 -0.005251 -0.785093   # pos: anim   rot: anim
    45 1.426599 0.000002 0.000000 0.018540 -0.055133 -0.648994   # pos: anim   rot: anim
    46 1.322465 -0.000001 0.000000 0.093216 -0.091026 -1.594575   # pos: anim   rot: anim
    47 4.035616 -0.051278 -1.538320 -0.317926 0.266502 -0.054054   # pos: anim   rot: anim
    48 1.242848 0.000000 0.000000 -0.019834 0.072198 -0.536159   # pos: anim   rot: anim
    49 1.134823 0.000001 0.000000 -0.067929 0.120501 -1.025998   # pos: anim   rot: anim
    50 1.083369 -0.316865 -1.943353 1.056174 0.100072 -1.187505   # pos: anim   rot: anim
    51 1.164765 0.000000 0.000000 0.016659 0.092788 0.355088   # pos: anim   rot: anim
    52 1.206997 0.000000 0.000000 0.015880 0.090669 0.346594   # pos: pos   rot: anim
    53 3.202716 -1.851487 0.187593 0.000000 0.000000 0.000000   # pos: pos   rot: rot
  time 25
    0 0.079685 -0.082029 36.074654 1.537113 -0.009945 -0.298816   # pos: anim   rot: anim
    1 3.890452 -0.000004 -0.000003 -1.876372 -0.469627 -1.431369   # pos: pos   rot: anim
    2 17.848177 0.000000 0.000000 0.000000 0.000000 0.751351   # pos: pos   rot: anim
    3 15.634601 0.000000 0.000000 -0.148198 -0.158920 -1.094244   # pos: anim   rot: anim
    4 7.336499 0.000000 0.000000 -0.006964 -0.003287 -0.673371   # pos: anim   rot: anim
    5 -3.890452 0.000007 0.000007 -1.253123 -0.099008 -1.791143   # pos: pos   rot: anim
    6 17.848175 0.000000 0.000000 0.000000 0.000000 0.701145   # pos: pos   rot: anim
    7 15.634605 0.000000 0.000000 0.166802 -0.064074 -1.388324   # pos: anim   rot: anim
    8 7.336500 0.000000 0.000000 -0.080998 -0.003287 -0.673375   # pos: anim   rot: anim
    9 0.003911 3.345128 -2.981901 1.473795 0.087122 1.573381   # pos: anim   rot: anim
    10 4.018333 0.000000 0.000000 -0.080752 0.051162 -0.000105   # pos: pos   rot: anim
    11 3.518565 0.000000 0.000000 -0.168407 0.035187 0.445602   # pos: pos   rot: anim
    12 8.942640 0.000001 0.000000 -0.006627 0.125982 0.419574   # pos: pos   rot: anim
    13 3.307229 0.000018 0.000000 3.141590 0.000000 0.400478   # pos: pos   rot: rot
    14 3.593713 0.000002 0.000000 0.712385 0.221777 1.076214   # pos: pos   rot: anim
    15 2.033434 1.000746 1.937661 2.083411 -0.924396 2.526474   # pos: pos   rot: anim
    16 6.028152 0.000003 0.000000 -1.685709 -0.524523 -0.597881   # pos: pos   rot: anim
    17 11.692552 0.000000 -0.000001 0.000000 0.000000 -1.368205   # pos: pos   rot: anim
    18 11.481670 0.000000 0.000000 -0.616798 0.521181 0.309989   # pos: pos   rot: anim
    19 4.082367 0.064632 -1.453701 -0.273431 -0.071478 0.000927   # pos: anim   rot: anim
    20 1.019585 0.000001 0.000001 -0.417699 0.363079 -1.714025   # pos: anim   rot: anim
    21 0.944213 0.000000 0.000000 -0.030153 0.148439 -0.400144   # pos: anim   rot: anim
    22 4.137645 0.074117 -0.529102 -0.055913 -0.097944 -0.069618   # pos: anim   rot: anim
    23 1.222677 -0.000001 0.000000 -0.195241 0.216779 -1.465600   # pos: anim   rot: anim
    24 1.157258 0.000001 0.000000 -0.005273 0.048025 -0.218776   # pos: anim   rot: anim
    25 4.008693 -0.074116 0.529102 0.099337 -0.097896 -0.123152   # pos: anim   rot: anim
    26 1.426597 -0.000001 0.000000 -0.067533 0.068567 -1.555662   # pos: anim   rot: anim
    27 1.322468 -0.000002 0.000000 -0.003104 0.020426 -0.302049   # pos: anim   rot: anim
    28 4.035646 -0.040289 1.535597 0.338426 -0.014586 -0.571918   # pos: anim   rot: anim
    29 1.242852 0.000000 0.000000 0.061349 -0.118468 -0.954915   # pos: anim   rot: anim
    30 1.134824 0.000000 0.000000 0.029506 -0.087804 -0.648127   # pos: anim   rot: anim
    31 1.083400 -0.302045 1.946277 -1.009150 -0.068401 -1.205292   # pos: anim   rot: anim
    32 1.164764 0.000000 0.000001 0.003370 0.026658 0.251694   # pos: anim   rot: anim
    33 1.206993 0.000000 0.000000 0.000000 0.000001 0.000014   # pos: pos   rot: anim
    34 2.033441 1.000749 -1.937609 -0.775785 1.149445 3.810368   # pos: pos   rot: anim
    35 6.028154 -0.000003 0.000000 -0.588643 1.151907 -2.290316   # pos: pos   rot: anim
    36 11.692548 0.000000 0.000001 0.000000 0.000000 -0.666116   # pos: pos   rot: anim
    37 11.481699 0.000000 0.000000 -1.060108 -0.113705 0.480654   # pos: pos   rot: anim
    38 4.082335 0.078375 1.450928 0.410945 0.125550 -0.756762   # pos: anim   rot: anim
    39 1.019584 0.000001 0.000000 0.082430 -0.261838 -0.607018   # pos: anim   rot: anim
    40 0.944214 0.000000 0.000000 0.205128 -0.375116 -0.993826   # pos: anim   rot: anim
    41 4.137612 0.077673 0.528702 0.177854 -0.068063 -0.760997   # pos: anim   rot: anim
    42 1.222679 0.000000 0.000000 0.051546 -0.155709 -0.638351   # pos: anim   rot: anim
    43 1.157262 0.000001 0.000000 0.193935 -0.249762 -1.318455   # pos: anim   rot: anim
    44 4.008660 -0.077672 -0.528702 -0.136276 -0.007624 -0.780020   # pos: anim   rot: anim
    45 1.426599 0.000002 0.000000 0.018672 -0.055301 -0.651320   # pos: anim   rot: anim
    46 1.322465 -0.000001 0.000000 0.092305 -0.091050 -1.584552   # pos: anim   rot: anim
    47 4.035616 -0.051278 -1.538320 -0.319340 0.262727 -0.057593   # pos: anim   rot: anim
    48 1.242848 0.000000 0.000000 -0.019858 0.072234 -0.536483   # pos: anim   rot: anim
    49 1.134823 0.000001 0.000000 -0.067174 0.120033 -1.019727   # pos: anim   rot: anim
    50 1.083369 -0.316865 -1.943353 1.056174 0.100072 -1.187505   # pos: anim   rot: anim
    51 1.164765 0.000000 0.000000 0.016659 0.092788 0.355088   # pos: anim   rot: anim
    52 1.206997 0.000000 0.000000 0.015880 0.090669 0.346594   # pos: pos   rot: anim
    53 3.202716 -1.851487 0.187593 0.000000 0.000000 0.000000   # pos: pos   rot: rot
  time 26
    0 -0.072663 -0.082029 35.980901 1.537231 -0.010249 -0.307938   # pos: anim   rot: anim
    1 3.890452 -0.000004 -0.000003 -1.875414 -0.463999 -1.428792   # pos: pos   rot: anim
    2 17.848177 0.000000 0.000000 0.000000 0.000000 0.749155   # pos: pos   rot: anim
    3 15.634601 0.000000 0.000000 -0.156222 -0.164291 -1.104317   # pos: anim   rot: anim
    4 7.336499 0.000000 0.000000 -0.006964 -0.003287 -0.673371   # pos: anim   rot: anim
    5 -3.890452 0.000007 0.000007 -1.250589 -0.101468 -1.792386   # pos: pos   rot: anim
    6 17.848175 0.000000 0.000000 0.000000 0.000000 0.710897   # pos: pos   rot: anim
    7 15.634605 0.000000 0.000000 0.159824 -0.073118 -1.406015   # pos: anim   rot: anim
    8 7.336500 0.000000 0.000000 -0.080998 -0.003287 -0.673375   # pos: anim   rot: anim
    9 0.003911 3.345128 -2.981901 1.474485 0.085904 1.560306   # pos: anim   rot: anim
    10 4.018333 0.000000 0.000000 -0.081483 0.050695 -0.000569   # pos: pos   rot: anim
    11 3.518565 0.000000 0.000000 -0.167174 0.034108 0.443621   # pos: pos   rot: anim
    12 8.942640 0.000001 0.000000 -0.008377 0.124748 0.418352   # pos: pos   rot: anim
    13 3.307229 0.000018 0.000000 3.141590 0.000000 0.400478   # pos: pos   rot: rot
    14 3.593713 0.000002 0.000000 0.710941 0.206742 1.067977   # pos: pos   rot: anim
    15 2.033434 1.000746 1.937661 2.081879 -0.926241 2.527528   # pos: pos   rot: anim
    16 6.028152 0.000003 0.000000 -1.685422 -0.518068 -0.589004   # pos: pos   rot: anim
    17 11.692552 0.000000 -0.000001 0.000000 0.000000 -1.358932   # pos: pos   rot: anim
    18 11.481670 0.000000 0.000000 -0.602436 0.515792 0.310689   # pos: pos   rot: anim
    19 4.082367 0.064632 -1.453701 -0.272699 -0.071383 -0.003060   # pos: anim   rot: anim
    20 1.019585 0.000001 0.000001 -0.416580 0.363234 -1.710887   # pos: anim   rot: anim
    21 0.944213 0.000000 0.000000 -0.030465 0.149158 -0.402249   # pos: anim   rot: anim
    22 4.137645 0.074117 -0.529102 -0.055554 -0.097345 -0.073279   # pos: anim   rot: anim
    23 1.222677 -0.000001 0.000000 -0.194798 0.216731 -1.463544   # pos: anim   rot: anim
    24 1.157258 0.000001 0.000000 -0.005417 0.048648 -0.221727   # pos: anim   rot: anim
    25 4.008693 -0.074116 0.529102 0.099672 -0.097309 -0.126634   # pos: anim   rot: anim
    26 1.426597 -0.000001 0.000000 -0.067377 0.068567 -1.553286   # pos: anim   rot: anim
    27 1.322468 -0.000002 0.000000 -0.003164 0.020606 -0.304732   # pos: anim   rot: anim
    28 4.035646 -0.040289 1.535597 0.338450 -0.014275 -0.573547   # pos: anim   rot: anim
    29 1.242852 0.000000 0.000000 0.061349 -0.118480 -0.954952   # pos: anim   rot: anim
    30 1.134824 0.000000 0.000000 0.029614 -0.087948 -0.649401   # pos: anim   rot: anim
    31 1.083400 -0.302045 1.946277 -1.009663 -0.070545 -1.203528   # pos: anim   rot: anim
    32 1.164764 0.000000 0.000001 0.003370 0.026658 0.251694   # pos: anim   rot: anim
    33 1.206993 0.000000 0.000000 0.000000 0.000001 0.000014   # pos: pos   rot: anim
    34 2.033441 1.000749 -1.937609 -0.774735 1.152746 3.811996   # pos: pos   rot: anim
    35 6.028154 -0.000003 0.000000 -0.556970 1.147420 -2.271489   # pos: pos   rot: anim
    36 11.692548 0.000000 0.000001 0.000000 0.000000 -0.673109   # pos: pos   rot: anim
    37 11.481699 0.000000 0.000000 -1.064631 -0.113277 0.479465   # pos: pos   rot: anim
    38 4.082335 0.078375 1.450928 0.410945 0.123009 -0.756694   # pos: anim   rot: anim
    39 1.019584 0.000001 0.000000 0.082430 -0.261838 -0.607018   # pos: anim   rot: anim
    40 0.944214 0.000000 0.000000 0.205128 -0.375116 -0.993826   # pos: anim   rot: anim
    41 4.137612 0.077673 0.528702 0.177566 -0.069921 -0.759576   # pos: anim   rot: anim
    42 1.222679 0.000000 0.000000 0.051546 -0.155709 -0.638351   # pos: anim   rot: anim
    43 1.157262 0.000001 0.000000 0.193935 -0.249762 -1.318455   # pos: anim   rot: anim
    44 4.008660 -0.077672 -0.528702 -0.136588 -0.008811 -0.777508   # pos: anim   rot: anim
    45 1.426599 0.000002 0.000000 0.018732 -0.055385 -0.652482   # pos: anim   rot: anim
    46 1.322465 -0.000001 0.000000 0.091850 -0.091050 -1.579520   # pos: anim   rot: anim
    47 4.035616 -0.051278 -1.538320 -0.320035 0.260833 -0.059362   # pos: anim   rot: anim
    48 1.242848 0.000000 0.000000 -0.019870 0.072258 -0.536678   # pos: anim   rot: anim
    49 1.134823 0.000001 0.000000 -0.066802 0.119806 -1.016558   # pos: anim   rot: anim
    50 1.083369 -0.316865 -1.943353 1.056174 0.100072 -1.187505   # pos: anim   rot: anim
    51 1.164765 0.000000 0.000000 0.016659 0.092788 0.355088   # pos: anim   rot: anim
    52 1.206997 0.000000 0.000000 0.015880 0.090669 0.346594   # pos: pos   rot: anim
    53 3.202716 -1.851487 0.187593 0.000000 0.000000 0.000000   # pos: pos   rot: rot
end
